Copyright 1986-2022 Xilinx, Inc. All Rights Reserved. Copyright 2022-2026 Advanced Micro Devices, Inc. All Rights Reserved.
-----------------------------------------------------------------------------------------------------------------------------------------------------------
| Tool Version : Vivado v.2026.1 (win64) Build 6511674 Tue Jun 16 11:02:23 MDT 2026
| Date         : Wed Aug 19 07:32:35 2026
| Host         : laptop-Quan running 64-bit major release  (build 9200)
| Command      : report_timing_summary -delay_type min_max -max_paths 10 -file D:/Jetking_sem4/SEM_4/arty-a7-online-lm/build/out/a7eam03e_timing_route.rpt
| Design       : arty_a7_eam03e_top
| Device       : 7a100t-csg324
| Speed File   : -1  PRODUCTION 1.23 2018-06-13
| Design State : Routed
-----------------------------------------------------------------------------------------------------------------------------------------------------------

Timing Summary Report

------------------------------------------------------------------------------------------------
| Timer Settings
| --------------
------------------------------------------------------------------------------------------------

  Enable Multi Corner Analysis               :  Yes
  Enable Pessimism Removal                   :  Yes
  Pessimism Removal Resolution               :  Nearest Common Node
  Enable Input Delay Default Clock           :  No
  Enable Preset / Clear Arcs                 :  No
  Disable Flight Delays                      :  No
  Ignore I/O Paths                           :  No
  Timing Early Launch at Borrowing Latches   :  No
  Borrow Time for Max Delay Exceptions       :  Yes
  Merge Timing Exceptions                    :  Yes
  Inter-SLR Compensation                     :  Conservative

  Corner  Analyze    Analyze    
  Name    Max Paths  Min Paths  
  ------  ---------  ---------  
  Slow    Yes        Yes        
  Fast    Yes        Yes        


------------------------------------------------------------------------------------------------
| Report Methodology
| ------------------
------------------------------------------------------------------------------------------------

No report available as report_methodology has not been run prior. Run report_methodology on the current design for the summary of methodology violations.



check_timing report

Table of Contents
-----------------
1. checking no_clock (0)
2. checking constant_clock (0)
3. checking pulse_width_clock (0)
4. checking unconstrained_internal_endpoints (0)
5. checking no_input_delay (2)
6. checking no_output_delay (5)
7. checking multiple_clock (0)
8. checking generated_clocks (0)
9. checking loops (0)
10. checking partial_input_delay (0)
11. checking partial_output_delay (0)
12. checking latch_loops (0)

1. checking no_clock (0)
------------------------
 There are 0 register/latch pins with no clock.


2. checking constant_clock (0)
------------------------------
 There are 0 register/latch pins with constant_clock.


3. checking pulse_width_clock (0)
---------------------------------
 There are 0 register/latch pins which need pulse_width check


4. checking unconstrained_internal_endpoints (0)
------------------------------------------------
 There are 0 pins that are not constrained for maximum delay.

 There are 0 pins that are not constrained for maximum delay due to constant clock.


5. checking no_input_delay (2)
------------------------------
 There is 1 input port with no input delay specified. (HIGH)

 There is 1 input port with no input delay but user has a false path constraint. (MEDIUM)


6. checking no_output_delay (5)
-------------------------------
 There are 5 ports with no output delay specified. (HIGH)

 There are 0 ports with no output delay but user has a false path constraint

 There are 0 ports with no output delay but with a timing clock defined on it or propagating through it


7. checking multiple_clock (0)
------------------------------
 There are 0 register/latch pins with multiple clocks.


8. checking generated_clocks (0)
--------------------------------
 There are 0 generated clocks that are not connected to a clock source.


9. checking loops (0)
---------------------
 There are 0 combinational loops in the design.


10. checking partial_input_delay (0)
------------------------------------
 There are 0 input ports with partial input delay specified.


11. checking partial_output_delay (0)
-------------------------------------
 There are 0 ports with partial output delay specified.


12. checking latch_loops (0)
----------------------------
 There are 0 combinational latch loops in the design through latch input



------------------------------------------------------------------------------------------------
| Design Timing Summary
| ---------------------
------------------------------------------------------------------------------------------------

    WNS(ns)      TNS(ns)  TNS Failing Endpoints  TNS Total Endpoints      WHS(ns)      THS(ns)  THS Failing Endpoints  THS Total Endpoints     WPWS(ns)     TPWS(ns)  TPWS Failing Endpoints  TPWS Total Endpoints  
    -------      -------  ---------------------  -------------------      -------      -------  ---------------------  -------------------     --------     --------  ----------------------  --------------------  
     -0.119       -0.407                      5                18838        0.064        0.000                      0                18838        3.750        0.000                       0                  7172  


Timing constraints are not met.


------------------------------------------------------------------------------------------------
| Clock Summary
| -------------
------------------------------------------------------------------------------------------------

Clock        Waveform(ns)       Period(ns)      Frequency(MHz)
-----        ------------       ----------      --------------
sys_clk_pin  {0.000 5.000}      10.000          100.000         


------------------------------------------------------------------------------------------------
| Intra Clock Table
| -----------------
------------------------------------------------------------------------------------------------

Clock             WNS(ns)      TNS(ns)  TNS Failing Endpoints  TNS Total Endpoints      WHS(ns)      THS(ns)  THS Failing Endpoints  THS Total Endpoints     WPWS(ns)     TPWS(ns)  TPWS Failing Endpoints  TPWS Total Endpoints  
-----             -------      -------  ---------------------  -------------------      -------      -------  ---------------------  -------------------     --------     --------  ----------------------  --------------------  
sys_clk_pin        -0.119       -0.407                      5                18838        0.064        0.000                      0                18838        3.750        0.000                       0                  7172  


------------------------------------------------------------------------------------------------
| Inter Clock Table
| -----------------
------------------------------------------------------------------------------------------------

From Clock    To Clock          WNS(ns)      TNS(ns)  TNS Failing Endpoints  TNS Total Endpoints      WHS(ns)      THS(ns)  THS Failing Endpoints  THS Total Endpoints  
----------    --------          -------      -------  ---------------------  -------------------      -------      -------  ---------------------  -------------------  


------------------------------------------------------------------------------------------------
| Other Path Groups Table
| -----------------------
------------------------------------------------------------------------------------------------

Path Group    From Clock    To Clock          WNS(ns)      TNS(ns)  TNS Failing Endpoints  TNS Total Endpoints      WHS(ns)      THS(ns)  THS Failing Endpoints  THS Total Endpoints  
----------    ----------    --------          -------      -------  ---------------------  -------------------      -------      -------  ---------------------  -------------------  


------------------------------------------------------------------------------------------------
| Timing Details
| --------------
------------------------------------------------------------------------------------------------


---------------------------------------------------------------------------------------------------
From Clock:  sys_clk_pin
  To Clock:  sys_clk_pin

Setup :            5  Failing Endpoints,  Worst Slack       -0.119ns,  Total Violation       -0.407ns
Hold  :            0  Failing Endpoints,  Worst Slack        0.064ns,  Total Violation        0.000ns
PW    :            0  Failing Endpoints,  Worst Slack        3.750ns,  Total Violation        0.000ns
---------------------------------------------------------------------------------------------------


Max Delay Paths
--------------------------------------------------------------------------------------
Slack (VIOLATED) :        -0.119ns  (required time - arrival time)
  Source:                 u_link/u_core/i_reg[1]_rep__3/C
                            (rising edge-triggered cell FDRE clocked by sys_clk_pin  {rise@0.000ns fall@5.000ns period=10.000ns})
  Destination:            u_link/u_core/d1_acc_reg[12]/D
                            (rising edge-triggered cell FDRE clocked by sys_clk_pin  {rise@0.000ns fall@5.000ns period=10.000ns})
  Path Group:             sys_clk_pin
  Path Type:              Setup (Max at Slow Process Corner)
  Requirement:            10.000ns  (sys_clk_pin rise@10.000ns - sys_clk_pin rise@0.000ns)
  Data Path Delay:        10.135ns  (logic 3.671ns (36.223%)  route 6.464ns (63.777%))
  Logic Levels:           13  (CARRY4=6 LUT1=1 LUT3=2 LUT4=1 LUT6=3)
  Clock Path Skew:        -0.028ns (DCD - SCD + CPR)
    Destination Clock Delay (DCD):    4.925ns = ( 14.925 - 10.000 ) 
    Source Clock Delay      (SCD):    5.212ns
    Clock Pessimism Removal (CPR):    0.259ns
  Clock Uncertainty:      0.035ns  ((TSJ^2 + TIJ^2)^1/2 + DJ) / 2 + PE
    Total System Jitter     (TSJ):    0.071ns
    Total Input Jitter      (TIJ):    0.000ns
    Discrete Jitter          (DJ):    0.000ns
    Phase Error              (PE):    0.000ns

    Location             Delay type                Incr(ns)  Path(ns)    Netlist Resource(s)
  -------------------------------------------------------------------    -------------------
                         (clock sys_clk_pin rise edge)
                                                      0.000     0.000 r  <hidden>
    E3                                                0.000     0.000 r  CLK100MHZ
                         net (fo=0)                   0.000     0.000    CLK100MHZ
    E3                   IBUF (Prop_ibuf_I_O)         1.482     1.482 r  CLK100MHZ_IBUF_inst/O
                         net (fo=1, routed)           2.025     3.506    CLK100MHZ_IBUF
    BUFGCTRL_X0Y16       BUFG (Prop_bufg_I_O)         0.096     3.602 r  CLK100MHZ_IBUF_BUFG_inst/O
                         net (fo=7171, routed)        1.610     5.212    u_link/u_core/CLK100MHZ_IBUF_BUFG
    SLICE_X9Y124         FDRE                                         r  u_link/u_core/i_reg[1]_rep__3/C
  -------------------------------------------------------------------    -------------------
    SLICE_X9Y124         FDRE (Prop_fdre_C_Q)         0.456     5.668 r  u_link/u_core/i_reg[1]_rep__3/Q
                         net (fo=80, routed)          1.517     7.186    u_link/u_core/i_reg[1]_rep__3_n_0
    SLICE_X10Y134        LUT6 (Prop_lut6_I2_O)        0.124     7.310 f  u_link/u_core/d1_acc[3]_i_203/O
                         net (fo=1, routed)           0.616     7.925    u_link/u_core/d1_acc[3]_i_203_n_0
    SLICE_X8Y134         LUT6 (Prop_lut6_I1_O)        0.124     8.049 r  u_link/u_core/d1_acc[3]_i_86/O
                         net (fo=1, routed)           1.087     9.136    u_link/u_core/d1_acc[3]_i_86_n_0
    SLICE_X12Y130        LUT4 (Prop_lut4_I1_O)        0.124     9.260 r  u_link/u_core/d1_acc[3]_i_36/O
                         net (fo=1, routed)           0.000     9.260    u_link/u_core/d1_acc[3]_i_36_n_0
    SLICE_X12Y130        CARRY4 (Prop_carry4_S[1]_CO[3])
                                                      0.533     9.793 r  u_link/u_core/d1_acc_reg[3]_i_16/CO[3]
                         net (fo=1, routed)           0.000     9.793    u_link/u_core/d1_acc_reg[3]_i_16_n_0
    SLICE_X12Y131        CARRY4 (Prop_carry4_CI_O[3])
                                                      0.315    10.108 f  u_link/u_core/d1_acc_reg[3]_i_9/O[3]
                         net (fo=2, routed)           0.729    10.837    u_link/u_core/x[7]
    SLICE_X11Y132        LUT1 (Prop_lut1_I0_O)        0.307    11.144 r  u_link/u_core/d1_acc[3]_i_13/O
                         net (fo=1, routed)           0.000    11.144    u_link/u_core/p_0_out[7]
    SLICE_X11Y132        CARRY4 (Prop_carry4_S[2]_CO[3])
                                                      0.398    11.542 r  u_link/u_core/d1_acc_reg[3]_i_7/CO[3]
                         net (fo=1, routed)           0.000    11.542    u_link/u_core/d1_acc_reg[3]_i_7_n_0
    SLICE_X11Y133        CARRY4 (Prop_carry4_CI_O[0])
                                                      0.222    11.764 r  u_link/u_core/d1_acc_reg[7]_i_7/O[0]
                         net (fo=1, routed)           0.597    12.361    u_link/u_core/e3_abs16_return0[9]
    SLICE_X13Y133        LUT3 (Prop_lut3_I0_O)        0.299    12.660 r  u_link/u_core/d1_acc[7]_i_10/O
                         net (fo=3, routed)           0.424    13.084    u_link/u_core/e3_abs16_return[9]
    SLICE_X15Y134        LUT6 (Prop_lut6_I3_O)        0.124    13.208 r  u_link/u_core/d1_acc[15]_i_13/O
                         net (fo=1, routed)           0.323    13.531    u_link/u_core/d1_acc[15]_i_13_n_0
    SLICE_X12Y134        CARRY4 (Prop_carry4_DI[2]_CO[3])
                                                      0.404    13.935 r  u_link/u_core/d1_acc_reg[15]_i_5/CO[3]
                         net (fo=1, routed)           0.000    13.935    u_link/u_core/d1_acc_reg[15]_i_5_n_0
    SLICE_X12Y135        CARRY4 (Prop_carry4_CI_CO[3])
                                                      0.117    14.052 r  u_link/u_core/d1_acc_reg[15]_i_4/CO[3]
                         net (fo=16, routed)          1.170    15.223    u_link/u_core/d1_acc2
    SLICE_X12Y136        LUT3 (Prop_lut3_I2_O)        0.124    15.347 r  u_link/u_core/d1_acc[12]_i_1/O
                         net (fo=1, routed)           0.000    15.347    u_link/u_core/p_2_in[12]
    SLICE_X12Y136        FDRE                                         r  u_link/u_core/d1_acc_reg[12]/D
  -------------------------------------------------------------------    -------------------

                         (clock sys_clk_pin rise edge)
                                                     10.000    10.000 r  <hidden>
    E3                                                0.000    10.000 r  CLK100MHZ
                         net (fo=0)                   0.000    10.000    CLK100MHZ
    E3                   IBUF (Prop_ibuf_I_O)         1.411    11.411 r  CLK100MHZ_IBUF_inst/O
                         net (fo=1, routed)           1.920    13.331    CLK100MHZ_IBUF
    BUFGCTRL_X0Y16       BUFG (Prop_bufg_I_O)         0.091    13.422 r  CLK100MHZ_IBUF_BUFG_inst/O
                         net (fo=7171, routed)        1.503    14.925    u_link/u_core/CLK100MHZ_IBUF_BUFG
    SLICE_X12Y136        FDRE                                         r  u_link/u_core/d1_acc_reg[12]/C
                         clock pessimism              0.259    15.184    <hidden>
                         clock uncertainty           -0.035    15.149    <hidden>
    SLICE_X12Y136        FDRE (Setup_fdre_C_D)        0.079    15.228    u_link/u_core/d1_acc_reg[12]
  -------------------------------------------------------------------
                         required time                         15.228    <hidden>
                         arrival time                         -15.347    <hidden>
  -------------------------------------------------------------------
                         slack                                 -0.119    <hidden>

Slack (VIOLATED) :        -0.109ns  (required time - arrival time)
  Source:                 u_link/u_core/i_reg[1]_rep__3/C
                            (rising edge-triggered cell FDRE clocked by sys_clk_pin  {rise@0.000ns fall@5.000ns period=10.000ns})
  Destination:            u_link/u_core/d1_acc_reg[14]/D
                            (rising edge-triggered cell FDRE clocked by sys_clk_pin  {rise@0.000ns fall@5.000ns period=10.000ns})
  Path Group:             sys_clk_pin
  Path Type:              Setup (Max at Slow Process Corner)
  Requirement:            10.000ns  (sys_clk_pin rise@10.000ns - sys_clk_pin rise@0.000ns)
  Data Path Delay:        10.164ns  (logic 3.700ns (36.405%)  route 6.464ns (63.595%))
  Logic Levels:           13  (CARRY4=6 LUT1=1 LUT3=2 LUT4=1 LUT6=3)
  Clock Path Skew:        -0.028ns (DCD - SCD + CPR)
    Destination Clock Delay (DCD):    4.925ns = ( 14.925 - 10.000 ) 
    Source Clock Delay      (SCD):    5.212ns
    Clock Pessimism Removal (CPR):    0.259ns
  Clock Uncertainty:      0.035ns  ((TSJ^2 + TIJ^2)^1/2 + DJ) / 2 + PE
    Total System Jitter     (TSJ):    0.071ns
    Total Input Jitter      (TIJ):    0.000ns
    Discrete Jitter          (DJ):    0.000ns
    Phase Error              (PE):    0.000ns

    Location             Delay type                Incr(ns)  Path(ns)    Netlist Resource(s)
  -------------------------------------------------------------------    -------------------
                         (clock sys_clk_pin rise edge)
                                                      0.000     0.000 r  <hidden>
    E3                                                0.000     0.000 r  CLK100MHZ
                         net (fo=0)                   0.000     0.000    CLK100MHZ
    E3                   IBUF (Prop_ibuf_I_O)         1.482     1.482 r  CLK100MHZ_IBUF_inst/O
                         net (fo=1, routed)           2.025     3.506    CLK100MHZ_IBUF
    BUFGCTRL_X0Y16       BUFG (Prop_bufg_I_O)         0.096     3.602 r  CLK100MHZ_IBUF_BUFG_inst/O
                         net (fo=7171, routed)        1.610     5.212    u_link/u_core/CLK100MHZ_IBUF_BUFG
    SLICE_X9Y124         FDRE                                         r  u_link/u_core/i_reg[1]_rep__3/C
  -------------------------------------------------------------------    -------------------
    SLICE_X9Y124         FDRE (Prop_fdre_C_Q)         0.456     5.668 r  u_link/u_core/i_reg[1]_rep__3/Q
                         net (fo=80, routed)          1.517     7.186    u_link/u_core/i_reg[1]_rep__3_n_0
    SLICE_X10Y134        LUT6 (Prop_lut6_I2_O)        0.124     7.310 f  u_link/u_core/d1_acc[3]_i_203/O
                         net (fo=1, routed)           0.616     7.925    u_link/u_core/d1_acc[3]_i_203_n_0
    SLICE_X8Y134         LUT6 (Prop_lut6_I1_O)        0.124     8.049 r  u_link/u_core/d1_acc[3]_i_86/O
                         net (fo=1, routed)           1.087     9.136    u_link/u_core/d1_acc[3]_i_86_n_0
    SLICE_X12Y130        LUT4 (Prop_lut4_I1_O)        0.124     9.260 r  u_link/u_core/d1_acc[3]_i_36/O
                         net (fo=1, routed)           0.000     9.260    u_link/u_core/d1_acc[3]_i_36_n_0
    SLICE_X12Y130        CARRY4 (Prop_carry4_S[1]_CO[3])
                                                      0.533     9.793 r  u_link/u_core/d1_acc_reg[3]_i_16/CO[3]
                         net (fo=1, routed)           0.000     9.793    u_link/u_core/d1_acc_reg[3]_i_16_n_0
    SLICE_X12Y131        CARRY4 (Prop_carry4_CI_O[3])
                                                      0.315    10.108 f  u_link/u_core/d1_acc_reg[3]_i_9/O[3]
                         net (fo=2, routed)           0.729    10.837    u_link/u_core/x[7]
    SLICE_X11Y132        LUT1 (Prop_lut1_I0_O)        0.307    11.144 r  u_link/u_core/d1_acc[3]_i_13/O
                         net (fo=1, routed)           0.000    11.144    u_link/u_core/p_0_out[7]
    SLICE_X11Y132        CARRY4 (Prop_carry4_S[2]_CO[3])
                                                      0.398    11.542 r  u_link/u_core/d1_acc_reg[3]_i_7/CO[3]
                         net (fo=1, routed)           0.000    11.542    u_link/u_core/d1_acc_reg[3]_i_7_n_0
    SLICE_X11Y133        CARRY4 (Prop_carry4_CI_O[0])
                                                      0.222    11.764 r  u_link/u_core/d1_acc_reg[7]_i_7/O[0]
                         net (fo=1, routed)           0.597    12.361    u_link/u_core/e3_abs16_return0[9]
    SLICE_X13Y133        LUT3 (Prop_lut3_I0_O)        0.299    12.660 r  u_link/u_core/d1_acc[7]_i_10/O
                         net (fo=3, routed)           0.424    13.084    u_link/u_core/e3_abs16_return[9]
    SLICE_X15Y134        LUT6 (Prop_lut6_I3_O)        0.124    13.208 r  u_link/u_core/d1_acc[15]_i_13/O
                         net (fo=1, routed)           0.323    13.531    u_link/u_core/d1_acc[15]_i_13_n_0
    SLICE_X12Y134        CARRY4 (Prop_carry4_DI[2]_CO[3])
                                                      0.404    13.935 r  u_link/u_core/d1_acc_reg[15]_i_5/CO[3]
                         net (fo=1, routed)           0.000    13.935    u_link/u_core/d1_acc_reg[15]_i_5_n_0
    SLICE_X12Y135        CARRY4 (Prop_carry4_CI_CO[3])
                                                      0.117    14.052 r  u_link/u_core/d1_acc_reg[15]_i_4/CO[3]
                         net (fo=16, routed)          1.170    15.223    u_link/u_core/d1_acc2
    SLICE_X12Y136        LUT3 (Prop_lut3_I2_O)        0.153    15.376 r  u_link/u_core/d1_acc[14]_i_1/O
                         net (fo=1, routed)           0.000    15.376    u_link/u_core/p_2_in[14]
    SLICE_X12Y136        FDRE                                         r  u_link/u_core/d1_acc_reg[14]/D
  -------------------------------------------------------------------    -------------------

                         (clock sys_clk_pin rise edge)
                                                     10.000    10.000 r  <hidden>
    E3                                                0.000    10.000 r  CLK100MHZ
                         net (fo=0)                   0.000    10.000    CLK100MHZ
    E3                   IBUF (Prop_ibuf_I_O)         1.411    11.411 r  CLK100MHZ_IBUF_inst/O
                         net (fo=1, routed)           1.920    13.331    CLK100MHZ_IBUF
    BUFGCTRL_X0Y16       BUFG (Prop_bufg_I_O)         0.091    13.422 r  CLK100MHZ_IBUF_BUFG_inst/O
                         net (fo=7171, routed)        1.503    14.925    u_link/u_core/CLK100MHZ_IBUF_BUFG
    SLICE_X12Y136        FDRE                                         r  u_link/u_core/d1_acc_reg[14]/C
                         clock pessimism              0.259    15.184    <hidden>
                         clock uncertainty           -0.035    15.149    <hidden>
    SLICE_X12Y136        FDRE (Setup_fdre_C_D)        0.118    15.267    u_link/u_core/d1_acc_reg[14]
  -------------------------------------------------------------------
                         required time                         15.267    <hidden>
                         arrival time                         -15.376    <hidden>
  -------------------------------------------------------------------
                         slack                                 -0.109    <hidden>

Slack (VIOLATED) :        -0.072ns  (required time - arrival time)
  Source:                 u_link/u_core/i_reg[1]_rep__3/C
                            (rising edge-triggered cell FDRE clocked by sys_clk_pin  {rise@0.000ns fall@5.000ns period=10.000ns})
  Destination:            u_link/u_core/d1_acc_reg[13]/D
                            (rising edge-triggered cell FDRE clocked by sys_clk_pin  {rise@0.000ns fall@5.000ns period=10.000ns})
  Path Group:             sys_clk_pin
  Path Type:              Setup (Max at Slow Process Corner)
  Requirement:            10.000ns  (sys_clk_pin rise@10.000ns - sys_clk_pin rise@0.000ns)
  Data Path Delay:        10.041ns  (logic 4.309ns (42.912%)  route 5.732ns (57.088%))
  Logic Levels:           14  (CARRY4=7 LUT1=1 LUT2=1 LUT3=2 LUT4=1 LUT6=2)
  Clock Path Skew:        -0.026ns (DCD - SCD + CPR)
    Destination Clock Delay (DCD):    4.927ns = ( 14.927 - 10.000 ) 
    Source Clock Delay      (SCD):    5.212ns
    Clock Pessimism Removal (CPR):    0.259ns
  Clock Uncertainty:      0.035ns  ((TSJ^2 + TIJ^2)^1/2 + DJ) / 2 + PE
    Total System Jitter     (TSJ):    0.071ns
    Total Input Jitter      (TIJ):    0.000ns
    Discrete Jitter          (DJ):    0.000ns
    Phase Error              (PE):    0.000ns

    Location             Delay type                Incr(ns)  Path(ns)    Netlist Resource(s)
  -------------------------------------------------------------------    -------------------
                         (clock sys_clk_pin rise edge)
                                                      0.000     0.000 r  <hidden>
    E3                                                0.000     0.000 r  CLK100MHZ
                         net (fo=0)                   0.000     0.000    CLK100MHZ
    E3                   IBUF (Prop_ibuf_I_O)         1.482     1.482 r  CLK100MHZ_IBUF_inst/O
                         net (fo=1, routed)           2.025     3.506    CLK100MHZ_IBUF
    BUFGCTRL_X0Y16       BUFG (Prop_bufg_I_O)         0.096     3.602 r  CLK100MHZ_IBUF_BUFG_inst/O
                         net (fo=7171, routed)        1.610     5.212    u_link/u_core/CLK100MHZ_IBUF_BUFG
    SLICE_X9Y124         FDRE                                         r  u_link/u_core/i_reg[1]_rep__3/C
  -------------------------------------------------------------------    -------------------
    SLICE_X9Y124         FDRE (Prop_fdre_C_Q)         0.456     5.668 r  u_link/u_core/i_reg[1]_rep__3/Q
                         net (fo=80, routed)          1.517     7.186    u_link/u_core/i_reg[1]_rep__3_n_0
    SLICE_X10Y134        LUT6 (Prop_lut6_I2_O)        0.124     7.310 f  u_link/u_core/d1_acc[3]_i_203/O
                         net (fo=1, routed)           0.616     7.925    u_link/u_core/d1_acc[3]_i_203_n_0
    SLICE_X8Y134         LUT6 (Prop_lut6_I1_O)        0.124     8.049 r  u_link/u_core/d1_acc[3]_i_86/O
                         net (fo=1, routed)           1.087     9.136    u_link/u_core/d1_acc[3]_i_86_n_0
    SLICE_X12Y130        LUT4 (Prop_lut4_I1_O)        0.124     9.260 r  u_link/u_core/d1_acc[3]_i_36/O
                         net (fo=1, routed)           0.000     9.260    u_link/u_core/d1_acc[3]_i_36_n_0
    SLICE_X12Y130        CARRY4 (Prop_carry4_S[1]_CO[3])
                                                      0.533     9.793 r  u_link/u_core/d1_acc_reg[3]_i_16/CO[3]
                         net (fo=1, routed)           0.000     9.793    u_link/u_core/d1_acc_reg[3]_i_16_n_0
    SLICE_X12Y131        CARRY4 (Prop_carry4_CI_O[3])
                                                      0.315    10.108 f  u_link/u_core/d1_acc_reg[3]_i_9/O[3]
                         net (fo=2, routed)           0.729    10.837    u_link/u_core/x[7]
    SLICE_X11Y132        LUT1 (Prop_lut1_I0_O)        0.307    11.144 r  u_link/u_core/d1_acc[3]_i_13/O
                         net (fo=1, routed)           0.000    11.144    u_link/u_core/p_0_out[7]
    SLICE_X11Y132        CARRY4 (Prop_carry4_S[2]_CO[3])
                                                      0.398    11.542 r  u_link/u_core/d1_acc_reg[3]_i_7/CO[3]
                         net (fo=1, routed)           0.000    11.542    u_link/u_core/d1_acc_reg[3]_i_7_n_0
    SLICE_X11Y133        CARRY4 (Prop_carry4_CI_O[0])
                                                      0.222    11.764 r  u_link/u_core/d1_acc_reg[7]_i_7/O[0]
                         net (fo=1, routed)           0.597    12.361    u_link/u_core/e3_abs16_return0[9]
    SLICE_X13Y133        LUT3 (Prop_lut3_I0_O)        0.299    12.660 r  u_link/u_core/d1_acc[7]_i_10/O
                         net (fo=3, routed)           0.563    13.223    u_link/u_core/e3_abs16_return[9]
    SLICE_X13Y135        LUT2 (Prop_lut2_I1_O)        0.124    13.347 r  u_link/u_core/d1_acc[7]_i_6/O
                         net (fo=1, routed)           0.000    13.347    u_link/u_core/d1_acc[7]_i_6_n_0
    SLICE_X13Y135        CARRY4 (Prop_carry4_S[0]_CO[3])
                                                      0.532    13.879 r  u_link/u_core/d1_acc_reg[7]_i_2/CO[3]
                         net (fo=1, routed)           0.000    13.879    u_link/u_core/d1_acc_reg[7]_i_2_n_0
    SLICE_X13Y136        CARRY4 (Prop_carry4_CI_CO[3])
                                                      0.114    13.993 r  u_link/u_core/d1_acc_reg[11]_i_2/CO[3]
                         net (fo=1, routed)           0.000    13.993    u_link/u_core/d1_acc_reg[11]_i_2_n_0
    SLICE_X13Y137        CARRY4 (Prop_carry4_CI_O[1])
                                                      0.334    14.327 r  u_link/u_core/d1_acc_reg[15]_i_3/O[1]
                         net (fo=1, routed)           0.624    14.951    u_link/u_core/d1_acc1[13]
    SLICE_X13Y138        LUT3 (Prop_lut3_I1_O)        0.303    15.254 r  u_link/u_core/d1_acc[13]_i_1/O
                         net (fo=1, routed)           0.000    15.254    u_link/u_core/p_2_in[13]
    SLICE_X13Y138        FDRE                                         r  u_link/u_core/d1_acc_reg[13]/D
  -------------------------------------------------------------------    -------------------

                         (clock sys_clk_pin rise edge)
                                                     10.000    10.000 r  <hidden>
    E3                                                0.000    10.000 r  CLK100MHZ
                         net (fo=0)                   0.000    10.000    CLK100MHZ
    E3                   IBUF (Prop_ibuf_I_O)         1.411    11.411 r  CLK100MHZ_IBUF_inst/O
                         net (fo=1, routed)           1.920    13.331    CLK100MHZ_IBUF
    BUFGCTRL_X0Y16       BUFG (Prop_bufg_I_O)         0.091    13.422 r  CLK100MHZ_IBUF_BUFG_inst/O
                         net (fo=7171, routed)        1.505    14.927    u_link/u_core/CLK100MHZ_IBUF_BUFG
    SLICE_X13Y138        FDRE                                         r  u_link/u_core/d1_acc_reg[13]/C
                         clock pessimism              0.259    15.186    <hidden>
                         clock uncertainty           -0.035    15.151    <hidden>
    SLICE_X13Y138        FDRE (Setup_fdre_C_D)        0.031    15.182    u_link/u_core/d1_acc_reg[13]
  -------------------------------------------------------------------
                         required time                         15.182    <hidden>
                         arrival time                         -15.254    <hidden>
  -------------------------------------------------------------------
                         slack                                 -0.072    <hidden>

Slack (VIOLATED) :        -0.056ns  (required time - arrival time)
  Source:                 u_link/u_core/i_reg[1]_rep__3/C
                            (rising edge-triggered cell FDRE clocked by sys_clk_pin  {rise@0.000ns fall@5.000ns period=10.000ns})
  Destination:            u_link/u_core/d1_acc_reg[15]/D
                            (rising edge-triggered cell FDRE clocked by sys_clk_pin  {rise@0.000ns fall@5.000ns period=10.000ns})
  Path Group:             sys_clk_pin
  Path Type:              Setup (Max at Slow Process Corner)
  Requirement:            10.000ns  (sys_clk_pin rise@10.000ns - sys_clk_pin rise@0.000ns)
  Data Path Delay:        10.069ns  (logic 4.319ns (42.893%)  route 5.750ns (57.107%))
  Logic Levels:           14  (CARRY4=7 LUT1=1 LUT2=1 LUT3=2 LUT4=1 LUT6=2)
  Clock Path Skew:        -0.026ns (DCD - SCD + CPR)
    Destination Clock Delay (DCD):    4.927ns = ( 14.927 - 10.000 ) 
    Source Clock Delay      (SCD):    5.212ns
    Clock Pessimism Removal (CPR):    0.259ns
  Clock Uncertainty:      0.035ns  ((TSJ^2 + TIJ^2)^1/2 + DJ) / 2 + PE
    Total System Jitter     (TSJ):    0.071ns
    Total Input Jitter      (TIJ):    0.000ns
    Discrete Jitter          (DJ):    0.000ns
    Phase Error              (PE):    0.000ns

    Location             Delay type                Incr(ns)  Path(ns)    Netlist Resource(s)
  -------------------------------------------------------------------    -------------------
                         (clock sys_clk_pin rise edge)
                                                      0.000     0.000 r  <hidden>
    E3                                                0.000     0.000 r  CLK100MHZ
                         net (fo=0)                   0.000     0.000    CLK100MHZ
    E3                   IBUF (Prop_ibuf_I_O)         1.482     1.482 r  CLK100MHZ_IBUF_inst/O
                         net (fo=1, routed)           2.025     3.506    CLK100MHZ_IBUF
    BUFGCTRL_X0Y16       BUFG (Prop_bufg_I_O)         0.096     3.602 r  CLK100MHZ_IBUF_BUFG_inst/O
                         net (fo=7171, routed)        1.610     5.212    u_link/u_core/CLK100MHZ_IBUF_BUFG
    SLICE_X9Y124         FDRE                                         r  u_link/u_core/i_reg[1]_rep__3/C
  -------------------------------------------------------------------    -------------------
    SLICE_X9Y124         FDRE (Prop_fdre_C_Q)         0.456     5.668 r  u_link/u_core/i_reg[1]_rep__3/Q
                         net (fo=80, routed)          1.517     7.186    u_link/u_core/i_reg[1]_rep__3_n_0
    SLICE_X10Y134        LUT6 (Prop_lut6_I2_O)        0.124     7.310 f  u_link/u_core/d1_acc[3]_i_203/O
                         net (fo=1, routed)           0.616     7.925    u_link/u_core/d1_acc[3]_i_203_n_0
    SLICE_X8Y134         LUT6 (Prop_lut6_I1_O)        0.124     8.049 r  u_link/u_core/d1_acc[3]_i_86/O
                         net (fo=1, routed)           1.087     9.136    u_link/u_core/d1_acc[3]_i_86_n_0
    SLICE_X12Y130        LUT4 (Prop_lut4_I1_O)        0.124     9.260 r  u_link/u_core/d1_acc[3]_i_36/O
                         net (fo=1, routed)           0.000     9.260    u_link/u_core/d1_acc[3]_i_36_n_0
    SLICE_X12Y130        CARRY4 (Prop_carry4_S[1]_CO[3])
                                                      0.533     9.793 r  u_link/u_core/d1_acc_reg[3]_i_16/CO[3]
                         net (fo=1, routed)           0.000     9.793    u_link/u_core/d1_acc_reg[3]_i_16_n_0
    SLICE_X12Y131        CARRY4 (Prop_carry4_CI_O[3])
                                                      0.315    10.108 f  u_link/u_core/d1_acc_reg[3]_i_9/O[3]
                         net (fo=2, routed)           0.729    10.837    u_link/u_core/x[7]
    SLICE_X11Y132        LUT1 (Prop_lut1_I0_O)        0.307    11.144 r  u_link/u_core/d1_acc[3]_i_13/O
                         net (fo=1, routed)           0.000    11.144    u_link/u_core/p_0_out[7]
    SLICE_X11Y132        CARRY4 (Prop_carry4_S[2]_CO[3])
                                                      0.398    11.542 r  u_link/u_core/d1_acc_reg[3]_i_7/CO[3]
                         net (fo=1, routed)           0.000    11.542    u_link/u_core/d1_acc_reg[3]_i_7_n_0
    SLICE_X11Y133        CARRY4 (Prop_carry4_CI_O[0])
                                                      0.222    11.764 r  u_link/u_core/d1_acc_reg[7]_i_7/O[0]
                         net (fo=1, routed)           0.597    12.361    u_link/u_core/e3_abs16_return0[9]
    SLICE_X13Y133        LUT3 (Prop_lut3_I0_O)        0.299    12.660 r  u_link/u_core/d1_acc[7]_i_10/O
                         net (fo=3, routed)           0.563    13.223    u_link/u_core/e3_abs16_return[9]
    SLICE_X13Y135        LUT2 (Prop_lut2_I1_O)        0.124    13.347 r  u_link/u_core/d1_acc[7]_i_6/O
                         net (fo=1, routed)           0.000    13.347    u_link/u_core/d1_acc[7]_i_6_n_0
    SLICE_X13Y135        CARRY4 (Prop_carry4_S[0]_CO[3])
                                                      0.532    13.879 r  u_link/u_core/d1_acc_reg[7]_i_2/CO[3]
                         net (fo=1, routed)           0.000    13.879    u_link/u_core/d1_acc_reg[7]_i_2_n_0
    SLICE_X13Y136        CARRY4 (Prop_carry4_CI_CO[3])
                                                      0.114    13.993 r  u_link/u_core/d1_acc_reg[11]_i_2/CO[3]
                         net (fo=1, routed)           0.000    13.993    u_link/u_core/d1_acc_reg[11]_i_2_n_0
    SLICE_X13Y137        CARRY4 (Prop_carry4_CI_O[3])
                                                      0.313    14.306 r  u_link/u_core/d1_acc_reg[15]_i_3/O[3]
                         net (fo=1, routed)           0.642    14.948    u_link/u_core/d1_acc1[15]
    SLICE_X13Y138        LUT3 (Prop_lut3_I1_O)        0.334    15.282 r  u_link/u_core/d1_acc[15]_i_2/O
                         net (fo=1, routed)           0.000    15.282    u_link/u_core/p_2_in[15]
    SLICE_X13Y138        FDRE                                         r  u_link/u_core/d1_acc_reg[15]/D
  -------------------------------------------------------------------    -------------------

                         (clock sys_clk_pin rise edge)
                                                     10.000    10.000 r  <hidden>
    E3                                                0.000    10.000 r  CLK100MHZ
                         net (fo=0)                   0.000    10.000    CLK100MHZ
    E3                   IBUF (Prop_ibuf_I_O)         1.411    11.411 r  CLK100MHZ_IBUF_inst/O
                         net (fo=1, routed)           1.920    13.331    CLK100MHZ_IBUF
    BUFGCTRL_X0Y16       BUFG (Prop_bufg_I_O)         0.091    13.422 r  CLK100MHZ_IBUF_BUFG_inst/O
                         net (fo=7171, routed)        1.505    14.927    u_link/u_core/CLK100MHZ_IBUF_BUFG
    SLICE_X13Y138        FDRE                                         r  u_link/u_core/d1_acc_reg[15]/C
                         clock pessimism              0.259    15.186    <hidden>
                         clock uncertainty           -0.035    15.151    <hidden>
    SLICE_X13Y138        FDRE (Setup_fdre_C_D)        0.075    15.226    u_link/u_core/d1_acc_reg[15]
  -------------------------------------------------------------------
                         required time                         15.226    <hidden>
                         arrival time                         -15.282    <hidden>
  -------------------------------------------------------------------
                         slack                                 -0.056    <hidden>

Slack (VIOLATED) :        -0.052ns  (required time - arrival time)
  Source:                 u_link/u_core/i_reg[1]_rep__3/C
                            (rising edge-triggered cell FDRE clocked by sys_clk_pin  {rise@0.000ns fall@5.000ns period=10.000ns})
  Destination:            u_link/u_core/d1_acc_reg[11]/D
                            (rising edge-triggered cell FDRE clocked by sys_clk_pin  {rise@0.000ns fall@5.000ns period=10.000ns})
  Path Group:             sys_clk_pin
  Path Type:              Setup (Max at Slow Process Corner)
  Requirement:            10.000ns  (sys_clk_pin rise@10.000ns - sys_clk_pin rise@0.000ns)
  Data Path Delay:        10.070ns  (logic 4.177ns (41.480%)  route 5.893ns (58.520%))
  Logic Levels:           13  (CARRY4=6 LUT1=1 LUT2=1 LUT3=2 LUT4=1 LUT6=2)
  Clock Path Skew:        -0.026ns (DCD - SCD + CPR)
    Destination Clock Delay (DCD):    4.927ns = ( 14.927 - 10.000 ) 
    Source Clock Delay      (SCD):    5.212ns
    Clock Pessimism Removal (CPR):    0.259ns
  Clock Uncertainty:      0.035ns  ((TSJ^2 + TIJ^2)^1/2 + DJ) / 2 + PE
    Total System Jitter     (TSJ):    0.071ns
    Total Input Jitter      (TIJ):    0.000ns
    Discrete Jitter          (DJ):    0.000ns
    Phase Error              (PE):    0.000ns

    Location             Delay type                Incr(ns)  Path(ns)    Netlist Resource(s)
  -------------------------------------------------------------------    -------------------
                         (clock sys_clk_pin rise edge)
                                                      0.000     0.000 r  <hidden>
    E3                                                0.000     0.000 r  CLK100MHZ
                         net (fo=0)                   0.000     0.000    CLK100MHZ
    E3                   IBUF (Prop_ibuf_I_O)         1.482     1.482 r  CLK100MHZ_IBUF_inst/O
                         net (fo=1, routed)           2.025     3.506    CLK100MHZ_IBUF
    BUFGCTRL_X0Y16       BUFG (Prop_bufg_I_O)         0.096     3.602 r  CLK100MHZ_IBUF_BUFG_inst/O
                         net (fo=7171, routed)        1.610     5.212    u_link/u_core/CLK100MHZ_IBUF_BUFG
    SLICE_X9Y124         FDRE                                         r  u_link/u_core/i_reg[1]_rep__3/C
  -------------------------------------------------------------------    -------------------
    SLICE_X9Y124         FDRE (Prop_fdre_C_Q)         0.456     5.668 r  u_link/u_core/i_reg[1]_rep__3/Q
                         net (fo=80, routed)          1.517     7.186    u_link/u_core/i_reg[1]_rep__3_n_0
    SLICE_X10Y134        LUT6 (Prop_lut6_I2_O)        0.124     7.310 f  u_link/u_core/d1_acc[3]_i_203/O
                         net (fo=1, routed)           0.616     7.925    u_link/u_core/d1_acc[3]_i_203_n_0
    SLICE_X8Y134         LUT6 (Prop_lut6_I1_O)        0.124     8.049 r  u_link/u_core/d1_acc[3]_i_86/O
                         net (fo=1, routed)           1.087     9.136    u_link/u_core/d1_acc[3]_i_86_n_0
    SLICE_X12Y130        LUT4 (Prop_lut4_I1_O)        0.124     9.260 r  u_link/u_core/d1_acc[3]_i_36/O
                         net (fo=1, routed)           0.000     9.260    u_link/u_core/d1_acc[3]_i_36_n_0
    SLICE_X12Y130        CARRY4 (Prop_carry4_S[1]_CO[3])
                                                      0.533     9.793 r  u_link/u_core/d1_acc_reg[3]_i_16/CO[3]
                         net (fo=1, routed)           0.000     9.793    u_link/u_core/d1_acc_reg[3]_i_16_n_0
    SLICE_X12Y131        CARRY4 (Prop_carry4_CI_O[3])
                                                      0.315    10.108 f  u_link/u_core/d1_acc_reg[3]_i_9/O[3]
                         net (fo=2, routed)           0.729    10.837    u_link/u_core/x[7]
    SLICE_X11Y132        LUT1 (Prop_lut1_I0_O)        0.307    11.144 r  u_link/u_core/d1_acc[3]_i_13/O
                         net (fo=1, routed)           0.000    11.144    u_link/u_core/p_0_out[7]
    SLICE_X11Y132        CARRY4 (Prop_carry4_S[2]_CO[3])
                                                      0.398    11.542 r  u_link/u_core/d1_acc_reg[3]_i_7/CO[3]
                         net (fo=1, routed)           0.000    11.542    u_link/u_core/d1_acc_reg[3]_i_7_n_0
    SLICE_X11Y133        CARRY4 (Prop_carry4_CI_O[0])
                                                      0.222    11.764 r  u_link/u_core/d1_acc_reg[7]_i_7/O[0]
                         net (fo=1, routed)           0.597    12.361    u_link/u_core/e3_abs16_return0[9]
    SLICE_X13Y133        LUT3 (Prop_lut3_I0_O)        0.299    12.660 r  u_link/u_core/d1_acc[7]_i_10/O
                         net (fo=3, routed)           0.563    13.223    u_link/u_core/e3_abs16_return[9]
    SLICE_X13Y135        LUT2 (Prop_lut2_I1_O)        0.124    13.347 r  u_link/u_core/d1_acc[7]_i_6/O
                         net (fo=1, routed)           0.000    13.347    u_link/u_core/d1_acc[7]_i_6_n_0
    SLICE_X13Y135        CARRY4 (Prop_carry4_S[0]_CO[3])
                                                      0.532    13.879 r  u_link/u_core/d1_acc_reg[7]_i_2/CO[3]
                         net (fo=1, routed)           0.000    13.879    u_link/u_core/d1_acc_reg[7]_i_2_n_0
    SLICE_X13Y136        CARRY4 (Prop_carry4_CI_O[3])
                                                      0.313    14.192 r  u_link/u_core/d1_acc_reg[11]_i_2/O[3]
                         net (fo=1, routed)           0.784    14.976    u_link/u_core/d1_acc1[11]
    SLICE_X12Y138        LUT3 (Prop_lut3_I1_O)        0.306    15.282 r  u_link/u_core/d1_acc[11]_i_1/O
                         net (fo=1, routed)           0.000    15.282    u_link/u_core/p_2_in[11]
    SLICE_X12Y138        FDRE                                         r  u_link/u_core/d1_acc_reg[11]/D
  -------------------------------------------------------------------    -------------------

                         (clock sys_clk_pin rise edge)
                                                     10.000    10.000 r  <hidden>
    E3                                                0.000    10.000 r  CLK100MHZ
                         net (fo=0)                   0.000    10.000    CLK100MHZ
    E3                   IBUF (Prop_ibuf_I_O)         1.411    11.411 r  CLK100MHZ_IBUF_inst/O
                         net (fo=1, routed)           1.920    13.331    CLK100MHZ_IBUF
    BUFGCTRL_X0Y16       BUFG (Prop_bufg_I_O)         0.091    13.422 r  CLK100MHZ_IBUF_BUFG_inst/O
                         net (fo=7171, routed)        1.505    14.927    u_link/u_core/CLK100MHZ_IBUF_BUFG
    SLICE_X12Y138        FDRE                                         r  u_link/u_core/d1_acc_reg[11]/C
                         clock pessimism              0.259    15.186    <hidden>
                         clock uncertainty           -0.035    15.151    <hidden>
    SLICE_X12Y138        FDRE (Setup_fdre_C_D)        0.079    15.230    u_link/u_core/d1_acc_reg[11]
  -------------------------------------------------------------------
                         required time                         15.230    <hidden>
                         arrival time                         -15.282    <hidden>
  -------------------------------------------------------------------
                         slack                                 -0.052    <hidden>

Slack (MET) :             0.023ns  (required time - arrival time)
  Source:                 u_link/u_core/i_reg[1]_rep__3/C
                            (rising edge-triggered cell FDRE clocked by sys_clk_pin  {rise@0.000ns fall@5.000ns period=10.000ns})
  Destination:            u_link/u_core/d1_acc_reg[9]/D
                            (rising edge-triggered cell FDRE clocked by sys_clk_pin  {rise@0.000ns fall@5.000ns period=10.000ns})
  Path Group:             sys_clk_pin
  Path Type:              Setup (Max at Slow Process Corner)
  Requirement:            10.000ns  (sys_clk_pin rise@10.000ns - sys_clk_pin rise@0.000ns)
  Data Path Delay:        10.033ns  (logic 3.664ns (36.518%)  route 6.369ns (63.482%))
  Logic Levels:           13  (CARRY4=6 LUT1=1 LUT3=2 LUT4=1 LUT6=3)
  Clock Path Skew:        -0.026ns (DCD - SCD + CPR)
    Destination Clock Delay (DCD):    4.927ns = ( 14.927 - 10.000 ) 
    Source Clock Delay      (SCD):    5.212ns
    Clock Pessimism Removal (CPR):    0.259ns
  Clock Uncertainty:      0.035ns  ((TSJ^2 + TIJ^2)^1/2 + DJ) / 2 + PE
    Total System Jitter     (TSJ):    0.071ns
    Total Input Jitter      (TIJ):    0.000ns
    Discrete Jitter          (DJ):    0.000ns
    Phase Error              (PE):    0.000ns

    Location             Delay type                Incr(ns)  Path(ns)    Netlist Resource(s)
  -------------------------------------------------------------------    -------------------
                         (clock sys_clk_pin rise edge)
                                                      0.000     0.000 r  <hidden>
    E3                                                0.000     0.000 r  CLK100MHZ
                         net (fo=0)                   0.000     0.000    CLK100MHZ
    E3                   IBUF (Prop_ibuf_I_O)         1.482     1.482 r  CLK100MHZ_IBUF_inst/O
                         net (fo=1, routed)           2.025     3.506    CLK100MHZ_IBUF
    BUFGCTRL_X0Y16       BUFG (Prop_bufg_I_O)         0.096     3.602 r  CLK100MHZ_IBUF_BUFG_inst/O
                         net (fo=7171, routed)        1.610     5.212    u_link/u_core/CLK100MHZ_IBUF_BUFG
    SLICE_X9Y124         FDRE                                         r  u_link/u_core/i_reg[1]_rep__3/C
  -------------------------------------------------------------------    -------------------
    SLICE_X9Y124         FDRE (Prop_fdre_C_Q)         0.456     5.668 r  u_link/u_core/i_reg[1]_rep__3/Q
                         net (fo=80, routed)          1.517     7.186    u_link/u_core/i_reg[1]_rep__3_n_0
    SLICE_X10Y134        LUT6 (Prop_lut6_I2_O)        0.124     7.310 f  u_link/u_core/d1_acc[3]_i_203/O
                         net (fo=1, routed)           0.616     7.925    u_link/u_core/d1_acc[3]_i_203_n_0
    SLICE_X8Y134         LUT6 (Prop_lut6_I1_O)        0.124     8.049 r  u_link/u_core/d1_acc[3]_i_86/O
                         net (fo=1, routed)           1.087     9.136    u_link/u_core/d1_acc[3]_i_86_n_0
    SLICE_X12Y130        LUT4 (Prop_lut4_I1_O)        0.124     9.260 r  u_link/u_core/d1_acc[3]_i_36/O
                         net (fo=1, routed)           0.000     9.260    u_link/u_core/d1_acc[3]_i_36_n_0
    SLICE_X12Y130        CARRY4 (Prop_carry4_S[1]_CO[3])
                                                      0.533     9.793 r  u_link/u_core/d1_acc_reg[3]_i_16/CO[3]
                         net (fo=1, routed)           0.000     9.793    u_link/u_core/d1_acc_reg[3]_i_16_n_0
    SLICE_X12Y131        CARRY4 (Prop_carry4_CI_O[3])
                                                      0.315    10.108 f  u_link/u_core/d1_acc_reg[3]_i_9/O[3]
                         net (fo=2, routed)           0.729    10.837    u_link/u_core/x[7]
    SLICE_X11Y132        LUT1 (Prop_lut1_I0_O)        0.307    11.144 r  u_link/u_core/d1_acc[3]_i_13/O
                         net (fo=1, routed)           0.000    11.144    u_link/u_core/p_0_out[7]
    SLICE_X11Y132        CARRY4 (Prop_carry4_S[2]_CO[3])
                                                      0.398    11.542 r  u_link/u_core/d1_acc_reg[3]_i_7/CO[3]
                         net (fo=1, routed)           0.000    11.542    u_link/u_core/d1_acc_reg[3]_i_7_n_0
    SLICE_X11Y133        CARRY4 (Prop_carry4_CI_O[0])
                                                      0.222    11.764 r  u_link/u_core/d1_acc_reg[7]_i_7/O[0]
                         net (fo=1, routed)           0.597    12.361    u_link/u_core/e3_abs16_return0[9]
    SLICE_X13Y133        LUT3 (Prop_lut3_I0_O)        0.299    12.660 r  u_link/u_core/d1_acc[7]_i_10/O
                         net (fo=3, routed)           0.424    13.084    u_link/u_core/e3_abs16_return[9]
    SLICE_X15Y134        LUT6 (Prop_lut6_I3_O)        0.124    13.208 r  u_link/u_core/d1_acc[15]_i_13/O
                         net (fo=1, routed)           0.323    13.531    u_link/u_core/d1_acc[15]_i_13_n_0
    SLICE_X12Y134        CARRY4 (Prop_carry4_DI[2]_CO[3])
                                                      0.404    13.935 r  u_link/u_core/d1_acc_reg[15]_i_5/CO[3]
                         net (fo=1, routed)           0.000    13.935    u_link/u_core/d1_acc_reg[15]_i_5_n_0
    SLICE_X12Y135        CARRY4 (Prop_carry4_CI_CO[3])
                                                      0.117    14.052 r  u_link/u_core/d1_acc_reg[15]_i_4/CO[3]
                         net (fo=16, routed)          1.076    15.129    u_link/u_core/d1_acc2
    SLICE_X12Y138        LUT3 (Prop_lut3_I2_O)        0.117    15.246 r  u_link/u_core/d1_acc[9]_i_1/O
                         net (fo=1, routed)           0.000    15.246    u_link/u_core/p_2_in[9]
    SLICE_X12Y138        FDRE                                         r  u_link/u_core/d1_acc_reg[9]/D
  -------------------------------------------------------------------    -------------------

                         (clock sys_clk_pin rise edge)
                                                     10.000    10.000 r  <hidden>
    E3                                                0.000    10.000 r  CLK100MHZ
                         net (fo=0)                   0.000    10.000    CLK100MHZ
    E3                   IBUF (Prop_ibuf_I_O)         1.411    11.411 r  CLK100MHZ_IBUF_inst/O
                         net (fo=1, routed)           1.920    13.331    CLK100MHZ_IBUF
    BUFGCTRL_X0Y16       BUFG (Prop_bufg_I_O)         0.091    13.422 r  CLK100MHZ_IBUF_BUFG_inst/O
                         net (fo=7171, routed)        1.505    14.927    u_link/u_core/CLK100MHZ_IBUF_BUFG
    SLICE_X12Y138        FDRE                                         r  u_link/u_core/d1_acc_reg[9]/C
                         clock pessimism              0.259    15.186    <hidden>
                         clock uncertainty           -0.035    15.151    <hidden>
    SLICE_X12Y138        FDRE (Setup_fdre_C_D)        0.118    15.269    u_link/u_core/d1_acc_reg[9]
  -------------------------------------------------------------------
                         required time                         15.269    <hidden>
                         arrival time                         -15.246    <hidden>
  -------------------------------------------------------------------
                         slack                                  0.023    <hidden>

Slack (MET) :             0.094ns  (required time - arrival time)
  Source:                 u_link/u_core/i_reg[1]_rep__3/C
                            (rising edge-triggered cell FDRE clocked by sys_clk_pin  {rise@0.000ns fall@5.000ns period=10.000ns})
  Destination:            u_link/u_core/d1_acc_reg[3]/D
                            (rising edge-triggered cell FDRE clocked by sys_clk_pin  {rise@0.000ns fall@5.000ns period=10.000ns})
  Path Group:             sys_clk_pin
  Path Type:              Setup (Max at Slow Process Corner)
  Requirement:            10.000ns  (sys_clk_pin rise@10.000ns - sys_clk_pin rise@0.000ns)
  Data Path Delay:        9.919ns  (logic 3.671ns (37.008%)  route 6.248ns (62.992%))
  Logic Levels:           13  (CARRY4=6 LUT1=1 LUT3=2 LUT4=1 LUT6=3)
  Clock Path Skew:        -0.028ns (DCD - SCD + CPR)
    Destination Clock Delay (DCD):    4.925ns = ( 14.925 - 10.000 ) 
    Source Clock Delay      (SCD):    5.212ns
    Clock Pessimism Removal (CPR):    0.259ns
  Clock Uncertainty:      0.035ns  ((TSJ^2 + TIJ^2)^1/2 + DJ) / 2 + PE
    Total System Jitter     (TSJ):    0.071ns
    Total Input Jitter      (TIJ):    0.000ns
    Discrete Jitter          (DJ):    0.000ns
    Phase Error              (PE):    0.000ns

    Location             Delay type                Incr(ns)  Path(ns)    Netlist Resource(s)
  -------------------------------------------------------------------    -------------------
                         (clock sys_clk_pin rise edge)
                                                      0.000     0.000 r  <hidden>
    E3                                                0.000     0.000 r  CLK100MHZ
                         net (fo=0)                   0.000     0.000    CLK100MHZ
    E3                   IBUF (Prop_ibuf_I_O)         1.482     1.482 r  CLK100MHZ_IBUF_inst/O
                         net (fo=1, routed)           2.025     3.506    CLK100MHZ_IBUF
    BUFGCTRL_X0Y16       BUFG (Prop_bufg_I_O)         0.096     3.602 r  CLK100MHZ_IBUF_BUFG_inst/O
                         net (fo=7171, routed)        1.610     5.212    u_link/u_core/CLK100MHZ_IBUF_BUFG
    SLICE_X9Y124         FDRE                                         r  u_link/u_core/i_reg[1]_rep__3/C
  -------------------------------------------------------------------    -------------------
    SLICE_X9Y124         FDRE (Prop_fdre_C_Q)         0.456     5.668 r  u_link/u_core/i_reg[1]_rep__3/Q
                         net (fo=80, routed)          1.517     7.186    u_link/u_core/i_reg[1]_rep__3_n_0
    SLICE_X10Y134        LUT6 (Prop_lut6_I2_O)        0.124     7.310 f  u_link/u_core/d1_acc[3]_i_203/O
                         net (fo=1, routed)           0.616     7.925    u_link/u_core/d1_acc[3]_i_203_n_0
    SLICE_X8Y134         LUT6 (Prop_lut6_I1_O)        0.124     8.049 r  u_link/u_core/d1_acc[3]_i_86/O
                         net (fo=1, routed)           1.087     9.136    u_link/u_core/d1_acc[3]_i_86_n_0
    SLICE_X12Y130        LUT4 (Prop_lut4_I1_O)        0.124     9.260 r  u_link/u_core/d1_acc[3]_i_36/O
                         net (fo=1, routed)           0.000     9.260    u_link/u_core/d1_acc[3]_i_36_n_0
    SLICE_X12Y130        CARRY4 (Prop_carry4_S[1]_CO[3])
                                                      0.533     9.793 r  u_link/u_core/d1_acc_reg[3]_i_16/CO[3]
                         net (fo=1, routed)           0.000     9.793    u_link/u_core/d1_acc_reg[3]_i_16_n_0
    SLICE_X12Y131        CARRY4 (Prop_carry4_CI_O[3])
                                                      0.315    10.108 f  u_link/u_core/d1_acc_reg[3]_i_9/O[3]
                         net (fo=2, routed)           0.729    10.837    u_link/u_core/x[7]
    SLICE_X11Y132        LUT1 (Prop_lut1_I0_O)        0.307    11.144 r  u_link/u_core/d1_acc[3]_i_13/O
                         net (fo=1, routed)           0.000    11.144    u_link/u_core/p_0_out[7]
    SLICE_X11Y132        CARRY4 (Prop_carry4_S[2]_CO[3])
                                                      0.398    11.542 r  u_link/u_core/d1_acc_reg[3]_i_7/CO[3]
                         net (fo=1, routed)           0.000    11.542    u_link/u_core/d1_acc_reg[3]_i_7_n_0
    SLICE_X11Y133        CARRY4 (Prop_carry4_CI_O[0])
                                                      0.222    11.764 r  u_link/u_core/d1_acc_reg[7]_i_7/O[0]
                         net (fo=1, routed)           0.597    12.361    u_link/u_core/e3_abs16_return0[9]
    SLICE_X13Y133        LUT3 (Prop_lut3_I0_O)        0.299    12.660 r  u_link/u_core/d1_acc[7]_i_10/O
                         net (fo=3, routed)           0.424    13.084    u_link/u_core/e3_abs16_return[9]
    SLICE_X15Y134        LUT6 (Prop_lut6_I3_O)        0.124    13.208 r  u_link/u_core/d1_acc[15]_i_13/O
                         net (fo=1, routed)           0.323    13.531    u_link/u_core/d1_acc[15]_i_13_n_0
    SLICE_X12Y134        CARRY4 (Prop_carry4_DI[2]_CO[3])
                                                      0.404    13.935 r  u_link/u_core/d1_acc_reg[15]_i_5/CO[3]
                         net (fo=1, routed)           0.000    13.935    u_link/u_core/d1_acc_reg[15]_i_5_n_0
    SLICE_X12Y135        CARRY4 (Prop_carry4_CI_CO[3])
                                                      0.117    14.052 r  u_link/u_core/d1_acc_reg[15]_i_4/CO[3]
                         net (fo=16, routed)          0.955    15.008    u_link/u_core/d1_acc2
    SLICE_X12Y136        LUT3 (Prop_lut3_I2_O)        0.124    15.132 r  u_link/u_core/d1_acc[3]_i_1/O
                         net (fo=1, routed)           0.000    15.132    u_link/u_core/p_2_in[3]
    SLICE_X12Y136        FDRE                                         r  u_link/u_core/d1_acc_reg[3]/D
  -------------------------------------------------------------------    -------------------

                         (clock sys_clk_pin rise edge)
                                                     10.000    10.000 r  <hidden>
    E3                                                0.000    10.000 r  CLK100MHZ
                         net (fo=0)                   0.000    10.000    CLK100MHZ
    E3                   IBUF (Prop_ibuf_I_O)         1.411    11.411 r  CLK100MHZ_IBUF_inst/O
                         net (fo=1, routed)           1.920    13.331    CLK100MHZ_IBUF
    BUFGCTRL_X0Y16       BUFG (Prop_bufg_I_O)         0.091    13.422 r  CLK100MHZ_IBUF_BUFG_inst/O
                         net (fo=7171, routed)        1.503    14.925    u_link/u_core/CLK100MHZ_IBUF_BUFG
    SLICE_X12Y136        FDRE                                         r  u_link/u_core/d1_acc_reg[3]/C
                         clock pessimism              0.259    15.184    <hidden>
                         clock uncertainty           -0.035    15.149    <hidden>
    SLICE_X12Y136        FDRE (Setup_fdre_C_D)        0.077    15.226    u_link/u_core/d1_acc_reg[3]
  -------------------------------------------------------------------
                         required time                         15.226    <hidden>
                         arrival time                         -15.132    <hidden>
  -------------------------------------------------------------------
                         slack                                  0.094    <hidden>

Slack (MET) :             0.105ns  (required time - arrival time)
  Source:                 u_link/u_core/i_reg[1]_rep__3/C
                            (rising edge-triggered cell FDRE clocked by sys_clk_pin  {rise@0.000ns fall@5.000ns period=10.000ns})
  Destination:            u_link/u_core/d1_acc_reg[10]/D
                            (rising edge-triggered cell FDRE clocked by sys_clk_pin  {rise@0.000ns fall@5.000ns period=10.000ns})
  Path Group:             sys_clk_pin
  Path Type:              Setup (Max at Slow Process Corner)
  Requirement:            10.000ns  (sys_clk_pin rise@10.000ns - sys_clk_pin rise@0.000ns)
  Data Path Delay:        9.910ns  (logic 3.671ns (37.045%)  route 6.239ns (62.955%))
  Logic Levels:           13  (CARRY4=6 LUT1=1 LUT3=2 LUT4=1 LUT6=3)
  Clock Path Skew:        -0.027ns (DCD - SCD + CPR)
    Destination Clock Delay (DCD):    4.926ns = ( 14.926 - 10.000 ) 
    Source Clock Delay      (SCD):    5.212ns
    Clock Pessimism Removal (CPR):    0.259ns
  Clock Uncertainty:      0.035ns  ((TSJ^2 + TIJ^2)^1/2 + DJ) / 2 + PE
    Total System Jitter     (TSJ):    0.071ns
    Total Input Jitter      (TIJ):    0.000ns
    Discrete Jitter          (DJ):    0.000ns
    Phase Error              (PE):    0.000ns

    Location             Delay type                Incr(ns)  Path(ns)    Netlist Resource(s)
  -------------------------------------------------------------------    -------------------
                         (clock sys_clk_pin rise edge)
                                                      0.000     0.000 r  <hidden>
    E3                                                0.000     0.000 r  CLK100MHZ
                         net (fo=0)                   0.000     0.000    CLK100MHZ
    E3                   IBUF (Prop_ibuf_I_O)         1.482     1.482 r  CLK100MHZ_IBUF_inst/O
                         net (fo=1, routed)           2.025     3.506    CLK100MHZ_IBUF
    BUFGCTRL_X0Y16       BUFG (Prop_bufg_I_O)         0.096     3.602 r  CLK100MHZ_IBUF_BUFG_inst/O
                         net (fo=7171, routed)        1.610     5.212    u_link/u_core/CLK100MHZ_IBUF_BUFG
    SLICE_X9Y124         FDRE                                         r  u_link/u_core/i_reg[1]_rep__3/C
  -------------------------------------------------------------------    -------------------
    SLICE_X9Y124         FDRE (Prop_fdre_C_Q)         0.456     5.668 r  u_link/u_core/i_reg[1]_rep__3/Q
                         net (fo=80, routed)          1.517     7.186    u_link/u_core/i_reg[1]_rep__3_n_0
    SLICE_X10Y134        LUT6 (Prop_lut6_I2_O)        0.124     7.310 f  u_link/u_core/d1_acc[3]_i_203/O
                         net (fo=1, routed)           0.616     7.925    u_link/u_core/d1_acc[3]_i_203_n_0
    SLICE_X8Y134         LUT6 (Prop_lut6_I1_O)        0.124     8.049 r  u_link/u_core/d1_acc[3]_i_86/O
                         net (fo=1, routed)           1.087     9.136    u_link/u_core/d1_acc[3]_i_86_n_0
    SLICE_X12Y130        LUT4 (Prop_lut4_I1_O)        0.124     9.260 r  u_link/u_core/d1_acc[3]_i_36/O
                         net (fo=1, routed)           0.000     9.260    u_link/u_core/d1_acc[3]_i_36_n_0
    SLICE_X12Y130        CARRY4 (Prop_carry4_S[1]_CO[3])
                                                      0.533     9.793 r  u_link/u_core/d1_acc_reg[3]_i_16/CO[3]
                         net (fo=1, routed)           0.000     9.793    u_link/u_core/d1_acc_reg[3]_i_16_n_0
    SLICE_X12Y131        CARRY4 (Prop_carry4_CI_O[3])
                                                      0.315    10.108 f  u_link/u_core/d1_acc_reg[3]_i_9/O[3]
                         net (fo=2, routed)           0.729    10.837    u_link/u_core/x[7]
    SLICE_X11Y132        LUT1 (Prop_lut1_I0_O)        0.307    11.144 r  u_link/u_core/d1_acc[3]_i_13/O
                         net (fo=1, routed)           0.000    11.144    u_link/u_core/p_0_out[7]
    SLICE_X11Y132        CARRY4 (Prop_carry4_S[2]_CO[3])
                                                      0.398    11.542 r  u_link/u_core/d1_acc_reg[3]_i_7/CO[3]
                         net (fo=1, routed)           0.000    11.542    u_link/u_core/d1_acc_reg[3]_i_7_n_0
    SLICE_X11Y133        CARRY4 (Prop_carry4_CI_O[0])
                                                      0.222    11.764 r  u_link/u_core/d1_acc_reg[7]_i_7/O[0]
                         net (fo=1, routed)           0.597    12.361    u_link/u_core/e3_abs16_return0[9]
    SLICE_X13Y133        LUT3 (Prop_lut3_I0_O)        0.299    12.660 r  u_link/u_core/d1_acc[7]_i_10/O
                         net (fo=3, routed)           0.424    13.084    u_link/u_core/e3_abs16_return[9]
    SLICE_X15Y134        LUT6 (Prop_lut6_I3_O)        0.124    13.208 r  u_link/u_core/d1_acc[15]_i_13/O
                         net (fo=1, routed)           0.323    13.531    u_link/u_core/d1_acc[15]_i_13_n_0
    SLICE_X12Y134        CARRY4 (Prop_carry4_DI[2]_CO[3])
                                                      0.404    13.935 r  u_link/u_core/d1_acc_reg[15]_i_5/CO[3]
                         net (fo=1, routed)           0.000    13.935    u_link/u_core/d1_acc_reg[15]_i_5_n_0
    SLICE_X12Y135        CARRY4 (Prop_carry4_CI_CO[3])
                                                      0.117    14.052 r  u_link/u_core/d1_acc_reg[15]_i_4/CO[3]
                         net (fo=16, routed)          0.946    14.998    u_link/u_core/d1_acc2
    SLICE_X12Y137        LUT3 (Prop_lut3_I2_O)        0.124    15.122 r  u_link/u_core/d1_acc[10]_i_1/O
                         net (fo=1, routed)           0.000    15.122    u_link/u_core/p_2_in[10]
    SLICE_X12Y137        FDRE                                         r  u_link/u_core/d1_acc_reg[10]/D
  -------------------------------------------------------------------    -------------------

                         (clock sys_clk_pin rise edge)
                                                     10.000    10.000 r  <hidden>
    E3                                                0.000    10.000 r  CLK100MHZ
                         net (fo=0)                   0.000    10.000    CLK100MHZ
    E3                   IBUF (Prop_ibuf_I_O)         1.411    11.411 r  CLK100MHZ_IBUF_inst/O
                         net (fo=1, routed)           1.920    13.331    CLK100MHZ_IBUF
    BUFGCTRL_X0Y16       BUFG (Prop_bufg_I_O)         0.091    13.422 r  CLK100MHZ_IBUF_BUFG_inst/O
                         net (fo=7171, routed)        1.504    14.926    u_link/u_core/CLK100MHZ_IBUF_BUFG
    SLICE_X12Y137        FDRE                                         r  u_link/u_core/d1_acc_reg[10]/C
                         clock pessimism              0.259    15.185    <hidden>
                         clock uncertainty           -0.035    15.150    <hidden>
    SLICE_X12Y137        FDRE (Setup_fdre_C_D)        0.077    15.227    u_link/u_core/d1_acc_reg[10]
  -------------------------------------------------------------------
                         required time                         15.227    <hidden>
                         arrival time                         -15.122    <hidden>
  -------------------------------------------------------------------
                         slack                                  0.105    <hidden>

Slack (MET) :             0.109ns  (required time - arrival time)
  Source:                 u_link/u_core/i_reg[1]_rep__3/C
                            (rising edge-triggered cell FDRE clocked by sys_clk_pin  {rise@0.000ns fall@5.000ns period=10.000ns})
  Destination:            u_link/u_core/d1_acc_reg[4]/D
                            (rising edge-triggered cell FDRE clocked by sys_clk_pin  {rise@0.000ns fall@5.000ns period=10.000ns})
  Path Group:             sys_clk_pin
  Path Type:              Setup (Max at Slow Process Corner)
  Requirement:            10.000ns  (sys_clk_pin rise@10.000ns - sys_clk_pin rise@0.000ns)
  Data Path Delay:        9.945ns  (logic 3.697ns (37.173%)  route 6.248ns (62.827%))
  Logic Levels:           13  (CARRY4=6 LUT1=1 LUT3=2 LUT4=1 LUT6=3)
  Clock Path Skew:        -0.028ns (DCD - SCD + CPR)
    Destination Clock Delay (DCD):    4.925ns = ( 14.925 - 10.000 ) 
    Source Clock Delay      (SCD):    5.212ns
    Clock Pessimism Removal (CPR):    0.259ns
  Clock Uncertainty:      0.035ns  ((TSJ^2 + TIJ^2)^1/2 + DJ) / 2 + PE
    Total System Jitter     (TSJ):    0.071ns
    Total Input Jitter      (TIJ):    0.000ns
    Discrete Jitter          (DJ):    0.000ns
    Phase Error              (PE):    0.000ns

    Location             Delay type                Incr(ns)  Path(ns)    Netlist Resource(s)
  -------------------------------------------------------------------    -------------------
                         (clock sys_clk_pin rise edge)
                                                      0.000     0.000 r  <hidden>
    E3                                                0.000     0.000 r  CLK100MHZ
                         net (fo=0)                   0.000     0.000    CLK100MHZ
    E3                   IBUF (Prop_ibuf_I_O)         1.482     1.482 r  CLK100MHZ_IBUF_inst/O
                         net (fo=1, routed)           2.025     3.506    CLK100MHZ_IBUF
    BUFGCTRL_X0Y16       BUFG (Prop_bufg_I_O)         0.096     3.602 r  CLK100MHZ_IBUF_BUFG_inst/O
                         net (fo=7171, routed)        1.610     5.212    u_link/u_core/CLK100MHZ_IBUF_BUFG
    SLICE_X9Y124         FDRE                                         r  u_link/u_core/i_reg[1]_rep__3/C
  -------------------------------------------------------------------    -------------------
    SLICE_X9Y124         FDRE (Prop_fdre_C_Q)         0.456     5.668 r  u_link/u_core/i_reg[1]_rep__3/Q
                         net (fo=80, routed)          1.517     7.186    u_link/u_core/i_reg[1]_rep__3_n_0
    SLICE_X10Y134        LUT6 (Prop_lut6_I2_O)        0.124     7.310 f  u_link/u_core/d1_acc[3]_i_203/O
                         net (fo=1, routed)           0.616     7.925    u_link/u_core/d1_acc[3]_i_203_n_0
    SLICE_X8Y134         LUT6 (Prop_lut6_I1_O)        0.124     8.049 r  u_link/u_core/d1_acc[3]_i_86/O
                         net (fo=1, routed)           1.087     9.136    u_link/u_core/d1_acc[3]_i_86_n_0
    SLICE_X12Y130        LUT4 (Prop_lut4_I1_O)        0.124     9.260 r  u_link/u_core/d1_acc[3]_i_36/O
                         net (fo=1, routed)           0.000     9.260    u_link/u_core/d1_acc[3]_i_36_n_0
    SLICE_X12Y130        CARRY4 (Prop_carry4_S[1]_CO[3])
                                                      0.533     9.793 r  u_link/u_core/d1_acc_reg[3]_i_16/CO[3]
                         net (fo=1, routed)           0.000     9.793    u_link/u_core/d1_acc_reg[3]_i_16_n_0
    SLICE_X12Y131        CARRY4 (Prop_carry4_CI_O[3])
                                                      0.315    10.108 f  u_link/u_core/d1_acc_reg[3]_i_9/O[3]
                         net (fo=2, routed)           0.729    10.837    u_link/u_core/x[7]
    SLICE_X11Y132        LUT1 (Prop_lut1_I0_O)        0.307    11.144 r  u_link/u_core/d1_acc[3]_i_13/O
                         net (fo=1, routed)           0.000    11.144    u_link/u_core/p_0_out[7]
    SLICE_X11Y132        CARRY4 (Prop_carry4_S[2]_CO[3])
                                                      0.398    11.542 r  u_link/u_core/d1_acc_reg[3]_i_7/CO[3]
                         net (fo=1, routed)           0.000    11.542    u_link/u_core/d1_acc_reg[3]_i_7_n_0
    SLICE_X11Y133        CARRY4 (Prop_carry4_CI_O[0])
                                                      0.222    11.764 r  u_link/u_core/d1_acc_reg[7]_i_7/O[0]
                         net (fo=1, routed)           0.597    12.361    u_link/u_core/e3_abs16_return0[9]
    SLICE_X13Y133        LUT3 (Prop_lut3_I0_O)        0.299    12.660 r  u_link/u_core/d1_acc[7]_i_10/O
                         net (fo=3, routed)           0.424    13.084    u_link/u_core/e3_abs16_return[9]
    SLICE_X15Y134        LUT6 (Prop_lut6_I3_O)        0.124    13.208 r  u_link/u_core/d1_acc[15]_i_13/O
                         net (fo=1, routed)           0.323    13.531    u_link/u_core/d1_acc[15]_i_13_n_0
    SLICE_X12Y134        CARRY4 (Prop_carry4_DI[2]_CO[3])
                                                      0.404    13.935 r  u_link/u_core/d1_acc_reg[15]_i_5/CO[3]
                         net (fo=1, routed)           0.000    13.935    u_link/u_core/d1_acc_reg[15]_i_5_n_0
    SLICE_X12Y135        CARRY4 (Prop_carry4_CI_CO[3])
                                                      0.117    14.052 r  u_link/u_core/d1_acc_reg[15]_i_4/CO[3]
                         net (fo=16, routed)          0.955    15.008    u_link/u_core/d1_acc2
    SLICE_X12Y136        LUT3 (Prop_lut3_I2_O)        0.150    15.158 r  u_link/u_core/d1_acc[4]_i_1/O
                         net (fo=1, routed)           0.000    15.158    u_link/u_core/p_2_in[4]
    SLICE_X12Y136        FDRE                                         r  u_link/u_core/d1_acc_reg[4]/D
  -------------------------------------------------------------------    -------------------

                         (clock sys_clk_pin rise edge)
                                                     10.000    10.000 r  <hidden>
    E3                                                0.000    10.000 r  CLK100MHZ
                         net (fo=0)                   0.000    10.000    CLK100MHZ
    E3                   IBUF (Prop_ibuf_I_O)         1.411    11.411 r  CLK100MHZ_IBUF_inst/O
                         net (fo=1, routed)           1.920    13.331    CLK100MHZ_IBUF
    BUFGCTRL_X0Y16       BUFG (Prop_bufg_I_O)         0.091    13.422 r  CLK100MHZ_IBUF_BUFG_inst/O
                         net (fo=7171, routed)        1.503    14.925    u_link/u_core/CLK100MHZ_IBUF_BUFG
    SLICE_X12Y136        FDRE                                         r  u_link/u_core/d1_acc_reg[4]/C
                         clock pessimism              0.259    15.184    <hidden>
                         clock uncertainty           -0.035    15.149    <hidden>
    SLICE_X12Y136        FDRE (Setup_fdre_C_D)        0.118    15.267    u_link/u_core/d1_acc_reg[4]
  -------------------------------------------------------------------
                         required time                         15.267    <hidden>
                         arrival time                         -15.158    <hidden>
  -------------------------------------------------------------------
                         slack                                  0.109    <hidden>

Slack (MET) :             0.120ns  (required time - arrival time)
  Source:                 u_link/u_core/i_reg[1]_rep__3/C
                            (rising edge-triggered cell FDRE clocked by sys_clk_pin  {rise@0.000ns fall@5.000ns period=10.000ns})
  Destination:            u_link/u_core/d1_acc_reg[8]/D
                            (rising edge-triggered cell FDRE clocked by sys_clk_pin  {rise@0.000ns fall@5.000ns period=10.000ns})
  Path Group:             sys_clk_pin
  Path Type:              Setup (Max at Slow Process Corner)
  Requirement:            10.000ns  (sys_clk_pin rise@10.000ns - sys_clk_pin rise@0.000ns)
  Data Path Delay:        9.936ns  (logic 3.697ns (37.209%)  route 6.239ns (62.791%))
  Logic Levels:           13  (CARRY4=6 LUT1=1 LUT3=2 LUT4=1 LUT6=3)
  Clock Path Skew:        -0.027ns (DCD - SCD + CPR)
    Destination Clock Delay (DCD):    4.926ns = ( 14.926 - 10.000 ) 
    Source Clock Delay      (SCD):    5.212ns
    Clock Pessimism Removal (CPR):    0.259ns
  Clock Uncertainty:      0.035ns  ((TSJ^2 + TIJ^2)^1/2 + DJ) / 2 + PE
    Total System Jitter     (TSJ):    0.071ns
    Total Input Jitter      (TIJ):    0.000ns
    Discrete Jitter          (DJ):    0.000ns
    Phase Error              (PE):    0.000ns

    Location             Delay type                Incr(ns)  Path(ns)    Netlist Resource(s)
  -------------------------------------------------------------------    -------------------
                         (clock sys_clk_pin rise edge)
                                                      0.000     0.000 r  <hidden>
    E3                                                0.000     0.000 r  CLK100MHZ
                         net (fo=0)                   0.000     0.000    CLK100MHZ
    E3                   IBUF (Prop_ibuf_I_O)         1.482     1.482 r  CLK100MHZ_IBUF_inst/O
                         net (fo=1, routed)           2.025     3.506    CLK100MHZ_IBUF
    BUFGCTRL_X0Y16       BUFG (Prop_bufg_I_O)         0.096     3.602 r  CLK100MHZ_IBUF_BUFG_inst/O
                         net (fo=7171, routed)        1.610     5.212    u_link/u_core/CLK100MHZ_IBUF_BUFG
    SLICE_X9Y124         FDRE                                         r  u_link/u_core/i_reg[1]_rep__3/C
  -------------------------------------------------------------------    -------------------
    SLICE_X9Y124         FDRE (Prop_fdre_C_Q)         0.456     5.668 r  u_link/u_core/i_reg[1]_rep__3/Q
                         net (fo=80, routed)          1.517     7.186    u_link/u_core/i_reg[1]_rep__3_n_0
    SLICE_X10Y134        LUT6 (Prop_lut6_I2_O)        0.124     7.310 f  u_link/u_core/d1_acc[3]_i_203/O
                         net (fo=1, routed)           0.616     7.925    u_link/u_core/d1_acc[3]_i_203_n_0
    SLICE_X8Y134         LUT6 (Prop_lut6_I1_O)        0.124     8.049 r  u_link/u_core/d1_acc[3]_i_86/O
                         net (fo=1, routed)           1.087     9.136    u_link/u_core/d1_acc[3]_i_86_n_0
    SLICE_X12Y130        LUT4 (Prop_lut4_I1_O)        0.124     9.260 r  u_link/u_core/d1_acc[3]_i_36/O
                         net (fo=1, routed)           0.000     9.260    u_link/u_core/d1_acc[3]_i_36_n_0
    SLICE_X12Y130        CARRY4 (Prop_carry4_S[1]_CO[3])
                                                      0.533     9.793 r  u_link/u_core/d1_acc_reg[3]_i_16/CO[3]
                         net (fo=1, routed)           0.000     9.793    u_link/u_core/d1_acc_reg[3]_i_16_n_0
    SLICE_X12Y131        CARRY4 (Prop_carry4_CI_O[3])
                                                      0.315    10.108 f  u_link/u_core/d1_acc_reg[3]_i_9/O[3]
                         net (fo=2, routed)           0.729    10.837    u_link/u_core/x[7]
    SLICE_X11Y132        LUT1 (Prop_lut1_I0_O)        0.307    11.144 r  u_link/u_core/d1_acc[3]_i_13/O
                         net (fo=1, routed)           0.000    11.144    u_link/u_core/p_0_out[7]
    SLICE_X11Y132        CARRY4 (Prop_carry4_S[2]_CO[3])
                                                      0.398    11.542 r  u_link/u_core/d1_acc_reg[3]_i_7/CO[3]
                         net (fo=1, routed)           0.000    11.542    u_link/u_core/d1_acc_reg[3]_i_7_n_0
    SLICE_X11Y133        CARRY4 (Prop_carry4_CI_O[0])
                                                      0.222    11.764 r  u_link/u_core/d1_acc_reg[7]_i_7/O[0]
                         net (fo=1, routed)           0.597    12.361    u_link/u_core/e3_abs16_return0[9]
    SLICE_X13Y133        LUT3 (Prop_lut3_I0_O)        0.299    12.660 r  u_link/u_core/d1_acc[7]_i_10/O
                         net (fo=3, routed)           0.424    13.084    u_link/u_core/e3_abs16_return[9]
    SLICE_X15Y134        LUT6 (Prop_lut6_I3_O)        0.124    13.208 r  u_link/u_core/d1_acc[15]_i_13/O
                         net (fo=1, routed)           0.323    13.531    u_link/u_core/d1_acc[15]_i_13_n_0
    SLICE_X12Y134        CARRY4 (Prop_carry4_DI[2]_CO[3])
                                                      0.404    13.935 r  u_link/u_core/d1_acc_reg[15]_i_5/CO[3]
                         net (fo=1, routed)           0.000    13.935    u_link/u_core/d1_acc_reg[15]_i_5_n_0
    SLICE_X12Y135        CARRY4 (Prop_carry4_CI_CO[3])
                                                      0.117    14.052 r  u_link/u_core/d1_acc_reg[15]_i_4/CO[3]
                         net (fo=16, routed)          0.946    14.998    u_link/u_core/d1_acc2
    SLICE_X12Y137        LUT3 (Prop_lut3_I2_O)        0.150    15.148 r  u_link/u_core/d1_acc[8]_i_1/O
                         net (fo=1, routed)           0.000    15.148    u_link/u_core/p_2_in[8]
    SLICE_X12Y137        FDRE                                         r  u_link/u_core/d1_acc_reg[8]/D
  -------------------------------------------------------------------    -------------------

                         (clock sys_clk_pin rise edge)
                                                     10.000    10.000 r  <hidden>
    E3                                                0.000    10.000 r  CLK100MHZ
                         net (fo=0)                   0.000    10.000    CLK100MHZ
    E3                   IBUF (Prop_ibuf_I_O)         1.411    11.411 r  CLK100MHZ_IBUF_inst/O
                         net (fo=1, routed)           1.920    13.331    CLK100MHZ_IBUF
    BUFGCTRL_X0Y16       BUFG (Prop_bufg_I_O)         0.091    13.422 r  CLK100MHZ_IBUF_BUFG_inst/O
                         net (fo=7171, routed)        1.504    14.926    u_link/u_core/CLK100MHZ_IBUF_BUFG
    SLICE_X12Y137        FDRE                                         r  u_link/u_core/d1_acc_reg[8]/C
                         clock pessimism              0.259    15.185    <hidden>
                         clock uncertainty           -0.035    15.150    <hidden>
    SLICE_X12Y137        FDRE (Setup_fdre_C_D)        0.118    15.268    u_link/u_core/d1_acc_reg[8]
  -------------------------------------------------------------------
                         required time                         15.268    <hidden>
                         arrival time                         -15.148    <hidden>
  -------------------------------------------------------------------
                         slack                                  0.120    <hidden>





Min Delay Paths
--------------------------------------------------------------------------------------
Slack (MET) :             0.064ns  (arrival time - required time)
  Source:                 u_link/u_core/h_reg[24][12]/C
                            (rising edge-triggered cell FDRE clocked by sys_clk_pin  {rise@0.000ns fall@5.000ns period=10.000ns})
  Destination:            u_link/u_core/hprev_reg[24][12]/D
                            (rising edge-triggered cell FDRE clocked by sys_clk_pin  {rise@0.000ns fall@5.000ns period=10.000ns})
  Path Group:             sys_clk_pin
  Path Type:              Hold (Min at Fast Process Corner)
  Requirement:            0.000ns  (sys_clk_pin rise@0.000ns - sys_clk_pin rise@0.000ns)
  Data Path Delay:        0.491ns  (logic 0.141ns (28.726%)  route 0.350ns (71.274%))
  Logic Levels:           0  
  Clock Path Skew:        0.356ns (DCD - SCD - CPR)
    Destination Clock Delay (DCD):    2.083ns
    Source Clock Delay      (SCD):    1.476ns
    Clock Pessimism Removal (CPR):    0.250ns

    Location             Delay type                Incr(ns)  Path(ns)    Netlist Resource(s)
  -------------------------------------------------------------------    -------------------
                         (clock sys_clk_pin rise edge)
                                                      0.000     0.000 r  <hidden>
    E3                                                0.000     0.000 r  CLK100MHZ
                         net (fo=0)                   0.000     0.000    CLK100MHZ
    E3                   IBUF (Prop_ibuf_I_O)         0.250     0.250 r  CLK100MHZ_IBUF_inst/O
                         net (fo=1, routed)           0.644     0.894    CLK100MHZ_IBUF
    BUFGCTRL_X0Y16       BUFG (Prop_bufg_I_O)         0.026     0.920 r  CLK100MHZ_IBUF_BUFG_inst/O
                         net (fo=7171, routed)        0.557     1.476    u_link/u_core/CLK100MHZ_IBUF_BUFG
    SLICE_X61Y137        FDRE                                         r  u_link/u_core/h_reg[24][12]/C
  -------------------------------------------------------------------    -------------------
    SLICE_X61Y137        FDRE (Prop_fdre_C_Q)         0.141     1.617 r  u_link/u_core/h_reg[24][12]/Q
                         net (fo=3, routed)           0.350     1.967    u_link/u_core/h_reg[24]_97[12]
    SLICE_X59Y152        FDRE                                         r  u_link/u_core/hprev_reg[24][12]/D
  -------------------------------------------------------------------    -------------------

                         (clock sys_clk_pin rise edge)
                                                      0.000     0.000 r  <hidden>
    E3                                                0.000     0.000 r  CLK100MHZ
                         net (fo=0)                   0.000     0.000    CLK100MHZ
    E3                   IBUF (Prop_ibuf_I_O)         0.438     0.438 r  CLK100MHZ_IBUF_inst/O
                         net (fo=1, routed)           0.699     1.136    CLK100MHZ_IBUF
    BUFGCTRL_X0Y16       BUFG (Prop_bufg_I_O)         0.029     1.165 r  CLK100MHZ_IBUF_BUFG_inst/O
                         net (fo=7171, routed)        0.918     2.083    u_link/u_core/CLK100MHZ_IBUF_BUFG
    SLICE_X59Y152        FDRE                                         r  u_link/u_core/hprev_reg[24][12]/C
                         clock pessimism             -0.250     1.833    <hidden>
    SLICE_X59Y152        FDRE (Hold_fdre_C_D)         0.070     1.903    u_link/u_core/hprev_reg[24][12]
  -------------------------------------------------------------------
                         required time                         -1.903    <hidden>
                         arrival time                           1.967    <hidden>
  -------------------------------------------------------------------
                         slack                                  0.064    <hidden>

Slack (MET) :             0.070ns  (arrival time - required time)
  Source:                 u_link/u_core/h_reg[30][14]/C
                            (rising edge-triggered cell FDRE clocked by sys_clk_pin  {rise@0.000ns fall@5.000ns period=10.000ns})
  Destination:            u_link/u_core/hprev_reg[30][14]/D
                            (rising edge-triggered cell FDRE clocked by sys_clk_pin  {rise@0.000ns fall@5.000ns period=10.000ns})
  Path Group:             sys_clk_pin
  Path Type:              Hold (Min at Fast Process Corner)
  Requirement:            0.000ns  (sys_clk_pin rise@0.000ns - sys_clk_pin rise@0.000ns)
  Data Path Delay:        0.484ns  (logic 0.141ns (29.162%)  route 0.343ns (70.838%))
  Logic Levels:           0  
  Clock Path Skew:        0.350ns (DCD - SCD - CPR)
    Destination Clock Delay (DCD):    2.080ns
    Source Clock Delay      (SCD):    1.479ns
    Clock Pessimism Removal (CPR):    0.250ns

    Location             Delay type                Incr(ns)  Path(ns)    Netlist Resource(s)
  -------------------------------------------------------------------    -------------------
                         (clock sys_clk_pin rise edge)
                                                      0.000     0.000 r  <hidden>
    E3                                                0.000     0.000 r  CLK100MHZ
                         net (fo=0)                   0.000     0.000    CLK100MHZ
    E3                   IBUF (Prop_ibuf_I_O)         0.250     0.250 r  CLK100MHZ_IBUF_inst/O
                         net (fo=1, routed)           0.644     0.894    CLK100MHZ_IBUF
    BUFGCTRL_X0Y16       BUFG (Prop_bufg_I_O)         0.026     0.920 r  CLK100MHZ_IBUF_BUFG_inst/O
                         net (fo=7171, routed)        0.560     1.479    u_link/u_core/CLK100MHZ_IBUF_BUFG
    SLICE_X61Y146        FDRE                                         r  u_link/u_core/h_reg[30][14]/C
  -------------------------------------------------------------------    -------------------
    SLICE_X61Y146        FDRE (Prop_fdre_C_Q)         0.141     1.620 r  u_link/u_core/h_reg[30][14]/Q
                         net (fo=3, routed)           0.343     1.963    u_link/u_core/h_reg[30]_109[14]
    SLICE_X54Y151        FDRE                                         r  u_link/u_core/hprev_reg[30][14]/D
  -------------------------------------------------------------------    -------------------

                         (clock sys_clk_pin rise edge)
                                                      0.000     0.000 r  <hidden>
    E3                                                0.000     0.000 r  CLK100MHZ
                         net (fo=0)                   0.000     0.000    CLK100MHZ
    E3                   IBUF (Prop_ibuf_I_O)         0.438     0.438 r  CLK100MHZ_IBUF_inst/O
                         net (fo=1, routed)           0.699     1.136    CLK100MHZ_IBUF
    BUFGCTRL_X0Y16       BUFG (Prop_bufg_I_O)         0.029     1.165 r  CLK100MHZ_IBUF_BUFG_inst/O
                         net (fo=7171, routed)        0.915     2.080    u_link/u_core/CLK100MHZ_IBUF_BUFG
    SLICE_X54Y151        FDRE                                         r  u_link/u_core/hprev_reg[30][14]/C
                         clock pessimism             -0.250     1.830    <hidden>
    SLICE_X54Y151        FDRE (Hold_fdre_C_D)         0.063     1.893    u_link/u_core/hprev_reg[30][14]
  -------------------------------------------------------------------
                         required time                         -1.893    <hidden>
                         arrival time                           1.963    <hidden>
  -------------------------------------------------------------------
                         slack                                  0.070    <hidden>

Slack (MET) :             0.085ns  (arrival time - required time)
  Source:                 u_link/u_core/e_ra_reg[5]/C
                            (rising edge-triggered cell FDRE clocked by sys_clk_pin  {rise@0.000ns fall@5.000ns period=10.000ns})
  Destination:            u_link/u_core/E_reg_0/ADDRBWRADDR[7]
                            (rising edge-triggered cell RAMB36E1 clocked by sys_clk_pin  {rise@0.000ns fall@5.000ns period=10.000ns})
  Path Group:             sys_clk_pin
  Path Type:              Hold (Min at Fast Process Corner)
  Requirement:            0.000ns  (sys_clk_pin rise@0.000ns - sys_clk_pin rise@0.000ns)
  Data Path Delay:        0.320ns  (logic 0.164ns (51.229%)  route 0.156ns (48.771%))
  Logic Levels:           0  
  Clock Path Skew:        0.052ns (DCD - SCD - CPR)
    Destination Clock Delay (DCD):    2.112ns
    Source Clock Delay      (SCD):    1.555ns
    Clock Pessimism Removal (CPR):    0.504ns

    Location             Delay type                Incr(ns)  Path(ns)    Netlist Resource(s)
  -------------------------------------------------------------------    -------------------
                         (clock sys_clk_pin rise edge)
                                                      0.000     0.000 r  <hidden>
    E3                                                0.000     0.000 r  CLK100MHZ
                         net (fo=0)                   0.000     0.000    CLK100MHZ
    E3                   IBUF (Prop_ibuf_I_O)         0.250     0.250 r  CLK100MHZ_IBUF_inst/O
                         net (fo=1, routed)           0.644     0.894    CLK100MHZ_IBUF
    BUFGCTRL_X0Y16       BUFG (Prop_bufg_I_O)         0.026     0.920 r  CLK100MHZ_IBUF_BUFG_inst/O
                         net (fo=7171, routed)        0.635     1.555    u_link/u_core/CLK100MHZ_IBUF_BUFG
    SLICE_X62Y179        FDRE                                         r  u_link/u_core/e_ra_reg[5]/C
  -------------------------------------------------------------------    -------------------
    SLICE_X62Y179        FDRE (Prop_fdre_C_Q)         0.164     1.719 r  u_link/u_core/e_ra_reg[5]/Q
                         net (fo=2, routed)           0.156     1.875    u_link/u_core/e_ra[5]
    RAMB36_X1Y35         RAMB36E1                                     r  u_link/u_core/E_reg_0/ADDRBWRADDR[7]
  -------------------------------------------------------------------    -------------------

                         (clock sys_clk_pin rise edge)
                                                      0.000     0.000 r  <hidden>
    E3                                                0.000     0.000 r  CLK100MHZ
                         net (fo=0)                   0.000     0.000    CLK100MHZ
    E3                   IBUF (Prop_ibuf_I_O)         0.438     0.438 r  CLK100MHZ_IBUF_inst/O
                         net (fo=1, routed)           0.699     1.136    CLK100MHZ_IBUF
    BUFGCTRL_X0Y16       BUFG (Prop_bufg_I_O)         0.029     1.165 r  CLK100MHZ_IBUF_BUFG_inst/O
                         net (fo=7171, routed)        0.947     2.112    u_link/u_core/CLK100MHZ_IBUF_BUFG
    RAMB36_X1Y35         RAMB36E1                                     r  u_link/u_core/E_reg_0/CLKBWRCLK
                         clock pessimism             -0.504     1.607    <hidden>
    RAMB36_X1Y35         RAMB36E1 (Hold_ramb36e1_CLKBWRCLK_ADDRBWRADDR[7])
                                                      0.183     1.790    u_link/u_core/E_reg_0
  -------------------------------------------------------------------
                         required time                         -1.790    <hidden>
                         arrival time                           1.875    <hidden>
  -------------------------------------------------------------------
                         slack                                  0.085    <hidden>

Slack (MET) :             0.087ns  (arrival time - required time)
  Source:                 u_link/seed_in_reg[13]/C
                            (rising edge-triggered cell FDSE clocked by sys_clk_pin  {rise@0.000ns fall@5.000ns period=10.000ns})
  Destination:            u_link/u_core/lfsr_reg[13]/D
                            (rising edge-triggered cell FDSE clocked by sys_clk_pin  {rise@0.000ns fall@5.000ns period=10.000ns})
  Path Group:             sys_clk_pin
  Path Type:              Hold (Min at Fast Process Corner)
  Requirement:            0.000ns  (sys_clk_pin rise@0.000ns - sys_clk_pin rise@0.000ns)
  Data Path Delay:        0.439ns  (logic 0.246ns (56.059%)  route 0.193ns (43.941%))
  Logic Levels:           1  (LUT6=1)
  Clock Path Skew:        0.260ns (DCD - SCD - CPR)
    Destination Clock Delay (DCD):    2.063ns
    Source Clock Delay      (SCD):    1.549ns
    Clock Pessimism Removal (CPR):    0.255ns

    Location             Delay type                Incr(ns)  Path(ns)    Netlist Resource(s)
  -------------------------------------------------------------------    -------------------
                         (clock sys_clk_pin rise edge)
                                                      0.000     0.000 r  <hidden>
    E3                                                0.000     0.000 r  CLK100MHZ
                         net (fo=0)                   0.000     0.000    CLK100MHZ
    E3                   IBUF (Prop_ibuf_I_O)         0.250     0.250 r  CLK100MHZ_IBUF_inst/O
                         net (fo=1, routed)           0.644     0.894    CLK100MHZ_IBUF
    BUFGCTRL_X0Y16       BUFG (Prop_bufg_I_O)         0.026     0.920 r  CLK100MHZ_IBUF_BUFG_inst/O
                         net (fo=7171, routed)        0.629     1.549    u_link/CLK100MHZ_IBUF_BUFG
    SLICE_X50Y176        FDSE                                         r  u_link/seed_in_reg[13]/C
  -------------------------------------------------------------------    -------------------
    SLICE_X50Y176        FDSE (Prop_fdse_C_Q)         0.148     1.697 r  u_link/seed_in_reg[13]/Q
                         net (fo=2, routed)           0.193     1.890    u_link/u_core/lfsr_reg[31]_0[13]
    SLICE_X52Y175        LUT6 (Prop_lut6_I4_O)        0.098     1.988 r  u_link/u_core/lfsr[13]_i_1/O
                         net (fo=1, routed)           0.000     1.988    u_link/u_core/lfsr[13]
    SLICE_X52Y175        FDSE                                         r  u_link/u_core/lfsr_reg[13]/D
  -------------------------------------------------------------------    -------------------

                         (clock sys_clk_pin rise edge)
                                                      0.000     0.000 r  <hidden>
    E3                                                0.000     0.000 r  CLK100MHZ
                         net (fo=0)                   0.000     0.000    CLK100MHZ
    E3                   IBUF (Prop_ibuf_I_O)         0.438     0.438 r  CLK100MHZ_IBUF_inst/O
                         net (fo=1, routed)           0.699     1.136    CLK100MHZ_IBUF
    BUFGCTRL_X0Y16       BUFG (Prop_bufg_I_O)         0.029     1.165 r  CLK100MHZ_IBUF_BUFG_inst/O
                         net (fo=7171, routed)        0.898     2.063    u_link/u_core/CLK100MHZ_IBUF_BUFG
    SLICE_X52Y175        FDSE                                         r  u_link/u_core/lfsr_reg[13]/C
                         clock pessimism             -0.255     1.809    <hidden>
    SLICE_X52Y175        FDSE (Hold_fdse_C_D)         0.092     1.901    u_link/u_core/lfsr_reg[13]
  -------------------------------------------------------------------
                         required time                         -1.901    <hidden>
                         arrival time                           1.988    <hidden>
  -------------------------------------------------------------------
                         slack                                  0.087    <hidden>

Slack (MET) :             0.099ns  (arrival time - required time)
  Source:                 u_link/u_core/h_reg[1][7]/C
                            (rising edge-triggered cell FDRE clocked by sys_clk_pin  {rise@0.000ns fall@5.000ns period=10.000ns})
  Destination:            u_link/u_core/hprev_reg[1][7]/D
                            (rising edge-triggered cell FDRE clocked by sys_clk_pin  {rise@0.000ns fall@5.000ns period=10.000ns})
  Path Group:             sys_clk_pin
  Path Type:              Hold (Min at Fast Process Corner)
  Requirement:            0.000ns  (sys_clk_pin rise@0.000ns - sys_clk_pin rise@0.000ns)
  Data Path Delay:        0.464ns  (logic 0.128ns (27.610%)  route 0.336ns (72.390%))
  Logic Levels:           0  
  Clock Path Skew:        0.351ns (DCD - SCD - CPR)
    Destination Clock Delay (DCD):    2.091ns
    Source Clock Delay      (SCD):    1.489ns
    Clock Pessimism Removal (CPR):    0.250ns

    Location             Delay type                Incr(ns)  Path(ns)    Netlist Resource(s)
  -------------------------------------------------------------------    -------------------
                         (clock sys_clk_pin rise edge)
                                                      0.000     0.000 r  <hidden>
    E3                                                0.000     0.000 r  CLK100MHZ
                         net (fo=0)                   0.000     0.000    CLK100MHZ
    E3                   IBUF (Prop_ibuf_I_O)         0.250     0.250 r  CLK100MHZ_IBUF_inst/O
                         net (fo=1, routed)           0.644     0.894    CLK100MHZ_IBUF
    BUFGCTRL_X0Y16       BUFG (Prop_bufg_I_O)         0.026     0.920 r  CLK100MHZ_IBUF_BUFG_inst/O
                         net (fo=7171, routed)        0.570     1.489    u_link/u_core/CLK100MHZ_IBUF_BUFG
    SLICE_X15Y148        FDRE                                         r  u_link/u_core/h_reg[1][7]/C
  -------------------------------------------------------------------    -------------------
    SLICE_X15Y148        FDRE (Prop_fdre_C_Q)         0.128     1.617 r  u_link/u_core/h_reg[1][7]/Q
                         net (fo=3, routed)           0.336     1.953    u_link/u_core/h_reg[1]_51[7]
    SLICE_X16Y155        FDRE                                         r  u_link/u_core/hprev_reg[1][7]/D
  -------------------------------------------------------------------    -------------------

                         (clock sys_clk_pin rise edge)
                                                      0.000     0.000 r  <hidden>
    E3                                                0.000     0.000 r  CLK100MHZ
                         net (fo=0)                   0.000     0.000    CLK100MHZ
    E3                   IBUF (Prop_ibuf_I_O)         0.438     0.438 r  CLK100MHZ_IBUF_inst/O
                         net (fo=1, routed)           0.699     1.136    CLK100MHZ_IBUF
    BUFGCTRL_X0Y16       BUFG (Prop_bufg_I_O)         0.029     1.165 r  CLK100MHZ_IBUF_BUFG_inst/O
                         net (fo=7171, routed)        0.926     2.091    u_link/u_core/CLK100MHZ_IBUF_BUFG
    SLICE_X16Y155        FDRE                                         r  u_link/u_core/hprev_reg[1][7]/C
                         clock pessimism             -0.250     1.841    <hidden>
    SLICE_X16Y155        FDRE (Hold_fdre_C_D)         0.013     1.854    u_link/u_core/hprev_reg[1][7]
  -------------------------------------------------------------------
                         required time                         -1.854    <hidden>
                         arrival time                           1.953    <hidden>
  -------------------------------------------------------------------
                         slack                                  0.099    <hidden>

Slack (MET) :             0.103ns  (arrival time - required time)
  Source:                 u_link/seed_in_reg[25]/C
                            (rising edge-triggered cell FDSE clocked by sys_clk_pin  {rise@0.000ns fall@5.000ns period=10.000ns})
  Destination:            u_link/u_core/lfsr_reg[25]/D
                            (rising edge-triggered cell FDSE clocked by sys_clk_pin  {rise@0.000ns fall@5.000ns period=10.000ns})
  Path Group:             sys_clk_pin
  Path Type:              Hold (Min at Fast Process Corner)
  Requirement:            0.000ns  (sys_clk_pin rise@0.000ns - sys_clk_pin rise@0.000ns)
  Data Path Delay:        0.452ns  (logic 0.209ns (46.236%)  route 0.243ns (53.764%))
  Logic Levels:           1  (LUT6=1)
  Clock Path Skew:        0.257ns (DCD - SCD - CPR)
    Destination Clock Delay (DCD):    2.063ns
    Source Clock Delay      (SCD):    1.552ns
    Clock Pessimism Removal (CPR):    0.255ns

    Location             Delay type                Incr(ns)  Path(ns)    Netlist Resource(s)
  -------------------------------------------------------------------    -------------------
                         (clock sys_clk_pin rise edge)
                                                      0.000     0.000 r  <hidden>
    E3                                                0.000     0.000 r  CLK100MHZ
                         net (fo=0)                   0.000     0.000    CLK100MHZ
    E3                   IBUF (Prop_ibuf_I_O)         0.250     0.250 r  CLK100MHZ_IBUF_inst/O
                         net (fo=1, routed)           0.644     0.894    CLK100MHZ_IBUF
    BUFGCTRL_X0Y16       BUFG (Prop_bufg_I_O)         0.026     0.920 r  CLK100MHZ_IBUF_BUFG_inst/O
                         net (fo=7171, routed)        0.632     1.552    u_link/CLK100MHZ_IBUF_BUFG
    SLICE_X46Y178        FDSE                                         r  u_link/seed_in_reg[25]/C
  -------------------------------------------------------------------    -------------------
    SLICE_X46Y178        FDSE (Prop_fdse_C_Q)         0.164     1.716 r  u_link/seed_in_reg[25]/Q
                         net (fo=2, routed)           0.243     1.959    u_link/u_core/lfsr_reg[31]_0[25]
    SLICE_X52Y174        LUT6 (Prop_lut6_I4_O)        0.045     2.004 r  u_link/u_core/lfsr[25]_i_1/O
                         net (fo=1, routed)           0.000     2.004    u_link/u_core/lfsr[25]
    SLICE_X52Y174        FDSE                                         r  u_link/u_core/lfsr_reg[25]/D
  -------------------------------------------------------------------    -------------------

                         (clock sys_clk_pin rise edge)
                                                      0.000     0.000 r  <hidden>
    E3                                                0.000     0.000 r  CLK100MHZ
                         net (fo=0)                   0.000     0.000    CLK100MHZ
    E3                   IBUF (Prop_ibuf_I_O)         0.438     0.438 r  CLK100MHZ_IBUF_inst/O
                         net (fo=1, routed)           0.699     1.136    CLK100MHZ_IBUF
    BUFGCTRL_X0Y16       BUFG (Prop_bufg_I_O)         0.029     1.165 r  CLK100MHZ_IBUF_BUFG_inst/O
                         net (fo=7171, routed)        0.898     2.063    u_link/u_core/CLK100MHZ_IBUF_BUFG
    SLICE_X52Y174        FDSE                                         r  u_link/u_core/lfsr_reg[25]/C
                         clock pessimism             -0.255     1.809    <hidden>
    SLICE_X52Y174        FDSE (Hold_fdse_C_D)         0.092     1.901    u_link/u_core/lfsr_reg[25]
  -------------------------------------------------------------------
                         required time                         -1.901    <hidden>
                         arrival time                           2.004    <hidden>
  -------------------------------------------------------------------
                         slack                                  0.103    <hidden>

Slack (MET) :             0.105ns  (arrival time - required time)
  Source:                 u_link/u_core/hB_reg[6][11]/C
                            (rising edge-triggered cell FDRE clocked by sys_clk_pin  {rise@0.000ns fall@5.000ns period=10.000ns})
  Destination:            u_link/u_core/gB_reg[6][11]/D
                            (rising edge-triggered cell FDRE clocked by sys_clk_pin  {rise@0.000ns fall@5.000ns period=10.000ns})
  Path Group:             sys_clk_pin
  Path Type:              Hold (Min at Fast Process Corner)
  Requirement:            0.000ns  (sys_clk_pin rise@0.000ns - sys_clk_pin rise@0.000ns)
  Data Path Delay:        0.591ns  (logic 0.250ns (42.293%)  route 0.341ns (57.707%))
  Logic Levels:           2  (CARRY4=1 LUT5=1)
  Clock Path Skew:        0.352ns (DCD - SCD - CPR)
    Destination Clock Delay (DCD):    2.086ns
    Source Clock Delay      (SCD):    1.483ns
    Clock Pessimism Removal (CPR):    0.250ns

    Location             Delay type                Incr(ns)  Path(ns)    Netlist Resource(s)
  -------------------------------------------------------------------    -------------------
                         (clock sys_clk_pin rise edge)
                                                      0.000     0.000 r  <hidden>
    E3                                                0.000     0.000 r  CLK100MHZ
                         net (fo=0)                   0.000     0.000    CLK100MHZ
    E3                   IBUF (Prop_ibuf_I_O)         0.250     0.250 r  CLK100MHZ_IBUF_inst/O
                         net (fo=1, routed)           0.644     0.894    CLK100MHZ_IBUF
    BUFGCTRL_X0Y16       BUFG (Prop_bufg_I_O)         0.026     0.920 r  CLK100MHZ_IBUF_BUFG_inst/O
                         net (fo=7171, routed)        0.564     1.483    u_link/u_core/CLK100MHZ_IBUF_BUFG
    SLICE_X36Y145        FDRE                                         r  u_link/u_core/hB_reg[6][11]/C
  -------------------------------------------------------------------    -------------------
    SLICE_X36Y145        FDRE (Prop_fdre_C_Q)         0.141     1.624 r  u_link/u_core/hB_reg[6][11]/Q
                         net (fo=6, routed)           0.341     1.966    u_link/u_core/hB_reg[6]_131[11]
    SLICE_X34Y155        LUT5 (Prop_lut5_I4_O)        0.045     2.011 r  u_link/u_core/gB[6][11]_i_6/O
                         net (fo=1, routed)           0.000     2.011    u_link/u_core/gB[6][11]_i_6_n_0
    SLICE_X34Y155        CARRY4 (Prop_carry4_S[3]_O[3])
                                                      0.064     2.075 r  u_link/u_core/gB_reg[6][11]_i_1/O[3]
                         net (fo=1, routed)           0.000     2.075    u_link/u_core/gB_reg[6][11]_i_1_n_4
    SLICE_X34Y155        FDRE                                         r  u_link/u_core/gB_reg[6][11]/D
  -------------------------------------------------------------------    -------------------

                         (clock sys_clk_pin rise edge)
                                                      0.000     0.000 r  <hidden>
    E3                                                0.000     0.000 r  CLK100MHZ
                         net (fo=0)                   0.000     0.000    CLK100MHZ
    E3                   IBUF (Prop_ibuf_I_O)         0.438     0.438 r  CLK100MHZ_IBUF_inst/O
                         net (fo=1, routed)           0.699     1.136    CLK100MHZ_IBUF
    BUFGCTRL_X0Y16       BUFG (Prop_bufg_I_O)         0.029     1.165 r  CLK100MHZ_IBUF_BUFG_inst/O
                         net (fo=7171, routed)        0.921     2.086    u_link/u_core/CLK100MHZ_IBUF_BUFG
    SLICE_X34Y155        FDRE                                         r  u_link/u_core/gB_reg[6][11]/C
                         clock pessimism             -0.250     1.836    <hidden>
    SLICE_X34Y155        FDRE (Hold_fdre_C_D)         0.134     1.970    u_link/u_core/gB_reg[6][11]
  -------------------------------------------------------------------
                         required time                         -1.970    <hidden>
                         arrival time                           2.075    <hidden>
  -------------------------------------------------------------------
                         slack                                  0.105    <hidden>

Slack (MET) :             0.108ns  (arrival time - required time)
  Source:                 u_link/u_core/hA_reg[2][12]/C
                            (rising edge-triggered cell FDRE clocked by sys_clk_pin  {rise@0.000ns fall@5.000ns period=10.000ns})
  Destination:            u_link/u_core/gA_reg[2][12]/D
                            (rising edge-triggered cell FDRE clocked by sys_clk_pin  {rise@0.000ns fall@5.000ns period=10.000ns})
  Path Group:             sys_clk_pin
  Path Type:              Hold (Min at Fast Process Corner)
  Requirement:            0.000ns  (sys_clk_pin rise@0.000ns - sys_clk_pin rise@0.000ns)
  Data Path Delay:        0.568ns  (logic 0.256ns (45.101%)  route 0.312ns (54.899%))
  Logic Levels:           2  (CARRY4=1 LUT5=1)
  Clock Path Skew:        0.354ns (DCD - SCD - CPR)
    Destination Clock Delay (DCD):    2.091ns
    Source Clock Delay      (SCD):    1.486ns
    Clock Pessimism Removal (CPR):    0.250ns

    Location             Delay type                Incr(ns)  Path(ns)    Netlist Resource(s)
  -------------------------------------------------------------------    -------------------
                         (clock sys_clk_pin rise edge)
                                                      0.000     0.000 r  <hidden>
    E3                                                0.000     0.000 r  CLK100MHZ
                         net (fo=0)                   0.000     0.000    CLK100MHZ
    E3                   IBUF (Prop_ibuf_I_O)         0.250     0.250 r  CLK100MHZ_IBUF_inst/O
                         net (fo=1, routed)           0.644     0.894    CLK100MHZ_IBUF
    BUFGCTRL_X0Y16       BUFG (Prop_bufg_I_O)         0.026     0.920 r  CLK100MHZ_IBUF_BUFG_inst/O
                         net (fo=7171, routed)        0.567     1.486    u_link/u_core/CLK100MHZ_IBUF_BUFG
    SLICE_X29Y149        FDRE                                         r  u_link/u_core/hA_reg[2][12]/C
  -------------------------------------------------------------------    -------------------
    SLICE_X29Y149        FDRE (Prop_fdre_C_Q)         0.141     1.627 r  u_link/u_core/hA_reg[2][12]/Q
                         net (fo=6, routed)           0.312     1.939    u_link/u_core/hA_reg[2]_120[12]
    SLICE_X22Y155        LUT5 (Prop_lut5_I4_O)        0.045     1.984 r  u_link/u_core/gA[2][15]_i_8/O
                         net (fo=1, routed)           0.000     1.984    u_link/u_core/gA[2][15]_i_8_n_0
    SLICE_X22Y155        CARRY4 (Prop_carry4_S[0]_O[0])
                                                      0.070     2.054 r  u_link/u_core/gA_reg[2][15]_i_1/O[0]
                         net (fo=1, routed)           0.000     2.054    u_link/u_core/gA_reg[2][15]_i_1_n_7
    SLICE_X22Y155        FDRE                                         r  u_link/u_core/gA_reg[2][12]/D
  -------------------------------------------------------------------    -------------------

                         (clock sys_clk_pin rise edge)
                                                      0.000     0.000 r  <hidden>
    E3                                                0.000     0.000 r  CLK100MHZ
                         net (fo=0)                   0.000     0.000    CLK100MHZ
    E3                   IBUF (Prop_ibuf_I_O)         0.438     0.438 r  CLK100MHZ_IBUF_inst/O
                         net (fo=1, routed)           0.699     1.136    CLK100MHZ_IBUF
    BUFGCTRL_X0Y16       BUFG (Prop_bufg_I_O)         0.029     1.165 r  CLK100MHZ_IBUF_BUFG_inst/O
                         net (fo=7171, routed)        0.926     2.091    u_link/u_core/CLK100MHZ_IBUF_BUFG
    SLICE_X22Y155        FDRE                                         r  u_link/u_core/gA_reg[2][12]/C
                         clock pessimism             -0.250     1.841    <hidden>
    SLICE_X22Y155        FDRE (Hold_fdre_C_D)         0.105     1.946    u_link/u_core/gA_reg[2][12]
  -------------------------------------------------------------------
                         required time                         -1.946    <hidden>
                         arrival time                           2.054    <hidden>
  -------------------------------------------------------------------
                         slack                                  0.108    <hidden>

Slack (MET) :             0.109ns  (arrival time - required time)
  Source:                 u_link/u_core/h_reg[21][4]/C
                            (rising edge-triggered cell FDRE clocked by sys_clk_pin  {rise@0.000ns fall@5.000ns period=10.000ns})
  Destination:            u_link/u_core/hprev_reg[21][4]/D
                            (rising edge-triggered cell FDRE clocked by sys_clk_pin  {rise@0.000ns fall@5.000ns period=10.000ns})
  Path Group:             sys_clk_pin
  Path Type:              Hold (Min at Fast Process Corner)
  Requirement:            0.000ns  (sys_clk_pin rise@0.000ns - sys_clk_pin rise@0.000ns)
  Data Path Delay:        0.443ns  (logic 0.141ns (31.797%)  route 0.302ns (68.203%))
  Logic Levels:           0  
  Clock Path Skew:        0.271ns (DCD - SCD - CPR)
    Destination Clock Delay (DCD):    1.988ns
    Source Clock Delay      (SCD):    1.466ns
    Clock Pessimism Removal (CPR):    0.250ns

    Location             Delay type                Incr(ns)  Path(ns)    Netlist Resource(s)
  -------------------------------------------------------------------    -------------------
                         (clock sys_clk_pin rise edge)
                                                      0.000     0.000 r  <hidden>
    E3                                                0.000     0.000 r  CLK100MHZ
                         net (fo=0)                   0.000     0.000    CLK100MHZ
    E3                   IBUF (Prop_ibuf_I_O)         0.250     0.250 r  CLK100MHZ_IBUF_inst/O
                         net (fo=1, routed)           0.644     0.894    CLK100MHZ_IBUF
    BUFGCTRL_X0Y16       BUFG (Prop_bufg_I_O)         0.026     0.920 r  CLK100MHZ_IBUF_BUFG_inst/O
                         net (fo=7171, routed)        0.547     1.466    u_link/u_core/CLK100MHZ_IBUF_BUFG
    SLICE_X49Y124        FDRE                                         r  u_link/u_core/h_reg[21][4]/C
  -------------------------------------------------------------------    -------------------
    SLICE_X49Y124        FDRE (Prop_fdre_C_Q)         0.141     1.607 r  u_link/u_core/h_reg[21][4]/Q
                         net (fo=3, routed)           0.302     1.910    u_link/u_core/h_reg[21]_91[4]
    SLICE_X56Y115        FDRE                                         r  u_link/u_core/hprev_reg[21][4]/D
  -------------------------------------------------------------------    -------------------

                         (clock sys_clk_pin rise edge)
                                                      0.000     0.000 r  <hidden>
    E3                                                0.000     0.000 r  CLK100MHZ
                         net (fo=0)                   0.000     0.000    CLK100MHZ
    E3                   IBUF (Prop_ibuf_I_O)         0.438     0.438 r  CLK100MHZ_IBUF_inst/O
                         net (fo=1, routed)           0.699     1.136    CLK100MHZ_IBUF
    BUFGCTRL_X0Y16       BUFG (Prop_bufg_I_O)         0.029     1.165 r  CLK100MHZ_IBUF_BUFG_inst/O
                         net (fo=7171, routed)        0.823     1.988    u_link/u_core/CLK100MHZ_IBUF_BUFG
    SLICE_X56Y115        FDRE                                         r  u_link/u_core/hprev_reg[21][4]/C
                         clock pessimism             -0.250     1.737    <hidden>
    SLICE_X56Y115        FDRE (Hold_fdre_C_D)         0.064     1.801    u_link/u_core/hprev_reg[21][4]
  -------------------------------------------------------------------
                         required time                         -1.801    <hidden>
                         arrival time                           1.910    <hidden>
  -------------------------------------------------------------------
                         slack                                  0.109    <hidden>

Slack (MET) :             0.111ns  (arrival time - required time)
  Source:                 u_link/u_core/hB_reg[0][11]/C
                            (rising edge-triggered cell FDRE clocked by sys_clk_pin  {rise@0.000ns fall@5.000ns period=10.000ns})
  Destination:            u_link/u_core/gB_reg[0][11]/D
                            (rising edge-triggered cell FDRE clocked by sys_clk_pin  {rise@0.000ns fall@5.000ns period=10.000ns})
  Path Group:             sys_clk_pin
  Path Type:              Hold (Min at Fast Process Corner)
  Requirement:            0.000ns  (sys_clk_pin rise@0.000ns - sys_clk_pin rise@0.000ns)
  Data Path Delay:        0.567ns  (logic 0.249ns (43.935%)  route 0.318ns (56.065%))
  Logic Levels:           2  (CARRY4=1 LUT5=1)
  Clock Path Skew:        0.350ns (DCD - SCD - CPR)
    Destination Clock Delay (DCD):    2.085ns
    Source Clock Delay      (SCD):    1.484ns
    Clock Pessimism Removal (CPR):    0.250ns

    Location             Delay type                Incr(ns)  Path(ns)    Netlist Resource(s)
  -------------------------------------------------------------------    -------------------
                         (clock sys_clk_pin rise edge)
                                                      0.000     0.000 r  <hidden>
    E3                                                0.000     0.000 r  CLK100MHZ
                         net (fo=0)                   0.000     0.000    CLK100MHZ
    E3                   IBUF (Prop_ibuf_I_O)         0.250     0.250 r  CLK100MHZ_IBUF_inst/O
                         net (fo=1, routed)           0.644     0.894    CLK100MHZ_IBUF
    BUFGCTRL_X0Y16       BUFG (Prop_bufg_I_O)         0.026     0.920 r  CLK100MHZ_IBUF_BUFG_inst/O
                         net (fo=7171, routed)        0.565     1.484    u_link/u_core/CLK100MHZ_IBUF_BUFG
    SLICE_X37Y149        FDRE                                         r  u_link/u_core/hB_reg[0][11]/C
  -------------------------------------------------------------------    -------------------
    SLICE_X37Y149        FDRE (Prop_fdre_C_Q)         0.141     1.625 r  u_link/u_core/hB_reg[0][11]/Q
                         net (fo=6, routed)           0.318     1.943    u_link/u_core/hB_reg[0]_113[11]
    SLICE_X37Y157        LUT5 (Prop_lut5_I4_O)        0.045     1.988 r  u_link/u_core/gB[0][11]_i_6/O
                         net (fo=1, routed)           0.000     1.988    u_link/u_core/gB[0][11]_i_6_n_0
    SLICE_X37Y157        CARRY4 (Prop_carry4_S[3]_O[3])
                                                      0.063     2.051 r  u_link/u_core/gB_reg[0][11]_i_1/O[3]
                         net (fo=1, routed)           0.000     2.051    u_link/u_core/gB_reg[0][11]_i_1_n_4
    SLICE_X37Y157        FDRE                                         r  u_link/u_core/gB_reg[0][11]/D
  -------------------------------------------------------------------    -------------------

                         (clock sys_clk_pin rise edge)
                                                      0.000     0.000 r  <hidden>
    E3                                                0.000     0.000 r  CLK100MHZ
                         net (fo=0)                   0.000     0.000    CLK100MHZ
    E3                   IBUF (Prop_ibuf_I_O)         0.438     0.438 r  CLK100MHZ_IBUF_inst/O
                         net (fo=1, routed)           0.699     1.136    CLK100MHZ_IBUF
    BUFGCTRL_X0Y16       BUFG (Prop_bufg_I_O)         0.029     1.165 r  CLK100MHZ_IBUF_BUFG_inst/O
                         net (fo=7171, routed)        0.920     2.085    u_link/u_core/CLK100MHZ_IBUF_BUFG
    SLICE_X37Y157        FDRE                                         r  u_link/u_core/gB_reg[0][11]/C
                         clock pessimism             -0.250     1.835    <hidden>
    SLICE_X37Y157        FDRE (Hold_fdre_C_D)         0.105     1.940    u_link/u_core/gB_reg[0][11]
  -------------------------------------------------------------------
                         required time                         -1.940    <hidden>
                         arrival time                           2.051    <hidden>
  -------------------------------------------------------------------
                         slack                                  0.111    <hidden>





Pulse Width Checks
--------------------------------------------------------------------------------------
Clock Name:         sys_clk_pin
Waveform(ns):       { 0.000 5.000 }
Period(ns):         10.000
Sources:            { CLK100MHZ }

Check Type        Corner  Lib Pin             Reference Pin  Required(ns)  Actual(ns)  Slack(ns)  Location        Pin
Min Period        n/a     RAMB36E1/CLKARDCLK  n/a            2.944         10.000      7.056      RAMB36_X1Y35    u_link/u_core/E_reg_0/CLKARDCLK
Min Period        n/a     RAMB36E1/CLKARDCLK  n/a            2.944         10.000      7.056      RAMB36_X1Y34    u_link/u_core/E_reg_1/CLKARDCLK
Min Period        n/a     RAMB18E1/CLKARDCLK  n/a            2.944         10.000      7.056      RAMB18_X0Y68    u_link/u_core/Prow_reg/CLKARDCLK
Min Period        n/a     RAMB18E1/CLKBWRCLK  n/a            2.944         10.000      7.056      RAMB18_X0Y68    u_link/u_core/Prow_reg/CLKBWRCLK
Min Period        n/a     RAMB18E1/CLKARDCLK  n/a            2.944         10.000      7.056      RAMB18_X1Y64    u_link/u_core/Wh_reg/CLKARDCLK
Min Period        n/a     RAMB36E1/CLKBWRCLK  n/a            2.576         10.000      7.424      RAMB36_X1Y35    u_link/u_core/E_reg_0/CLKBWRCLK
Min Period        n/a     RAMB36E1/CLKBWRCLK  n/a            2.576         10.000      7.424      RAMB36_X1Y34    u_link/u_core/E_reg_1/CLKBWRCLK
Min Period        n/a     RAMB18E1/CLKBWRCLK  n/a            2.576         10.000      7.424      RAMB18_X1Y64    u_link/u_core/Wh_reg/CLKBWRCLK
Min Period        n/a     BUFG/I              n/a            2.155         10.000      7.845      BUFGCTRL_X0Y16  CLK100MHZ_IBUF_BUFG_inst/I
Min Period        n/a     FDRE/C              n/a            1.000         10.000      9.000      SLICE_X0Y46     hb_reg[0]/C
Low Pulse Width   Slow    RAMS32/CLK          n/a            1.250         5.000       3.750      SLICE_X50Y173   u_link/u_core/ntp_reg_0_1_0_0/SP/CLK
Low Pulse Width   Fast    RAMS32/CLK          n/a            1.250         5.000       3.750      SLICE_X50Y173   u_link/u_core/ntp_reg_0_1_0_0/SP/CLK
Low Pulse Width   Slow    RAMS32/CLK          n/a            1.250         5.000       3.750      SLICE_X50Y173   u_link/u_core/ntp_reg_0_1_1_1/SP/CLK
Low Pulse Width   Fast    RAMS32/CLK          n/a            1.250         5.000       3.750      SLICE_X50Y173   u_link/u_core/ntp_reg_0_1_1_1/SP/CLK
Low Pulse Width   Slow    RAMS32/CLK          n/a            1.250         5.000       3.750      SLICE_X50Y173   u_link/u_core/ntp_reg_0_1_2_2/SP/CLK
Low Pulse Width   Fast    RAMS32/CLK          n/a            1.250         5.000       3.750      SLICE_X50Y173   u_link/u_core/ntp_reg_0_1_2_2/SP/CLK
Low Pulse Width   Slow    RAMS32/CLK          n/a            1.250         5.000       3.750      SLICE_X50Y173   u_link/u_core/ntp_reg_0_1_3_3/SP/CLK
Low Pulse Width   Fast    RAMS32/CLK          n/a            1.250         5.000       3.750      SLICE_X50Y173   u_link/u_core/ntp_reg_0_1_3_3/SP/CLK
Low Pulse Width   Slow    RAMS32/CLK          n/a            1.250         5.000       3.750      SLICE_X50Y174   u_link/u_core/ntp_reg_0_1_4_4/SP/CLK
Low Pulse Width   Fast    RAMS32/CLK          n/a            1.250         5.000       3.750      SLICE_X50Y174   u_link/u_core/ntp_reg_0_1_4_4/SP/CLK
High Pulse Width  Slow    RAMS32/CLK          n/a            1.250         5.000       3.750      SLICE_X50Y173   u_link/u_core/ntp_reg_0_1_0_0/SP/CLK
High Pulse Width  Fast    RAMS32/CLK          n/a            1.250         5.000       3.750      SLICE_X50Y173   u_link/u_core/ntp_reg_0_1_0_0/SP/CLK
High Pulse Width  Slow    RAMS32/CLK          n/a            1.250         5.000       3.750      SLICE_X50Y173   u_link/u_core/ntp_reg_0_1_1_1/SP/CLK
High Pulse Width  Fast    RAMS32/CLK          n/a            1.250         5.000       3.750      SLICE_X50Y173   u_link/u_core/ntp_reg_0_1_1_1/SP/CLK
High Pulse Width  Slow    RAMS32/CLK          n/a            1.250         5.000       3.750      SLICE_X50Y173   u_link/u_core/ntp_reg_0_1_2_2/SP/CLK
High Pulse Width  Fast    RAMS32/CLK          n/a            1.250         5.000       3.750      SLICE_X50Y173   u_link/u_core/ntp_reg_0_1_2_2/SP/CLK
High Pulse Width  Slow    RAMS32/CLK          n/a            1.250         5.000       3.750      SLICE_X50Y173   u_link/u_core/ntp_reg_0_1_3_3/SP/CLK
High Pulse Width  Fast    RAMS32/CLK          n/a            1.250         5.000       3.750      SLICE_X50Y173   u_link/u_core/ntp_reg_0_1_3_3/SP/CLK
High Pulse Width  Slow    RAMS32/CLK          n/a            1.250         5.000       3.750      SLICE_X50Y174   u_link/u_core/ntp_reg_0_1_4_4/SP/CLK
High Pulse Width  Fast    RAMS32/CLK          n/a            1.250         5.000       3.750      SLICE_X50Y174   u_link/u_core/ntp_reg_0_1_4_4/SP/CLK



