INFO: [Common 17-3922] A valid Vivado Design Suite BASIC license has been detected. Your current license is active and will expire on 13-aug-2027.
#-----------------------------------------------------------
# Vivado v2026.1 (64-bit)
# SW Build 6511674 on Tue Jun 16 11:02:23 MDT 2026
# IP Build 6504888 on Tue Jun 09 09:05:25 MDT 2026
# SharedData Build 6501428 on Mon Jun 08 17:34:18 MDT 2026
# Start of session at: Fri Sep  4 12:36:44 2026
# Process ID         : 24836
# Current directory  : D:/Jetking_sem4/SEM_4/arty-a7-online-lm-g14-preboard-00/results/A7-NATIVE-GRAPH/GROK-ORCH-00/U2-OPTIMIZED-FULLCHIP-COFIT-00
# Command line       : vivado.exe -mode batch -notrace -source D:\Jetking_sem4\SEM_4\arty-a7-online-lm-g14-preboard-00\results\A7-NATIVE-GRAPH\GROK-ORCH-00\U2-OPTIMIZED-FULLCHIP-COFIT-00\build_u2_fullchip.tcl -log D:\Jetking_sem4\SEM_4\arty-a7-online-lm-g14-preboard-00\results\A7-NATIVE-GRAPH\GROK-ORCH-00\U2-OPTIMIZED-FULLCHIP-COFIT-00\u2_fullchip.log -journal D:\Jetking_sem4\SEM_4\arty-a7-online-lm-g14-preboard-00\results\A7-NATIVE-GRAPH\GROK-ORCH-00\U2-OPTIMIZED-FULLCHIP-COFIT-00\u2_fullchip.jou
# Log file           : D:/Jetking_sem4/SEM_4/arty-a7-online-lm-g14-preboard-00/results/A7-NATIVE-GRAPH/GROK-ORCH-00/U2-OPTIMIZED-FULLCHIP-COFIT-00/u2_fullchip.log
# Journal file       : D:\Jetking_sem4\SEM_4\arty-a7-online-lm-g14-preboard-00\results\A7-NATIVE-GRAPH\GROK-ORCH-00\U2-OPTIMIZED-FULLCHIP-COFIT-00\u2_fullchip.jou
# Running On         : laptop-Quan
# Platform           : Windows 11
# Operating System   : 22621
# Processor Detail   : AMD Ryzen 7 5800HS with Radeon Graphics         
# CPU Frequency      : 3194 MHz
# CPU Physical cores : 8
# CPU Logical cores  : 16
# Host memory        : 16541 MB
# Swap memory        : 33756 MB
# Total Virtual      : 50298 MB
# Available Virtual  : 26227 MB
#-----------------------------------------------------------
Sourcing tcl script 'C:/2026.1/Vivado/scripts/Vivado_init.tcl'
vivado-mcp server ready on port 9999
source {D:\Jetking_sem4\SEM_4\arty-a7-online-lm-g14-preboard-00\results\A7-NATIVE-GRAPH\GROK-ORCH-00\U2-OPTIMIZED-FULLCHIP-COFIT-00\build_u2_fullchip.tcl} -notrace
VIVADO maxThreads=8
ROOT=D:/Jetking_sem4/SEM_4/arty-a7-online-lm-g14-preboard-00
BAG=D:/Jetking_sem4/SEM_4/arty-a7-online-lm-g14-preboard-00/results/A7-NATIVE-GRAPH/GROK-ORCH-00/U2-OPTIMIZED-FULLCHIP-COFIT-00
EXEC: U2-OPTIMIZED-FULLCHIP-COFIT-00 PHYS=4 PROGRAM=NO NO_FINAL_BIT_CLAIM
BIT_PATH=D:/Jetking_sem4/SEM_4/arty-a7-online-lm-g14-preboard-00/results/A7-NATIVE-GRAPH/GROK-ORCH-00/U2-OPTIMIZED-FULLCHIP-COFIT-00/u2_optimized_fullchip_NOT_FINAL.bit
CANDIDATE_CDC_SHA256=5AF2FBDA5E9D2E0F1527BD9E89D6935CDC7722BD775DCE0870683C215A06539D
CANDIDATE_TOP_SHA256=00613B8A6FD060004EC6BFAA060566A938562513E0BA8D0C53EE759FC9907135
CANDIDATE_TILE_SHA256=06F62A3A71E00B2A8F8B6D7277488544ABD1556B03F6FE88165E24EC6A4CB430
CANDIDATE_DMA_SHA256=20BAE36ECCB6C94C2C5C9635D5FB7F771F09539E252316CC75D8F723810AD7C5
CANDIDATE_CORE_SHA256=75706E2C804C4044CF7A76638978A617A83DE0D4E7D5A37EF703C974E8EFB5FB
CANDIDATE_BIND_SHA256=C5F57AD1F0A81BB998234BC885EACA5EC7A4F19279E1EDBFDC5DADE163FC94CC
CANDIDATE_CUE_SHA256=DA2DAEA920C64F98EEAD148525114EB3187EF576109DC7892E61646B9C645AF8
CANDIDATE_HEAP_SHA256=DFD90C7AA1A6D71298D5DF2A7E2A160D6CF88930757B3C9EFA1B0749327D8E19
CANDIDATE_WF_SHA256=E9BB5F8308124C3AA616536E6295A1F7EA52000F153E7DA2F848D77DC125320D
CANDIDATE_BOOT_SHA256=C02C8D9E190BBBCEDE86A359B6FE697C80BAF2CA1359232100F12FE70C7B52EF
U2_SHA_RECORD_ONLY current 281-cycle ping-pong lineage; no historical G1G5 pin
INFO: [ProjectBase 1-489] The host OS only allows 260 characters in a normal path. The project is stored in a path with more than 80 characters. If you experience issues with IP, Block Designs, or files not being found, please consider moving the project to a location with a shorter path. Alternately consider using the OS subst command to map part of the path to a drive letter.
Current project path is 'D:/Jetking_sem4/SEM_4/arty-a7-online-lm-g14-preboard-00/build/u2_optimized_fullchip_cofit_00'
INFO: [IP_Flow 19-234] Refreshing IP repositories
INFO: [IP_Flow 19-1704] No user IP repositories specified
INFO: [IP_Flow 19-2313] Loaded Vivado IP repository 'C:/2026.1/Vivado/data/ip'.
WARNING: [Vivado 12-13650] The IP file 'D:/Jetking_sem4/SEM_4/arty-a7-online-lm-g14-preboard-00/vivado/ip/mig_7series_0/mig_7series_0.xci' has been moved from its original location, as a result the outputs for this IP will now be generated in 'd:/Jetking_sem4/SEM_4/arty-a7-online-lm-g14-preboard-00/vivado/ip/mig_7series_0'. Alternatively a copy of the IP can be imported into the project using one of the 'import_ip' or 'import_files' commands.
=== SYNTH U2-OPTIMIZED-FULLCHIP-COFIT-00 ===
Command: synth_design -top arty_a7_ng_native_v1_ab_soc_top -part xc7a100tcsg324-1 -generic SIM_FULL=0 -generic PHYS=4 -flatten_hierarchy rebuilt
Starting synth_design
Attempting to get a license for feature 'Vivado_Synthesis' and/or device 'xc7a100t'
INFO: [Common 17-349] Got license for feature 'Vivado_Synthesis' and/or device 'xc7a100t'
INFO: [Device 21-403] Loading part xc7a100tcsg324-1
INFO: [Designutils 20-5008] Incremental synthesis strategy default
INFO: [Synth 8-7079] Multithreading enabled for synth_design using a maximum of 7 processes.
INFO: [Synth 8-7078] Launching helper process for spawning children vivado processes
INFO: [Synth 8-7075] Helper process launched with PID 5752
---------------------------------------------------------------------------------
Starting RTL Elaboration : Time (s): cpu = 00:00:07 ; elapsed = 00:00:08 . Memory (MB): peak = 1416.262 ; gain = 578.410
---------------------------------------------------------------------------------
WARNING: [Synth 8-10515] begin/end is required for generate-for in this mode of Verilog [d:/Jetking_sem4/SEM_4/arty-a7-online-lm-g14-preboard-00/vivado/ip/mig_7series_0/mig_7series_0/user_design/rtl/controller/mig_7series_v4_2_arb_row_col.v:253]
INFO: [Synth 8-11241] undeclared symbol 'dbg_sel_po_incdec', assumed default net type 'wire' [d:/Jetking_sem4/SEM_4/arty-a7-online-lm-g14-preboard-00/vivado/ip/mig_7series_0/mig_7series_0/user_design/rtl/mig_7series_0_mig.v:1222]
INFO: [Synth 8-11241] undeclared symbol 'dbg_po_f_inc', assumed default net type 'wire' [d:/Jetking_sem4/SEM_4/arty-a7-online-lm-g14-preboard-00/vivado/ip/mig_7series_0/mig_7series_0/user_design/rtl/mig_7series_0_mig.v:1226]
INFO: [Synth 8-11241] undeclared symbol 'dbg_po_f_stg23_sel', assumed default net type 'wire' [d:/Jetking_sem4/SEM_4/arty-a7-online-lm-g14-preboard-00/vivado/ip/mig_7series_0/mig_7series_0/user_design/rtl/mig_7series_0_mig.v:1227]
INFO: [Synth 8-11241] undeclared symbol 'dbg_po_f_dec', assumed default net type 'wire' [d:/Jetking_sem4/SEM_4/arty-a7-online-lm-g14-preboard-00/vivado/ip/mig_7series_0/mig_7series_0/user_design/rtl/mig_7series_0_mig.v:1228]
INFO: [Synth 8-6157] synthesizing module 'arty_a7_ng_native_v1_ab_soc_top' [D:/Jetking_sem4/SEM_4/arty-a7-online-lm-g14-preboard-00/rtl/board/arty_a7_ng_native_v1_ab_soc_top.sv:5]
	Parameter PHYS bound to: 32'b00000000000000000000000000000100 
INFO: [Synth 8-6157] synthesizing module 'sync_bits' [D:/Jetking_sem4/SEM_4/arty-a7-online-lm-g14-preboard-00/rtl/board/sync_bits.sv:2]
	Parameter WIDTH bound to: 32'sb00000000000000000000000000000010 
INFO: [Synth 8-6155] done synthesizing module 'sync_bits' (0#1) [D:/Jetking_sem4/SEM_4/arty-a7-online-lm-g14-preboard-00/rtl/board/sync_bits.sv:2]
INFO: [Synth 8-6157] synthesizing module 'clk_arty_ddr' [D:/Jetking_sem4/SEM_4/arty-a7-online-lm-g14-preboard-00/rtl/ddr/clk_arty_ddr.sv:3]
INFO: [Synth 8-6157] synthesizing module 'MMCME2_BASE' [C:/2026.1/Vivado/scripts/rt/data/unisim_comp.v:95844]
	Parameter BANDWIDTH bound to: OPTIMIZED - type: string 
	Parameter CLKFBOUT_MULT_F bound to: 1.000000e+01 - type: double 
	Parameter CLKIN1_PERIOD bound to: 1.000000e+01 - type: double 
	Parameter CLKOUT0_DIVIDE_F bound to: 6.000000e+00 - type: double 
	Parameter CLKOUT1_DIVIDE bound to: 5 - type: integer 
	Parameter DIVCLK_DIVIDE bound to: 1 - type: integer 
	Parameter STARTUP_WAIT bound to: FALSE - type: string 
INFO: [Synth 8-6155] done synthesizing module 'MMCME2_BASE' (0#1) [C:/2026.1/Vivado/scripts/rt/data/unisim_comp.v:95844]
WARNING: [Synth 8-7071] port 'CLKFBOUTB' of module 'MMCME2_BASE' is unconnected for instance 'mmcm_i' [D:/Jetking_sem4/SEM_4/arty-a7-online-lm-g14-preboard-00/rtl/ddr/clk_arty_ddr.sv:20]
WARNING: [Synth 8-7071] port 'CLKOUT0B' of module 'MMCME2_BASE' is unconnected for instance 'mmcm_i' [D:/Jetking_sem4/SEM_4/arty-a7-online-lm-g14-preboard-00/rtl/ddr/clk_arty_ddr.sv:20]
WARNING: [Synth 8-7071] port 'CLKOUT1B' of module 'MMCME2_BASE' is unconnected for instance 'mmcm_i' [D:/Jetking_sem4/SEM_4/arty-a7-online-lm-g14-preboard-00/rtl/ddr/clk_arty_ddr.sv:20]
WARNING: [Synth 8-7071] port 'CLKOUT2' of module 'MMCME2_BASE' is unconnected for instance 'mmcm_i' [D:/Jetking_sem4/SEM_4/arty-a7-online-lm-g14-preboard-00/rtl/ddr/clk_arty_ddr.sv:20]
WARNING: [Synth 8-7071] port 'CLKOUT2B' of module 'MMCME2_BASE' is unconnected for instance 'mmcm_i' [D:/Jetking_sem4/SEM_4/arty-a7-online-lm-g14-preboard-00/rtl/ddr/clk_arty_ddr.sv:20]
WARNING: [Synth 8-7071] port 'CLKOUT3' of module 'MMCME2_BASE' is unconnected for instance 'mmcm_i' [D:/Jetking_sem4/SEM_4/arty-a7-online-lm-g14-preboard-00/rtl/ddr/clk_arty_ddr.sv:20]
WARNING: [Synth 8-7071] port 'CLKOUT3B' of module 'MMCME2_BASE' is unconnected for instance 'mmcm_i' [D:/Jetking_sem4/SEM_4/arty-a7-online-lm-g14-preboard-00/rtl/ddr/clk_arty_ddr.sv:20]
WARNING: [Synth 8-7071] port 'CLKOUT4' of module 'MMCME2_BASE' is unconnected for instance 'mmcm_i' [D:/Jetking_sem4/SEM_4/arty-a7-online-lm-g14-preboard-00/rtl/ddr/clk_arty_ddr.sv:20]
WARNING: [Synth 8-7071] port 'CLKOUT5' of module 'MMCME2_BASE' is unconnected for instance 'mmcm_i' [D:/Jetking_sem4/SEM_4/arty-a7-online-lm-g14-preboard-00/rtl/ddr/clk_arty_ddr.sv:20]
WARNING: [Synth 8-7071] port 'CLKOUT6' of module 'MMCME2_BASE' is unconnected for instance 'mmcm_i' [D:/Jetking_sem4/SEM_4/arty-a7-online-lm-g14-preboard-00/rtl/ddr/clk_arty_ddr.sv:20]
WARNING: [Synth 8-7023] instance 'mmcm_i' of module 'MMCME2_BASE' has 18 connections declared, but only 8 given [D:/Jetking_sem4/SEM_4/arty-a7-online-lm-g14-preboard-00/rtl/ddr/clk_arty_ddr.sv:20]
INFO: [Synth 8-6157] synthesizing module 'BUFG' [C:/2026.1/Vivado/scripts/rt/data/unisim_comp.v:2678]
INFO: [Synth 8-6155] done synthesizing module 'BUFG' (0#1) [C:/2026.1/Vivado/scripts/rt/data/unisim_comp.v:2678]
INFO: [Synth 8-6155] done synthesizing module 'clk_arty_ddr' (0#1) [D:/Jetking_sem4/SEM_4/arty-a7-online-lm-g14-preboard-00/rtl/ddr/clk_arty_ddr.sv:3]
INFO: [Synth 8-6157] synthesizing module 'clk_core_12p5' [D:/Jetking_sem4/SEM_4/arty-a7-online-lm-g14-preboard-00/rtl/board/clk_core_12p5.sv:3]
INFO: [Synth 8-6157] synthesizing module 'MMCME2_BASE__parameterized0' [C:/2026.1/Vivado/scripts/rt/data/unisim_comp.v:95844]
	Parameter BANDWIDTH bound to: OPTIMIZED - type: string 
	Parameter CLKFBOUT_MULT_F bound to: 1.000000e+01 - type: double 
	Parameter CLKIN1_PERIOD bound to: 1.000000e+01 - type: double 
	Parameter CLKOUT0_DIVIDE_F bound to: 8.000000e+01 - type: double 
	Parameter DIVCLK_DIVIDE bound to: 1 - type: integer 
	Parameter STARTUP_WAIT bound to: FALSE - type: string 
INFO: [Synth 8-6155] done synthesizing module 'MMCME2_BASE__parameterized0' (0#1) [C:/2026.1/Vivado/scripts/rt/data/unisim_comp.v:95844]
WARNING: [Synth 8-7071] port 'CLKFBOUTB' of module 'MMCME2_BASE' is unconnected for instance 'mmcm_i' [D:/Jetking_sem4/SEM_4/arty-a7-online-lm-g14-preboard-00/rtl/board/clk_core_12p5.sv:18]
WARNING: [Synth 8-7071] port 'CLKOUT0B' of module 'MMCME2_BASE' is unconnected for instance 'mmcm_i' [D:/Jetking_sem4/SEM_4/arty-a7-online-lm-g14-preboard-00/rtl/board/clk_core_12p5.sv:18]
WARNING: [Synth 8-7071] port 'CLKOUT1' of module 'MMCME2_BASE' is unconnected for instance 'mmcm_i' [D:/Jetking_sem4/SEM_4/arty-a7-online-lm-g14-preboard-00/rtl/board/clk_core_12p5.sv:18]
WARNING: [Synth 8-7071] port 'CLKOUT1B' of module 'MMCME2_BASE' is unconnected for instance 'mmcm_i' [D:/Jetking_sem4/SEM_4/arty-a7-online-lm-g14-preboard-00/rtl/board/clk_core_12p5.sv:18]
WARNING: [Synth 8-7071] port 'CLKOUT2' of module 'MMCME2_BASE' is unconnected for instance 'mmcm_i' [D:/Jetking_sem4/SEM_4/arty-a7-online-lm-g14-preboard-00/rtl/board/clk_core_12p5.sv:18]
WARNING: [Synth 8-7071] port 'CLKOUT2B' of module 'MMCME2_BASE' is unconnected for instance 'mmcm_i' [D:/Jetking_sem4/SEM_4/arty-a7-online-lm-g14-preboard-00/rtl/board/clk_core_12p5.sv:18]
WARNING: [Synth 8-7071] port 'CLKOUT3' of module 'MMCME2_BASE' is unconnected for instance 'mmcm_i' [D:/Jetking_sem4/SEM_4/arty-a7-online-lm-g14-preboard-00/rtl/board/clk_core_12p5.sv:18]
WARNING: [Synth 8-7071] port 'CLKOUT3B' of module 'MMCME2_BASE' is unconnected for instance 'mmcm_i' [D:/Jetking_sem4/SEM_4/arty-a7-online-lm-g14-preboard-00/rtl/board/clk_core_12p5.sv:18]
WARNING: [Synth 8-7071] port 'CLKOUT4' of module 'MMCME2_BASE' is unconnected for instance 'mmcm_i' [D:/Jetking_sem4/SEM_4/arty-a7-online-lm-g14-preboard-00/rtl/board/clk_core_12p5.sv:18]
WARNING: [Synth 8-7071] port 'CLKOUT5' of module 'MMCME2_BASE' is unconnected for instance 'mmcm_i' [D:/Jetking_sem4/SEM_4/arty-a7-online-lm-g14-preboard-00/rtl/board/clk_core_12p5.sv:18]
WARNING: [Synth 8-7071] port 'CLKOUT6' of module 'MMCME2_BASE' is unconnected for instance 'mmcm_i' [D:/Jetking_sem4/SEM_4/arty-a7-online-lm-g14-preboard-00/rtl/board/clk_core_12p5.sv:18]
WARNING: [Synth 8-7023] instance 'mmcm_i' of module 'MMCME2_BASE' has 18 connections declared, but only 7 given [D:/Jetking_sem4/SEM_4/arty-a7-online-lm-g14-preboard-00/rtl/board/clk_core_12p5.sv:18]
INFO: [Synth 8-6155] done synthesizing module 'clk_core_12p5' (0#1) [D:/Jetking_sem4/SEM_4/arty-a7-online-lm-g14-preboard-00/rtl/board/clk_core_12p5.sv:3]
INFO: [Synth 8-6157] synthesizing module 'sync_bits__parameterized0' [D:/Jetking_sem4/SEM_4/arty-a7-online-lm-g14-preboard-00/rtl/board/sync_bits.sv:2]
	Parameter WIDTH bound to: 32'sb00000000000000000000000000000011 
INFO: [Synth 8-6155] done synthesizing module 'sync_bits__parameterized0' (0#1) [D:/Jetking_sem4/SEM_4/arty-a7-online-lm-g14-preboard-00/rtl/board/sync_bits.sv:2]
INFO: [Synth 8-6157] synthesizing module 'sync_bits__parameterized1' [D:/Jetking_sem4/SEM_4/arty-a7-online-lm-g14-preboard-00/rtl/board/sync_bits.sv:2]
	Parameter WIDTH bound to: 32'sb00000000000000000000000000000001 
INFO: [Synth 8-6155] done synthesizing module 'sync_bits__parameterized1' (0#1) [D:/Jetking_sem4/SEM_4/arty-a7-online-lm-g14-preboard-00/rtl/board/sync_bits.sv:2]
INFO: [Synth 8-6157] synthesizing module 'a7ng_wdma_cdc' [D:/Jetking_sem4/SEM_4/arty-a7-online-lm-g14-preboard-00/rtl/board/a7ng_wdma_cdc.sv:5]
INFO: [Synth 8-6157] synthesizing module 'xpm_fifo_async' [C:/2026.1/Vivado/data/ip/xpm/xpm_fifo/hdl/xpm_fifo.sv:2173]
	Parameter FIFO_MEMORY_TYPE bound to: block - type: string 
	Parameter FIFO_WRITE_DEPTH bound to: 16 - type: integer 
	Parameter WRITE_DATA_WIDTH bound to: 61 - type: integer 
	Parameter WR_DATA_COUNT_WIDTH bound to: 5 - type: integer 
	Parameter USE_ADV_FEATURES bound to: 0000 - type: string 
	Parameter READ_MODE bound to: std - type: string 
	Parameter FIFO_READ_LATENCY bound to: 1 - type: integer 
	Parameter READ_DATA_WIDTH bound to: 61 - type: integer 
	Parameter RD_DATA_COUNT_WIDTH bound to: 5 - type: integer 
	Parameter CDC_SYNC_STAGES bound to: 3 - type: integer 
INFO: [Synth 8-6157] synthesizing module 'xpm_fifo_base' [C:/2026.1/Vivado/data/ip/xpm/xpm_fifo/hdl/xpm_fifo.sv:53]
INFO: [Synth 8-6157] synthesizing module 'xpm_memory_base' [C:/2026.1/Vivado/data/ip/xpm/xpm_memory/hdl/xpm_memory.sv:54]
INFO: [Synth 8-6155] done synthesizing module 'xpm_memory_base' (0#1) [C:/2026.1/Vivado/data/ip/xpm/xpm_memory/hdl/xpm_memory.sv:54]
INFO: [Synth 8-6157] synthesizing module 'xpm_cdc_gray' [C:/2026.1/Vivado/data/ip/xpm/xpm_cdc/hdl/xpm_cdc.sv:283]
INFO: [Synth 8-6155] done synthesizing module 'xpm_cdc_gray' (0#1) [C:/2026.1/Vivado/data/ip/xpm/xpm_cdc/hdl/xpm_cdc.sv:283]
INFO: [Synth 8-6157] synthesizing module 'xpm_fifo_reg_vec' [C:/2026.1/Vivado/data/ip/xpm/xpm_fifo/hdl/xpm_fifo.sv:1905]
INFO: [Synth 8-6155] done synthesizing module 'xpm_fifo_reg_vec' (0#1) [C:/2026.1/Vivado/data/ip/xpm/xpm_fifo/hdl/xpm_fifo.sv:1905]
INFO: [Synth 8-6157] synthesizing module 'xpm_cdc_gray__parameterized0' [C:/2026.1/Vivado/data/ip/xpm/xpm_cdc/hdl/xpm_cdc.sv:283]
INFO: [Synth 8-6155] done synthesizing module 'xpm_cdc_gray__parameterized0' (0#1) [C:/2026.1/Vivado/data/ip/xpm/xpm_cdc/hdl/xpm_cdc.sv:283]
INFO: [Synth 8-6157] synthesizing module 'xpm_fifo_reg_vec__parameterized0' [C:/2026.1/Vivado/data/ip/xpm/xpm_fifo/hdl/xpm_fifo.sv:1905]
INFO: [Synth 8-6155] done synthesizing module 'xpm_fifo_reg_vec__parameterized0' (0#1) [C:/2026.1/Vivado/data/ip/xpm/xpm_fifo/hdl/xpm_fifo.sv:1905]
INFO: [Synth 8-6157] synthesizing module 'xpm_fifo_rst' [C:/2026.1/Vivado/data/ip/xpm/xpm_fifo/hdl/xpm_fifo.sv:1639]
INFO: [Synth 8-6157] synthesizing module 'xpm_cdc_sync_rst' [C:/2026.1/Vivado/data/ip/xpm/xpm_cdc/hdl/xpm_cdc.sv:1059]
INFO: [Synth 8-6155] done synthesizing module 'xpm_cdc_sync_rst' (0#1) [C:/2026.1/Vivado/data/ip/xpm/xpm_cdc/hdl/xpm_cdc.sv:1059]
INFO: [Synth 8-6155] done synthesizing module 'xpm_fifo_rst' (0#1) [C:/2026.1/Vivado/data/ip/xpm/xpm_fifo/hdl/xpm_fifo.sv:1639]
INFO: [Synth 8-6157] synthesizing module 'xpm_fifo_reg_bit' [C:/2026.1/Vivado/data/ip/xpm/xpm_fifo/hdl/xpm_fifo.sv:1927]
INFO: [Synth 8-6155] done synthesizing module 'xpm_fifo_reg_bit' (0#1) [C:/2026.1/Vivado/data/ip/xpm/xpm_fifo/hdl/xpm_fifo.sv:1927]
INFO: [Synth 8-6157] synthesizing module 'xpm_counter_updn' [C:/2026.1/Vivado/data/ip/xpm/xpm_fifo/hdl/xpm_fifo.sv:1879]
INFO: [Synth 8-6155] done synthesizing module 'xpm_counter_updn' (0#1) [C:/2026.1/Vivado/data/ip/xpm/xpm_fifo/hdl/xpm_fifo.sv:1879]
INFO: [Synth 8-6157] synthesizing module 'xpm_counter_updn__parameterized0' [C:/2026.1/Vivado/data/ip/xpm/xpm_fifo/hdl/xpm_fifo.sv:1879]
INFO: [Synth 8-6155] done synthesizing module 'xpm_counter_updn__parameterized0' (0#1) [C:/2026.1/Vivado/data/ip/xpm/xpm_fifo/hdl/xpm_fifo.sv:1879]
INFO: [Synth 8-6157] synthesizing module 'xpm_counter_updn__parameterized1' [C:/2026.1/Vivado/data/ip/xpm/xpm_fifo/hdl/xpm_fifo.sv:1879]
INFO: [Synth 8-6155] done synthesizing module 'xpm_counter_updn__parameterized1' (0#1) [C:/2026.1/Vivado/data/ip/xpm/xpm_fifo/hdl/xpm_fifo.sv:1879]
INFO: [Synth 8-6155] done synthesizing module 'xpm_fifo_base' (0#1) [C:/2026.1/Vivado/data/ip/xpm/xpm_fifo/hdl/xpm_fifo.sv:53]
INFO: [Synth 8-6155] done synthesizing module 'xpm_fifo_async' (0#1) [C:/2026.1/Vivado/data/ip/xpm/xpm_fifo/hdl/xpm_fifo.sv:2173]
WARNING: [Synth 8-7071] port 'prog_full' of module 'xpm_fifo_async' is unconnected for instance 'u_cmd_fifo' [D:/Jetking_sem4/SEM_4/arty-a7-online-lm-g14-preboard-00/rtl/board/a7ng_wdma_cdc.sv:134]
WARNING: [Synth 8-7071] port 'wr_data_count' of module 'xpm_fifo_async' is unconnected for instance 'u_cmd_fifo' [D:/Jetking_sem4/SEM_4/arty-a7-online-lm-g14-preboard-00/rtl/board/a7ng_wdma_cdc.sv:134]
WARNING: [Synth 8-7071] port 'overflow' of module 'xpm_fifo_async' is unconnected for instance 'u_cmd_fifo' [D:/Jetking_sem4/SEM_4/arty-a7-online-lm-g14-preboard-00/rtl/board/a7ng_wdma_cdc.sv:134]
WARNING: [Synth 8-7071] port 'wr_rst_busy' of module 'xpm_fifo_async' is unconnected for instance 'u_cmd_fifo' [D:/Jetking_sem4/SEM_4/arty-a7-online-lm-g14-preboard-00/rtl/board/a7ng_wdma_cdc.sv:134]
WARNING: [Synth 8-7071] port 'almost_full' of module 'xpm_fifo_async' is unconnected for instance 'u_cmd_fifo' [D:/Jetking_sem4/SEM_4/arty-a7-online-lm-g14-preboard-00/rtl/board/a7ng_wdma_cdc.sv:134]
WARNING: [Synth 8-7071] port 'wr_ack' of module 'xpm_fifo_async' is unconnected for instance 'u_cmd_fifo' [D:/Jetking_sem4/SEM_4/arty-a7-online-lm-g14-preboard-00/rtl/board/a7ng_wdma_cdc.sv:134]
WARNING: [Synth 8-7071] port 'prog_empty' of module 'xpm_fifo_async' is unconnected for instance 'u_cmd_fifo' [D:/Jetking_sem4/SEM_4/arty-a7-online-lm-g14-preboard-00/rtl/board/a7ng_wdma_cdc.sv:134]
WARNING: [Synth 8-7071] port 'rd_data_count' of module 'xpm_fifo_async' is unconnected for instance 'u_cmd_fifo' [D:/Jetking_sem4/SEM_4/arty-a7-online-lm-g14-preboard-00/rtl/board/a7ng_wdma_cdc.sv:134]
WARNING: [Synth 8-7071] port 'underflow' of module 'xpm_fifo_async' is unconnected for instance 'u_cmd_fifo' [D:/Jetking_sem4/SEM_4/arty-a7-online-lm-g14-preboard-00/rtl/board/a7ng_wdma_cdc.sv:134]
WARNING: [Synth 8-7071] port 'rd_rst_busy' of module 'xpm_fifo_async' is unconnected for instance 'u_cmd_fifo' [D:/Jetking_sem4/SEM_4/arty-a7-online-lm-g14-preboard-00/rtl/board/a7ng_wdma_cdc.sv:134]
WARNING: [Synth 8-7071] port 'almost_empty' of module 'xpm_fifo_async' is unconnected for instance 'u_cmd_fifo' [D:/Jetking_sem4/SEM_4/arty-a7-online-lm-g14-preboard-00/rtl/board/a7ng_wdma_cdc.sv:134]
WARNING: [Synth 8-7071] port 'data_valid' of module 'xpm_fifo_async' is unconnected for instance 'u_cmd_fifo' [D:/Jetking_sem4/SEM_4/arty-a7-online-lm-g14-preboard-00/rtl/board/a7ng_wdma_cdc.sv:134]
WARNING: [Synth 8-7071] port 'sbiterr' of module 'xpm_fifo_async' is unconnected for instance 'u_cmd_fifo' [D:/Jetking_sem4/SEM_4/arty-a7-online-lm-g14-preboard-00/rtl/board/a7ng_wdma_cdc.sv:134]
WARNING: [Synth 8-7071] port 'dbiterr' of module 'xpm_fifo_async' is unconnected for instance 'u_cmd_fifo' [D:/Jetking_sem4/SEM_4/arty-a7-online-lm-g14-preboard-00/rtl/board/a7ng_wdma_cdc.sv:134]
WARNING: [Synth 8-7023] instance 'u_cmd_fifo' of module 'xpm_fifo_async' has 26 connections declared, but only 12 given [D:/Jetking_sem4/SEM_4/arty-a7-online-lm-g14-preboard-00/rtl/board/a7ng_wdma_cdc.sv:134]
INFO: [Synth 8-6157] synthesizing module 'xpm_fifo_async__parameterized0' [C:/2026.1/Vivado/data/ip/xpm/xpm_fifo/hdl/xpm_fifo.sv:2173]
	Parameter FIFO_MEMORY_TYPE bound to: block - type: string 
	Parameter FIFO_WRITE_DEPTH bound to: 16 - type: integer 
	Parameter WRITE_DATA_WIDTH bound to: 128 - type: integer 
	Parameter WR_DATA_COUNT_WIDTH bound to: 5 - type: integer 
	Parameter USE_ADV_FEATURES bound to: 0000 - type: string 
	Parameter READ_MODE bound to: std - type: string 
	Parameter FIFO_READ_LATENCY bound to: 1 - type: integer 
	Parameter READ_DATA_WIDTH bound to: 128 - type: integer 
	Parameter RD_DATA_COUNT_WIDTH bound to: 5 - type: integer 
	Parameter CDC_SYNC_STAGES bound to: 3 - type: integer 
INFO: [Synth 8-6157] synthesizing module 'xpm_fifo_base__parameterized0' [C:/2026.1/Vivado/data/ip/xpm/xpm_fifo/hdl/xpm_fifo.sv:53]
INFO: [Synth 8-6157] synthesizing module 'xpm_memory_base__parameterized0' [C:/2026.1/Vivado/data/ip/xpm/xpm_memory/hdl/xpm_memory.sv:54]
INFO: [Synth 8-6155] done synthesizing module 'xpm_memory_base__parameterized0' (0#1) [C:/2026.1/Vivado/data/ip/xpm/xpm_memory/hdl/xpm_memory.sv:54]
INFO: [Synth 8-6155] done synthesizing module 'xpm_fifo_base__parameterized0' (0#1) [C:/2026.1/Vivado/data/ip/xpm/xpm_fifo/hdl/xpm_fifo.sv:53]
INFO: [Synth 8-6155] done synthesizing module 'xpm_fifo_async__parameterized0' (0#1) [C:/2026.1/Vivado/data/ip/xpm/xpm_fifo/hdl/xpm_fifo.sv:2173]
WARNING: [Synth 8-7071] port 'prog_full' of module 'xpm_fifo_async' is unconnected for instance 'u_w_fifo' [D:/Jetking_sem4/SEM_4/arty-a7-online-lm-g14-preboard-00/rtl/board/a7ng_wdma_cdc.sv:160]
WARNING: [Synth 8-7071] port 'wr_data_count' of module 'xpm_fifo_async' is unconnected for instance 'u_w_fifo' [D:/Jetking_sem4/SEM_4/arty-a7-online-lm-g14-preboard-00/rtl/board/a7ng_wdma_cdc.sv:160]
WARNING: [Synth 8-7071] port 'overflow' of module 'xpm_fifo_async' is unconnected for instance 'u_w_fifo' [D:/Jetking_sem4/SEM_4/arty-a7-online-lm-g14-preboard-00/rtl/board/a7ng_wdma_cdc.sv:160]
WARNING: [Synth 8-7071] port 'wr_rst_busy' of module 'xpm_fifo_async' is unconnected for instance 'u_w_fifo' [D:/Jetking_sem4/SEM_4/arty-a7-online-lm-g14-preboard-00/rtl/board/a7ng_wdma_cdc.sv:160]
WARNING: [Synth 8-7071] port 'almost_full' of module 'xpm_fifo_async' is unconnected for instance 'u_w_fifo' [D:/Jetking_sem4/SEM_4/arty-a7-online-lm-g14-preboard-00/rtl/board/a7ng_wdma_cdc.sv:160]
WARNING: [Synth 8-7071] port 'wr_ack' of module 'xpm_fifo_async' is unconnected for instance 'u_w_fifo' [D:/Jetking_sem4/SEM_4/arty-a7-online-lm-g14-preboard-00/rtl/board/a7ng_wdma_cdc.sv:160]
WARNING: [Synth 8-7071] port 'prog_empty' of module 'xpm_fifo_async' is unconnected for instance 'u_w_fifo' [D:/Jetking_sem4/SEM_4/arty-a7-online-lm-g14-preboard-00/rtl/board/a7ng_wdma_cdc.sv:160]
WARNING: [Synth 8-7071] port 'rd_data_count' of module 'xpm_fifo_async' is unconnected for instance 'u_w_fifo' [D:/Jetking_sem4/SEM_4/arty-a7-online-lm-g14-preboard-00/rtl/board/a7ng_wdma_cdc.sv:160]
WARNING: [Synth 8-7071] port 'underflow' of module 'xpm_fifo_async' is unconnected for instance 'u_w_fifo' [D:/Jetking_sem4/SEM_4/arty-a7-online-lm-g14-preboard-00/rtl/board/a7ng_wdma_cdc.sv:160]
WARNING: [Synth 8-7071] port 'rd_rst_busy' of module 'xpm_fifo_async' is unconnected for instance 'u_w_fifo' [D:/Jetking_sem4/SEM_4/arty-a7-online-lm-g14-preboard-00/rtl/board/a7ng_wdma_cdc.sv:160]
WARNING: [Synth 8-7071] port 'almost_empty' of module 'xpm_fifo_async' is unconnected for instance 'u_w_fifo' [D:/Jetking_sem4/SEM_4/arty-a7-online-lm-g14-preboard-00/rtl/board/a7ng_wdma_cdc.sv:160]
WARNING: [Synth 8-7071] port 'data_valid' of module 'xpm_fifo_async' is unconnected for instance 'u_w_fifo' [D:/Jetking_sem4/SEM_4/arty-a7-online-lm-g14-preboard-00/rtl/board/a7ng_wdma_cdc.sv:160]
WARNING: [Synth 8-7071] port 'sbiterr' of module 'xpm_fifo_async' is unconnected for instance 'u_w_fifo' [D:/Jetking_sem4/SEM_4/arty-a7-online-lm-g14-preboard-00/rtl/board/a7ng_wdma_cdc.sv:160]
WARNING: [Synth 8-7071] port 'dbiterr' of module 'xpm_fifo_async' is unconnected for instance 'u_w_fifo' [D:/Jetking_sem4/SEM_4/arty-a7-online-lm-g14-preboard-00/rtl/board/a7ng_wdma_cdc.sv:160]
WARNING: [Synth 8-7023] instance 'u_w_fifo' of module 'xpm_fifo_async' has 26 connections declared, but only 12 given [D:/Jetking_sem4/SEM_4/arty-a7-online-lm-g14-preboard-00/rtl/board/a7ng_wdma_cdc.sv:160]
INFO: [Synth 8-6157] synthesizing module 'xpm_fifo_async__parameterized1' [C:/2026.1/Vivado/data/ip/xpm/xpm_fifo/hdl/xpm_fifo.sv:2173]
	Parameter FIFO_MEMORY_TYPE bound to: block - type: string 
	Parameter FIFO_WRITE_DEPTH bound to: 32 - type: integer 
	Parameter WRITE_DATA_WIDTH bound to: 128 - type: integer 
	Parameter WR_DATA_COUNT_WIDTH bound to: 6 - type: integer 
	Parameter USE_ADV_FEATURES bound to: 0000 - type: string 
	Parameter READ_MODE bound to: std - type: string 
	Parameter FIFO_READ_LATENCY bound to: 1 - type: integer 
	Parameter READ_DATA_WIDTH bound to: 128 - type: integer 
	Parameter RD_DATA_COUNT_WIDTH bound to: 6 - type: integer 
	Parameter CDC_SYNC_STAGES bound to: 3 - type: integer 
INFO: [Synth 8-6157] synthesizing module 'xpm_fifo_base__parameterized1' [C:/2026.1/Vivado/data/ip/xpm/xpm_fifo/hdl/xpm_fifo.sv:53]
INFO: [Synth 8-6157] synthesizing module 'xpm_memory_base__parameterized1' [C:/2026.1/Vivado/data/ip/xpm/xpm_memory/hdl/xpm_memory.sv:54]
INFO: [Synth 8-6155] done synthesizing module 'xpm_memory_base__parameterized1' (0#1) [C:/2026.1/Vivado/data/ip/xpm/xpm_memory/hdl/xpm_memory.sv:54]
INFO: [Synth 8-6157] synthesizing module 'xpm_cdc_gray__parameterized1' [C:/2026.1/Vivado/data/ip/xpm/xpm_cdc/hdl/xpm_cdc.sv:283]
INFO: [Synth 8-6155] done synthesizing module 'xpm_cdc_gray__parameterized1' (0#1) [C:/2026.1/Vivado/data/ip/xpm/xpm_cdc/hdl/xpm_cdc.sv:283]
INFO: [Synth 8-6157] synthesizing module 'xpm_fifo_reg_vec__parameterized1' [C:/2026.1/Vivado/data/ip/xpm/xpm_fifo/hdl/xpm_fifo.sv:1905]
INFO: [Synth 8-6155] done synthesizing module 'xpm_fifo_reg_vec__parameterized1' (0#1) [C:/2026.1/Vivado/data/ip/xpm/xpm_fifo/hdl/xpm_fifo.sv:1905]
INFO: [Synth 8-6157] synthesizing module 'xpm_counter_updn__parameterized2' [C:/2026.1/Vivado/data/ip/xpm/xpm_fifo/hdl/xpm_fifo.sv:1879]
INFO: [Synth 8-6155] done synthesizing module 'xpm_counter_updn__parameterized2' (0#1) [C:/2026.1/Vivado/data/ip/xpm/xpm_fifo/hdl/xpm_fifo.sv:1879]
INFO: [Synth 8-6157] synthesizing module 'xpm_counter_updn__parameterized3' [C:/2026.1/Vivado/data/ip/xpm/xpm_fifo/hdl/xpm_fifo.sv:1879]
INFO: [Synth 8-6155] done synthesizing module 'xpm_counter_updn__parameterized3' (0#1) [C:/2026.1/Vivado/data/ip/xpm/xpm_fifo/hdl/xpm_fifo.sv:1879]
INFO: [Synth 8-6157] synthesizing module 'xpm_counter_updn__parameterized4' [C:/2026.1/Vivado/data/ip/xpm/xpm_fifo/hdl/xpm_fifo.sv:1879]
INFO: [Synth 8-6155] done synthesizing module 'xpm_counter_updn__parameterized4' (0#1) [C:/2026.1/Vivado/data/ip/xpm/xpm_fifo/hdl/xpm_fifo.sv:1879]
INFO: [Synth 8-6155] done synthesizing module 'xpm_fifo_base__parameterized1' (0#1) [C:/2026.1/Vivado/data/ip/xpm/xpm_fifo/hdl/xpm_fifo.sv:53]
INFO: [Synth 8-6155] done synthesizing module 'xpm_fifo_async__parameterized1' (0#1) [C:/2026.1/Vivado/data/ip/xpm/xpm_fifo/hdl/xpm_fifo.sv:2173]
WARNING: [Synth 8-7071] port 'prog_full' of module 'xpm_fifo_async' is unconnected for instance 'u_r_fifo' [D:/Jetking_sem4/SEM_4/arty-a7-online-lm-g14-preboard-00/rtl/board/a7ng_wdma_cdc.sv:186]
WARNING: [Synth 8-7071] port 'wr_data_count' of module 'xpm_fifo_async' is unconnected for instance 'u_r_fifo' [D:/Jetking_sem4/SEM_4/arty-a7-online-lm-g14-preboard-00/rtl/board/a7ng_wdma_cdc.sv:186]
WARNING: [Synth 8-7071] port 'overflow' of module 'xpm_fifo_async' is unconnected for instance 'u_r_fifo' [D:/Jetking_sem4/SEM_4/arty-a7-online-lm-g14-preboard-00/rtl/board/a7ng_wdma_cdc.sv:186]
WARNING: [Synth 8-7071] port 'wr_rst_busy' of module 'xpm_fifo_async' is unconnected for instance 'u_r_fifo' [D:/Jetking_sem4/SEM_4/arty-a7-online-lm-g14-preboard-00/rtl/board/a7ng_wdma_cdc.sv:186]
WARNING: [Synth 8-7071] port 'almost_full' of module 'xpm_fifo_async' is unconnected for instance 'u_r_fifo' [D:/Jetking_sem4/SEM_4/arty-a7-online-lm-g14-preboard-00/rtl/board/a7ng_wdma_cdc.sv:186]
WARNING: [Synth 8-7071] port 'wr_ack' of module 'xpm_fifo_async' is unconnected for instance 'u_r_fifo' [D:/Jetking_sem4/SEM_4/arty-a7-online-lm-g14-preboard-00/rtl/board/a7ng_wdma_cdc.sv:186]
WARNING: [Synth 8-7071] port 'prog_empty' of module 'xpm_fifo_async' is unconnected for instance 'u_r_fifo' [D:/Jetking_sem4/SEM_4/arty-a7-online-lm-g14-preboard-00/rtl/board/a7ng_wdma_cdc.sv:186]
WARNING: [Synth 8-7071] port 'rd_data_count' of module 'xpm_fifo_async' is unconnected for instance 'u_r_fifo' [D:/Jetking_sem4/SEM_4/arty-a7-online-lm-g14-preboard-00/rtl/board/a7ng_wdma_cdc.sv:186]
WARNING: [Synth 8-7071] port 'underflow' of module 'xpm_fifo_async' is unconnected for instance 'u_r_fifo' [D:/Jetking_sem4/SEM_4/arty-a7-online-lm-g14-preboard-00/rtl/board/a7ng_wdma_cdc.sv:186]
WARNING: [Synth 8-7071] port 'rd_rst_busy' of module 'xpm_fifo_async' is unconnected for instance 'u_r_fifo' [D:/Jetking_sem4/SEM_4/arty-a7-online-lm-g14-preboard-00/rtl/board/a7ng_wdma_cdc.sv:186]
WARNING: [Synth 8-7071] port 'almost_empty' of module 'xpm_fifo_async' is unconnected for instance 'u_r_fifo' [D:/Jetking_sem4/SEM_4/arty-a7-online-lm-g14-preboard-00/rtl/board/a7ng_wdma_cdc.sv:186]
WARNING: [Synth 8-7071] port 'data_valid' of module 'xpm_fifo_async' is unconnected for instance 'u_r_fifo' [D:/Jetking_sem4/SEM_4/arty-a7-online-lm-g14-preboard-00/rtl/board/a7ng_wdma_cdc.sv:186]
WARNING: [Synth 8-7071] port 'sbiterr' of module 'xpm_fifo_async' is unconnected for instance 'u_r_fifo' [D:/Jetking_sem4/SEM_4/arty-a7-online-lm-g14-preboard-00/rtl/board/a7ng_wdma_cdc.sv:186]
WARNING: [Synth 8-7071] port 'dbiterr' of module 'xpm_fifo_async' is unconnected for instance 'u_r_fifo' [D:/Jetking_sem4/SEM_4/arty-a7-online-lm-g14-preboard-00/rtl/board/a7ng_wdma_cdc.sv:186]
WARNING: [Synth 8-7023] instance 'u_r_fifo' of module 'xpm_fifo_async' has 26 connections declared, but only 12 given [D:/Jetking_sem4/SEM_4/arty-a7-online-lm-g14-preboard-00/rtl/board/a7ng_wdma_cdc.sv:186]
INFO: [Synth 8-6157] synthesizing module 'xpm_cdc_single' [C:/2026.1/Vivado/data/ip/xpm/xpm_cdc/hdl/xpm_cdc.sv:152]
	Parameter DEST_SYNC_FF bound to: 3 - type: integer 
	Parameter INIT_SYNC_FF bound to: 0 - type: integer 
	Parameter SIM_ASSERT_CHK bound to: 0 - type: integer 
	Parameter SRC_INPUT_REG bound to: 1 - type: integer 
INFO: [Synth 8-6155] done synthesizing module 'xpm_cdc_single' (0#1) [C:/2026.1/Vivado/data/ip/xpm/xpm_cdc/hdl/xpm_cdc.sv:152]
INFO: [Synth 8-6157] synthesizing module 'xpm_cdc_pulse' [C:/2026.1/Vivado/data/ip/xpm/xpm_cdc/hdl/xpm_cdc.sv:714]
	Parameter DEST_SYNC_FF bound to: 4 - type: integer 
	Parameter INIT_SYNC_FF bound to: 0 - type: integer 
	Parameter REG_OUTPUT bound to: 1 - type: integer 
	Parameter RST_USED bound to: 1 - type: integer 
	Parameter SIM_ASSERT_CHK bound to: 0 - type: integer 
INFO: [Synth 8-6157] synthesizing module 'xpm_cdc_single__parameterized0' [C:/2026.1/Vivado/data/ip/xpm/xpm_cdc/hdl/xpm_cdc.sv:152]
INFO: [Synth 8-6155] done synthesizing module 'xpm_cdc_single__parameterized0' (0#1) [C:/2026.1/Vivado/data/ip/xpm/xpm_cdc/hdl/xpm_cdc.sv:152]
INFO: [Synth 8-6155] done synthesizing module 'xpm_cdc_pulse' (0#1) [C:/2026.1/Vivado/data/ip/xpm/xpm_cdc/hdl/xpm_cdc.sv:714]
INFO: [Synth 8-294] found qualifier unique on case statement: implementing as parallel_case [D:/Jetking_sem4/SEM_4/arty-a7-online-lm-g14-preboard-00/rtl/board/a7ng_wdma_cdc.sv:350]
INFO: [Synth 8-6155] done synthesizing module 'a7ng_wdma_cdc' (0#1) [D:/Jetking_sem4/SEM_4/arty-a7-online-lm-g14-preboard-00/rtl/board/a7ng_wdma_cdc.sv:5]
INFO: [Synth 8-6157] synthesizing module 'a7ng_axi_read_cdc' [D:/Jetking_sem4/SEM_4/arty-a7-online-lm-g14-preboard-00/rtl/board/a7ng_axi_read_cdc.sv:6]
INFO: [Synth 8-294] found qualifier unique on case statement: implementing as parallel_case [D:/Jetking_sem4/SEM_4/arty-a7-online-lm-g14-preboard-00/rtl/board/a7ng_axi_read_cdc.sv:77]
INFO: [Synth 8-226] default block is never used [D:/Jetking_sem4/SEM_4/arty-a7-online-lm-g14-preboard-00/rtl/board/a7ng_axi_read_cdc.sv:77]
INFO: [Synth 8-6157] synthesizing module 'xpm_cdc_handshake' [C:/2026.1/Vivado/data/ip/xpm/xpm_cdc/hdl/xpm_cdc.sv:468]
	Parameter DEST_EXT_HSK bound to: 1 - type: integer 
	Parameter DEST_SYNC_FF bound to: 3 - type: integer 
	Parameter INIT_SYNC_FF bound to: 0 - type: integer 
	Parameter SIM_ASSERT_CHK bound to: 0 - type: integer 
	Parameter SRC_SYNC_FF bound to: 3 - type: integer 
	Parameter WIDTH bound to: 47 - type: integer 
INFO: [Synth 8-6157] synthesizing module 'xpm_cdc_single__parameterized1' [C:/2026.1/Vivado/data/ip/xpm/xpm_cdc/hdl/xpm_cdc.sv:152]
INFO: [Synth 8-6155] done synthesizing module 'xpm_cdc_single__parameterized1' (0#1) [C:/2026.1/Vivado/data/ip/xpm/xpm_cdc/hdl/xpm_cdc.sv:152]
INFO: [Synth 8-6155] done synthesizing module 'xpm_cdc_handshake' (0#1) [C:/2026.1/Vivado/data/ip/xpm/xpm_cdc/hdl/xpm_cdc.sv:468]
INFO: [Synth 8-6157] synthesizing module 'xpm_fifo_async__parameterized2' [C:/2026.1/Vivado/data/ip/xpm/xpm_fifo/hdl/xpm_fifo.sv:2173]
	Parameter FIFO_MEMORY_TYPE bound to: block - type: string 
	Parameter FIFO_WRITE_DEPTH bound to: 64 - type: integer 
	Parameter WRITE_DATA_WIDTH bound to: 135 - type: integer 
	Parameter WR_DATA_COUNT_WIDTH bound to: 7 - type: integer 
	Parameter USE_ADV_FEATURES bound to: 0000 - type: string 
	Parameter READ_MODE bound to: std - type: string 
	Parameter FIFO_READ_LATENCY bound to: 1 - type: integer 
	Parameter READ_DATA_WIDTH bound to: 135 - type: integer 
	Parameter RD_DATA_COUNT_WIDTH bound to: 7 - type: integer 
	Parameter CDC_SYNC_STAGES bound to: 3 - type: integer 
INFO: [Synth 8-6157] synthesizing module 'xpm_fifo_base__parameterized2' [C:/2026.1/Vivado/data/ip/xpm/xpm_fifo/hdl/xpm_fifo.sv:53]
INFO: [Synth 8-6157] synthesizing module 'xpm_memory_base__parameterized2' [C:/2026.1/Vivado/data/ip/xpm/xpm_memory/hdl/xpm_memory.sv:54]
INFO: [Synth 8-6155] done synthesizing module 'xpm_memory_base__parameterized2' (0#1) [C:/2026.1/Vivado/data/ip/xpm/xpm_memory/hdl/xpm_memory.sv:54]
INFO: [Synth 8-6157] synthesizing module 'xpm_cdc_gray__parameterized2' [C:/2026.1/Vivado/data/ip/xpm/xpm_cdc/hdl/xpm_cdc.sv:283]
INFO: [Synth 8-6155] done synthesizing module 'xpm_cdc_gray__parameterized2' (0#1) [C:/2026.1/Vivado/data/ip/xpm/xpm_cdc/hdl/xpm_cdc.sv:283]
INFO: [Synth 8-6157] synthesizing module 'xpm_fifo_reg_vec__parameterized2' [C:/2026.1/Vivado/data/ip/xpm/xpm_fifo/hdl/xpm_fifo.sv:1905]
INFO: [Synth 8-6155] done synthesizing module 'xpm_fifo_reg_vec__parameterized2' (0#1) [C:/2026.1/Vivado/data/ip/xpm/xpm_fifo/hdl/xpm_fifo.sv:1905]
INFO: [Synth 8-6157] synthesizing module 'xpm_counter_updn__parameterized5' [C:/2026.1/Vivado/data/ip/xpm/xpm_fifo/hdl/xpm_fifo.sv:1879]
INFO: [Synth 8-6155] done synthesizing module 'xpm_counter_updn__parameterized5' (0#1) [C:/2026.1/Vivado/data/ip/xpm/xpm_fifo/hdl/xpm_fifo.sv:1879]
INFO: [Synth 8-6157] synthesizing module 'xpm_counter_updn__parameterized6' [C:/2026.1/Vivado/data/ip/xpm/xpm_fifo/hdl/xpm_fifo.sv:1879]
INFO: [Synth 8-6155] done synthesizing module 'xpm_counter_updn__parameterized6' (0#1) [C:/2026.1/Vivado/data/ip/xpm/xpm_fifo/hdl/xpm_fifo.sv:1879]
INFO: [Synth 8-6157] synthesizing module 'xpm_counter_updn__parameterized7' [C:/2026.1/Vivado/data/ip/xpm/xpm_fifo/hdl/xpm_fifo.sv:1879]
INFO: [Synth 8-6155] done synthesizing module 'xpm_counter_updn__parameterized7' (0#1) [C:/2026.1/Vivado/data/ip/xpm/xpm_fifo/hdl/xpm_fifo.sv:1879]
INFO: [Synth 8-6155] done synthesizing module 'xpm_fifo_base__parameterized2' (0#1) [C:/2026.1/Vivado/data/ip/xpm/xpm_fifo/hdl/xpm_fifo.sv:53]
INFO: [Synth 8-6155] done synthesizing module 'xpm_fifo_async__parameterized2' (0#1) [C:/2026.1/Vivado/data/ip/xpm/xpm_fifo/hdl/xpm_fifo.sv:2173]
WARNING: [Synth 8-7071] port 'prog_full' of module 'xpm_fifo_async' is unconnected for instance 'u_r_fifo' [D:/Jetking_sem4/SEM_4/arty-a7-online-lm-g14-preboard-00/rtl/board/a7ng_axi_read_cdc.sv:179]
WARNING: [Synth 8-7071] port 'wr_data_count' of module 'xpm_fifo_async' is unconnected for instance 'u_r_fifo' [D:/Jetking_sem4/SEM_4/arty-a7-online-lm-g14-preboard-00/rtl/board/a7ng_axi_read_cdc.sv:179]
WARNING: [Synth 8-7071] port 'overflow' of module 'xpm_fifo_async' is unconnected for instance 'u_r_fifo' [D:/Jetking_sem4/SEM_4/arty-a7-online-lm-g14-preboard-00/rtl/board/a7ng_axi_read_cdc.sv:179]
WARNING: [Synth 8-7071] port 'wr_rst_busy' of module 'xpm_fifo_async' is unconnected for instance 'u_r_fifo' [D:/Jetking_sem4/SEM_4/arty-a7-online-lm-g14-preboard-00/rtl/board/a7ng_axi_read_cdc.sv:179]
WARNING: [Synth 8-7071] port 'almost_full' of module 'xpm_fifo_async' is unconnected for instance 'u_r_fifo' [D:/Jetking_sem4/SEM_4/arty-a7-online-lm-g14-preboard-00/rtl/board/a7ng_axi_read_cdc.sv:179]
WARNING: [Synth 8-7071] port 'wr_ack' of module 'xpm_fifo_async' is unconnected for instance 'u_r_fifo' [D:/Jetking_sem4/SEM_4/arty-a7-online-lm-g14-preboard-00/rtl/board/a7ng_axi_read_cdc.sv:179]
WARNING: [Synth 8-7071] port 'prog_empty' of module 'xpm_fifo_async' is unconnected for instance 'u_r_fifo' [D:/Jetking_sem4/SEM_4/arty-a7-online-lm-g14-preboard-00/rtl/board/a7ng_axi_read_cdc.sv:179]
WARNING: [Synth 8-7071] port 'rd_data_count' of module 'xpm_fifo_async' is unconnected for instance 'u_r_fifo' [D:/Jetking_sem4/SEM_4/arty-a7-online-lm-g14-preboard-00/rtl/board/a7ng_axi_read_cdc.sv:179]
WARNING: [Synth 8-7071] port 'underflow' of module 'xpm_fifo_async' is unconnected for instance 'u_r_fifo' [D:/Jetking_sem4/SEM_4/arty-a7-online-lm-g14-preboard-00/rtl/board/a7ng_axi_read_cdc.sv:179]
WARNING: [Synth 8-7071] port 'rd_rst_busy' of module 'xpm_fifo_async' is unconnected for instance 'u_r_fifo' [D:/Jetking_sem4/SEM_4/arty-a7-online-lm-g14-preboard-00/rtl/board/a7ng_axi_read_cdc.sv:179]
WARNING: [Synth 8-7071] port 'almost_empty' of module 'xpm_fifo_async' is unconnected for instance 'u_r_fifo' [D:/Jetking_sem4/SEM_4/arty-a7-online-lm-g14-preboard-00/rtl/board/a7ng_axi_read_cdc.sv:179]
WARNING: [Synth 8-7071] port 'data_valid' of module 'xpm_fifo_async' is unconnected for instance 'u_r_fifo' [D:/Jetking_sem4/SEM_4/arty-a7-online-lm-g14-preboard-00/rtl/board/a7ng_axi_read_cdc.sv:179]
WARNING: [Synth 8-7071] port 'sbiterr' of module 'xpm_fifo_async' is unconnected for instance 'u_r_fifo' [D:/Jetking_sem4/SEM_4/arty-a7-online-lm-g14-preboard-00/rtl/board/a7ng_axi_read_cdc.sv:179]
WARNING: [Synth 8-7071] port 'dbiterr' of module 'xpm_fifo_async' is unconnected for instance 'u_r_fifo' [D:/Jetking_sem4/SEM_4/arty-a7-online-lm-g14-preboard-00/rtl/board/a7ng_axi_read_cdc.sv:179]
WARNING: [Synth 8-7023] instance 'u_r_fifo' of module 'xpm_fifo_async' has 26 connections declared, but only 12 given [D:/Jetking_sem4/SEM_4/arty-a7-online-lm-g14-preboard-00/rtl/board/a7ng_axi_read_cdc.sv:179]
INFO: [Synth 8-6155] done synthesizing module 'a7ng_axi_read_cdc' (0#1) [D:/Jetking_sem4/SEM_4/arty-a7-online-lm-g14-preboard-00/rtl/board/a7ng_axi_read_cdc.sv:6]
INFO: [Synth 8-6157] synthesizing module 'mig_native_wrap' [D:/Jetking_sem4/SEM_4/arty-a7-online-lm-g14-preboard-00/rtl/ddr/mig_native_wrap.sv:4]
INFO: [Synth 8-6157] synthesizing module 'mig_7series_0' [d:/Jetking_sem4/SEM_4/arty-a7-online-lm-g14-preboard-00/vivado/ip/mig_7series_0/mig_7series_0/user_design/rtl/mig_7series_0.v:69]
INFO: [Synth 8-6157] synthesizing module 'mig_7series_0_mig' [d:/Jetking_sem4/SEM_4/arty-a7-online-lm-g14-preboard-00/vivado/ip/mig_7series_0/mig_7series_0/user_design/rtl/mig_7series_0_mig.v:74]
INFO: [Synth 8-6157] synthesizing module 'mig_7series_v4_2_tempmon' [d:/Jetking_sem4/SEM_4/arty-a7-online-lm-g14-preboard-00/vivado/ip/mig_7series_0/mig_7series_0/user_design/rtl/clocking/mig_7series_v4_2_tempmon.v:69]
	Parameter TCQ bound to: 100 - type: integer 
	Parameter TEMP_MON_CONTROL bound to: INTERNAL - type: string 
	Parameter XADC_CLK_PERIOD bound to: 5000 - type: integer 
	Parameter tTEMPSAMPLE bound to: 10000000 - type: integer 
INFO: [Synth 8-6157] synthesizing module 'XADC' [C:/2026.1/Vivado/scripts/rt/data/unisim_comp.v:176540]
	Parameter INIT_40 bound to: 16'b0001000000000000 
	Parameter INIT_41 bound to: 16'b0010111111111111 
	Parameter INIT_42 bound to: 16'b0000100000000000 
	Parameter INIT_48 bound to: 16'b0000000100000001 
	Parameter INIT_49 bound to: 16'b0000000000000000 
	Parameter INIT_4A bound to: 16'b0000000100000000 
	Parameter INIT_4B bound to: 16'b0000000000000000 
	Parameter INIT_4C bound to: 16'b0000000000000000 
	Parameter INIT_4D bound to: 16'b0000000000000000 
	Parameter INIT_4E bound to: 16'b0000000000000000 
	Parameter INIT_4F bound to: 16'b0000000000000000 
	Parameter INIT_50 bound to: 16'b1011010111101101 
	Parameter INIT_51 bound to: 16'b0101011111100100 
	Parameter INIT_52 bound to: 16'b1010000101000111 
	Parameter INIT_53 bound to: 16'b1100101000110011 
	Parameter INIT_54 bound to: 16'b1010100100111010 
	Parameter INIT_55 bound to: 16'b0101001011000110 
	Parameter INIT_56 bound to: 16'b1001010101010101 
	Parameter INIT_57 bound to: 16'b1010111001001110 
	Parameter INIT_58 bound to: 16'b0101100110011001 
	Parameter INIT_5C bound to: 16'b0101000100010001 
	Parameter SIM_DEVICE bound to: 7SERIES - type: string 
INFO: [Synth 8-6155] done synthesizing module 'XADC' (0#1) [C:/2026.1/Vivado/scripts/rt/data/unisim_comp.v:176540]
INFO: [Synth 8-6155] done synthesizing module 'mig_7series_v4_2_tempmon' (0#1) [d:/Jetking_sem4/SEM_4/arty-a7-online-lm-g14-preboard-00/vivado/ip/mig_7series_0/mig_7series_0/user_design/rtl/clocking/mig_7series_v4_2_tempmon.v:69]
INFO: [Synth 8-6157] synthesizing module 'mig_7series_v4_2_iodelay_ctrl' [d:/Jetking_sem4/SEM_4/arty-a7-online-lm-g14-preboard-00/vivado/ip/mig_7series_0/mig_7series_0/user_design/rtl/clocking/mig_7series_v4_2_iodelay_ctrl.v:80]
	Parameter TCQ bound to: 100 - type: integer 
	Parameter IODELAY_GRP0 bound to: MIG_7SERIES_0_IODELAY_MIG0 - type: string 
	Parameter IODELAY_GRP1 bound to: MIG_7SERIES_0_IODELAY_MIG1 - type: string 
	Parameter REFCLK_TYPE bound to: NO_BUFFER - type: string 
	Parameter SYSCLK_TYPE bound to: NO_BUFFER - type: string 
	Parameter SYS_RST_PORT bound to: FALSE - type: string 
	Parameter RST_ACT_LOW bound to: 1 - type: integer 
	Parameter DIFF_TERM_REFCLK bound to: TRUE - type: string 
	Parameter FPGA_SPEED_GRADE bound to: 1 - type: integer 
	Parameter REF_CLK_MMCM_IODELAY_CTRL bound to: FALSE - type: string 
INFO: [Synth 8-6157] synthesizing module 'IDELAYCTRL' [C:/2026.1/Vivado/scripts/rt/data/unisim_comp.v:85038]
INFO: [Synth 8-6155] done synthesizing module 'IDELAYCTRL' (0#1) [C:/2026.1/Vivado/scripts/rt/data/unisim_comp.v:85038]
INFO: [Synth 8-6155] done synthesizing module 'mig_7series_v4_2_iodelay_ctrl' (0#1) [d:/Jetking_sem4/SEM_4/arty-a7-online-lm-g14-preboard-00/vivado/ip/mig_7series_0/mig_7series_0/user_design/rtl/clocking/mig_7series_v4_2_iodelay_ctrl.v:80]
INFO: [Synth 8-6157] synthesizing module 'mig_7series_v4_2_clk_ibuf' [d:/Jetking_sem4/SEM_4/arty-a7-online-lm-g14-preboard-00/vivado/ip/mig_7series_0/mig_7series_0/user_design/rtl/clocking/mig_7series_v4_2_clk_ibuf.v:68]
	Parameter SYSCLK_TYPE bound to: NO_BUFFER - type: string 
	Parameter DIFF_TERM_SYSCLK bound to: TRUE - type: string 
INFO: [Synth 8-6155] done synthesizing module 'mig_7series_v4_2_clk_ibuf' (0#1) [d:/Jetking_sem4/SEM_4/arty-a7-online-lm-g14-preboard-00/vivado/ip/mig_7series_0/mig_7series_0/user_design/rtl/clocking/mig_7series_v4_2_clk_ibuf.v:68]
INFO: [Synth 8-6157] synthesizing module 'mig_7series_v4_2_infrastructure' [d:/Jetking_sem4/SEM_4/arty-a7-online-lm-g14-preboard-00/vivado/ip/mig_7series_0/mig_7series_0/user_design/rtl/clocking/mig_7series_v4_2_infrastructure.v:78]
	Parameter TCQ bound to: 100 - type: integer 
	Parameter CLKIN_PERIOD bound to: 6000 - type: integer 
	Parameter nCK_PER_CLK bound to: 4 - type: integer 
	Parameter SYSCLK_TYPE bound to: NO_BUFFER - type: string 
	Parameter CLKFBOUT_MULT bound to: 8 - type: integer 
	Parameter DIVCLK_DIVIDE bound to: 1 - type: integer 
	Parameter CLKOUT0_PHASE bound to: 0.000000e+00 - type: double 
	Parameter CLKOUT0_DIVIDE bound to: 2 - type: integer 
	Parameter CLKOUT1_DIVIDE bound to: 4 - type: integer 
	Parameter CLKOUT2_DIVIDE bound to: 64 - type: integer 
	Parameter CLKOUT3_DIVIDE bound to: 16 - type: integer 
	Parameter MMCM_VCO bound to: 666 - type: integer 
	Parameter MMCM_MULT_F bound to: 8 - type: integer 
	Parameter MMCM_DIVCLK_DIVIDE bound to: 1 - type: integer 
	Parameter RST_ACT_LOW bound to: 1 - type: integer 
	Parameter tCK bound to: 3000 - type: integer 
	Parameter MEM_TYPE bound to: DDR3 - type: string 
INFO: [Synth 8-6157] synthesizing module 'MMCME2_ADV' [C:/2026.1/Vivado/scripts/rt/data/unisim_comp.v:95724]
	Parameter BANDWIDTH bound to: HIGH - type: string 
	Parameter CLKFBOUT_MULT_F bound to: 8.000000e+00 - type: double 
	Parameter CLKFBOUT_PHASE bound to: 0.000000e+00 - type: double 
	Parameter CLKFBOUT_USE_FINE_PS bound to: FALSE - type: string 
	Parameter CLKIN1_PERIOD bound to: 1.200000e+01 - type: double 
	Parameter CLKOUT0_DIVIDE_F bound to: 1.600000e+01 - type: double 
	Parameter CLKOUT0_DUTY_CYCLE bound to: 5.000000e-01 - type: double 
	Parameter CLKOUT0_PHASE bound to: 0.000000e+00 - type: double 
	Parameter CLKOUT0_USE_FINE_PS bound to: TRUE - type: string 
	Parameter CLKOUT1_DIVIDE bound to: 4 - type: integer 
	Parameter CLKOUT1_DUTY_CYCLE bound to: 5.000000e-01 - type: double 
	Parameter CLKOUT1_PHASE bound to: 0.000000e+00 - type: double 
	Parameter CLKOUT1_USE_FINE_PS bound to: FALSE - type: string 
	Parameter CLKOUT4_CASCADE bound to: FALSE - type: string 
	Parameter COMPENSATION bound to: BUF_IN - type: string 
	Parameter DIVCLK_DIVIDE bound to: 1 - type: integer 
	Parameter REF_JITTER1 bound to: 0.000000e+00 - type: double 
	Parameter STARTUP_WAIT bound to: FALSE - type: string 
INFO: [Synth 8-6155] done synthesizing module 'MMCME2_ADV' (0#1) [C:/2026.1/Vivado/scripts/rt/data/unisim_comp.v:95724]
INFO: [Synth 8-6157] synthesizing module 'PLLE2_ADV' [C:/2026.1/Vivado/scripts/rt/data/unisim_comp.v:133758]
	Parameter BANDWIDTH bound to: OPTIMIZED - type: string 
	Parameter CLKFBOUT_MULT bound to: 8 - type: integer 
	Parameter CLKFBOUT_PHASE bound to: 0.000000e+00 - type: double 
	Parameter CLKIN1_PERIOD bound to: 6.000000e+00 - type: double 
	Parameter CLKOUT0_DIVIDE bound to: 2 - type: integer 
	Parameter CLKOUT0_DUTY_CYCLE bound to: 5.000000e-01 - type: double 
	Parameter CLKOUT0_PHASE bound to: 0.000000e+00 - type: double 
	Parameter CLKOUT1_DIVIDE bound to: 4 - type: integer 
	Parameter CLKOUT1_DUTY_CYCLE bound to: 5.000000e-01 - type: double 
	Parameter CLKOUT1_PHASE bound to: 0.000000e+00 - type: double 
	Parameter CLKOUT2_DIVIDE bound to: 64 - type: integer 
	Parameter CLKOUT2_DUTY_CYCLE bound to: 6.250000e-02 - type: double 
	Parameter CLKOUT2_PHASE bound to: 9.843750e+00 - type: double 
	Parameter CLKOUT3_DIVIDE bound to: 16 - type: integer 
	Parameter CLKOUT3_DUTY_CYCLE bound to: 5.000000e-01 - type: double 
	Parameter CLKOUT3_PHASE bound to: 0.000000e+00 - type: double 
	Parameter CLKOUT4_DIVIDE bound to: 8 - type: integer 
	Parameter CLKOUT4_DUTY_CYCLE bound to: 5.000000e-01 - type: double 
	Parameter CLKOUT4_PHASE bound to: 1.687500e+02 - type: double 
	Parameter CLKOUT5_DUTY_CYCLE bound to: 5.000000e-01 - type: double 
	Parameter CLKOUT5_PHASE bound to: 0.000000e+00 - type: double 
	Parameter COMPENSATION bound to: INTERNAL - type: string 
	Parameter DIVCLK_DIVIDE bound to: 1 - type: integer 
	Parameter REF_JITTER1 bound to: 1.000000e-02 - type: double 
	Parameter REF_JITTER2 bound to: 1.000000e-02 - type: double 
	Parameter STARTUP_WAIT bound to: FALSE - type: string 
INFO: [Synth 8-6155] done synthesizing module 'PLLE2_ADV' (0#1) [C:/2026.1/Vivado/scripts/rt/data/unisim_comp.v:133758]
INFO: [Synth 8-6157] synthesizing module 'BUFH' [C:/2026.1/Vivado/scripts/rt/data/unisim_comp.v:2926]
INFO: [Synth 8-6155] done synthesizing module 'BUFH' (0#1) [C:/2026.1/Vivado/scripts/rt/data/unisim_comp.v:2926]
INFO: [Synth 8-6155] done synthesizing module 'mig_7series_v4_2_infrastructure' (0#1) [d:/Jetking_sem4/SEM_4/arty-a7-online-lm-g14-preboard-00/vivado/ip/mig_7series_0/mig_7series_0/user_design/rtl/clocking/mig_7series_v4_2_infrastructure.v:78]
INFO: [Synth 8-6157] synthesizing module 'mig_7series_v4_2_memc_ui_top_axi' [d:/Jetking_sem4/SEM_4/arty-a7-online-lm-g14-preboard-00/vivado/ip/mig_7series_0/mig_7series_0/user_design/rtl/ip_top/mig_7series_v4_2_memc_ui_top_axi.v:70]
	Parameter TCQ bound to: 100 - type: integer 
	Parameter DDR3_VDD_OP_VOLT bound to: 135 - type: string 
	Parameter PAYLOAD_WIDTH bound to: 16 - type: integer 
	Parameter ADDR_CMD_MODE bound to: 1T - type: string 
	Parameter AL bound to: 0 - type: string 
	Parameter BANK_WIDTH bound to: 3 - type: integer 
	Parameter BM_CNT_WIDTH bound to: 2 - type: integer 
	Parameter BURST_MODE bound to: 8 - type: string 
	Parameter BURST_TYPE bound to: SEQ - type: string 
	Parameter CA_MIRROR bound to: OFF - type: string 
	Parameter CK_WIDTH bound to: 1 - type: integer 
	Parameter CL bound to: 5 - type: integer 
	Parameter COL_WIDTH bound to: 10 - type: integer 
	Parameter CMD_PIPE_PLUS1 bound to: ON - type: string 
	Parameter CS_WIDTH bound to: 1 - type: integer 
	Parameter CKE_WIDTH bound to: 1 - type: integer 
	Parameter CWL bound to: 5 - type: integer 
	Parameter DATA_WIDTH bound to: 16 - type: integer 
	Parameter DATA_BUF_ADDR_WIDTH bound to: 5 - type: integer 
	Parameter DM_WIDTH bound to: 2 - type: integer 
	Parameter DQ_CNT_WIDTH bound to: 4 - type: integer 
	Parameter DQ_WIDTH bound to: 16 - type: integer 
	Parameter DQS_CNT_WIDTH bound to: 1 - type: integer 
	Parameter DQS_WIDTH bound to: 2 - type: integer 
	Parameter DRAM_TYPE bound to: DDR3 - type: string 
	Parameter DRAM_WIDTH bound to: 8 - type: integer 
	Parameter ECC bound to: OFF - type: string 
	Parameter ECC_WIDTH bound to: 0 - type: integer 
	Parameter ECC_TEST bound to: OFF - type: string 
	Parameter MC_ERR_ADDR_WIDTH bound to: 28 - type: integer 
	Parameter MASTER_PHY_CTL bound to: 0 - type: integer 
	Parameter nAL bound to: 0 - type: integer 
	Parameter nBANK_MACHS bound to: 4 - type: integer 
	Parameter nCK_PER_CLK bound to: 4 - type: integer 
	Parameter nCS_PER_RANK bound to: 1 - type: integer 
	Parameter ORDERING bound to: NORM - type: string 
	Parameter IBUF_LPWR_MODE bound to: OFF - type: string 
	Parameter BANK_TYPE bound to: HR_IO - type: string 
	Parameter DATA_IO_PRIM_TYPE bound to: HR_LP - type: string 
	Parameter DATA_IO_IDLE_PWRDWN bound to: ON - type: string 
	Parameter IODELAY_GRP0 bound to: MIG_7SERIES_0_IODELAY_MIG0 - type: string 
	Parameter IODELAY_GRP1 bound to: MIG_7SERIES_0_IODELAY_MIG1 - type: string 
	Parameter FPGA_SPEED_GRADE bound to: 1 - type: integer 
	Parameter OUTPUT_DRV bound to: LOW - type: string 
	Parameter REG_CTRL bound to: OFF - type: string 
	Parameter RTT_NOM bound to: 40 - type: string 
	Parameter RTT_WR bound to: OFF - type: string 
	Parameter STARVE_LIMIT bound to: 2 - type: integer 
	Parameter tCK bound to: 3000 - type: integer 
	Parameter tCKE bound to: 5625 - type: integer 
	Parameter tFAW bound to: 45000 - type: integer 
	Parameter tPRDI bound to: 1000000 - type: integer 
	Parameter tRAS bound to: 36000 - type: integer 
	Parameter tRCD bound to: 13500 - type: integer 
	Parameter tREFI bound to: 7800000 - type: integer 
	Parameter tRFC bound to: 160000 - type: integer 
	Parameter tRP bound to: 13500 - type: integer 
	Parameter tRRD bound to: 7500 - type: integer 
	Parameter tRTP bound to: 7500 - type: integer 
	Parameter tWTR bound to: 7500 - type: integer 
	Parameter tZQI bound to: 128000000 - type: integer 
	Parameter tZQCS bound to: 64 - type: integer 
	Parameter USER_REFRESH bound to: OFF - type: string 
	Parameter TEMP_MON_EN bound to: ON - type: string 
	Parameter WRLVL bound to: ON - type: string 
	Parameter DEBUG_PORT bound to: OFF - type: string 
	Parameter CAL_WIDTH bound to: HALF - type: string 
	Parameter RANK_WIDTH bound to: 1 - type: integer 
	Parameter RANKS bound to: 1 - type: integer 
	Parameter ODT_WIDTH bound to: 1 - type: integer 
	Parameter ROW_WIDTH bound to: 14 - type: integer 
	Parameter ADDR_WIDTH bound to: 28 - type: integer 
	Parameter APP_MASK_WIDTH bound to: 16 - type: integer 
	Parameter APP_DATA_WIDTH bound to: 128 - type: integer 
	Parameter BYTE_LANES_B0 bound to: 4'b1111 
	Parameter BYTE_LANES_B1 bound to: 4'b0000 
	Parameter BYTE_LANES_B2 bound to: 4'b0000 
	Parameter BYTE_LANES_B3 bound to: 4'b0000 
	Parameter BYTE_LANES_B4 bound to: 4'b0000 
	Parameter DATA_CTL_B0 bound to: 4'b1100 
	Parameter DATA_CTL_B1 bound to: 4'b0000 
	Parameter DATA_CTL_B2 bound to: 4'b0000 
	Parameter DATA_CTL_B3 bound to: 4'b0000 
	Parameter DATA_CTL_B4 bound to: 4'b0000 
	Parameter PHY_0_BITLANES bound to: 48'b001111111110001111111110111111111111101111111111 
	Parameter PHY_1_BITLANES bound to: 48'b000000000000000000000000000000000000000000000000 
	Parameter PHY_2_BITLANES bound to: 48'b000000000000000000000000000000000000000000000000 
	Parameter CK_BYTE_MAP bound to: 144'b000000000000000000000000000000000000000000000000000000000000000000000000000000000000000000000000000000000000000000000000000000000000000000000000 
	Parameter ADDR_MAP bound to: 192'b000000000000000000000000000000000000000000000010000000000100000000001001000000000111000000000001000000000101000000000110000000000011000000010000000000010010000000010100000000010001000000011010 
	Parameter BANK_MAP bound to: 36'b000000011011000000010111000000010011 
	Parameter CAS_MAP bound to: 12'b000000010101 
	Parameter CKE_ODT_BYTE_MAP bound to: 8'b00000000 
	Parameter CKE_MAP bound to: 96'b000000000000000000000000000000000000000000000000000000000000000000000000000000000000000000011001 
	Parameter ODT_MAP bound to: 96'b000000000000000000000000000000000000000000000000000000000000000000000000000000000000000000001000 
	Parameter CKE_ODT_AUX bound to: FALSE - type: string 
	Parameter CS_MAP bound to: 120'b000000000000000000000000000000000000000000000000000000000000000000000000000000000000000000000000000000000000000000001011 
	Parameter PARITY_MAP bound to: 12'b000000000000 
	Parameter RAS_MAP bound to: 12'b000000010110 
	Parameter WE_MAP bound to: 12'b000000011000 
	Parameter DQS_BYTE_MAP bound to: 144'b000000000000000000000000000000000000000000000000000000000000000000000000000000000000000000000000000000000000000000000000000000000000001000000011 
	Parameter DATA0_MAP bound to: 96'b000000110100000000110010000000111000000000110101000000110001000000110111000000110110000000110011 
	Parameter DATA1_MAP bound to: 96'b000000100011000000100110000000100010000000101000000000100101000000100111000000100001000000100100 
	Parameter DATA2_MAP bound to: 96'b000000000000000000000000000000000000000000000000000000000000000000000000000000000000000000000000 
	Parameter DATA3_MAP bound to: 96'b000000000000000000000000000000000000000000000000000000000000000000000000000000000000000000000000 
	Parameter DATA4_MAP bound to: 96'b000000000000000000000000000000000000000000000000000000000000000000000000000000000000000000000000 
	Parameter DATA5_MAP bound to: 96'b000000000000000000000000000000000000000000000000000000000000000000000000000000000000000000000000 
	Parameter DATA6_MAP bound to: 96'b000000000000000000000000000000000000000000000000000000000000000000000000000000000000000000000000 
	Parameter DATA7_MAP bound to: 96'b000000000000000000000000000000000000000000000000000000000000000000000000000000000000000000000000 
	Parameter DATA8_MAP bound to: 96'b000000000000000000000000000000000000000000000000000000000000000000000000000000000000000000000000 
	Parameter DATA9_MAP bound to: 96'b000000000000000000000000000000000000000000000000000000000000000000000000000000000000000000000000 
	Parameter DATA10_MAP bound to: 96'b000000000000000000000000000000000000000000000000000000000000000000000000000000000000000000000000 
	Parameter DATA11_MAP bound to: 96'b000000000000000000000000000000000000000000000000000000000000000000000000000000000000000000000000 
	Parameter DATA12_MAP bound to: 96'b000000000000000000000000000000000000000000000000000000000000000000000000000000000000000000000000 
	Parameter DATA13_MAP bound to: 96'b000000000000000000000000000000000000000000000000000000000000000000000000000000000000000000000000 
	Parameter DATA14_MAP bound to: 96'b000000000000000000000000000000000000000000000000000000000000000000000000000000000000000000000000 
	Parameter DATA15_MAP bound to: 96'b000000000000000000000000000000000000000000000000000000000000000000000000000000000000000000000000 
	Parameter DATA16_MAP bound to: 96'b000000000000000000000000000000000000000000000000000000000000000000000000000000000000000000000000 
	Parameter DATA17_MAP bound to: 96'b000000000000000000000000000000000000000000000000000000000000000000000000000000000000000000000000 
	Parameter MASK0_MAP bound to: 108'b000000000000000000000000000000000000000000000000000000000000000000000000000000000000000000101001000000111001 
	Parameter MASK1_MAP bound to: 108'b000000000000000000000000000000000000000000000000000000000000000000000000000000000000000000000000000000000000 
	Parameter SLOT_0_CONFIG bound to: 8'b00000001 
	Parameter SLOT_1_CONFIG bound to: 8'b00000000 
	Parameter MEM_ADDR_ORDER bound to: BANK_ROW_COLUMN - type: string 
	Parameter CALIB_ROW_ADD bound to: 16'b0000000000000000 
	Parameter CALIB_COL_ADD bound to: 12'b000000000000 
	Parameter CALIB_BA_ADD bound to: 3'b000 
	Parameter SIM_BYPASS_INIT_CAL bound to: OFF - type: string 
	Parameter REFCLK_FREQ bound to: 2.000000e+02 - type: double 
	Parameter USE_CS_PORT bound to: 1 - type: integer 
	Parameter USE_DM_PORT bound to: 1 - type: integer 
	Parameter USE_ODT_PORT bound to: 1 - type: integer 
	Parameter IDELAY_ADJ bound to: OFF - type: string 
	Parameter FINE_PER_BIT bound to: OFF - type: string 
	Parameter CENTER_COMP_MODE bound to: OFF - type: string 
	Parameter PI_VAL_ADJ bound to: OFF - type: string 
	Parameter SKIP_CALIB bound to: FALSE - type: string 
	Parameter TAPSPERKCLK bound to: 112 - type: integer 
	Parameter C_S_AXI_ID_WIDTH bound to: 4 - type: integer 
	Parameter C_S_AXI_ADDR_WIDTH bound to: 28 - type: integer 
	Parameter C_S_AXI_DATA_WIDTH bound to: 128 - type: integer 
	Parameter C_S_AXI_SUPPORTS_NARROW_BURST bound to: 0 - type: integer 
	Parameter C_RD_WR_ARB_ALGORITHM bound to: RD_PRI_REG - type: string 
	Parameter C_S_AXI_REG_EN0 bound to: 20'b00000000000000000000 
	Parameter C_S_AXI_REG_EN1 bound to: 20'b00000000000000000000 
	Parameter C_S_AXI_CTRL_ADDR_WIDTH bound to: 32 - type: integer 
	Parameter C_S_AXI_CTRL_DATA_WIDTH bound to: 32 - type: integer 
	Parameter C_S_AXI_BASEADDR bound to: 0 - type: integer 
	Parameter C_ECC_ONOFF_RESET_VALUE bound to: 1 - type: integer 
	Parameter C_ECC_CE_COUNTER_WIDTH bound to: 8 - type: integer 
	Parameter FPGA_VOLT_TYPE bound to: N - type: string 
INFO: [Synth 8-6157] synthesizing module 'mig_7series_v4_2_mem_intfc' [d:/Jetking_sem4/SEM_4/arty-a7-online-lm-g14-preboard-00/vivado/ip/mig_7series_0/mig_7series_0/user_design/rtl/ip_top/mig_7series_v4_2_mem_intfc.v:69]
INFO: [Synth 8-6157] synthesizing module 'mig_7series_v4_2_mc' [d:/Jetking_sem4/SEM_4/arty-a7-online-lm-g14-preboard-00/vivado/ip/mig_7series_0/mig_7series_0/user_design/rtl/controller/mig_7series_v4_2_mc.v:73]
INFO: [Synth 8-6157] synthesizing module 'mig_7series_v4_2_rank_mach' [d:/Jetking_sem4/SEM_4/arty-a7-online-lm-g14-preboard-00/vivado/ip/mig_7series_0/mig_7series_0/user_design/rtl/controller/mig_7series_v4_2_rank_mach.v:71]
INFO: [Synth 8-6157] synthesizing module 'mig_7series_v4_2_rank_cntrl' [d:/Jetking_sem4/SEM_4/arty-a7-online-lm-g14-preboard-00/vivado/ip/mig_7series_0/mig_7series_0/user_design/rtl/controller/mig_7series_v4_2_rank_cntrl.v:79]
INFO: [Synth 8-6157] synthesizing module 'SRLC32E' [C:/2026.1/Vivado/scripts/rt/data/unisim_comp.v:170899]
INFO: [Synth 8-6155] done synthesizing module 'SRLC32E' (0#1) [C:/2026.1/Vivado/scripts/rt/data/unisim_comp.v:170899]
WARNING: [Synth 8-567] referenced signal 'periodic_rd_generation.periodic_rd_timer_one' should be on the sensitivity list [d:/Jetking_sem4/SEM_4/arty-a7-online-lm-g14-preboard-00/vivado/ip/mig_7series_0/mig_7series_0/user_design/rtl/controller/mig_7series_v4_2_rank_cntrl.v:509]
INFO: [Synth 8-6155] done synthesizing module 'mig_7series_v4_2_rank_cntrl' (0#1) [d:/Jetking_sem4/SEM_4/arty-a7-online-lm-g14-preboard-00/vivado/ip/mig_7series_0/mig_7series_0/user_design/rtl/controller/mig_7series_v4_2_rank_cntrl.v:79]
INFO: [Synth 8-6157] synthesizing module 'mig_7series_v4_2_rank_common' [d:/Jetking_sem4/SEM_4/arty-a7-online-lm-g14-preboard-00/vivado/ip/mig_7series_0/mig_7series_0/user_design/rtl/controller/mig_7series_v4_2_rank_common.v:72]
WARNING: [Synth 8-567] referenced signal 'zq_cntrl.zq_tick' should be on the sensitivity list [d:/Jetking_sem4/SEM_4/arty-a7-online-lm-g14-preboard-00/vivado/ip/mig_7series_0/mig_7series_0/user_design/rtl/controller/mig_7series_v4_2_rank_common.v:172]
INFO: [Synth 8-6157] synthesizing module 'mig_7series_v4_2_round_robin_arb' [d:/Jetking_sem4/SEM_4/arty-a7-online-lm-g14-preboard-00/vivado/ip/mig_7series_0/mig_7series_0/user_design/rtl/controller/mig_7series_v4_2_round_robin_arb.v:121]
INFO: [Synth 8-6155] done synthesizing module 'mig_7series_v4_2_round_robin_arb' (0#1) [d:/Jetking_sem4/SEM_4/arty-a7-online-lm-g14-preboard-00/vivado/ip/mig_7series_0/mig_7series_0/user_design/rtl/controller/mig_7series_v4_2_round_robin_arb.v:121]
INFO: [Synth 8-6157] synthesizing module 'mig_7series_v4_2_round_robin_arb__parameterized0' [d:/Jetking_sem4/SEM_4/arty-a7-online-lm-g14-preboard-00/vivado/ip/mig_7series_0/mig_7series_0/user_design/rtl/controller/mig_7series_v4_2_round_robin_arb.v:121]
INFO: [Synth 8-6155] done synthesizing module 'mig_7series_v4_2_round_robin_arb__parameterized0' (0#1) [d:/Jetking_sem4/SEM_4/arty-a7-online-lm-g14-preboard-00/vivado/ip/mig_7series_0/mig_7series_0/user_design/rtl/controller/mig_7series_v4_2_round_robin_arb.v:121]
INFO: [Synth 8-6155] done synthesizing module 'mig_7series_v4_2_rank_common' (0#1) [d:/Jetking_sem4/SEM_4/arty-a7-online-lm-g14-preboard-00/vivado/ip/mig_7series_0/mig_7series_0/user_design/rtl/controller/mig_7series_v4_2_rank_common.v:72]
INFO: [Synth 8-6155] done synthesizing module 'mig_7series_v4_2_rank_mach' (0#1) [d:/Jetking_sem4/SEM_4/arty-a7-online-lm-g14-preboard-00/vivado/ip/mig_7series_0/mig_7series_0/user_design/rtl/controller/mig_7series_v4_2_rank_mach.v:71]
INFO: [Synth 8-6157] synthesizing module 'mig_7series_v4_2_bank_mach' [d:/Jetking_sem4/SEM_4/arty-a7-online-lm-g14-preboard-00/vivado/ip/mig_7series_0/mig_7series_0/user_design/rtl/controller/mig_7series_v4_2_bank_mach.v:72]
INFO: [Synth 8-6157] synthesizing module 'mig_7series_v4_2_bank_cntrl' [d:/Jetking_sem4/SEM_4/arty-a7-online-lm-g14-preboard-00/vivado/ip/mig_7series_0/mig_7series_0/user_design/rtl/controller/mig_7series_v4_2_bank_cntrl.v:70]
INFO: [Synth 8-6157] synthesizing module 'mig_7series_v4_2_bank_compare' [d:/Jetking_sem4/SEM_4/arty-a7-online-lm-g14-preboard-00/vivado/ip/mig_7series_0/mig_7series_0/user_design/rtl/controller/mig_7series_v4_2_bank_compare.v:74]
INFO: [Synth 8-6155] done synthesizing module 'mig_7series_v4_2_bank_compare' (0#1) [d:/Jetking_sem4/SEM_4/arty-a7-online-lm-g14-preboard-00/vivado/ip/mig_7series_0/mig_7series_0/user_design/rtl/controller/mig_7series_v4_2_bank_compare.v:74]
INFO: [Synth 8-6157] synthesizing module 'mig_7series_v4_2_bank_state' [d:/Jetking_sem4/SEM_4/arty-a7-online-lm-g14-preboard-00/vivado/ip/mig_7series_0/mig_7series_0/user_design/rtl/controller/mig_7series_v4_2_bank_state.v:141]
INFO: [Synth 8-6155] done synthesizing module 'mig_7series_v4_2_bank_state' (0#1) [d:/Jetking_sem4/SEM_4/arty-a7-online-lm-g14-preboard-00/vivado/ip/mig_7series_0/mig_7series_0/user_design/rtl/controller/mig_7series_v4_2_bank_state.v:141]
INFO: [Synth 8-6157] synthesizing module 'mig_7series_v4_2_bank_queue' [d:/Jetking_sem4/SEM_4/arty-a7-online-lm-g14-preboard-00/vivado/ip/mig_7series_0/mig_7series_0/user_design/rtl/controller/mig_7series_v4_2_bank_queue.v:174]
INFO: [Synth 8-6155] done synthesizing module 'mig_7series_v4_2_bank_queue' (0#1) [d:/Jetking_sem4/SEM_4/arty-a7-online-lm-g14-preboard-00/vivado/ip/mig_7series_0/mig_7series_0/user_design/rtl/controller/mig_7series_v4_2_bank_queue.v:174]
INFO: [Synth 8-6155] done synthesizing module 'mig_7series_v4_2_bank_cntrl' (0#1) [d:/Jetking_sem4/SEM_4/arty-a7-online-lm-g14-preboard-00/vivado/ip/mig_7series_0/mig_7series_0/user_design/rtl/controller/mig_7series_v4_2_bank_cntrl.v:70]
INFO: [Synth 8-6157] synthesizing module 'mig_7series_v4_2_bank_cntrl__parameterized0' [d:/Jetking_sem4/SEM_4/arty-a7-online-lm-g14-preboard-00/vivado/ip/mig_7series_0/mig_7series_0/user_design/rtl/controller/mig_7series_v4_2_bank_cntrl.v:70]
INFO: [Synth 8-6157] synthesizing module 'mig_7series_v4_2_bank_state__parameterized0' [d:/Jetking_sem4/SEM_4/arty-a7-online-lm-g14-preboard-00/vivado/ip/mig_7series_0/mig_7series_0/user_design/rtl/controller/mig_7series_v4_2_bank_state.v:141]
INFO: [Synth 8-6155] done synthesizing module 'mig_7series_v4_2_bank_state__parameterized0' (0#1) [d:/Jetking_sem4/SEM_4/arty-a7-online-lm-g14-preboard-00/vivado/ip/mig_7series_0/mig_7series_0/user_design/rtl/controller/mig_7series_v4_2_bank_state.v:141]
INFO: [Synth 8-6157] synthesizing module 'mig_7series_v4_2_bank_queue__parameterized0' [d:/Jetking_sem4/SEM_4/arty-a7-online-lm-g14-preboard-00/vivado/ip/mig_7series_0/mig_7series_0/user_design/rtl/controller/mig_7series_v4_2_bank_queue.v:174]
INFO: [Synth 8-6155] done synthesizing module 'mig_7series_v4_2_bank_queue__parameterized0' (0#1) [d:/Jetking_sem4/SEM_4/arty-a7-online-lm-g14-preboard-00/vivado/ip/mig_7series_0/mig_7series_0/user_design/rtl/controller/mig_7series_v4_2_bank_queue.v:174]
INFO: [Synth 8-6155] done synthesizing module 'mig_7series_v4_2_bank_cntrl__parameterized0' (0#1) [d:/Jetking_sem4/SEM_4/arty-a7-online-lm-g14-preboard-00/vivado/ip/mig_7series_0/mig_7series_0/user_design/rtl/controller/mig_7series_v4_2_bank_cntrl.v:70]
INFO: [Synth 8-6157] synthesizing module 'mig_7series_v4_2_bank_cntrl__parameterized1' [d:/Jetking_sem4/SEM_4/arty-a7-online-lm-g14-preboard-00/vivado/ip/mig_7series_0/mig_7series_0/user_design/rtl/controller/mig_7series_v4_2_bank_cntrl.v:70]
INFO: [Synth 8-6157] synthesizing module 'mig_7series_v4_2_bank_state__parameterized1' [d:/Jetking_sem4/SEM_4/arty-a7-online-lm-g14-preboard-00/vivado/ip/mig_7series_0/mig_7series_0/user_design/rtl/controller/mig_7series_v4_2_bank_state.v:141]
INFO: [Synth 8-6155] done synthesizing module 'mig_7series_v4_2_bank_state__parameterized1' (0#1) [d:/Jetking_sem4/SEM_4/arty-a7-online-lm-g14-preboard-00/vivado/ip/mig_7series_0/mig_7series_0/user_design/rtl/controller/mig_7series_v4_2_bank_state.v:141]
INFO: [Synth 8-6157] synthesizing module 'mig_7series_v4_2_bank_queue__parameterized1' [d:/Jetking_sem4/SEM_4/arty-a7-online-lm-g14-preboard-00/vivado/ip/mig_7series_0/mig_7series_0/user_design/rtl/controller/mig_7series_v4_2_bank_queue.v:174]
INFO: [Synth 8-6155] done synthesizing module 'mig_7series_v4_2_bank_queue__parameterized1' (0#1) [d:/Jetking_sem4/SEM_4/arty-a7-online-lm-g14-preboard-00/vivado/ip/mig_7series_0/mig_7series_0/user_design/rtl/controller/mig_7series_v4_2_bank_queue.v:174]
INFO: [Synth 8-6155] done synthesizing module 'mig_7series_v4_2_bank_cntrl__parameterized1' (0#1) [d:/Jetking_sem4/SEM_4/arty-a7-online-lm-g14-preboard-00/vivado/ip/mig_7series_0/mig_7series_0/user_design/rtl/controller/mig_7series_v4_2_bank_cntrl.v:70]
INFO: [Synth 8-6157] synthesizing module 'mig_7series_v4_2_bank_cntrl__parameterized2' [d:/Jetking_sem4/SEM_4/arty-a7-online-lm-g14-preboard-00/vivado/ip/mig_7series_0/mig_7series_0/user_design/rtl/controller/mig_7series_v4_2_bank_cntrl.v:70]
INFO: [Synth 8-6157] synthesizing module 'mig_7series_v4_2_bank_state__parameterized2' [d:/Jetking_sem4/SEM_4/arty-a7-online-lm-g14-preboard-00/vivado/ip/mig_7series_0/mig_7series_0/user_design/rtl/controller/mig_7series_v4_2_bank_state.v:141]
INFO: [Synth 8-6155] done synthesizing module 'mig_7series_v4_2_bank_state__parameterized2' (0#1) [d:/Jetking_sem4/SEM_4/arty-a7-online-lm-g14-preboard-00/vivado/ip/mig_7series_0/mig_7series_0/user_design/rtl/controller/mig_7series_v4_2_bank_state.v:141]
INFO: [Synth 8-6157] synthesizing module 'mig_7series_v4_2_bank_queue__parameterized2' [d:/Jetking_sem4/SEM_4/arty-a7-online-lm-g14-preboard-00/vivado/ip/mig_7series_0/mig_7series_0/user_design/rtl/controller/mig_7series_v4_2_bank_queue.v:174]
INFO: [Synth 8-6155] done synthesizing module 'mig_7series_v4_2_bank_queue__parameterized2' (0#1) [d:/Jetking_sem4/SEM_4/arty-a7-online-lm-g14-preboard-00/vivado/ip/mig_7series_0/mig_7series_0/user_design/rtl/controller/mig_7series_v4_2_bank_queue.v:174]
INFO: [Synth 8-6155] done synthesizing module 'mig_7series_v4_2_bank_cntrl__parameterized2' (0#1) [d:/Jetking_sem4/SEM_4/arty-a7-online-lm-g14-preboard-00/vivado/ip/mig_7series_0/mig_7series_0/user_design/rtl/controller/mig_7series_v4_2_bank_cntrl.v:70]
INFO: [Synth 8-6157] synthesizing module 'mig_7series_v4_2_bank_common' [d:/Jetking_sem4/SEM_4/arty-a7-online-lm-g14-preboard-00/vivado/ip/mig_7series_0/mig_7series_0/user_design/rtl/controller/mig_7series_v4_2_bank_common.v:73]
INFO: [Synth 8-6155] done synthesizing module 'mig_7series_v4_2_bank_common' (0#1) [d:/Jetking_sem4/SEM_4/arty-a7-online-lm-g14-preboard-00/vivado/ip/mig_7series_0/mig_7series_0/user_design/rtl/controller/mig_7series_v4_2_bank_common.v:73]
INFO: [Synth 8-6157] synthesizing module 'mig_7series_v4_2_arb_mux' [d:/Jetking_sem4/SEM_4/arty-a7-online-lm-g14-preboard-00/vivado/ip/mig_7series_0/mig_7series_0/user_design/rtl/controller/mig_7series_v4_2_arb_mux.v:69]
INFO: [Synth 8-6157] synthesizing module 'mig_7series_v4_2_arb_row_col' [d:/Jetking_sem4/SEM_4/arty-a7-online-lm-g14-preboard-00/vivado/ip/mig_7series_0/mig_7series_0/user_design/rtl/controller/mig_7series_v4_2_arb_row_col.v:83]
INFO: [Synth 8-6157] synthesizing module 'mig_7series_v4_2_round_robin_arb__parameterized1' [d:/Jetking_sem4/SEM_4/arty-a7-online-lm-g14-preboard-00/vivado/ip/mig_7series_0/mig_7series_0/user_design/rtl/controller/mig_7series_v4_2_round_robin_arb.v:121]
INFO: [Synth 8-6155] done synthesizing module 'mig_7series_v4_2_round_robin_arb__parameterized1' (0#1) [d:/Jetking_sem4/SEM_4/arty-a7-online-lm-g14-preboard-00/vivado/ip/mig_7series_0/mig_7series_0/user_design/rtl/controller/mig_7series_v4_2_round_robin_arb.v:121]
INFO: [Synth 8-6155] done synthesizing module 'mig_7series_v4_2_arb_row_col' (0#1) [d:/Jetking_sem4/SEM_4/arty-a7-online-lm-g14-preboard-00/vivado/ip/mig_7series_0/mig_7series_0/user_design/rtl/controller/mig_7series_v4_2_arb_row_col.v:83]
INFO: [Synth 8-6157] synthesizing module 'mig_7series_v4_2_arb_select' [d:/Jetking_sem4/SEM_4/arty-a7-online-lm-g14-preboard-00/vivado/ip/mig_7series_0/mig_7series_0/user_design/rtl/controller/mig_7series_v4_2_arb_select.v:75]
INFO: [Synth 8-6155] done synthesizing module 'mig_7series_v4_2_arb_select' (0#1) [d:/Jetking_sem4/SEM_4/arty-a7-online-lm-g14-preboard-00/vivado/ip/mig_7series_0/mig_7series_0/user_design/rtl/controller/mig_7series_v4_2_arb_select.v:75]
INFO: [Synth 8-6155] done synthesizing module 'mig_7series_v4_2_arb_mux' (0#1) [d:/Jetking_sem4/SEM_4/arty-a7-online-lm-g14-preboard-00/vivado/ip/mig_7series_0/mig_7series_0/user_design/rtl/controller/mig_7series_v4_2_arb_mux.v:69]
INFO: [Synth 8-6155] done synthesizing module 'mig_7series_v4_2_bank_mach' (0#1) [d:/Jetking_sem4/SEM_4/arty-a7-online-lm-g14-preboard-00/vivado/ip/mig_7series_0/mig_7series_0/user_design/rtl/controller/mig_7series_v4_2_bank_mach.v:72]
WARNING: [Synth 8-7071] port 'idle' of module 'mig_7series_v4_2_bank_mach' is unconnected for instance 'bank_mach0' [d:/Jetking_sem4/SEM_4/arty-a7-online-lm-g14-preboard-00/vivado/ip/mig_7series_0/mig_7series_0/user_design/rtl/controller/mig_7series_v4_2_mc.v:670]
WARNING: [Synth 8-7023] instance 'bank_mach0' of module 'mig_7series_v4_2_bank_mach' has 74 connections declared, but only 73 given [d:/Jetking_sem4/SEM_4/arty-a7-online-lm-g14-preboard-00/vivado/ip/mig_7series_0/mig_7series_0/user_design/rtl/controller/mig_7series_v4_2_mc.v:670]
INFO: [Synth 8-6157] synthesizing module 'mig_7series_v4_2_col_mach' [d:/Jetking_sem4/SEM_4/arty-a7-online-lm-g14-preboard-00/vivado/ip/mig_7series_0/mig_7series_0/user_design/rtl/controller/mig_7series_v4_2_col_mach.v:88]
INFO: [Synth 8-6157] synthesizing module 'RAM32M' [C:/2026.1/Vivado/scripts/rt/data/unisim_comp.v:159528]
INFO: [Synth 8-6155] done synthesizing module 'RAM32M' (0#1) [C:/2026.1/Vivado/scripts/rt/data/unisim_comp.v:159528]
INFO: [Synth 8-6155] done synthesizing module 'mig_7series_v4_2_col_mach' (0#1) [d:/Jetking_sem4/SEM_4/arty-a7-online-lm-g14-preboard-00/vivado/ip/mig_7series_0/mig_7series_0/user_design/rtl/controller/mig_7series_v4_2_col_mach.v:88]
INFO: [Synth 8-6155] done synthesizing module 'mig_7series_v4_2_mc' (0#1) [d:/Jetking_sem4/SEM_4/arty-a7-online-lm-g14-preboard-00/vivado/ip/mig_7series_0/mig_7series_0/user_design/rtl/controller/mig_7series_v4_2_mc.v:73]
INFO: [Synth 8-6157] synthesizing module 'mig_7series_v4_2_ddr_phy_top' [d:/Jetking_sem4/SEM_4/arty-a7-online-lm-g14-preboard-00/vivado/ip/mig_7series_0/mig_7series_0/user_design/rtl/phy/mig_7series_v4_2_ddr_phy_top.v:69]
INFO: [Synth 8-6157] synthesizing module 'mig_7series_v4_2_ddr_mc_phy_wrapper' [d:/Jetking_sem4/SEM_4/arty-a7-online-lm-g14-preboard-00/vivado/ip/mig_7series_0/mig_7series_0/user_design/rtl/phy/mig_7series_v4_2_ddr_mc_phy_wrapper.v:71]
INFO: [Synth 8-6157] synthesizing module 'OBUF' [C:/2026.1/Vivado/scripts/rt/data/unisim_comp.v:113400]
INFO: [Synth 8-6155] done synthesizing module 'OBUF' (0#1) [C:/2026.1/Vivado/scripts/rt/data/unisim_comp.v:113400]
INFO: [Synth 8-6157] synthesizing module 'OBUFT' [C:/2026.1/Vivado/scripts/rt/data/unisim_comp.v:113820]
INFO: [Synth 8-6155] done synthesizing module 'OBUFT' (0#1) [C:/2026.1/Vivado/scripts/rt/data/unisim_comp.v:113820]
INFO: [Synth 8-6157] synthesizing module 'IOBUF_INTERMDISABLE' [C:/2026.1/Vivado/scripts/rt/data/unisim_comp.v:88443]
INFO: [Synth 8-6155] done synthesizing module 'IOBUF_INTERMDISABLE' (0#1) [C:/2026.1/Vivado/scripts/rt/data/unisim_comp.v:88443]
INFO: [Synth 8-6157] synthesizing module 'IOBUFDS_INTERMDISABLE' [C:/2026.1/Vivado/scripts/rt/data/unisim_comp.v:87903]
INFO: [Synth 8-6155] done synthesizing module 'IOBUFDS_INTERMDISABLE' (0#1) [C:/2026.1/Vivado/scripts/rt/data/unisim_comp.v:87903]
INFO: [Synth 8-6157] synthesizing module 'mig_7series_v4_2_ddr_of_pre_fifo' [d:/Jetking_sem4/SEM_4/arty-a7-online-lm-g14-preboard-00/vivado/ip/mig_7series_0/mig_7series_0/user_design/rtl/phy/mig_7series_v4_2_ddr_of_pre_fifo.v:76]
INFO: [Synth 8-6155] done synthesizing module 'mig_7series_v4_2_ddr_of_pre_fifo' (0#1) [d:/Jetking_sem4/SEM_4/arty-a7-online-lm-g14-preboard-00/vivado/ip/mig_7series_0/mig_7series_0/user_design/rtl/phy/mig_7series_v4_2_ddr_of_pre_fifo.v:76]
WARNING: [Synth 8-7071] port 'afull' of module 'mig_7series_v4_2_ddr_of_pre_fifo' is unconnected for instance 'phy_ctl_pre_fifo_0' [d:/Jetking_sem4/SEM_4/arty-a7-online-lm-g14-preboard-00/vivado/ip/mig_7series_0/mig_7series_0/user_design/rtl/phy/mig_7series_v4_2_ddr_mc_phy_wrapper.v:1428]
WARNING: [Synth 8-7023] instance 'phy_ctl_pre_fifo_0' of module 'mig_7series_v4_2_ddr_of_pre_fifo' has 8 connections declared, but only 7 given [d:/Jetking_sem4/SEM_4/arty-a7-online-lm-g14-preboard-00/vivado/ip/mig_7series_0/mig_7series_0/user_design/rtl/phy/mig_7series_v4_2_ddr_mc_phy_wrapper.v:1428]
INFO: [Synth 8-6157] synthesizing module 'mig_7series_v4_2_ddr_of_pre_fifo__parameterized0' [d:/Jetking_sem4/SEM_4/arty-a7-online-lm-g14-preboard-00/vivado/ip/mig_7series_0/mig_7series_0/user_design/rtl/phy/mig_7series_v4_2_ddr_of_pre_fifo.v:76]
INFO: [Synth 8-6155] done synthesizing module 'mig_7series_v4_2_ddr_of_pre_fifo__parameterized0' (0#1) [d:/Jetking_sem4/SEM_4/arty-a7-online-lm-g14-preboard-00/vivado/ip/mig_7series_0/mig_7series_0/user_design/rtl/phy/mig_7series_v4_2_ddr_of_pre_fifo.v:76]
WARNING: [Synth 8-7071] port 'afull' of module 'mig_7series_v4_2_ddr_of_pre_fifo' is unconnected for instance 'phy_ctl_pre_fifo_1' [d:/Jetking_sem4/SEM_4/arty-a7-online-lm-g14-preboard-00/vivado/ip/mig_7series_0/mig_7series_0/user_design/rtl/phy/mig_7series_v4_2_ddr_mc_phy_wrapper.v:1445]
WARNING: [Synth 8-7023] instance 'phy_ctl_pre_fifo_1' of module 'mig_7series_v4_2_ddr_of_pre_fifo' has 8 connections declared, but only 7 given [d:/Jetking_sem4/SEM_4/arty-a7-online-lm-g14-preboard-00/vivado/ip/mig_7series_0/mig_7series_0/user_design/rtl/phy/mig_7series_v4_2_ddr_mc_phy_wrapper.v:1445]
WARNING: [Synth 8-7071] port 'afull' of module 'mig_7series_v4_2_ddr_of_pre_fifo' is unconnected for instance 'phy_ctl_pre_fifo_2' [d:/Jetking_sem4/SEM_4/arty-a7-online-lm-g14-preboard-00/vivado/ip/mig_7series_0/mig_7series_0/user_design/rtl/phy/mig_7series_v4_2_ddr_mc_phy_wrapper.v:1462]
WARNING: [Synth 8-7023] instance 'phy_ctl_pre_fifo_2' of module 'mig_7series_v4_2_ddr_of_pre_fifo' has 8 connections declared, but only 7 given [d:/Jetking_sem4/SEM_4/arty-a7-online-lm-g14-preboard-00/vivado/ip/mig_7series_0/mig_7series_0/user_design/rtl/phy/mig_7series_v4_2_ddr_mc_phy_wrapper.v:1462]
INFO: [Synth 8-6157] synthesizing module 'mig_7series_v4_2_ddr_mc_phy' [d:/Jetking_sem4/SEM_4/arty-a7-online-lm-g14-preboard-00/vivado/ip/mig_7series_0/mig_7series_0/user_design/rtl/phy/mig_7series_v4_2_ddr_mc_phy.v:70]
INFO: [Synth 8-6157] synthesizing module 'mig_7series_v4_2_ddr_phy_4lanes' [d:/Jetking_sem4/SEM_4/arty-a7-online-lm-g14-preboard-00/vivado/ip/mig_7series_0/mig_7series_0/user_design/rtl/phy/mig_7series_v4_2_ddr_phy_4lanes.v:72]
INFO: [Common 17-14] Message 'Synth 8-6157' appears 100 times and further instances of the messages will be disabled. Use the Tcl command set_msg_config to change the current settings.
INFO: [Synth 8-6155] done synthesizing module 'mig_7series_v4_2_ddr_of_pre_fifo__parameterized1' (0#1) [d:/Jetking_sem4/SEM_4/arty-a7-online-lm-g14-preboard-00/vivado/ip/mig_7series_0/mig_7series_0/user_design/rtl/phy/mig_7series_v4_2_ddr_of_pre_fifo.v:76]
INFO: [Synth 8-6155] done synthesizing module 'ODDR' (0#1) [C:/2026.1/Vivado/scripts/rt/data/unisim_comp.v:117076]
INFO: [Synth 8-6155] done synthesizing module 'OBUFDS' (0#1) [C:/2026.1/Vivado/scripts/rt/data/unisim_comp.v:113414]
INFO: [Synth 8-6155] done synthesizing module 'PHASER_OUT_PHY' (0#1) [C:/2026.1/Vivado/scripts/rt/data/unisim_comp.v:133581]
INFO: [Synth 8-6155] done synthesizing module 'OUT_FIFO' (0#1) [C:/2026.1/Vivado/scripts/rt/data/unisim_comp.v:117798]
INFO: [Synth 8-6155] done synthesizing module 'OSERDESE2' (0#1) [C:/2026.1/Vivado/scripts/rt/data/unisim_comp.v:117683]
INFO: [Synth 8-6155] done synthesizing module 'mig_7series_v4_2_ddr_byte_group_io' (0#1) [d:/Jetking_sem4/SEM_4/arty-a7-online-lm-g14-preboard-00/vivado/ip/mig_7series_0/mig_7series_0/user_design/rtl/phy/mig_7series_v4_2_ddr_byte_group_io.v:68]
INFO: [Synth 8-6155] done synthesizing module 'mig_7series_v4_2_ddr_byte_lane' (0#1) [d:/Jetking_sem4/SEM_4/arty-a7-online-lm-g14-preboard-00/vivado/ip/mig_7series_0/mig_7series_0/user_design/rtl/phy/mig_7series_v4_2_ddr_byte_lane.v:68]
INFO: [Synth 8-6155] done synthesizing module 'mig_7series_v4_2_ddr_byte_group_io__parameterized0' (0#1) [d:/Jetking_sem4/SEM_4/arty-a7-online-lm-g14-preboard-00/vivado/ip/mig_7series_0/mig_7series_0/user_design/rtl/phy/mig_7series_v4_2_ddr_byte_group_io.v:68]
INFO: [Synth 8-6155] done synthesizing module 'mig_7series_v4_2_ddr_byte_lane__parameterized0' (0#1) [d:/Jetking_sem4/SEM_4/arty-a7-online-lm-g14-preboard-00/vivado/ip/mig_7series_0/mig_7series_0/user_design/rtl/phy/mig_7series_v4_2_ddr_byte_lane.v:68]
INFO: [Common 17-14] Message 'Synth 8-6155' appears 100 times and further instances of the messages will be disabled. Use the Tcl command set_msg_config to change the current settings.
INFO: [Synth 8-155] case statement is not full and has no default [d:/Jetking_sem4/SEM_4/arty-a7-online-lm-g14-preboard-00/vivado/ip/mig_7series_0/mig_7series_0/user_design/rtl/phy/mig_7series_v4_2_ddr_if_post_fifo.v:109]
INFO: [Synth 8-226] default block is never used [d:/Jetking_sem4/SEM_4/arty-a7-online-lm-g14-preboard-00/vivado/ip/mig_7series_0/mig_7series_0/user_design/rtl/phy/mig_7series_v4_2_ddr_phy_4lanes.v:1557]
WARNING: [Synth 8-689] width (12) of port connection 'pi_dqs_found_lanes' does not match port width (4) of module 'mig_7series_v4_2_ddr_mc_phy' [d:/Jetking_sem4/SEM_4/arty-a7-online-lm-g14-preboard-00/vivado/ip/mig_7series_0/mig_7series_0/user_design/rtl/phy/mig_7series_v4_2_ddr_mc_phy_wrapper.v:1671]
WARNING: [Synth 8-689] width (12) of port connection 'pi_phase_locked_lanes' does not match port width (4) of module 'mig_7series_v4_2_ddr_mc_phy' [d:/Jetking_sem4/SEM_4/arty-a7-online-lm-g14-preboard-00/vivado/ip/mig_7series_0/mig_7series_0/user_design/rtl/phy/mig_7series_v4_2_ddr_mc_phy_wrapper.v:1679]
WARNING: [Synth 8-7071] port 'of_data_a_full' of module 'mig_7series_v4_2_ddr_mc_phy' is unconnected for instance 'u_ddr_mc_phy' [d:/Jetking_sem4/SEM_4/arty-a7-online-lm-g14-preboard-00/vivado/ip/mig_7series_0/mig_7series_0/user_design/rtl/phy/mig_7series_v4_2_ddr_mc_phy_wrapper.v:1579]
WARNING: [Synth 8-7023] instance 'u_ddr_mc_phy' of module 'mig_7series_v4_2_ddr_mc_phy' has 89 connections declared, but only 88 given [d:/Jetking_sem4/SEM_4/arty-a7-online-lm-g14-preboard-00/vivado/ip/mig_7series_0/mig_7series_0/user_design/rtl/phy/mig_7series_v4_2_ddr_mc_phy_wrapper.v:1579]
INFO: [Synth 8-155] case statement is not full and has no default [d:/Jetking_sem4/SEM_4/arty-a7-online-lm-g14-preboard-00/vivado/ip/mig_7series_0/mig_7series_0/user_design/rtl/phy/mig_7series_v4_2_ddr_phy_wrlvl.v:797]
INFO: [Synth 8-155] case statement is not full and has no default [d:/Jetking_sem4/SEM_4/arty-a7-online-lm-g14-preboard-00/vivado/ip/mig_7series_0/mig_7series_0/user_design/rtl/phy/mig_7series_v4_2_ddr_phy_rdlvl.v:2745]
WARNING: [Synth 8-7186] Applying attribute ram_style = "distributed" is ignored, object 'rd_addr' is not inferred as ram due to incorrect usage [d:/Jetking_sem4/SEM_4/arty-a7-online-lm-g14-preboard-00/vivado/ip/mig_7series_0/mig_7series_0/user_design/rtl/phy/mig_7series_v4_2_ddr_prbs_gen.v:202]
WARNING: [Synth 8-7186] Applying attribute ram_style = "distributed" is ignored, object 'mem_out' is not inferred as ram due to incorrect usage [d:/Jetking_sem4/SEM_4/arty-a7-online-lm-g14-preboard-00/vivado/ip/mig_7series_0/mig_7series_0/user_design/rtl/phy/mig_7series_v4_2_ddr_prbs_gen.v:204]
INFO: [Synth 8-226] default block is never used [d:/Jetking_sem4/SEM_4/arty-a7-online-lm-g14-preboard-00/vivado/ip/mig_7series_0/mig_7series_0/user_design/rtl/phy/mig_7series_v4_2_ddr_phy_init.v:5272]
WARNING: [Synth 8-7071] port 'complex_oclk_prech_req' of module 'mig_7series_v4_2_ddr_phy_init' is unconnected for instance 'u_ddr_phy_init' [d:/Jetking_sem4/SEM_4/arty-a7-online-lm-g14-preboard-00/vivado/ip/mig_7series_0/mig_7series_0/user_design/rtl/phy/mig_7series_v4_2_ddr_calib_top.v:1366]
WARNING: [Synth 8-7023] instance 'u_ddr_phy_init' of module 'mig_7series_v4_2_ddr_phy_init' has 131 connections declared, but only 130 given [d:/Jetking_sem4/SEM_4/arty-a7-online-lm-g14-preboard-00/vivado/ip/mig_7series_0/mig_7series_0/user_design/rtl/phy/mig_7series_v4_2_ddr_calib_top.v:1366]
INFO: [Synth 8-155] case statement is not full and has no default [d:/Jetking_sem4/SEM_4/arty-a7-online-lm-g14-preboard-00/vivado/ip/mig_7series_0/mig_7series_0/user_design/rtl/phy/mig_7series_v4_2_ddr_phy_wrcal.v:1130]
WARNING: [Synth 8-689] width (12) of port connection 'pi_dqs_found_lanes' does not match port width (4) of module 'mig_7series_v4_2_ddr_calib_top' [d:/Jetking_sem4/SEM_4/arty-a7-online-lm-g14-preboard-00/vivado/ip/mig_7series_0/mig_7series_0/user_design/rtl/phy/mig_7series_v4_2_ddr_phy_top.v:1339]
INFO: [Synth 8-155] case statement is not full and has no default [d:/Jetking_sem4/SEM_4/arty-a7-online-lm-g14-preboard-00/vivado/ip/mig_7series_0/mig_7series_0/user_design/rtl/ui/mig_7series_v4_2_ui_wr_data.v:341]
INFO: [Synth 8-155] case statement is not full and has no default [d:/Jetking_sem4/SEM_4/arty-a7-online-lm-g14-preboard-00/vivado/ip/mig_7series_0/mig_7series_0/user_design/rtl/ui/mig_7series_v4_2_ui_wr_data.v:379]
INFO: [Synth 8-155] case statement is not full and has no default [d:/Jetking_sem4/SEM_4/arty-a7-online-lm-g14-preboard-00/vivado/ip/mig_7series_0/mig_7series_0/user_design/rtl/ui/mig_7series_v4_2_ui_rd_data.v:405]
WARNING: [Synth 8-567] referenced signal 'not_strict_mode.occ_cnt_r' should be on the sensitivity list [d:/Jetking_sem4/SEM_4/arty-a7-online-lm-g14-preboard-00/vivado/ip/mig_7series_0/mig_7series_0/user_design/rtl/ui/mig_7series_v4_2_ui_rd_data.v:402]
WARNING: [Synth 8-567] referenced signal 'not_strict_mode.free_rd_buf' should be on the sensitivity list [d:/Jetking_sem4/SEM_4/arty-a7-online-lm-g14-preboard-00/vivado/ip/mig_7series_0/mig_7series_0/user_design/rtl/ui/mig_7series_v4_2_ui_rd_data.v:402]
WARNING: [Synth 8-567] referenced signal 'not_strict_mode.occ_minus_one' should be on the sensitivity list [d:/Jetking_sem4/SEM_4/arty-a7-online-lm-g14-preboard-00/vivado/ip/mig_7series_0/mig_7series_0/user_design/rtl/ui/mig_7series_v4_2_ui_rd_data.v:402]
WARNING: [Synth 8-567] referenced signal 'not_strict_mode.occ_plus_one' should be on the sensitivity list [d:/Jetking_sem4/SEM_4/arty-a7-online-lm-g14-preboard-00/vivado/ip/mig_7series_0/mig_7series_0/user_design/rtl/ui/mig_7series_v4_2_ui_rd_data.v:402]
WARNING: [Synth 8-567] referenced signal 'not_strict_mode.rd_data_buf_addr_r_lcl' should be on the sensitivity list [d:/Jetking_sem4/SEM_4/arty-a7-online-lm-g14-preboard-00/vivado/ip/mig_7series_0/mig_7series_0/user_design/rtl/ui/mig_7series_v4_2_ui_rd_data.v:431]
WARNING: [Synth 8-589] replacing case/wildcard equality operator === with logical equality operator == [d:/Jetking_sem4/SEM_4/arty-a7-online-lm-g14-preboard-00/vivado/ip/mig_7series_0/mig_7series_0/user_design/rtl/axi/mig_7series_v4_2_axi_mc_r_channel.v:189]
INFO: [Synth 8-155] case statement is not full and has no default [d:/Jetking_sem4/SEM_4/arty-a7-online-lm-g14-preboard-00/vivado/ip/mig_7series_0/mig_7series_0/user_design/rtl/axi/mig_7series_v4_2_axi_mc_r_channel.v:315]
WARNING: [Synth 8-7071] port 'device_temp' of module 'mig_7series_0' is unconnected for instance 'u_mig' [D:/Jetking_sem4/SEM_4/arty-a7-online-lm-g14-preboard-00/rtl/ddr/mig_native_wrap.sv:60]
WARNING: [Synth 8-7023] instance 'u_mig' of module 'mig_7series_0' has 67 connections declared, but only 66 given [D:/Jetking_sem4/SEM_4/arty-a7-online-lm-g14-preboard-00/rtl/ddr/mig_native_wrap.sv:60]
INFO: [Synth 8-294] found qualifier unique on case statement: implementing as parallel_case [D:/Jetking_sem4/SEM_4/arty-a7-online-lm-g14-preboard-00/rtl/ddr/ddr_tile_dma.sv:109]
INFO: [Synth 8-294] found qualifier unique on case statement: implementing as parallel_case [D:/Jetking_sem4/SEM_4/arty-a7-online-lm-g14-preboard-00/rtl/board/a7ng_ddr_soa_boot.sv:76]
INFO: [Synth 8-294] found qualifier unique on case statement: implementing as parallel_case [D:/Jetking_sem4/SEM_4/arty-a7-online-lm-g14-preboard-00/rtl/board/a7ng_ddr_wmem_boot.sv:140]
INFO: [Synth 8-294] found qualifier unique on case statement: implementing as parallel_case [D:/Jetking_sem4/SEM_4/arty-a7-online-lm-g14-preboard-00/rtl/board/arty_a7_ng_native_v1_ab_soc_top.sv:517]
	Parameter SIM_FULL bound to: 1'b0 
	Parameter WAVE bound to: 32'b00000000000000000000000000010000 
	Parameter MAX_CANDS bound to: 32'b00000000000000000000000001000000 
	Parameter PHYS bound to: 32'b00000000000000000000000000000100 
INFO: [Synth 8-294] found qualifier unique on case statement: implementing as parallel_case [D:/Jetking_sem4/SEM_4/arty-a7-online-lm-g14-preboard-00/rtl/native_graph/integrate/a7ng_lm_graph_arb.sv:30]
	Parameter WAVE bound to: 32'b00000000000000000000000000010000 
	Parameter MAX_CANDS bound to: 32'b00000000000000000000000001000000 
	Parameter MAX_OUT bound to: 32'b00000000000000000000000000001000 
	Parameter MAX_BURST bound to: 32'b00000000000000000000000000010000 
	Parameter PHYS bound to: 32'b00000000000000000000000000000100 
INFO: [Synth 8-226] default block is never used [D:/Jetking_sem4/SEM_4/arty-a7-online-lm-g14-preboard-00/rtl/native_graph/memory/a7ng_cue_soa_mig_top.sv:124]
	Parameter WAVE bound to: 32'b00000000000000000000000000010000 
	Parameter MAX_CANDS bound to: 32'b00000000000000000000000001000000 
	Parameter MAX_OUT bound to: 32'b00000000000000000000000000001000 
	Parameter MAX_BURST bound to: 32'b00000000000000000000000000010000 
	Parameter PHYS bound to: 32'b00000000000000000000000000000100 
INFO: [Synth 8-294] found qualifier unique on case statement: implementing as parallel_case [D:/Jetking_sem4/SEM_4/arty-a7-online-lm-g14-preboard-00/rtl/native_graph/scorer/a7ng_termgen_lane_fold6.sv:42]
INFO: [Synth 8-294] found qualifier unique on case statement: implementing as parallel_case [D:/Jetking_sem4/SEM_4/arty-a7-online-lm-g14-preboard-00/rtl/native_graph/scorer/a7ng_termgen_lane_fold6.sv:67]
INFO: [Synth 8-226] default block is never used [D:/Jetking_sem4/SEM_4/arty-a7-online-lm-g14-preboard-00/rtl/native_graph/scorer/a7ng_termgen_lane_fold6.sv:67]
INFO: [Synth 8-294] found qualifier unique on case statement: implementing as parallel_case [D:/Jetking_sem4/SEM_4/arty-a7-online-lm-g14-preboard-00/rtl/native_graph/scorer/a7ng_termgen_lane_fold6.sv:93]
INFO: [Synth 8-294] found qualifier unique on case statement: implementing as parallel_case [D:/Jetking_sem4/SEM_4/arty-a7-online-lm-g14-preboard-00/rtl/native_graph/memory/a7ng_cue_soa_mig_top.sv:296]
INFO: [Synth 8-226] default block is never used [D:/Jetking_sem4/SEM_4/arty-a7-online-lm-g14-preboard-00/rtl/native_graph/memory/a7ng_cue_soa_mig_top.sv:296]
	Parameter PHYS bound to: 32'b00000000000000000000000000000100 
	Parameter PHYS bound to: 32'b00000000000000000000000000000100 
	Parameter K bound to: 32'b00000000000000000000000000001000 
	Parameter SORT_BEFORE_DRAIN bound to: 1'b0 
	Parameter SIFT_ON_TAKE bound to: 1'b1 
	Parameter VECTOR_COMMIT bound to: 1'b1 
INFO: [Synth 8-294] found qualifier unique on case statement: implementing as parallel_case [D:/Jetking_sem4/SEM_4/arty-a7-online-lm-g14-preboard-00/rtl/native_graph/topk/a7ng_ng02_core.sv:154]
	Parameter NBINS bound to: 32'b00000000000000000000000000010000 
	Parameter DEPTH bound to: 32'b00000000000000000000000000001000 
	Parameter SCORE_W bound to: 32'b00000000000000000000000000010000 
	Parameter ID_W bound to: 32'b00000000000000000000000000100000 
	Parameter K bound to: 32'b00000000000000000000000000001000 
	Parameter HEAP_CMP_LANES bound to: 32'b00000000000000000000000000000001 
	Parameter SORT_EVERY_WAVE bound to: 1'b0 
INFO: [Synth 8-294] found qualifier unique on case statement: implementing as parallel_case [D:/Jetking_sem4/SEM_4/arty-a7-online-lm-g14-preboard-00/rtl/native_graph/topk/a7ng_topk_wavefront_minheap.sv:133]
INFO: [Synth 8-294] found qualifier unique on case statement: implementing as parallel_case [D:/Jetking_sem4/SEM_4/arty-a7-online-lm-g14-preboard-00/rtl/native_graph/lm/a7ng_native_ctx_bind.sv:74]
	Parameter SIM_FULL bound to: 1'b0 
	Parameter SIM_FULL bound to: 1'b0 
	Parameter DEPTH bound to: 32'sb00000000000000100000000000000000 
INFO: [Synth 8-294] found qualifier unique on case statement: implementing as parallel_case [D:/Jetking_sem4/SEM_4/arty-a7-online-lm-g14-preboard-00/rtl/lm/weight_tile803k.sv:186]
INFO: [Synth 8-294] found qualifier unique on case statement: implementing as parallel_case [D:/Jetking_sem4/SEM_4/arty-a7-online-lm-g14-preboard-00/rtl/lm/weight_tile803k.sv:287]
INFO: [Synth 8-294] found qualifier unique on case statement: implementing as parallel_case [D:/Jetking_sem4/SEM_4/arty-a7-online-lm-g14-preboard-00/rtl/lm/isqrt32.sv:33]
INFO: [Synth 8-294] found qualifier unique on case statement: implementing as parallel_case [D:/Jetking_sem4/SEM_4/arty-a7-online-lm-g14-preboard-00/rtl/lm/floordiv_s48.sv:35]
INFO: [Synth 8-226] default block is never used [D:/Jetking_sem4/SEM_4/arty-a7-online-lm-g14-preboard-00/rtl/lm/floordiv_s48.sv:35]
INFO: [Synth 8-294] found qualifier unique on case statement: implementing as parallel_case [D:/Jetking_sem4/SEM_4/arty-a7-online-lm-g14-preboard-00/rtl/lm/tiny_gpt803k_core.sv:355]
INFO: [Synth 8-294] found qualifier unique on case statement: implementing as parallel_case [D:/Jetking_sem4/SEM_4/arty-a7-online-lm-g14-preboard-00/rtl/lm/tiny_gpt803k_core.sv:405]
INFO: [Synth 8-294] found qualifier unique on case statement: implementing as parallel_case [D:/Jetking_sem4/SEM_4/arty-a7-online-lm-g14-preboard-00/rtl/lm/tiny_gpt803k_core.sv:431]
INFO: [Synth 8-294] found qualifier unique on case statement: implementing as parallel_case [D:/Jetking_sem4/SEM_4/arty-a7-online-lm-g14-preboard-00/rtl/lm/tiny_gpt803k_core.sv:457]
INFO: [Synth 8-294] found qualifier unique on case statement: implementing as parallel_case [D:/Jetking_sem4/SEM_4/arty-a7-online-lm-g14-preboard-00/rtl/lm/tiny_gpt803k_core.sv:491]
INFO: [Synth 8-294] found qualifier unique on case statement: implementing as parallel_case [D:/Jetking_sem4/SEM_4/arty-a7-online-lm-g14-preboard-00/rtl/lm/tiny_gpt803k_core.sv:545]
INFO: [Synth 8-294] found qualifier unique on case statement: implementing as parallel_case [D:/Jetking_sem4/SEM_4/arty-a7-online-lm-g14-preboard-00/rtl/lm/tiny_gpt803k_core.sv:599]
INFO: [Synth 8-294] found qualifier unique on case statement: implementing as parallel_case [D:/Jetking_sem4/SEM_4/arty-a7-online-lm-g14-preboard-00/rtl/lm/tiny_gpt803k_core.sv:691]
INFO: [Synth 8-294] found qualifier unique on case statement: implementing as parallel_case [D:/Jetking_sem4/SEM_4/arty-a7-online-lm-g14-preboard-00/rtl/lm/tiny_gpt803k_core.sv:758]
INFO: [Synth 8-294] found qualifier unique on case statement: implementing as parallel_case [D:/Jetking_sem4/SEM_4/arty-a7-online-lm-g14-preboard-00/rtl/lm/tiny_gpt803k_core.sv:817]
INFO: [Synth 8-294] found qualifier unique on case statement: implementing as parallel_case [D:/Jetking_sem4/SEM_4/arty-a7-online-lm-g14-preboard-00/rtl/lm/tiny_gpt803k_core.sv:871]
INFO: [Synth 8-294] found qualifier unique on case statement: implementing as parallel_case [D:/Jetking_sem4/SEM_4/arty-a7-online-lm-g14-preboard-00/rtl/lm/tiny_gpt803k_core.sv:933]
INFO: [Synth 8-294] found qualifier unique on case statement: implementing as parallel_case [D:/Jetking_sem4/SEM_4/arty-a7-online-lm-g14-preboard-00/rtl/lm/tiny_gpt803k_core.sv:1004]
INFO: [Synth 8-294] found qualifier unique on case statement: implementing as parallel_case [D:/Jetking_sem4/SEM_4/arty-a7-online-lm-g14-preboard-00/rtl/lm/tiny_gpt803k_core.sv:1040]
INFO: [Synth 8-294] found qualifier unique on case statement: implementing as parallel_case [D:/Jetking_sem4/SEM_4/arty-a7-online-lm-g14-preboard-00/rtl/lm/tiny_gpt803k_core.sv:1073]
INFO: [Synth 8-294] found qualifier unique on case statement: implementing as parallel_case [D:/Jetking_sem4/SEM_4/arty-a7-online-lm-g14-preboard-00/rtl/lm/tiny_gpt803k_core.sv:1106]
INFO: [Synth 8-294] found qualifier unique on case statement: implementing as parallel_case [D:/Jetking_sem4/SEM_4/arty-a7-online-lm-g14-preboard-00/rtl/lm/tiny_gpt803k_core.sv:1139]
INFO: [Synth 8-294] found qualifier unique on case statement: implementing as parallel_case [D:/Jetking_sem4/SEM_4/arty-a7-online-lm-g14-preboard-00/rtl/lm/tiny_gpt803k_core.sv:1143]
INFO: [Synth 8-294] found qualifier unique on case statement: implementing as parallel_case [D:/Jetking_sem4/SEM_4/arty-a7-online-lm-g14-preboard-00/rtl/lm/tiny_gpt803k_core.sv:1192]
INFO: [Synth 8-294] found qualifier unique on case statement: implementing as parallel_case [D:/Jetking_sem4/SEM_4/arty-a7-online-lm-g14-preboard-00/rtl/lm/tiny_gpt803k_core.sv:1229]
INFO: [Synth 8-294] found qualifier unique on case statement: implementing as parallel_case [D:/Jetking_sem4/SEM_4/arty-a7-online-lm-g14-preboard-00/rtl/lm/tiny_gpt803k_core.sv:1242]
INFO: [Synth 8-294] found qualifier unique on case statement: implementing as parallel_case [D:/Jetking_sem4/SEM_4/arty-a7-online-lm-g14-preboard-00/rtl/lm/tiny_gpt803k_core.sv:1257]
	Parameter WRAP_LIMIT bound to: 6 - type: integer 
	Parameter TXN_W bound to: 32'b00000000000000000000000000010000 
	Parameter TXN_W bound to: 32'b00000000000000000000000000010000 
	Parameter WRAP_LIMIT bound to: 6 - type: integer 
INFO: [Synth 8-294] found qualifier unique on case statement: implementing as parallel_case [D:/Jetking_sem4/SEM_4/arty-a7-online-lm-g14-preboard-00/rtl/native_graph/learn/a7ng_learned_prior_store.sv:142]
INFO: [Synth 8-294] found qualifier unique on case statement: implementing as parallel_case [D:/Jetking_sem4/SEM_4/arty-a7-online-lm-g14-preboard-00/rtl/native_graph/learn/a7ng_learned_prior_store.sv:203]
INFO: [Synth 8-226] default block is never used [D:/Jetking_sem4/SEM_4/arty-a7-online-lm-g14-preboard-00/rtl/native_graph/learn/a7ng_learned_prior_store.sv:203]
	Parameter K bound to: 32'b00000000000000000000000000001000 
INFO: [Synth 8-294] found qualifier unique on case statement: implementing as parallel_case [D:/Jetking_sem4/SEM_4/arty-a7-online-lm-g14-preboard-00/rtl/native_graph/integrate/a7ng_learned_prior_graph.sv:316]
INFO: [Synth 8-294] found qualifier unique on case statement: implementing as parallel_case [D:/Jetking_sem4/SEM_4/arty-a7-online-lm-g14-preboard-00/rtl/native_graph/integrate/a7ng_gate14_c9_glue.sv:169]
INFO: [Synth 8-294] found qualifier unique on case statement: implementing as parallel_case [D:/Jetking_sem4/SEM_4/arty-a7-online-lm-g14-preboard-00/rtl/native_graph/learn/a7ng_persist_axi_bridge.sv:206]
INFO: [Synth 8-226] default block is never used [D:/Jetking_sem4/SEM_4/arty-a7-online-lm-g14-preboard-00/rtl/native_graph/learn/a7ng_persist_axi_bridge.sv:206]
	Parameter WIDTH bound to: 32'sb00000000000000000000000000101111 
WARNING: [Synth 8-689] width (32) of port connection 'async_in' does not match port width (47) of module 'sync_bits__parameterized2' [D:/Jetking_sem4/SEM_4/arty-a7-online-lm-g14-preboard-00/rtl/board/arty_a7_ng_native_v1_ab_soc_top.sv:1006]
WARNING: [Synth 8-689] width (32) of port connection 'sync_out' does not match port width (47) of module 'sync_bits__parameterized2' [D:/Jetking_sem4/SEM_4/arty-a7-online-lm-g14-preboard-00/rtl/board/arty_a7_ng_native_v1_ab_soc_top.sv:1007]
	Parameter WIDTH bound to: 32'sb00000000000000000000000000000100 
	Parameter WIDTH bound to: 32'sb00000000000000000000000001000000 
	Parameter CLK_HZ bound to: 32'sb00000101111101011110000100000000 
	Parameter BAUD bound to: 32'sb00000000000000011100001000000000 
INFO: [Synth 8-294] found qualifier unique on case statement: implementing as parallel_case [D:/Jetking_sem4/SEM_4/arty-a7-online-lm-g14-preboard-00/rtl/board/arty_a7_ng_native_v1_ab_soc_top.sv:2315]
INFO: [Synth 8-294] found qualifier unique on case statement: implementing as parallel_case [D:/Jetking_sem4/SEM_4/arty-a7-online-lm-g14-preboard-00/rtl/board/arty_a7_ng_native_v1_ab_soc_top.sv:1975]
INFO: [Synth 8-294] found qualifier unique on case statement: implementing as parallel_case [D:/Jetking_sem4/SEM_4/arty-a7-online-lm-g14-preboard-00/rtl/board/arty_a7_ng_native_v1_ab_soc_top.sv:1461]
INFO: [Synth 8-294] found qualifier unique on case statement: implementing as parallel_case [D:/Jetking_sem4/SEM_4/arty-a7-online-lm-g14-preboard-00/rtl/board/arty_a7_ng_native_v1_ab_soc_top.sv:1462]
INFO: [Synth 8-294] found qualifier unique on case statement: implementing as parallel_case [D:/Jetking_sem4/SEM_4/arty-a7-online-lm-g14-preboard-00/rtl/board/arty_a7_ng_native_v1_ab_soc_top.sv:1466]
INFO: [Synth 8-294] found qualifier unique on case statement: implementing as parallel_case [D:/Jetking_sem4/SEM_4/arty-a7-online-lm-g14-preboard-00/rtl/board/arty_a7_ng_native_v1_ab_soc_top.sv:1471]
INFO: [Synth 8-294] found qualifier unique on case statement: implementing as parallel_case [D:/Jetking_sem4/SEM_4/arty-a7-online-lm-g14-preboard-00/rtl/board/arty_a7_ng_native_v1_ab_soc_top.sv:1476]
INFO: [Synth 8-294] found qualifier unique on case statement: implementing as parallel_case [D:/Jetking_sem4/SEM_4/arty-a7-online-lm-g14-preboard-00/rtl/board/arty_a7_ng_native_v1_ab_soc_top.sv:1481]
INFO: [Synth 8-294] found qualifier unique on case statement: implementing as parallel_case [D:/Jetking_sem4/SEM_4/arty-a7-online-lm-g14-preboard-00/rtl/board/arty_a7_ng_native_v1_ab_soc_top.sv:1487]
INFO: [Synth 8-294] found qualifier unique on case statement: implementing as parallel_case [D:/Jetking_sem4/SEM_4/arty-a7-online-lm-g14-preboard-00/rtl/board/arty_a7_ng_native_v1_ab_soc_top.sv:1493]
INFO: [Synth 8-294] found qualifier unique on case statement: implementing as parallel_case [D:/Jetking_sem4/SEM_4/arty-a7-online-lm-g14-preboard-00/rtl/board/arty_a7_ng_native_v1_ab_soc_top.sv:1497]
INFO: [Synth 8-294] found qualifier unique on case statement: implementing as parallel_case [D:/Jetking_sem4/SEM_4/arty-a7-online-lm-g14-preboard-00/rtl/board/arty_a7_ng_native_v1_ab_soc_top.sv:1502]
INFO: [Synth 8-294] found qualifier unique on case statement: implementing as parallel_case [D:/Jetking_sem4/SEM_4/arty-a7-online-lm-g14-preboard-00/rtl/board/arty_a7_ng_native_v1_ab_soc_top.sv:1507]
INFO: [Synth 8-294] found qualifier unique on case statement: implementing as parallel_case [D:/Jetking_sem4/SEM_4/arty-a7-online-lm-g14-preboard-00/rtl/board/arty_a7_ng_native_v1_ab_soc_top.sv:1512]
INFO: [Synth 8-294] found qualifier unique on case statement: implementing as parallel_case [D:/Jetking_sem4/SEM_4/arty-a7-online-lm-g14-preboard-00/rtl/board/arty_a7_ng_native_v1_ab_soc_top.sv:1517]
INFO: [Synth 8-294] found qualifier unique on case statement: implementing as parallel_case [D:/Jetking_sem4/SEM_4/arty-a7-online-lm-g14-preboard-00/rtl/board/arty_a7_ng_native_v1_ab_soc_top.sv:1522]
INFO: [Synth 8-294] found qualifier unique on case statement: implementing as parallel_case [D:/Jetking_sem4/SEM_4/arty-a7-online-lm-g14-preboard-00/rtl/board/arty_a7_ng_native_v1_ab_soc_top.sv:1527]
INFO: [Synth 8-294] found qualifier unique on case statement: implementing as parallel_case [D:/Jetking_sem4/SEM_4/arty-a7-online-lm-g14-preboard-00/rtl/board/arty_a7_ng_native_v1_ab_soc_top.sv:1532]
INFO: [Synth 8-294] found qualifier unique on case statement: implementing as parallel_case [D:/Jetking_sem4/SEM_4/arty-a7-online-lm-g14-preboard-00/rtl/board/arty_a7_ng_native_v1_ab_soc_top.sv:1537]
INFO: [Synth 8-294] found qualifier unique on case statement: implementing as parallel_case [D:/Jetking_sem4/SEM_4/arty-a7-online-lm-g14-preboard-00/rtl/board/arty_a7_ng_native_v1_ab_soc_top.sv:1542]
INFO: [Synth 8-294] found qualifier unique on case statement: implementing as parallel_case [D:/Jetking_sem4/SEM_4/arty-a7-online-lm-g14-preboard-00/rtl/board/arty_a7_ng_native_v1_ab_soc_top.sv:1547]
INFO: [Synth 8-294] found qualifier unique on case statement: implementing as parallel_case [D:/Jetking_sem4/SEM_4/arty-a7-online-lm-g14-preboard-00/rtl/board/arty_a7_ng_native_v1_ab_soc_top.sv:1552]
INFO: [Synth 8-294] found qualifier unique on case statement: implementing as parallel_case [D:/Jetking_sem4/SEM_4/arty-a7-online-lm-g14-preboard-00/rtl/board/arty_a7_ng_native_v1_ab_soc_top.sv:1557]
INFO: [Synth 8-294] found qualifier unique on case statement: implementing as parallel_case [D:/Jetking_sem4/SEM_4/arty-a7-online-lm-g14-preboard-00/rtl/board/arty_a7_ng_native_v1_ab_soc_top.sv:1562]
INFO: [Synth 8-294] found qualifier unique on case statement: implementing as parallel_case [D:/Jetking_sem4/SEM_4/arty-a7-online-lm-g14-preboard-00/rtl/board/arty_a7_ng_native_v1_ab_soc_top.sv:1567]
INFO: [Synth 8-294] found qualifier unique on case statement: implementing as parallel_case [D:/Jetking_sem4/SEM_4/arty-a7-online-lm-g14-preboard-00/rtl/board/arty_a7_ng_native_v1_ab_soc_top.sv:1572]
INFO: [Synth 8-294] found qualifier unique on case statement: implementing as parallel_case [D:/Jetking_sem4/SEM_4/arty-a7-online-lm-g14-preboard-00/rtl/board/arty_a7_ng_native_v1_ab_soc_top.sv:1577]
INFO: [Synth 8-294] found qualifier unique on case statement: implementing as parallel_case [D:/Jetking_sem4/SEM_4/arty-a7-online-lm-g14-preboard-00/rtl/board/arty_a7_ng_native_v1_ab_soc_top.sv:1583]
INFO: [Synth 8-294] found qualifier unique on case statement: implementing as parallel_case [D:/Jetking_sem4/SEM_4/arty-a7-online-lm-g14-preboard-00/rtl/board/arty_a7_ng_native_v1_ab_soc_top.sv:1589]
INFO: [Synth 8-294] found qualifier unique on case statement: implementing as parallel_case [D:/Jetking_sem4/SEM_4/arty-a7-online-lm-g14-preboard-00/rtl/board/arty_a7_ng_native_v1_ab_soc_top.sv:1595]
INFO: [Synth 8-294] found qualifier unique on case statement: implementing as parallel_case [D:/Jetking_sem4/SEM_4/arty-a7-online-lm-g14-preboard-00/rtl/board/arty_a7_ng_native_v1_ab_soc_top.sv:1601]
INFO: [Synth 8-294] found qualifier unique on case statement: implementing as parallel_case [D:/Jetking_sem4/SEM_4/arty-a7-online-lm-g14-preboard-00/rtl/board/arty_a7_ng_native_v1_ab_soc_top.sv:1606]
INFO: [Synth 8-294] found qualifier unique on case statement: implementing as parallel_case [D:/Jetking_sem4/SEM_4/arty-a7-online-lm-g14-preboard-00/rtl/board/arty_a7_ng_native_v1_ab_soc_top.sv:1611]
INFO: [Synth 8-294] found qualifier unique on case statement: implementing as parallel_case [D:/Jetking_sem4/SEM_4/arty-a7-online-lm-g14-preboard-00/rtl/board/arty_a7_ng_native_v1_ab_soc_top.sv:1617]
INFO: [Synth 8-294] found qualifier unique on case statement: implementing as parallel_case [D:/Jetking_sem4/SEM_4/arty-a7-online-lm-g14-preboard-00/rtl/board/arty_a7_ng_native_v1_ab_soc_top.sv:1622]
INFO: [Synth 8-294] found qualifier unique on case statement: implementing as parallel_case [D:/Jetking_sem4/SEM_4/arty-a7-online-lm-g14-preboard-00/rtl/board/arty_a7_ng_native_v1_ab_soc_top.sv:1627]
INFO: [Synth 8-294] found qualifier unique on case statement: implementing as parallel_case [D:/Jetking_sem4/SEM_4/arty-a7-online-lm-g14-preboard-00/rtl/board/arty_a7_ng_native_v1_ab_soc_top.sv:1648]
INFO: [Synth 8-294] found qualifier unique on case statement: implementing as parallel_case [D:/Jetking_sem4/SEM_4/arty-a7-online-lm-g14-preboard-00/rtl/board/arty_a7_ng_native_v1_ab_soc_top.sv:1653]
INFO: [Synth 8-294] found qualifier unique on case statement: implementing as parallel_case [D:/Jetking_sem4/SEM_4/arty-a7-online-lm-g14-preboard-00/rtl/board/arty_a7_ng_native_v1_ab_soc_top.sv:1674]
INFO: [Synth 8-294] found qualifier unique on case statement: implementing as parallel_case [D:/Jetking_sem4/SEM_4/arty-a7-online-lm-g14-preboard-00/rtl/board/arty_a7_ng_native_v1_ab_soc_top.sv:1680]
INFO: [Synth 8-294] found qualifier unique on case statement: implementing as parallel_case [D:/Jetking_sem4/SEM_4/arty-a7-online-lm-g14-preboard-00/rtl/board/arty_a7_ng_native_v1_ab_soc_top.sv:1684]
INFO: [Synth 8-294] found qualifier unique on case statement: implementing as parallel_case [D:/Jetking_sem4/SEM_4/arty-a7-online-lm-g14-preboard-00/rtl/board/arty_a7_ng_native_v1_ab_soc_top.sv:1688]
INFO: [Synth 8-294] found qualifier unique on case statement: implementing as parallel_case [D:/Jetking_sem4/SEM_4/arty-a7-online-lm-g14-preboard-00/rtl/board/arty_a7_ng_native_v1_ab_soc_top.sv:1694]
INFO: [Synth 8-294] found qualifier unique on case statement: implementing as parallel_case [D:/Jetking_sem4/SEM_4/arty-a7-online-lm-g14-preboard-00/rtl/board/arty_a7_ng_native_v1_ab_soc_top.sv:1700]
INFO: [Synth 8-294] found qualifier unique on case statement: implementing as parallel_case [D:/Jetking_sem4/SEM_4/arty-a7-online-lm-g14-preboard-00/rtl/board/arty_a7_ng_native_v1_ab_soc_top.sv:1706]
INFO: [Synth 8-294] found qualifier unique on case statement: implementing as parallel_case [D:/Jetking_sem4/SEM_4/arty-a7-online-lm-g14-preboard-00/rtl/board/arty_a7_ng_native_v1_ab_soc_top.sv:1712]
INFO: [Synth 8-294] found qualifier unique on case statement: implementing as parallel_case [D:/Jetking_sem4/SEM_4/arty-a7-online-lm-g14-preboard-00/rtl/board/arty_a7_ng_native_v1_ab_soc_top.sv:1718]
INFO: [Synth 8-294] found qualifier unique on case statement: implementing as parallel_case [D:/Jetking_sem4/SEM_4/arty-a7-online-lm-g14-preboard-00/rtl/board/arty_a7_ng_native_v1_ab_soc_top.sv:1725]
INFO: [Synth 8-294] found qualifier unique on case statement: implementing as parallel_case [D:/Jetking_sem4/SEM_4/arty-a7-online-lm-g14-preboard-00/rtl/board/arty_a7_ng_native_v1_ab_soc_top.sv:1732]
INFO: [Synth 8-294] found qualifier unique on case statement: implementing as parallel_case [D:/Jetking_sem4/SEM_4/arty-a7-online-lm-g14-preboard-00/rtl/board/arty_a7_ng_native_v1_ab_soc_top.sv:1739]
INFO: [Synth 8-294] found qualifier unique on case statement: implementing as parallel_case [D:/Jetking_sem4/SEM_4/arty-a7-online-lm-g14-preboard-00/rtl/board/arty_a7_ng_native_v1_ab_soc_top.sv:1746]
INFO: [Synth 8-294] found qualifier unique on case statement: implementing as parallel_case [D:/Jetking_sem4/SEM_4/arty-a7-online-lm-g14-preboard-00/rtl/board/arty_a7_ng_native_v1_ab_soc_top.sv:1753]
INFO: [Synth 8-294] found qualifier unique on case statement: implementing as parallel_case [D:/Jetking_sem4/SEM_4/arty-a7-online-lm-g14-preboard-00/rtl/board/arty_a7_ng_native_v1_ab_soc_top.sv:1760]
INFO: [Synth 8-294] found qualifier unique on case statement: implementing as parallel_case [D:/Jetking_sem4/SEM_4/arty-a7-online-lm-g14-preboard-00/rtl/board/arty_a7_ng_native_v1_ab_soc_top.sv:1768]
INFO: [Synth 8-294] found qualifier unique on case statement: implementing as parallel_case [D:/Jetking_sem4/SEM_4/arty-a7-online-lm-g14-preboard-00/rtl/board/arty_a7_ng_native_v1_ab_soc_top.sv:1776]
INFO: [Common 17-14] Message 'Synth 8-294' appears 100 times and further instances of the messages will be disabled. Use the Tcl command set_msg_config to change the current settings.
INFO: [Synth 8-226] default block is never used [D:/Jetking_sem4/SEM_4/arty-a7-online-lm-g14-preboard-00/rtl/board/a7ng_uart_rx100.sv:37]
WARNING: [Synth 8-3301] Unused top level parameter/generic SIM_FULL
WARNING: [Synth 8-6014] Unused sequential element dest_out_bin_ff_reg was removed.  [C:/2026.1/Vivado/data/ip/xpm/xpm_cdc/hdl/xpm_cdc.sv:417]
WARNING: [Synth 8-6014] Unused sequential element dest_out_bin_ff_reg was removed.  [C:/2026.1/Vivado/data/ip/xpm/xpm_cdc/hdl/xpm_cdc.sv:417]
WARNING: [Synth 8-6014] Unused sequential element dest_out_bin_ff_reg was removed.  [C:/2026.1/Vivado/data/ip/xpm/xpm_cdc/hdl/xpm_cdc.sv:417]
WARNING: [Synth 8-6014] Unused sequential element cmd_hold_overflow_reg was removed.  [D:/Jetking_sem4/SEM_4/arty-a7-online-lm-g14-preboard-00/rtl/board/a7ng_wdma_cdc.sv:106]
WARNING: [Synth 8-6014] Unused sequential element dest_req_ext_ff_reg was removed.  [C:/2026.1/Vivado/data/ip/xpm/xpm_cdc/hdl/xpm_cdc.sv:623]
WARNING: [Synth 8-6014] Unused sequential element dest_out_bin_ff_reg was removed.  [C:/2026.1/Vivado/data/ip/xpm/xpm_cdc/hdl/xpm_cdc.sv:417]
WARNING: [Synth 8-3848] Net ui_addn_clk_0 in module/entity mig_7series_v4_2_infrastructure does not have driver. [d:/Jetking_sem4/SEM_4/arty-a7-online-lm-g14-preboard-00/vivado/ip/mig_7series_0/mig_7series_0/user_design/rtl/clocking/mig_7series_v4_2_infrastructure.v:140]
WARNING: [Synth 8-3848] Net ui_addn_clk_1 in module/entity mig_7series_v4_2_infrastructure does not have driver. [d:/Jetking_sem4/SEM_4/arty-a7-online-lm-g14-preboard-00/vivado/ip/mig_7series_0/mig_7series_0/user_design/rtl/clocking/mig_7series_v4_2_infrastructure.v:141]
WARNING: [Synth 8-3848] Net ui_addn_clk_2 in module/entity mig_7series_v4_2_infrastructure does not have driver. [d:/Jetking_sem4/SEM_4/arty-a7-online-lm-g14-preboard-00/vivado/ip/mig_7series_0/mig_7series_0/user_design/rtl/clocking/mig_7series_v4_2_infrastructure.v:142]
WARNING: [Synth 8-3848] Net ui_addn_clk_3 in module/entity mig_7series_v4_2_infrastructure does not have driver. [d:/Jetking_sem4/SEM_4/arty-a7-online-lm-g14-preboard-00/vivado/ip/mig_7series_0/mig_7series_0/user_design/rtl/clocking/mig_7series_v4_2_infrastructure.v:143]
WARNING: [Synth 8-3848] Net ui_addn_clk_4 in module/entity mig_7series_v4_2_infrastructure does not have driver. [d:/Jetking_sem4/SEM_4/arty-a7-online-lm-g14-preboard-00/vivado/ip/mig_7series_0/mig_7series_0/user_design/rtl/clocking/mig_7series_v4_2_infrastructure.v:144]
WARNING: [Synth 8-6014] Unused sequential element periodic_rd_generation.read_this_rank_r1_reg was removed.  [d:/Jetking_sem4/SEM_4/arty-a7-online-lm-g14-preboard-00/vivado/ip/mig_7series_0/mig_7series_0/user_design/rtl/controller/mig_7series_v4_2_rank_cntrl.v:487]
WARNING: [Synth 8-3936] Found unconnected internal register 'dbl_req_reg' and it is trimmed from '6' to '5' bits. [d:/Jetking_sem4/SEM_4/arty-a7-online-lm-g14-preboard-00/vivado/ip/mig_7series_0/mig_7series_0/user_design/rtl/controller/mig_7series_v4_2_round_robin_arb.v:145]
WARNING: [Synth 8-3936] Found unconnected internal register 'dbl_last_master_ns_reg' and it is trimmed from '6' to '4' bits. [d:/Jetking_sem4/SEM_4/arty-a7-online-lm-g14-preboard-00/vivado/ip/mig_7series_0/mig_7series_0/user_design/rtl/controller/mig_7series_v4_2_round_robin_arb.v:143]
WARNING: [Synth 8-6014] Unused sequential element last_master_r_reg was removed.  [d:/Jetking_sem4/SEM_4/arty-a7-online-lm-g14-preboard-00/vivado/ip/mig_7series_0/mig_7series_0/user_design/rtl/controller/mig_7series_v4_2_round_robin_arb.v:181]
WARNING: [Synth 8-3848] Net channel[0].inh_group in module/entity mig_7series_v4_2_round_robin_arb__parameterized0 does not have driver. [d:/Jetking_sem4/SEM_4/arty-a7-online-lm-g14-preboard-00/vivado/ip/mig_7series_0/mig_7series_0/user_design/rtl/controller/mig_7series_v4_2_round_robin_arb.v:153]
WARNING: [Synth 8-3936] Found unconnected internal register 'col_addr_template_reg' and it is trimmed from '16' to '14' bits. [d:/Jetking_sem4/SEM_4/arty-a7-online-lm-g14-preboard-00/vivado/ip/mig_7series_0/mig_7series_0/user_design/rtl/controller/mig_7series_v4_2_bank_compare.v:251]
WARNING: [Synth 8-3936] Found unconnected internal register 'dbl_req_reg' and it is trimmed from '8' to '7' bits. [d:/Jetking_sem4/SEM_4/arty-a7-online-lm-g14-preboard-00/vivado/ip/mig_7series_0/mig_7series_0/user_design/rtl/controller/mig_7series_v4_2_round_robin_arb.v:145]
WARNING: [Synth 8-3936] Found unconnected internal register 'dbl_last_master_ns_reg' and it is trimmed from '8' to '6' bits. [d:/Jetking_sem4/SEM_4/arty-a7-online-lm-g14-preboard-00/vivado/ip/mig_7series_0/mig_7series_0/user_design/rtl/controller/mig_7series_v4_2_round_robin_arb.v:143]
WARNING: [Synth 8-6014] Unused sequential element sent_row_or_maint_r_reg was removed.  [d:/Jetking_sem4/SEM_4/arty-a7-online-lm-g14-preboard-00/vivado/ip/mig_7series_0/mig_7series_0/user_design/rtl/controller/mig_7series_v4_2_arb_row_col.v:357]
WARNING: [Synth 8-6014] Unused sequential element mc_aux_out_r_1_reg was removed.  [d:/Jetking_sem4/SEM_4/arty-a7-online-lm-g14-preboard-00/vivado/ip/mig_7series_0/mig_7series_0/user_design/rtl/controller/mig_7series_v4_2_arb_select.v:680]
WARNING: [Synth 8-6014] Unused sequential element mc_aux_out_r_2_reg was removed.  [d:/Jetking_sem4/SEM_4/arty-a7-online-lm-g14-preboard-00/vivado/ip/mig_7series_0/mig_7series_0/user_design/rtl/controller/mig_7series_v4_2_arb_select.v:681]
WARNING: [Synth 8-3848] Net col_mux.col_row_r in module/entity mig_7series_v4_2_arb_select does not have driver. [d:/Jetking_sem4/SEM_4/arty-a7-online-lm-g14-preboard-00/vivado/ip/mig_7series_0/mig_7series_0/user_design/rtl/controller/mig_7series_v4_2_arb_select.v:390]
WARNING: [Synth 8-3936] Found unconnected internal register 'read_fifo.fifo_out_data_r_reg' and it is trimmed from '12' to '8' bits. [d:/Jetking_sem4/SEM_4/arty-a7-online-lm-g14-preboard-00/vivado/ip/mig_7series_0/mig_7series_0/user_design/rtl/controller/mig_7series_v4_2_col_mach.v:396]
WARNING: [Synth 8-3848] Net oserdes_dqts_buf in module/entity mig_7series_v4_2_ddr_byte_group_io does not have driver. [d:/Jetking_sem4/SEM_4/arty-a7-online-lm-g14-preboard-00/vivado/ip/mig_7series_0/mig_7series_0/user_design/rtl/phy/mig_7series_v4_2_ddr_byte_group_io.v:142]
WARNING: [Synth 8-3848] Net oserdes_dqs_buf in module/entity mig_7series_v4_2_ddr_byte_group_io does not have driver. [d:/Jetking_sem4/SEM_4/arty-a7-online-lm-g14-preboard-00/vivado/ip/mig_7series_0/mig_7series_0/user_design/rtl/phy/mig_7series_v4_2_ddr_byte_group_io.v:143]
WARNING: [Synth 8-3848] Net oserdes_dqsts_buf in module/entity mig_7series_v4_2_ddr_byte_group_io does not have driver. [d:/Jetking_sem4/SEM_4/arty-a7-online-lm-g14-preboard-00/vivado/ip/mig_7series_0/mig_7series_0/user_design/rtl/phy/mig_7series_v4_2_ddr_byte_group_io.v:144]
WARNING: [Synth 8-3848] Net iserdes_dout in module/entity mig_7series_v4_2_ddr_byte_group_io does not have driver. [d:/Jetking_sem4/SEM_4/arty-a7-online-lm-g14-preboard-00/vivado/ip/mig_7series_0/mig_7series_0/user_design/rtl/phy/mig_7series_v4_2_ddr_byte_group_io.v:91]
WARNING: [Synth 8-6014] Unused sequential element ififo_rst_reg was removed.  [d:/Jetking_sem4/SEM_4/arty-a7-online-lm-g14-preboard-00/vivado/ip/mig_7series_0/mig_7series_0/user_design/rtl/phy/mig_7series_v4_2_ddr_byte_lane.v:305]
WARNING: [Synth 8-3848] Net rclk in module/entity mig_7series_v4_2_ddr_byte_lane does not have driver. [d:/Jetking_sem4/SEM_4/arty-a7-online-lm-g14-preboard-00/vivado/ip/mig_7series_0/mig_7series_0/user_design/rtl/phy/mig_7series_v4_2_ddr_byte_lane.v:145]
WARNING: [Synth 8-3848] Net pi_iserdes_rst in module/entity mig_7series_v4_2_ddr_byte_lane does not have driver. [d:/Jetking_sem4/SEM_4/arty-a7-online-lm-g14-preboard-00/vivado/ip/mig_7series_0/mig_7series_0/user_design/rtl/phy/mig_7series_v4_2_ddr_byte_lane.v:191]
WARNING: [Synth 8-3848] Net pi_fine_overflow in module/entity mig_7series_v4_2_ddr_byte_lane does not have driver. [d:/Jetking_sem4/SEM_4/arty-a7-online-lm-g14-preboard-00/vivado/ip/mig_7series_0/mig_7series_0/user_design/rtl/phy/mig_7series_v4_2_ddr_byte_lane.v:193]
WARNING: [Synth 8-3848] Net pi_counter_read_val_w in module/entity mig_7series_v4_2_ddr_byte_lane does not have driver. [d:/Jetking_sem4/SEM_4/arty-a7-online-lm-g14-preboard-00/vivado/ip/mig_7series_0/mig_7series_0/user_design/rtl/phy/mig_7series_v4_2_ddr_byte_lane.v:429]
WARNING: [Synth 8-3848] Net dqs_out_of_range in module/entity mig_7series_v4_2_ddr_byte_lane does not have driver. [d:/Jetking_sem4/SEM_4/arty-a7-online-lm-g14-preboard-00/vivado/ip/mig_7series_0/mig_7series_0/user_design/rtl/phy/mig_7series_v4_2_ddr_byte_lane.v:196]
WARNING: [Synth 8-3848] Net iserdes_clk in module/entity mig_7series_v4_2_ddr_byte_lane does not have driver. [d:/Jetking_sem4/SEM_4/arty-a7-online-lm-g14-preboard-00/vivado/ip/mig_7series_0/mig_7series_0/user_design/rtl/phy/mig_7series_v4_2_ddr_byte_lane.v:273]
WARNING: [Synth 8-3848] Net iserdes_clkdiv in module/entity mig_7series_v4_2_ddr_byte_lane does not have driver. [d:/Jetking_sem4/SEM_4/arty-a7-online-lm-g14-preboard-00/vivado/ip/mig_7series_0/mig_7series_0/user_design/rtl/phy/mig_7series_v4_2_ddr_byte_lane.v:274]
WARNING: [Synth 8-3848] Net oserdes_dqts_buf in module/entity mig_7series_v4_2_ddr_byte_group_io__parameterized0 does not have driver. [d:/Jetking_sem4/SEM_4/arty-a7-online-lm-g14-preboard-00/vivado/ip/mig_7series_0/mig_7series_0/user_design/rtl/phy/mig_7series_v4_2_ddr_byte_group_io.v:142]
WARNING: [Synth 8-3848] Net oserdes_dqs_buf in module/entity mig_7series_v4_2_ddr_byte_group_io__parameterized0 does not have driver. [d:/Jetking_sem4/SEM_4/arty-a7-online-lm-g14-preboard-00/vivado/ip/mig_7series_0/mig_7series_0/user_design/rtl/phy/mig_7series_v4_2_ddr_byte_group_io.v:143]
WARNING: [Synth 8-3848] Net oserdes_dqsts_buf in module/entity mig_7series_v4_2_ddr_byte_group_io__parameterized0 does not have driver. [d:/Jetking_sem4/SEM_4/arty-a7-online-lm-g14-preboard-00/vivado/ip/mig_7series_0/mig_7series_0/user_design/rtl/phy/mig_7series_v4_2_ddr_byte_group_io.v:144]
WARNING: [Synth 8-3848] Net iserdes_dout in module/entity mig_7series_v4_2_ddr_byte_group_io__parameterized0 does not have driver. [d:/Jetking_sem4/SEM_4/arty-a7-online-lm-g14-preboard-00/vivado/ip/mig_7series_0/mig_7series_0/user_design/rtl/phy/mig_7series_v4_2_ddr_byte_group_io.v:91]
WARNING: [Synth 8-6014] Unused sequential element ififo_rst_reg was removed.  [d:/Jetking_sem4/SEM_4/arty-a7-online-lm-g14-preboard-00/vivado/ip/mig_7series_0/mig_7series_0/user_design/rtl/phy/mig_7series_v4_2_ddr_byte_lane.v:305]
WARNING: [Synth 8-3848] Net rclk in module/entity mig_7series_v4_2_ddr_byte_lane__parameterized0 does not have driver. [d:/Jetking_sem4/SEM_4/arty-a7-online-lm-g14-preboard-00/vivado/ip/mig_7series_0/mig_7series_0/user_design/rtl/phy/mig_7series_v4_2_ddr_byte_lane.v:145]
WARNING: [Synth 8-3848] Net pi_iserdes_rst in module/entity mig_7series_v4_2_ddr_byte_lane__parameterized0 does not have driver. [d:/Jetking_sem4/SEM_4/arty-a7-online-lm-g14-preboard-00/vivado/ip/mig_7series_0/mig_7series_0/user_design/rtl/phy/mig_7series_v4_2_ddr_byte_lane.v:191]
WARNING: [Synth 8-3848] Net pi_fine_overflow in module/entity mig_7series_v4_2_ddr_byte_lane__parameterized0 does not have driver. [d:/Jetking_sem4/SEM_4/arty-a7-online-lm-g14-preboard-00/vivado/ip/mig_7series_0/mig_7series_0/user_design/rtl/phy/mig_7series_v4_2_ddr_byte_lane.v:193]
WARNING: [Synth 8-3848] Net pi_counter_read_val_w in module/entity mig_7series_v4_2_ddr_byte_lane__parameterized0 does not have driver. [d:/Jetking_sem4/SEM_4/arty-a7-online-lm-g14-preboard-00/vivado/ip/mig_7series_0/mig_7series_0/user_design/rtl/phy/mig_7series_v4_2_ddr_byte_lane.v:429]
WARNING: [Synth 8-3848] Net dqs_out_of_range in module/entity mig_7series_v4_2_ddr_byte_lane__parameterized0 does not have driver. [d:/Jetking_sem4/SEM_4/arty-a7-online-lm-g14-preboard-00/vivado/ip/mig_7series_0/mig_7series_0/user_design/rtl/phy/mig_7series_v4_2_ddr_byte_lane.v:196]
WARNING: [Synth 8-3848] Net iserdes_clk in module/entity mig_7series_v4_2_ddr_byte_lane__parameterized0 does not have driver. [d:/Jetking_sem4/SEM_4/arty-a7-online-lm-g14-preboard-00/vivado/ip/mig_7series_0/mig_7series_0/user_design/rtl/phy/mig_7series_v4_2_ddr_byte_lane.v:273]
WARNING: [Synth 8-3848] Net iserdes_clkdiv in module/entity mig_7series_v4_2_ddr_byte_lane__parameterized0 does not have driver. [d:/Jetking_sem4/SEM_4/arty-a7-online-lm-g14-preboard-00/vivado/ip/mig_7series_0/mig_7series_0/user_design/rtl/phy/mig_7series_v4_2_ddr_byte_lane.v:274]
WARNING: [Synth 8-6014] Unused sequential element fine_delay_r_reg was removed.  [d:/Jetking_sem4/SEM_4/arty-a7-online-lm-g14-preboard-00/vivado/ip/mig_7series_0/mig_7series_0/user_design/rtl/phy/mig_7series_v4_2_ddr_byte_group_io.v:184]
WARNING: [Synth 8-3848] Net dummy_i5 in module/entity mig_7series_v4_2_ddr_byte_lane__parameterized1 does not have driver. [d:/Jetking_sem4/SEM_4/arty-a7-online-lm-g14-preboard-00/vivado/ip/mig_7series_0/mig_7series_0/user_design/rtl/phy/mig_7series_v4_2_ddr_byte_lane.v:267]
WARNING: [Synth 8-3848] Net dummy_i6 in module/entity mig_7series_v4_2_ddr_byte_lane__parameterized1 does not have driver. [d:/Jetking_sem4/SEM_4/arty-a7-online-lm-g14-preboard-00/vivado/ip/mig_7series_0/mig_7series_0/user_design/rtl/phy/mig_7series_v4_2_ddr_byte_lane.v:268]
WARNING: [Synth 8-3848] Net dummy_i5 in module/entity mig_7series_v4_2_ddr_byte_lane__parameterized2 does not have driver. [d:/Jetking_sem4/SEM_4/arty-a7-online-lm-g14-preboard-00/vivado/ip/mig_7series_0/mig_7series_0/user_design/rtl/phy/mig_7series_v4_2_ddr_byte_lane.v:267]
WARNING: [Synth 8-3848] Net dummy_i6 in module/entity mig_7series_v4_2_ddr_byte_lane__parameterized2 does not have driver. [d:/Jetking_sem4/SEM_4/arty-a7-online-lm-g14-preboard-00/vivado/ip/mig_7series_0/mig_7series_0/user_design/rtl/phy/mig_7series_v4_2_ddr_byte_lane.v:268]
WARNING: [Synth 8-6014] Unused sequential element B_rst_primitives_reg was removed.  [d:/Jetking_sem4/SEM_4/arty-a7-online-lm-g14-preboard-00/vivado/ip/mig_7series_0/mig_7series_0/user_design/rtl/phy/mig_7series_v4_2_ddr_phy_4lanes.v:737]
WARNING: [Synth 8-6014] Unused sequential element C_rst_primitives_reg was removed.  [d:/Jetking_sem4/SEM_4/arty-a7-online-lm-g14-preboard-00/vivado/ip/mig_7series_0/mig_7series_0/user_design/rtl/phy/mig_7series_v4_2_ddr_phy_4lanes.v:738]
WARNING: [Synth 8-6014] Unused sequential element D_rst_primitives_reg was removed.  [d:/Jetking_sem4/SEM_4/arty-a7-online-lm-g14-preboard-00/vivado/ip/mig_7series_0/mig_7series_0/user_design/rtl/phy/mig_7series_v4_2_ddr_phy_4lanes.v:739]
WARNING: [Synth 8-7137] Register ddr_phy_4lanes_0.aux_out_reg in module mig_7series_v4_2_ddr_mc_phy has both Set and reset with same priority. This may cause simulation mismatches. Consider rewriting code  [d:/Jetking_sem4/SEM_4/arty-a7-online-lm-g14-preboard-00/vivado/ip/mig_7series_0/mig_7series_0/user_design/rtl/phy/mig_7series_v4_2_ddr_mc_phy.v:1143]
WARNING: [Synth 8-7137] Register ddr_phy_4lanes_0.aux_out_reg in module mig_7series_v4_2_ddr_mc_phy has both Set and reset with same priority. This may cause simulation mismatches. Consider rewriting code  [d:/Jetking_sem4/SEM_4/arty-a7-online-lm-g14-preboard-00/vivado/ip/mig_7series_0/mig_7series_0/user_design/rtl/phy/mig_7series_v4_2_ddr_mc_phy.v:1143]
WARNING: [Synth 8-7137] Register ddr_phy_4lanes_0.aux_out_reg in module mig_7series_v4_2_ddr_mc_phy has both Set and reset with same priority. This may cause simulation mismatches. Consider rewriting code  [d:/Jetking_sem4/SEM_4/arty-a7-online-lm-g14-preboard-00/vivado/ip/mig_7series_0/mig_7series_0/user_design/rtl/phy/mig_7series_v4_2_ddr_mc_phy.v:1132]
WARNING: [Synth 8-7137] Register ddr_phy_4lanes_0.aux_out_reg in module mig_7series_v4_2_ddr_mc_phy has both Set and reset with same priority. This may cause simulation mismatches. Consider rewriting code  [d:/Jetking_sem4/SEM_4/arty-a7-online-lm-g14-preboard-00/vivado/ip/mig_7series_0/mig_7series_0/user_design/rtl/phy/mig_7series_v4_2_ddr_mc_phy.v:1132]
WARNING: [Synth 8-3936] Found unconnected internal register 'byte_sel_data_map_reg' and it is trimmed from '96' to '88' bits. [d:/Jetking_sem4/SEM_4/arty-a7-online-lm-g14-preboard-00/vivado/ip/mig_7series_0/mig_7series_0/user_design/rtl/phy/mig_7series_v4_2_ddr_mc_phy_wrapper.v:731]
WARNING: [Synth 8-3848] Net phy_data_full in module/entity mig_7series_v4_2_ddr_mc_phy_wrapper does not have driver. [d:/Jetking_sem4/SEM_4/arty-a7-online-lm-g14-preboard-00/vivado/ip/mig_7series_0/mig_7series_0/user_design/rtl/phy/mig_7series_v4_2_ddr_mc_phy_wrapper.v:227]
WARNING: [Synth 8-6014] Unused sequential element fast_cal_fine_cnt_reg was removed.  [d:/Jetking_sem4/SEM_4/arty-a7-online-lm-g14-preboard-00/vivado/ip/mig_7series_0/mig_7series_0/user_design/rtl/phy/mig_7series_v4_2_ddr_phy_wrlvl.v:790]
WARNING: [Synth 8-6014] Unused sequential element fast_cal_coarse_cnt_reg was removed.  [d:/Jetking_sem4/SEM_4/arty-a7-online-lm-g14-preboard-00/vivado/ip/mig_7series_0/mig_7series_0/user_design/rtl/phy/mig_7series_v4_2_ddr_phy_wrlvl.v:791]
WARNING: [Synth 8-6014] Unused sequential element final_corse_dec_reg was removed.  [d:/Jetking_sem4/SEM_4/arty-a7-online-lm-g14-preboard-00/vivado/ip/mig_7series_0/mig_7series_0/user_design/rtl/phy/mig_7series_v4_2_ddr_phy_wrlvl.v:792]
WARNING: [Synth 8-6014] Unused sequential element add_smallest_reg[1] was removed.  [d:/Jetking_sem4/SEM_4/arty-a7-online-lm-g14-preboard-00/vivado/ip/mig_7series_0/mig_7series_0/user_design/rtl/phy/mig_7series_v4_2_ddr_phy_wrlvl.v:516]
WARNING: [Synth 8-6014] Unused sequential element add_largest_reg[0] was removed.  [d:/Jetking_sem4/SEM_4/arty-a7-online-lm-g14-preboard-00/vivado/ip/mig_7series_0/mig_7series_0/user_design/rtl/phy/mig_7series_v4_2_ddr_phy_wrlvl.v:517]
WARNING: [Synth 8-6014] Unused sequential element add_largest_reg[1] was removed.  [d:/Jetking_sem4/SEM_4/arty-a7-online-lm-g14-preboard-00/vivado/ip/mig_7series_0/mig_7series_0/user_design/rtl/phy/mig_7series_v4_2_ddr_phy_wrlvl.v:517]
WARNING: [Synth 8-6014] Unused sequential element dqs_wl_po_en_stg2_c_reg was removed.  [d:/Jetking_sem4/SEM_4/arty-a7-online-lm-g14-preboard-00/vivado/ip/mig_7series_0/mig_7series_0/user_design/rtl/phy/mig_7series_v4_2_ddr_phy_wrlvl.v:628]
WARNING: [Synth 8-6014] Unused sequential element po_en_stg2_c_reg was removed.  [d:/Jetking_sem4/SEM_4/arty-a7-online-lm-g14-preboard-00/vivado/ip/mig_7series_0/mig_7series_0/user_design/rtl/phy/mig_7series_v4_2_ddr_phy_ck_addr_cmd_delay.v:162]
WARNING: [Synth 8-6014] Unused sequential element rank_final_loop[0].final_do_max_reg[0] was removed.  [d:/Jetking_sem4/SEM_4/arty-a7-online-lm-g14-preboard-00/vivado/ip/mig_7series_0/mig_7series_0/user_design/rtl/phy/mig_7series_v4_2_ddr_phy_dqs_found_cal_hr.v:1116]
WARNING: [Synth 8-6014] Unused sequential element rank_final_loop[0].final_do_index_reg[0] was removed.  [d:/Jetking_sem4/SEM_4/arty-a7-online-lm-g14-preboard-00/vivado/ip/mig_7series_0/mig_7series_0/user_design/rtl/phy/mig_7series_v4_2_ddr_phy_dqs_found_cal_hr.v:1146]
WARNING: [Synth 8-6014] Unused sequential element dqsfound_retry_r1_reg was removed.  [d:/Jetking_sem4/SEM_4/arty-a7-online-lm-g14-preboard-00/vivado/ip/mig_7series_0/mig_7series_0/user_design/rtl/phy/mig_7series_v4_2_ddr_phy_dqs_found_cal_hr.v:690]
WARNING: [Synth 8-3848] Net dqsfound_retry_done in module/entity mig_7series_v4_2_ddr_phy_dqs_found_cal_hr does not have driver. [d:/Jetking_sem4/SEM_4/arty-a7-online-lm-g14-preboard-00/vivado/ip/mig_7series_0/mig_7series_0/user_design/rtl/phy/mig_7series_v4_2_ddr_phy_dqs_found_cal_hr.v:131]
WARNING: [Synth 8-6014] Unused sequential element gen_track_left_edge[0].pb_found_first_edge_r_reg was removed.  [d:/Jetking_sem4/SEM_4/arty-a7-online-lm-g14-preboard-00/vivado/ip/mig_7series_0/mig_7series_0/user_design/rtl/phy/mig_7series_v4_2_ddr_phy_rdlvl.v:2473]
WARNING: [Synth 8-6014] Unused sequential element gen_track_left_edge[1].pb_found_first_edge_r_reg was removed.  [d:/Jetking_sem4/SEM_4/arty-a7-online-lm-g14-preboard-00/vivado/ip/mig_7series_0/mig_7series_0/user_design/rtl/phy/mig_7series_v4_2_ddr_phy_rdlvl.v:2473]
WARNING: [Synth 8-6014] Unused sequential element gen_track_left_edge[2].pb_found_first_edge_r_reg was removed.  [d:/Jetking_sem4/SEM_4/arty-a7-online-lm-g14-preboard-00/vivado/ip/mig_7series_0/mig_7series_0/user_design/rtl/phy/mig_7series_v4_2_ddr_phy_rdlvl.v:2473]
WARNING: [Synth 8-6014] Unused sequential element gen_track_left_edge[3].pb_found_first_edge_r_reg was removed.  [d:/Jetking_sem4/SEM_4/arty-a7-online-lm-g14-preboard-00/vivado/ip/mig_7series_0/mig_7series_0/user_design/rtl/phy/mig_7series_v4_2_ddr_phy_rdlvl.v:2473]
WARNING: [Synth 8-6014] Unused sequential element gen_track_left_edge[4].pb_found_first_edge_r_reg was removed.  [d:/Jetking_sem4/SEM_4/arty-a7-online-lm-g14-preboard-00/vivado/ip/mig_7series_0/mig_7series_0/user_design/rtl/phy/mig_7series_v4_2_ddr_phy_rdlvl.v:2473]
WARNING: [Synth 8-6014] Unused sequential element gen_track_left_edge[5].pb_found_first_edge_r_reg was removed.  [d:/Jetking_sem4/SEM_4/arty-a7-online-lm-g14-preboard-00/vivado/ip/mig_7series_0/mig_7series_0/user_design/rtl/phy/mig_7series_v4_2_ddr_phy_rdlvl.v:2473]
WARNING: [Synth 8-6014] Unused sequential element gen_track_left_edge[6].pb_found_first_edge_r_reg was removed.  [d:/Jetking_sem4/SEM_4/arty-a7-online-lm-g14-preboard-00/vivado/ip/mig_7series_0/mig_7series_0/user_design/rtl/phy/mig_7series_v4_2_ddr_phy_rdlvl.v:2473]
WARNING: [Synth 8-6014] Unused sequential element gen_track_left_edge[7].pb_found_first_edge_r_reg was removed.  [d:/Jetking_sem4/SEM_4/arty-a7-online-lm-g14-preboard-00/vivado/ip/mig_7series_0/mig_7series_0/user_design/rtl/phy/mig_7series_v4_2_ddr_phy_rdlvl.v:2473]
WARNING: [Synth 8-6014] Unused sequential element rdlvl_stg1_done_int_r1_reg was removed.  [d:/Jetking_sem4/SEM_4/arty-a7-online-lm-g14-preboard-00/vivado/ip/mig_7series_0/mig_7series_0/user_design/rtl/phy/mig_7series_v4_2_ddr_phy_rdlvl.v:685]
WARNING: [Synth 8-6014] Unused sequential element rdlvl_stg1_done_int_r2_reg was removed.  [d:/Jetking_sem4/SEM_4/arty-a7-online-lm-g14-preboard-00/vivado/ip/mig_7series_0/mig_7series_0/user_design/rtl/phy/mig_7series_v4_2_ddr_phy_rdlvl.v:686]
WARNING: [Synth 8-6014] Unused sequential element rdlvl_stg1_done_int_r3_reg was removed.  [d:/Jetking_sem4/SEM_4/arty-a7-online-lm-g14-preboard-00/vivado/ip/mig_7series_0/mig_7series_0/user_design/rtl/phy/mig_7series_v4_2_ddr_phy_rdlvl.v:687]
WARNING: [Synth 8-6014] Unused sequential element rdlvl_last_byte_done_int_r1_reg was removed.  [d:/Jetking_sem4/SEM_4/arty-a7-online-lm-g14-preboard-00/vivado/ip/mig_7series_0/mig_7series_0/user_design/rtl/phy/mig_7series_v4_2_ddr_phy_rdlvl.v:688]
WARNING: [Synth 8-6014] Unused sequential element rdlvl_last_byte_done_int_r2_reg was removed.  [d:/Jetking_sem4/SEM_4/arty-a7-online-lm-g14-preboard-00/vivado/ip/mig_7series_0/mig_7series_0/user_design/rtl/phy/mig_7series_v4_2_ddr_phy_rdlvl.v:689]
WARNING: [Synth 8-6014] Unused sequential element rdlvl_last_byte_done_int_r3_reg was removed.  [d:/Jetking_sem4/SEM_4/arty-a7-online-lm-g14-preboard-00/vivado/ip/mig_7series_0/mig_7series_0/user_design/rtl/phy/mig_7series_v4_2_ddr_phy_rdlvl.v:690]
WARNING: [Synth 8-6014] Unused sequential element fine_dly_dec_done_r3_reg was removed.  [d:/Jetking_sem4/SEM_4/arty-a7-online-lm-g14-preboard-00/vivado/ip/mig_7series_0/mig_7series_0/user_design/rtl/phy/mig_7series_v4_2_ddr_phy_rdlvl.v:939]
WARNING: [Synth 8-6014] Unused sequential element fine_dly_dec_done_r4_reg was removed.  [d:/Jetking_sem4/SEM_4/arty-a7-online-lm-g14-preboard-00/vivado/ip/mig_7series_0/mig_7series_0/user_design/rtl/phy/mig_7series_v4_2_ddr_phy_rdlvl.v:940]
WARNING: [Synth 8-6014] Unused sequential element regl_rank_done_r_reg was removed.  [d:/Jetking_sem4/SEM_4/arty-a7-online-lm-g14-preboard-00/vivado/ip/mig_7series_0/mig_7series_0/user_design/rtl/phy/mig_7series_v4_2_ddr_phy_rdlvl.v:1043]
WARNING: [Synth 8-6014] Unused sequential element cal1_state_r2_reg was removed.  [d:/Jetking_sem4/SEM_4/arty-a7-online-lm-g14-preboard-00/vivado/ip/mig_7series_0/mig_7series_0/user_design/rtl/phy/mig_7series_v4_2_ddr_phy_rdlvl.v:2695]
WARNING: [Synth 8-6014] Unused sequential element cal1_state_r3_reg was removed.  [d:/Jetking_sem4/SEM_4/arty-a7-online-lm-g14-preboard-00/vivado/ip/mig_7series_0/mig_7series_0/user_design/rtl/phy/mig_7series_v4_2_ddr_phy_rdlvl.v:2696]
WARNING: [Synth 8-6014] Unused sequential element cal1_cnt_cpt_timing_r_reg was removed.  [d:/Jetking_sem4/SEM_4/arty-a7-online-lm-g14-preboard-00/vivado/ip/mig_7series_0/mig_7series_0/user_design/rtl/phy/mig_7series_v4_2_ddr_phy_rdlvl.v:609]
WARNING: [Synth 8-6014] Unused sequential element sample_cnt_r_reg was removed.  [d:/Jetking_sem4/SEM_4/arty-a7-online-lm-g14-preboard-00/vivado/ip/mig_7series_0/mig_7series_0/user_design/rtl/phy/mig_7series_v4_2_ddr_prbs_gen.v:155]
WARNING: [Synth 8-6014] Unused sequential element reseed_prbs_r_reg was removed.  [d:/Jetking_sem4/SEM_4/arty-a7-online-lm-g14-preboard-00/vivado/ip/mig_7series_0/mig_7series_0/user_design/rtl/phy/mig_7series_v4_2_ddr_prbs_gen.v:156]
WARNING: [Synth 8-6014] Unused sequential element lfsr_q_reg was removed.  [d:/Jetking_sem4/SEM_4/arty-a7-online-lm-g14-preboard-00/vivado/ip/mig_7series_0/mig_7series_0/user_design/rtl/phy/mig_7series_v4_2_ddr_prbs_gen.v:173]
WARNING: [Synth 8-6014] Unused sequential element gen_single_slot_odt.phy_tmp_cs1_r_reg was removed.  [d:/Jetking_sem4/SEM_4/arty-a7-online-lm-g14-preboard-00/vivado/ip/mig_7series_0/mig_7series_0/user_design/rtl/phy/mig_7series_v4_2_ddr_phy_init.v:4270]
WARNING: [Synth 8-6014] Unused sequential element gen_single_slot_odt.phy_tmp_odt_r1_reg was removed.  [d:/Jetking_sem4/SEM_4/arty-a7-online-lm-g14-preboard-00/vivado/ip/mig_7series_0/mig_7series_0/user_design/rtl/phy/mig_7series_v4_2_ddr_phy_init.v:4272]
WARNING: [Synth 8-6014] Unused sequential element wrlvl_final_r_reg was removed.  [d:/Jetking_sem4/SEM_4/arty-a7-online-lm-g14-preboard-00/vivado/ip/mig_7series_0/mig_7series_0/user_design/rtl/phy/mig_7series_v4_2_ddr_phy_init.v:1420]
WARNING: [Synth 8-6014] Unused sequential element wrlvl_rank_cntr_reg was removed.  [d:/Jetking_sem4/SEM_4/arty-a7-online-lm-g14-preboard-00/vivado/ip/mig_7series_0/mig_7series_0/user_design/rtl/phy/mig_7series_v4_2_ddr_phy_init.v:1538]
WARNING: [Synth 8-6014] Unused sequential element cnt_pwron_cke_done_r1_reg was removed.  [d:/Jetking_sem4/SEM_4/arty-a7-online-lm-g14-preboard-00/vivado/ip/mig_7series_0/mig_7series_0/user_design/rtl/phy/mig_7series_v4_2_ddr_phy_init.v:1780]
WARNING: [Synth 8-6014] Unused sequential element cnt_init_pre_wait_r_reg was removed.  [d:/Jetking_sem4/SEM_4/arty-a7-online-lm-g14-preboard-00/vivado/ip/mig_7series_0/mig_7series_0/user_design/rtl/phy/mig_7series_v4_2_ddr_phy_init.v:1813]
WARNING: [Synth 8-6014] Unused sequential element cnt_init_pre_wait_done_r_reg was removed.  [d:/Jetking_sem4/SEM_4/arty-a7-online-lm-g14-preboard-00/vivado/ip/mig_7series_0/mig_7series_0/user_design/rtl/phy/mig_7series_v4_2_ddr_phy_init.v:1814]
WARNING: [Synth 8-6014] Unused sequential element rnk_ref_cnt_reg was removed.  [d:/Jetking_sem4/SEM_4/arty-a7-online-lm-g14-preboard-00/vivado/ip/mig_7series_0/mig_7series_0/user_design/rtl/phy/mig_7series_v4_2_ddr_phy_init.v:1940]
WARNING: [Synth 8-6014] Unused sequential element read_calib_int_reg was removed.  [d:/Jetking_sem4/SEM_4/arty-a7-online-lm-g14-preboard-00/vivado/ip/mig_7series_0/mig_7series_0/user_design/rtl/phy/mig_7series_v4_2_ddr_phy_init.v:2719]
WARNING: [Synth 8-6014] Unused sequential element read_calib_r_reg was removed.  [d:/Jetking_sem4/SEM_4/arty-a7-online-lm-g14-preboard-00/vivado/ip/mig_7series_0/mig_7series_0/user_design/rtl/phy/mig_7series_v4_2_ddr_phy_init.v:2726]
WARNING: [Synth 8-6014] Unused sequential element pi_dqs_found_rank_done_r_reg was removed.  [d:/Jetking_sem4/SEM_4/arty-a7-online-lm-g14-preboard-00/vivado/ip/mig_7series_0/mig_7series_0/user_design/rtl/phy/mig_7series_v4_2_ddr_phy_init.v:2777]
WARNING: [Synth 8-6014] Unused sequential element pi_dqs_found_all_r_reg was removed.  [d:/Jetking_sem4/SEM_4/arty-a7-online-lm-g14-preboard-00/vivado/ip/mig_7series_0/mig_7series_0/user_design/rtl/phy/mig_7series_v4_2_ddr_phy_init.v:2782]
WARNING: [Synth 8-6014] Unused sequential element complex_row0_rd_done_r1_reg was removed.  [d:/Jetking_sem4/SEM_4/arty-a7-online-lm-g14-preboard-00/vivado/ip/mig_7series_0/mig_7series_0/user_design/rtl/phy/mig_7series_v4_2_ddr_phy_init.v:3338]
WARNING: [Synth 8-6014] Unused sequential element rdlvl_wr_r_reg was removed.  [d:/Jetking_sem4/SEM_4/arty-a7-online-lm-g14-preboard-00/vivado/ip/mig_7series_0/mig_7series_0/user_design/rtl/phy/mig_7series_v4_2_ddr_phy_init.v:3631]
WARNING: [Synth 8-6014] Unused sequential element extend_cal_pat_reg was removed.  [d:/Jetking_sem4/SEM_4/arty-a7-online-lm-g14-preboard-00/vivado/ip/mig_7series_0/mig_7series_0/user_design/rtl/phy/mig_7series_v4_2_ddr_phy_init.v:3637]
WARNING: [Synth 8-6014] Unused sequential element cnt_init_data_r_reg was removed.  [d:/Jetking_sem4/SEM_4/arty-a7-online-lm-g14-preboard-00/vivado/ip/mig_7series_0/mig_7series_0/user_design/rtl/phy/mig_7series_v4_2_ddr_phy_init.v:3713]
WARNING: [Synth 8-6014] Unused sequential element victim_byte_cnt_reg was removed.  [d:/Jetking_sem4/SEM_4/arty-a7-online-lm-g14-preboard-00/vivado/ip/mig_7series_0/mig_7series_0/user_design/rtl/phy/mig_7series_v4_2_ddr_phy_init.v:817]
WARNING: [Synth 8-3936] Found unconnected internal register 'rdlvl_start_dly0_r_reg' and it is trimmed from '16' to '15' bits. [d:/Jetking_sem4/SEM_4/arty-a7-online-lm-g14-preboard-00/vivado/ip/mig_7series_0/mig_7series_0/user_design/rtl/phy/mig_7series_v4_2_ddr_phy_init.v:1227]
WARNING: [Synth 8-3936] Found unconnected internal register 'wrcal_start_dly_r_reg' and it is trimmed from '16' to '15' bits. [d:/Jetking_sem4/SEM_4/arty-a7-online-lm-g14-preboard-00/vivado/ip/mig_7series_0/mig_7series_0/user_design/rtl/phy/mig_7series_v4_2_ddr_phy_init.v:1229]
WARNING: [Synth 8-3936] Found unconnected internal register 'oclkdelay_start_dly_r_reg' and it is trimmed from '16' to '15' bits. [d:/Jetking_sem4/SEM_4/arty-a7-online-lm-g14-preboard-00/vivado/ip/mig_7series_0/mig_7series_0/user_design/rtl/phy/mig_7series_v4_2_ddr_phy_init.v:1231]
WARNING: [Synth 8-6014] Unused sequential element gen_single_slot_odt.tmp_mr2_r_reg[1] was removed.  [d:/Jetking_sem4/SEM_4/arty-a7-online-lm-g14-preboard-00/vivado/ip/mig_7series_0/mig_7series_0/user_design/rtl/phy/mig_7series_v4_2_ddr_phy_init.v:4264]
WARNING: [Synth 8-6014] Unused sequential element gen_single_slot_odt.tmp_mr2_r_reg[2] was removed.  [d:/Jetking_sem4/SEM_4/arty-a7-online-lm-g14-preboard-00/vivado/ip/mig_7series_0/mig_7series_0/user_design/rtl/phy/mig_7series_v4_2_ddr_phy_init.v:4264]
WARNING: [Synth 8-6014] Unused sequential element gen_single_slot_odt.tmp_mr2_r_reg[3] was removed.  [d:/Jetking_sem4/SEM_4/arty-a7-online-lm-g14-preboard-00/vivado/ip/mig_7series_0/mig_7series_0/user_design/rtl/phy/mig_7series_v4_2_ddr_phy_init.v:4264]
WARNING: [Synth 8-6014] Unused sequential element gen_single_slot_odt.tmp_mr1_r_reg[1] was removed.  [d:/Jetking_sem4/SEM_4/arty-a7-online-lm-g14-preboard-00/vivado/ip/mig_7series_0/mig_7series_0/user_design/rtl/phy/mig_7series_v4_2_ddr_phy_init.v:4267]
WARNING: [Synth 8-6014] Unused sequential element gen_single_slot_odt.tmp_mr1_r_reg[2] was removed.  [d:/Jetking_sem4/SEM_4/arty-a7-online-lm-g14-preboard-00/vivado/ip/mig_7series_0/mig_7series_0/user_design/rtl/phy/mig_7series_v4_2_ddr_phy_init.v:4267]
WARNING: [Synth 8-6014] Unused sequential element gen_single_slot_odt.tmp_mr1_r_reg[3] was removed.  [d:/Jetking_sem4/SEM_4/arty-a7-online-lm-g14-preboard-00/vivado/ip/mig_7series_0/mig_7series_0/user_design/rtl/phy/mig_7series_v4_2_ddr_phy_init.v:4267]
WARNING: [Synth 8-6014] Unused sequential element prech_done_r1_reg was removed.  [d:/Jetking_sem4/SEM_4/arty-a7-online-lm-g14-preboard-00/vivado/ip/mig_7series_0/mig_7series_0/user_design/rtl/phy/mig_7series_v4_2_ddr_phy_init.v:1302]
WARNING: [Synth 8-6014] Unused sequential element calib_cmd_wren_reg was removed.  [d:/Jetking_sem4/SEM_4/arty-a7-online-lm-g14-preboard-00/vivado/ip/mig_7series_0/mig_7series_0/user_design/rtl/phy/mig_7series_v4_2_ddr_phy_init.v:4228]
WARNING: [Synth 8-3848] Net calib_aux_out in module/entity mig_7series_v4_2_ddr_phy_init does not have driver. [d:/Jetking_sem4/SEM_4/arty-a7-online-lm-g14-preboard-00/vivado/ip/mig_7series_0/mig_7series_0/user_design/rtl/phy/mig_7series_v4_2_ddr_phy_init.v:275]
WARNING: [Synth 8-6014] Unused sequential element rd_active_r4_reg was removed.  [d:/Jetking_sem4/SEM_4/arty-a7-online-lm-g14-preboard-00/vivado/ip/mig_7series_0/mig_7series_0/user_design/rtl/phy/mig_7series_v4_2_ddr_phy_wrcal.v:534]
WARNING: [Synth 8-6014] Unused sequential element rd_active_r5_reg was removed.  [d:/Jetking_sem4/SEM_4/arty-a7-online-lm-g14-preboard-00/vivado/ip/mig_7series_0/mig_7series_0/user_design/rtl/phy/mig_7series_v4_2_ddr_phy_wrcal.v:535]
WARNING: [Synth 8-6014] Unused sequential element pat1_detect_reg was removed.  [d:/Jetking_sem4/SEM_4/arty-a7-online-lm-g14-preboard-00/vivado/ip/mig_7series_0/mig_7series_0/user_design/rtl/phy/mig_7series_v4_2_ddr_phy_wrcal.v:1124]
WARNING: [Synth 8-6014] Unused sequential element early1_detect_reg was removed.  [d:/Jetking_sem4/SEM_4/arty-a7-online-lm-g14-preboard-00/vivado/ip/mig_7series_0/mig_7series_0/user_design/rtl/phy/mig_7series_v4_2_ddr_phy_wrcal.v:1125]
WARNING: [Synth 8-6014] Unused sequential element rd_mux_sel_r_reg was removed.  [d:/Jetking_sem4/SEM_4/arty-a7-online-lm-g14-preboard-00/vivado/ip/mig_7series_0/mig_7series_0/user_design/rtl/phy/mig_7series_v4_2_ddr_phy_wrcal.v:438]
WARNING: [Synth 8-3848] Net i in module/entity mig_7series_v4_2_ddr_phy_wrcal does not have driver. [d:/Jetking_sem4/SEM_4/arty-a7-online-lm-g14-preboard-00/vivado/ip/mig_7series_0/mig_7series_0/user_design/rtl/phy/mig_7series_v4_2_ddr_phy_wrcal.v:155]
WARNING: [Synth 8-6014] Unused sequential element calib_complete_r_reg was removed.  [d:/Jetking_sem4/SEM_4/arty-a7-online-lm-g14-preboard-00/vivado/ip/mig_7series_0/mig_7series_0/user_design/rtl/phy/mig_7series_v4_2_ddr_phy_tempmon.v:181]
WARNING: [Synth 8-6014] Unused sequential element sample_en_cnt_reg was removed.  [d:/Jetking_sem4/SEM_4/arty-a7-online-lm-g14-preboard-00/vivado/ip/mig_7series_0/mig_7series_0/user_design/rtl/phy/mig_7series_v4_2_ddr_phy_tempmon.v:187]
WARNING: [Synth 8-6014] Unused sequential element device_temp_capture_102_reg was removed.  [d:/Jetking_sem4/SEM_4/arty-a7-online-lm-g14-preboard-00/vivado/ip/mig_7series_0/mig_7series_0/user_design/rtl/phy/mig_7series_v4_2_ddr_phy_tempmon.v:289]
WARNING: [Synth 8-6014] Unused sequential element tempmon_sel_pi_incdec_r_reg was removed.  [d:/Jetking_sem4/SEM_4/arty-a7-online-lm-g14-preboard-00/vivado/ip/mig_7series_0/mig_7series_0/user_design/rtl/phy/mig_7series_v4_2_ddr_calib_top.v:882]
WARNING: [Synth 8-6014] Unused sequential element ck_addr_cmd_delay_done_r1_reg was removed.  [d:/Jetking_sem4/SEM_4/arty-a7-online-lm-g14-preboard-00/vivado/ip/mig_7series_0/mig_7series_0/user_design/rtl/phy/mig_7series_v4_2_ddr_calib_top.v:897]
WARNING: [Synth 8-6014] Unused sequential element ck_addr_cmd_delay_done_r2_reg was removed.  [d:/Jetking_sem4/SEM_4/arty-a7-online-lm-g14-preboard-00/vivado/ip/mig_7series_0/mig_7series_0/user_design/rtl/phy/mig_7series_v4_2_ddr_calib_top.v:898]
WARNING: [Synth 8-6014] Unused sequential element ck_addr_cmd_delay_done_r3_reg was removed.  [d:/Jetking_sem4/SEM_4/arty-a7-online-lm-g14-preboard-00/vivado/ip/mig_7series_0/mig_7series_0/user_design/rtl/phy/mig_7series_v4_2_ddr_calib_top.v:899]
WARNING: [Synth 8-6014] Unused sequential element ck_addr_cmd_delay_done_r4_reg was removed.  [d:/Jetking_sem4/SEM_4/arty-a7-online-lm-g14-preboard-00/vivado/ip/mig_7series_0/mig_7series_0/user_design/rtl/phy/mig_7series_v4_2_ddr_calib_top.v:900]
WARNING: [Synth 8-6014] Unused sequential element ck_addr_cmd_delay_done_r5_reg was removed.  [d:/Jetking_sem4/SEM_4/arty-a7-online-lm-g14-preboard-00/vivado/ip/mig_7series_0/mig_7series_0/user_design/rtl/phy/mig_7series_v4_2_ddr_calib_top.v:901]
WARNING: [Synth 8-6014] Unused sequential element ck_addr_cmd_delay_done_r6_reg was removed.  [d:/Jetking_sem4/SEM_4/arty-a7-online-lm-g14-preboard-00/vivado/ip/mig_7series_0/mig_7series_0/user_design/rtl/phy/mig_7series_v4_2_ddr_calib_top.v:902]
WARNING: [Synth 8-6014] Unused sequential element skip_calib_tap_off.skip_cal_tempmon_samp_en_reg was removed.  [d:/Jetking_sem4/SEM_4/arty-a7-online-lm-g14-preboard-00/vivado/ip/mig_7series_0/mig_7series_0/user_design/rtl/phy/mig_7series_v4_2_ddr_calib_top.v:2261]
WARNING: [Synth 8-6014] Unused sequential element wrlvl_final_mux_reg was removed.  [d:/Jetking_sem4/SEM_4/arty-a7-online-lm-g14-preboard-00/vivado/ip/mig_7series_0/mig_7series_0/user_design/rtl/phy/mig_7series_v4_2_ddr_calib_top.v:833]
WARNING: [Synth 8-3848] Net coarse_dec_err in module/entity mig_7series_v4_2_ddr_calib_top does not have driver. [d:/Jetking_sem4/SEM_4/arty-a7-online-lm-g14-preboard-00/vivado/ip/mig_7series_0/mig_7series_0/user_design/rtl/phy/mig_7series_v4_2_ddr_calib_top.v:661]
WARNING: [Synth 8-3848] Net dbg_skip_cal in module/entity mig_7series_v4_2_ddr_calib_top does not have driver. [d:/Jetking_sem4/SEM_4/arty-a7-online-lm-g14-preboard-00/vivado/ip/mig_7series_0/mig_7series_0/user_design/rtl/phy/mig_7series_v4_2_ddr_calib_top.v:672]
WARNING: [Synth 8-3848] Net dbg_poc in module/entity mig_7series_v4_2_ddr_calib_top does not have driver. [d:/Jetking_sem4/SEM_4/arty-a7-online-lm-g14-preboard-00/vivado/ip/mig_7series_0/mig_7series_0/user_design/rtl/phy/mig_7series_v4_2_ddr_calib_top.v:334]
WARNING: [Synth 8-3848] Net fine_delay_incdec_pb in module/entity mig_7series_v4_2_ddr_calib_top does not have driver. [d:/Jetking_sem4/SEM_4/arty-a7-online-lm-g14-preboard-00/vivado/ip/mig_7series_0/mig_7series_0/user_design/rtl/phy/mig_7series_v4_2_ddr_calib_top.v:340]
WARNING: [Synth 8-3848] Net fine_delay_sel in module/entity mig_7series_v4_2_ddr_calib_top does not have driver. [d:/Jetking_sem4/SEM_4/arty-a7-online-lm-g14-preboard-00/vivado/ip/mig_7series_0/mig_7series_0/user_design/rtl/phy/mig_7series_v4_2_ddr_calib_top.v:341]
WARNING: [Synth 8-3848] Net lim_done in module/entity mig_7series_v4_2_ddr_calib_top does not have driver. [d:/Jetking_sem4/SEM_4/arty-a7-online-lm-g14-preboard-00/vivado/ip/mig_7series_0/mig_7series_0/user_design/rtl/phy/mig_7series_v4_2_ddr_calib_top.v:619]
WARNING: [Synth 8-3848] Net lim2init_write_request in module/entity mig_7series_v4_2_ddr_calib_top does not have driver. [d:/Jetking_sem4/SEM_4/arty-a7-online-lm-g14-preboard-00/vivado/ip/mig_7series_0/mig_7series_0/user_design/rtl/phy/mig_7series_v4_2_ddr_calib_top.v:618]
WARNING: [Synth 8-3848] Net complex_ocal_num_samples_done_r in module/entity mig_7series_v4_2_ddr_calib_top does not have driver. [d:/Jetking_sem4/SEM_4/arty-a7-online-lm-g14-preboard-00/vivado/ip/mig_7series_0/mig_7series_0/user_design/rtl/phy/mig_7series_v4_2_ddr_calib_top.v:532]
WARNING: [Synth 8-3848] Net complex_ocal_rd_victim_sel in module/entity mig_7series_v4_2_ddr_calib_top does not have driver. [d:/Jetking_sem4/SEM_4/arty-a7-online-lm-g14-preboard-00/vivado/ip/mig_7series_0/mig_7series_0/user_design/rtl/phy/mig_7series_v4_2_ddr_calib_top.v:533]
WARNING: [Synth 8-3848] Net complex_victim_inc in module/entity mig_7series_v4_2_ddr_calib_top does not have driver. [d:/Jetking_sem4/SEM_4/arty-a7-online-lm-g14-preboard-00/vivado/ip/mig_7series_0/mig_7series_0/user_design/rtl/phy/mig_7series_v4_2_ddr_calib_top.v:591]
WARNING: [Synth 8-3848] Net rd_victim_sel in module/entity mig_7series_v4_2_ddr_calib_top does not have driver. [d:/Jetking_sem4/SEM_4/arty-a7-online-lm-g14-preboard-00/vivado/ip/mig_7series_0/mig_7series_0/user_design/rtl/phy/mig_7series_v4_2_ddr_calib_top.v:587]
WARNING: [Synth 8-3848] Net oclkdelay_center_calib_start in module/entity mig_7series_v4_2_ddr_calib_top does not have driver. [d:/Jetking_sem4/SEM_4/arty-a7-online-lm-g14-preboard-00/vivado/ip/mig_7series_0/mig_7series_0/user_design/rtl/phy/mig_7series_v4_2_ddr_calib_top.v:596]
WARNING: [Synth 8-3848] Net oclk_center_write_resume in module/entity mig_7series_v4_2_ddr_calib_top does not have driver. [d:/Jetking_sem4/SEM_4/arty-a7-online-lm-g14-preboard-00/vivado/ip/mig_7series_0/mig_7series_0/user_design/rtl/phy/mig_7series_v4_2_ddr_calib_top.v:614]
WARNING: [Synth 8-3848] Net oclkdelay_center_calib_done in module/entity mig_7series_v4_2_ddr_calib_top does not have driver. [d:/Jetking_sem4/SEM_4/arty-a7-online-lm-g14-preboard-00/vivado/ip/mig_7series_0/mig_7series_0/user_design/rtl/phy/mig_7series_v4_2_ddr_calib_top.v:615]
WARNING: [Synth 8-6014] Unused sequential element app_wdf_rdy_r_copy4_reg was removed.  [d:/Jetking_sem4/SEM_4/arty-a7-online-lm-g14-preboard-00/vivado/ip/mig_7series_0/mig_7series_0/user_design/rtl/ui/mig_7series_v4_2_ui_wr_data.v:267]
WARNING: [Synth 8-6014] Unused sequential element int_next_pending_r_reg was removed.  [d:/Jetking_sem4/SEM_4/arty-a7-online-lm-g14-preboard-00/vivado/ip/mig_7series_0/mig_7series_0/user_design/rtl/axi/mig_7series_v4_2_axi_mc_incr_cmd.v:191]
WARNING: [Synth 8-6014] Unused sequential element sel_first_r_reg was removed.  [d:/Jetking_sem4/SEM_4/arty-a7-online-lm-g14-preboard-00/vivado/ip/mig_7series_0/mig_7series_0/user_design/rtl/axi/mig_7series_v4_2_axi_mc_incr_cmd.v:220]
WARNING: [Synth 8-6014] Unused sequential element int_next_pending_r_reg was removed.  [d:/Jetking_sem4/SEM_4/arty-a7-online-lm-g14-preboard-00/vivado/ip/mig_7series_0/mig_7series_0/user_design/rtl/axi/mig_7series_v4_2_axi_mc_wrap_cmd.v:221]
WARNING: [Synth 8-6014] Unused sequential element sel_first_r_reg was removed.  [d:/Jetking_sem4/SEM_4/arty-a7-online-lm-g14-preboard-00/vivado/ip/mig_7series_0/mig_7series_0/user_design/rtl/axi/mig_7series_v4_2_axi_mc_wrap_cmd.v:239]
WARNING: [Synth 8-3848] Net cmd_wr_bytes in module/entity mig_7series_v4_2_axi_mc_w_channel does not have driver. [d:/Jetking_sem4/SEM_4/arty-a7-online-lm-g14-preboard-00/vivado/ip/mig_7series_0/mig_7series_0/user_design/rtl/axi/mig_7series_v4_2_axi_mc_w_channel.v:96]
WARNING: [Synth 8-6014] Unused sequential element rd_last_r_reg was removed.  [d:/Jetking_sem4/SEM_4/arty-a7-online-lm-g14-preboard-00/vivado/ip/mig_7series_0/mig_7series_0/user_design/rtl/axi/mig_7series_v4_2_axi_mc_r_channel.v:216]
WARNING: [Synth 8-3848] Net error in module/entity mig_7series_v4_2_memc_ui_top_axi does not have driver. [d:/Jetking_sem4/SEM_4/arty-a7-online-lm-g14-preboard-00/vivado/ip/mig_7series_0/mig_7series_0/user_design/rtl/ip_top/mig_7series_v4_2_memc_ui_top_axi.v:554]
WARNING: [Synth 8-3848] Net app_correct_en_i in module/entity mig_7series_v4_2_memc_ui_top_axi does not have driver. [d:/Jetking_sem4/SEM_4/arty-a7-online-lm-g14-preboard-00/vivado/ip/mig_7series_0/mig_7series_0/user_design/rtl/ip_top/mig_7series_v4_2_memc_ui_top_axi.v:499]
WARNING: [Synth 8-3848] Net s_axi_ctrl_awvalid in module/entity mig_7series_0_mig does not have driver. [d:/Jetking_sem4/SEM_4/arty-a7-online-lm-g14-preboard-00/vivado/ip/mig_7series_0/mig_7series_0/user_design/rtl/mig_7series_0_mig.v:753]
WARNING: [Synth 8-3848] Net s_axi_ctrl_awaddr in module/entity mig_7series_0_mig does not have driver. [d:/Jetking_sem4/SEM_4/arty-a7-online-lm-g14-preboard-00/vivado/ip/mig_7series_0/mig_7series_0/user_design/rtl/mig_7series_0_mig.v:755]
WARNING: [Synth 8-3848] Net s_axi_ctrl_wvalid in module/entity mig_7series_0_mig does not have driver. [d:/Jetking_sem4/SEM_4/arty-a7-online-lm-g14-preboard-00/vivado/ip/mig_7series_0/mig_7series_0/user_design/rtl/mig_7series_0_mig.v:757]
WARNING: [Synth 8-3848] Net s_axi_ctrl_wdata in module/entity mig_7series_0_mig does not have driver. [d:/Jetking_sem4/SEM_4/arty-a7-online-lm-g14-preboard-00/vivado/ip/mig_7series_0/mig_7series_0/user_design/rtl/mig_7series_0_mig.v:759]
WARNING: [Synth 8-3848] Net s_axi_ctrl_bready in module/entity mig_7series_0_mig does not have driver. [d:/Jetking_sem4/SEM_4/arty-a7-online-lm-g14-preboard-00/vivado/ip/mig_7series_0/mig_7series_0/user_design/rtl/mig_7series_0_mig.v:762]
WARNING: [Synth 8-3848] Net s_axi_ctrl_arvalid in module/entity mig_7series_0_mig does not have driver. [d:/Jetking_sem4/SEM_4/arty-a7-online-lm-g14-preboard-00/vivado/ip/mig_7series_0/mig_7series_0/user_design/rtl/mig_7series_0_mig.v:765]
WARNING: [Synth 8-3848] Net s_axi_ctrl_araddr in module/entity mig_7series_0_mig does not have driver. [d:/Jetking_sem4/SEM_4/arty-a7-online-lm-g14-preboard-00/vivado/ip/mig_7series_0/mig_7series_0/user_design/rtl/mig_7series_0_mig.v:767]
WARNING: [Synth 8-3848] Net s_axi_ctrl_rready in module/entity mig_7series_0_mig does not have driver. [d:/Jetking_sem4/SEM_4/arty-a7-online-lm-g14-preboard-00/vivado/ip/mig_7series_0/mig_7series_0/user_design/rtl/mig_7series_0_mig.v:770]
WARNING: [Synth 8-3848] Net device_temp_i in module/entity mig_7series_0_mig does not have driver. [d:/Jetking_sem4/SEM_4/arty-a7-online-lm-g14-preboard-00/vivado/ip/mig_7series_0/mig_7series_0/user_design/rtl/mig_7series_0_mig.v:783]
WARNING: [Synth 8-6014] Unused sequential element is_wr_reg was removed.  [D:/Jetking_sem4/SEM_4/arty-a7-online-lm-g14-preboard-00/rtl/ddr/ddr_tile_dma.sv:98]
INFO: [Common 17-14] Message 'Synth 8-6014' appears 100 times and further instances of the messages will be disabled. Use the Tcl command set_msg_config to change the current settings.
WARNING: [Synth 8-7137] Register r1_nid_reg[0] in module a7ng_cue_soa_wavefront has both Set and reset with same priority. This may cause simulation mismatches. Consider rewriting code  [D:/Jetking_sem4/SEM_4/arty-a7-online-lm-g14-preboard-00/rtl/native_graph/memory/a7ng_cue_soa_wavefront.sv:318]
WARNING: [Synth 8-7137] Register r1_nid_reg[1] in module a7ng_cue_soa_wavefront has both Set and reset with same priority. This may cause simulation mismatches. Consider rewriting code  [D:/Jetking_sem4/SEM_4/arty-a7-online-lm-g14-preboard-00/rtl/native_graph/memory/a7ng_cue_soa_wavefront.sv:318]
WARNING: [Synth 8-7137] Register r1_nid_reg[2] in module a7ng_cue_soa_wavefront has both Set and reset with same priority. This may cause simulation mismatches. Consider rewriting code  [D:/Jetking_sem4/SEM_4/arty-a7-online-lm-g14-preboard-00/rtl/native_graph/memory/a7ng_cue_soa_wavefront.sv:318]
WARNING: [Synth 8-7137] Register r1_nid_reg[3] in module a7ng_cue_soa_wavefront has both Set and reset with same priority. This may cause simulation mismatches. Consider rewriting code  [D:/Jetking_sem4/SEM_4/arty-a7-online-lm-g14-preboard-00/rtl/native_graph/memory/a7ng_cue_soa_wavefront.sv:318]
WARNING: [Synth 8-7137] Register r1_nid_reg[4] in module a7ng_cue_soa_wavefront has both Set and reset with same priority. This may cause simulation mismatches. Consider rewriting code  [D:/Jetking_sem4/SEM_4/arty-a7-online-lm-g14-preboard-00/rtl/native_graph/memory/a7ng_cue_soa_wavefront.sv:318]
WARNING: [Synth 8-7137] Register r1_nid_reg[5] in module a7ng_cue_soa_wavefront has both Set and reset with same priority. This may cause simulation mismatches. Consider rewriting code  [D:/Jetking_sem4/SEM_4/arty-a7-online-lm-g14-preboard-00/rtl/native_graph/memory/a7ng_cue_soa_wavefront.sv:318]
WARNING: [Synth 8-7137] Register r1_nid_reg[6] in module a7ng_cue_soa_wavefront has both Set and reset with same priority. This may cause simulation mismatches. Consider rewriting code  [D:/Jetking_sem4/SEM_4/arty-a7-online-lm-g14-preboard-00/rtl/native_graph/memory/a7ng_cue_soa_wavefront.sv:318]
WARNING: [Synth 8-7137] Register r1_nid_reg[7] in module a7ng_cue_soa_wavefront has both Set and reset with same priority. This may cause simulation mismatches. Consider rewriting code  [D:/Jetking_sem4/SEM_4/arty-a7-online-lm-g14-preboard-00/rtl/native_graph/memory/a7ng_cue_soa_wavefront.sv:318]
WARNING: [Synth 8-7137] Register r1_nid_reg[8] in module a7ng_cue_soa_wavefront has both Set and reset with same priority. This may cause simulation mismatches. Consider rewriting code  [D:/Jetking_sem4/SEM_4/arty-a7-online-lm-g14-preboard-00/rtl/native_graph/memory/a7ng_cue_soa_wavefront.sv:318]
WARNING: [Synth 8-7137] Register r1_nid_reg[9] in module a7ng_cue_soa_wavefront has both Set and reset with same priority. This may cause simulation mismatches. Consider rewriting code  [D:/Jetking_sem4/SEM_4/arty-a7-online-lm-g14-preboard-00/rtl/native_graph/memory/a7ng_cue_soa_wavefront.sv:318]
WARNING: [Synth 8-7137] Register r1_nid_reg[10] in module a7ng_cue_soa_wavefront has both Set and reset with same priority. This may cause simulation mismatches. Consider rewriting code  [D:/Jetking_sem4/SEM_4/arty-a7-online-lm-g14-preboard-00/rtl/native_graph/memory/a7ng_cue_soa_wavefront.sv:318]
WARNING: [Synth 8-7137] Register r1_nid_reg[11] in module a7ng_cue_soa_wavefront has both Set and reset with same priority. This may cause simulation mismatches. Consider rewriting code  [D:/Jetking_sem4/SEM_4/arty-a7-online-lm-g14-preboard-00/rtl/native_graph/memory/a7ng_cue_soa_wavefront.sv:318]
WARNING: [Synth 8-7137] Register r1_nid_reg[12] in module a7ng_cue_soa_wavefront has both Set and reset with same priority. This may cause simulation mismatches. Consider rewriting code  [D:/Jetking_sem4/SEM_4/arty-a7-online-lm-g14-preboard-00/rtl/native_graph/memory/a7ng_cue_soa_wavefront.sv:318]
WARNING: [Synth 8-7137] Register r1_nid_reg[13] in module a7ng_cue_soa_wavefront has both Set and reset with same priority. This may cause simulation mismatches. Consider rewriting code  [D:/Jetking_sem4/SEM_4/arty-a7-online-lm-g14-preboard-00/rtl/native_graph/memory/a7ng_cue_soa_wavefront.sv:318]
WARNING: [Synth 8-7137] Register r1_nid_reg[14] in module a7ng_cue_soa_wavefront has both Set and reset with same priority. This may cause simulation mismatches. Consider rewriting code  [D:/Jetking_sem4/SEM_4/arty-a7-online-lm-g14-preboard-00/rtl/native_graph/memory/a7ng_cue_soa_wavefront.sv:318]
WARNING: [Synth 8-7137] Register r1_nid_reg[15] in module a7ng_cue_soa_wavefront has both Set and reset with same priority. This may cause simulation mismatches. Consider rewriting code  [D:/Jetking_sem4/SEM_4/arty-a7-online-lm-g14-preboard-00/rtl/native_graph/memory/a7ng_cue_soa_wavefront.sv:318]
WARNING: [Synth 8-7137] Register r1_cue_reg[0] in module a7ng_cue_soa_wavefront has both Set and reset with same priority. This may cause simulation mismatches. Consider rewriting code  [D:/Jetking_sem4/SEM_4/arty-a7-online-lm-g14-preboard-00/rtl/native_graph/memory/a7ng_cue_soa_wavefront.sv:319]
WARNING: [Synth 8-7137] Register r1_cue_reg[1] in module a7ng_cue_soa_wavefront has both Set and reset with same priority. This may cause simulation mismatches. Consider rewriting code  [D:/Jetking_sem4/SEM_4/arty-a7-online-lm-g14-preboard-00/rtl/native_graph/memory/a7ng_cue_soa_wavefront.sv:319]
WARNING: [Synth 8-7137] Register r1_cue_reg[2] in module a7ng_cue_soa_wavefront has both Set and reset with same priority. This may cause simulation mismatches. Consider rewriting code  [D:/Jetking_sem4/SEM_4/arty-a7-online-lm-g14-preboard-00/rtl/native_graph/memory/a7ng_cue_soa_wavefront.sv:319]
WARNING: [Synth 8-7137] Register r1_cue_reg[3] in module a7ng_cue_soa_wavefront has both Set and reset with same priority. This may cause simulation mismatches. Consider rewriting code  [D:/Jetking_sem4/SEM_4/arty-a7-online-lm-g14-preboard-00/rtl/native_graph/memory/a7ng_cue_soa_wavefront.sv:319]
WARNING: [Synth 8-7137] Register r1_cue_reg[4] in module a7ng_cue_soa_wavefront has both Set and reset with same priority. This may cause simulation mismatches. Consider rewriting code  [D:/Jetking_sem4/SEM_4/arty-a7-online-lm-g14-preboard-00/rtl/native_graph/memory/a7ng_cue_soa_wavefront.sv:319]
WARNING: [Synth 8-7137] Register r1_cue_reg[5] in module a7ng_cue_soa_wavefront has both Set and reset with same priority. This may cause simulation mismatches. Consider rewriting code  [D:/Jetking_sem4/SEM_4/arty-a7-online-lm-g14-preboard-00/rtl/native_graph/memory/a7ng_cue_soa_wavefront.sv:319]
WARNING: [Synth 8-7137] Register r1_cue_reg[6] in module a7ng_cue_soa_wavefront has both Set and reset with same priority. This may cause simulation mismatches. Consider rewriting code  [D:/Jetking_sem4/SEM_4/arty-a7-online-lm-g14-preboard-00/rtl/native_graph/memory/a7ng_cue_soa_wavefront.sv:319]
WARNING: [Synth 8-7137] Register r1_cue_reg[7] in module a7ng_cue_soa_wavefront has both Set and reset with same priority. This may cause simulation mismatches. Consider rewriting code  [D:/Jetking_sem4/SEM_4/arty-a7-online-lm-g14-preboard-00/rtl/native_graph/memory/a7ng_cue_soa_wavefront.sv:319]
WARNING: [Synth 8-7137] Register r1_cue_reg[8] in module a7ng_cue_soa_wavefront has both Set and reset with same priority. This may cause simulation mismatches. Consider rewriting code  [D:/Jetking_sem4/SEM_4/arty-a7-online-lm-g14-preboard-00/rtl/native_graph/memory/a7ng_cue_soa_wavefront.sv:319]
WARNING: [Synth 8-7137] Register r1_cue_reg[9] in module a7ng_cue_soa_wavefront has both Set and reset with same priority. This may cause simulation mismatches. Consider rewriting code  [D:/Jetking_sem4/SEM_4/arty-a7-online-lm-g14-preboard-00/rtl/native_graph/memory/a7ng_cue_soa_wavefront.sv:319]
WARNING: [Synth 8-7137] Register r1_cue_reg[10] in module a7ng_cue_soa_wavefront has both Set and reset with same priority. This may cause simulation mismatches. Consider rewriting code  [D:/Jetking_sem4/SEM_4/arty-a7-online-lm-g14-preboard-00/rtl/native_graph/memory/a7ng_cue_soa_wavefront.sv:319]
WARNING: [Synth 8-7137] Register r1_cue_reg[11] in module a7ng_cue_soa_wavefront has both Set and reset with same priority. This may cause simulation mismatches. Consider rewriting code  [D:/Jetking_sem4/SEM_4/arty-a7-online-lm-g14-preboard-00/rtl/native_graph/memory/a7ng_cue_soa_wavefront.sv:319]
WARNING: [Synth 8-7137] Register r1_cue_reg[12] in module a7ng_cue_soa_wavefront has both Set and reset with same priority. This may cause simulation mismatches. Consider rewriting code  [D:/Jetking_sem4/SEM_4/arty-a7-online-lm-g14-preboard-00/rtl/native_graph/memory/a7ng_cue_soa_wavefront.sv:319]
WARNING: [Synth 8-7137] Register r1_cue_reg[13] in module a7ng_cue_soa_wavefront has both Set and reset with same priority. This may cause simulation mismatches. Consider rewriting code  [D:/Jetking_sem4/SEM_4/arty-a7-online-lm-g14-preboard-00/rtl/native_graph/memory/a7ng_cue_soa_wavefront.sv:319]
WARNING: [Synth 8-7137] Register r1_cue_reg[14] in module a7ng_cue_soa_wavefront has both Set and reset with same priority. This may cause simulation mismatches. Consider rewriting code  [D:/Jetking_sem4/SEM_4/arty-a7-online-lm-g14-preboard-00/rtl/native_graph/memory/a7ng_cue_soa_wavefront.sv:319]
WARNING: [Synth 8-7137] Register r1_cue_reg[15] in module a7ng_cue_soa_wavefront has both Set and reset with same priority. This may cause simulation mismatches. Consider rewriting code  [D:/Jetking_sem4/SEM_4/arty-a7-online-lm-g14-preboard-00/rtl/native_graph/memory/a7ng_cue_soa_wavefront.sv:319]
WARNING: [Synth 8-7137] Register r1_prior_reg[0] in module a7ng_cue_soa_wavefront has both Set and reset with same priority. This may cause simulation mismatches. Consider rewriting code  [D:/Jetking_sem4/SEM_4/arty-a7-online-lm-g14-preboard-00/rtl/native_graph/memory/a7ng_cue_soa_wavefront.sv:320]
WARNING: [Synth 8-7137] Register r1_prior_reg[1] in module a7ng_cue_soa_wavefront has both Set and reset with same priority. This may cause simulation mismatches. Consider rewriting code  [D:/Jetking_sem4/SEM_4/arty-a7-online-lm-g14-preboard-00/rtl/native_graph/memory/a7ng_cue_soa_wavefront.sv:320]
WARNING: [Synth 8-7137] Register r1_prior_reg[2] in module a7ng_cue_soa_wavefront has both Set and reset with same priority. This may cause simulation mismatches. Consider rewriting code  [D:/Jetking_sem4/SEM_4/arty-a7-online-lm-g14-preboard-00/rtl/native_graph/memory/a7ng_cue_soa_wavefront.sv:320]
WARNING: [Synth 8-7137] Register r1_prior_reg[3] in module a7ng_cue_soa_wavefront has both Set and reset with same priority. This may cause simulation mismatches. Consider rewriting code  [D:/Jetking_sem4/SEM_4/arty-a7-online-lm-g14-preboard-00/rtl/native_graph/memory/a7ng_cue_soa_wavefront.sv:320]
WARNING: [Synth 8-7137] Register r1_prior_reg[4] in module a7ng_cue_soa_wavefront has both Set and reset with same priority. This may cause simulation mismatches. Consider rewriting code  [D:/Jetking_sem4/SEM_4/arty-a7-online-lm-g14-preboard-00/rtl/native_graph/memory/a7ng_cue_soa_wavefront.sv:320]
WARNING: [Synth 8-7137] Register r1_prior_reg[5] in module a7ng_cue_soa_wavefront has both Set and reset with same priority. This may cause simulation mismatches. Consider rewriting code  [D:/Jetking_sem4/SEM_4/arty-a7-online-lm-g14-preboard-00/rtl/native_graph/memory/a7ng_cue_soa_wavefront.sv:320]
WARNING: [Synth 8-7137] Register r1_prior_reg[6] in module a7ng_cue_soa_wavefront has both Set and reset with same priority. This may cause simulation mismatches. Consider rewriting code  [D:/Jetking_sem4/SEM_4/arty-a7-online-lm-g14-preboard-00/rtl/native_graph/memory/a7ng_cue_soa_wavefront.sv:320]
WARNING: [Synth 8-7137] Register r1_prior_reg[7] in module a7ng_cue_soa_wavefront has both Set and reset with same priority. This may cause simulation mismatches. Consider rewriting code  [D:/Jetking_sem4/SEM_4/arty-a7-online-lm-g14-preboard-00/rtl/native_graph/memory/a7ng_cue_soa_wavefront.sv:320]
WARNING: [Synth 8-7137] Register r1_prior_reg[8] in module a7ng_cue_soa_wavefront has both Set and reset with same priority. This may cause simulation mismatches. Consider rewriting code  [D:/Jetking_sem4/SEM_4/arty-a7-online-lm-g14-preboard-00/rtl/native_graph/memory/a7ng_cue_soa_wavefront.sv:320]
WARNING: [Synth 8-7137] Register r1_prior_reg[9] in module a7ng_cue_soa_wavefront has both Set and reset with same priority. This may cause simulation mismatches. Consider rewriting code  [D:/Jetking_sem4/SEM_4/arty-a7-online-lm-g14-preboard-00/rtl/native_graph/memory/a7ng_cue_soa_wavefront.sv:320]
WARNING: [Synth 8-7137] Register r1_prior_reg[10] in module a7ng_cue_soa_wavefront has both Set and reset with same priority. This may cause simulation mismatches. Consider rewriting code  [D:/Jetking_sem4/SEM_4/arty-a7-online-lm-g14-preboard-00/rtl/native_graph/memory/a7ng_cue_soa_wavefront.sv:320]
WARNING: [Synth 8-7137] Register r1_prior_reg[11] in module a7ng_cue_soa_wavefront has both Set and reset with same priority. This may cause simulation mismatches. Consider rewriting code  [D:/Jetking_sem4/SEM_4/arty-a7-online-lm-g14-preboard-00/rtl/native_graph/memory/a7ng_cue_soa_wavefront.sv:320]
WARNING: [Synth 8-7137] Register r1_prior_reg[12] in module a7ng_cue_soa_wavefront has both Set and reset with same priority. This may cause simulation mismatches. Consider rewriting code  [D:/Jetking_sem4/SEM_4/arty-a7-online-lm-g14-preboard-00/rtl/native_graph/memory/a7ng_cue_soa_wavefront.sv:320]
WARNING: [Synth 8-7137] Register r1_prior_reg[13] in module a7ng_cue_soa_wavefront has both Set and reset with same priority. This may cause simulation mismatches. Consider rewriting code  [D:/Jetking_sem4/SEM_4/arty-a7-online-lm-g14-preboard-00/rtl/native_graph/memory/a7ng_cue_soa_wavefront.sv:320]
WARNING: [Synth 8-7137] Register r1_prior_reg[14] in module a7ng_cue_soa_wavefront has both Set and reset with same priority. This may cause simulation mismatches. Consider rewriting code  [D:/Jetking_sem4/SEM_4/arty-a7-online-lm-g14-preboard-00/rtl/native_graph/memory/a7ng_cue_soa_wavefront.sv:320]
WARNING: [Synth 8-7137] Register r1_prior_reg[15] in module a7ng_cue_soa_wavefront has both Set and reset with same priority. This may cause simulation mismatches. Consider rewriting code  [D:/Jetking_sem4/SEM_4/arty-a7-online-lm-g14-preboard-00/rtl/native_graph/memory/a7ng_cue_soa_wavefront.sv:320]
WARNING: [Synth 8-7137] Register r0_nid_reg[0] in module a7ng_cue_soa_wavefront has both Set and reset with same priority. This may cause simulation mismatches. Consider rewriting code  [D:/Jetking_sem4/SEM_4/arty-a7-online-lm-g14-preboard-00/rtl/native_graph/memory/a7ng_cue_soa_wavefront.sv:323]
WARNING: [Synth 8-7137] Register r0_nid_reg[1] in module a7ng_cue_soa_wavefront has both Set and reset with same priority. This may cause simulation mismatches. Consider rewriting code  [D:/Jetking_sem4/SEM_4/arty-a7-online-lm-g14-preboard-00/rtl/native_graph/memory/a7ng_cue_soa_wavefront.sv:323]
WARNING: [Synth 8-7137] Register r0_nid_reg[2] in module a7ng_cue_soa_wavefront has both Set and reset with same priority. This may cause simulation mismatches. Consider rewriting code  [D:/Jetking_sem4/SEM_4/arty-a7-online-lm-g14-preboard-00/rtl/native_graph/memory/a7ng_cue_soa_wavefront.sv:323]
WARNING: [Synth 8-7137] Register r0_nid_reg[3] in module a7ng_cue_soa_wavefront has both Set and reset with same priority. This may cause simulation mismatches. Consider rewriting code  [D:/Jetking_sem4/SEM_4/arty-a7-online-lm-g14-preboard-00/rtl/native_graph/memory/a7ng_cue_soa_wavefront.sv:323]
WARNING: [Synth 8-7137] Register r0_nid_reg[4] in module a7ng_cue_soa_wavefront has both Set and reset with same priority. This may cause simulation mismatches. Consider rewriting code  [D:/Jetking_sem4/SEM_4/arty-a7-online-lm-g14-preboard-00/rtl/native_graph/memory/a7ng_cue_soa_wavefront.sv:323]
WARNING: [Synth 8-7137] Register r0_nid_reg[5] in module a7ng_cue_soa_wavefront has both Set and reset with same priority. This may cause simulation mismatches. Consider rewriting code  [D:/Jetking_sem4/SEM_4/arty-a7-online-lm-g14-preboard-00/rtl/native_graph/memory/a7ng_cue_soa_wavefront.sv:323]
WARNING: [Synth 8-7137] Register r0_nid_reg[6] in module a7ng_cue_soa_wavefront has both Set and reset with same priority. This may cause simulation mismatches. Consider rewriting code  [D:/Jetking_sem4/SEM_4/arty-a7-online-lm-g14-preboard-00/rtl/native_graph/memory/a7ng_cue_soa_wavefront.sv:323]
WARNING: [Synth 8-7137] Register r0_nid_reg[7] in module a7ng_cue_soa_wavefront has both Set and reset with same priority. This may cause simulation mismatches. Consider rewriting code  [D:/Jetking_sem4/SEM_4/arty-a7-online-lm-g14-preboard-00/rtl/native_graph/memory/a7ng_cue_soa_wavefront.sv:323]
WARNING: [Synth 8-7137] Register r0_nid_reg[8] in module a7ng_cue_soa_wavefront has both Set and reset with same priority. This may cause simulation mismatches. Consider rewriting code  [D:/Jetking_sem4/SEM_4/arty-a7-online-lm-g14-preboard-00/rtl/native_graph/memory/a7ng_cue_soa_wavefront.sv:323]
WARNING: [Synth 8-7137] Register r0_nid_reg[9] in module a7ng_cue_soa_wavefront has both Set and reset with same priority. This may cause simulation mismatches. Consider rewriting code  [D:/Jetking_sem4/SEM_4/arty-a7-online-lm-g14-preboard-00/rtl/native_graph/memory/a7ng_cue_soa_wavefront.sv:323]
WARNING: [Synth 8-7137] Register r0_nid_reg[10] in module a7ng_cue_soa_wavefront has both Set and reset with same priority. This may cause simulation mismatches. Consider rewriting code  [D:/Jetking_sem4/SEM_4/arty-a7-online-lm-g14-preboard-00/rtl/native_graph/memory/a7ng_cue_soa_wavefront.sv:323]
WARNING: [Synth 8-7137] Register r0_nid_reg[11] in module a7ng_cue_soa_wavefront has both Set and reset with same priority. This may cause simulation mismatches. Consider rewriting code  [D:/Jetking_sem4/SEM_4/arty-a7-online-lm-g14-preboard-00/rtl/native_graph/memory/a7ng_cue_soa_wavefront.sv:323]
WARNING: [Synth 8-7137] Register r0_nid_reg[12] in module a7ng_cue_soa_wavefront has both Set and reset with same priority. This may cause simulation mismatches. Consider rewriting code  [D:/Jetking_sem4/SEM_4/arty-a7-online-lm-g14-preboard-00/rtl/native_graph/memory/a7ng_cue_soa_wavefront.sv:323]
WARNING: [Synth 8-7137] Register r0_nid_reg[13] in module a7ng_cue_soa_wavefront has both Set and reset with same priority. This may cause simulation mismatches. Consider rewriting code  [D:/Jetking_sem4/SEM_4/arty-a7-online-lm-g14-preboard-00/rtl/native_graph/memory/a7ng_cue_soa_wavefront.sv:323]
WARNING: [Synth 8-7137] Register r0_nid_reg[14] in module a7ng_cue_soa_wavefront has both Set and reset with same priority. This may cause simulation mismatches. Consider rewriting code  [D:/Jetking_sem4/SEM_4/arty-a7-online-lm-g14-preboard-00/rtl/native_graph/memory/a7ng_cue_soa_wavefront.sv:323]
WARNING: [Synth 8-7137] Register r0_nid_reg[15] in module a7ng_cue_soa_wavefront has both Set and reset with same priority. This may cause simulation mismatches. Consider rewriting code  [D:/Jetking_sem4/SEM_4/arty-a7-online-lm-g14-preboard-00/rtl/native_graph/memory/a7ng_cue_soa_wavefront.sv:323]
WARNING: [Synth 8-7137] Register r0_cue_reg[0] in module a7ng_cue_soa_wavefront has both Set and reset with same priority. This may cause simulation mismatches. Consider rewriting code  [D:/Jetking_sem4/SEM_4/arty-a7-online-lm-g14-preboard-00/rtl/native_graph/memory/a7ng_cue_soa_wavefront.sv:324]
WARNING: [Synth 8-7137] Register r0_cue_reg[1] in module a7ng_cue_soa_wavefront has both Set and reset with same priority. This may cause simulation mismatches. Consider rewriting code  [D:/Jetking_sem4/SEM_4/arty-a7-online-lm-g14-preboard-00/rtl/native_graph/memory/a7ng_cue_soa_wavefront.sv:324]
WARNING: [Synth 8-7137] Register r0_cue_reg[2] in module a7ng_cue_soa_wavefront has both Set and reset with same priority. This may cause simulation mismatches. Consider rewriting code  [D:/Jetking_sem4/SEM_4/arty-a7-online-lm-g14-preboard-00/rtl/native_graph/memory/a7ng_cue_soa_wavefront.sv:324]
WARNING: [Synth 8-7137] Register r0_cue_reg[3] in module a7ng_cue_soa_wavefront has both Set and reset with same priority. This may cause simulation mismatches. Consider rewriting code  [D:/Jetking_sem4/SEM_4/arty-a7-online-lm-g14-preboard-00/rtl/native_graph/memory/a7ng_cue_soa_wavefront.sv:324]
WARNING: [Synth 8-7137] Register r0_cue_reg[4] in module a7ng_cue_soa_wavefront has both Set and reset with same priority. This may cause simulation mismatches. Consider rewriting code  [D:/Jetking_sem4/SEM_4/arty-a7-online-lm-g14-preboard-00/rtl/native_graph/memory/a7ng_cue_soa_wavefront.sv:324]
WARNING: [Synth 8-7137] Register r0_cue_reg[5] in module a7ng_cue_soa_wavefront has both Set and reset with same priority. This may cause simulation mismatches. Consider rewriting code  [D:/Jetking_sem4/SEM_4/arty-a7-online-lm-g14-preboard-00/rtl/native_graph/memory/a7ng_cue_soa_wavefront.sv:324]
WARNING: [Synth 8-7137] Register r0_cue_reg[6] in module a7ng_cue_soa_wavefront has both Set and reset with same priority. This may cause simulation mismatches. Consider rewriting code  [D:/Jetking_sem4/SEM_4/arty-a7-online-lm-g14-preboard-00/rtl/native_graph/memory/a7ng_cue_soa_wavefront.sv:324]
WARNING: [Synth 8-7137] Register r0_cue_reg[7] in module a7ng_cue_soa_wavefront has both Set and reset with same priority. This may cause simulation mismatches. Consider rewriting code  [D:/Jetking_sem4/SEM_4/arty-a7-online-lm-g14-preboard-00/rtl/native_graph/memory/a7ng_cue_soa_wavefront.sv:324]
WARNING: [Synth 8-7137] Register r0_cue_reg[8] in module a7ng_cue_soa_wavefront has both Set and reset with same priority. This may cause simulation mismatches. Consider rewriting code  [D:/Jetking_sem4/SEM_4/arty-a7-online-lm-g14-preboard-00/rtl/native_graph/memory/a7ng_cue_soa_wavefront.sv:324]
WARNING: [Synth 8-7137] Register r0_cue_reg[9] in module a7ng_cue_soa_wavefront has both Set and reset with same priority. This may cause simulation mismatches. Consider rewriting code  [D:/Jetking_sem4/SEM_4/arty-a7-online-lm-g14-preboard-00/rtl/native_graph/memory/a7ng_cue_soa_wavefront.sv:324]
WARNING: [Synth 8-7137] Register r0_cue_reg[10] in module a7ng_cue_soa_wavefront has both Set and reset with same priority. This may cause simulation mismatches. Consider rewriting code  [D:/Jetking_sem4/SEM_4/arty-a7-online-lm-g14-preboard-00/rtl/native_graph/memory/a7ng_cue_soa_wavefront.sv:324]
WARNING: [Synth 8-7137] Register r0_cue_reg[11] in module a7ng_cue_soa_wavefront has both Set and reset with same priority. This may cause simulation mismatches. Consider rewriting code  [D:/Jetking_sem4/SEM_4/arty-a7-online-lm-g14-preboard-00/rtl/native_graph/memory/a7ng_cue_soa_wavefront.sv:324]
WARNING: [Synth 8-7137] Register r0_cue_reg[12] in module a7ng_cue_soa_wavefront has both Set and reset with same priority. This may cause simulation mismatches. Consider rewriting code  [D:/Jetking_sem4/SEM_4/arty-a7-online-lm-g14-preboard-00/rtl/native_graph/memory/a7ng_cue_soa_wavefront.sv:324]
WARNING: [Synth 8-7137] Register r0_cue_reg[13] in module a7ng_cue_soa_wavefront has both Set and reset with same priority. This may cause simulation mismatches. Consider rewriting code  [D:/Jetking_sem4/SEM_4/arty-a7-online-lm-g14-preboard-00/rtl/native_graph/memory/a7ng_cue_soa_wavefront.sv:324]
WARNING: [Synth 8-7137] Register r0_cue_reg[14] in module a7ng_cue_soa_wavefront has both Set and reset with same priority. This may cause simulation mismatches. Consider rewriting code  [D:/Jetking_sem4/SEM_4/arty-a7-online-lm-g14-preboard-00/rtl/native_graph/memory/a7ng_cue_soa_wavefront.sv:324]
WARNING: [Synth 8-7137] Register r0_cue_reg[15] in module a7ng_cue_soa_wavefront has both Set and reset with same priority. This may cause simulation mismatches. Consider rewriting code  [D:/Jetking_sem4/SEM_4/arty-a7-online-lm-g14-preboard-00/rtl/native_graph/memory/a7ng_cue_soa_wavefront.sv:324]
WARNING: [Synth 8-7137] Register r0_prior_reg[0] in module a7ng_cue_soa_wavefront has both Set and reset with same priority. This may cause simulation mismatches. Consider rewriting code  [D:/Jetking_sem4/SEM_4/arty-a7-online-lm-g14-preboard-00/rtl/native_graph/memory/a7ng_cue_soa_wavefront.sv:325]
WARNING: [Synth 8-7137] Register r0_prior_reg[1] in module a7ng_cue_soa_wavefront has both Set and reset with same priority. This may cause simulation mismatches. Consider rewriting code  [D:/Jetking_sem4/SEM_4/arty-a7-online-lm-g14-preboard-00/rtl/native_graph/memory/a7ng_cue_soa_wavefront.sv:325]
WARNING: [Synth 8-7137] Register r0_prior_reg[2] in module a7ng_cue_soa_wavefront has both Set and reset with same priority. This may cause simulation mismatches. Consider rewriting code  [D:/Jetking_sem4/SEM_4/arty-a7-online-lm-g14-preboard-00/rtl/native_graph/memory/a7ng_cue_soa_wavefront.sv:325]
WARNING: [Synth 8-7137] Register r0_prior_reg[3] in module a7ng_cue_soa_wavefront has both Set and reset with same priority. This may cause simulation mismatches. Consider rewriting code  [D:/Jetking_sem4/SEM_4/arty-a7-online-lm-g14-preboard-00/rtl/native_graph/memory/a7ng_cue_soa_wavefront.sv:325]
WARNING: [Synth 8-7137] Register r0_prior_reg[4] in module a7ng_cue_soa_wavefront has both Set and reset with same priority. This may cause simulation mismatches. Consider rewriting code  [D:/Jetking_sem4/SEM_4/arty-a7-online-lm-g14-preboard-00/rtl/native_graph/memory/a7ng_cue_soa_wavefront.sv:325]
WARNING: [Synth 8-7137] Register r0_prior_reg[5] in module a7ng_cue_soa_wavefront has both Set and reset with same priority. This may cause simulation mismatches. Consider rewriting code  [D:/Jetking_sem4/SEM_4/arty-a7-online-lm-g14-preboard-00/rtl/native_graph/memory/a7ng_cue_soa_wavefront.sv:325]
WARNING: [Synth 8-7137] Register r0_prior_reg[6] in module a7ng_cue_soa_wavefront has both Set and reset with same priority. This may cause simulation mismatches. Consider rewriting code  [D:/Jetking_sem4/SEM_4/arty-a7-online-lm-g14-preboard-00/rtl/native_graph/memory/a7ng_cue_soa_wavefront.sv:325]
WARNING: [Synth 8-7137] Register r0_prior_reg[7] in module a7ng_cue_soa_wavefront has both Set and reset with same priority. This may cause simulation mismatches. Consider rewriting code  [D:/Jetking_sem4/SEM_4/arty-a7-online-lm-g14-preboard-00/rtl/native_graph/memory/a7ng_cue_soa_wavefront.sv:325]
WARNING: [Synth 8-7137] Register r0_prior_reg[8] in module a7ng_cue_soa_wavefront has both Set and reset with same priority. This may cause simulation mismatches. Consider rewriting code  [D:/Jetking_sem4/SEM_4/arty-a7-online-lm-g14-preboard-00/rtl/native_graph/memory/a7ng_cue_soa_wavefront.sv:325]
WARNING: [Synth 8-7137] Register r0_prior_reg[9] in module a7ng_cue_soa_wavefront has both Set and reset with same priority. This may cause simulation mismatches. Consider rewriting code  [D:/Jetking_sem4/SEM_4/arty-a7-online-lm-g14-preboard-00/rtl/native_graph/memory/a7ng_cue_soa_wavefront.sv:325]
WARNING: [Synth 8-7137] Register r0_prior_reg[10] in module a7ng_cue_soa_wavefront has both Set and reset with same priority. This may cause simulation mismatches. Consider rewriting code  [D:/Jetking_sem4/SEM_4/arty-a7-online-lm-g14-preboard-00/rtl/native_graph/memory/a7ng_cue_soa_wavefront.sv:325]
WARNING: [Synth 8-7137] Register r0_prior_reg[11] in module a7ng_cue_soa_wavefront has both Set and reset with same priority. This may cause simulation mismatches. Consider rewriting code  [D:/Jetking_sem4/SEM_4/arty-a7-online-lm-g14-preboard-00/rtl/native_graph/memory/a7ng_cue_soa_wavefront.sv:325]
WARNING: [Synth 8-7137] Register r0_prior_reg[12] in module a7ng_cue_soa_wavefront has both Set and reset with same priority. This may cause simulation mismatches. Consider rewriting code  [D:/Jetking_sem4/SEM_4/arty-a7-online-lm-g14-preboard-00/rtl/native_graph/memory/a7ng_cue_soa_wavefront.sv:325]
WARNING: [Synth 8-7137] Register r0_prior_reg[13] in module a7ng_cue_soa_wavefront has both Set and reset with same priority. This may cause simulation mismatches. Consider rewriting code  [D:/Jetking_sem4/SEM_4/arty-a7-online-lm-g14-preboard-00/rtl/native_graph/memory/a7ng_cue_soa_wavefront.sv:325]
WARNING: [Synth 8-7137] Register r0_prior_reg[14] in module a7ng_cue_soa_wavefront has both Set and reset with same priority. This may cause simulation mismatches. Consider rewriting code  [D:/Jetking_sem4/SEM_4/arty-a7-online-lm-g14-preboard-00/rtl/native_graph/memory/a7ng_cue_soa_wavefront.sv:325]
WARNING: [Synth 8-7137] Register r0_prior_reg[15] in module a7ng_cue_soa_wavefront has both Set and reset with same priority. This may cause simulation mismatches. Consider rewriting code  [D:/Jetking_sem4/SEM_4/arty-a7-online-lm-g14-preboard-00/rtl/native_graph/memory/a7ng_cue_soa_wavefront.sv:325]
INFO: [Common 17-14] Message 'Synth 8-7137' appears 100 times and further instances of the messages will be disabled. Use the Tcl command set_msg_config to change the current settings.
WARNING: [Synth 8-4767] Trying to implement RAM 'fifo_data_reg' in registers. Block RAM or DRAM implementation is not possible; see log for reasons. [D:/Jetking_sem4/SEM_4/arty-a7-online-lm-g14-preboard-00/rtl/native_graph/memory/a7ng_ddr_soa_axi_bridge.sv:175]
Reason is one or more of the following :
	1: RAM is sensitive to asynchronous reset signal. this RTL style is not supported. 
WARNING: [Synth 8-4767] Trying to implement RAM 'fifo_last_reg' in registers. Block RAM or DRAM implementation is not possible; see log for reasons. [D:/Jetking_sem4/SEM_4/arty-a7-online-lm-g14-preboard-00/rtl/native_graph/memory/a7ng_ddr_soa_axi_bridge.sv:176]
Reason is one or more of the following :
	1: RAM is sensitive to asynchronous reset signal. this RTL style is not supported. 
WARNING: [Synth 8-4767] Trying to implement RAM 'fifo_rid_reg' in registers. Block RAM or DRAM implementation is not possible; see log for reasons. [D:/Jetking_sem4/SEM_4/arty-a7-online-lm-g14-preboard-00/rtl/native_graph/memory/a7ng_ddr_soa_axi_bridge.sv:177]
Reason is one or more of the following :
	1: RAM is sensitive to asynchronous reset signal. this RTL style is not supported. 
WARNING: [Synth 8-4767] Trying to implement RAM 'tr_left_reg' in registers. Block RAM or DRAM implementation is not possible; see log for reasons. [D:/Jetking_sem4/SEM_4/arty-a7-online-lm-g14-preboard-00/rtl/native_graph/memory/a7ng_ddr_soa_axi_bridge.sv:238]
Reason is one or more of the following :
	1: RAM has multiple writes via different ports in same process. If RAM inferencing intended, write to one port per process. 
	2: Invalid write to RAM. 
	3: Invalid write to RAM. 
	4: RAM is sensitive to asynchronous reset signal. this RTL style is not supported. 
WARNING: [Synth 8-4767] Trying to implement RAM 'tr_size_reg' in registers. Block RAM or DRAM implementation is not possible; see log for reasons. [D:/Jetking_sem4/SEM_4/arty-a7-online-lm-g14-preboard-00/rtl/native_graph/memory/a7ng_ddr_soa_axi_bridge.sv:219]
Reason is one or more of the following :
	1: RAM is sensitive to asynchronous reset signal. this RTL style is not supported. 
WARNING: [Synth 8-4767] Trying to implement RAM 'fifo_rresp_reg' in registers. Block RAM or DRAM implementation is not possible; see log for reasons. [D:/Jetking_sem4/SEM_4/arty-a7-online-lm-g14-preboard-00/rtl/native_graph/memory/a7ng_ddr_soa_axi_bridge.sv:105]
Reason is one or more of the following :
	1: RAM is sensitive to asynchronous reset signal. this RTL style is not supported. 
WARNING: [Synth 8-4767] Trying to implement RAM 'tr_rid_reg' in registers. Block RAM or DRAM implementation is not possible; see log for reasons. [D:/Jetking_sem4/SEM_4/arty-a7-online-lm-g14-preboard-00/rtl/native_graph/memory/a7ng_ddr_soa_axi_bridge.sv:218]
Reason is one or more of the following :
	1: RAM is sensitive to asynchronous reset signal. this RTL style is not supported. 
WARNING: [Synth 8-3848] Net atom0_valid_100 in module/entity arty_a7_ng_native_v1_ab_soc_top does not have driver. [D:/Jetking_sem4/SEM_4/arty-a7-online-lm-g14-preboard-00/rtl/board/arty_a7_ng_native_v1_ab_soc_top.sv:1033]
WARNING: [Synth 8-3848] Net atom_giveup_100 in module/entity arty_a7_ng_native_v1_ab_soc_top does not have driver. [D:/Jetking_sem4/SEM_4/arty-a7-online-lm-g14-preboard-00/rtl/board/arty_a7_ng_native_v1_ab_soc_top.sv:1033]
WARNING: [Synth 8-3848] Net atom1_valid_100 in module/entity arty_a7_ng_native_v1_ab_soc_top does not have driver. [D:/Jetking_sem4/SEM_4/arty-a7-online-lm-g14-preboard-00/rtl/board/arty_a7_ng_native_v1_ab_soc_top.sv:1033]
WARNING: [Synth 8-3848] Net tile_bst_100 in module/entity arty_a7_ng_native_v1_ab_soc_top does not have driver. [D:/Jetking_sem4/SEM_4/arty-a7-online-lm-g14-preboard-00/rtl/board/arty_a7_ng_native_v1_ab_soc_top.sv:995]
WARNING: [Synth 8-7129] Port m_axi_bid[3] in module a7ng_persist_axi_bridge is either unconnected or has no load
WARNING: [Synth 8-7129] Port m_axi_bid[2] in module a7ng_persist_axi_bridge is either unconnected or has no load
WARNING: [Synth 8-7129] Port m_axi_bid[1] in module a7ng_persist_axi_bridge is either unconnected or has no load
WARNING: [Synth 8-7129] Port m_axi_bid[0] in module a7ng_persist_axi_bridge is either unconnected or has no load
WARNING: [Synth 8-7129] Port m_axi_rid[3] in module a7ng_persist_axi_bridge is either unconnected or has no load
WARNING: [Synth 8-7129] Port m_axi_rid[2] in module a7ng_persist_axi_bridge is either unconnected or has no load
WARNING: [Synth 8-7129] Port m_axi_rid[1] in module a7ng_persist_axi_bridge is either unconnected or has no load
WARNING: [Synth 8-7129] Port m_axi_rid[0] in module a7ng_persist_axi_bridge is either unconnected or has no load
WARNING: [Synth 8-7129] Port m_axi_rdata[127] in module a7ng_persist_axi_bridge is either unconnected or has no load
WARNING: [Synth 8-7129] Port m_axi_rdata[126] in module a7ng_persist_axi_bridge is either unconnected or has no load
WARNING: [Synth 8-7129] Port m_axi_rdata[125] in module a7ng_persist_axi_bridge is either unconnected or has no load
WARNING: [Synth 8-7129] Port m_axi_rdata[124] in module a7ng_persist_axi_bridge is either unconnected or has no load
WARNING: [Synth 8-7129] Port m_axi_rdata[123] in module a7ng_persist_axi_bridge is either unconnected or has no load
WARNING: [Synth 8-7129] Port m_axi_rdata[122] in module a7ng_persist_axi_bridge is either unconnected or has no load
WARNING: [Synth 8-7129] Port m_axi_rdata[121] in module a7ng_persist_axi_bridge is either unconnected or has no load
WARNING: [Synth 8-7129] Port m_axi_rdata[120] in module a7ng_persist_axi_bridge is either unconnected or has no load
WARNING: [Synth 8-7129] Port m_axi_rdata[119] in module a7ng_persist_axi_bridge is either unconnected or has no load
WARNING: [Synth 8-7129] Port m_axi_rdata[118] in module a7ng_persist_axi_bridge is either unconnected or has no load
WARNING: [Synth 8-7129] Port m_axi_rdata[117] in module a7ng_persist_axi_bridge is either unconnected or has no load
WARNING: [Synth 8-7129] Port m_axi_rdata[116] in module a7ng_persist_axi_bridge is either unconnected or has no load
WARNING: [Synth 8-7129] Port m_axi_rdata[115] in module a7ng_persist_axi_bridge is either unconnected or has no load
WARNING: [Synth 8-7129] Port m_axi_rdata[114] in module a7ng_persist_axi_bridge is either unconnected or has no load
WARNING: [Synth 8-7129] Port m_axi_rdata[113] in module a7ng_persist_axi_bridge is either unconnected or has no load
WARNING: [Synth 8-7129] Port m_axi_rdata[112] in module a7ng_persist_axi_bridge is either unconnected or has no load
WARNING: [Synth 8-7129] Port m_axi_rdata[111] in module a7ng_persist_axi_bridge is either unconnected or has no load
WARNING: [Synth 8-7129] Port m_axi_rdata[110] in module a7ng_persist_axi_bridge is either unconnected or has no load
WARNING: [Synth 8-7129] Port m_axi_rdata[109] in module a7ng_persist_axi_bridge is either unconnected or has no load
WARNING: [Synth 8-7129] Port m_axi_rdata[108] in module a7ng_persist_axi_bridge is either unconnected or has no load
WARNING: [Synth 8-7129] Port m_axi_rdata[107] in module a7ng_persist_axi_bridge is either unconnected or has no load
WARNING: [Synth 8-7129] Port m_axi_rdata[106] in module a7ng_persist_axi_bridge is either unconnected or has no load
WARNING: [Synth 8-7129] Port m_axi_rdata[105] in module a7ng_persist_axi_bridge is either unconnected or has no load
WARNING: [Synth 8-7129] Port m_axi_rdata[104] in module a7ng_persist_axi_bridge is either unconnected or has no load
WARNING: [Synth 8-7129] Port m_axi_rdata[103] in module a7ng_persist_axi_bridge is either unconnected or has no load
WARNING: [Synth 8-7129] Port m_axi_rdata[102] in module a7ng_persist_axi_bridge is either unconnected or has no load
WARNING: [Synth 8-7129] Port m_axi_rdata[101] in module a7ng_persist_axi_bridge is either unconnected or has no load
WARNING: [Synth 8-7129] Port m_axi_rdata[100] in module a7ng_persist_axi_bridge is either unconnected or has no load
WARNING: [Synth 8-7129] Port m_axi_rdata[99] in module a7ng_persist_axi_bridge is either unconnected or has no load
WARNING: [Synth 8-7129] Port m_axi_rdata[98] in module a7ng_persist_axi_bridge is either unconnected or has no load
WARNING: [Synth 8-7129] Port m_axi_rdata[97] in module a7ng_persist_axi_bridge is either unconnected or has no load
WARNING: [Synth 8-7129] Port m_axi_rdata[96] in module a7ng_persist_axi_bridge is either unconnected or has no load
WARNING: [Synth 8-7129] Port m_axi_rdata[95] in module a7ng_persist_axi_bridge is either unconnected or has no load
WARNING: [Synth 8-7129] Port m_axi_rdata[94] in module a7ng_persist_axi_bridge is either unconnected or has no load
WARNING: [Synth 8-7129] Port m_axi_rdata[93] in module a7ng_persist_axi_bridge is either unconnected or has no load
WARNING: [Synth 8-7129] Port m_axi_rdata[92] in module a7ng_persist_axi_bridge is either unconnected or has no load
WARNING: [Synth 8-7129] Port m_axi_rdata[91] in module a7ng_persist_axi_bridge is either unconnected or has no load
WARNING: [Synth 8-7129] Port m_axi_rdata[90] in module a7ng_persist_axi_bridge is either unconnected or has no load
WARNING: [Synth 8-7129] Port m_axi_rdata[89] in module a7ng_persist_axi_bridge is either unconnected or has no load
WARNING: [Synth 8-7129] Port m_axi_rdata[88] in module a7ng_persist_axi_bridge is either unconnected or has no load
WARNING: [Synth 8-7129] Port m_axi_rdata[87] in module a7ng_persist_axi_bridge is either unconnected or has no load
WARNING: [Synth 8-7129] Port m_axi_rdata[86] in module a7ng_persist_axi_bridge is either unconnected or has no load
WARNING: [Synth 8-7129] Port m_axi_rdata[85] in module a7ng_persist_axi_bridge is either unconnected or has no load
WARNING: [Synth 8-7129] Port m_axi_rdata[84] in module a7ng_persist_axi_bridge is either unconnected or has no load
WARNING: [Synth 8-7129] Port m_axi_rdata[83] in module a7ng_persist_axi_bridge is either unconnected or has no load
WARNING: [Synth 8-7129] Port m_axi_rdata[82] in module a7ng_persist_axi_bridge is either unconnected or has no load
WARNING: [Synth 8-7129] Port m_axi_rdata[81] in module a7ng_persist_axi_bridge is either unconnected or has no load
WARNING: [Synth 8-7129] Port m_axi_rdata[80] in module a7ng_persist_axi_bridge is either unconnected or has no load
WARNING: [Synth 8-7129] Port m_axi_rdata[79] in module a7ng_persist_axi_bridge is either unconnected or has no load
WARNING: [Synth 8-7129] Port m_axi_rdata[78] in module a7ng_persist_axi_bridge is either unconnected or has no load
WARNING: [Synth 8-7129] Port m_axi_rdata[77] in module a7ng_persist_axi_bridge is either unconnected or has no load
WARNING: [Synth 8-7129] Port m_axi_rdata[76] in module a7ng_persist_axi_bridge is either unconnected or has no load
WARNING: [Synth 8-7129] Port m_axi_rdata[75] in module a7ng_persist_axi_bridge is either unconnected or has no load
WARNING: [Synth 8-7129] Port m_axi_rdata[74] in module a7ng_persist_axi_bridge is either unconnected or has no load
WARNING: [Synth 8-7129] Port m_axi_rdata[73] in module a7ng_persist_axi_bridge is either unconnected or has no load
WARNING: [Synth 8-7129] Port m_axi_rdata[72] in module a7ng_persist_axi_bridge is either unconnected or has no load
WARNING: [Synth 8-7129] Port m_axi_rdata[71] in module a7ng_persist_axi_bridge is either unconnected or has no load
WARNING: [Synth 8-7129] Port m_axi_rdata[70] in module a7ng_persist_axi_bridge is either unconnected or has no load
WARNING: [Synth 8-7129] Port m_axi_rdata[69] in module a7ng_persist_axi_bridge is either unconnected or has no load
WARNING: [Synth 8-7129] Port m_axi_rdata[68] in module a7ng_persist_axi_bridge is either unconnected or has no load
WARNING: [Synth 8-7129] Port m_axi_rdata[67] in module a7ng_persist_axi_bridge is either unconnected or has no load
WARNING: [Synth 8-7129] Port m_axi_rdata[66] in module a7ng_persist_axi_bridge is either unconnected or has no load
WARNING: [Synth 8-7129] Port m_axi_rdata[65] in module a7ng_persist_axi_bridge is either unconnected or has no load
WARNING: [Synth 8-7129] Port m_axi_rdata[64] in module a7ng_persist_axi_bridge is either unconnected or has no load
WARNING: [Synth 8-7129] Port p_topk_id_i[0][31] in module a7ng_gate14_c9_glue is either unconnected or has no load
WARNING: [Synth 8-7129] Port p_topk_id_i[0][30] in module a7ng_gate14_c9_glue is either unconnected or has no load
WARNING: [Synth 8-7129] Port p_topk_id_i[0][29] in module a7ng_gate14_c9_glue is either unconnected or has no load
WARNING: [Synth 8-7129] Port p_topk_id_i[0][28] in module a7ng_gate14_c9_glue is either unconnected or has no load
WARNING: [Synth 8-7129] Port p_topk_id_i[0][27] in module a7ng_gate14_c9_glue is either unconnected or has no load
WARNING: [Synth 8-7129] Port p_topk_id_i[0][26] in module a7ng_gate14_c9_glue is either unconnected or has no load
WARNING: [Synth 8-7129] Port p_topk_id_i[0][25] in module a7ng_gate14_c9_glue is either unconnected or has no load
WARNING: [Synth 8-7129] Port p_topk_id_i[0][24] in module a7ng_gate14_c9_glue is either unconnected or has no load
WARNING: [Synth 8-7129] Port p_topk_id_i[0][23] in module a7ng_gate14_c9_glue is either unconnected or has no load
WARNING: [Synth 8-7129] Port p_topk_id_i[0][22] in module a7ng_gate14_c9_glue is either unconnected or has no load
WARNING: [Synth 8-7129] Port p_topk_id_i[0][21] in module a7ng_gate14_c9_glue is either unconnected or has no load
WARNING: [Synth 8-7129] Port p_topk_id_i[0][20] in module a7ng_gate14_c9_glue is either unconnected or has no load
WARNING: [Synth 8-7129] Port p_topk_id_i[0][19] in module a7ng_gate14_c9_glue is either unconnected or has no load
WARNING: [Synth 8-7129] Port p_topk_id_i[0][18] in module a7ng_gate14_c9_glue is either unconnected or has no load
WARNING: [Synth 8-7129] Port p_topk_id_i[0][17] in module a7ng_gate14_c9_glue is either unconnected or has no load
WARNING: [Synth 8-7129] Port p_topk_id_i[0][16] in module a7ng_gate14_c9_glue is either unconnected or has no load
WARNING: [Synth 8-7129] Port p_topk_id_i[0][15] in module a7ng_gate14_c9_glue is either unconnected or has no load
WARNING: [Synth 8-7129] Port p_topk_id_i[0][14] in module a7ng_gate14_c9_glue is either unconnected or has no load
WARNING: [Synth 8-7129] Port p_topk_id_i[0][13] in module a7ng_gate14_c9_glue is either unconnected or has no load
WARNING: [Synth 8-7129] Port p_topk_id_i[0][12] in module a7ng_gate14_c9_glue is either unconnected or has no load
WARNING: [Synth 8-7129] Port p_topk_id_i[0][11] in module a7ng_gate14_c9_glue is either unconnected or has no load
WARNING: [Synth 8-7129] Port p_topk_id_i[0][10] in module a7ng_gate14_c9_glue is either unconnected or has no load
WARNING: [Synth 8-7129] Port p_topk_id_i[0][9] in module a7ng_gate14_c9_glue is either unconnected or has no load
WARNING: [Synth 8-7129] Port p_topk_id_i[0][8] in module a7ng_gate14_c9_glue is either unconnected or has no load
WARNING: [Synth 8-7129] Port p_topk_id_i[1][31] in module a7ng_gate14_c9_glue is either unconnected or has no load
WARNING: [Synth 8-7129] Port p_topk_id_i[1][30] in module a7ng_gate14_c9_glue is either unconnected or has no load
WARNING: [Synth 8-7129] Port p_topk_id_i[1][29] in module a7ng_gate14_c9_glue is either unconnected or has no load
WARNING: [Synth 8-7129] Port p_topk_id_i[1][28] in module a7ng_gate14_c9_glue is either unconnected or has no load
INFO: [Common 17-14] Message 'Synth 8-7129' appears 100 times and further instances of the messages will be disabled. Use the Tcl command set_msg_config to change the current settings.
---------------------------------------------------------------------------------
Finished RTL Elaboration : Time (s): cpu = 00:00:37 ; elapsed = 00:00:44 . Memory (MB): peak = 2918.285 ; gain = 2080.434
---------------------------------------------------------------------------------
---------------------------------------------------------------------------------
Start Handling Custom Attributes
---------------------------------------------------------------------------------
---------------------------------------------------------------------------------
Finished Handling Custom Attributes : Time (s): cpu = 00:00:39 ; elapsed = 00:00:46 . Memory (MB): peak = 2918.285 ; gain = 2080.434
---------------------------------------------------------------------------------
---------------------------------------------------------------------------------
Finished RTL Optimization Phase 1 : Time (s): cpu = 00:00:39 ; elapsed = 00:00:47 . Memory (MB): peak = 2918.285 ; gain = 2080.434
---------------------------------------------------------------------------------
Netlist sorting complete. Time (s): cpu = 00:00:02 ; elapsed = 00:00:02 . Memory (MB): peak = 2918.285 ; gain = 0.000
INFO: [Netlist 29-17] Analyzing 112 Unisim elements for replacement
INFO: [Netlist 29-28] Unisim Transformation completed in 0 CPU seconds
INFO: [Project 1-570] Preparing netlist for logic optimization

Processing XDC Constraints
Initializing timing engine
Parsing XDC File [d:/Jetking_sem4/SEM_4/arty-a7-online-lm-g14-preboard-00/vivado/ip/mig_7series_0/mig_7series_0/user_design/constraints/mig_7series_0.xdc] for cell 'u_mig/u_mig'
Finished Parsing XDC File [d:/Jetking_sem4/SEM_4/arty-a7-online-lm-g14-preboard-00/vivado/ip/mig_7series_0/mig_7series_0/user_design/constraints/mig_7series_0.xdc] for cell 'u_mig/u_mig'
INFO: [Project 1-236] Implementation specific constraints were found while reading constraint file [d:/Jetking_sem4/SEM_4/arty-a7-online-lm-g14-preboard-00/vivado/ip/mig_7series_0/mig_7series_0/user_design/constraints/mig_7series_0.xdc]. These constraints will be ignored for synthesis but will be used in implementation. Impacted constraints are listed in the file [.Xil/arty_a7_ng_native_v1_ab_soc_top_propImpl.xdc].
Resolution: To avoid this warning, move constraints listed in [.Xil/arty_a7_ng_native_v1_ab_soc_top_propImpl.xdc] to another XDC file and exclude this new file from synthesis with the used_in_synthesis property (File Properties dialog in GUI) and re-run elaboration/synthesis.
Parsing XDC File [D:/Jetking_sem4/SEM_4/arty-a7-online-lm-g14-preboard-00/constraints/arty_a7_100.xdc]
Finished Parsing XDC File [D:/Jetking_sem4/SEM_4/arty-a7-online-lm-g14-preboard-00/constraints/arty_a7_100.xdc]
INFO: [Project 1-236] Implementation specific constraints were found while reading constraint file [D:/Jetking_sem4/SEM_4/arty-a7-online-lm-g14-preboard-00/constraints/arty_a7_100.xdc]. These constraints will be ignored for synthesis but will be used in implementation. Impacted constraints are listed in the file [.Xil/arty_a7_ng_native_v1_ab_soc_top_propImpl.xdc].
Resolution: To avoid this warning, move constraints listed in [.Xil/arty_a7_ng_native_v1_ab_soc_top_propImpl.xdc] to another XDC file and exclude this new file from synthesis with the used_in_synthesis property (File Properties dialog in GUI) and re-run elaboration/synthesis.
Parsing XDC File [D:/Jetking_sem4/SEM_4/arty-a7-online-lm-g14-preboard-00/constraints/a7ng03_cdc.xdc]
Finished Parsing XDC File [D:/Jetking_sem4/SEM_4/arty-a7-online-lm-g14-preboard-00/constraints/a7ng03_cdc.xdc]
Parsing XDC File [D:/Jetking_sem4/SEM_4/arty-a7-online-lm-g14-preboard-00/constraints/e2r_core_clk.xdc]
Finished Parsing XDC File [D:/Jetking_sem4/SEM_4/arty-a7-online-lm-g14-preboard-00/constraints/e2r_core_clk.xdc]
Parsing XDC File [D:/Jetking_sem4/SEM_4/arty-a7-online-lm-g14-preboard-00/constraints/arty_a7_qspi.xdc]
Finished Parsing XDC File [D:/Jetking_sem4/SEM_4/arty-a7-online-lm-g14-preboard-00/constraints/arty_a7_qspi.xdc]
INFO: [Project 1-236] Implementation specific constraints were found while reading constraint file [D:/Jetking_sem4/SEM_4/arty-a7-online-lm-g14-preboard-00/constraints/arty_a7_qspi.xdc]. These constraints will be ignored for synthesis but will be used in implementation. Impacted constraints are listed in the file [.Xil/arty_a7_ng_native_v1_ab_soc_top_propImpl.xdc].
Resolution: To avoid this warning, move constraints listed in [.Xil/arty_a7_ng_native_v1_ab_soc_top_propImpl.xdc] to another XDC file and exclude this new file from synthesis with the used_in_synthesis property (File Properties dialog in GUI) and re-run elaboration/synthesis.
Parsing XDC File [D:/Jetking_sem4/SEM_4/arty-a7-online-lm-g14-preboard-00/vivado/ip/mig_7series_0/mig_7series_0/user_design/constraints/mig_7series_0.xdc]
Finished Parsing XDC File [D:/Jetking_sem4/SEM_4/arty-a7-online-lm-g14-preboard-00/vivado/ip/mig_7series_0/mig_7series_0/user_design/constraints/mig_7series_0.xdc]
INFO: [Project 1-236] Implementation specific constraints were found while reading constraint file [D:/Jetking_sem4/SEM_4/arty-a7-online-lm-g14-preboard-00/vivado/ip/mig_7series_0/mig_7series_0/user_design/constraints/mig_7series_0.xdc]. These constraints will be ignored for synthesis but will be used in implementation. Impacted constraints are listed in the file [.Xil/arty_a7_ng_native_v1_ab_soc_top_propImpl.xdc].
Resolution: To avoid this warning, move constraints listed in [.Xil/arty_a7_ng_native_v1_ab_soc_top_propImpl.xdc] to another XDC file and exclude this new file from synthesis with the used_in_synthesis property (File Properties dialog in GUI) and re-run elaboration/synthesis.
Completed Processing XDC Constraints

Netlist sorting complete. Time (s): cpu = 00:00:00 ; elapsed = 00:00:00.098 . Memory (MB): peak = 3110.469 ; gain = 0.000
INFO: [Project 1-111] Unisim Transformation Summary:
  A total of 76 instances were transformed.
  IBUFDS_INTERMDISABLE => IBUFDS_INTERMDISABLE (IBUFDS_INTERMDISABLE_INT(x2)): 2 instances
  IOBUFDS_INTERMDISABLE => IOBUFDS_INTERMDISABLE (IBUFDS_INTERMDISABLE_INT(x2), INV, OBUFTDS(x2)): 2 instances
  IOBUF_INTERMDISABLE => IOBUF_INTERMDISABLE (IBUF_INTERMDISABLE, OBUFT): 16 instances
  MMCME2_BASE => MMCME2_ADV: 2 instances
  OBUFDS => OBUFDS_DUAL_BUF (INV, OBUFDS(x2)): 1 instance 
  OBUFTDS => OBUFTDS_DUAL_BUF (INV, OBUFTDS(x2)): 2 instances
  RAM32M => RAM32M (RAMD32(x6), RAMS32(x2)): 51 instances

Constraint Validation Runtime : Time (s): cpu = 00:00:01 ; elapsed = 00:00:01 . Memory (MB): peak = 3110.469 ; gain = 0.000
---------------------------------------------------------------------------------
Finished Constraint Validation : Time (s): cpu = 00:01:18 ; elapsed = 00:01:49 . Memory (MB): peak = 3110.469 ; gain = 2272.617
---------------------------------------------------------------------------------
---------------------------------------------------------------------------------
Start Loading Part and Timing Information
---------------------------------------------------------------------------------
Loading part: xc7a100tcsg324-1
---------------------------------------------------------------------------------
Finished Loading Part and Timing Information : Time (s): cpu = 00:01:18 ; elapsed = 00:01:49 . Memory (MB): peak = 3110.469 ; gain = 2272.617
---------------------------------------------------------------------------------
---------------------------------------------------------------------------------
Start Applying 'set_property' XDC Constraints
---------------------------------------------------------------------------------
---------------------------------------------------------------------------------
Finished applying 'set_property' XDC Constraints : Time (s): cpu = 00:01:19 ; elapsed = 00:01:50 . Memory (MB): peak = 3110.469 ; gain = 2272.617
---------------------------------------------------------------------------------
INFO: [Synth 8-802] inferred FSM for state register 'gen_rst_ic.curr_wrst_state_reg' in module 'xpm_fifo_rst'
INFO: [Synth 8-802] inferred FSM for state register 'gen_rst_ic.curr_rrst_state_reg' in module 'xpm_fifo_rst'
INFO: [Synth 8-802] inferred FSM for state register 'cmd_st_reg' in module 'a7ng_wdma_cdc'
INFO: [Synth 8-802] inferred FSM for state register 'ar_m_st_reg' in module 'a7ng_axi_read_cdc'
INFO: [Synth 8-802] inferred FSM for state register 'xadc_supplied_temperature.tempmon_state_reg' in module 'mig_7series_v4_2_tempmon'
INFO: [Synth 8-802] inferred FSM for state register 'wl_state_r_reg' in module 'mig_7series_v4_2_ddr_phy_wrlvl'
INFO: [Synth 8-802] inferred FSM for state register 'fine_adj_state_r_reg' in module 'mig_7series_v4_2_ddr_phy_dqs_found_cal_hr'
INFO: [Synth 8-802] inferred FSM for state register 'cal1_state_r_reg' in module 'mig_7series_v4_2_ddr_phy_rdlvl'
INFO: [Synth 8-802] inferred FSM for state register 'init_state_r_reg' in module 'mig_7series_v4_2_ddr_phy_init'
INFO: [Synth 8-802] inferred FSM for state register 'cal2_state_r_reg' in module 'mig_7series_v4_2_ddr_phy_wrcal'
INFO: [Synth 8-802] inferred FSM for state register 'tempmon_state_reg' in module 'mig_7series_v4_2_ddr_phy_tempmon'
INFO: [Synth 8-802] inferred FSM for state register 'state_reg' in module 'mig_7series_v4_2_axi_mc_r_channel'
INFO: [Synth 8-802] inferred FSM for state register 'st_reg' in module 'ddr_tile_dma'
INFO: [Synth 8-802] inferred FSM for state register 'st_reg' in module 'a7ng_ddr_soa_boot'
INFO: [Synth 8-802] inferred FSM for state register 'st_reg' in module 'a7ng_ddr_wmem_boot'
INFO: [Synth 8-802] inferred FSM for state register 'own_reg' in module 'a7ng_lm_graph_arb'
INFO: [Synth 8-802] inferred FSM for state register 'st_reg' in module 'a7ng_termgen_lane_fold6'
INFO: [Synth 8-802] inferred FSM for state register 'st_reg' in module 'a7ng_topk_stream_minheap'
INFO: [Synth 8-802] inferred FSM for state register 'state_reg' in module 'a7ng_ng02_core'
INFO: [Synth 8-802] inferred FSM for state register 'st_reg' in module 'a7ng_topk_wavefront_minheap'
INFO: [Synth 8-802] inferred FSM for state register 'owner_st_reg' in module 'a7ng_cue_soa_mig_top'
INFO: [Synth 8-802] inferred FSM for state register 'sch_reg' in module 'a7ng_cue_soa_mig_top'
INFO: [Synth 8-802] inferred FSM for state register 'st_reg' in module 'a7ng_native_ctx_bind'
INFO: [Synth 8-802] inferred FSM for state register 'TILE.dst_reg' in module 'weight_tile803k'
INFO: [Synth 8-802] inferred FSM for state register 'st_reg' in module 'isqrt32'
INFO: [Synth 8-802] inferred FSM for state register 'st_reg' in module 'floordiv_s48'
INFO: [Synth 8-802] inferred FSM for state register 'st_reg' in module 'a7ng_topk_stream_minheap__parameterized0'
INFO: [Synth 8-802] inferred FSM for state register 'st_reg' in module 'a7ng_learned_prior_graph'
INFO: [Synth 8-802] inferred FSM for state register 'st_reg' in module 'a7ng_gate14_c9_glue'
INFO: [Synth 8-802] inferred FSM for state register 'ust_reg' in module 'a7ng_persist_axi_bridge'
INFO: [Synth 8-802] inferred FSM for state register 'st_reg' in module 'a7ng_uart_rx100'
INFO: [Synth 8-802] inferred FSM for state register 'st_reg' in module 'a7ng_gate14_uart_cmd_rx'
INFO: [Synth 8-802] inferred FSM for state register 'ph_reg' in module 'a7ng_gate14_cframe_tx'
INFO: [Synth 8-802] inferred FSM for state register 'qs_reg' in module 'arty_a7_ng_native_v1_ab_soc_top'
INFO: [Synth 8-802] inferred FSM for state register 'ut_reg' in module 'arty_a7_ng_native_v1_ab_soc_top'
INFO: [Synth 8-5775] Found 'rw_addr_collision' attribute set to 'no' on SDP RAM gen_wr_a.gen_word_narrow.mem_reg. Setting write mode to NO_CHANGE 
INFO: [Synth 8-7082] The signal gen_wr_a.gen_word_narrow.mem_reg is implemented as Block RAM but is better mapped onto distributed LUT RAM for the following reason(s): The depth (4 address bits) is shallow. Please use attribute (* ram_style = "distributed" *) to instruct Vivado to infer distributed LUT RAM.
INFO: [Synth 8-5552] Implemented safe state 'default_state' for state register 'gen_rst_ic.curr_wrst_state_reg' in module 'xpm_fifo_rst'
---------------------------------------------------------------------------------------------------
                   State |                     New Encoding |                Previous Encoding 
---------------------------------------------------------------------------------------------------
*
               WRST_IDLE |                            00001 |                              000
                 WRST_IN |                            00010 |                              010
                WRST_OUT |                            00100 |                              111
               WRST_EXIT |                            01000 |                              110
            WRST_GO2IDLE |                            10000 |                              100
---------------------------------------------------------------------------------------------------
INFO: [Synth 8-3354] encoded FSM with state register 'gen_rst_ic.curr_wrst_state_reg' using encoding 'one-hot' in module 'xpm_fifo_rst'
WARNING: [Synth 8-13336] FSM with state register gen_rst_ic.curr_rrst_state_reg in module xpm_fifo_rst has fsm_safe_state = default_state attribute, but default safe state cannot be implemented as the default specified in the RTL is being ignored. Consider using reset_state/auto_safe_state/power_on_state options instead
INFO: [Synth 8-5552] Implemented safe state 'default_state' for state register 'gen_rst_ic.curr_rrst_state_reg' in module 'xpm_fifo_rst'
---------------------------------------------------------------------------------------------------
                   State |                     New Encoding |                Previous Encoding 
---------------------------------------------------------------------------------------------------
*
               RRST_IDLE |                               00 |                               00
                 RRST_IN |                               01 |                               10
                RRST_OUT |                               10 |                               11
               RRST_EXIT |                               11 |                               01
---------------------------------------------------------------------------------------------------
INFO: [Synth 8-3354] encoded FSM with state register 'gen_rst_ic.curr_rrst_state_reg' using encoding 'sequential' in module 'xpm_fifo_rst'
INFO: [Synth 8-5775] Found 'rw_addr_collision' attribute set to 'no' on SDP RAM gen_wr_a.gen_word_narrow.mem_reg. Setting write mode to NO_CHANGE 
INFO: [Synth 8-5775] Found 'rw_addr_collision' attribute set to 'no' on SDP RAM gen_wr_a.gen_word_narrow.mem_reg. Setting write mode to NO_CHANGE 
---------------------------------------------------------------------------------------------------
                   State |                     New Encoding |                Previous Encoding 
---------------------------------------------------------------------------------------------------
                  C_IDLE |                              001 |                               00
                    C_GO |                              010 |                               01
                  C_BUSY |                              100 |                               10
---------------------------------------------------------------------------------------------------
INFO: [Synth 8-3354] encoded FSM with state register 'cmd_st_reg' using encoding 'one-hot' in module 'a7ng_wdma_cdc'
INFO: [Synth 8-5775] Found 'rw_addr_collision' attribute set to 'no' on SDP RAM gen_wr_a.gen_word_narrow.mem_reg. Setting write mode to NO_CHANGE 
---------------------------------------------------------------------------------------------------
                   State |                     New Encoding |                Previous Encoding 
---------------------------------------------------------------------------------------------------
               AR_M_IDLE |                               00 |                               00
              AR_M_ARMED |                               01 |                               01
           AR_M_WAIT_RCV |                               10 |                               10
          AR_M_WAIT_IDLE |                               11 |                               11
---------------------------------------------------------------------------------------------------
INFO: [Synth 8-3354] encoded FSM with state register 'ar_m_st_reg' using encoding 'sequential' in module 'a7ng_axi_read_cdc'
---------------------------------------------------------------------------------------------------
                   State |                     New Encoding |                Previous Encoding 
---------------------------------------------------------------------------------------------------
               INIT_IDLE |                             0001 |                              000
       REQUEST_READ_TEMP |                             1000 |                              001
           WAIT_FOR_READ |                             0100 |                              010
                    READ |                             0010 |                              011
---------------------------------------------------------------------------------------------------
INFO: [Synth 8-3354] encoded FSM with state register 'xadc_supplied_temperature.tempmon_state_reg' using encoding 'one-hot' in module 'mig_7series_v4_2_tempmon'
---------------------------------------------------------------------------------------------------
                   State |                     New Encoding |                Previous Encoding 
---------------------------------------------------------------------------------------------------
                 WL_IDLE |                            01110 |                            00000
                 WL_INIT |                            10010 |                            00001
        WL_INIT_FINE_INC |                            01100 |                            00010
  WL_INIT_FINE_INC_WAIT1 |                            01000 |                            00011
   WL_INIT_FINE_INC_WAIT |                            01001 |                            00100
        WL_INIT_FINE_DEC |                            11001 |                            00101
  WL_INIT_FINE_DEC_WAIT1 |                            10111 |                            11001
   WL_INIT_FINE_DEC_WAIT |                            11000 |                            00110
                 WL_WAIT |                            00110 |                            01000
           WL_EDGE_CHECK |                            11011 |                            01001
              WL_DQS_CNT |                            10100 |                            01011
             WL_FINE_DEC |                            00000 |                            01110
       WL_FINE_DEC_WAIT1 |                            00001 |                            11010
        WL_FINE_DEC_WAIT |                            10001 |                            01111
            WL_CORSE_DEC |                            10110 |                            10100
       WL_CORSE_DEC_WAIT |                            11010 |                            10101
      WL_CORSE_DEC_WAIT1 |                            10101 |                            10110
        WL_2RANK_DQS_CNT |                            00010 |                            01101
            WL_DQS_CHECK |                            00011 |                            01010
             WL_FINE_INC |                            01101 |                            00111
        WL_FINE_INC_WAIT |                            10011 |                            10111
      WL_2RANK_FINAL_TAP |                            01111 |                            11000
            WL_CORSE_INC |                            01011 |                            10000
   WL_CORSE_INC_WAIT_TMP |                            10000 |                            11011
       WL_CORSE_INC_WAIT |                            01010 |                            10001
      WL_CORSE_INC_WAIT1 |                            00111 |                            10010
      WL_CORSE_INC_WAIT2 |                            00101 |                            10011
---------------------------------------------------------------------------------------------------
INFO: [Synth 8-3354] encoded FSM with state register 'wl_state_r_reg' using encoding 'sequential' in module 'mig_7series_v4_2_ddr_phy_wrlvl'
---------------------------------------------------------------------------------------------------
                   State |                     New Encoding |                Previous Encoding 
---------------------------------------------------------------------------------------------------
           FINE_ADJ_IDLE |                             0000 |                             0000
                RST_WAIT |                             0001 |                             0011
           FINE_ADJ_DONE |                             0010 |                             1111
            RST_POSTWAIT |                             0011 |                             0001
           RST_POSTWAIT1 |                             0100 |                             0010
           FINE_ADJ_INIT |                             0101 |                             0100
                FINE_INC |                             0110 |                             0101
           FINE_INC_WAIT |                             0111 |                             0110
        FINE_INC_PREWAIT |                             1000 |                             0111
          DETECT_PREWAIT |                             1001 |                             1000
         DETECT_DQSFOUND |                             1010 |                             1001
                FINE_DEC |                             1011 |                             1011
           FINE_DEC_WAIT |                             1100 |                             1100
        FINE_DEC_PREWAIT |                             1101 |                             1101
              FINAL_WAIT |                             1110 |                             1110
              PRECH_WAIT |                             1111 |                             1010
---------------------------------------------------------------------------------------------------
INFO: [Synth 8-3354] encoded FSM with state register 'fine_adj_state_r_reg' using encoding 'sequential' in module 'mig_7series_v4_2_ddr_phy_dqs_found_cal_hr'
---------------------------------------------------------------------------------------------------
                   State |                     New Encoding |                Previous Encoding 
---------------------------------------------------------------------------------------------------
               CAL1_IDLE | 00000000000000000000000000010000000 |                           000000
       CAL1_NEW_DQS_WAIT | 00000000000000000000010000000000000 |                           000001
   CAL1_STORE_FIRST_WAIT | 00000000000000000010000000000000000 |                           000010
         CAL1_PAT_DETECT | 00000000000000100000000000000000000 |                           000011
    CAL1_DQ_IDEL_TAP_INC | 00000000000000000000000000000000100 |                           000100
CAL1_DQ_IDEL_TAP_INC_WAIT | 00000000000000000000000000000001000 |                           000101
     CAL1_MPR_PAT_DETECT | 00000000000000000000000010000000000 |                           011111
         CAL1_VALID_WAIT | 10000000000000000000000000000000000 |                           011110
        CAL1_DETECT_EDGE | 00000000000001000000000000000000000 |                           001000
          CAL1_CALC_IDEL | 00000100000000000000000000000000000 |                           001011
        CAL1_CENTER_WAIT | 00000000000000000000000000000000001 |                           100010
       CAL1_IDEL_DEC_CPT | 00000000000000000000000000000000010 |                           001100
    CAL1_DQ_IDEL_TAP_DEC | 00000000000000000001000000000000000 |                           000110
CAL1_DQ_IDEL_TAP_DEC_WAIT | 00100000000000000000000000000000000 |                           000111
           CAL1_NEXT_DQS | 00000000000000000000000000000010000 |                           001110
          CAL1_REGL_LOAD | 00000000000000000000000000001000000 |                           011011
               CAL1_DONE | 00000000000000000000000000000100000 |                           001111
    CAL1_NEW_DQS_PREWAIT | 00000000000000000000000000100000000 |                           100000
   CAL1_MPR_NEW_DQS_WAIT | 00000000000000000000000001000000000 |                           011101
  CAL1_IDEL_DEC_CPT_WAIT | 00000000000000000000100000000000000 |                           001101
 CAL1_RD_STOP_FOR_PI_INC | 00000000000000000000000100000000000 |                           100001
       CAL1_IDEL_INC_CPT | 00000000000000000000001000000000000 |                           001001
  CAL1_IDEL_INC_CPT_WAIT | 00010000000000000000000000000000000 |                           001010
          CAL1_RDLVL_ERR | 00000000000010000000000000000000000 |                           011100
---------------------------------------------------------------------------------------------------
INFO: [Synth 8-3354] encoded FSM with state register 'cal1_state_r_reg' using encoding 'one-hot' in module 'mig_7series_v4_2_ddr_phy_rdlvl'
---------------------------------------------------------------------------------------------------
                   State |                     New Encoding |                Previous Encoding 
---------------------------------------------------------------------------------------------------
               INIT_IDLE |                          0101100 |                          0000000
      INIT_WAIT_CKE_EXIT |                          0101011 |                          0000001
            INIT_LOAD_MR |                          0000011 |                          0000010
       INIT_LOAD_MR_WAIT |                          0100111 |                          0000011
               INIT_ZQCL |                          0000110 |                          0000100
   INIT_WAIT_DLLK_ZQINIT |                          0000010 |                          0000101
          INIT_RDLVL_ACT |                          0000100 |                          0001100
     INIT_RDLVL_ACT_WAIT |                          0111000 |                          0001101
 INIT_PI_PHASELOCK_READS |                          0011011 |                          0100110
  INIT_PRECHARGE_PREWAIT |                          0001011 |                          0010011
          INIT_PRECHARGE |                          0001000 |                          0010100
     INIT_PRECHARGE_WAIT |                          0110101 |                          0010101
               INIT_DONE |                          0110011 |                          0010110
            INIT_REFRESH |                          0110001 |                          0011001
       INIT_REFRESH_WAIT |                          0110000 |                          0011010
    INIT_OCAL_CENTER_ACT |                          0101000 |                          0111111
INIT_OCAL_CENTER_ACT_WAIT |                          0010100 |                          1000010
INIT_OCAL_CENTER_WRITE_WAIT |                          0001100 |                          1000001
INIT_OCAL_COMPLEX_ACT_WAIT |                          0011100 |                          0111100
   INIT_RDLVL_STG1_WRITE |                          0101010 |                          0001110
INIT_OCAL_COMPLEX_WRITE_WAIT |                          0101101 |                          0111101
INIT_RDLVL_STG1_WRITE_READ |                          0110110 |                          0001111
INIT_RDLVL_COMPLEX_PI_WAIT |                          0010010 |                          1000011
INIT_RDLVL_COMPLEX_ACT_WAIT |                          0010011 |                          0110111
 INIT_RDLVL_COMPLEX_READ |                          0111011 |                          0111000
INIT_RDLVL_COMPLEX_READ_WAIT |                          0111110 |                          0111001
INIT_RDLVL_COMPLEX_PRECHARGE_PREWAIT |                          0101110 |                          0111010
INIT_RDLVL_COMPLEX_PRECHARGE |                          0111100 |                          0110100
INIT_RDLVL_COMPLEX_PRECHARGE_WAIT |                          0111111 |                          0110101
  INIT_RDLVL_COMPLEX_ACT |                          0111101 |                          0110110
INIT_OCAL_COMPLEX_RESUME_WAIT |                          0101001 |                          0111110
    INIT_RDLVL_STG1_READ |                          0110111 |                          0010000
INIT_OCLKDELAY_READ_WAIT |                          0001001 |                          0110010
    INIT_OCLKDELAY_WRITE |                          0001010 |                          0101111
INIT_OCLKDELAY_WRITE_WAIT |                          0010101 |                          0110000
     INIT_OCLKDELAY_READ |                          0001111 |                          0110001
  INIT_OCAL_CENTER_WRITE |                          0011101 |                          1000000
          INIT_WRCAL_ACT |                          0001101 |                          0011111
     INIT_WRCAL_ACT_WAIT |                          0001110 |                          0100000
        INIT_WRCAL_WRITE |                          0100101 |                          0100001
   INIT_WRCAL_WRITE_READ |                          0110100 |                          0100010
         INIT_WRCAL_READ |                          0100100 |                          0100011
    INIT_WRCAL_READ_WAIT |                          0100001 |                          0100100
   INIT_WRCAL_MULT_READS |                          0100000 |                          0100101
INIT_RDLVL_STG2_READ_WAIT |                          0100110 |                          0010010
    INIT_RDLVL_STG2_READ |                          0111001 |                          0010001
     INIT_WRLVL_LOAD_MR2 |                          0000001 |                          0001010
INIT_WRLVL_LOAD_MR2_WAIT |                          1000011 |                          0001011
        INIT_WRLVL_START |                          0110010 |                          0000110
         INIT_WRLVL_WAIT |                          1000100 |                          0000111
      INIT_WRLVL_LOAD_MR |                          0000101 |                          0001000
 INIT_WRLVL_LOAD_MR_WAIT |                          0000000 |                          0001001
           INIT_MPR_RDEN |                          0010111 |                          0100111
           INIT_MPR_WAIT |                          0011000 |                          0101000
           INIT_MPR_READ |                          0011110 |                          0101001
INIT_MPR_DISABLE_PREWAIT |                          0010110 |                          0101010
        INIT_MPR_DISABLE |                          0010000 |                          0101011
   INIT_MPR_DISABLE_WAIT |                          0010001 |                          0101100
---------------------------------------------------------------------------------------------------
INFO: [Synth 8-3354] encoded FSM with state register 'init_state_r_reg' using encoding 'sequential' in module 'mig_7series_v4_2_ddr_phy_init'
---------------------------------------------------------------------------------------------------
                   State |                     New Encoding |                Previous Encoding 
---------------------------------------------------------------------------------------------------
               CAL2_IDLE |                             0010 |                             0000
          CAL2_READ_WAIT |                             0100 |                             0001
           CAL2_NEXT_DQS |                             0101 |                             0010
        CAL2_SANITY_WAIT |                             0011 |                             0111
                CAL2_ERR |                             0000 |                             1000
         CAL2_WRLVL_WAIT |                             1000 |                             0011
        CAL2_DQ_IDEL_DEC |                             0111 |                             0101
        CAL2_IFIFO_RESET |                             0110 |                             0100
               CAL2_DONE |                             0001 |                             0110
---------------------------------------------------------------------------------------------------
INFO: [Synth 8-3354] encoded FSM with state register 'cal2_state_r_reg' using encoding 'sequential' in module 'mig_7series_v4_2_ddr_phy_wrcal'
---------------------------------------------------------------------------------------------------
                   State |                     New Encoding |                Previous Encoding 
---------------------------------------------------------------------------------------------------
                    IDLE |                      00000000001 |                      00000000001
                    INIT |                      00000000010 |                      00000000010
                 NEUTRAL |                      00001000000 |                      00001000000
                 ONE_DEC |                      00010000000 |                      00010000000
                 TWO_DEC |                      00100000000 |                      00100000000
               THREE_DEC |                      01000000000 |                      01000000000
                FOUR_DEC |                      10000000000 |                      10000000000
                 ONE_INC |                      00000100000 |                      00000100000
                 TWO_INC |                      00000010000 |                      00000010000
               THREE_INC |                      00000001000 |                      00000001000
                FOUR_INC |                      00000000100 |                      00000000100
---------------------------------------------------------------------------------------------------
INFO: [Synth 8-3354] encoded FSM with state register 'tempmon_state_reg' using encoding 'one-hot' in module 'mig_7series_v4_2_ddr_phy_tempmon'
---------------------------------------------------------------------------------------------------
                   State |                     New Encoding |                Previous Encoding 
---------------------------------------------------------------------------------------------------
                    ZERO |                              100 |                               10
                     ONE |                              010 |                               11
                     TWO |                              001 |                               01
---------------------------------------------------------------------------------------------------
INFO: [Synth 8-3354] encoded FSM with state register 'state_reg' using encoding 'one-hot' in module 'mig_7series_v4_2_axi_mc_r_channel'
---------------------------------------------------------------------------------------------------
                   State |                     New Encoding |                Previous Encoding 
---------------------------------------------------------------------------------------------------
                    IDLE |                          0000001 |                              000
                      AW |                          0100000 |                              001
                       W |                          1000000 |                              010
                       B |                          0010000 |                              011
                      AR |                          0001000 |                              100
                       R |                          0000100 |                              101
                    DONE |                          0000010 |                              110
---------------------------------------------------------------------------------------------------
INFO: [Synth 8-3354] encoded FSM with state register 'st_reg' using encoding 'one-hot' in module 'ddr_tile_dma'
---------------------------------------------------------------------------------------------------
                   State |                     New Encoding |                Previous Encoding 
---------------------------------------------------------------------------------------------------
                  B_IDLE |                              001 |                               00
                 B_WRITE |                              010 |                               01
                  B_DONE |                              100 |                               10
---------------------------------------------------------------------------------------------------
INFO: [Synth 8-3354] encoded FSM with state register 'st_reg' using encoding 'one-hot' in module 'a7ng_ddr_soa_boot'
---------------------------------------------------------------------------------------------------
                   State |                     New Encoding |                Previous Encoding 
---------------------------------------------------------------------------------------------------
                OWN_HOLD |                              001 |                               00
               OWN_GRAPH |                              010 |                               01
                  OWN_LM |                              100 |                               10
---------------------------------------------------------------------------------------------------
INFO: [Synth 8-3354] encoded FSM with state register 'own_reg' using encoding 'one-hot' in module 'a7ng_lm_graph_arb'
---------------------------------------------------------------------------------------------------
                   State |                     New Encoding |                Previous Encoding 
---------------------------------------------------------------------------------------------------
                 ST_IDLE |                              000 |                              000
                  ST_ENT |                              001 |                              001
                  ST_INT |                              010 |                              010
                  ST_REL |                              011 |                              011
                  ST_CTX |                              100 |                              100
                  ST_PTH |                              101 |                              101
                  ST_CTR |                              110 |                              110
                 ST_HOLD |                              111 |                              111
---------------------------------------------------------------------------------------------------
INFO: [Synth 8-3354] encoded FSM with state register 'st_reg' using encoding 'sequential' in module 'a7ng_termgen_lane_fold6'
---------------------------------------------------------------------------------------------------
                   State |                     New Encoding |                Previous Encoding 
---------------------------------------------------------------------------------------------------
                 ST_TAKE |                                0 |                              000
                  ST_VEC |                                1 |                              100
---------------------------------------------------------------------------------------------------
INFO: [Synth 8-3354] encoded FSM with state register 'st_reg' using encoding 'sequential' in module 'a7ng_topk_stream_minheap'
---------------------------------------------------------------------------------------------------
                   State |                     New Encoding |                Previous Encoding 
---------------------------------------------------------------------------------------------------
                 ST_IDLE |                          0000001 |                              000
                 ST_FIRE |                          0100000 |                              001
                 ST_WAIT |                          1000000 |                              010
               ST_STREAM |                          0010000 |                              011
              ST_COLLECT |                          0001000 |                              100
               ST_COMMIT |                          0000100 |                              101
                 ST_PUSH |                          0000010 |                              110
---------------------------------------------------------------------------------------------------
INFO: [Synth 8-3354] encoded FSM with state register 'state_reg' using encoding 'one-hot' in module 'a7ng_ng02_core'
---------------------------------------------------------------------------------------------------
                   State |                     New Encoding |                Previous Encoding 
---------------------------------------------------------------------------------------------------
                 ST_IDLE |                           000001 |                              000
                 ST_CAND |                           000010 |                              001
              ST_HEAPIFY |                           000100 |                              010
                 ST_NEXT |                           001000 |                              011
                 ST_SORT |                           010000 |                              100
               ST_COMMIT |                           100000 |                              101
---------------------------------------------------------------------------------------------------
INFO: [Synth 8-3354] encoded FSM with state register 'st_reg' using encoding 'one-hot' in module 'a7ng_topk_wavefront_minheap'
---------------------------------------------------------------------------------------------------
                   State |                     New Encoding |                Previous Encoding 
---------------------------------------------------------------------------------------------------
                OWN_IDLE |                               00 |                               00
          OWN_WAIT_DRAIN |                               01 |                               01
               OWN_CLEAR |                               10 |                               10
        OWN_WAIT_RELEASE |                               11 |                               11
---------------------------------------------------------------------------------------------------
INFO: [Synth 8-3354] encoded FSM with state register 'owner_st_reg' using encoding 'sequential' in module 'a7ng_cue_soa_mig_top'
---------------------------------------------------------------------------------------------------
                   State |                     New Encoding |                Previous Encoding 
---------------------------------------------------------------------------------------------------
                SCH_IDLE |                               01 |                               00
                SCH_FIRE |                               11 |                               01
                SCH_WAIT |                               10 |                               10
               SCH_ISSUE |                               00 |                               11
---------------------------------------------------------------------------------------------------
INFO: [Synth 8-3354] encoded FSM with state register 'sch_reg' using encoding 'sequential' in module 'a7ng_cue_soa_mig_top'
---------------------------------------------------------------------------------------------------
                   State |                     New Encoding |                Previous Encoding 
---------------------------------------------------------------------------------------------------
                  S_IDLE |                              000 |                              000
                   S_CTX |                              001 |                              001
                   S_GAP |                              010 |                              010
                 S_START |                              011 |                              011
                  S_WAIT |                              100 |                              100
                  S_DONE |                              101 |                              101
---------------------------------------------------------------------------------------------------
INFO: [Synth 8-3354] encoded FSM with state register 'st_reg' using encoding 'sequential' in module 'a7ng_native_ctx_bind'
---------------------------------------------------------------------------------------------------
                   State |                     New Encoding |                Previous Encoding 
---------------------------------------------------------------------------------------------------
                  D_IDLE |                           000001 |                              000
                    D_GO |                           000010 |                              001
                  D_FEED |                           000100 |                              010
                 D_DRAIN |                           001000 |                              011
              D_WAITDONE |                           010000 |                              100
                   D_ACK |                           100000 |                              101
---------------------------------------------------------------------------------------------------
INFO: [Synth 8-3354] encoded FSM with state register 'TILE.dst_reg' using encoding 'one-hot' in module 'weight_tile803k'
---------------------------------------------------------------------------------------------------
                   State |                     New Encoding |                Previous Encoding 
---------------------------------------------------------------------------------------------------
                  S_IDLE |                              001 |                               00
                   S_RUN |                              010 |                               01
                  S_DONE |                              100 |                               10
---------------------------------------------------------------------------------------------------
INFO: [Synth 8-3354] encoded FSM with state register 'st_reg' using encoding 'one-hot' in module 'isqrt32'
---------------------------------------------------------------------------------------------------
                   State |                     New Encoding |                Previous Encoding 
---------------------------------------------------------------------------------------------------
                  S_IDLE |                             0001 |                               00
                   S_RUN |                             0010 |                               01
                   S_FIX |                             0100 |                               10
                  S_DONE |                             1000 |                               11
---------------------------------------------------------------------------------------------------
INFO: [Synth 8-3354] encoded FSM with state register 'st_reg' using encoding 'one-hot' in module 'floordiv_s48'
---------------------------------------------------------------------------------------------------
                   State |                     New Encoding |                Previous Encoding 
---------------------------------------------------------------------------------------------------
                 ST_TAKE |                               00 |                              000
              ST_HEAPIFY |                               01 |                              001
                 ST_SORT |                               10 |                              010
                ST_DRAIN |                               11 |                              011
---------------------------------------------------------------------------------------------------
INFO: [Synth 8-3354] encoded FSM with state register 'st_reg' using encoding 'sequential' in module 'a7ng_topk_stream_minheap__parameterized0'
---------------------------------------------------------------------------------------------------
                   State |                     New Encoding |                Previous Encoding 
---------------------------------------------------------------------------------------------------
                  S_IDLE |                     000000000001 |                             0000
                 S_LATCH |                     000000000010 |                             0001
                   S_CLR |                     000000000100 |                             0010
                    S_LK |                     000000001000 |                             0011
                   S_LKW |                     000000010000 |                             0100
                    S_SC |                     000000100000 |                             0101
                   S_SCW |                     000001000000 |                             0110
                   S_GOT |                     000010000000 |                             0111
                    S_HP |                     000100000000 |                             1000
                 S_DRAIN |                     001000000000 |                             1001
                  S_PACK |                     010000000000 |                             1010
                  S_SNAP |                     100000000000 |                             1011
---------------------------------------------------------------------------------------------------
INFO: [Synth 8-3354] encoded FSM with state register 'st_reg' using encoding 'one-hot' in module 'a7ng_learned_prior_graph'
---------------------------------------------------------------------------------------------------
                   State |                     New Encoding |                Previous Encoding 
---------------------------------------------------------------------------------------------------
                  S_IDLE |                              000 |                              000
                  S_QISS |                              001 |                              001
                 S_QWAIT |                              010 |                              010
                   S_LMW |                              011 |                              011
                   S_REW |                              100 |                              101
                 S_PBUSY |                              101 |                              100
---------------------------------------------------------------------------------------------------
INFO: [Synth 8-3354] encoded FSM with state register 'st_reg' using encoding 'sequential' in module 'a7ng_gate14_c9_glue'
---------------------------------------------------------------------------------------------------
                   State |                     New Encoding |                Previous Encoding 
---------------------------------------------------------------------------------------------------
                  U_IDLE |                         00000001 |                              000
                 U_GRANT |                         00000010 |                              001
                    U_AR |                         00000100 |                              101
                     U_R |                         00001000 |                              110
                    U_AW |                         00010000 |                              010
                     U_W |                         00100000 |                              011
                     U_B |                         01000000 |                              100
                  U_DONE |                         10000000 |                              111
---------------------------------------------------------------------------------------------------
INFO: [Synth 8-3354] encoded FSM with state register 'ust_reg' using encoding 'one-hot' in module 'a7ng_persist_axi_bridge'
---------------------------------------------------------------------------------------------------
                   State |                     New Encoding |                Previous Encoding 
---------------------------------------------------------------------------------------------------
                    IDLE |                               00 |                               00
                   START |                               01 |                               01
                    DATA |                               10 |                               10
                    STOP |                               11 |                               11
---------------------------------------------------------------------------------------------------
INFO: [Synth 8-3354] encoded FSM with state register 'st_reg' using encoding 'sequential' in module 'a7ng_uart_rx100'
---------------------------------------------------------------------------------------------------
                   State |                     New Encoding |                Previous Encoding 
---------------------------------------------------------------------------------------------------
                      H0 |                             0000 |                             0000
                      H1 |                             0001 |                             0001
                     VER |                             0010 |                             0010
                     TYP |                             0011 |                             0011
                     SQ0 |                             0100 |                             0100
                     SQ1 |                             0101 |                             0101
                     LN0 |                             0110 |                             0110
                     LN1 |                             0111 |                             0111
                     PAY |                             1000 |                             1000
                     CR0 |                             1001 |                             1001
                     CR1 |                             1010 |                             1010
---------------------------------------------------------------------------------------------------
INFO: [Synth 8-3354] encoded FSM with state register 'st_reg' using encoding 'sequential' in module 'a7ng_gate14_uart_cmd_rx'
---------------------------------------------------------------------------------------------------
                   State |                     New Encoding |                Previous Encoding 
---------------------------------------------------------------------------------------------------
                 iSTATE5 |                             0000 |                             0000
                 iSTATE4 |                             0001 |                             0001
                 iSTATE1 |                             0010 |                             0010
                  iSTATE |                             0011 |                             0011
                 iSTATE0 |                             0100 |                             0100
                 iSTATE9 |                             0101 |                             0101
                 iSTATE7 |                             0110 |                             0110
                 iSTATE8 |                             0111 |                             1000
                 iSTATE6 |                             1000 |                             1001
                 iSTATE3 |                             1001 |                             1010
                 iSTATE2 |                             1010 |                             1011
---------------------------------------------------------------------------------------------------
INFO: [Synth 8-3354] encoded FSM with state register 'ph_reg' using encoding 'sequential' in module 'a7ng_gate14_cframe_tx'
---------------------------------------------------------------------------------------------------
                   State |                     New Encoding |                Previous Encoding 
---------------------------------------------------------------------------------------------------
                 UT_IDLE |                             0000 |                             0000
                 UT_LOAD |                             0001 |                             0001
            UT_WAIT_BUSY |                             0010 |                             0010
            UT_WAIT_IDLE |                             0011 |                             0011
              UT_NL_LOAD |                             0100 |                             0100
              UT_NL_BUSY |                             0101 |                             0101
              UT_NL_IDLE |                             0110 |                             0110
                 UT_DONE |                             0111 |                             0111
              UT_CF_LOAD |                             1000 |                             1000
              UT_CF_BUSY |                             1001 |                             1001
              UT_CF_IDLE |                             1010 |                             1010
---------------------------------------------------------------------------------------------------
INFO: [Synth 8-3354] encoded FSM with state register 'ut_reg' using encoding 'sequential' in module 'arty_a7_ng_native_v1_ab_soc_top'
---------------------------------------------------------------------------------------------------
                   State |                     New Encoding |                Previous Encoding 
---------------------------------------------------------------------------------------------------
                 QS_IDLE |                          0000001 |                              000
             QS_WAIT_OWN |                          0000010 |                              001
                QS_START |                          0000100 |                              010
             QS_WAIT_SOA |                          0001000 |                              011
                 QS_HOLD |                          0010000 |                              100
            QS_WAIT_BIND |                          0100000 |                              101
                 QS_DONE |                          1000000 |                              110
---------------------------------------------------------------------------------------------------
INFO: [Synth 8-3354] encoded FSM with state register 'qs_reg' using encoding 'one-hot' in module 'arty_a7_ng_native_v1_ab_soc_top'
---------------------------------------------------------------------------------
Finished RTL Optimization Phase 2 : Time (s): cpu = 00:02:46 ; elapsed = 00:03:34 . Memory (MB): peak = 3110.469 ; gain = 2272.617
---------------------------------------------------------------------------------
INFO: [Synth 8-5775] Found 'rw_addr_collision' attribute set to 'no' on SDP RAM gen_wr_a.gen_word_narrow.mem_reg. Setting write mode to NO_CHANGE 
INFO: [Synth 8-5775] Found 'rw_addr_collision' attribute set to 'no' on SDP RAM gen_wr_a.gen_word_narrow.mem_reg. Setting write mode to NO_CHANGE 
INFO: [Synth 8-5775] Found 'rw_addr_collision' attribute set to 'no' on SDP RAM gen_wr_a.gen_word_narrow.mem_reg. Setting write mode to NO_CHANGE 
INFO: [Synth 8-5775] Found 'rw_addr_collision' attribute set to 'no' on SDP RAM gen_wr_a.gen_word_narrow.mem_reg. Setting write mode to NO_CHANGE 
---------------------------------------------------------------------------------
Start RTL Component Statistics 
---------------------------------------------------------------------------------
Detailed RTL Component Info : 
+---Adders : 
	   2 Input   64 Bit       Adders := 3     
	   3 Input   49 Bit       Adders := 1     
	   3 Input   48 Bit       Adders := 1     
	   2 Input   48 Bit       Adders := 1     
	   3 Input   33 Bit       Adders := 15    
	   3 Input   32 Bit       Adders := 11    
	   2 Input   32 Bit       Adders := 67    
	   4 Input   32 Bit       Adders := 1     
	   2 Input   28 Bit       Adders := 5     
	   2 Input   27 Bit       Adders := 1     
	   3 Input   23 Bit       Adders := 1     
	   2 Input   20 Bit       Adders := 6     
	   2 Input   19 Bit       Adders := 1     
	   2 Input   17 Bit       Adders := 24    
	   3 Input   17 Bit       Adders := 6     
	   3 Input   16 Bit       Adders := 7     
	   2 Input   16 Bit       Adders := 6     
	   4 Input   16 Bit       Adders := 6     
	   2 Input   15 Bit       Adders := 1     
	   2 Input   14 Bit       Adders := 1     
	   2 Input   13 Bit       Adders := 2     
	   2 Input   12 Bit       Adders := 19    
	   2 Input   11 Bit       Adders := 7     
	   2 Input   10 Bit       Adders := 12    
	   2 Input    9 Bit       Adders := 11    
	   3 Input    9 Bit       Adders := 2     
	   2 Input    8 Bit       Adders := 40    
	   2 Input    7 Bit       Adders := 54    
	   4 Input    7 Bit       Adders := 2     
	   2 Input    6 Bit       Adders := 35    
	   3 Input    6 Bit       Adders := 3     
	   4 Input    6 Bit       Adders := 13    
	   2 Input    5 Bit       Adders := 53    
	   4 Input    5 Bit       Adders := 7     
	   2 Input    4 Bit       Adders := 54    
	   3 Input    4 Bit       Adders := 1     
	   8 Input    4 Bit       Adders := 32    
	   4 Input    4 Bit       Adders := 6     
	   2 Input    3 Bit       Adders := 46    
	   3 Input    3 Bit       Adders := 1     
	   2 Input    2 Bit       Adders := 57    
	   3 Input    2 Bit       Adders := 3     
	   4 Input    2 Bit       Adders := 5     
	   5 Input    2 Bit       Adders := 1     
	   8 Input    2 Bit       Adders := 1     
	   2 Input    1 Bit       Adders := 5     
	   3 Input    1 Bit       Adders := 1     
	   4 Input    1 Bit       Adders := 1     
	   5 Input    1 Bit       Adders := 1     
	   6 Input    1 Bit       Adders := 1     
	   7 Input    1 Bit       Adders := 1     
	   8 Input    1 Bit       Adders := 1     
	   9 Input    1 Bit       Adders := 1     
+---XORs : 
	   2 Input     64 Bit         XORs := 21    
	   3 Input     64 Bit         XORs := 1     
	   2 Input     32 Bit         XORs := 1     
	   2 Input     16 Bit         XORs := 71    
	   2 Input      7 Bit         XORs := 2     
	   2 Input      6 Bit         XORs := 4     
	   2 Input      5 Bit         XORs := 6     
	   2 Input      4 Bit         XORs := 5     
	   2 Input      1 Bit         XORs := 71    
+---Registers : 
	             1024 Bit    Registers := 1     
	              144 Bit    Registers := 1     
	              135 Bit    Registers := 1     
	              128 Bit    Registers := 34    
	               97 Bit    Registers := 1     
	               88 Bit    Registers := 1     
	               80 Bit    Registers := 3     
	               75 Bit    Registers := 1     
	               64 Bit    Registers := 76    
	               61 Bit    Registers := 2     
	               56 Bit    Registers := 1     
	               49 Bit    Registers := 2     
	               48 Bit    Registers := 3     
	               47 Bit    Registers := 6     
	               32 Bit    Registers := 973   
	               30 Bit    Registers := 1     
	               28 Bit    Registers := 16    
	               20 Bit    Registers := 2     
	               17 Bit    Registers := 3     
	               16 Bit    Registers := 250   
	               15 Bit    Registers := 4     
	               14 Bit    Registers := 6     
	               13 Bit    Registers := 1     
	               12 Bit    Registers := 35    
	               11 Bit    Registers := 19    
	               10 Bit    Registers := 15    
	                9 Bit    Registers := 30    
	                8 Bit    Registers := 1630  
	                7 Bit    Registers := 60    
	                6 Bit    Registers := 92    
	                5 Bit    Registers := 94    
	                4 Bit    Registers := 229   
	                3 Bit    Registers := 135   
	                2 Bit    Registers := 97    
	                1 Bit    Registers := 1927  
+---Multipliers : 
	              32x32  Multipliers := 3     
	              17x32  Multipliers := 1     
	              16x32  Multipliers := 1     
+---RAMs : 
	            2048K Bit	(131072 X 16 bit)          RAMs := 1     
	            1024K Bit	(131072 X 8 bit)          RAMs := 1     
	               8K Bit	(64 X 135 bit)          RAMs := 1     
	               4K Bit	(32 X 128 bit)          RAMs := 1     
	               3K Bit	(32 X 97 bit)          RAMs := 1     
	               2K Bit	(16 X 128 bit)          RAMs := 1     
	              976 Bit	(16 X 61 bit)          RAMs := 1     
	              128 Bit	(4 X 32 bit)          RAMs := 1     
+---Muxes : 
	   2 Input 1024 Bit        Muxes := 3     
	   6 Input 1024 Bit        Muxes := 1     
	  10 Input 1024 Bit        Muxes := 1     
	   2 Input  144 Bit        Muxes := 3     
	   2 Input  128 Bit        Muxes := 32    
	   4 Input  128 Bit        Muxes := 2     
	   7 Input  128 Bit        Muxes := 2     
	   2 Input  127 Bit        Muxes := 1     
	   2 Input   97 Bit        Muxes := 4     
	   5 Input   97 Bit        Muxes := 1     
	   2 Input   80 Bit        Muxes := 6     
	   2 Input   75 Bit        Muxes := 1     
	  11 Input   75 Bit        Muxes := 1     
	   7 Input   64 Bit        Muxes := 4     
	   2 Input   64 Bit        Muxes := 6     
	   4 Input   64 Bit        Muxes := 2     
	   6 Input   64 Bit        Muxes := 2     
	   9 Input   64 Bit        Muxes := 1     
	   8 Input   64 Bit        Muxes := 3     
	   2 Input   56 Bit        Muxes := 1     
	   2 Input   49 Bit        Muxes := 1     
	   4 Input   49 Bit        Muxes := 1     
	   9 Input   48 Bit        Muxes := 1     
	   2 Input   48 Bit        Muxes := 2     
	   4 Input   48 Bit        Muxes := 1     
	  24 Input   35 Bit        Muxes := 1     
	   2 Input   35 Bit        Muxes := 22    
	   2 Input   32 Bit        Muxes := 304   
	   3 Input   32 Bit        Muxes := 11    
	   4 Input   32 Bit        Muxes := 9     
	   6 Input   32 Bit        Muxes := 8     
	  31 Input   32 Bit        Muxes := 7     
	   8 Input   32 Bit        Muxes := 1     
	   7 Input   32 Bit        Muxes := 4     
	   2 Input   30 Bit        Muxes := 12    
	   4 Input   30 Bit        Muxes := 4     
	   2 Input   28 Bit        Muxes := 18    
	   7 Input   28 Bit        Muxes := 1     
	   2 Input   21 Bit        Muxes := 8     
	   7 Input   20 Bit        Muxes := 1     
	   2 Input   20 Bit        Muxes := 24    
	   4 Input   20 Bit        Muxes := 8     
	   9 Input   20 Bit        Muxes := 1     
	   6 Input   20 Bit        Muxes := 2     
	   2 Input   17 Bit        Muxes := 22    
	   3 Input   17 Bit        Muxes := 12    
	   4 Input   17 Bit        Muxes := 3     
	   6 Input   17 Bit        Muxes := 1     
	   2 Input   16 Bit        Muxes := 360   
	   3 Input   16 Bit        Muxes := 49    
	   4 Input   16 Bit        Muxes := 10    
	   6 Input   16 Bit        Muxes := 8     
	  11 Input   16 Bit        Muxes := 8     
	   2 Input   15 Bit        Muxes := 4     
	   2 Input   14 Bit        Muxes := 11    
	   4 Input   14 Bit        Muxes := 1     
	   3 Input   14 Bit        Muxes := 1     
	   8 Input   14 Bit        Muxes := 1     
	   2 Input   13 Bit        Muxes := 4     
	   2 Input   12 Bit        Muxes := 15    
	  12 Input   12 Bit        Muxes := 1     
	  11 Input   11 Bit        Muxes := 1     
	   2 Input   11 Bit        Muxes := 21    
	  10 Input   11 Bit        Muxes := 1     
	  31 Input   11 Bit        Muxes := 2     
	   6 Input   11 Bit        Muxes := 1     
	   4 Input   11 Bit        Muxes := 1     
	   2 Input   10 Bit        Muxes := 10    
	   9 Input   10 Bit        Muxes := 1     
	   6 Input   10 Bit        Muxes := 2     
	   4 Input   10 Bit        Muxes := 1     
	   4 Input    9 Bit        Muxes := 6     
	   2 Input    9 Bit        Muxes := 56    
	   7 Input    9 Bit        Muxes := 2     
	   2 Input    8 Bit        Muxes := 964   
	   5 Input    8 Bit        Muxes := 1     
	   3 Input    8 Bit        Muxes := 14    
	  31 Input    8 Bit        Muxes := 2     
	   8 Input    8 Bit        Muxes := 3     
	   7 Input    8 Bit        Muxes := 3     
	   4 Input    8 Bit        Muxes := 1     
	  11 Input    8 Bit        Muxes := 3     
	  12 Input    8 Bit        Muxes := 1     
	  13 Input    8 Bit        Muxes := 23    
	   2 Input    7 Bit        Muxes := 205   
	   3 Input    7 Bit        Muxes := 23    
	   4 Input    7 Bit        Muxes := 4     
	   5 Input    7 Bit        Muxes := 2     
	  58 Input    7 Bit        Muxes := 2     
	 170 Input    7 Bit        Muxes := 1     
	   7 Input    7 Bit        Muxes := 14    
	   6 Input    7 Bit        Muxes := 6     
	  31 Input    7 Bit        Muxes := 1     
	   8 Input    7 Bit        Muxes := 19    
	  10 Input    7 Bit        Muxes := 6     
	  12 Input    7 Bit        Muxes := 2     
	  15 Input    7 Bit        Muxes := 2     
	  11 Input    7 Bit        Muxes := 1     
	   2 Input    6 Bit        Muxes := 94    
	   4 Input    6 Bit        Muxes := 9     
	  27 Input    6 Bit        Muxes := 4     
	   5 Input    6 Bit        Muxes := 2     
	  16 Input    6 Bit        Muxes := 1     
	  24 Input    6 Bit        Muxes := 5     
	   3 Input    6 Bit        Muxes := 7     
	  15 Input    6 Bit        Muxes := 1     
	   6 Input    6 Bit        Muxes := 1     
	   9 Input    6 Bit        Muxes := 1     
	   7 Input    6 Bit        Muxes := 1     
	   8 Input    6 Bit        Muxes := 1     
	   2 Input    5 Bit        Muxes := 117   
	   8 Input    5 Bit        Muxes := 2     
	  27 Input    5 Bit        Muxes := 1     
	  58 Input    5 Bit        Muxes := 1     
	  24 Input    5 Bit        Muxes := 1     
	   4 Input    5 Bit        Muxes := 2     
	   3 Input    5 Bit        Muxes := 8     
	   5 Input    5 Bit        Muxes := 2     
	   6 Input    5 Bit        Muxes := 6     
	   7 Input    5 Bit        Muxes := 1     
	   2 Input    4 Bit        Muxes := 457   
	  32 Input    4 Bit        Muxes := 1     
	   8 Input    4 Bit        Muxes := 2     
	   9 Input    4 Bit        Muxes := 1     
	  22 Input    4 Bit        Muxes := 1     
	   3 Input    4 Bit        Muxes := 3     
	   4 Input    4 Bit        Muxes := 11    
	   6 Input    4 Bit        Muxes := 10    
	  10 Input    4 Bit        Muxes := 2     
	  20 Input    4 Bit        Muxes := 1     
	  12 Input    4 Bit        Muxes := 1     
	  14 Input    4 Bit        Muxes := 1     
	  11 Input    4 Bit        Muxes := 1     
	   2 Input    3 Bit        Muxes := 168   
	  27 Input    3 Bit        Muxes := 6     
	   8 Input    3 Bit        Muxes := 7     
	   4 Input    3 Bit        Muxes := 21    
	   3 Input    3 Bit        Muxes := 6     
	   7 Input    3 Bit        Muxes := 4     
	  16 Input    3 Bit        Muxes := 1     
	   6 Input    3 Bit        Muxes := 16    
	   5 Input    3 Bit        Muxes := 2     
	  12 Input    3 Bit        Muxes := 1     
	  10 Input    3 Bit        Muxes := 1     
	   2 Input    2 Bit        Muxes := 152   
	   4 Input    2 Bit        Muxes := 14    
	   3 Input    2 Bit        Muxes := 13    
	   8 Input    2 Bit        Muxes := 4     
	  27 Input    2 Bit        Muxes := 1     
	  24 Input    2 Bit        Muxes := 2     
	   5 Input    2 Bit        Muxes := 5     
	   9 Input    2 Bit        Muxes := 1     
	   6 Input    2 Bit        Muxes := 1     
	  31 Input    2 Bit        Muxes := 1     
	  16 Input    2 Bit        Muxes := 1     
	   2 Input    1 Bit        Muxes := 7530  
	   3 Input    1 Bit        Muxes := 169   
	   8 Input    1 Bit        Muxes := 104   
	   4 Input    1 Bit        Muxes := 626   
	  27 Input    1 Bit        Muxes := 27    
	   5 Input    1 Bit        Muxes := 16    
	  16 Input    1 Bit        Muxes := 21    
	  24 Input    1 Bit        Muxes := 30    
	   9 Input    1 Bit        Muxes := 164   
	  11 Input    1 Bit        Muxes := 30    
	   7 Input    1 Bit        Muxes := 28    
	   6 Input    1 Bit        Muxes := 384   
	  10 Input    1 Bit        Muxes := 19    
	  31 Input    1 Bit        Muxes := 1686  
	  12 Input    1 Bit        Muxes := 30    
	  13 Input    1 Bit        Muxes := 1     
---------------------------------------------------------------------------------
Finished RTL Component Statistics 
---------------------------------------------------------------------------------
---------------------------------------------------------------------------------
Start Part Resource Summary
---------------------------------------------------------------------------------
Part Resources:
DSPs: 240 (col length:80)
BRAMs: 270 (col length: RAMB18 80 RAMB36 40)
---------------------------------------------------------------------------------
Finished Part Resource Summary
---------------------------------------------------------------------------------
---------------------------------------------------------------------------------
Start Cross Boundary and Area Optimization
---------------------------------------------------------------------------------
DSP Report: Generating DSP waddr2, operation Mode is: A2*B2.
DSP Report: register ncols_reg is absorbed into DSP waddr2.
DSP Report: register row_reg is absorbed into DSP waddr2.
DSP Report: operator waddr2 is absorbed into DSP waddr2.
DSP Report: Generating DSP waddr0, operation Mode is: PCIN+(A:0x0):B2+C'.
DSP Report: register col_reg is absorbed into DSP waddr0.
DSP Report: register waddr0 is absorbed into DSP waddr0.
DSP Report: operator waddr0 is absorbed into DSP waddr0.
DSP Report: Generating DSP x0, operation Mode is: A2*B.
DSP Report: register x0 is absorbed into DSP x0.
DSP Report: operator x0 is absorbed into DSP x0.
DSP Report: operator x0 is absorbed into DSP x0.
DSP Report: Generating DSP x0, operation Mode is: (PCIN>>17)+A*B.
DSP Report: operator x0 is absorbed into DSP x0.
DSP Report: operator x0 is absorbed into DSP x0.
DSP Report: Generating DSP x0, operation Mode is: A2*B''.
DSP Report: register x0 is absorbed into DSP x0.
DSP Report: register x0 is absorbed into DSP x0.
DSP Report: register x0 is absorbed into DSP x0.
DSP Report: operator x0 is absorbed into DSP x0.
DSP Report: operator x0 is absorbed into DSP x0.
DSP Report: Generating DSP x0, operation Mode is: (PCIN>>17)+A''*B.
DSP Report: register x0 is absorbed into DSP x0.
DSP Report: register x0 is absorbed into DSP x0.
DSP Report: operator x0 is absorbed into DSP x0.
DSP Report: operator x0 is absorbed into DSP x0.
DSP Report: Generating DSP prod, operation Mode is: A*B.
DSP Report: operator prod is absorbed into DSP prod.
DSP Report: Generating DSP fd_n0, operation Mode is: A2*B2.
DSP Report: register dz_r_reg is absorbed into DSP fd_n0.
DSP Report: register fd_n0 is absorbed into DSP fd_n0.
DSP Report: operator fd_n0 is absorbed into DSP fd_n0.
DSP Report: operator fd_n0 is absorbed into DSP fd_n0.
DSP Report: Generating DSP fd_n0, operation Mode is: (PCIN>>17)+A2*B2.
DSP Report: register tmp32_reg is absorbed into DSP fd_n0.
DSP Report: register dz_r_reg is absorbed into DSP fd_n0.
DSP Report: operator fd_n0 is absorbed into DSP fd_n0.
DSP Report: operator fd_n0 is absorbed into DSP fd_n0.
DSP Report: Generating DSP fd_n0, operation Mode is: A2*B2.
DSP Report: register fd_n0 is absorbed into DSP fd_n0.
DSP Report: register fd_n0 is absorbed into DSP fd_n0.
DSP Report: operator fd_n0 is absorbed into DSP fd_n0.
DSP Report: operator fd_n0 is absorbed into DSP fd_n0.
DSP Report: Generating DSP fd_n0, operation Mode is: (PCIN>>17)+A2*B2.
DSP Report: register tmp32_reg is absorbed into DSP fd_n0.
DSP Report: register fd_n0 is absorbed into DSP fd_n0.
DSP Report: operator fd_n0 is absorbed into DSP fd_n0.
DSP Report: operator fd_n0 is absorbed into DSP fd_n0.
WARNING: [Synth 8-3936] Found unconnected internal register 'byte_sel_data_map_reg' and it is trimmed from '88' to '4' bits. [d:/Jetking_sem4/SEM_4/arty-a7-online-lm-g14-preboard-00/vivado/ip/mig_7series_0/mig_7series_0/user_design/rtl/phy/mig_7series_v4_2_ddr_mc_phy_wrapper.v:731]
INFO: [Synth 8-3886] merging instance 'byte_sel_data_map_reg[3]' (FD) to 'fine_delay_mod1[-1111111108]'
INFO: [Synth 8-3886] merging instance 'byte_sel_data_map_reg[1]' (FD) to 'fine_delay_mod7[-1111111110]'
INFO: [Synth 8-3886] merging instance 'byte_sel_data_map_reg[2]' (FD) to 'fine_delay_mod5[-1111111109]'
INFO: [Synth 8-3886] merging instance 'fine_delay_mod7[-1111111108]' (FD) to 'fine_delay_mod1[-1111111108]'
INFO: [Synth 8-3886] merging instance 'fine_delay_mod7[-1111111111]' (FD) to 'fine_delay_mod3[-1111111110]'
INFO: [Synth 8-3886] merging instance 'fine_delay_mod7[-1111111109]' (FD) to 'fine_delay_mod4[-1111111111]'
INFO: [Synth 8-3886] merging instance 'fine_delay_mod6[-1111111108]' (FD) to 'fine_delay_mod1[-1111111108]'
INFO: [Synth 8-3886] merging instance 'fine_delay_mod6[-1111111111]' (FD) to 'fine_delay_mod2[-1111111110]'
INFO: [Synth 8-3886] merging instance 'fine_delay_mod6[-1111111109]' (FD) to 'fine_delay_mod5[-1111111111]'
INFO: [Synth 8-3886] merging instance 'fine_delay_mod5[-1111111108]' (FD) to 'fine_delay_mod1[-1111111108]'
INFO: [Synth 8-3886] merging instance 'fine_delay_mod5[-1111111110]' (FD) to 'fine_delay_mod4[-1111111110]'
INFO: [Synth 8-3886] merging instance 'fine_delay_mod5[-1111111109]' (FD) to 'fine_delay_mod4[-1111111108]'
INFO: [Synth 8-3886] merging instance 'fine_delay_mod4[-1111111108]' (FD) to 'fine_delay_mod2[-1111111109]'
INFO: [Synth 8-3886] merging instance 'fine_delay_mod4[-1111111111]' (FD) to 'fine_delay_mod4[-1111111109]'
INFO: [Synth 8-3886] merging instance 'fine_delay_mod4[-1111111109]' (FD) to 'fine_delay_mod3[-1111111108]'
INFO: [Synth 8-3886] merging instance 'fine_delay_mod3[-1111111108]' (FD) to 'fine_delay_mod1[-1111111109]'
INFO: [Synth 8-3886] merging instance 'fine_delay_mod3[-1111111110]' (FD) to 'fine_delay_mod1[-1111111110]'
INFO: [Synth 8-3886] merging instance 'fine_delay_mod3[-1111111111]' (FD) to 'fine_delay_mod1[-1111111108]'
INFO: [Synth 8-3886] merging instance 'fine_delay_mod3[-1111111109]' (FD) to 'fine_delay_mod1[-1111111108]'
INFO: [Synth 8-3886] merging instance 'fine_delay_mod2[-1111111108]' (FD) to 'fine_delay_mod1[-1111111108]'
INFO: [Synth 8-3886] merging instance 'fine_delay_mod2[-1111111111]' (FD) to 'fine_delay_mod1[-1111111108]'
INFO: [Synth 8-3886] merging instance 'fine_delay_mod2[-1111111109]' (FD) to 'fine_delay_mod1[-1111111111]'
INFO: [Synth 8-3333] propagating constant 0 across sequential element (\fine_delay_mod1[-1111111108] )
INFO: [Synth 8-3333] propagating constant 0 across sequential element (\fine_delay_mod_reg[0] )
INFO: [Synth 8-3333] propagating constant 0 across sequential element (\fine_delay_mod_reg[1] )
INFO: [Synth 8-3886] merging instance 'fine_delay_mod_reg[3]' (FDE) to 'fine_delay_mod_reg[4]'
INFO: [Synth 8-3333] propagating constant 0 across sequential element (\fine_delay_mod_reg[4] )
INFO: [Synth 8-3886] merging instance 'fine_delay_mod_reg[6]' (FDE) to 'fine_delay_mod_reg[7]'
INFO: [Synth 8-3333] propagating constant 0 across sequential element (\fine_delay_mod_reg[7] )
INFO: [Synth 8-3886] merging instance 'fine_delay_mod_reg[9]' (FDE) to 'fine_delay_mod_reg[10]'
INFO: [Synth 8-3333] propagating constant 0 across sequential element (\fine_delay_mod_reg[10] )
INFO: [Synth 8-3886] merging instance 'fine_delay_mod_reg[12]' (FDE) to 'fine_delay_mod_reg[13]'
INFO: [Synth 8-3333] propagating constant 0 across sequential element (\fine_delay_mod_reg[13] )
INFO: [Synth 8-3886] merging instance 'fine_delay_mod_reg[15]' (FDE) to 'fine_delay_mod_reg[16]'
INFO: [Synth 8-3333] propagating constant 0 across sequential element (\fine_delay_mod_reg[16] )
INFO: [Synth 8-3886] merging instance 'fine_delay_mod_reg[18]' (FDE) to 'fine_delay_mod_reg[19]'
INFO: [Synth 8-3333] propagating constant 0 across sequential element (\fine_delay_mod_reg[19] )
INFO: [Synth 8-3886] merging instance 'fine_delay_mod_reg[21]' (FDE) to 'fine_delay_mod_reg[22]'
INFO: [Synth 8-3333] propagating constant 0 across sequential element (\fine_delay_mod_reg[22] )
INFO: [Synth 8-3886] merging instance 'fine_delay_mod_reg[24]' (FDE) to 'fine_delay_mod_reg[25]'
INFO: [Synth 8-3333] propagating constant 0 across sequential element (\fine_delay_mod_reg[25] )
INFO: [Synth 8-3886] merging instance 'fine_delay_mod_reg[27]' (FDE) to 'fine_delay_mod_reg[29]'
INFO: [Synth 8-3886] merging instance 'fine_delay_mod_reg[28]' (FDE) to 'fine_delay_mod_reg[29]'
INFO: [Synth 8-3333] propagating constant 0 across sequential element (\fine_delay_mod_reg[29] )
INFO: [Synth 8-4471] merging register 'single_rank.chip_cnt_r_reg[1:0]' into 'single_rank.chip_cnt_r_reg[1:0]' [d:/Jetking_sem4/SEM_4/arty-a7-online-lm-g14-preboard-00/vivado/ip/mig_7series_0/mig_7series_0/user_design/rtl/phy/mig_7series_v4_2_ddr_phy_init.v:817]
WARNING: [Synth 8-3936] Found unconnected internal register 'oclkdelay_start_dly_r_reg' and it is trimmed from '15' to '14' bits. [d:/Jetking_sem4/SEM_4/arty-a7-online-lm-g14-preboard-00/vivado/ip/mig_7series_0/mig_7series_0/user_design/rtl/phy/mig_7series_v4_2_ddr_phy_init.v:1231]
WARNING: [Synth 8-3936] Found unconnected internal register 'wrcal_start_dly_r_reg' and it is trimmed from '15' to '14' bits. [d:/Jetking_sem4/SEM_4/arty-a7-online-lm-g14-preboard-00/vivado/ip/mig_7series_0/mig_7series_0/user_design/rtl/phy/mig_7series_v4_2_ddr_phy_init.v:1229]
INFO: [Synth 8-4471] merging register 'rdlvl_stg1_done_r1_reg' into 'prbs_rdlvl_done_r1_reg' [d:/Jetking_sem4/SEM_4/arty-a7-online-lm-g14-preboard-00/vivado/ip/mig_7series_0/mig_7series_0/user_design/rtl/phy/mig_7series_v4_2_ddr_calib_top.v:1196]
INFO: [Synth 8-4471] merging register 'gen_byte_sel_div2.byte_sel_cnt_reg[1:0]' into 'gen_byte_sel_div2.byte_sel_cnt_reg[1:0]' [d:/Jetking_sem4/SEM_4/arty-a7-online-lm-g14-preboard-00/vivado/ip/mig_7series_0/mig_7series_0/user_design/rtl/phy/mig_7series_v4_2_ddr_calib_top.v:961]
INFO: [Synth 8-4471] merging register 'gen_byte_sel_div2.byte_sel_cnt_reg[1:0]' into 'gen_byte_sel_div2.byte_sel_cnt_reg[1:0]' [d:/Jetking_sem4/SEM_4/arty-a7-online-lm-g14-preboard-00/vivado/ip/mig_7series_0/mig_7series_0/user_design/rtl/phy/mig_7series_v4_2_ddr_calib_top.v:961]
INFO: [Common 17-14] Message 'Synth 8-7129' appears 100 times and further instances of the messages will be disabled. Use the Tcl command set_msg_config to change the current settings.
INFO: [Synth 8-3886] merging instance 'u_ddr_calib_top/ddr_phy_rdlvl_gen.u_ddr_phy_rdlvl/FSM_onehot_cal1_state_r_reg[28]' (FDRE) to 'u_ddr_calib_top/ddr_phy_rdlvl_gen.u_ddr_phy_rdlvl/FSM_onehot_cal1_state_r_reg[33]'
INFO: [Synth 8-3886] merging instance 'u_ddr_calib_top/ddr_phy_rdlvl_gen.u_ddr_phy_rdlvl/FSM_onehot_cal1_state_r_reg[27]' (FDRE) to 'u_ddr_calib_top/ddr_phy_rdlvl_gen.u_ddr_phy_rdlvl/FSM_onehot_cal1_state_r_reg[33]'
INFO: [Synth 8-3886] merging instance 'u_ddr_calib_top/ddr_phy_rdlvl_gen.u_ddr_phy_rdlvl/FSM_onehot_cal1_state_r_reg[24]' (FDRE) to 'u_ddr_calib_top/ddr_phy_rdlvl_gen.u_ddr_phy_rdlvl/FSM_onehot_cal1_state_r_reg[33]'
INFO: [Synth 8-3886] merging instance 'u_ddr_calib_top/ddr_phy_rdlvl_gen.u_ddr_phy_rdlvl/FSM_onehot_cal1_state_r_reg[23]' (FDRE) to 'u_ddr_calib_top/ddr_phy_rdlvl_gen.u_ddr_phy_rdlvl/FSM_onehot_cal1_state_r_reg[33]'
INFO: [Synth 8-3886] merging instance 'u_ddr_calib_top/ddr_phy_rdlvl_gen.u_ddr_phy_rdlvl/FSM_onehot_cal1_state_r_reg[19]' (FDRE) to 'u_ddr_calib_top/ddr_phy_rdlvl_gen.u_ddr_phy_rdlvl/FSM_onehot_cal1_state_r_reg[33]'
INFO: [Synth 8-3886] merging instance 'u_ddr_calib_top/ddr_phy_rdlvl_gen.u_ddr_phy_rdlvl/FSM_onehot_cal1_state_r_reg[26]' (FDRE) to 'u_ddr_calib_top/ddr_phy_rdlvl_gen.u_ddr_phy_rdlvl/FSM_onehot_cal1_state_r_reg[33]'
INFO: [Synth 8-3886] merging instance 'u_ddr_calib_top/ddr_phy_rdlvl_gen.u_ddr_phy_rdlvl/FSM_onehot_cal1_state_r_reg[17]' (FDRE) to 'u_ddr_calib_top/ddr_phy_rdlvl_gen.u_ddr_phy_rdlvl/FSM_onehot_cal1_state_r_reg[33]'
INFO: [Synth 8-3886] merging instance 'u_ddr_calib_top/mb_wrlvl_inst.u_ddr_phy_wrlvl/add_smallest_reg[0][5]' (FD) to 'u_ddr_calib_top/mb_wrlvl_inst.u_ddr_phy_wrlvl/add_smallest_reg[0][4]'
INFO: [Synth 8-3886] merging instance 'u_ddr_calib_top/mb_wrlvl_inst.u_ddr_phy_wrlvl/add_smallest_reg[0][0]' (FD) to 'u_ddr_calib_top/mb_wrlvl_inst.u_ddr_phy_wrlvl/add_smallest_reg[0][4]'
INFO: [Synth 8-3886] merging instance 'u_ddr_calib_top/mb_wrlvl_inst.u_ddr_phy_wrlvl/add_smallest_reg[0][1]' (FD) to 'u_ddr_calib_top/mb_wrlvl_inst.u_ddr_phy_wrlvl/add_smallest_reg[0][4]'
INFO: [Synth 8-3886] merging instance 'u_ddr_calib_top/mb_wrlvl_inst.u_ddr_phy_wrlvl/add_smallest_reg[0][2]' (FD) to 'u_ddr_calib_top/mb_wrlvl_inst.u_ddr_phy_wrlvl/add_smallest_reg[0][4]'
INFO: [Synth 8-3886] merging instance 'u_ddr_calib_top/mb_wrlvl_inst.u_ddr_phy_wrlvl/add_smallest_reg[0][3]' (FD) to 'u_ddr_calib_top/mb_wrlvl_inst.u_ddr_phy_wrlvl/add_smallest_reg[0][4]'
INFO: [Synth 8-3333] propagating constant 0 across sequential element (u_ddr_calib_top/\mb_wrlvl_inst.u_ddr_phy_wrlvl /\add_smallest_reg[0][4] )
INFO: [Synth 8-3886] merging instance 'u_ddr_calib_top/ddr_phy_tempmon_0/two_dec_max_limit_reg[0]' (FDR) to 'u_ddr_calib_top/ddr_phy_tempmon_0/one_dec_max_limit_reg[0]'
INFO: [Synth 8-3886] merging instance 'u_ddr_calib_top/ddr_phy_tempmon_0/three_dec_min_limit_reg[0]' (FDR) to 'u_ddr_calib_top/ddr_phy_tempmon_0/two_dec_min_limit_reg[0]'
INFO: [Synth 8-3886] merging instance 'u_ddr_calib_top/ddr_phy_tempmon_0/one_dec_max_limit_reg[0]' (FDR) to 'u_ddr_calib_top/ddr_phy_tempmon_0/neutral_max_limit_reg[0]'
INFO: [Synth 8-3886] merging instance 'u_ddr_calib_top/ddr_phy_tempmon_0/two_dec_min_limit_reg[0]' (FDR) to 'u_ddr_calib_top/ddr_phy_tempmon_0/one_dec_min_limit_reg[0]'
INFO: [Synth 8-3886] merging instance 'u_ddr_calib_top/ddr_phy_tempmon_0/neutral_max_limit_reg[0]' (FDR) to 'u_ddr_calib_top/ddr_phy_tempmon_0/one_inc_max_limit_reg[0]'
INFO: [Synth 8-3886] merging instance 'u_ddr_calib_top/ddr_phy_tempmon_0/one_dec_min_limit_reg[0]' (FDR) to 'u_ddr_calib_top/ddr_phy_tempmon_0/neutral_min_limit_reg[0]'
INFO: [Synth 8-3886] merging instance 'u_ddr_calib_top/ddr_phy_tempmon_0/one_inc_max_limit_reg[0]' (FDR) to 'u_ddr_calib_top/ddr_phy_tempmon_0/two_inc_max_limit_reg[0]'
INFO: [Synth 8-3886] merging instance 'u_ddr_calib_top/ddr_phy_tempmon_0/neutral_min_limit_reg[0]' (FDR) to 'u_ddr_calib_top/ddr_phy_tempmon_0/one_inc_min_limit_reg[0]'
INFO: [Synth 8-3886] merging instance 'u_ddr_calib_top/ddr_phy_tempmon_0/two_inc_max_limit_reg[0]' (FDR) to 'u_ddr_calib_top/ddr_phy_tempmon_0/three_inc_max_limit_reg[0]'
INFO: [Synth 8-3886] merging instance 'u_ddr_calib_top/ddr_phy_tempmon_0/one_inc_min_limit_reg[0]' (FDR) to 'u_ddr_calib_top/ddr_phy_tempmon_0/two_inc_min_limit_reg[0]'
INFO: [Synth 8-3886] merging instance 'u_ddr_calib_top/ddr_phy_tempmon_0/three_inc_max_limit_reg[0]' (FDR) to 'u_ddr_calib_top/ddr_phy_tempmon_0/four_inc_max_limit_reg[0]'
INFO: [Synth 8-3886] merging instance 'u_ddr_calib_top/ddr_phy_tempmon_0/two_inc_min_limit_reg[0]' (FDR) to 'u_ddr_calib_top/ddr_phy_tempmon_0/three_inc_min_limit_reg[0]'
INFO: [Synth 8-3886] merging instance 'u_ddr_calib_top/u_ddr_phy_init/ocal_last_byte_done_reg' (FDRE) to 'u_ddr_calib_top/u_ddr_phy_init/gen_rnk[1].mr2_r_reg[1][0]'
INFO: [Synth 8-3886] merging instance 'u_ddr_calib_top/u_ddr_phy_init/gen_single_slot_odt.tmp_mr1_r_reg[0][0]' (FDSE) to 'u_ddr_calib_top/u_ddr_phy_init/gen_single_slot_odt.tmp_mr1_r_reg[0][1]'
INFO: [Synth 8-3886] merging instance 'u_ddr_calib_top/u_ddr_phy_init/gen_rnk[0].mr1_r_reg[0][0]' (FDR) to 'u_ddr_calib_top/u_ddr_phy_init/gen_rnk[0].mr1_r_reg[0][1]'
INFO: [Synth 8-3333] propagating constant 1 across sequential element (u_ddr_calib_top/u_ddr_phy_init/\gen_single_slot_odt.tmp_mr1_r_reg[0][1] )
INFO: [Synth 8-3886] merging instance 'u_ddr_calib_top/u_ddr_phy_init/gen_rnk[0].mr1_r_reg[0][1]' (FDR) to 'u_ddr_calib_top/u_ddr_phy_init/gen_single_slot_odt.phy_tmp_odt_r_reg[0]'
INFO: [Synth 8-3886] merging instance 'u_ddr_calib_top/u_ddr_phy_init/gen_single_slot_odt.tmp_mr1_r_reg[0][2]' (FDRE) to 'u_ddr_calib_top/u_ddr_phy_init/gen_single_slot_odt.tmp_mr2_r_reg[0][1]'
INFO: [Synth 8-3886] merging instance 'u_ddr_calib_top/u_ddr_phy_init/gen_rnk[0].mr1_r_reg[0][2]' (FDR) to 'u_ddr_calib_top/u_ddr_phy_init/gen_rnk[0].mr2_r_reg[0][1]'
INFO: [Synth 8-3886] merging instance 'u_ddr_calib_top/u_ddr_phy_init/gen_single_slot_odt.tmp_mr2_r_reg[0][0]' (FDRE) to 'u_ddr_calib_top/u_ddr_phy_init/gen_single_slot_odt.tmp_mr2_r_reg[0][1]'
INFO: [Synth 8-3886] merging instance 'u_ddr_calib_top/u_ddr_phy_init/gen_rnk[0].mr2_r_reg[0][0]' (FDR) to 'u_ddr_calib_top/u_ddr_phy_init/gen_rnk[0].mr2_r_reg[0][1]'
INFO: [Synth 8-3333] propagating constant 0 across sequential element (u_ddr_calib_top/u_ddr_phy_init/\gen_single_slot_odt.tmp_mr2_r_reg[0][1] )
INFO: [Synth 8-3886] merging instance 'u_ddr_calib_top/ddr_phy_rdlvl_gen.u_ddr_phy_rdlvl/FSM_onehot_cal1_state_r_reg[30]' (FDRE) to 'u_ddr_calib_top/ddr_phy_rdlvl_gen.u_ddr_phy_rdlvl/FSM_onehot_cal1_state_r_reg[33]'
INFO: [Synth 8-3886] merging instance 'u_ddr_calib_top/ddr_phy_rdlvl_gen.u_ddr_phy_rdlvl/FSM_onehot_cal1_state_r_reg[18]' (FDRE) to 'u_ddr_calib_top/ddr_phy_rdlvl_gen.u_ddr_phy_rdlvl/FSM_onehot_cal1_state_r_reg[33]'
INFO: [Synth 8-3886] merging instance 'u_ddr_calib_top/ddr_phy_rdlvl_gen.u_ddr_phy_rdlvl/FSM_onehot_cal1_state_r_reg[25]' (FDRE) to 'u_ddr_calib_top/ddr_phy_rdlvl_gen.u_ddr_phy_rdlvl/FSM_onehot_cal1_state_r_reg[33]'
INFO: [Synth 8-3333] propagating constant 0 across sequential element (u_ddr_calib_top/\ddr_phy_rdlvl_gen.u_ddr_phy_rdlvl /\FSM_onehot_cal1_state_r_reg[33] )
INFO: [Synth 8-3886] merging instance 'u_ddr_calib_top/mb_wrlvl_inst.u_ddr_phy_ck_addr_cmd_delay/delay_cnt_r_reg[4]' (FD) to 'u_ddr_calib_top/mb_wrlvl_inst.u_ddr_phy_ck_addr_cmd_delay/delay_cnt_r_reg[0]'
INFO: [Synth 8-3886] merging instance 'u_ddr_calib_top/mb_wrlvl_inst.u_ddr_phy_ck_addr_cmd_delay/delay_cnt_r_reg[5]' (FD) to 'u_ddr_calib_top/mb_wrlvl_inst.u_ddr_phy_ck_addr_cmd_delay/delay_cnt_r_reg[0]'
INFO: [Synth 8-3886] merging instance 'u_ddr_calib_top/mb_wrlvl_inst.u_ddr_phy_ck_addr_cmd_delay/delay_cnt_r_reg[3]' (FD) to 'u_ddr_calib_top/mb_wrlvl_inst.u_ddr_phy_ck_addr_cmd_delay/delay_cnt_r_reg[0]'
INFO: [Synth 8-3886] merging instance 'u_ddr_calib_top/mb_wrlvl_inst.u_ddr_phy_ck_addr_cmd_delay/delay_cnt_r_reg[2]' (FD) to 'u_ddr_calib_top/mb_wrlvl_inst.u_ddr_phy_ck_addr_cmd_delay/delay_cnt_r_reg[0]'
INFO: [Synth 8-3886] merging instance 'u_ddr_calib_top/mb_wrlvl_inst.u_ddr_phy_ck_addr_cmd_delay/delay_cnt_r_reg[1]' (FD) to 'u_ddr_calib_top/mb_wrlvl_inst.u_ddr_phy_ck_addr_cmd_delay/delay_cnt_r_reg[0]'
INFO: [Synth 8-3886] merging instance 'u_ddr_calib_top/mb_wrlvl_inst.u_ddr_phy_ck_addr_cmd_delay/delay_cnt_r_reg[0]' (FD) to 'u_ddr_calib_top/mb_wrlvl_inst.u_ddr_phy_ck_addr_cmd_delay/po_stg2_f_incdec_reg'
INFO: [Synth 8-3886] merging instance 'u_ddr_calib_top/u_ddr_phy_init/calib_tap_inc_done_r1_reg' (FD) to 'u_ddr_calib_top/u_ddr_phy_init/calib_data_offset_1_reg[5]'
INFO: [Synth 8-3886] merging instance 'u_ddr_calib_top/u_ddr_prbs_gen/victim_sel_rotate.sel_reg[0]' (FDR) to 'u_ddr_calib_top/u_ddr_prbs_gen/victim_sel_rotate.sel_reg[8]'
INFO: [Synth 8-3886] merging instance 'u_ddr_calib_top/u_ddr_prbs_gen/victim_sel_rotate.sel_reg[1]' (FDR) to 'u_ddr_calib_top/u_ddr_prbs_gen/victim_sel_rotate.sel_reg[9]'
INFO: [Synth 8-3886] merging instance 'u_ddr_calib_top/u_ddr_prbs_gen/victim_sel_rotate.sel_reg[2]' (FDR) to 'u_ddr_calib_top/u_ddr_prbs_gen/victim_sel_rotate.sel_reg[10]'
INFO: [Synth 8-3886] merging instance 'u_ddr_calib_top/u_ddr_prbs_gen/victim_sel_rotate.sel_reg[3]' (FDR) to 'u_ddr_calib_top/u_ddr_prbs_gen/victim_sel_rotate.sel_reg[11]'
INFO: [Synth 8-3886] merging instance 'u_ddr_calib_top/u_ddr_prbs_gen/victim_sel_rotate.sel_reg[4]' (FDR) to 'u_ddr_calib_top/u_ddr_prbs_gen/victim_sel_rotate.sel_reg[12]'
INFO: [Synth 8-3886] merging instance 'u_ddr_calib_top/u_ddr_prbs_gen/victim_sel_rotate.sel_reg[5]' (FDR) to 'u_ddr_calib_top/u_ddr_prbs_gen/victim_sel_rotate.sel_reg[13]'
INFO: [Synth 8-3886] merging instance 'u_ddr_calib_top/u_ddr_prbs_gen/victim_sel_rotate.sel_reg[6]' (FDR) to 'u_ddr_calib_top/u_ddr_prbs_gen/victim_sel_rotate.sel_reg[14]'
INFO: [Synth 8-3886] merging instance 'u_ddr_calib_top/u_ddr_prbs_gen/victim_sel_rotate.sel_reg[7]' (FDR) to 'u_ddr_calib_top/u_ddr_prbs_gen/victim_sel_rotate.sel_reg[15]'
INFO: [Synth 8-3886] merging instance 'u_ddr_calib_top/u_ddr_phy_init/gen_single_slot_odt.phy_tmp_odt_r_reg[3]' (FDR) to 'u_ddr_calib_top/u_ddr_phy_init/gen_single_slot_odt.phy_tmp_odt_r_reg[1]'
INFO: [Synth 8-3886] merging instance 'u_ddr_calib_top/u_ddr_phy_init/gen_single_slot_odt.phy_tmp_odt_r_reg[2]' (FDR) to 'u_ddr_calib_top/u_ddr_phy_init/gen_single_slot_odt.phy_tmp_odt_r_reg[1]'
INFO: [Synth 8-3333] propagating constant 0 across sequential element (u_ddr_calib_top/u_ddr_phy_init/\gen_single_slot_odt.phy_tmp_odt_r_reg[1] )
INFO: [Synth 8-3886] merging instance 'u_ddr_calib_top/u_ddr_phy_init/prbs_rdlvl_start_reg' (FDRE) to 'u_ddr_calib_top/u_ddr_phy_init/gen_rnk[1].mr2_r_reg[1][0]'
INFO: [Synth 8-3333] propagating constant 0 across sequential element (u_ddr_calib_top/u_ddr_phy_init/oclk_calib_resume_level_reg)
INFO: [Synth 8-3333] propagating constant 0 across sequential element (u_ddr_calib_top/u_ddr_phy_init/oclkdelay_int_ref_req_reg)
INFO: [Synth 8-3333] propagating constant 0 across sequential element (u_ddr_calib_top/u_ddr_phy_wrcal/wrcal_act_req_reg)
INFO: [Synth 8-3886] merging instance 'u_ddr_calib_top/u_ddr_phy_init/prbs_last_byte_done_r_reg' (FD) to 'u_ddr_calib_top/u_ddr_phy_init/rdlvl_stg1_done_r1_reg'
INFO: [Synth 8-3886] merging instance 'u_ddr_calib_top/u_ddr_phy_init/prbs_rdlvl_done_r1_reg' (FD) to 'u_ddr_calib_top/u_ddr_phy_init/rdlvl_stg1_done_r1_reg'
INFO: [Synth 8-3333] propagating constant 0 across sequential element (u_ddr_calib_top/u_ddr_phy_init/complex_rdlvl_int_ref_req_reg)
INFO: [Synth 8-3886] merging instance 'u_ddr_calib_top/u_ddr_phy_init/gen_rnk[1].mr1_r_reg[1][0]' (FDRE) to 'u_ddr_calib_top/u_ddr_phy_init/gen_rnk[1].mr2_r_reg[1][0]'
INFO: [Synth 8-3886] merging instance 'u_ddr_calib_top/u_ddr_phy_init/gen_rnk[1].mr1_r_reg[1][1]' (FDRE) to 'u_ddr_calib_top/u_ddr_phy_init/gen_rnk[1].mr2_r_reg[1][0]'
INFO: [Synth 8-3886] merging instance 'u_ddr_calib_top/u_ddr_phy_init/gen_rnk[1].mr1_r_reg[1][2]' (FDRE) to 'u_ddr_calib_top/u_ddr_phy_init/gen_rnk[1].mr2_r_reg[1][0]'
INFO: [Synth 8-3886] merging instance 'u_ddr_calib_top/u_ddr_phy_init/gen_rnk[1].mr2_r_reg[1][0]' (FDRE) to 'u_ddr_calib_top/u_ddr_phy_init/gen_rnk[1].mr2_r_reg[1][1]'
INFO: [Synth 8-3886] merging instance 'u_ddr_calib_top/u_ddr_phy_init/gen_rnk[1].mr2_r_reg[1][1]' (FDRE) to 'u_ddr_calib_top/u_ddr_phy_init/calib_tap_inc_start_reg'
INFO: [Synth 8-3886] merging instance 'u_ddr_calib_top/u_ddr_phy_init/phy_data_full_r_reg' (FD) to 'u_ddr_calib_top/u_ddr_phy_init/calib_data_offset_1_reg[5]'
INFO: [Synth 8-3886] merging instance 'u_ddr_calib_top/u_ddr_phy_init/new_burst_r_reg' (FD) to 'u_ddr_calib_top/u_ddr_phy_init/gen_div4_ca_tieoff.phy_ras_n_reg[3]'
INFO: [Synth 8-3333] propagating constant 1 across sequential element (u_ddr_calib_top/\ddr_phy_rdlvl_gen.u_ddr_phy_rdlvl /mpr_rdlvl_done_r_reg)
INFO: [Synth 8-3333] propagating constant 0 across sequential element (u_ddr_calib_top/\ddr_phy_rdlvl_gen.u_ddr_phy_rdlvl /\cal1_cnt_cpt_r_reg[1] )
INFO: [Synth 8-3333] propagating constant 0 across sequential element (u_ddr_calib_top/\mb_wrlvl_inst.u_ddr_phy_wrlvl /dual_rnk_dec_reg)
INFO: [Synth 8-3886] merging instance 'u_ddr_calib_top/u_ddr_phy_init/tg_timer_go_reg' (FD) to 'u_ddr_calib_top/u_ddr_phy_init/calib_data_offset_1_reg[5]'
INFO: [Synth 8-3333] propagating constant 0 across sequential element (u_ddr_calib_top/u_ddr_phy_init/calib_tap_end_if_reset_reg)
INFO: [Synth 8-3886] merging instance 'gen_ddr3_noparity.parity_reg[0]' (FD) to 'gen_ddr3_noparity.parity_reg[1]'
INFO: [Synth 8-3886] merging instance 'gen_ddr3_noparity.parity_reg[1]' (FD) to 'gen_ddr3_noparity.parity_reg[2]'
INFO: [Synth 8-3886] merging instance 'gen_ddr3_noparity.parity_reg[2]' (FD) to 'gen_ddr3_noparity.parity_reg[3]'
INFO: [Synth 8-3333] propagating constant 0 across sequential element (\gen_ddr3_noparity.parity_reg[3] )
INFO: [Synth 8-3886] merging instance 'u_ddr_calib_top/u_ddr_phy_init/odd_cwl.phy_we_n_reg[0]' (FDS) to 'u_ddr_calib_top/u_ddr_phy_init/odd_cwl.phy_ras_n_reg[0]'
INFO: [Synth 8-3886] merging instance 'u_ddr_calib_top/u_ddr_phy_init/odd_cwl.phy_ras_n_reg[0]' (FDS) to 'u_ddr_calib_top/u_ddr_phy_init/odd_cwl.phy_cas_n_reg[0]'
INFO: [Common 17-14] Message 'Synth 8-3886' appears 100 times and further instances of the messages will be disabled. Use the Tcl command set_msg_config to change the current settings.
INFO: [Synth 8-3333] propagating constant 1 across sequential element (u_ddr_calib_top/u_ddr_phy_init/\odd_cwl.phy_cas_n_reg[0] )
INFO: [Synth 8-3333] propagating constant 1 across sequential element (u_ddr_calib_top/u_ddr_phy_init/\calib_cas_slot_reg[0] )
INFO: [Common 17-14] Message 'Synth 8-3886' appears 100 times and further instances of the messages will be disabled. Use the Tcl command set_msg_config to change the current settings.
INFO: [Synth 8-3333] propagating constant 0 across sequential element (u_ddr_calib_top/u_ddr_phy_init/\complex_address_reg[13] )
INFO: [Synth 8-3333] propagating constant 0 across sequential element (u_ddr_calib_top/u_ddr_phy_init/\gen_no_mirror.div_clk_loop[0].phy_address_reg[13] )
INFO: [Synth 8-3333] propagating constant 0 across sequential element (u_ddr_calib_top/u_ddr_phy_init/calib_tap_inc_start_reg)
INFO: [Synth 8-3333] propagating constant 0 across sequential element (u_ddr_calib_top/\skip_calib_tap_off.calib_tap_req_reg )
INFO: [Synth 8-3333] propagating constant 0 across sequential element (u_ddr_calib_top/\mb_wrlvl_inst.u_ddr_phy_ck_addr_cmd_delay /po_stg2_f_incdec_reg)
INFO: [Synth 8-3333] propagating constant 1 across sequential element (u_ddr_calib_top/\calib_zero_ctrl_reg[0] )
INFO: [Synth 8-3333] propagating constant 0 across sequential element (u_ddr_calib_top/\calib_sel_reg[5] )
INFO: [Synth 8-3333] propagating constant 0 across sequential element (u_ddr_calib_top/u_ddr_phy_init/ext_int_ref_req_reg)
INFO: [Synth 8-3333] propagating constant 0 across sequential element (u_ddr_calib_top/\ddr_phy_rdlvl_gen.u_ddr_phy_rdlvl /mpr_last_byte_done_reg)
INFO: [Synth 8-3333] propagating constant 0 across sequential element (u_ddr_calib_top/u_ddr_phy_init/temp_lmr_done_reg)
INFO: [Synth 8-3333] propagating constant 0 across sequential element (u_ddr_calib_top/u_ddr_phy_init/\gen_rnk[0].mr2_r_reg[0][1] )
INFO: [Synth 8-3333] propagating constant 1 across sequential element (u_ddr_calib_top/\ddr_phy_rdlvl_gen.u_ddr_phy_rdlvl /mpr_rdlvl_done_r1_reg)
INFO: [Synth 8-3333] propagating constant 0 across sequential element (u_ddr_calib_top/\mb_wrlvl_inst.u_ddr_phy_wrlvl /wrlvl_final_r_reg)
INFO: [Synth 8-3333] propagating constant 0 across sequential element (u_ddr_calib_top/\mb_wrlvl_inst.u_ddr_phy_ck_addr_cmd_delay /po_cnt_inc_reg)
INFO: [Synth 8-3333] propagating constant 0 across sequential element (u_ddr_calib_top/u_ddr_phy_init/\calib_odt_reg[1] )
INFO: [Synth 8-3333] propagating constant 0 across sequential element (u_ddr_calib_top/\ddr_phy_rdlvl_gen.u_ddr_phy_rdlvl /\rd_mux_sel_r_reg[1] )
INFO: [Synth 8-3333] propagating constant 0 across sequential element (u_ddr_calib_top/\ddr_phy_rdlvl_gen.u_ddr_phy_rdlvl /mpr_valid_r1_reg)
INFO: [Synth 8-3333] propagating constant 1 across sequential element (u_ddr_calib_top/\ddr_phy_rdlvl_gen.u_ddr_phy_rdlvl /mpr_rdlvl_done_r1_reg)
INFO: [Common 17-14] Message 'Synth 8-3333' appears 100 times and further instances of the messages will be disabled. Use the Tcl command set_msg_config to change the current settings.
WARNING: [Synth 8-3332] Sequential element (FSM_onehot_cal1_state_r_reg[33]) is unused and will be removed from module mig_7series_v4_2_ddr_phy_rdlvl.
INFO: [Synth 8-3333] propagating constant 0 across sequential element (\ar_addr_q_reg[3] )
INFO: [Synth 8-3333] propagating constant 0 across sequential element (\ar_len_q_reg[7] )
INFO: [Synth 8-3333] propagating constant 0 across sequential element (u_topk/\drain_i_reg[2] )
INFO: [Synth 8-3333] propagating constant 1 across sequential element (u_topk/\ord_reg[7][2] )
INFO: [Synth 8-3333] propagating constant 0 across sequential element (u_topk/\ord_reg[6][0] )
INFO: [Synth 8-3333] propagating constant 1 across sequential element (u_topk/\ord_reg[6][2] )
INFO: [Synth 8-3333] propagating constant 0 across sequential element (u_topk/\ord_reg[5][1] )
INFO: [Synth 8-3333] propagating constant 1 across sequential element (u_topk/\ord_reg[5][2] )
INFO: [Synth 8-3333] propagating constant 0 across sequential element (u_topk/\ord_reg[4][1] )
INFO: [Synth 8-3333] propagating constant 1 across sequential element (u_topk/\ord_reg[4][2] )
INFO: [Synth 8-3333] propagating constant 1 across sequential element (u_topk/\ord_reg[3][1] )
INFO: [Synth 8-3333] propagating constant 0 across sequential element (u_topk/\ord_reg[3][2] )
INFO: [Synth 8-3333] propagating constant 1 across sequential element (u_topk/\ord_reg[2][1] )
INFO: [Synth 8-3333] propagating constant 0 across sequential element (u_topk/\ord_reg[2][2] )
INFO: [Synth 8-3333] propagating constant 1 across sequential element (u_topk/\ord_reg[1][0] )
INFO: [Synth 8-3333] propagating constant 0 across sequential element (u_topk/\ord_reg[1][2] )
INFO: [Synth 8-3333] propagating constant 0 across sequential element (u_topk/\ord_reg[0][2] )
INFO: [Synth 8-3333] propagating constant 0 across sequential element (u_topk/\out_idx_o_reg[0] )
INFO: [Synth 8-3333] propagating constant 0 across sequential element (u_topk/\out_idx_o_reg[1] )
INFO: [Synth 8-3333] propagating constant 0 across sequential element (u_topk/\out_idx_o_reg[2] )
INFO: [Synth 8-3333] propagating constant 0 across sequential element (u_topk/\out_id_o_reg[0] )
INFO: [Synth 8-3333] propagating constant 0 across sequential element (u_topk/\out_id_o_reg[1] )
INFO: [Synth 8-3333] propagating constant 0 across sequential element (u_topk/\out_id_o_reg[2] )
INFO: [Synth 8-3333] propagating constant 0 across sequential element (u_topk/\out_id_o_reg[3] )
INFO: [Synth 8-3333] propagating constant 0 across sequential element (u_topk/\out_id_o_reg[4] )
INFO: [Synth 8-3333] propagating constant 0 across sequential element (u_topk/\out_id_o_reg[5] )
INFO: [Synth 8-3333] propagating constant 0 across sequential element (u_topk/\out_id_o_reg[6] )
INFO: [Synth 8-3333] propagating constant 0 across sequential element (u_topk/\out_id_o_reg[7] )
INFO: [Synth 8-3333] propagating constant 0 across sequential element (u_topk/\out_id_o_reg[8] )
INFO: [Synth 8-3333] propagating constant 0 across sequential element (u_topk/\out_id_o_reg[9] )
INFO: [Synth 8-3333] propagating constant 0 across sequential element (u_topk/\out_id_o_reg[10] )
INFO: [Synth 8-3333] propagating constant 0 across sequential element (u_topk/\out_id_o_reg[11] )
INFO: [Synth 8-3333] propagating constant 0 across sequential element (u_topk/\out_id_o_reg[12] )
INFO: [Synth 8-3333] propagating constant 0 across sequential element (u_topk/\out_id_o_reg[13] )
INFO: [Synth 8-3333] propagating constant 0 across sequential element (u_topk/\out_id_o_reg[14] )
INFO: [Synth 8-3333] propagating constant 0 across sequential element (u_topk/\out_id_o_reg[15] )
INFO: [Synth 8-3333] propagating constant 0 across sequential element (u_topk/\out_id_o_reg[16] )
INFO: [Synth 8-3333] propagating constant 0 across sequential element (u_topk/\out_id_o_reg[17] )
INFO: [Synth 8-3333] propagating constant 0 across sequential element (u_topk/\out_id_o_reg[18] )
INFO: [Synth 8-3333] propagating constant 0 across sequential element (u_topk/\out_id_o_reg[19] )
INFO: [Synth 8-3333] propagating constant 0 across sequential element (u_topk/\out_id_o_reg[20] )
INFO: [Synth 8-3333] propagating constant 0 across sequential element (u_topk/\out_id_o_reg[21] )
INFO: [Synth 8-3333] propagating constant 0 across sequential element (u_topk/\out_id_o_reg[22] )
INFO: [Synth 8-3333] propagating constant 0 across sequential element (u_topk/\out_id_o_reg[23] )
INFO: [Synth 8-3333] propagating constant 0 across sequential element (u_topk/\out_id_o_reg[24] )
INFO: [Synth 8-3333] propagating constant 0 across sequential element (u_topk/\out_id_o_reg[25] )
INFO: [Synth 8-3333] propagating constant 0 across sequential element (u_topk/\out_id_o_reg[26] )
INFO: [Synth 8-3333] propagating constant 0 across sequential element (u_topk/\out_id_o_reg[27] )
INFO: [Synth 8-3333] propagating constant 0 across sequential element (u_topk/\out_id_o_reg[28] )
INFO: [Synth 8-3333] propagating constant 0 across sequential element (u_topk/\out_id_o_reg[29] )
INFO: [Synth 8-3333] propagating constant 0 across sequential element (u_topk/\out_id_o_reg[30] )
INFO: [Synth 8-3333] propagating constant 0 across sequential element (u_topk/\out_id_o_reg[31] )
INFO: [Synth 8-3333] propagating constant 0 across sequential element (u_topk/\out_s_o_reg[0] )
INFO: [Synth 8-3333] propagating constant 0 across sequential element (u_topk/\out_s_o_reg[1] )
INFO: [Common 17-14] Message 'Synth 8-3333' appears 100 times and further instances of the messages will be disabled. Use the Tcl command set_msg_config to change the current settings.
WARNING: [Synth 8-3917] design a7ng_ng02_core__GB1 has port P[1] driven by constant 0
WARNING: [Synth 8-3917] design a7ng_ng02_core__GB1 has port P[0] driven by constant 0
INFO: [Synth 8-4471] merging register 'TILE.i_reg[9:0]' into 'TILE.i_reg[9:0]' [D:/Jetking_sem4/SEM_4/arty-a7-online-lm-g14-preboard-00/rtl/lm/weight_tile803k.sv:155]
INFO: [Synth 8-4471] merging register 'TILE.beat_reg[6:0]' into 'TILE.beat_reg[6:0]' [D:/Jetking_sem4/SEM_4/arty-a7-online-lm-g14-preboard-00/rtl/lm/weight_tile803k.sv:150]
WARNING: [Synth 8-3917] design weight_tile803k__GB0 has port P[2] driven by constant 0
WARNING: [Synth 8-3917] design weight_tile803k__GB0 has port P[1] driven by constant 0
WARNING: [Synth 8-3917] design weight_tile803k__GB0 has port P[0] driven by constant 0
INFO: [Synth 8-4471] merging register 'TILE.ch_reg[10:0]' into 'TILE.ch_reg[10:0]' [D:/Jetking_sem4/SEM_4/arty-a7-online-lm-g14-preboard-00/rtl/lm/weight_tile803k.sv:155]
INFO: [Synth 8-5544] ROM "rg_base" won't be mapped to Block RAM because address size (3) smaller than threshold (5)
INFO: [Synth 8-12192] Not enough pipeline registers after wide multiplier. Pipeline registers present is 0. Recommended levels of pipeline registers is 4. [D:/Jetking_sem4/SEM_4/arty-a7-online-lm-g14-preboard-00/rtl/lm/tiny_gpt803k_core.sv:623]
INFO: [Synth 8-12192] Not enough pipeline registers after wide multiplier. Pipeline registers present is 0. Recommended levels of pipeline registers is 4. [D:/Jetking_sem4/SEM_4/arty-a7-online-lm-g14-preboard-00/rtl/lm/tiny_gpt803k_core.sv:506]
DSP Report: Generating DSP acc1, operation Mode is: A2*B2.
DSP Report: register op_a_reg is absorbed into DSP acc1.
DSP Report: register acc1 is absorbed into DSP acc1.
DSP Report: operator acc1 is absorbed into DSP acc1.
DSP Report: operator acc1 is absorbed into DSP acc1.
DSP Report: Generating DSP acc1, operation Mode is: (PCIN>>17)+A2*B2.
DSP Report: register op_a_reg is absorbed into DSP acc1.
DSP Report: register op_a_reg is absorbed into DSP acc1.
DSP Report: operator acc1 is absorbed into DSP acc1.
DSP Report: operator acc1 is absorbed into DSP acc1.
DSP Report: Generating DSP acc1, operation Mode is: A2*B2.
DSP Report: register acc1 is absorbed into DSP acc1.
DSP Report: register acc1 is absorbed into DSP acc1.
DSP Report: operator acc1 is absorbed into DSP acc1.
DSP Report: operator acc1 is absorbed into DSP acc1.
DSP Report: Generating DSP acc1, operation Mode is: (PCIN>>17)+A2*B2.
DSP Report: register op_a_reg is absorbed into DSP acc1.
DSP Report: register acc1 is absorbed into DSP acc1.
DSP Report: operator acc1 is absorbed into DSP acc1.
DSP Report: operator acc1 is absorbed into DSP acc1.
DSP Report: Generating DSP acc1, operation Mode is: A2*B2.
DSP Report: register op_a_reg is absorbed into DSP acc1.
DSP Report: register acc1 is absorbed into DSP acc1.
DSP Report: operator acc1 is absorbed into DSP acc1.
DSP Report: operator acc1 is absorbed into DSP acc1.
DSP Report: Generating DSP acc1, operation Mode is: (PCIN>>17)+A2*B2.
DSP Report: register op_b_reg is absorbed into DSP acc1.
DSP Report: register op_a_reg is absorbed into DSP acc1.
DSP Report: operator acc1 is absorbed into DSP acc1.
DSP Report: operator acc1 is absorbed into DSP acc1.
DSP Report: Generating DSP acc1, operation Mode is: A2*B2.
DSP Report: register acc1 is absorbed into DSP acc1.
DSP Report: register acc1 is absorbed into DSP acc1.
DSP Report: operator acc1 is absorbed into DSP acc1.
DSP Report: operator acc1 is absorbed into DSP acc1.
DSP Report: Generating DSP acc1, operation Mode is: (PCIN>>17)+A2*B2.
DSP Report: register op_b_reg is absorbed into DSP acc1.
DSP Report: register acc1 is absorbed into DSP acc1.
DSP Report: operator acc1 is absorbed into DSP acc1.
DSP Report: operator acc1 is absorbed into DSP acc1.
INFO: [Common 17-14] Message 'Synth 8-3886' appears 100 times and further instances of the messages will be disabled. Use the Tcl command set_msg_config to change the current settings.
INFO: [Synth 8-4471] merging register 'row_reg[10:0]' into 'row_reg[10:0]' [D:/Jetking_sem4/SEM_4/arty-a7-online-lm-g14-preboard-00/rtl/lm/tiny_gpt803k_core.sv:148]
INFO: [Synth 8-4471] merging register 'tok_i_reg[6:0]' into 'tok_i_reg[6:0]' [D:/Jetking_sem4/SEM_4/arty-a7-online-lm-g14-preboard-00/rtl/lm/tiny_gpt803k_core.sv:380]
INFO: [Synth 8-4471] merging register 'tok_i_reg[6:0]' into 'tok_i_reg[6:0]' [D:/Jetking_sem4/SEM_4/arty-a7-online-lm-g14-preboard-00/rtl/lm/tiny_gpt803k_core.sv:380]
INFO: [Synth 8-4471] merging register 'ten_o_reg[2:0]' into 'ten_o_reg[2:0]' [D:/Jetking_sem4/SEM_4/arty-a7-online-lm-g14-preboard-00/rtl/lm/tiny_gpt803k_core.sv:146]
INFO: [Synth 8-4471] merging register 'tok_i_reg[6:0]' into 'tok_i_reg[6:0]' [D:/Jetking_sem4/SEM_4/arty-a7-online-lm-g14-preboard-00/rtl/lm/tiny_gpt803k_core.sv:380]
INFO: [Synth 8-4471] merging register 'tok_i_reg[6:0]' into 'tok_i_reg[6:0]' [D:/Jetking_sem4/SEM_4/arty-a7-online-lm-g14-preboard-00/rtl/lm/tiny_gpt803k_core.sv:380]
INFO: [Synth 8-4471] merging register 'tok_i_reg[6:0]' into 'tok_i_reg[6:0]' [D:/Jetking_sem4/SEM_4/arty-a7-online-lm-g14-preboard-00/rtl/lm/tiny_gpt803k_core.sv:380]
INFO: [Synth 8-4471] merging register 'tok_i_reg[6:0]' into 'tok_i_reg[6:0]' [D:/Jetking_sem4/SEM_4/arty-a7-online-lm-g14-preboard-00/rtl/lm/tiny_gpt803k_core.sv:380]
INFO: [Synth 8-4471] merging register 'tok_i_reg[6:0]' into 'tok_i_reg[6:0]' [D:/Jetking_sem4/SEM_4/arty-a7-online-lm-g14-preboard-00/rtl/lm/tiny_gpt803k_core.sv:380]
INFO: [Synth 8-4471] merging register 'hix_reg[1:0]' into 'hix_reg[1:0]' [D:/Jetking_sem4/SEM_4/arty-a7-online-lm-g14-preboard-00/rtl/lm/tiny_gpt803k_core.sv:672]
INFO: [Synth 8-4471] merging register 'tok_j_reg[6:0]' into 'tok_j_reg[6:0]' [D:/Jetking_sem4/SEM_4/arty-a7-online-lm-g14-preboard-00/rtl/lm/tiny_gpt803k_core.sv:672]
INFO: [Synth 8-4471] merging register 'ly_reg[1:0]' into 'ly_reg[1:0]' [D:/Jetking_sem4/SEM_4/arty-a7-online-lm-g14-preboard-00/rtl/lm/tiny_gpt803k_core.sv:380]
INFO: [Synth 8-4471] merging register 'ly_reg[1:0]' into 'ly_reg[1:0]' [D:/Jetking_sem4/SEM_4/arty-a7-online-lm-g14-preboard-00/rtl/lm/tiny_gpt803k_core.sv:380]
INFO: [Synth 8-4471] merging register 'ly_reg[1:0]' into 'ly_reg[1:0]' [D:/Jetking_sem4/SEM_4/arty-a7-online-lm-g14-preboard-00/rtl/lm/tiny_gpt803k_core.sv:380]
INFO: [Synth 8-4471] merging register 'ly_reg[1:0]' into 'ly_reg[1:0]' [D:/Jetking_sem4/SEM_4/arty-a7-online-lm-g14-preboard-00/rtl/lm/tiny_gpt803k_core.sv:380]
INFO: [Synth 8-4471] merging register 'ly_reg[1:0]' into 'ly_reg[1:0]' [D:/Jetking_sem4/SEM_4/arty-a7-online-lm-g14-preboard-00/rtl/lm/tiny_gpt803k_core.sv:380]
INFO: [Synth 8-4471] merging register 'ly_reg[1:0]' into 'ly_reg[1:0]' [D:/Jetking_sem4/SEM_4/arty-a7-online-lm-g14-preboard-00/rtl/lm/tiny_gpt803k_core.sv:380]
INFO: [Synth 8-4471] merging register 'ly_reg[1:0]' into 'ly_reg[1:0]' [D:/Jetking_sem4/SEM_4/arty-a7-online-lm-g14-preboard-00/rtl/lm/tiny_gpt803k_core.sv:380]
INFO: [Common 17-14] Message 'Synth 8-3886' appears 100 times and further instances of the messages will be disabled. Use the Tcl command set_msg_config to change the current settings.
INFO: [Synth 8-4471] merging register 'u_g1/pe_q_reg[15:0]' into 'u_g1/qe_q_reg[15:0]' [D:/Jetking_sem4/SEM_4/arty-a7-online-lm-g14-preboard-00/rtl/native_graph/learn/a7ng_feedback_resolver.sv:98]
INFO: [Synth 8-4471] merging register 'u_g1/consume_p_epoch_o_reg[15:0]' into 'u_g1/consume_q_epoch_o_reg[15:0]' [D:/Jetking_sem4/SEM_4/arty-a7-online-lm-g14-preboard-00/rtl/native_graph/learn/a7ng_feedback_resolver.sv:105]
INFO: [Synth 8-5546] ROM "map_q" won't be mapped to RAM because it is too sparse
INFO: [Synth 8-5546] ROM "map_q" won't be mapped to RAM because it is too sparse
WARNING: [Synth 8-3917] design a7ng_native_v1_ab_core__GC0 has port ctx_idx_o[6] driven by constant 0
WARNING: [Synth 8-3917] design a7ng_native_v1_ab_core__GC0 has port ctx_idx_o[5] driven by constant 0
WARNING: [Synth 8-3917] design a7ng_native_v1_ab_core__GC0 has port ctx_idx_o[4] driven by constant 0
WARNING: [Synth 8-3917] design a7ng_native_v1_ab_core__GC0 has port ctx_idx_o[3] driven by constant 0
WARNING: [Synth 8-3917] design a7ng_native_v1_ab_core__GC0 has port ctx_idx_o[2] driven by constant 0
WARNING: [Synth 8-3917] design a7ng_native_v1_ab_core__GC0 has port ctx_idx_o[1] driven by constant 0
WARNING: [Synth 8-3917] design a7ng_native_v1_ab_core__GC0 has port ctx_idx_o[0] driven by constant 0
WARNING: [Synth 8-3917] design a7ng_native_v1_ab_core__GC0 has port ctx_n_in_o[6] driven by constant 0
WARNING: [Synth 8-3917] design a7ng_native_v1_ab_core__GC0 has port ctx_n_in_o[5] driven by constant 0
WARNING: [Synth 8-3917] design a7ng_native_v1_ab_core__GC0 has port ctx_n_in_o[4] driven by constant 0
WARNING: [Synth 8-3917] design a7ng_native_v1_ab_core__GC0 has port ctx_n_in_o[3] driven by constant 1
WARNING: [Synth 8-3917] design a7ng_native_v1_ab_core__GC0 has port ctx_n_in_o[2] driven by constant 0
WARNING: [Synth 8-3917] design a7ng_native_v1_ab_core__GC0 has port ctx_n_in_o[1] driven by constant 0
WARNING: [Synth 8-3917] design a7ng_native_v1_ab_core__GC0 has port ctx_n_in_o[0] driven by constant 0
INFO: [Common 17-14] Message 'Synth 8-7129' appears 100 times and further instances of the messages will be disabled. Use the Tcl command set_msg_config to change the current settings.
INFO: [Synth 8-4471] merging register 'a_reg[27:0]' into 'a_reg[27:0]' [D:/Jetking_sem4/SEM_4/arty-a7-online-lm-g14-preboard-00/rtl/ddr/ddr_tile_dma.sv:68]
INFO: [Synth 8-4471] merging register 'last_beat_reg[8:0]' into 'last_beat_reg[8:0]' [D:/Jetking_sem4/SEM_4/arty-a7-online-lm-g14-preboard-00/rtl/ddr/ddr_tile_dma.sv:80]
INFO: [Synth 8-4471] merging register 'last_beat_reg[8:0]' into 'last_beat_reg[8:0]' [D:/Jetking_sem4/SEM_4/arty-a7-online-lm-g14-preboard-00/rtl/ddr/ddr_tile_dma.sv:80]
INFO: [Synth 8-5544] ROM "seq0" won't be mapped to Block RAM because address size (4) smaller than threshold (5)
INFO: [Synth 8-5544] ROM "len0" won't be mapped to Block RAM because address size (4) smaller than threshold (5)
INFO: [Synth 8-5544] ROM "gotcrc0" won't be mapped to Block RAM because address size (4) smaller than threshold (5)
INFO: [Synth 8-5544] ROM "len" won't be mapped to Block RAM because address size (4) smaller than threshold (5)
INFO: [Synth 8-5544] ROM "hb_char" won't be mapped to Block RAM because address size (4) smaller than threshold (5)
INFO: [Synth 8-5544] ROM "hb_char" won't be mapped to Block RAM because address size (4) smaller than threshold (5)
INFO: [Synth 8-5544] ROM "hb_char" won't be mapped to Block RAM because address size (4) smaller than threshold (5)
INFO: [Synth 8-5544] ROM "hb_char" won't be mapped to Block RAM because address size (4) smaller than threshold (5)
INFO: [Synth 8-5544] ROM "hb_char" won't be mapped to Block RAM because address size (4) smaller than threshold (5)
INFO: [Synth 8-5544] ROM "hb_char" won't be mapped to Block RAM because address size (4) smaller than threshold (5)
INFO: [Synth 8-5544] ROM "hb_char" won't be mapped to Block RAM because address size (4) smaller than threshold (5)
INFO: [Synth 8-5544] ROM "hb_char" won't be mapped to Block RAM because address size (4) smaller than threshold (5)
INFO: [Synth 8-5544] ROM "hb_char" won't be mapped to Block RAM because address size (4) smaller than threshold (5)
INFO: [Synth 8-5544] ROM "hb_char" won't be mapped to Block RAM because address size (4) smaller than threshold (5)
INFO: [Synth 8-5544] ROM "hb_char" won't be mapped to Block RAM because address size (4) smaller than threshold (5)
INFO: [Synth 8-5544] ROM "hb_char" won't be mapped to Block RAM because address size (4) smaller than threshold (5)
INFO: [Synth 8-5544] ROM "hb_char" won't be mapped to Block RAM because address size (4) smaller than threshold (5)
INFO: [Synth 8-5544] ROM "hb_char" won't be mapped to Block RAM because address size (4) smaller than threshold (5)
INFO: [Synth 8-5544] ROM "hb_char" won't be mapped to Block RAM because address size (4) smaller than threshold (5)
INFO: [Synth 8-5544] ROM "hb_char" won't be mapped to Block RAM because address size (4) smaller than threshold (5)
INFO: [Synth 8-5544] ROM "hb_char" won't be mapped to Block RAM because address size (4) smaller than threshold (5)
INFO: [Synth 8-5544] ROM "hb_char" won't be mapped to Block RAM because address size (4) smaller than threshold (5)
INFO: [Synth 8-5544] ROM "hb_char" won't be mapped to Block RAM because address size (4) smaller than threshold (5)
INFO: [Synth 8-5544] ROM "hb_char" won't be mapped to Block RAM because address size (4) smaller than threshold (5)
INFO: [Common 17-14] Message 'Synth 8-7129' appears 100 times and further instances of the messages will be disabled. Use the Tcl command set_msg_config to change the current settings.
INFO: [Synth 8-5775] Found 'rw_addr_collision' attribute set to 'no' on SDP RAM gen_wr_a.gen_word_narrow.mem_reg. Setting write mode to NO_CHANGE 
INFO: [Synth 8-5775] Found 'rw_addr_collision' attribute set to 'no' on SDP RAM gen_wr_a.gen_word_narrow.mem_reg. Setting write mode to NO_CHANGE 
INFO: [Synth 8-5775] Found 'rw_addr_collision' attribute set to 'no' on SDP RAM gen_wr_a.gen_word_narrow.mem_reg. Setting write mode to NO_CHANGE 
INFO: [Synth 8-5775] Found 'rw_addr_collision' attribute set to 'no' on SDP RAM gen_wr_a.gen_word_narrow.mem_reg. Setting write mode to NO_CHANGE 
INFO: [Synth 8-5775] Found 'rw_addr_collision' attribute set to 'no' on SDP RAM gen_wr_a.gen_word_narrow.mem_reg. Setting write mode to NO_CHANGE 
INFO: [Synth 8-5775] Found 'rw_addr_collision' attribute set to 'no' on SDP RAM gen_wr_a.gen_word_narrow.mem_reg. Setting write mode to NO_CHANGE 
INFO: [Synth 8-7082] The signal gen_wr_a.gen_word_narrow.mem_reg is implemented as Block RAM but is better mapped onto distributed LUT RAM for the following reason(s): The depth (4 address bits) is shallow. Please use attribute (* ram_style = "distributed" *) to instruct Vivado to infer distributed LUT RAM.
INFO: [Synth 8-5775] Found 'rw_addr_collision' attribute set to 'no' on SDP RAM gen_wr_a.gen_word_narrow.mem_reg. Setting write mode to NO_CHANGE 
INFO: [Synth 8-5775] Found 'rw_addr_collision' attribute set to 'no' on SDP RAM gen_wr_a.gen_word_narrow.mem_reg. Setting write mode to NO_CHANGE 
INFO: [Synth 8-5775] Found 'rw_addr_collision' attribute set to 'no' on SDP RAM gen_wr_a.gen_word_narrow.mem_reg. Setting write mode to NO_CHANGE 
INFO: [Synth 8-5775] Found 'rw_addr_collision' attribute set to 'no' on SDP RAM gen_wr_a.gen_word_narrow.mem_reg. Setting write mode to NO_CHANGE 
INFO: [Synth 8-5775] Found 'rw_addr_collision' attribute set to 'no' on SDP RAM gen_wr_a.gen_word_narrow.mem_reg. Setting write mode to NO_CHANGE 
INFO: [Synth 8-5775] Found 'rw_addr_collision' attribute set to 'no' on SDP RAM gen_wr_a.gen_word_narrow.mem_reg. Setting write mode to NO_CHANGE 
INFO: [Synth 8-5775] Found 'rw_addr_collision' attribute set to 'no' on SDP RAM gen_wr_a.gen_word_narrow.mem_reg. Setting write mode to NO_CHANGE 
INFO: [Synth 8-5775] Found 'rw_addr_collision' attribute set to 'no' on SDP RAM gen_wr_a.gen_word_narrow.mem_reg. Setting write mode to NO_CHANGE 
INFO: [Synth 8-5775] Found 'rw_addr_collision' attribute set to 'no' on SDP RAM gen_wr_a.gen_word_narrow.mem_reg. Setting write mode to NO_CHANGE 
INFO: [Synth 8-5775] Found 'rw_addr_collision' attribute set to 'no' on SDP RAM gen_wr_a.gen_word_narrow.mem_reg. Setting write mode to NO_CHANGE 
INFO: [Synth 8-5775] Found 'rw_addr_collision' attribute set to 'no' on SDP RAM gen_wr_a.gen_word_narrow.mem_reg. Setting write mode to NO_CHANGE 
INFO: [Synth 8-5775] Found 'rw_addr_collision' attribute set to 'no' on SDP RAM gen_wr_a.gen_word_narrow.mem_reg. Setting write mode to NO_CHANGE 
INFO: [Synth 8-5775] Found 'rw_addr_collision' attribute set to 'no' on SDP RAM gen_wr_a.gen_word_narrow.mem_reg. Setting write mode to NO_CHANGE 
INFO: [Synth 8-5775] Found 'rw_addr_collision' attribute set to 'no' on SDP RAM gen_wr_a.gen_word_narrow.mem_reg. Setting write mode to NO_CHANGE 
INFO: [Synth 8-5775] Found 'rw_addr_collision' attribute set to 'no' on SDP RAM gen_wr_a.gen_word_narrow.mem_reg. Setting write mode to NO_CHANGE 
INFO: [Synth 8-5775] Found 'rw_addr_collision' attribute set to 'no' on SDP RAM gen_wr_a.gen_word_narrow.mem_reg. Setting write mode to NO_CHANGE 
INFO: [Synth 8-5775] Found 'rw_addr_collision' attribute set to 'no' on SDP RAM gen_wr_a.gen_word_narrow.mem_reg. Setting write mode to NO_CHANGE 
INFO: [Synth 8-5775] Found 'rw_addr_collision' attribute set to 'no' on SDP RAM gen_wr_a.gen_word_narrow.mem_reg. Setting write mode to NO_CHANGE 
INFO: [Synth 8-5775] Found 'rw_addr_collision' attribute set to 'no' on SDP RAM gen_wr_a.gen_word_narrow.mem_reg. Setting write mode to NO_CHANGE 
INFO: [Synth 8-5775] Found 'rw_addr_collision' attribute set to 'no' on SDP RAM gen_wr_a.gen_word_narrow.mem_reg. Setting write mode to NO_CHANGE 
INFO: [Synth 8-5775] Found 'rw_addr_collision' attribute set to 'no' on SDP RAM gen_wr_a.gen_word_narrow.mem_reg. Setting write mode to NO_CHANGE 
INFO: [Synth 8-5775] Found 'rw_addr_collision' attribute set to 'no' on SDP RAM gen_wr_a.gen_word_narrow.mem_reg. Setting write mode to NO_CHANGE 
INFO: [Synth 8-5775] Found 'rw_addr_collision' attribute set to 'no' on SDP RAM gen_wr_a.gen_word_narrow.mem_reg. Setting write mode to NO_CHANGE 
INFO: [Synth 8-5775] Found 'rw_addr_collision' attribute set to 'no' on SDP RAM gen_wr_a.gen_word_narrow.mem_reg. Setting write mode to NO_CHANGE 
INFO: [Synth 8-5775] Found 'rw_addr_collision' attribute set to 'no' on SDP RAM gen_wr_a.gen_word_narrow.mem_reg. Setting write mode to NO_CHANGE 
INFO: [Synth 8-5775] Found 'rw_addr_collision' attribute set to 'no' on SDP RAM gen_wr_a.gen_word_narrow.mem_reg. Setting write mode to NO_CHANGE 
INFO: [Synth 8-5775] Found 'rw_addr_collision' attribute set to 'no' on SDP RAM gen_wr_a.gen_word_narrow.mem_reg. Setting write mode to NO_CHANGE 
INFO: [Synth 8-5775] Found 'rw_addr_collision' attribute set to 'no' on SDP RAM gen_wr_a.gen_word_narrow.mem_reg. Setting write mode to NO_CHANGE 
INFO: [Synth 8-5775] Found 'rw_addr_collision' attribute set to 'no' on SDP RAM gen_wr_a.gen_word_narrow.mem_reg. Setting write mode to NO_CHANGE 
INFO: [Synth 8-5775] Found 'rw_addr_collision' attribute set to 'no' on SDP RAM gen_wr_a.gen_word_narrow.mem_reg. Setting write mode to NO_CHANGE 
INFO: [Common 17-14] Message 'Synth 8-3886' appears 100 times and further instances of the messages will be disabled. Use the Tcl command set_msg_config to change the current settings.
INFO: [Common 17-14] Message 'Synth 8-3333' appears 100 times and further instances of the messages will be disabled. Use the Tcl command set_msg_config to change the current settings.
---------------------------------------------------------------------------------
Finished Cross Boundary and Area Optimization : Time (s): cpu = 00:04:16 ; elapsed = 00:05:32 . Memory (MB): peak = 3110.469 ; gain = 2272.617
---------------------------------------------------------------------------------
 Sort Area is tiny_gpt803k_core__GCB0 acc1_0 : 0 0 : 3137 5823 : Used 1 time 0
 Sort Area is tiny_gpt803k_core__GCB0 acc1_0 : 0 1 : 2686 5823 : Used 1 time 0
 Sort Area is tiny_gpt803k_core__GCB0 acc1_6 : 0 0 : 3137 5823 : Used 1 time 0
 Sort Area is tiny_gpt803k_core__GCB0 acc1_6 : 0 1 : 2686 5823 : Used 1 time 0
 Sort Area is tiny_gpt803k_core__GCB2 fd_n0_b : 0 0 : 3137 5823 : Used 1 time 0
 Sort Area is tiny_gpt803k_core__GCB2 fd_n0_b : 0 1 : 2686 5823 : Used 1 time 0
 Sort Area is tiny_gpt803k_core__GCB0 acc1_3 : 0 0 : 2667 5182 : Used 1 time 0
 Sort Area is tiny_gpt803k_core__GCB0 acc1_3 : 0 1 : 2515 5182 : Used 1 time 0
 Sort Area is tiny_gpt803k_core__GCB0 acc1_7 : 0 0 : 2667 5182 : Used 1 time 0
 Sort Area is tiny_gpt803k_core__GCB0 acc1_7 : 0 1 : 2515 5182 : Used 1 time 0
 Sort Area is tiny_gpt803k_core__GCB2 fd_n0_e : 0 0 : 2667 5182 : Used 1 time 0
 Sort Area is tiny_gpt803k_core__GCB2 fd_n0_e : 0 1 : 2515 5182 : Used 1 time 0
 Sort Area is tiny_gpt803k_core__GCB1 x0_3 : 0 0 : 2601 4673 : Used 1 time 0
 Sort Area is tiny_gpt803k_core__GCB1 x0_3 : 0 1 : 2072 4673 : Used 1 time 0
 Sort Area is tiny_gpt803k_core__GCB1 x0_6 : 0 0 : 2322 4270 : Used 1 time 0
 Sort Area is tiny_gpt803k_core__GCB1 x0_6 : 0 1 : 1948 4270 : Used 1 time 0
 Sort Area is tiny_gpt803k_core__GCB2 prod_9 : 0 0 : 1946 1946 : Used 1 time 0
 Sort Area is tiny_gpt803k_core__GCB1 waddr2_0 : 0 0 : 885 1047 : Used 1 time 0
 Sort Area is tiny_gpt803k_core__GCB1 waddr2_0 : 0 1 : 162 1047 : Used 1 time 0
INFO: [Synth 8-5775] Found 'rw_addr_collision' attribute set to 'no' on SDP RAM gen_wr_a.gen_word_narrow.mem_reg. Setting write mode to NO_CHANGE 
INFO: [Synth 8-5775] Found 'rw_addr_collision' attribute set to 'no' on SDP RAM gen_wr_a.gen_word_narrow.mem_reg. Setting write mode to NO_CHANGE 
INFO: [Synth 8-5775] Found 'rw_addr_collision' attribute set to 'no' on SDP RAM gen_wr_a.gen_word_narrow.mem_reg. Setting write mode to NO_CHANGE 
INFO: [Synth 8-5775] Found 'rw_addr_collision' attribute set to 'no' on SDP RAM gen_wr_a.gen_word_narrow.mem_reg. Setting write mode to NO_CHANGE 
INFO: [Synth 8-5775] Found 'rw_addr_collision' attribute set to 'no' on SDP RAM gen_wr_a.gen_word_narrow.mem_reg. Setting write mode to NO_CHANGE 
INFO: [Synth 8-5775] Found 'rw_addr_collision' attribute set to 'no' on SDP RAM gen_wr_a.gen_word_narrow.mem_reg. Setting write mode to NO_CHANGE 
INFO: [Synth 8-5775] Found 'rw_addr_collision' attribute set to 'no' on SDP RAM gen_wr_a.gen_word_narrow.mem_reg. Setting write mode to NO_CHANGE 
INFO: [Synth 8-5775] Found 'rw_addr_collision' attribute set to 'no' on SDP RAM gen_wr_a.gen_word_narrow.mem_reg. Setting write mode to NO_CHANGE 
INFO: [Synth 8-5775] Found 'rw_addr_collision' attribute set to 'no' on SDP RAM gen_wr_a.gen_word_narrow.mem_reg. Setting write mode to NO_CHANGE 
INFO: [Synth 8-5775] Found 'rw_addr_collision' attribute set to 'no' on SDP RAM gen_wr_a.gen_word_narrow.mem_reg. Setting write mode to NO_CHANGE 
INFO: [Synth 8-5775] Found 'rw_addr_collision' attribute set to 'no' on SDP RAM gen_wr_a.gen_word_narrow.mem_reg. Setting write mode to NO_CHANGE 
INFO: [Synth 8-5775] Found 'rw_addr_collision' attribute set to 'no' on SDP RAM gen_wr_a.gen_word_narrow.mem_reg. Setting write mode to NO_CHANGE 
---------------------------------------------------------------------------------
Start ROM, RAM, DSP, Shift Register and Retiming Reporting
---------------------------------------------------------------------------------

ROM: Preliminary Mapping Report
+------------------------------+------------+---------------+----------------+
|Module Name                   | RTL Object | Depth x Width | Implemented As | 
+------------------------------+------------+---------------+----------------+
|mig_7series_v4_2_ddr_prbs_gen | mem_out    | 256x18        | LUT            | 
+------------------------------+------------+---------------+----------------+


Block RAM: Preliminary Mapping Report (see note below)
+-----------------------------------------------------------------------------------------------+----------------------------------+------------------------+---+---+-------------------------+---+---+------------------+--------+--------+
|Module Name                                                                                    | RTL Object                       | PORT A (Depth x Width) | W | R | PORT B (Depth x Width)  | W | R | Ports driving FF | RAMB18 | RAMB36 | 
+-----------------------------------------------------------------------------------------------+----------------------------------+------------------------+---+---+-------------------------+---+---+------------------+--------+--------+
|weight_tile803k__GB1                                                                           | TILE.u_bank/mem_reg              | 128 K x 8(READ_FIRST)  | W | R | 128 K x 8(WRITE_FIRST)  |   | R | Port A and B     | 0      | 32     | 
|u_corei_10/u_a                                                                                 | mem_reg                          | 128 K x 16(READ_FIRST) | W | R | 128 K x 16(WRITE_FIRST) |   | R | Port A and B     | 0      | 64     | 
|u_g1g5                                                                                         | u_graph/u_st/ws_mem_reg          | 32 x 97(READ_FIRST)    | W | R |                         |   |   | Port A           | 1      | 1      | 
|u_wdma_cdc/u_cmd_fifo/\gnuram_async_fifo.xpm_fifo_base_inst /\gen_sdpram.xpm_memory_base_inst  | gen_wr_a.gen_word_narrow.mem_reg | 16 x 61(NO_CHANGE)     | W |   | 16 x 61(NO_CHANGE)      |   | R | Port A and B     | 0      | 1      | 
|u_wdma_cdc/u_w_fifo/\gnuram_async_fifo.xpm_fifo_base_inst /\gen_sdpram.xpm_memory_base_inst    | gen_wr_a.gen_word_narrow.mem_reg | 16 x 128(NO_CHANGE)    | W |   | 16 x 128(NO_CHANGE)     |   | R | Port A and B     | 0      | 2      | 
|u_wdma_cdc/u_r_fifo/\gnuram_async_fifo.xpm_fifo_base_inst /\gen_sdpram.xpm_memory_base_inst    | gen_wr_a.gen_word_narrow.mem_reg | 32 x 128(NO_CHANGE)    | W |   | 32 x 128(NO_CHANGE)     |   | R | Port A and B     | 0      | 2      | 
|u_axi_cdc/u_r_fifo/\gnuram_async_fifo.xpm_fifo_base_inst /\gen_sdpram.xpm_memory_base_inst     | gen_wr_a.gen_word_narrow.mem_reg | 64 x 135(NO_CHANGE)    | W |   | 64 x 135(NO_CHANGE)     |   | R | Port A and B     | 0      | 2      | 
+-----------------------------------------------------------------------------------------------+----------------------------------+------------------------+---+---+-------------------------+---+---+------------------+--------+--------+

Note: The table above is a preliminary report that shows the Block RAMs at the current stage of the synthesis flow. Some Block RAMs may be reimplemented as non Block RAM primitives later in the synthesis flow. Multiple instantiated Block RAMs are reported only once. 

Distributed RAM: Preliminary Mapping Report (see note below)
+--------------------------------+---------------------------------------------------------------------------------------+----------------+----------------------+----------------+
|Module Name                     | RTL Object                                                                            | Inference      | Size (Depth x Width) | Primitives     | 
+--------------------------------+---------------------------------------------------------------------------------------+----------------+----------------------+----------------+
|\u_mig/u_mig                    | of_pre_fifo_gen.u_ddr_of_pre_fifo/mem_reg                                             | Implied        | 16 x 80              | RAM32M x 14    | 
|\u_mig/u_mig                    | ddr_byte_lane_B.ddr_byte_lane_B/of_pre_fifo_gen.u_ddr_of_pre_fifo/mem_reg             | Implied        | 16 x 80              | RAM32M x 14    | 
|\u_mig/u_mig                    | ddr_byte_lane_C.ddr_byte_lane_C/dq_gen_40.if_post_fifo_gen.u_ddr_if_post_fifo/mem_reg | Implied        | 4 x 80               | RAM32M x 14    | 
|\u_mig/u_mig                    | ddr_byte_lane_C.ddr_byte_lane_C/of_pre_fifo_gen.u_ddr_of_pre_fifo/mem_reg             | Implied        | 16 x 80              | RAM32M x 14    | 
|\u_mig/u_mig                    | ddr_byte_lane_D.ddr_byte_lane_D/dq_gen_40.if_post_fifo_gen.u_ddr_if_post_fifo/mem_reg | Implied        | 4 x 80               | RAM32M x 14    | 
|\u_mig/u_mig                    | ddr_byte_lane_D.ddr_byte_lane_D/of_pre_fifo_gen.u_ddr_of_pre_fifo/mem_reg             | Implied        | 16 x 80              | RAM32M x 14    | 
|arty_a7_ng_native_v1_ab_soc_top | u_logits/mem_reg                                                                      | User Attribute | 1 K x 32             | RAM64M x 176   | 
|arty_a7_ng_native_v1_ab_soc_top | u_snap/u_candidate/mem_reg                                                            | User Attribute | 4 K x 16             | RAM64M x 384   | 
|tiny_gpt803k_core__GCB3         | z_last_reg                                                                            | Implied        | 4 x 32               | RAM16X1S x 32  | 
+--------------------------------+---------------------------------------------------------------------------------------+----------------+----------------------+----------------+

Note: The table above is a preliminary report that shows the Distributed RAMs at the current stage of the synthesis flow. Some Distributed RAMs may be reimplemented as non Distributed RAM primitives later in the synthesis flow. Multiple instantiated RAMs are reported only once.

DSP: Preliminary Mapping Report (see note below. The ' indicates corresponding REG is set)
+--------------------------------+--------------------+--------+--------+--------+--------+--------+------+------+------+------+-------+------+------+
|Module Name                     | DSP Mapping        | A Size | B Size | C Size | D Size | P Size | AREG | BREG | CREG | DREG | ADREG | MREG | PREG | 
+--------------------------------+--------------------+--------+--------+--------+--------+--------+------+------+------+------+-------+------+------+
|tiny_gpt803k_core               | A2*B2              | 11     | 11     | -      | -      | 22     | 1    | 1    | -    | -    | -     | 0    | 0    | 
|tiny_gpt803k_core               | PCIN+(A:0x0):B2+C' | 30     | 11     | 20     | -      | -1     | 0    | 1    | 1    | -    | -     | 0    | 0    | 
|arty_a7_ng_native_v1_ab_soc_top | A2*B               | 18     | 16     | -      | -      | 48     | 1    | 0    | -    | -    | -     | 0    | 0    | 
|arty_a7_ng_native_v1_ab_soc_top | (PCIN>>17)+A*B     | 16     | 15     | -      | -      | 48     | 0    | 0    | -    | -    | -     | 0    | 0    | 
|arty_a7_ng_native_v1_ab_soc_top | A2*B''             | 18     | 17     | -      | -      | 48     | 1    | 2    | -    | -    | -     | 0    | 0    | 
|arty_a7_ng_native_v1_ab_soc_top | (PCIN>>17)+A''*B   | 17     | 15     | -      | -      | 48     | 2    | 0    | -    | -    | -     | 0    | 0    | 
|isqrt32                         | A*B                | 16     | 16     | -      | -      | 32     | 0    | 0    | -    | -    | -     | 0    | 0    | 
|arty_a7_ng_native_v1_ab_soc_top | A2*B2              | 18     | 15     | -      | -      | 48     | 1    | 1    | -    | -    | -     | 0    | 0    | 
|arty_a7_ng_native_v1_ab_soc_top | (PCIN>>17)+A2*B2   | 15     | 15     | -      | -      | 48     | 1    | 1    | -    | -    | -     | 0    | 0    | 
|arty_a7_ng_native_v1_ab_soc_top | A2*B2              | 18     | 18     | -      | -      | 48     | 1    | 1    | -    | -    | -     | 0    | 0    | 
|arty_a7_ng_native_v1_ab_soc_top | (PCIN>>17)+A2*B2   | 18     | 15     | -      | -      | 48     | 1    | 1    | -    | -    | -     | 0    | 0    | 
|tiny_gpt803k_core__GCB0         | A2*B2              | 18     | 15     | -      | -      | 48     | 1    | 1    | -    | -    | -     | 0    | 0    | 
|tiny_gpt803k_core__GCB0         | (PCIN>>17)+A2*B2   | 15     | 15     | -      | -      | 48     | 1    | 1    | -    | -    | -     | 0    | 0    | 
|tiny_gpt803k_core__GCB0         | A2*B2              | 18     | 18     | -      | -      | 48     | 1    | 1    | -    | -    | -     | 0    | 0    | 
|tiny_gpt803k_core__GCB0         | (PCIN>>17)+A2*B2   | 18     | 15     | -      | -      | 48     | 1    | 1    | -    | -    | -     | 0    | 0    | 
|tiny_gpt803k_core__GCB0         | A2*B2              | 18     | 15     | -      | -      | 48     | 1    | 1    | -    | -    | -     | 0    | 0    | 
|tiny_gpt803k_core__GCB0         | (PCIN>>17)+A2*B2   | 15     | 15     | -      | -      | 48     | 1    | 1    | -    | -    | -     | 0    | 0    | 
|tiny_gpt803k_core__GCB0         | A2*B2              | 18     | 18     | -      | -      | 48     | 1    | 1    | -    | -    | -     | 0    | 0    | 
|tiny_gpt803k_core__GCB0         | (PCIN>>17)+A2*B2   | 18     | 15     | -      | -      | 48     | 1    | 1    | -    | -    | -     | 0    | 0    | 
+--------------------------------+--------------------+--------+--------+--------+--------+--------+------+------+------+------+-------+------+------+

Note: The table above is a preliminary report that shows the DSPs inferred at the current stage of the synthesis flow. Some DSP may be reimplemented as non DSP primitives later in the synthesis flow. Multiple instantiated DSPs are reported only once.
---------------------------------------------------------------------------------
Finished ROM, RAM, DSP, Shift Register and Retiming Reporting
---------------------------------------------------------------------------------
---------------------------------------------------------------------------------
Start Applying XDC Timing Constraints
---------------------------------------------------------------------------------
WARNING: [Synth 8-3321] set_false_path : Empty through list for constraint at line 359 of d:/Jetking_sem4/SEM_4/arty-a7-online-lm-g14-preboard-00/vivado/ip/mig_7series_0/mig_7series_0/user_design/constraints/mig_7series_0.xdc. [d:/Jetking_sem4/SEM_4/arty-a7-online-lm-g14-preboard-00/vivado/ip/mig_7series_0/mig_7series_0/user_design/constraints/mig_7series_0.xdc:359]
WARNING: [Synth 8-3321] set_false_path : Empty through list for constraint at line 359 of D:/Jetking_sem4/SEM_4/arty-a7-online-lm-g14-preboard-00/vivado/ip/mig_7series_0/mig_7series_0/user_design/constraints/mig_7series_0.xdc. [D:/Jetking_sem4/SEM_4/arty-a7-online-lm-g14-preboard-00/vivado/ip/mig_7series_0/mig_7series_0/user_design/constraints/mig_7series_0.xdc:359]
---------------------------------------------------------------------------------
Finished Applying XDC Timing Constraints : Time (s): cpu = 00:04:25 ; elapsed = 00:05:51 . Memory (MB): peak = 3110.469 ; gain = 2272.617
---------------------------------------------------------------------------------
---------------------------------------------------------------------------------
Start Timing Optimization
---------------------------------------------------------------------------------
WARNING: [Synth 8-3332] Sequential element (mem_reg_mux_sel_b_pos_0__14) is unused and will be removed from module act_ram128k16.
INFO: [Synth 8-5775] Found 'rw_addr_collision' attribute set to 'no' on SDP RAM gen_wr_a.gen_word_narrow.mem_reg. Setting write mode to NO_CHANGE 
INFO: [Synth 8-5775] Found 'rw_addr_collision' attribute set to 'no' on SDP RAM gen_wr_a.gen_word_narrow.mem_reg. Setting write mode to NO_CHANGE 
INFO: [Synth 8-5775] Found 'rw_addr_collision' attribute set to 'no' on SDP RAM gen_wr_a.gen_word_narrow.mem_reg. Setting write mode to NO_CHANGE 
INFO: [Synth 8-5775] Found 'rw_addr_collision' attribute set to 'no' on SDP RAM gen_wr_a.gen_word_narrow.mem_reg. Setting write mode to NO_CHANGE 
INFO: [Synth 8-5775] Found 'rw_addr_collision' attribute set to 'no' on SDP RAM gen_wr_a.gen_word_narrow.mem_reg. Setting write mode to NO_CHANGE 
INFO: [Synth 8-5775] Found 'rw_addr_collision' attribute set to 'no' on SDP RAM gen_wr_a.gen_word_narrow.mem_reg. Setting write mode to NO_CHANGE 
INFO: [Synth 8-5775] Found 'rw_addr_collision' attribute set to 'no' on SDP RAM gen_wr_a.gen_word_narrow.mem_reg. Setting write mode to NO_CHANGE 
INFO: [Synth 8-5775] Found 'rw_addr_collision' attribute set to 'no' on SDP RAM gen_wr_a.gen_word_narrow.mem_reg. Setting write mode to NO_CHANGE 
INFO: [Synth 8-5775] Found 'rw_addr_collision' attribute set to 'no' on SDP RAM gen_wr_a.gen_word_narrow.mem_reg. Setting write mode to NO_CHANGE 
INFO: [Synth 8-5775] Found 'rw_addr_collision' attribute set to 'no' on SDP RAM gen_wr_a.gen_word_narrow.mem_reg. Setting write mode to NO_CHANGE 
INFO: [Synth 8-5775] Found 'rw_addr_collision' attribute set to 'no' on SDP RAM gen_wr_a.gen_word_narrow.mem_reg. Setting write mode to NO_CHANGE 
INFO: [Synth 8-5775] Found 'rw_addr_collision' attribute set to 'no' on SDP RAM gen_wr_a.gen_word_narrow.mem_reg. Setting write mode to NO_CHANGE 
---------------------------------------------------------------------------------
Finished Timing Optimization : Time (s): cpu = 00:04:43 ; elapsed = 00:06:13 . Memory (MB): peak = 3110.469 ; gain = 2272.617
---------------------------------------------------------------------------------
---------------------------------------------------------------------------------
Start ROM, RAM, DSP, Shift Register and Retiming Reporting
---------------------------------------------------------------------------------

Block RAM: Final Mapping Report
+-----------------------------------------------------------------------------------------------+----------------------------------+------------------------+---+---+-------------------------+---+---+------------------+--------+--------+
|Module Name                                                                                    | RTL Object                       | PORT A (Depth x Width) | W | R | PORT B (Depth x Width)  | W | R | Ports driving FF | RAMB18 | RAMB36 | 
+-----------------------------------------------------------------------------------------------+----------------------------------+------------------------+---+---+-------------------------+---+---+------------------+--------+--------+
|weight_tile803k__GB1                                                                           | TILE.u_bank/mem_reg              | 128 K x 8(READ_FIRST)  | W | R | 128 K x 8(WRITE_FIRST)  |   | R | Port A and B     | 0      | 32     | 
|u_corei_10/u_a                                                                                 | mem_reg                          | 128 K x 16(READ_FIRST) | W | R | 128 K x 16(WRITE_FIRST) |   | R | Port A and B     | 0      | 64     | 
|u_g1g5                                                                                         | u_graph/u_st/ws_mem_reg          | 32 x 97(READ_FIRST)    | W | R |                         |   |   | Port A           | 1      | 1      | 
|u_wdma_cdc/u_cmd_fifo/\gnuram_async_fifo.xpm_fifo_base_inst /\gen_sdpram.xpm_memory_base_inst  | gen_wr_a.gen_word_narrow.mem_reg | 16 x 61(NO_CHANGE)     | W |   | 16 x 61(NO_CHANGE)      |   | R | Port A and B     | 0      | 1      | 
|u_wdma_cdc/u_w_fifo/\gnuram_async_fifo.xpm_fifo_base_inst /\gen_sdpram.xpm_memory_base_inst    | gen_wr_a.gen_word_narrow.mem_reg | 16 x 128(NO_CHANGE)    | W |   | 16 x 128(NO_CHANGE)     |   | R | Port A and B     | 0      | 2      | 
|u_wdma_cdc/u_r_fifo/\gnuram_async_fifo.xpm_fifo_base_inst /\gen_sdpram.xpm_memory_base_inst    | gen_wr_a.gen_word_narrow.mem_reg | 32 x 128(NO_CHANGE)    | W |   | 32 x 128(NO_CHANGE)     |   | R | Port A and B     | 0      | 2      | 
|u_axi_cdc/u_r_fifo/\gnuram_async_fifo.xpm_fifo_base_inst /\gen_sdpram.xpm_memory_base_inst     | gen_wr_a.gen_word_narrow.mem_reg | 64 x 135(NO_CHANGE)    | W |   | 64 x 135(NO_CHANGE)     |   | R | Port A and B     | 0      | 2      | 
+-----------------------------------------------------------------------------------------------+----------------------------------+------------------------+---+---+-------------------------+---+---+------------------+--------+--------+


Distributed RAM: Final Mapping Report
+--------------------------------+---------------------------------------------------------------------------------------+----------------+----------------------+----------------+
|Module Name                     | RTL Object                                                                            | Inference      | Size (Depth x Width) | Primitives     | 
+--------------------------------+---------------------------------------------------------------------------------------+----------------+----------------------+----------------+
|\u_mig/u_mig                    | of_pre_fifo_gen.u_ddr_of_pre_fifo/mem_reg                                             | Implied        | 16 x 80              | RAM32M x 14    | 
|\u_mig/u_mig                    | ddr_byte_lane_B.ddr_byte_lane_B/of_pre_fifo_gen.u_ddr_of_pre_fifo/mem_reg             | Implied        | 16 x 80              | RAM32M x 14    | 
|\u_mig/u_mig                    | ddr_byte_lane_C.ddr_byte_lane_C/dq_gen_40.if_post_fifo_gen.u_ddr_if_post_fifo/mem_reg | Implied        | 4 x 80               | RAM32M x 14    | 
|\u_mig/u_mig                    | ddr_byte_lane_C.ddr_byte_lane_C/of_pre_fifo_gen.u_ddr_of_pre_fifo/mem_reg             | Implied        | 16 x 80              | RAM32M x 14    | 
|\u_mig/u_mig                    | ddr_byte_lane_D.ddr_byte_lane_D/dq_gen_40.if_post_fifo_gen.u_ddr_if_post_fifo/mem_reg | Implied        | 4 x 80               | RAM32M x 14    | 
|\u_mig/u_mig                    | ddr_byte_lane_D.ddr_byte_lane_D/of_pre_fifo_gen.u_ddr_of_pre_fifo/mem_reg             | Implied        | 16 x 80              | RAM32M x 14    | 
|arty_a7_ng_native_v1_ab_soc_top | u_logits/mem_reg                                                                      | User Attribute | 1 K x 32             | RAM64M x 176   | 
|arty_a7_ng_native_v1_ab_soc_top | u_snap/u_candidate/mem_reg                                                            | User Attribute | 4 K x 16             | RAM64M x 384   | 
|tiny_gpt803k_core__GCB3         | z_last_reg                                                                            | Implied        | 4 x 32               | RAM16X1S x 32  | 
+--------------------------------+---------------------------------------------------------------------------------------+----------------+----------------------+----------------+

---------------------------------------------------------------------------------
Finished ROM, RAM, DSP, Shift Register and Retiming Reporting
---------------------------------------------------------------------------------
---------------------------------------------------------------------------------
Start Technology Mapping
---------------------------------------------------------------------------------
INFO: [Synth 8-7052] The timing for the instance u_wi_7/TILE.u_bank/mem_reg_1_0 (implemented as a Block RAM) might be sub-optimal as no optional output register could be merged into the ram block. Providing additional output register may help in improving timing.
INFO: [Synth 8-7052] The timing for the instance u_wi_7/TILE.u_bank/mem_reg_1_1 (implemented as a Block RAM) might be sub-optimal as no optional output register could be merged into the ram block. Providing additional output register may help in improving timing.
INFO: [Synth 8-7052] The timing for the instance u_wi_7/TILE.u_bank/mem_reg_1_2 (implemented as a Block RAM) might be sub-optimal as no optional output register could be merged into the ram block. Providing additional output register may help in improving timing.
INFO: [Synth 8-7052] The timing for the instance u_wi_7/TILE.u_bank/mem_reg_1_3 (implemented as a Block RAM) might be sub-optimal as no optional output register could be merged into the ram block. Providing additional output register may help in improving timing.
INFO: [Synth 8-7052] The timing for the instance u_wi_7/TILE.u_bank/mem_reg_1_4 (implemented as a Block RAM) might be sub-optimal as no optional output register could be merged into the ram block. Providing additional output register may help in improving timing.
INFO: [Synth 8-7052] The timing for the instance u_wi_7/TILE.u_bank/mem_reg_1_5 (implemented as a Block RAM) might be sub-optimal as no optional output register could be merged into the ram block. Providing additional output register may help in improving timing.
INFO: [Synth 8-7052] The timing for the instance u_wi_7/TILE.u_bank/mem_reg_1_6 (implemented as a Block RAM) might be sub-optimal as no optional output register could be merged into the ram block. Providing additional output register may help in improving timing.
INFO: [Synth 8-7052] The timing for the instance u_wi_7/TILE.u_bank/mem_reg_1_7 (implemented as a Block RAM) might be sub-optimal as no optional output register could be merged into the ram block. Providing additional output register may help in improving timing.
INFO: [Synth 8-7052] The timing for the instance u_wi_7/TILE.u_bank/mem_reg_3_0 (implemented as a Block RAM) might be sub-optimal as no optional output register could be merged into the ram block. Providing additional output register may help in improving timing.
INFO: [Synth 8-7052] The timing for the instance u_wi_7/TILE.u_bank/mem_reg_3_1 (implemented as a Block RAM) might be sub-optimal as no optional output register could be merged into the ram block. Providing additional output register may help in improving timing.
INFO: [Synth 8-7052] The timing for the instance u_wi_7/TILE.u_bank/mem_reg_3_2 (implemented as a Block RAM) might be sub-optimal as no optional output register could be merged into the ram block. Providing additional output register may help in improving timing.
INFO: [Synth 8-7052] The timing for the instance u_wi_7/TILE.u_bank/mem_reg_3_3 (implemented as a Block RAM) might be sub-optimal as no optional output register could be merged into the ram block. Providing additional output register may help in improving timing.
INFO: [Synth 8-7052] The timing for the instance u_wi_7/TILE.u_bank/mem_reg_3_4 (implemented as a Block RAM) might be sub-optimal as no optional output register could be merged into the ram block. Providing additional output register may help in improving timing.
INFO: [Synth 8-7052] The timing for the instance u_wi_7/TILE.u_bank/mem_reg_3_5 (implemented as a Block RAM) might be sub-optimal as no optional output register could be merged into the ram block. Providing additional output register may help in improving timing.
INFO: [Synth 8-7052] The timing for the instance u_wi_7/TILE.u_bank/mem_reg_3_6 (implemented as a Block RAM) might be sub-optimal as no optional output register could be merged into the ram block. Providing additional output register may help in improving timing.
INFO: [Synth 8-7052] The timing for the instance u_wi_7/TILE.u_bank/mem_reg_3_7 (implemented as a Block RAM) might be sub-optimal as no optional output register could be merged into the ram block. Providing additional output register may help in improving timing.
INFO: [Synth 8-7052] The timing for the instance u_corei_10/u_a/mem_reg_1_0 (implemented as a Block RAM) might be sub-optimal as no optional output register could be merged into the ram block. Providing additional output register may help in improving timing.
INFO: [Synth 8-7052] The timing for the instance u_corei_10/u_a/mem_reg_1_0 (implemented as a Block RAM) might be sub-optimal as no optional output register could be merged into the ram block. Providing additional output register may help in improving timing.
INFO: [Synth 8-7052] The timing for the instance u_corei_10/u_a/mem_reg_1_1 (implemented as a Block RAM) might be sub-optimal as no optional output register could be merged into the ram block. Providing additional output register may help in improving timing.
INFO: [Synth 8-7052] The timing for the instance u_corei_10/u_a/mem_reg_1_1 (implemented as a Block RAM) might be sub-optimal as no optional output register could be merged into the ram block. Providing additional output register may help in improving timing.
INFO: [Synth 8-7052] The timing for the instance u_corei_10/u_a/mem_reg_1_2 (implemented as a Block RAM) might be sub-optimal as no optional output register could be merged into the ram block. Providing additional output register may help in improving timing.
INFO: [Synth 8-7052] The timing for the instance u_corei_10/u_a/mem_reg_1_2 (implemented as a Block RAM) might be sub-optimal as no optional output register could be merged into the ram block. Providing additional output register may help in improving timing.
INFO: [Synth 8-7052] The timing for the instance u_corei_10/u_a/mem_reg_1_3 (implemented as a Block RAM) might be sub-optimal as no optional output register could be merged into the ram block. Providing additional output register may help in improving timing.
INFO: [Synth 8-7052] The timing for the instance u_corei_10/u_a/mem_reg_1_3 (implemented as a Block RAM) might be sub-optimal as no optional output register could be merged into the ram block. Providing additional output register may help in improving timing.
INFO: [Synth 8-7052] The timing for the instance u_corei_10/u_a/mem_reg_1_4 (implemented as a Block RAM) might be sub-optimal as no optional output register could be merged into the ram block. Providing additional output register may help in improving timing.
INFO: [Synth 8-7052] The timing for the instance u_corei_10/u_a/mem_reg_1_4 (implemented as a Block RAM) might be sub-optimal as no optional output register could be merged into the ram block. Providing additional output register may help in improving timing.
INFO: [Synth 8-7052] The timing for the instance u_corei_10/u_a/mem_reg_1_5 (implemented as a Block RAM) might be sub-optimal as no optional output register could be merged into the ram block. Providing additional output register may help in improving timing.
INFO: [Synth 8-7052] The timing for the instance u_corei_10/u_a/mem_reg_1_5 (implemented as a Block RAM) might be sub-optimal as no optional output register could be merged into the ram block. Providing additional output register may help in improving timing.
INFO: [Synth 8-7052] The timing for the instance u_corei_10/u_a/mem_reg_1_6 (implemented as a Block RAM) might be sub-optimal as no optional output register could be merged into the ram block. Providing additional output register may help in improving timing.
INFO: [Synth 8-7052] The timing for the instance u_corei_10/u_a/mem_reg_1_6 (implemented as a Block RAM) might be sub-optimal as no optional output register could be merged into the ram block. Providing additional output register may help in improving timing.
INFO: [Synth 8-7052] The timing for the instance u_corei_10/u_a/mem_reg_1_7 (implemented as a Block RAM) might be sub-optimal as no optional output register could be merged into the ram block. Providing additional output register may help in improving timing.
INFO: [Synth 8-7052] The timing for the instance u_corei_10/u_a/mem_reg_1_7 (implemented as a Block RAM) might be sub-optimal as no optional output register could be merged into the ram block. Providing additional output register may help in improving timing.
INFO: [Synth 8-7052] The timing for the instance u_corei_10/u_a/mem_reg_1_8 (implemented as a Block RAM) might be sub-optimal as no optional output register could be merged into the ram block. Providing additional output register may help in improving timing.
INFO: [Synth 8-7052] The timing for the instance u_corei_10/u_a/mem_reg_1_8 (implemented as a Block RAM) might be sub-optimal as no optional output register could be merged into the ram block. Providing additional output register may help in improving timing.
INFO: [Synth 8-7052] The timing for the instance u_corei_10/u_a/mem_reg_1_9 (implemented as a Block RAM) might be sub-optimal as no optional output register could be merged into the ram block. Providing additional output register may help in improving timing.
INFO: [Synth 8-7052] The timing for the instance u_corei_10/u_a/mem_reg_1_9 (implemented as a Block RAM) might be sub-optimal as no optional output register could be merged into the ram block. Providing additional output register may help in improving timing.
INFO: [Synth 8-7052] The timing for the instance u_corei_10/u_a/mem_reg_1_10 (implemented as a Block RAM) might be sub-optimal as no optional output register could be merged into the ram block. Providing additional output register may help in improving timing.
INFO: [Synth 8-7052] The timing for the instance u_corei_10/u_a/mem_reg_1_10 (implemented as a Block RAM) might be sub-optimal as no optional output register could be merged into the ram block. Providing additional output register may help in improving timing.
INFO: [Synth 8-7052] The timing for the instance u_corei_10/u_a/mem_reg_1_11 (implemented as a Block RAM) might be sub-optimal as no optional output register could be merged into the ram block. Providing additional output register may help in improving timing.
INFO: [Synth 8-7052] The timing for the instance u_corei_10/u_a/mem_reg_1_11 (implemented as a Block RAM) might be sub-optimal as no optional output register could be merged into the ram block. Providing additional output register may help in improving timing.
INFO: [Synth 8-7052] The timing for the instance u_corei_10/u_a/mem_reg_1_12 (implemented as a Block RAM) might be sub-optimal as no optional output register could be merged into the ram block. Providing additional output register may help in improving timing.
INFO: [Synth 8-7052] The timing for the instance u_corei_10/u_a/mem_reg_1_12 (implemented as a Block RAM) might be sub-optimal as no optional output register could be merged into the ram block. Providing additional output register may help in improving timing.
INFO: [Synth 8-7052] The timing for the instance u_corei_10/u_a/mem_reg_1_13 (implemented as a Block RAM) might be sub-optimal as no optional output register could be merged into the ram block. Providing additional output register may help in improving timing.
INFO: [Synth 8-7052] The timing for the instance u_corei_10/u_a/mem_reg_1_13 (implemented as a Block RAM) might be sub-optimal as no optional output register could be merged into the ram block. Providing additional output register may help in improving timing.
INFO: [Synth 8-7052] The timing for the instance u_corei_10/u_a/mem_reg_1_14 (implemented as a Block RAM) might be sub-optimal as no optional output register could be merged into the ram block. Providing additional output register may help in improving timing.
INFO: [Synth 8-7052] The timing for the instance u_corei_10/u_a/mem_reg_1_14 (implemented as a Block RAM) might be sub-optimal as no optional output register could be merged into the ram block. Providing additional output register may help in improving timing.
INFO: [Synth 8-7052] The timing for the instance u_corei_10/u_a/mem_reg_1_15 (implemented as a Block RAM) might be sub-optimal as no optional output register could be merged into the ram block. Providing additional output register may help in improving timing.
INFO: [Synth 8-7052] The timing for the instance u_corei_10/u_a/mem_reg_1_15 (implemented as a Block RAM) might be sub-optimal as no optional output register could be merged into the ram block. Providing additional output register may help in improving timing.
INFO: [Synth 8-7052] The timing for the instance u_corei_10/u_a/mem_reg_3_0 (implemented as a Block RAM) might be sub-optimal as no optional output register could be merged into the ram block. Providing additional output register may help in improving timing.
INFO: [Synth 8-7052] The timing for the instance u_corei_10/u_a/mem_reg_3_1 (implemented as a Block RAM) might be sub-optimal as no optional output register could be merged into the ram block. Providing additional output register may help in improving timing.
INFO: [Synth 8-7052] The timing for the instance u_corei_10/u_a/mem_reg_3_2 (implemented as a Block RAM) might be sub-optimal as no optional output register could be merged into the ram block. Providing additional output register may help in improving timing.
INFO: [Synth 8-7052] The timing for the instance u_corei_10/u_a/mem_reg_3_3 (implemented as a Block RAM) might be sub-optimal as no optional output register could be merged into the ram block. Providing additional output register may help in improving timing.
INFO: [Synth 8-7052] The timing for the instance u_corei_10/u_a/mem_reg_3_4 (implemented as a Block RAM) might be sub-optimal as no optional output register could be merged into the ram block. Providing additional output register may help in improving timing.
INFO: [Synth 8-7052] The timing for the instance u_corei_10/u_a/mem_reg_3_5 (implemented as a Block RAM) might be sub-optimal as no optional output register could be merged into the ram block. Providing additional output register may help in improving timing.
INFO: [Synth 8-7052] The timing for the instance u_corei_10/u_a/mem_reg_3_6 (implemented as a Block RAM) might be sub-optimal as no optional output register could be merged into the ram block. Providing additional output register may help in improving timing.
INFO: [Synth 8-7052] The timing for the instance u_corei_10/u_a/mem_reg_3_7 (implemented as a Block RAM) might be sub-optimal as no optional output register could be merged into the ram block. Providing additional output register may help in improving timing.
INFO: [Synth 8-7052] The timing for the instance u_corei_10/u_a/mem_reg_3_8 (implemented as a Block RAM) might be sub-optimal as no optional output register could be merged into the ram block. Providing additional output register may help in improving timing.
INFO: [Synth 8-7052] The timing for the instance u_corei_10/u_a/mem_reg_3_9 (implemented as a Block RAM) might be sub-optimal as no optional output register could be merged into the ram block. Providing additional output register may help in improving timing.
INFO: [Synth 8-7052] The timing for the instance u_corei_10/u_a/mem_reg_3_10 (implemented as a Block RAM) might be sub-optimal as no optional output register could be merged into the ram block. Providing additional output register may help in improving timing.
INFO: [Synth 8-7052] The timing for the instance u_corei_10/u_a/mem_reg_3_11 (implemented as a Block RAM) might be sub-optimal as no optional output register could be merged into the ram block. Providing additional output register may help in improving timing.
INFO: [Synth 8-7052] The timing for the instance u_corei_10/u_a/mem_reg_3_12 (implemented as a Block RAM) might be sub-optimal as no optional output register could be merged into the ram block. Providing additional output register may help in improving timing.
INFO: [Synth 8-7052] The timing for the instance u_corei_10/u_a/mem_reg_3_13 (implemented as a Block RAM) might be sub-optimal as no optional output register could be merged into the ram block. Providing additional output register may help in improving timing.
INFO: [Synth 8-7052] The timing for the instance u_corei_10/u_a/mem_reg_3_14 (implemented as a Block RAM) might be sub-optimal as no optional output register could be merged into the ram block. Providing additional output register may help in improving timing.
INFO: [Synth 8-7052] The timing for the instance u_corei_10/u_a/mem_reg_3_15 (implemented as a Block RAM) might be sub-optimal as no optional output register could be merged into the ram block. Providing additional output register may help in improving timing.
warning: D:/Jetking_sem4/SEM_4/arty-a7-online-lm-g14-preboard-00/results/A7-NATIVE-GRAPH/GROK-ORCH-00/U2-OPTIMIZED-FULLCHIP-COFIT-00/.Xil/Vivado-24836-laptop-Quan/realtime/tmp/parallel_timing.xdc:131: value not specified for "set_clock_groups -group"
---------------------------------------------------------------------
Usage:
  set_clock_groups
    [-help]
    [-name <String>]
    [-physically_exclusive]
    [-logically_exclusive]
    [-asynchronous]
    [-allow_paths]
    [-group <List>]*
    [{>|>>} <stdoutFile>]
---------------------------------------------------------------------
warning: D:/Jetking_sem4/SEM_4/arty-a7-online-lm-g14-preboard-00/results/A7-NATIVE-GRAPH/GROK-ORCH-00/U2-OPTIMIZED-FULLCHIP-COFIT-00/.Xil/Vivado-24836-laptop-Quan/realtime/tmp/parallel_timing.xdc:131: value not specified for "set_clock_groups -group"
---------------------------------------------------------------------
Usage:
  set_clock_groups
    [-help]
    [-name <String>]
    [-physically_exclusive]
    [-logically_exclusive]
    [-asynchronous]
    [-allow_paths]
    [-group <List>]*
    [{>|>>} <stdoutFile>]
---------------------------------------------------------------------
warning: D:/Jetking_sem4/SEM_4/arty-a7-online-lm-g14-preboard-00/results/A7-NATIVE-GRAPH/GROK-ORCH-00/U2-OPTIMIZED-FULLCHIP-COFIT-00/.Xil/Vivado-24836-laptop-Quan/realtime/tmp/parallel_timing.xdc:131: value not specified for "set_clock_groups -group"
---------------------------------------------------------------------
Usage:
  set_clock_groups
    [-help]
    [-name <String>]
    [-physically_exclusive]
    [-logically_exclusive]
    [-asynchronous]
    [-allow_paths]
    [-group <List>]*
    [{>|>>} <stdoutFile>]
---------------------------------------------------------------------
warning: D:/Jetking_sem4/SEM_4/arty-a7-online-lm-g14-preboard-00/results/A7-NATIVE-GRAPH/GROK-ORCH-00/U2-OPTIMIZED-FULLCHIP-COFIT-00/.Xil/Vivado-24836-laptop-Quan/realtime/tmp/parallel_timing.xdc:131: value not specified for "set_clock_groups -group"
---------------------------------------------------------------------
Usage:
  set_clock_groups
    [-help]
    [-name <String>]
    [-physically_exclusive]
    [-logically_exclusive]
    [-asynchronous]
    [-allow_paths]
    [-group <List>]*
    [{>|>>} <stdoutFile>]
---------------------------------------------------------------------
INFO: [Synth 8-7052] The timing for the instance u_abi_19/u_ab/u_g1g5/u_graph/u_st/ws_mem_reg_0 (implemented as a Block RAM) might be sub-optimal as no optional output register could be merged into the ram block. Providing additional output register may help in improving timing.
INFO: [Synth 8-7052] The timing for the instance u_abi_19/u_ab/u_g1g5/u_graph/u_st/ws_mem_reg_0 (implemented as a Block RAM) might be sub-optimal as no optional output register could be merged into the ram block. Providing additional output register may help in improving timing.
INFO: [Synth 8-7052] The timing for the instance u_abi_19/u_ab/u_g1g5/u_graph/u_st/ws_mem_reg_1 (implemented as a Block RAM) might be sub-optimal as no optional output register could be merged into the ram block. Providing additional output register may help in improving timing.
INFO: [Synth 8-7052] The timing for the instance u_abi_19/u_ab/u_g1g5/u_graph/u_st/ws_mem_reg_1 (implemented as a Block RAM) might be sub-optimal as no optional output register could be merged into the ram block. Providing additional output register may help in improving timing.
INFO: [Synth 8-7052] The timing for the instance i_0/u_wdma_cdc/u_cmd_fifo/gnuram_async_fifo.xpm_fifo_base_inst/gen_sdpram.xpm_memory_base_inst/gen_wr_a.gen_word_narrow.mem_reg (implemented as a Block RAM) might be sub-optimal as no optional output register could be merged into the ram block. Providing additional output register may help in improving timing.
INFO: [Synth 8-7052] The timing for the instance i_0/u_wdma_cdc/u_w_fifo/gnuram_async_fifo.xpm_fifo_base_inst/gen_sdpram.xpm_memory_base_inst/gen_wr_a.gen_word_narrow.mem_reg_0 (implemented as a Block RAM) might be sub-optimal as no optional output register could be merged into the ram block. Providing additional output register may help in improving timing.
INFO: [Synth 8-7052] The timing for the instance i_0/u_wdma_cdc/u_w_fifo/gnuram_async_fifo.xpm_fifo_base_inst/gen_sdpram.xpm_memory_base_inst/gen_wr_a.gen_word_narrow.mem_reg_1 (implemented as a Block RAM) might be sub-optimal as no optional output register could be merged into the ram block. Providing additional output register may help in improving timing.
INFO: [Synth 8-7052] The timing for the instance i_0/u_wdma_cdc/u_r_fifo/gnuram_async_fifo.xpm_fifo_base_inst/gen_sdpram.xpm_memory_base_inst/gen_wr_a.gen_word_narrow.mem_reg_0 (implemented as a Block RAM) might be sub-optimal as no optional output register could be merged into the ram block. Providing additional output register may help in improving timing.
INFO: [Synth 8-7052] The timing for the instance i_0/u_wdma_cdc/u_r_fifo/gnuram_async_fifo.xpm_fifo_base_inst/gen_sdpram.xpm_memory_base_inst/gen_wr_a.gen_word_narrow.mem_reg_1 (implemented as a Block RAM) might be sub-optimal as no optional output register could be merged into the ram block. Providing additional output register may help in improving timing.
INFO: [Synth 8-7052] The timing for the instance i_0/u_axi_cdc/u_r_fifo/gnuram_async_fifo.xpm_fifo_base_inst/gen_sdpram.xpm_memory_base_inst/gen_wr_a.gen_word_narrow.mem_reg_0 (implemented as a Block RAM) might be sub-optimal as no optional output register could be merged into the ram block. Providing additional output register may help in improving timing.
INFO: [Synth 8-7052] The timing for the instance i_0/u_axi_cdc/u_r_fifo/gnuram_async_fifo.xpm_fifo_base_inst/gen_sdpram.xpm_memory_base_inst/gen_wr_a.gen_word_narrow.mem_reg_1 (implemented as a Block RAM) might be sub-optimal as no optional output register could be merged into the ram block. Providing additional output register may help in improving timing.
---------------------------------------------------------------------------------
Finished Technology Mapping : Time (s): cpu = 00:05:01 ; elapsed = 00:06:38 . Memory (MB): peak = 3110.469 ; gain = 2272.617
---------------------------------------------------------------------------------
---------------------------------------------------------------------------------
Start IO Insertion
---------------------------------------------------------------------------------
---------------------------------------------------------------------------------
Start Flattening Before IO Insertion
---------------------------------------------------------------------------------
---------------------------------------------------------------------------------
Finished Flattening Before IO Insertion
---------------------------------------------------------------------------------
---------------------------------------------------------------------------------
Start Final Netlist Cleanup
---------------------------------------------------------------------------------
INFO: [Synth 8-7052] The timing for the instance u_wdma_cdc/u_cmd_fifo/gnuram_async_fifo.xpm_fifo_base_inst/gen_sdpram.xpm_memory_base_inst/gen_wr_a.gen_word_narrow.mem_reg (implemented as a Block RAM) might be sub-optimal as no optional output register could be merged into the ram block. Providing additional output register may help in improving timing.
INFO: [Synth 8-7052] The timing for the instance u_wdma_cdc/u_w_fifo/gnuram_async_fifo.xpm_fifo_base_inst/gen_sdpram.xpm_memory_base_inst/gen_wr_a.gen_word_narrow.mem_reg_0 (implemented as a Block RAM) might be sub-optimal as no optional output register could be merged into the ram block. Providing additional output register may help in improving timing.
INFO: [Synth 8-7052] The timing for the instance u_wdma_cdc/u_w_fifo/gnuram_async_fifo.xpm_fifo_base_inst/gen_sdpram.xpm_memory_base_inst/gen_wr_a.gen_word_narrow.mem_reg_1 (implemented as a Block RAM) might be sub-optimal as no optional output register could be merged into the ram block. Providing additional output register may help in improving timing.
INFO: [Synth 8-7052] The timing for the instance u_wdma_cdc/u_r_fifo/gnuram_async_fifo.xpm_fifo_base_inst/gen_sdpram.xpm_memory_base_inst/gen_wr_a.gen_word_narrow.mem_reg_0 (implemented as a Block RAM) might be sub-optimal as no optional output register could be merged into the ram block. Providing additional output register may help in improving timing.
INFO: [Synth 8-7052] The timing for the instance u_wdma_cdc/u_r_fifo/gnuram_async_fifo.xpm_fifo_base_inst/gen_sdpram.xpm_memory_base_inst/gen_wr_a.gen_word_narrow.mem_reg_1 (implemented as a Block RAM) might be sub-optimal as no optional output register could be merged into the ram block. Providing additional output register may help in improving timing.
INFO: [Synth 8-7052] The timing for the instance u_axi_cdc/u_r_fifo/gnuram_async_fifo.xpm_fifo_base_inst/gen_sdpram.xpm_memory_base_inst/gen_wr_a.gen_word_narrow.mem_reg_0 (implemented as a Block RAM) might be sub-optimal as no optional output register could be merged into the ram block. Providing additional output register may help in improving timing.
INFO: [Synth 8-7052] The timing for the instance u_axi_cdc/u_r_fifo/gnuram_async_fifo.xpm_fifo_base_inst/gen_sdpram.xpm_memory_base_inst/gen_wr_a.gen_word_narrow.mem_reg_1 (implemented as a Block RAM) might be sub-optimal as no optional output register could be merged into the ram block. Providing additional output register may help in improving timing.
INFO: [Synth 8-7052] The timing for the instance u_ab/u_core/u_w/TILE.u_bank/mem_reg_1_0 (implemented as a Block RAM) might be sub-optimal as no optional output register could be merged into the ram block. Providing additional output register may help in improving timing.
INFO: [Synth 8-7052] The timing for the instance u_ab/u_core/u_w/TILE.u_bank/mem_reg_1_1 (implemented as a Block RAM) might be sub-optimal as no optional output register could be merged into the ram block. Providing additional output register may help in improving timing.
INFO: [Synth 8-7052] The timing for the instance u_ab/u_core/u_w/TILE.u_bank/mem_reg_1_2 (implemented as a Block RAM) might be sub-optimal as no optional output register could be merged into the ram block. Providing additional output register may help in improving timing.
INFO: [Synth 8-7052] The timing for the instance u_ab/u_core/u_w/TILE.u_bank/mem_reg_1_3 (implemented as a Block RAM) might be sub-optimal as no optional output register could be merged into the ram block. Providing additional output register may help in improving timing.
INFO: [Synth 8-7052] The timing for the instance u_ab/u_core/u_w/TILE.u_bank/mem_reg_1_4 (implemented as a Block RAM) might be sub-optimal as no optional output register could be merged into the ram block. Providing additional output register may help in improving timing.
INFO: [Synth 8-7052] The timing for the instance u_ab/u_core/u_w/TILE.u_bank/mem_reg_1_5 (implemented as a Block RAM) might be sub-optimal as no optional output register could be merged into the ram block. Providing additional output register may help in improving timing.
INFO: [Synth 8-7052] The timing for the instance u_ab/u_core/u_w/TILE.u_bank/mem_reg_1_6 (implemented as a Block RAM) might be sub-optimal as no optional output register could be merged into the ram block. Providing additional output register may help in improving timing.
INFO: [Synth 8-7052] The timing for the instance u_ab/u_core/u_w/TILE.u_bank/mem_reg_1_7 (implemented as a Block RAM) might be sub-optimal as no optional output register could be merged into the ram block. Providing additional output register may help in improving timing.
INFO: [Synth 8-7052] The timing for the instance u_ab/u_core/u_w/TILE.u_bank/mem_reg_3_0 (implemented as a Block RAM) might be sub-optimal as no optional output register could be merged into the ram block. Providing additional output register may help in improving timing.
INFO: [Synth 8-7052] The timing for the instance u_ab/u_core/u_w/TILE.u_bank/mem_reg_3_1 (implemented as a Block RAM) might be sub-optimal as no optional output register could be merged into the ram block. Providing additional output register may help in improving timing.
INFO: [Synth 8-7052] The timing for the instance u_ab/u_core/u_w/TILE.u_bank/mem_reg_3_2 (implemented as a Block RAM) might be sub-optimal as no optional output register could be merged into the ram block. Providing additional output register may help in improving timing.
INFO: [Synth 8-7052] The timing for the instance u_ab/u_core/u_w/TILE.u_bank/mem_reg_3_3 (implemented as a Block RAM) might be sub-optimal as no optional output register could be merged into the ram block. Providing additional output register may help in improving timing.
INFO: [Synth 8-7052] The timing for the instance u_ab/u_core/u_w/TILE.u_bank/mem_reg_3_4 (implemented as a Block RAM) might be sub-optimal as no optional output register could be merged into the ram block. Providing additional output register may help in improving timing.
INFO: [Synth 8-7052] The timing for the instance u_ab/u_core/u_w/TILE.u_bank/mem_reg_3_5 (implemented as a Block RAM) might be sub-optimal as no optional output register could be merged into the ram block. Providing additional output register may help in improving timing.
INFO: [Synth 8-7052] The timing for the instance u_ab/u_core/u_w/TILE.u_bank/mem_reg_3_6 (implemented as a Block RAM) might be sub-optimal as no optional output register could be merged into the ram block. Providing additional output register may help in improving timing.
INFO: [Synth 8-7052] The timing for the instance u_ab/u_core/u_w/TILE.u_bank/mem_reg_3_7 (implemented as a Block RAM) might be sub-optimal as no optional output register could be merged into the ram block. Providing additional output register may help in improving timing.
INFO: [Synth 8-7052] The timing for the instance u_ab/u_core/u_a/mem_reg_1_0 (implemented as a Block RAM) might be sub-optimal as no optional output register could be merged into the ram block. Providing additional output register may help in improving timing.
INFO: [Synth 8-7052] The timing for the instance u_ab/u_core/u_a/mem_reg_1_0 (implemented as a Block RAM) might be sub-optimal as no optional output register could be merged into the ram block. Providing additional output register may help in improving timing.
INFO: [Common 17-14] Message 'Synth 8-7052' appears 100 times and further instances of the messages will be disabled. Use the Tcl command set_msg_config to change the current settings.
---------------------------------------------------------------------------------
Finished Final Netlist Cleanup
---------------------------------------------------------------------------------
---------------------------------------------------------------------------------
Finished IO Insertion : Time (s): cpu = 00:05:14 ; elapsed = 00:06:57 . Memory (MB): peak = 3110.469 ; gain = 2272.617
---------------------------------------------------------------------------------
---------------------------------------------------------------------------------
Start Renaming Generated Instances
---------------------------------------------------------------------------------
---------------------------------------------------------------------------------
Finished Renaming Generated Instances : Time (s): cpu = 00:05:14 ; elapsed = 00:06:58 . Memory (MB): peak = 3110.469 ; gain = 2272.617
---------------------------------------------------------------------------------
---------------------------------------------------------------------------------
Start Rebuilding User Hierarchy
---------------------------------------------------------------------------------
---------------------------------------------------------------------------------
Finished Rebuilding User Hierarchy : Time (s): cpu = 00:05:24 ; elapsed = 00:07:12 . Memory (MB): peak = 3110.469 ; gain = 2272.617
---------------------------------------------------------------------------------
---------------------------------------------------------------------------------
Start Renaming Generated Ports
---------------------------------------------------------------------------------
---------------------------------------------------------------------------------
Finished Renaming Generated Ports : Time (s): cpu = 00:05:24 ; elapsed = 00:07:12 . Memory (MB): peak = 3110.469 ; gain = 2272.617
---------------------------------------------------------------------------------
---------------------------------------------------------------------------------
Start Handling Custom Attributes
---------------------------------------------------------------------------------
---------------------------------------------------------------------------------
Finished Handling Custom Attributes : Time (s): cpu = 00:05:27 ; elapsed = 00:07:15 . Memory (MB): peak = 3110.469 ; gain = 2272.617
---------------------------------------------------------------------------------
---------------------------------------------------------------------------------
Start Renaming Generated Nets
---------------------------------------------------------------------------------
---------------------------------------------------------------------------------
Finished Renaming Generated Nets : Time (s): cpu = 00:05:27 ; elapsed = 00:07:15 . Memory (MB): peak = 3110.469 ; gain = 2272.617
---------------------------------------------------------------------------------
---------------------------------------------------------------------------------
Start ROM, RAM, DSP, Shift Register and Retiming Reporting
---------------------------------------------------------------------------------

Static Shift Register Report:
+--------------+------------------------------------------------------------------------------------------------------------------------------------------------------------------------------------------------+--------+-------+--------------+--------------------+-------------------+--------+---------+
|Module Name   | RTL Name                                                                                                                                                                                       | Length | Width | Reset Signal | Pull out first Reg | Pull out last Reg | SRL16E | SRLC32E | 
+--------------+------------------------------------------------------------------------------------------------------------------------------------------------------------------------------------------------+--------+-------+--------------+--------------------+-------------------+--------+---------+
|mig_7series_0 | u_mig_7series_0_mig/u_memc_ui_top_axi/mem_intfc0/ddr_phy_top0/u_ddr_mc_phy_wrapper/u_ddr_mc_phy/ddr_phy_4lanes_0.u_ddr_phy_4lanes/rclk_delay_reg[11]                                           | 12     | 1     | NO           | NO                 | YES               | 1      | 0       | 
|mig_7series_0 | u_mig_7series_0_mig/u_memc_ui_top_axi/mem_intfc0/ddr_phy_top0/u_ddr_mc_phy_wrapper/u_ddr_mc_phy/ddr_phy_4lanes_0.u_ddr_phy_4lanes/ddr_byte_lane_D.ddr_byte_lane_D/ddr_byte_group_io/rst_r4_reg | 4      | 1     | NO           | NO                 | YES               | 1      | 0       | 
|mig_7series_0 | u_mig_7series_0_mig/u_memc_ui_top_axi/mem_intfc0/ddr_phy_top0/u_ddr_calib_top/mb_wrlvl_inst.u_ddr_phy_wrlvl/phy_ctl_ready_r5_reg                                                               | 5      | 1     | NO           | NO                 | YES               | 1      | 0       | 
|mig_7series_0 | u_mig_7series_0_mig/u_memc_ui_top_axi/mem_intfc0/ddr_phy_top0/u_ddr_calib_top/mb_wrlvl_inst.u_ddr_phy_ck_addr_cmd_delay/delay_done_r4_reg                                                      | 4      | 1     | NO           | NO                 | YES               | 1      | 0       | 
|mig_7series_0 | u_mig_7series_0_mig/u_memc_ui_top_axi/mem_intfc0/ddr_phy_top0/u_ddr_calib_top/dqsfind_calib_left.u_ddr_phy_dqs_found_cal_hr/init_dqsfound_done_r5_reg                                          | 3      | 1     | NO           | NO                 | YES               | 1      | 0       | 
|mig_7series_0 | u_mig_7series_0_mig/u_memc_ui_top_axi/mem_intfc0/ddr_phy_top0/u_ddr_calib_top/u_ddr_phy_init/wrlvl_rank_done_r7_reg                                                                            | 6      | 1     | NO           | NO                 | YES               | 1      | 0       | 
|mig_7series_0 | u_mig_7series_0_mig/u_memc_ui_top_axi/mem_intfc0/ddr_phy_top0/u_ddr_calib_top/u_ddr_phy_init/prech_done_reg                                                                                    | 17     | 1     | NO           | NO                 | YES               | 1      | 0       | 
|mig_7series_0 | u_mig_7series_0_mig/u_memc_ui_top_axi/mem_intfc0/ddr_phy_top0/u_ddr_calib_top/u_ddr_phy_init/wrcal_start_dly_r_reg[5]                                                                          | 6      | 1     | NO           | NO                 | YES               | 1      | 0       | 
|mig_7series_0 | u_mig_7series_0_mig/u_memc_ui_top_axi/mem_intfc0/ddr_phy_top0/u_ddr_calib_top/u_ddr_phy_init/rdlvl_start_dly0_r_reg[14]                                                                        | 15     | 1     | NO           | NO                 | YES               | 1      | 0       | 
|mig_7series_0 | u_mig_7series_0_mig/u_memc_ui_top_axi/mem_intfc0/ddr_phy_top0/u_ddr_calib_top/u_ddr_phy_wrcal/gen_pat_match_div4.pat_data_match_valid_r_reg                                                    | 3      | 1     | NO           | NO                 | YES               | 1      | 0       | 
|mig_7series_0 | u_mig_7series_0_mig/u_memc_ui_top_axi/mem_intfc0/ddr_phy_top0/u_ddr_calib_top/u_ddr_phy_wrcal/gen_pat_match_div4.gen_pat_match[0].pat_match_rise2_r_reg[0]                                     | 3      | 4     | NO           | NO                 | YES               | 4      | 0       | 
|mig_7series_0 | u_mig_7series_0_mig/u_memc_ui_top_axi/mem_intfc0/ddr_phy_top0/u_ddr_calib_top/u_ddr_phy_wrcal/wrcal_pat_resume_reg                                                                             | 3      | 1     | NO           | NO                 | YES               | 1      | 0       | 
|mig_7series_0 | u_mig_7series_0_mig/u_memc_ui_top_axi/mem_intfc0/ddr_phy_top0/u_ddr_calib_top/reset_if_r9_reg                                                                                                  | 9      | 1     | NO           | NO                 | YES               | 1      | 0       | 
+--------------+------------------------------------------------------------------------------------------------------------------------------------------------------------------------------------------------+--------+-------+--------------+--------------------+-------------------+--------+---------+


Dynamic Shift Register Report:
+------------+----------------+--------+------------+--------+---------+--------+--------+--------+
|Module Name | RTL Name       | Length | Data Width | SRL16E | SRLC32E | Mux F7 | Mux F8 | Mux F9 | 
+------------+----------------+--------+------------+--------+---------+--------+--------+--------+
|dsrl        | memory_reg[7]  | 4      | 4          | 4      | 0       | 0      | 0      | 0      | 
|dsrl__1     | memory_reg[31] | 129    | 129        | 0      | 129     | 0      | 0      | 0      | 
|dsrl__2     | memory_reg[29] | 7      | 7          | 0      | 7       | 0      | 0      | 0      | 
+------------+----------------+--------+------------+--------+---------+--------+--------+--------+

---------------------------------------------------------------------------------
Finished ROM, RAM, DSP, Shift Register and Retiming Reporting
---------------------------------------------------------------------------------
---------------------------------------------------------------------------------
Start Writing Synthesis Report
---------------------------------------------------------------------------------

DSP Final Report (the ' indicates corresponding REG is set)
+--------------------------------+-----------------+--------+--------+--------+--------+--------+------+------+------+------+-------+------+------+
|Module Name                     | DSP Mapping     | A Size | B Size | C Size | D Size | P Size | AREG | BREG | CREG | DREG | ADREG | MREG | PREG | 
+--------------------------------+-----------------+--------+--------+--------+--------+--------+------+------+------+------+-------+------+------+
|tiny_gpt803k_core__GCB0         | A'*B'           | 17     | 18     | -      | -      | 48     | 1    | 1    | -    | -    | -     | 0    | 0    | 
|tiny_gpt803k_core__GCB0         | PCIN>>17+A'*B'  | 30     | 18     | -      | -      | 48     | 1    | 1    | -    | -    | -     | 0    | 0    | 
|tiny_gpt803k_core__GCB0         | A'*B'           | 17     | 17     | -      | -      | 48     | 1    | 1    | -    | -    | -     | 0    | 0    | 
|tiny_gpt803k_core__GCB0         | PCIN>>17+A'*B'  | 17     | 18     | -      | -      | 48     | 1    | 1    | -    | -    | -     | 0    | 0    | 
|tiny_gpt803k_core__GCB0         | A'*B'           | 17     | 18     | -      | -      | 48     | 1    | 1    | -    | -    | -     | 0    | 0    | 
|tiny_gpt803k_core__GCB0         | PCIN>>17+A'*B'  | 30     | 18     | -      | -      | 48     | 1    | 1    | -    | -    | -     | 0    | 0    | 
|tiny_gpt803k_core__GCB0         | A'*B'           | 17     | 17     | -      | -      | 48     | 1    | 1    | -    | -    | -     | 0    | 0    | 
|tiny_gpt803k_core__GCB0         | PCIN>>17+A'*B'  | 17     | 18     | -      | -      | 48     | 1    | 1    | -    | -    | -     | 0    | 0    | 
|tiny_gpt803k_core               | A'*B'           | 11     | 9      | -      | -      | 0      | 1    | 1    | -    | -    | -     | 0    | 0    | 
|tiny_gpt803k_core               | PCIN+A:B'+C'    | 0      | 11     | -      | -      | 20     | 0    | 1    | -    | -    | -     | 0    | 0    | 
|arty_a7_ng_native_v1_ab_soc_top | A'*B'           | 17     | 18     | -      | -      | 48     | 1    | 1    | -    | -    | -     | 0    | 0    | 
|arty_a7_ng_native_v1_ab_soc_top | PCIN>>17+A'*B'  | 30     | 18     | -      | -      | 48     | 1    | 1    | -    | -    | -     | 0    | 0    | 
|arty_a7_ng_native_v1_ab_soc_top | A'*B''          | 17     | 18     | -      | -      | 48     | 1    | 2    | -    | -    | -     | 0    | 0    | 
|arty_a7_ng_native_v1_ab_soc_top | PCIN>>17+A''*B' | 30     | 18     | -      | -      | 48     | 2    | 1    | -    | -    | -     | 0    | 0    | 
|arty_a7_ng_native_v1_ab_soc_top | A'*B'           | 17     | 18     | -      | -      | 48     | 1    | 1    | -    | -    | -     | 0    | 0    | 
|arty_a7_ng_native_v1_ab_soc_top | PCIN>>17+A'*B'  | 30     | 18     | -      | -      | 48     | 1    | 1    | -    | -    | -     | 0    | 0    | 
|arty_a7_ng_native_v1_ab_soc_top | A'*B'           | 17     | 17     | -      | -      | 48     | 1    | 1    | -    | -    | -     | 0    | 0    | 
|arty_a7_ng_native_v1_ab_soc_top | PCIN>>17+A'*B'  | 17     | 18     | -      | -      | 48     | 1    | 1    | -    | -    | -     | 0    | 0    | 
|isqrt32                         | A*B             | 16     | 16     | -      | -      | 32     | 0    | 0    | -    | -    | -     | 0    | 0    | 
+--------------------------------+-----------------+--------+--------+--------+--------+--------+------+------+------+------+-------+------+------+


Report BlackBoxes: 
+-+--------------+----------+
| |BlackBox name |Instances |
+-+--------------+----------+
+-+--------------+----------+

Report Cell Usage: 
+------+----------------------+------+
|      |Cell                  |Count |
+------+----------------------+------+
|1     |BUFG                  |     9|
|2     |BUFH                  |     1|
|3     |BUFIO                 |     1|
|4     |CARRY4                |  1110|
|5     |DSP48E1               |    19|
|10    |IDELAYCTRL            |     1|
|11    |IDELAYE2              |    16|
|12    |IN_FIFO               |     2|
|13    |ISERDESE2             |    16|
|14    |LUT1                  |   736|
|15    |LUT2                  |  3762|
|16    |LUT3                  |  7684|
|17    |LUT4                  |  3876|
|18    |LUT5                  |  6923|
|19    |LUT6                  | 21724|
|20    |MMCME2_ADV            |     1|
|21    |MMCME2_BASE           |     2|
|22    |MUXF7                 |  5462|
|23    |MUXF8                 |  1901|
|24    |ODDR                  |     5|
|25    |OSERDESE2             |    43|
|28    |OUT_FIFO              |     4|
|30    |PHASER_IN_PHY         |     2|
|31    |PHASER_OUT_PHY        |     4|
|33    |PHASER_REF            |     1|
|34    |PHY_CONTROL           |     1|
|35    |PLLE2_ADV             |     1|
|36    |RAM16X1S              |    32|
|37    |RAM32M                |   112|
|38    |RAM32X1D              |     2|
|39    |RAM64M                |   496|
|40    |RAM64X1D              |    64|
|41    |RAMB18E1              |     1|
|42    |RAMB36E1              |   104|
|46    |SRL16E                |    16|
|47    |SRLC32E               |   134|
|48    |XADC                  |     1|
|49    |FDCE                  |  7516|
|50    |FDPE                  |   172|
|51    |FDRE                  | 39508|
|52    |FDSE                  |   148|
|53    |IBUF                  |     8|
|54    |IOBUFDS_INTERMDISABLE |     2|
|55    |IOBUF_INTERMDISABLE   |    16|
|56    |OBUF                  |    34|
|57    |OBUFDS                |     1|
|58    |OBUFT                 |     2|
+------+----------------------+------+
---------------------------------------------------------------------------------
Finished Writing Synthesis Report : Time (s): cpu = 00:05:27 ; elapsed = 00:07:16 . Memory (MB): peak = 3110.469 ; gain = 2272.617
---------------------------------------------------------------------------------
Synthesis finished with 0 errors, 0 critical warnings and 330 warnings.
Synthesis Optimization Runtime : Time (s): cpu = 00:04:19 ; elapsed = 00:06:37 . Memory (MB): peak = 3110.469 ; gain = 2080.434
Synthesis Optimization Complete : Time (s): cpu = 00:05:28 ; elapsed = 00:07:19 . Memory (MB): peak = 3110.469 ; gain = 2272.617
INFO: [Project 1-571] Translating synthesized netlist
Netlist sorting complete. Time (s): cpu = 00:00:01 ; elapsed = 00:00:00.992 . Memory (MB): peak = 3110.469 ; gain = 0.000
INFO: [Netlist 29-17] Analyzing 9364 Unisim elements for replacement
INFO: [Netlist 29-28] Unisim Transformation completed in 1 CPU seconds
INFO: [Project 1-570] Preparing netlist for logic optimization
Parsing XDC File [d:/Jetking_sem4/SEM_4/arty-a7-online-lm-g14-preboard-00/vivado/ip/mig_7series_0/mig_7series_0/user_design/constraints/mig_7series_0.xdc] for cell 'u_mig/u_mig'
Finished Parsing XDC File [d:/Jetking_sem4/SEM_4/arty-a7-online-lm-g14-preboard-00/vivado/ip/mig_7series_0/mig_7series_0/user_design/constraints/mig_7series_0.xdc] for cell 'u_mig/u_mig'
Parsing XDC File [D:/Jetking_sem4/SEM_4/arty-a7-online-lm-g14-preboard-00/constraints/arty_a7_100.xdc]
Finished Parsing XDC File [D:/Jetking_sem4/SEM_4/arty-a7-online-lm-g14-preboard-00/constraints/arty_a7_100.xdc]
Parsing XDC File [D:/Jetking_sem4/SEM_4/arty-a7-online-lm-g14-preboard-00/constraints/a7ng03_cdc.xdc]
Finished Parsing XDC File [D:/Jetking_sem4/SEM_4/arty-a7-online-lm-g14-preboard-00/constraints/a7ng03_cdc.xdc]
Parsing XDC File [D:/Jetking_sem4/SEM_4/arty-a7-online-lm-g14-preboard-00/constraints/e2r_core_clk.xdc]
Finished Parsing XDC File [D:/Jetking_sem4/SEM_4/arty-a7-online-lm-g14-preboard-00/constraints/e2r_core_clk.xdc]
Parsing XDC File [D:/Jetking_sem4/SEM_4/arty-a7-online-lm-g14-preboard-00/constraints/arty_a7_qspi.xdc]
Finished Parsing XDC File [D:/Jetking_sem4/SEM_4/arty-a7-online-lm-g14-preboard-00/constraints/arty_a7_qspi.xdc]
Parsing XDC File [D:/Jetking_sem4/SEM_4/arty-a7-online-lm-g14-preboard-00/vivado/ip/mig_7series_0/mig_7series_0/user_design/constraints/mig_7series_0.xdc]
get_pins: Time (s): cpu = 00:01:16 ; elapsed = 00:01:19 . Memory (MB): peak = 3529.168 ; gain = 0.000
Finished Parsing XDC File [D:/Jetking_sem4/SEM_4/arty-a7-online-lm-g14-preboard-00/vivado/ip/mig_7series_0/mig_7series_0/user_design/constraints/mig_7series_0.xdc]
INFO: [Opt 31-138] Pushed 2 inverter(s) to 16 load pin(s).
Netlist sorting complete. Time (s): cpu = 00:00:00 ; elapsed = 00:00:00.066 . Memory (MB): peak = 3529.168 ; gain = 0.000
INFO: [Project 1-111] Unisim Transformation Summary:
  A total of 731 instances were transformed.
  IBUFDS_INTERMDISABLE => IBUFDS_INTERMDISABLE (IBUFDS_INTERMDISABLE_INT(x2)): 2 instances
  IOBUFDS_INTERMDISABLE => IOBUFDS_INTERMDISABLE (IBUFDS_INTERMDISABLE_INT(x2), INV, OBUFTDS(x2)): 2 instances
  IOBUF_INTERMDISABLE => IOBUF_INTERMDISABLE (IBUF_INTERMDISABLE, OBUFT): 16 instances
  MMCME2_BASE => MMCME2_ADV: 2 instances
  OBUFDS => OBUFDS_DUAL_BUF (INV, OBUFDS(x2)): 1 instance 
  OBUFTDS => OBUFTDS_DUAL_BUF (INV, OBUFTDS(x2)): 2 instances
  RAM16X1S => RAM32X1S (RAMS32): 32 instances
  RAM32M => RAM32M (RAMD32(x6), RAMS32(x2)): 112 instances
  RAM32X1D => RAM32X1D (RAMD32(x2)): 2 instances
  RAM64M => RAM64M (RAMD64E(x4)): 496 instances
  RAM64X1D => RAM64X1D (RAMD64E(x2)): 64 instances

Synth Design complete | Checksum: ead02753
INFO: [Common 17-83] Releasing license: Vivado_Synthesis
865 Infos, 526 Warnings, 0 Critical Warnings and 0 Errors encountered.
synth_design completed successfully
synth_design: Time (s): cpu = 00:07:26 ; elapsed = 00:09:27 . Memory (MB): peak = 3529.168 ; gain = 2882.125
INFO: [Timing 38-480] Writing timing data to binary archive.
Wrote PlaceDB: Time (s): cpu = 00:00:00 ; elapsed = 00:00:00.001 . Memory (MB): peak = 3529.168 ; gain = 0.000
Wrote PulsedLatchDB: Time (s): cpu = 00:00:00 ; elapsed = 00:00:00 . Memory (MB): peak = 3529.168 ; gain = 0.000
Writing XDEF routing.
Writing XDEF routing logical nets.
Writing XDEF routing special nets.
Wrote RouteStorage: Time (s): cpu = 00:00:00 ; elapsed = 00:00:00.027 . Memory (MB): peak = 3529.168 ; gain = 0.000
Wrote PlaceStorage: Time (s): cpu = 00:00:00 ; elapsed = 00:00:00.014 . Memory (MB): peak = 3529.168 ; gain = 0.000
Wrote Netlist Cache: Time (s): cpu = 00:00:00 ; elapsed = 00:00:00.001 . Memory (MB): peak = 3529.168 ; gain = 0.000
Wrote Device Cache: Time (s): cpu = 00:00:00 ; elapsed = 00:00:00.004 . Memory (MB): peak = 3529.168 ; gain = 0.000
Write Physdb Complete: Time (s): cpu = 00:00:00 ; elapsed = 00:00:00.061 . Memory (MB): peak = 3529.168 ; gain = 0.000
Write ShapeDB Complete: Time (s): cpu = 00:00:00 ; elapsed = 00:00:00.162 . Memory (MB): peak = 3529.168 ; gain = 0.000
INFO: [Common 17-1381] The checkpoint 'D:/Jetking_sem4/SEM_4/arty-a7-online-lm-g14-preboard-00/results/A7-NATIVE-GRAPH/GROK-ORCH-00/U2-OPTIMIZED-FULLCHIP-COFIT-00/e2r_post_synth.dcp' has been generated.
write_checkpoint: Time (s): cpu = 00:00:14 ; elapsed = 00:00:15 . Memory (MB): peak = 3529.168 ; gain = 0.000
INFO: [Timing 38-35] Done setting XDC timing constraints.
PREPLACE_GATE u_ab_ramb36=19
=== IMPLEMENT U2-OPTIMIZED-FULLCHIP-COFIT-00 ===
Command: opt_design -control_set_merge -sweep -propconst
Attempting to get a license for feature 'Vivado_Implementation' and/or device 'xc7a100t'
INFO: [Common 17-349] Got license for feature 'Vivado_Implementation' and/or device 'xc7a100t'
Running DRC as a precondition to command opt_design

Starting DRC Task
INFO: [DRC 23-27] Running DRC with 8 threads
INFO: [Project 1-461] DRC finished with 0 Errors
INFO: [Project 1-462] Please refer to the DRC report (report_drc) for more information.

Time (s): cpu = 00:00:01 ; elapsed = 00:00:01 . Memory (MB): peak = 3529.168 ; gain = 0.000

Starting Logic Optimization Task

Phase 1 Initialization

Phase 1.1 Core Generation And Design Setup
Phase 1.1 Core Generation And Design Setup | Checksum: 28b96ffe0

Time (s): cpu = 00:00:00 ; elapsed = 00:00:00.080 . Memory (MB): peak = 3529.168 ; gain = 0.000

Phase 1.2 Setup Constraints And Sort Netlist
Phase 1.2 Setup Constraints And Sort Netlist | Checksum: 28b96ffe0

Time (s): cpu = 00:00:00 ; elapsed = 00:00:00.183 . Memory (MB): peak = 3529.168 ; gain = 0.000
Phase 1 Initialization | Checksum: 28b96ffe0

Time (s): cpu = 00:00:00 ; elapsed = 00:00:00.196 . Memory (MB): peak = 3529.168 ; gain = 0.000

Phase 2 Timer Update And Timing Data Collection

Phase 2.1 Detect if minReqCache needed
Phase 2.1 Detect if minReqCache needed | Checksum: 28b96ffe0

Time (s): cpu = 00:00:00 ; elapsed = 00:00:00.289 . Memory (MB): peak = 3529.168 ; gain = 0.000

Phase 2.2 Timer Update
Phase 2.2 Timer Update | Checksum: 28b96ffe0

Time (s): cpu = 00:00:02 ; elapsed = 00:00:02 . Memory (MB): peak = 3529.168 ; gain = 0.000

Phase 2.3 Timing Data Collection
Phase 2.3 Timing Data Collection | Checksum: 28b96ffe0

Time (s): cpu = 00:00:02 ; elapsed = 00:00:02 . Memory (MB): peak = 3529.168 ; gain = 0.000
Phase 2 Timer Update And Timing Data Collection | Checksum: 28b96ffe0

Time (s): cpu = 00:00:02 ; elapsed = 00:00:02 . Memory (MB): peak = 3529.168 ; gain = 0.000

Phase 3 Constant propagation
INFO: [Opt 31-138] Pushed 7 inverter(s) to 48 load pin(s).
Phase 3 Constant propagation | Checksum: 25a8e9e67

Time (s): cpu = 00:00:04 ; elapsed = 00:00:04 . Memory (MB): peak = 3529.168 ; gain = 0.000
Constant propagation | Checksum: 25a8e9e67
INFO: [Opt 31-389] Phase Constant propagation created 1143 cells and removed 2518 cells

Phase 4 Sweep
INFO: [Constraints 18-11670] Building netlist checker database with flags, 0x8
Done building netlist checker database: Time (s): cpu = 00:00:00 ; elapsed = 00:00:00.059 . Memory (MB): peak = 3529.168 ; gain = 0.000
INFO: [Constraints 18-11670] Building netlist checker database with flags, 0x8
Done building netlist checker database: Time (s): cpu = 00:00:00 ; elapsed = 00:00:00.065 . Memory (MB): peak = 3529.168 ; gain = 0.000
Phase 4 Sweep | Checksum: 215d1e092

Time (s): cpu = 00:00:06 ; elapsed = 00:00:06 . Memory (MB): peak = 3529.168 ; gain = 0.000
Sweep | Checksum: 215d1e092
INFO: [Opt 31-389] Phase Sweep created 0 cells and removed 2096 cells
INFO: [Opt 31-1021] In phase Sweep, 6 netlist objects are constrained preventing optimization. Please run opt_design with -debug_log to get more detail. 

Phase 5 Control set merging
Phase 5 Control set merging | Checksum: 2cd2f785f

Time (s): cpu = 00:00:08 ; elapsed = 00:00:08 . Memory (MB): peak = 3529.168 ; gain = 0.000
Control set merging | Checksum: 2cd2f785f
INFO: [Opt 31-389] Phase Control set merging created 0 cells and removed 15 cells
INFO: [Opt 31-1021] In phase Control set merging, 19 netlist objects are constrained preventing optimization. Please run opt_design with -debug_log to get more detail. 

Phase 6 Post Processing Netlist
INFO: [Opt 31-1566] Pulled 26 inverters resulting in an inversion of 1193 pins
Phase 6 Post Processing Netlist | Checksum: 2ec89cbe9

Time (s): cpu = 00:00:08 ; elapsed = 00:00:09 . Memory (MB): peak = 3529.168 ; gain = 0.000
Post Processing Netlist | Checksum: 2ec89cbe9
INFO: [Opt 31-389] Phase Post Processing Netlist created 0 cells and removed 27 cells
INFO: [Opt 31-1021] In phase Post Processing Netlist, 3 netlist objects are constrained preventing optimization. Please run opt_design with -debug_log to get more detail. 

Phase 7 Finalization

Phase 7.1 Finalizing Design Cores and Updating Shapes
Phase 7.1 Finalizing Design Cores and Updating Shapes | Checksum: 24245297f

Time (s): cpu = 00:00:10 ; elapsed = 00:00:10 . Memory (MB): peak = 3529.168 ; gain = 0.000

Phase 7.2 Verifying Netlist Connectivity
Phase 7.2 Verifying Netlist Connectivity | Checksum: 24245297f

Time (s): cpu = 00:00:10 ; elapsed = 00:00:10 . Memory (MB): peak = 3529.168 ; gain = 0.000
Phase 7 Finalization | Checksum: 24245297f

Time (s): cpu = 00:00:10 ; elapsed = 00:00:10 . Memory (MB): peak = 3529.168 ; gain = 0.000
Opt_design Change Summary
=========================


---------------------------------------------------------------------------------------------------------------------
|  Phase                    |  #Cells created  |  #Cells Removed  |  #Constrained objects preventing optimizations  |
---------------------------------------------------------------------------------------------------------------------
|  Constant propagation     |            1143  |            2518  |                                              0  |
|  Sweep                    |               0  |            2096  |                                              6  |
|  Control set merging      |               0  |              15  |                                             19  |
|  Post Processing Netlist  |               0  |              27  |                                              3  |
---------------------------------------------------------------------------------------------------------------------


Ending Logic Optimization Task | Checksum: 24245297f

Time (s): cpu = 00:00:10 ; elapsed = 00:00:11 . Memory (MB): peak = 3529.168 ; gain = 0.000
Netlist sorting complete. Time (s): cpu = 00:00:01 ; elapsed = 00:00:00.062 . Memory (MB): peak = 3529.168 ; gain = 0.000
INFO: [Common 17-83] Releasing license: Vivado_Implementation
884 Infos, 526 Warnings, 0 Critical Warnings and 0 Errors encountered.
opt_design completed successfully
opt_design: Time (s): cpu = 00:00:16 ; elapsed = 00:00:16 . Memory (MB): peak = 3529.168 ; gain = 0.000
Command: place_design
Attempting to get a license for feature 'Vivado_Implementation' and/or device 'xc7a100t'
INFO: [Common 17-349] Got license for feature 'Vivado_Implementation' and/or device 'xc7a100t'
INFO: [Common 17-83] Releasing license: Vivado_Implementation
INFO: [Timing 38-35] Done setting XDC timing constraints.
Running DRC as a precondition to command place_design
INFO: [DRC 23-27] Running DRC with 8 threads
INFO: [Vivado_Tcl 4-198] DRC finished with 0 Errors, 42 Warnings
INFO: [Vivado_Tcl 4-199] Please refer to the DRC report (report_drc) for more information.
INFO: [Place 30-611] Multithreading enabled for place_design using a maximum of 8 CPUs

Starting Placer Task

Phase 1 Placer Initialization

Phase 1.1 Placer Initialization Netlist Sorting
Netlist sorting complete. Time (s): cpu = 00:00:00 ; elapsed = 00:00:00.067 . Memory (MB): peak = 3529.168 ; gain = 0.000
Phase 1.1 Placer Initialization Netlist Sorting | Checksum: 1950543d8

Time (s): cpu = 00:00:00 ; elapsed = 00:00:00.080 . Memory (MB): peak = 3529.168 ; gain = 0.000
INFO: [Opt 31-138] Pushed 0 inverter(s) to 0 load pin(s).
Netlist sorting complete. Time (s): cpu = 00:00:00 ; elapsed = 00:00:00.066 . Memory (MB): peak = 3529.168 ; gain = 0.000

Phase 1.2 IO Placement/ Clock Placement/ Build Placer Device
INFO: [Timing 38-35] Done setting XDC timing constraints.
Phase 1.2 IO Placement/ Clock Placement/ Build Placer Device | Checksum: 1df9040e7

Time (s): cpu = 00:00:12 ; elapsed = 00:00:08 . Memory (MB): peak = 3529.168 ; gain = 0.000

Phase 1.3 Build Placer Netlist Model
Phase 1.3 Build Placer Netlist Model | Checksum: 2b4453f69

Time (s): cpu = 00:00:28 ; elapsed = 00:00:25 . Memory (MB): peak = 3529.168 ; gain = 0.000

Phase 1.4 Constrain Clocks/Macros
Phase 1.4 Constrain Clocks/Macros | Checksum: 2b4453f69

Time (s): cpu = 00:00:28 ; elapsed = 00:00:25 . Memory (MB): peak = 3529.168 ; gain = 0.000
Phase 1 Placer Initialization | Checksum: 2b4453f69

Time (s): cpu = 00:00:28 ; elapsed = 00:00:26 . Memory (MB): peak = 3529.168 ; gain = 0.000

Phase 2 Global Placement

Phase 2.1 Floorplanning
Phase 2.1 Floorplanning | Checksum: 2d04d4cf7

Time (s): cpu = 00:00:35 ; elapsed = 00:00:31 . Memory (MB): peak = 3529.168 ; gain = 0.000

Phase 2.2 Update Timing before SLR Path Opt
Phase 2.2 Update Timing before SLR Path Opt | Checksum: 2fa9e29e9

Time (s): cpu = 00:00:39 ; elapsed = 00:00:36 . Memory (MB): peak = 3529.168 ; gain = 0.000

Phase 2.3 Post-Processing in Floorplanning
Phase 2.3 Post-Processing in Floorplanning | Checksum: 2fa9e29e9

Time (s): cpu = 00:00:39 ; elapsed = 00:00:36 . Memory (MB): peak = 3529.168 ; gain = 0.000

Phase 2.4 Global Place Phase1
Phase 2.4 Global Place Phase1 | Checksum: 2633cb9f3

Time (s): cpu = 00:02:23 ; elapsed = 00:01:31 . Memory (MB): peak = 3529.168 ; gain = 0.000

Phase 2.5 Global Place Phase2

Phase 2.5.1 UpdateTiming Before Physical Synthesis
Phase 2.5.1 UpdateTiming Before Physical Synthesis | Checksum: 2b83b36a9

Time (s): cpu = 00:02:26 ; elapsed = 00:01:35 . Memory (MB): peak = 3529.168 ; gain = 0.000

Phase 2.5.2 Physical Synthesis In Placer
INFO: [Physopt 32-1035] Found 0 LUTNM shape to break, 1770 LUT instances to create LUTNM shape
INFO: [Physopt 32-1044] Break lutnm for timing: one critical 0, two critical 0, total 0, new lutff created 0
INFO: [Physopt 32-1138] End 1 Pass. Optimized 791 nets or LUTs. Breaked 0 LUT, combined 791 existing LUTs and moved 0 existing LUT
INFO: [Physopt 32-65] No nets found for high-fanout optimization.
INFO: [Physopt 32-232] Optimized 0 net. Created 0 new instance.
INFO: [Physopt 32-775] End 1 Pass. Optimized 0 net or cell. Created 0 new cell, deleted 0 existing cell and moved 0 existing cell
INFO: [Physopt 32-670] No setup violation found.  DSP Register Optimization was not performed.
INFO: [Physopt 32-670] No setup violation found.  Shift Register to Pipeline Optimization was not performed.
INFO: [Physopt 32-670] No setup violation found.  Shift Register Optimization was not performed.
INFO: [Physopt 32-670] No setup violation found.  BRAM Register Optimization was not performed.
INFO: [Physopt 32-670] No setup violation found.  URAM Register Optimization was not performed.
INFO: [Physopt 32-949] No candidate nets found for dynamic/static region interface net replication
INFO: [Physopt 32-775] End 1 Pass. Optimized 0 net or cell. Created 0 new cell, deleted 0 existing cell and moved 0 existing cell
Netlist sorting complete. Time (s): cpu = 00:00:00 ; elapsed = 00:00:00.061 . Memory (MB): peak = 3529.168 ; gain = 0.000

Summary of Physical Synthesis Optimizations
============================================


-----------------------------------------------------------------------------------------------------------------------------------------------------------
|  Optimization                                     |  Added Cells  |  Removed Cells  |  Optimized Cells/Nets  |  Dont Touch  |  Iterations  |  Elapsed   |
-----------------------------------------------------------------------------------------------------------------------------------------------------------
|  LUT Combining                                    |            0  |            791  |                   791  |           0  |           1  |  00:00:03  |
|  Retime                                           |            0  |              0  |                     0  |           0  |           1  |  00:00:00  |
|  Very High Fanout                                 |            0  |              0  |                     0  |           0  |           1  |  00:00:00  |
|  DSP Register                                     |            0  |              0  |                     0  |           0  |           0  |  00:00:00  |
|  Shift Register to Pipeline                       |            0  |              0  |                     0  |           0  |           0  |  00:00:00  |
|  Shift Register                                   |            0  |              0  |                     0  |           0  |           0  |  00:00:00  |
|  BRAM Register                                    |            0  |              0  |                     0  |           0  |           0  |  00:00:00  |
|  URAM Register                                    |            0  |              0  |                     0  |           0  |           0  |  00:00:00  |
|  Dynamic/Static Region Interface Net Replication  |            0  |              0  |                     0  |           0  |           1  |  00:00:00  |
|  Total                                            |            0  |            791  |                   791  |           0  |           4  |  00:00:03  |
-----------------------------------------------------------------------------------------------------------------------------------------------------------


Phase 2.5.2 Physical Synthesis In Placer | Checksum: 1ee83f106

Time (s): cpu = 00:02:35 ; elapsed = 00:01:45 . Memory (MB): peak = 3529.168 ; gain = 0.000
Phase 2.5 Global Place Phase2 | Checksum: 2da69dccb

Time (s): cpu = 00:02:39 ; elapsed = 00:01:48 . Memory (MB): peak = 3529.168 ; gain = 0.000
Phase 2 Global Placement | Checksum: 2da69dccb

Time (s): cpu = 00:02:39 ; elapsed = 00:01:48 . Memory (MB): peak = 3529.168 ; gain = 0.000

Phase 3 Detail Placement

Phase 3.1 Commit Multi Column Macros
Phase 3.1 Commit Multi Column Macros | Checksum: 25197dce7

Time (s): cpu = 00:02:44 ; elapsed = 00:01:53 . Memory (MB): peak = 3529.168 ; gain = 0.000

Phase 3.2 Commit Most Macros & LUTRAMs
Phase 3.2 Commit Most Macros & LUTRAMs | Checksum: 269e102de

Time (s): cpu = 00:02:51 ; elapsed = 00:02:03 . Memory (MB): peak = 3529.168 ; gain = 0.000

Phase 3.3 Area Swap Optimization
Phase 3.3 Area Swap Optimization | Checksum: 295a6aac6

Time (s): cpu = 00:02:53 ; elapsed = 00:02:05 . Memory (MB): peak = 3529.168 ; gain = 0.000

Phase 3.4 Pipeline Register Optimization
Phase 3.4 Pipeline Register Optimization | Checksum: 23cbecc7b

Time (s): cpu = 00:02:53 ; elapsed = 00:02:05 . Memory (MB): peak = 3529.168 ; gain = 0.000

Phase 3.5 Small Shape Detail Placement
Phase 3.5 Small Shape Detail Placement | Checksum: 2593d7c4b

Time (s): cpu = 00:03:30 ; elapsed = 00:02:52 . Memory (MB): peak = 3529.168 ; gain = 0.000

Phase 3.6 Re-assign LUT pins
Phase 3.6 Re-assign LUT pins | Checksum: 1be60e656

Time (s): cpu = 00:03:36 ; elapsed = 00:02:58 . Memory (MB): peak = 3529.168 ; gain = 0.000

Phase 3.7 Pipeline Register Optimization
Phase 3.7 Pipeline Register Optimization | Checksum: 27b404307

Time (s): cpu = 00:03:36 ; elapsed = 00:02:58 . Memory (MB): peak = 3529.168 ; gain = 0.000
Phase 3 Detail Placement | Checksum: 27b404307

Time (s): cpu = 00:03:37 ; elapsed = 00:02:58 . Memory (MB): peak = 3529.168 ; gain = 0.000

Phase 4 Post Placement Optimization and Clean-Up

Phase 4.1 Post Commit Optimization
INFO: [Timing 38-35] Done setting XDC timing constraints.

Phase 4.1.1 Post Placement Optimization
Post Placement Optimization Initialization | Checksum: 2607ed143

Phase 4.1.1.1 BUFG Insertion

Starting Physical Synthesis Task

Phase 1 Physical Synthesis Initialization
INFO: [Physopt 32-721] Multithreading enabled for phys_opt_design using a maximum of 8 CPUs
INFO: [Physopt 32-619] Estimated Timing Summary | WNS=0.926 | TNS=0.000 |
Phase 1 Physical Synthesis Initialization | Checksum: 26444b9a6

Time (s): cpu = 00:00:01 ; elapsed = 00:00:01 . Memory (MB): peak = 3529.168 ; gain = 0.000
INFO: [Place 46-33] Processed net u_boot_core_sync/sync_out_reg[1]_1, BUFG insertion was skipped due to placement/routing conflicts.
INFO: [Place 46-33] Processed net u_ab/u_soa/u_soa/E[0], BUFG insertion was skipped due to placement/routing conflicts.
INFO: [Place 46-33] Processed net u_ab/u_soa/u_core/input_hs, BUFG insertion was skipped due to placement/routing conflicts.
INFO: [Place 46-33] Processed net u_mig/init_calib_complete_reg, BUFG insertion was skipped due to placement/routing conflicts.
INFO: [Place 46-56] BUFG insertion identified 4 candidate nets. Inserted BUFG: 0, Replicated BUFG Driver: 0, Skipped due to Placement/Routing Conflicts: 4, Skipped due to Timing Degradation: 0, Skipped due to netlist editing failed: 0.
Ending Physical Synthesis Task | Checksum: 2bcd4bb44

Time (s): cpu = 00:00:02 ; elapsed = 00:00:02 . Memory (MB): peak = 3529.168 ; gain = 0.000
Phase 4.1.1.1 BUFG Insertion | Checksum: 2607ed143

Time (s): cpu = 00:03:51 ; elapsed = 00:03:12 . Memory (MB): peak = 3529.168 ; gain = 0.000

Phase 4.1.1.2 Post Placement Timing Optimization
INFO: [Place 30-746] Post Placement Timing Summary WNS=0.926. For the most accurate timing information please run report_timing.
Phase 4.1.1.2 Post Placement Timing Optimization | Checksum: 1d99580b5

Time (s): cpu = 00:03:52 ; elapsed = 00:03:13 . Memory (MB): peak = 3529.168 ; gain = 0.000

Time (s): cpu = 00:03:52 ; elapsed = 00:03:13 . Memory (MB): peak = 3529.168 ; gain = 0.000
Phase 4.1 Post Commit Optimization | Checksum: 1d99580b5

Time (s): cpu = 00:03:52 ; elapsed = 00:03:13 . Memory (MB): peak = 3529.168 ; gain = 0.000

Phase 4.2 Post Placement Cleanup
Phase 4.2 Post Placement Cleanup | Checksum: 1d99580b5

Time (s): cpu = 00:03:53 ; elapsed = 00:03:13 . Memory (MB): peak = 3529.168 ; gain = 0.000

Phase 4.3 Placer Reporting

Phase 4.3.1 Print Estimated Congestion
INFO: [Place 30-612] Post-Placement Estimated Congestion 
 ____________________________________________________
|           | Global Congestion | Short Congestion  |
| Direction | Region Size       | Region Size       |
|___________|___________________|___________________|
|      North|                4x4|                4x4|
|___________|___________________|___________________|
|      South|                1x1|                4x4|
|___________|___________________|___________________|
|       East|                1x1|                2x2|
|___________|___________________|___________________|
|       West|                1x1|                1x1|
|___________|___________________|___________________|

Phase 4.3.1 Print Estimated Congestion | Checksum: 1d99580b5

Time (s): cpu = 00:03:54 ; elapsed = 00:03:14 . Memory (MB): peak = 3529.168 ; gain = 0.000
Phase 4.3 Placer Reporting | Checksum: 1d99580b5

Time (s): cpu = 00:03:54 ; elapsed = 00:03:14 . Memory (MB): peak = 3529.168 ; gain = 0.000

Phase 4.4 Final Placement Cleanup
Netlist sorting complete. Time (s): cpu = 00:00:00 ; elapsed = 00:00:00.095 . Memory (MB): peak = 3529.168 ; gain = 0.000

Time (s): cpu = 00:03:54 ; elapsed = 00:03:14 . Memory (MB): peak = 3529.168 ; gain = 0.000
Phase 4 Post Placement Optimization and Clean-Up | Checksum: 200b2b5f8

Time (s): cpu = 00:03:54 ; elapsed = 00:03:14 . Memory (MB): peak = 3529.168 ; gain = 0.000
Ending Placer Task | Checksum: 1efb46c42

Time (s): cpu = 00:03:55 ; elapsed = 00:03:14 . Memory (MB): peak = 3529.168 ; gain = 0.000
916 Infos, 526 Warnings, 0 Critical Warnings and 0 Errors encountered.
place_design completed successfully
place_design: Time (s): cpu = 00:04:03 ; elapsed = 00:03:21 . Memory (MB): peak = 3529.168 ; gain = 0.000
Command: phys_opt_design
Attempting to get a license for feature 'Vivado_Implementation' and/or device 'xc7a100t'
INFO: [Common 17-349] Got license for feature 'Vivado_Implementation' and/or device 'xc7a100t'

Starting Initial Update Timing Task

Time (s): cpu = 00:00:09 ; elapsed = 00:00:08 . Memory (MB): peak = 3529.168 ; gain = 0.000
INFO: [Vivado_Tcl 4-2279] Estimated Timing Summary | WNS= 0.926 | TNS= 0.000 | 
INFO: [Vivado_Tcl 4-383] Design worst setup slack (WNS) is greater than or equal to 0.000 ns. All physical synthesis setup optimizations will be skipped.
INFO: [Vivado_Tcl 4-232] No setup violation found. The netlist was not modified.
INFO: [Common 17-83] Releasing license: Vivado_Implementation
921 Infos, 526 Warnings, 0 Critical Warnings and 0 Errors encountered.
phys_opt_design completed successfully
phys_opt_design: Time (s): cpu = 00:00:09 ; elapsed = 00:00:09 . Memory (MB): peak = 3529.168 ; gain = 0.000
Command: route_design
Attempting to get a license for feature 'Vivado_Implementation' and/or device 'xc7a100t'
INFO: [Common 17-349] Got license for feature 'Vivado_Implementation' and/or device 'xc7a100t'


Starting Routing Task
INFO: [Route 35-254] Multithreading enabled for route_design using a maximum of 8 CPUs

Phase 1 Build RT Design
Checksum: PlaceDB: 3ea53c4c ConstDB: 0 ShapeSum: ff3cd060 RouteDB: b1d25f96
Post Restoration Checksum: NetGraph: 9b46a13b | NumContArr: afad59e4 | Constraints: c2a8fa9d | Timing: c2a8fa9d
Phase 1 Build RT Design | Checksum: 2d045f059

Time (s): cpu = 00:00:48 ; elapsed = 00:00:38 . Memory (MB): peak = 3529.168 ; gain = 0.000

Phase 2 Router Initialization

Phase 2.1 Fix Topology Constraints
Phase 2.1 Fix Topology Constraints | Checksum: 2d045f059

Time (s): cpu = 00:00:48 ; elapsed = 00:00:39 . Memory (MB): peak = 3529.168 ; gain = 0.000

Phase 2.2 Pre Route Cleanup
Phase 2.2 Pre Route Cleanup | Checksum: 2d045f059

Time (s): cpu = 00:00:49 ; elapsed = 00:00:39 . Memory (MB): peak = 3529.168 ; gain = 0.000
 Number of Nodes with overlaps = 0

Phase 2.3 Update Timing
Phase 2.3 Update Timing | Checksum: 1d58b8308

Time (s): cpu = 00:01:08 ; elapsed = 00:00:53 . Memory (MB): peak = 3557.539 ; gain = 28.371
INFO: [Route 35-416] Intermediate Timing Summary | WNS=0.971  | TNS=0.000  | WHS=-1.276 | THS=-643.031|


Phase 2.4 Soft Constraint Pins - Fast Budgeting
Phase 2.4 Soft Constraint Pins - Fast Budgeting | Checksum: 142837bb0

Time (s): cpu = 00:01:16 ; elapsed = 00:00:58 . Memory (MB): peak = 3615.723 ; gain = 86.555

Router Utilization Summary
  Global Vertical Routing Utilization    = 0 %
  Global Horizontal Routing Utilization  = 0 %
  Routable Net Status*
  *Does not include unroutable nets such as driverless and loadless.
  Run report_route_status for detailed report.
  Number of Failed Nets               = 75209
    (Failed Nets is the sum of unrouted and partially routed nets)
  Number of Unrouted Nets             = 75209
  Number of Partially Routed Nets     = 0
  Number of Node Overlaps             = 0

Phase 2 Router Initialization | Checksum: 1d304519f

Time (s): cpu = 00:01:17 ; elapsed = 00:00:59 . Memory (MB): peak = 3615.723 ; gain = 86.555

Phase 3 Global Routing
Phase 3 Global Routing | Checksum: 1d304519f

Time (s): cpu = 00:01:17 ; elapsed = 00:00:59 . Memory (MB): peak = 3615.723 ; gain = 86.555

Phase 4 Initial Routing

Phase 4.1 Initial Net Routing Pass
Phase 4.1 Initial Net Routing Pass | Checksum: 23e2c1e64

Time (s): cpu = 00:01:27 ; elapsed = 00:01:07 . Memory (MB): peak = 3615.723 ; gain = 86.555
Phase 4 Initial Routing | Checksum: 23e2c1e64

Time (s): cpu = 00:01:28 ; elapsed = 00:01:07 . Memory (MB): peak = 3615.723 ; gain = 86.555

Phase 5 Rip-up And Reroute

Phase 5.1 Global Iteration 0
 Number of Nodes with overlaps = 12781
 Number of Nodes with overlaps = 1487
 Number of Nodes with overlaps = 297
 Number of Nodes with overlaps = 86
 Number of Nodes with overlaps = 17
 Number of Nodes with overlaps = 1
 Number of Nodes with overlaps = 0
INFO: [Route 35-416] Intermediate Timing Summary | WNS=0.723  | TNS=0.000  | WHS=N/A    | THS=N/A    |

Phase 5.1 Global Iteration 0 | Checksum: 21cc5d0ab

Time (s): cpu = 00:02:40 ; elapsed = 00:02:28 . Memory (MB): peak = 3615.723 ; gain = 86.555

Phase 5.2 Global Iteration 1
 Number of Nodes with overlaps = 6
 Number of Nodes with overlaps = 8
 Number of Nodes with overlaps = 4
 Number of Nodes with overlaps = 2
 Number of Nodes with overlaps = 0
INFO: [Route 35-416] Intermediate Timing Summary | WNS=0.723  | TNS=0.000  | WHS=N/A    | THS=N/A    |

Phase 5.2 Global Iteration 1 | Checksum: 1e307d82f

Time (s): cpu = 00:02:47 ; elapsed = 00:02:36 . Memory (MB): peak = 3615.723 ; gain = 86.555
Phase 5 Rip-up And Reroute | Checksum: 1e307d82f

Time (s): cpu = 00:02:47 ; elapsed = 00:02:36 . Memory (MB): peak = 3615.723 ; gain = 86.555

Phase 6 Delay and Skew Optimization

Phase 6.1 Delay CleanUp

Phase 6.1.1 Update Timing
Phase 6.1.1 Update Timing | Checksum: 218ea5ab9

Time (s): cpu = 00:02:48 ; elapsed = 00:02:37 . Memory (MB): peak = 3615.723 ; gain = 86.555
INFO: [Route 35-416] Intermediate Timing Summary | WNS=0.803  | TNS=0.000  | WHS=N/A    | THS=N/A    |

Phase 6.1 Delay CleanUp | Checksum: 218ea5ab9

Time (s): cpu = 00:02:48 ; elapsed = 00:02:37 . Memory (MB): peak = 3615.723 ; gain = 86.555

Phase 6.2 Clock Skew Optimization
Phase 6.2 Clock Skew Optimization | Checksum: 218ea5ab9

Time (s): cpu = 00:02:48 ; elapsed = 00:02:37 . Memory (MB): peak = 3615.723 ; gain = 86.555
Phase 6 Delay and Skew Optimization | Checksum: 218ea5ab9

Time (s): cpu = 00:02:48 ; elapsed = 00:02:37 . Memory (MB): peak = 3615.723 ; gain = 86.555

Phase 7 Post Hold Fix

Phase 7.1 Hold Fix Iter
INFO: [Route 35-416] Intermediate Timing Summary | WNS=0.803  | TNS=0.000  | WHS=0.020  | THS=0.000  |

Phase 7.1 Hold Fix Iter | Checksum: 1b1ccbf28

Time (s): cpu = 00:02:51 ; elapsed = 00:02:38 . Memory (MB): peak = 3615.723 ; gain = 86.555
Phase 7 Post Hold Fix | Checksum: 1b1ccbf28

Time (s): cpu = 00:02:51 ; elapsed = 00:02:38 . Memory (MB): peak = 3615.723 ; gain = 86.555

Phase 8 Route finalize

Router Utilization Summary
  Global Vertical Routing Utilization    = 19.8406 %
  Global Horizontal Routing Utilization  = 23.1321 %
  Routable Net Status*
  *Does not include unroutable nets such as driverless and loadless.
  Run report_route_status for detailed report.
  Number of Failed Nets               = 0
    (Failed Nets is the sum of unrouted and partially routed nets)
  Number of Unrouted Nets             = 0
  Number of Partially Routed Nets     = 0
  Number of Node Overlaps             = 0

Phase 8 Route finalize | Checksum: 1b1ccbf28

Time (s): cpu = 00:02:52 ; elapsed = 00:02:38 . Memory (MB): peak = 3615.723 ; gain = 86.555

Phase 9 Verifying routed nets

 Verification completed successfully
Phase 9 Verifying routed nets | Checksum: 1b1ccbf28

Time (s): cpu = 00:02:52 ; elapsed = 00:02:39 . Memory (MB): peak = 3615.723 ; gain = 86.555

Phase 10 Depositing Routes
Phase 10 Depositing Routes | Checksum: 251f97955

Time (s): cpu = 00:03:00 ; elapsed = 00:02:46 . Memory (MB): peak = 3615.723 ; gain = 86.555

Phase 11 Post Process Routing
Phase 11 Post Process Routing | Checksum: 251f97955

Time (s): cpu = 00:03:00 ; elapsed = 00:02:47 . Memory (MB): peak = 3615.723 ; gain = 86.555

Phase 12 Post Router Timing
INFO: [Route 35-57] Estimated Timing Summary | WNS=0.803  | TNS=0.000  | WHS=0.020  | THS=0.000  |

INFO: [Route 35-327] The final timing numbers are based on the router estimated timing analysis. For a complete and accurate timing signoff, please run report_timing_summary.
Phase 12 Post Router Timing | Checksum: 251f97955

Time (s): cpu = 00:03:00 ; elapsed = 00:02:47 . Memory (MB): peak = 3615.723 ; gain = 86.555
Total Elapsed time in route_design: 166.791 secs

Phase 13 Post-Route Event Processing
Phase 13 Post-Route Event Processing | Checksum: 1ab942a1e

Time (s): cpu = 00:03:01 ; elapsed = 00:02:47 . Memory (MB): peak = 3615.723 ; gain = 86.555
INFO: [Route 35-16] Router Completed Successfully
Ending Routing Task | Checksum: 1ab942a1e

Time (s): cpu = 00:03:01 ; elapsed = 00:02:47 . Memory (MB): peak = 3615.723 ; gain = 86.555

Routing Is Done.
INFO: [Common 17-83] Releasing license: Vivado_Implementation
932 Infos, 526 Warnings, 0 Critical Warnings and 0 Errors encountered.
route_design completed successfully
route_design: Time (s): cpu = 00:03:02 ; elapsed = 00:02:48 . Memory (MB): peak = 3615.723 ; gain = 86.555
Command: phys_opt_design -directive Explore
Attempting to get a license for feature 'Vivado_Implementation' and/or device 'xc7a100t'
INFO: [Common 17-349] Got license for feature 'Vivado_Implementation' and/or device 'xc7a100t'
INFO: [Vivado_Tcl 4-241] Physical synthesis in post route mode 
INFO: [Vivado_Tcl 4-137] Directive used for phys_opt_design is: Explore

Starting Initial Update Timing Task

Time (s): cpu = 00:00:24 ; elapsed = 00:00:09 . Memory (MB): peak = 3615.723 ; gain = 0.000
INFO: [Vivado_Tcl 4-2279] Estimated Timing Summary | WNS= 0.808 | TNS= 0.000 | 
INFO: [Vivado_Tcl 4-383] Design worst setup slack (WNS) is greater than or equal to 0.000 ns. All physical synthesis setup optimizations will be skipped.
INFO: [Vivado_Tcl 4-232] No setup violation found. The netlist was not modified.
INFO: [Common 17-83] Releasing license: Vivado_Implementation
939 Infos, 526 Warnings, 0 Critical Warnings and 0 Errors encountered.
phys_opt_design completed successfully
phys_opt_design: Time (s): cpu = 00:00:29 ; elapsed = 00:00:14 . Memory (MB): peak = 3615.723 ; gain = 0.000
INFO: [Timing 38-91] UpdateTimingParams: Speed grade: -1, Delay Type: min_max.
INFO: [Timing 38-191] Multithreading enabled for timing update using a maximum of 8 CPUs
report_timing_summary: Time (s): cpu = 00:00:33 ; elapsed = 00:00:15 . Memory (MB): peak = 3615.723 ; gain = 0.000
INFO: [Timing 38-91] UpdateTimingParams: Speed grade: -1, Delay Type: min_max.
INFO: [Timing 38-191] Multithreading enabled for timing update using a maximum of 8 CPUs
INFO: [Timing 38-91] UpdateTimingParams: Speed grade: -1, Delay Type: min_max.
INFO: [Timing 38-191] Multithreading enabled for timing update using a maximum of 8 CPUs
INFO: [Timing 38-433] Consider using Xilinx recommended XPM_CDC modules to avoid Critical severities
INFO: [Timing 38-314] The report_cdc command only analyzes and reports clock domain crossing paths where clocks have been defined on both source and destination sides. Ports with no input delay constraint are skipped. Please run check_timing to verify there are no missing clock definitions in your design, nor any unconstrained input port.
report_control_sets: Time (s): cpu = 00:00:00 ; elapsed = 00:00:00.449 . Memory (MB): peak = 3615.723 ; gain = 0.000
Command: report_drc -file D:/Jetking_sem4/SEM_4/arty-a7-online-lm-g14-preboard-00/results/A7-NATIVE-GRAPH/GROK-ORCH-00/U2-OPTIMIZED-FULLCHIP-COFIT-00/report_drc.rpt
INFO: [IP_Flow 19-1839] IP Catalog is up to date.
INFO: [DRC 23-27] Running DRC with 8 threads
INFO: [Vivado_Tcl 2-168] The results of DRC are in file D:/Jetking_sem4/SEM_4/arty-a7-online-lm-g14-preboard-00/results/A7-NATIVE-GRAPH/GROK-ORCH-00/U2-OPTIMIZED-FULLCHIP-COFIT-00/report_drc.rpt.
report_drc completed successfully
INFO: [Timing 38-480] Writing timing data to binary archive.
Wrote PlaceDB: Time (s): cpu = 00:00:00 ; elapsed = 00:00:00 . Memory (MB): peak = 3615.723 ; gain = 0.000
Wrote PulsedLatchDB: Time (s): cpu = 00:00:00 ; elapsed = 00:00:00 . Memory (MB): peak = 3615.723 ; gain = 0.000
Writing XDEF routing.
Writing XDEF routing logical nets.
Write ShapeDB Complete: Time (s): cpu = 00:00:00 ; elapsed = 00:00:00.198 . Memory (MB): peak = 3615.723 ; gain = 0.000
Writing XDEF routing special nets.
Wrote RouteStorage: Time (s): cpu = 00:00:02 ; elapsed = 00:00:01 . Memory (MB): peak = 3615.723 ; gain = 0.000
Wrote PlaceStorage: Time (s): cpu = 00:00:05 ; elapsed = 00:00:03 . Memory (MB): peak = 3615.723 ; gain = 0.000
Wrote Netlist Cache: Time (s): cpu = 00:00:01 ; elapsed = 00:00:00.110 . Memory (MB): peak = 3615.723 ; gain = 0.000
Wrote Device Cache: Time (s): cpu = 00:00:00 ; elapsed = 00:00:00.008 . Memory (MB): peak = 3615.723 ; gain = 0.000
Write Physdb Complete: Time (s): cpu = 00:00:08 ; elapsed = 00:00:04 . Memory (MB): peak = 3615.723 ; gain = 0.000
INFO: [Common 17-1381] The checkpoint 'D:/Jetking_sem4/SEM_4/arty-a7-online-lm-g14-preboard-00/results/A7-NATIVE-GRAPH/GROK-ORCH-00/U2-OPTIMIZED-FULLCHIP-COFIT-00/e2r_post_route.dcp' has been generated.
write_checkpoint: Time (s): cpu = 00:00:19 ; elapsed = 00:00:16 . Memory (MB): peak = 3615.723 ; gain = 0.000
INFO: [Timing 38-91] UpdateTimingParams: Speed grade: -1, Delay Type: min_max.
INFO: [Timing 38-191] Multithreading enabled for timing update using a maximum of 8 CPUs
TIMING_PARSE WNS=NA TNS=NA WHS=NA THS=NA
CDC_UNSAFE sev=Critical src=c166_raw dst=clk_pll_i uns=1 class=CLOCK_GEN_FALSEPATH
CDC_CLASSIFY rows_unsafe=1 clkgen_falsepath=1 candidate_logic=0
SLICE_PARSE used=15697 tot=0
GATE_FAIL free_slices=-15697
RISK free_slices=-15697 (<256)
TIMING_PARSE_FILE WNS=0.808 TNS=0.000 WHS=0.020 THS=0.000
P2_G1G5_COFIT_METRICS ramb36=104 dsp=19 WNS=0.808 TNS=0.000 WHS=0.020 THS=0.000 free=-15697 route_err=0 cdc_cand=0 gate_pass=0 risk_free=1
SKIP_BITSTREAM U2 NO_FINAL_BIT_CLAIM PROGRAM=NO
U2_OPTIMIZED_FULLCHIP_COFIT_FAIL
INFO: [Common 17-206] Exiting Vivado at Fri Sep  4 12:54:17 2026...
