
****** xsim v2026.1 (64-bit)
  **** SW Build 6511674 on Tue Jun 16 11:02:23 MDT 2026
  **** IP Build 6504888 on Tue Jun 09 09:05:25 MDT 2026
  **** SharedData Build 6501428 on Mon Jun 08 17:34:18 MDT 2026
  **** Start of session at: Wed Sep  2 02:11:50 2026
    ** Copyright 1986-2022 Xilinx, Inc. All Rights Reserved.
    ** Copyright 2022-2026 Advanced Micro Devices, Inc. All Rights Reserved.

source xsim.dir/cofit_g5r1/xsim_script.tcl
# xsim {cofit_g5r1} -autoloadwcfg -runall
Time resolution is 1 ps
run -all
WMEM_INIT ok n=802816 readback0=-6
PRETRAIN A rank=3 score=39
TRAIN A vis rank=2 score=42 MODE=5
CFRAME LIVE C1 MODE=8 (train was 5)
CELL_LIVE_MODE PASS MODE=8 DROP=5
LMST_RISE n=1 cyc=803514
EMB_POS t=64282280000 dim=0 wrd=-3 awd=-3
EMB_POS t=64282520000 dim=1 wrd=3 awd=3
EMB_TOK t=64528040000 dim=0 wrd=6 ard=-3 awd=3
EMB_TOK t=64528280000 dim=1 wrd=3 ard=3 awd=6
LNV t=64849560000 acc=2554 var=39 mu=-1
LNO t=64859720000 ly=0 ten=0 ard=3 mu=-1 sc=4 q=16
LNV t=65494520000 acc=2138 var=33 mu=0
LNO t=65504680000 ly=0 ten=0 ard=-5 mu=0 sc=4 q=-20
LNV t=66139480000 acc=2837 var=44 mu=-1
LNO t=66149640000 ly=0 ten=0 ard=-8 mu=-1 sc=4 q=-28
LNV t=66784440000 acc=2492 var=38 mu=0
LNO t=66794600000 ly=0 ten=0 ard=-7 mu=0 sc=4 q=-28
LNV t=67429400000 acc=2345 var=36 mu=0
LNO t=67439560000 ly=0 ten=0 ard=3 mu=0 sc=4 q=12
LNV t=68074360000 acc=2349 var=36 mu=-1
LNO t=68084520000 ly=0 ten=0 ard=5 mu=-1 sc=4 q=24
LNV t=68719320000 acc=2318 var=36 mu=-1
LNO t=68729480000 ly=0 ten=0 ard=-2 mu=-1 sc=4 q=-4
LNV t=69364280000 acc=2256 var=35 mu=0
LNO t=69374440000 ly=0 ten=0 ard=-3 mu=0 sc=4 q=-12
MV0 t=69933560000 ly=0 ten_o=2 acc=0 dest=32768
MV0 t=75186680000 ly=0 ten_o=2 acc=0 dest=32896
MV0 t=80439800000 ly=0 ten_o=2 acc=0 dest=33024
MV0 t=85692920000 ly=0 ten_o=2 acc=0 dest=33152
MV0 t=90946040000 ly=0 ten_o=2 acc=0 dest=33280
MV0 t=96199160000 ly=0 ten_o=2 acc=0 dest=33408
MV0 t=101452280000 ly=0 ten_o=2 acc=0 dest=33536
MV0 t=106705400000 ly=0 ten_o=2 acc=0 dest=33664
MV0 t=111958520000 ly=0 ten_o=3 acc=0 dest=49152
MV0 t=117211640000 ly=0 ten_o=3 acc=0 dest=49280
MV0 t=122464760000 ly=0 ten_o=3 acc=0 dest=49408
MV0 t=127717880000 ly=0 ten_o=3 acc=0 dest=49536
MV0 t=132971000000 ly=0 ten_o=3 acc=0 dest=49664
MV0 t=138224120000 ly=0 ten_o=3 acc=0 dest=49792
MV0 t=143477240000 ly=0 ten_o=3 acc=0 dest=49920
MV0 t=148730360000 ly=0 ten_o=3 acc=0 dest=50048
MV0 t=153983480000 ly=0 ten_o=4 acc=0 dest=65536
MV0 t=159236600000 ly=0 ten_o=4 acc=0 dest=65664
MV0 t=164489720000 ly=0 ten_o=4 acc=0 dest=65792
MV0 t=169742840000 ly=0 ten_o=4 acc=0 dest=65920
MV0 t=174995960000 ly=0 ten_o=4 acc=0 dest=66048
MV0 t=180249080000 ly=0 ten_o=4 acc=0 dest=66176
MV0 t=185502200000 ly=0 ten_o=4 acc=0 dest=66304
MV0 t=190755320000 ly=0 ten_o=4 acc=0 dest=66432
ATTQK t=196008360000 ard=140 ardb=96 qa=32768 ka=49152
ATTO t=196033400000 h=0 q=-1256 z=16 acc=-20096 dest=81920
ATTQK t=196175000000 ard=764 ardb=-1408 qa=32800 ka=49184
ATTO t=196200040000 h=1 q=-12 z=16 acc=-192 dest=81952
ATTQK t=196341640000 ard=-244 ardb=4 qa=32832 ka=49216
ATTO t=196366680000 h=2 q=168 z=16 acc=2688 dest=81984
ATTQK t=196508280000 ard=108 ardb=396 qa=32864 ka=49248
ATTO t=196533320000 h=3 q=684 z=16 acc=10944 dest=82016
ATTQK t=196674920000 ard=-584 ardb=96 qa=32896 ka=49152
ATTO t=196710760000 h=0 q=48 z=16 acc=768 dest=82048
ATTQK t=196862280000 ard=204 ardb=-1408 qa=32928 ka=49184
ATTO t=196898120000 h=1 q=504 z=16 acc=8064 dest=82080
ATTQK t=197049640000 ard=-244 ardb=4 qa=32960 ka=49216
ATTO t=197085480000 h=2 q=-184 z=16 acc=-2944 dest=82112
ATTQK t=197237000000 ard=-172 ardb=396 qa=32992 ka=49248
ATTO t=197272840000 h=3 q=684 z=16 acc=10944 dest=82144
ATTQK t=197424360000 ard=1480 ardb=96 qa=33024 ka=49152
ATTO t=197471000000 h=0 q=840 z=16 acc=13440 dest=82176
ATTQK t=197632440000 ard=220 ardb=-1408 qa=33056 ka=49184
ATTO t=197679080000 h=1 q=-1416 z=16 acc=-22656 dest=82208
ATTQK t=197840520000 ard=-652 ardb=4 qa=33088 ka=49216
ATTO t=197887160000 h=2 q=452 z=16 acc=7232 dest=82240
ATTQK t=198048600000 ard=280 ardb=396 qa=33120 ka=49248
ATTO t=198095240000 h=3 q=316 z=16 acc=5056 dest=82272
ATTQK t=198256680000 ard=-448 ardb=96 qa=33152 ka=49152
ATTO t=198314120000 h=0 q=-1256 z=16 acc=-20096 dest=82304
ATTQK t=198485480000 ard=524 ardb=-1408 qa=33184 ka=49184
ATTO t=198542920000 h=1 q=-1416 z=16 acc=-22656 dest=82336
ATTQK t=198714280000 ard=-580 ardb=4 qa=33216 ka=49216
ATTO t=198771720000 h=2 q=-184 z=16 acc=-2944 dest=82368
ATTQK t=198943080000 ard=-396 ardb=396 qa=33248 ka=49248
ATTO t=199000520000 h=3 q=604 z=16 acc=9664 dest=82400
ATTQK t=199171880000 ard=-924 ardb=96 qa=33280 ka=49152
ATTO t=199240120000 h=0 q=840 z=16 acc=13440 dest=82432
ATTQK t=199421400000 ard=-516 ardb=-1408 qa=33312 ka=49184
ATTO t=199489640000 h=1 q=116 z=16 acc=1856 dest=82464
ATTQK t=199670920000 ard=-8 ardb=4 qa=33344 ka=49216
ATTO t=199739160000 h=2 q=-120 z=16 acc=-1920 dest=82496
ATTQK t=199920440000 ard=352 ardb=396 qa=33376 ka=49248
ATTO t=199988680000 h=3 q=-120 z=16 acc=-1920 dest=82528
ATTQK t=200169960000 ard=476 ardb=96 qa=33408 ka=49152
ATTO t=200249000000 h=0 q=-184 z=16 acc=-2944 dest=82560
ATTQK t=200440200000 ard=-124 ardb=-1408 qa=33440 ka=49184
ATTO t=200519240000 h=1 q=-1416 z=16 acc=-22656 dest=82592
ATTQK t=200710440000 ard=-144 ardb=4 qa=33472 ka=49216
ATTO t=200789480000 h=2 q=168 z=16 acc=2688 dest=82624
ATTQK t=200980680000 ard=-868 ardb=396 qa=33504 ka=49248
ATTO t=201059720000 h=3 q=-120 z=16 acc=-1920 dest=82656
ATTQK t=201250920000 ard=600 ardb=96 qa=33536 ka=49152
ATTO t=201340760000 h=0 q=84 z=16 acc=1344 dest=82688
ATTQK t=201541880000 ard=88 ardb=-1408 qa=33568 ka=49184
ATTO t=201631720000 h=1 q=116 z=16 acc=1856 dest=82720
ATTQK t=201832840000 ard=12 ardb=4 qa=33600 ka=49216
ATTO t=201922680000 h=2 q=-120 z=16 acc=-1920 dest=82752
ATTQK t=202123800000 ard=-668 ardb=396 qa=33632 ka=49248
ATTO t=202213640000 h=3 q=-8 z=16 acc=-128 dest=82784
ATTQK t=202414760000 ard=-540 ardb=96 qa=33664 ka=49152
ATTO t=202515400000 h=0 q=-1256 z=16 acc=-20096 dest=82816
ATTQK t=202726440000 ard=212 ardb=-1408 qa=33696 ka=49184
ATTO t=202827080000 h=1 q=632 z=16 acc=10112 dest=82848
ATTQK t=203038120000 ard=1264 ardb=4 qa=33728 ka=49216
ATTO t=203138760000 h=2 q=696 z=16 acc=11136 dest=82880
ATTQK t=203349800000 ard=992 ardb=396 qa=33760 ka=49248
ATTO t=203450440000 h=3 q=172 z=16 acc=2752 dest=82912
MV0 t=203661560000 ly=0 ten_o=5 acc=0 dest=81920
MV0 t=208914680000 ly=0 ten_o=5 acc=0 dest=82048
MV0 t=214167800000 ly=0 ten_o=5 acc=0 dest=82176
MV0 t=219420920000 ly=0 ten_o=5 acc=0 dest=82304
MV0 t=224674040000 ly=0 ten_o=5 acc=0 dest=82432
MV0 t=229927160000 ly=0 ten_o=5 acc=0 dest=82560
MV0 t=235180280000 ly=0 ten_o=5 acc=0 dest=82688
MV0 t=240433400000 ly=0 ten_o=5 acc=0 dest=82816
ADD t=245686440000 ly=0 ten=0 ard=3 ardb=20096
ADD t=245717160000 ly=0 ten=0 ard=-5 ardb=18096
ADD t=245747880000 ly=0 ten=0 ard=-8 ardb=-10724
ADD t=245778600000 ly=0 ten=0 ard=-7 ardb=-2364
ADD t=245809320000 ly=0 ten=0 ard=3 ardb=1480
ADD t=245840040000 ly=0 ten=0 ard=5 ardb=20828
ADD t=245870760000 ly=0 ten=0 ard=-2 ardb=17120
ADD t=245901480000 ly=0 ten=0 ard=-3 ardb=-32768
LNV t=246007960000 acc=73821434242 var=1153459910 mu=1723
LNO t=246018120000 ly=0 ten=6 ard=20099 mu=1723 sc=24015 q=12
LNV t=246652920000 acc=65642080718 var=1025657511 mu=414
LNO t=246663080000 ly=0 ten=6 ard=18091 mu=414 sc=22645 q=12
LNV t=247297880000 acc=73098331385 var=1142161427 mu=3046
LNO t=247308040000 ly=0 ten=6 ard=-10732 mu=3046 sc=23897 q=-10
LNV t=247942840000 acc=70208617281 var=1097009645 mu=-772
LNO t=247953000000 ly=0 ten=6 ard=-2371 mu=-772 sc=23420 q=-2
LNV t=248587800000 acc=58176861179 var=909013455 mu=456
LNO t=248597960000 ly=0 ten=6 ard=1483 mu=456 sc=21319 q=0
LNV t=249232760000 acc=69001615771 var=1078150246 mu=3770
LNO t=249242920000 ly=0 ten=6 ard=20833 mu=3770 sc=23217 q=11
LNV t=249877720000 acc=65767414177 var=1027615846 mu=-4158
LNO t=249887880000 ly=0 ten=6 ard=17118 mu=-4158 sc=22667 q=15
LNV t=250522680000 acc=65652014738 var=1025812730 mu=-581
LNO t=250532840000 ly=0 ten=6 ard=-32768 mu=-581 sc=22647 q=-23
MV0 t=251091960000 ly=0 ten_o=0 acc=0 dest=0
MV0 t=261598200000 ly=0 ten_o=0 acc=0 dest=128
MV0 t=272104440000 ly=0 ten_o=0 acc=0 dest=256
MV0 t=282610680000 ly=0 ten_o=0 acc=0 dest=384
MV0 t=293116920000 ly=0 ten_o=0 acc=0 dest=512
MV0 t=303623160000 ly=0 ten_o=0 acc=0 dest=640
MV0 t=314129400000 ly=0 ten_o=0 acc=0 dest=768
MV0 t=324635640000 ly=0 ten_o=0 acc=0 dest=896
MV0 t=335141880000 ly=0 ten_o=6 acc=0 dest=98304
MV0 t=345637880000 ly=0 ten_o=6 acc=0 dest=98432
MV0 t=356133880000 ly=0 ten_o=6 acc=0 dest=98560
MV0 t=366629880000 ly=0 ten_o=6 acc=0 dest=98688
MV0 t=377125880000 ly=0 ten_o=6 acc=0 dest=98816
MV0 t=387621880000 ly=0 ten_o=6 acc=0 dest=98944
MV0 t=398117880000 ly=0 ten_o=6 acc=0 dest=99072
MV0 t=408613880000 ly=0 ten_o=6 acc=0 dest=99200
ADD t=419109800000 ly=0 ten=1 ard=20099 ardb=-5145
ADD t=419140520000 ly=0 ten=1 ard=18091 ardb=30356
ADD t=419171240000 ly=0 ten=1 ard=-10732 ardb=5318
ADD t=419201960000 ly=0 ten=1 ard=-2371 ardb=32767
ADD t=419232680000 ly=0 ten=1 ard=1483 ardb=32767
ADD t=419263400000 ly=0 ten=1 ard=20833 ardb=-7866
ADD t=419294120000 ly=0 ten=1 ard=17118 ardb=24301
ADD t=419324840000 ly=0 ten=1 ard=-32768 ardb=24065
LNV t=419431320000 acc=75939756812 var=1186558700 mu=1355
LNO t=419441480000 ly=1 ten=0 ard=14954 mu=1355 sc=24357 q=8
LNV t=420076280000 acc=76666657731 var=1197916527 mu=-30
LNO t=420086440000 ly=1 ten=0 ard=32767 mu=-30 sc=24473 q=21
LNV t=420721240000 acc=75109785164 var=1173590393 mu=3499
LNO t=420731400000 ly=1 ten=0 ard=-5414 mu=3499 sc=24223 q=-6
LNV t=421366200000 acc=76683848155 var=1198185127 mu=-195
LNO t=421376360000 ly=1 ten=0 ard=30396 mu=-195 sc=24476 q=19
LNV t=422011160000 acc=67268450165 var=1051069533 mu=2091
LNO t=422021320000 ly=1 ten=0 ard=32767 mu=2091 sc=22924 q=21
LNV t=422656120000 acc=71914032192 var=1123656753 mu=3258
LNO t=422666280000 ly=1 ten=0 ard=12967 mu=3258 sc=23702 q=6
LNV t=423301080000 acc=69761337525 var=1090020898 mu=-1645
LNO t=423311240000 ly=1 ten=0 ard=32767 mu=-1645 sc=23345 q=23
LNV t=423946040000 acc=74087395276 var=1157615551 mu=187
LNO t=423956200000 ly=1 ten=0 ard=-8703 mu=187 sc=24058 q=-6
MV0 t=424515320000 ly=1 ten_o=2 acc=0 dest=32768
MV0 t=429768440000 ly=1 ten_o=2 acc=0 dest=32896
MV0 t=435021560000 ly=1 ten_o=2 acc=0 dest=33024
MV0 t=440274680000 ly=1 ten_o=2 acc=0 dest=33152
MV0 t=445527800000 ly=1 ten_o=2 acc=0 dest=33280
MV0 t=450780920000 ly=1 ten_o=2 acc=0 dest=33408
MV0 t=456034040000 ly=1 ten_o=2 acc=0 dest=33536
MV0 t=461287160000 ly=1 ten_o=2 acc=0 dest=33664
MV0 t=466540280000 ly=1 ten_o=3 acc=0 dest=49152
MV0 t=471793400000 ly=1 ten_o=3 acc=0 dest=49280
MV0 t=477046520000 ly=1 ten_o=3 acc=0 dest=49408
MV0 t=482299640000 ly=1 ten_o=3 acc=0 dest=49536
MV0 t=487552760000 ly=1 ten_o=3 acc=0 dest=49664
MV0 t=492805880000 ly=1 ten_o=3 acc=0 dest=49792
MV0 t=498059000000 ly=1 ten_o=3 acc=0 dest=49920
MV0 t=503312120000 ly=1 ten_o=3 acc=0 dest=50048
MV0 t=508565240000 ly=1 ten_o=4 acc=0 dest=65536
MV0 t=513818360000 ly=1 ten_o=4 acc=0 dest=65664
MV0 t=519071480000 ly=1 ten_o=4 acc=0 dest=65792
MV0 t=524324600000 ly=1 ten_o=4 acc=0 dest=65920
MV0 t=529577720000 ly=1 ten_o=4 acc=0 dest=66048
MV0 t=534830840000 ly=1 ten_o=4 acc=0 dest=66176
MV0 t=540083960000 ly=1 ten_o=4 acc=0 dest=66304
MV0 t=545337080000 ly=1 ten_o=4 acc=0 dest=66432
ATTQK t=550590120000 ard=-269 ardb=-212 qa=32768 ka=49152
ATTO t=550615160000 h=0 q=718 z=16 acc=11488 dest=81920
ATTQK t=550756760000 ard=-773 ardb=277 qa=32800 ka=49184
ATTO t=550781800000 h=1 q=-369 z=16 acc=-5904 dest=81952
ATTQK t=550923400000 ard=-371 ardb=228 qa=32832 ka=49216
ATTO t=550948440000 h=2 q=-707 z=16 acc=-11312 dest=81984
ATTQK t=551090040000 ard=591 ardb=-340 qa=32864 ka=49248
ATTO t=551115080000 h=3 q=548 z=16 acc=8768 dest=82016
ATTQK t=551256680000 ard=-801 ardb=-212 qa=32896 ka=49152
ATTO t=551292520000 h=0 q=718 z=16 acc=11488 dest=82048
ATTQK t=551444040000 ard=21 ardb=277 qa=32928 ka=49184
ATTO t=551479880000 h=1 q=-369 z=16 acc=-5904 dest=82080
ATTQK t=551631400000 ard=194 ardb=228 qa=32960 ka=49216
ATTO t=551667240000 h=2 q=-1003 z=16 acc=-16048 dest=82112
ATTQK t=551818760000 ard=602 ardb=-340 qa=32992 ka=49248
ATTO t=551854600000 h=3 q=1024 z=16 acc=16384 dest=82144
ATTQK t=552006120000 ard=-153 ardb=-212 qa=33024 ka=49152
ATTO t=552052760000 h=0 q=400 z=16 acc=6400 dest=82176
ATTQK t=552214200000 ard=239 ardb=277 qa=33056 ka=49184
ATTO t=552260840000 h=1 q=-369 z=16 acc=-5904 dest=82208
ATTQK t=552422280000 ard=527 ardb=228 qa=33088 ka=49216
ATTO t=552468920000 h=2 q=-1003 z=16 acc=-16048 dest=82240
ATTQK t=552630360000 ard=486 ardb=-340 qa=33120 ka=49248
ATTO t=552677000000 h=3 q=1024 z=16 acc=16384 dest=82272
ATTQK t=552838440000 ard=-313 ardb=-212 qa=33152 ka=49152
ATTO t=552895880000 h=0 q=718 z=16 acc=11488 dest=82304
ATTQK t=553067240000 ard=736 ardb=277 qa=33184 ka=49184
ATTO t=553124680000 h=1 q=-382 z=16 acc=-6112 dest=82336
ATTQK t=553296040000 ard=-591 ardb=228 qa=33216 ka=49216
ATTO t=553353480000 h=2 q=-1003 z=16 acc=-16048 dest=82368
ATTQK t=553524840000 ard=-474 ardb=-340 qa=33248 ka=49248
ATTO t=553582280000 h=3 q=-106 z=16 acc=-1696 dest=82400
ATTQK t=553753640000 ard=398 ardb=-212 qa=33280 ka=49152
ATTO t=553821880000 h=0 q=400 z=16 acc=6400 dest=82432
ATTQK t=554003160000 ard=97 ardb=277 qa=33312 ka=49184
ATTO t=554071400000 h=1 q=72 z=16 acc=1152 dest=82464
ATTQK t=554252680000 ard=229 ardb=228 qa=33344 ka=49216
ATTO t=554320920000 h=2 q=-1003 z=16 acc=-16048 dest=82496
ATTQK t=554502200000 ard=-164 ardb=-340 qa=33376 ka=49248
ATTO t=554570440000 h=3 q=48 z=16 acc=768 dest=82528
ATTQK t=554751720000 ard=-510 ardb=-212 qa=33408 ka=49152
ATTO t=554830760000 h=0 q=-693 z=16 acc=-11088 dest=82560
ATTQK t=555021960000 ard=-411 ardb=277 qa=33440 ka=49184
ATTO t=555101000000 h=1 q=-382 z=16 acc=-6112 dest=82592
ATTQK t=555292200000 ard=-612 ardb=228 qa=33472 ka=49216
ATTO t=555371240000 h=2 q=-1003 z=16 acc=-16048 dest=82624
ATTQK t=555562440000 ard=120 ardb=-340 qa=33504 ka=49248
ATTO t=555641480000 h=3 q=48 z=16 acc=768 dest=82656
ATTQK t=555832680000 ard=-537 ardb=-212 qa=33536 ka=49152
ATTO t=555922520000 h=0 q=-52 z=16 acc=-832 dest=82688
ATTQK t=556123640000 ard=-280 ardb=277 qa=33568 ka=49184
ATTO t=556213480000 h=1 q=-647 z=16 acc=-10352 dest=82720
ATTQK t=556414600000 ard=299 ardb=228 qa=33600 ka=49216
ATTO t=556504440000 h=2 q=-1003 z=16 acc=-16048 dest=82752
ATTQK t=556705560000 ard=-695 ardb=-340 qa=33632 ka=49248
ATTO t=556795400000 h=3 q=-545 z=16 acc=-8720 dest=82784
ATTQK t=556996520000 ard=-233 ardb=-212 qa=33664 ka=49152
ATTO t=557097160000 h=0 q=818 z=16 acc=13088 dest=82816
ATTQK t=557308200000 ard=-682 ardb=277 qa=33696 ka=49184
ATTO t=557408840000 h=1 q=72 z=16 acc=1152 dest=82848
ATTQK t=557619880000 ard=-849 ardb=228 qa=33728 ka=49216
ATTO t=557720520000 h=2 q=-1064 z=16 acc=-17024 dest=82880
ATTQK t=557931560000 ard=2391 ardb=-340 qa=33760 ka=49248
ATTO t=558032200000 h=3 q=-106 z=16 acc=-1696 dest=82912
MV0 t=558243320000 ly=1 ten_o=5 acc=0 dest=81920
MV0 t=563496440000 ly=1 ten_o=5 acc=0 dest=82048
MV0 t=568749560000 ly=1 ten_o=5 acc=0 dest=82176
MV0 t=574002680000 ly=1 ten_o=5 acc=0 dest=82304
MV0 t=579255800000 ly=1 ten_o=5 acc=0 dest=82432
MV0 t=584508920000 ly=1 ten_o=5 acc=0 dest=82560
MV0 t=589762040000 ly=1 ten_o=5 acc=0 dest=82688
MV0 t=595015160000 ly=1 ten_o=5 acc=0 dest=82816
ADD t=600268200000 ly=1 ten=0 ard=14954 ardb=21423
ADD t=600298920000 ly=1 ten=0 ard=32767 ardb=14234
ADD t=600329640000 ly=1 ten=0 ard=-5414 ardb=1614
ADD t=600360360000 ly=1 ten=0 ard=30396 ardb=9586
ADD t=600391080000 ly=1 ten=0 ard=32767 ardb=-19740
ADD t=600421800000 ly=1 ten=0 ard=12967 ardb=19355
ADD t=600452520000 ly=1 ten=0 ard=32767 ardb=-3454
ADD t=600483240000 ly=1 ten=0 ard=-8703 ardb=-19981
LNV t=600589720000 acc=70286214699 var=1098222104 mu=1242
LNO t=600599880000 ly=1 ten=6 ard=32767 mu=1242 sc=23433 q=21
LNV t=601234680000 acc=76666578362 var=1197915286 mu=67
LNO t=601244840000 ly=1 ten=6 ard=32767 mu=67 sc=24473 q=21
LNV t=601879640000 acc=74213467165 var=1159585424 mu=1748
LNO t=601889800000 ly=1 ten=6 ard=-3800 mu=1748 sc=24078 q=-4
LNV t=602524600000 acc=75798346398 var=1184349162 mu=1251
LNO t=602534760000 ly=1 ten=6 ard=32767 mu=1251 sc=24334 q=20
LNV t=603169560000 acc=77473227153 var=1210519174 mu=2194
LNO t=603179720000 ly=1 ten=6 ard=13027 mu=2194 sc=24602 q=7
LNV t=603814520000 acc=68973530021 var=1077711406 mu=1696
LNO t=603824680000 ly=1 ten=6 ard=32322 mu=1696 sc=23213 q=21
LNV t=604459480000 acc=77204085518 var=1206313836 mu=-1550
LNO t=604469640000 ly=1 ten=6 ard=29313 mu=-1550 sc=24559 q=20
LNV t=605104440000 acc=73759374565 var=1152490227 mu=-212
LNO t=605114600000 ly=1 ten=6 ard=-28684 mu=-212 sc=24005 q=-19
MV0 t=605673720000 ly=1 ten_o=0 acc=0 dest=0
MV0 t=616179960000 ly=1 ten_o=0 acc=0 dest=128
MV0 t=626686200000 ly=1 ten_o=0 acc=0 dest=256
MV0 t=637192440000 ly=1 ten_o=0 acc=0 dest=384
MV0 t=647698680000 ly=1 ten_o=0 acc=0 dest=512
MV0 t=658204920000 ly=1 ten_o=0 acc=0 dest=640
MV0 t=668711160000 ly=1 ten_o=0 acc=0 dest=768
MV0 t=679217400000 ly=1 ten_o=0 acc=0 dest=896
MV0 t=689723640000 ly=1 ten_o=6 acc=0 dest=98304
MV0 t=700219640000 ly=1 ten_o=6 acc=0 dest=98432
MV0 t=710715640000 ly=1 ten_o=6 acc=0 dest=98560
MV0 t=721211640000 ly=1 ten_o=6 acc=0 dest=98688
MV0 t=731707640000 ly=1 ten_o=6 acc=0 dest=98816
MV0 t=742203640000 ly=1 ten_o=6 acc=0 dest=98944
MV0 t=752699640000 ly=1 ten_o=6 acc=0 dest=99072
MV0 t=763195640000 ly=1 ten_o=6 acc=0 dest=99200
ADD t=773691560000 ly=1 ten=1 ard=32767 ardb=-797
ADD t=773722280000 ly=1 ten=1 ard=32767 ardb=9412
ADD t=773753000000 ly=1 ten=1 ard=-3800 ardb=-14844
ADD t=773783720000 ly=1 ten=1 ard=32767 ardb=-9401
ADD t=773814440000 ly=1 ten=1 ard=13027 ardb=-32768
ADD t=773845160000 ly=1 ten=1 ard=32322 ardb=-23556
ADD t=773875880000 ly=1 ten=1 ard=29313 ardb=-15102
ADD t=773906600000 ly=1 ten=1 ard=-28684 ardb=-25066
LNV t=774013080000 acc=71682023949 var=1120031624 mu=1876
LNO t=774023240000 ly=2 ten=0 ard=31970 mu=1876 sc=23664 q=20
LNV t=774658040000 acc=74073404430 var=1157396944 mu=728
LNO t=774668200000 ly=2 ten=0 ard=32767 mu=728 sc=24056 q=21
LNV t=775303000000 acc=72383509596 var=1130992337 mu=896
LNO t=775313160000 ly=2 ten=0 ard=-18644 mu=896 sc=23780 q=-14
LNV t=775947960000 acc=74550537972 var=1164852155 mu=13
LNO t=775958120000 ly=2 ten=0 ard=23366 mu=13 sc=24133 q=15
LNV t=776592920000 acc=69373783625 var=1083965369 mu=2909
LNO t=776603080000 ly=2 ten=0 ard=-19741 mu=2909 sc=23280 q=-16
LNV t=777237880000 acc=77800096194 var=1215626503 mu=414
LNO t=777248040000 ly=2 ten=0 ard=8766 mu=414 sc=24653 q=5
LNV t=777882840000 acc=70285848829 var=1098216387 mu=-1118
LNO t=777893000000 ly=2 ten=0 ard=14211 mu=-1118 sc=23433 q=10
LNV t=778527800000 acc=71249194607 var=1113268665 mu=859
LNO t=778537960000 ly=2 ten=0 ard=-32768 mu=859 sc=23593 q=-23
MV0 t=779097080000 ly=2 ten_o=2 acc=0 dest=32768
MV0 t=784350200000 ly=2 ten_o=2 acc=0 dest=32896
MV0 t=789603320000 ly=2 ten_o=2 acc=0 dest=33024
MV0 t=794856440000 ly=2 ten_o=2 acc=0 dest=33152
MV0 t=800109560000 ly=2 ten_o=2 acc=0 dest=33280
MV0 t=805362680000 ly=2 ten_o=2 acc=0 dest=33408
MV0 t=810615800000 ly=2 ten_o=2 acc=0 dest=33536
MV0 t=815868920000 ly=2 ten_o=2 acc=0 dest=33664
MV0 t=821122040000 ly=2 ten_o=3 acc=0 dest=49152
MV0 t=826375160000 ly=2 ten_o=3 acc=0 dest=49280
MV0 t=831628280000 ly=2 ten_o=3 acc=0 dest=49408
MV0 t=836881400000 ly=2 ten_o=3 acc=0 dest=49536
MV0 t=842134520000 ly=2 ten_o=3 acc=0 dest=49664
MV0 t=847387640000 ly=2 ten_o=3 acc=0 dest=49792
MV0 t=852640760000 ly=2 ten_o=3 acc=0 dest=49920
MV0 t=857893880000 ly=2 ten_o=3 acc=0 dest=50048
MV0 t=863147000000 ly=2 ten_o=4 acc=0 dest=65536
MV0 t=868400120000 ly=2 ten_o=4 acc=0 dest=65664
MV0 t=873653240000 ly=2 ten_o=4 acc=0 dest=65792
MV0 t=878906360000 ly=2 ten_o=4 acc=0 dest=65920
MV0 t=884159480000 ly=2 ten_o=4 acc=0 dest=66048
MV0 t=889412600000 ly=2 ten_o=4 acc=0 dest=66176
MV0 t=894665720000 ly=2 ten_o=4 acc=0 dest=66304
MV0 t=899918840000 ly=2 ten_o=4 acc=0 dest=66432
ATTQK t=905171880000 ard=-289 ardb=1385 qa=32768 ka=49152
ATTO t=905196920000 h=0 q=-342 z=16 acc=-5472 dest=81920
ATTQK t=905338520000 ard=282 ardb=-632 qa=32800 ka=49184
ATTO t=905363560000 h=1 q=-617 z=16 acc=-9872 dest=81952
ATTQK t=905505160000 ard=399 ardb=465 qa=32832 ka=49216
ATTO t=905530200000 h=2 q=423 z=16 acc=6768 dest=81984
ATTQK t=905671800000 ard=-56 ardb=511 qa=32864 ka=49248
ATTO t=905696840000 h=3 q=-769 z=16 acc=-12304 dest=82016
ATTQK t=905838440000 ard=-1314 ardb=1385 qa=32896 ka=49152
ATTO t=905874280000 h=0 q=-420 z=16 acc=-6720 dest=82048
ATTQK t=906025800000 ard=195 ardb=-632 qa=32928 ka=49184
ATTO t=906061640000 h=1 q=-670 z=16 acc=-10720 dest=82080
ATTQK t=906213160000 ard=0 ardb=465 qa=32960 ka=49216
ATTO t=906249000000 h=2 q=423 z=16 acc=6768 dest=82112
ATTQK t=906400520000 ard=134 ardb=511 qa=32992 ka=49248
ATTO t=906436360000 h=3 q=-829 z=16 acc=-13264 dest=82144
ATTQK t=906587880000 ard=-436 ardb=1385 qa=33024 ka=49152
ATTO t=906634520000 h=0 q=202 z=16 acc=3232 dest=82176
ATTQK t=906795960000 ard=171 ardb=-632 qa=33056 ka=49184
ATTO t=906842600000 h=1 q=-670 z=16 acc=-10720 dest=82208
ATTQK t=907004040000 ard=1294 ardb=465 qa=33088 ka=49216
ATTO t=907050680000 h=2 q=423 z=16 acc=6768 dest=82240
ATTQK t=907212120000 ard=298 ardb=511 qa=33120 ka=49248
ATTO t=907258760000 h=3 q=-415 z=16 acc=-6640 dest=82272
ATTQK t=907420200000 ard=-1139 ardb=1385 qa=33152 ka=49152
ATTO t=907477640000 h=0 q=-420 z=16 acc=-6720 dest=82304
ATTQK t=907649000000 ard=634 ardb=-632 qa=33184 ka=49184
ATTO t=907706440000 h=1 q=-670 z=16 acc=-10720 dest=82336
ATTQK t=907877800000 ard=-323 ardb=465 qa=33216 ka=49216
ATTO t=907935240000 h=2 q=328 z=16 acc=5248 dest=82368
ATTQK t=908106600000 ard=181 ardb=511 qa=33248 ka=49248
ATTO t=908164040000 h=3 q=52 z=16 acc=832 dest=82400
ATTQK t=908335400000 ard=-865 ardb=1385 qa=33280 ka=49152
ATTO t=908403640000 h=0 q=202 z=16 acc=3232 dest=82432
ATTQK t=908584920000 ard=-614 ardb=-632 qa=33312 ka=49184
ATTO t=908653160000 h=1 q=-617 z=16 acc=-9872 dest=82464
ATTQK t=908834440000 ard=1359 ardb=465 qa=33344 ka=49216
ATTO t=908902680000 h=2 q=423 z=16 acc=6768 dest=82496
ATTQK t=909083960000 ard=645 ardb=511 qa=33376 ka=49248
ATTO t=909152200000 h=3 q=-463 z=16 acc=-7408 dest=82528
ATTQK t=909333480000 ard=-671 ardb=1385 qa=33408 ka=49152
ATTO t=909412520000 h=0 q=-968 z=16 acc=-15488 dest=82560
ATTQK t=909603720000 ard=-517 ardb=-632 qa=33440 ka=49184
ATTO t=909682760000 h=1 q=-124 z=16 acc=-1984 dest=82592
ATTQK t=909873960000 ard=1071 ardb=465 qa=33472 ka=49216
ATTO t=909953000000 h=2 q=-329 z=16 acc=-5264 dest=82624
ATTQK t=910144200000 ard=770 ardb=511 qa=33504 ka=49248
ATTO t=910223240000 h=3 q=103 z=16 acc=1648 dest=82656
ATTQK t=910414440000 ard=-76 ardb=1385 qa=33536 ka=49152
ATTO t=910504280000 h=0 q=-342 z=16 acc=-5472 dest=82688
ATTQK t=910705400000 ard=-417 ardb=-632 qa=33568 ka=49184
ATTO t=910795240000 h=1 q=-770 z=16 acc=-12320 dest=82720
ATTQK t=910996360000 ard=996 ardb=465 qa=33600 ka=49216
ATTO t=911086200000 h=2 q=423 z=16 acc=6768 dest=82752
ATTQK t=911287320000 ard=509 ardb=511 qa=33632 ka=49248
ATTO t=911377160000 h=3 q=-415 z=16 acc=-6640 dest=82784
ATTQK t=911578280000 ard=-1670 ardb=1385 qa=33664 ka=49152
ATTO t=911678920000 h=0 q=622 z=16 acc=9952 dest=82816
ATTQK t=911889960000 ard=466 ardb=-632 qa=33696 ka=49184
ATTO t=911990600000 h=1 q=-570 z=16 acc=-9120 dest=82848
ATTQK t=912201640000 ard=757 ardb=465 qa=33728 ka=49216
ATTO t=912302280000 h=2 q=-329 z=16 acc=-5264 dest=82880
ATTQK t=912513320000 ard=-803 ardb=511 qa=33760 ka=49248
ATTO t=912613960000 h=3 q=87 z=16 acc=1392 dest=82912
MV0 t=912825080000 ly=2 ten_o=5 acc=0 dest=81920
MV0 t=918078200000 ly=2 ten_o=5 acc=0 dest=82048
MV0 t=923331320000 ly=2 ten_o=5 acc=0 dest=82176
MV0 t=928584440000 ly=2 ten_o=5 acc=0 dest=82304
MV0 t=933837560000 ly=2 ten_o=5 acc=0 dest=82432
MV0 t=939090680000 ly=2 ten_o=5 acc=0 dest=82560
MV0 t=944343800000 ly=2 ten_o=5 acc=0 dest=82688
MV0 t=949596920000 ly=2 ten_o=5 acc=0 dest=82816
ADD t=954849960000 ly=2 ten=0 ard=31970 ardb=32767
ADD t=954880680000 ly=2 ten=0 ard=32767 ardb=632
ADD t=954911400000 ly=2 ten=0 ard=-18644 ardb=32767
ADD t=954942120000 ly=2 ten=0 ard=23366 ardb=28301
ADD t=954972840000 ly=2 ten=0 ard=-19741 ardb=32767
ADD t=955003560000 ly=2 ten=0 ard=8766 ardb=24301
ADD t=955034280000 ly=2 ten=0 ard=14211 ardb=32767
ADD t=955065000000 ly=2 ten=0 ard=-32768 ardb=27601
LNV t=955171480000 acc=75753038852 var=1183641232 mu=2222
LNO t=955181640000 ly=2 ten=6 ard=32767 mu=2222 sc=24327 q=20
LNV t=955816440000 acc=74844441718 var=1169444401 mu=923
LNO t=955826600000 ly=2 ten=6 ard=32767 mu=923 sc=24181 q=21
LNV t=956461400000 acc=82338389668 var=1286537338 mu=634
LNO t=956471560000 ly=2 ten=6 ard=14123 mu=634 sc=25362 q=8
LNV t=957106360000 acc=80354355981 var=1255536812 mu=-274
LNO t=957116520000 ly=2 ten=6 ard=32767 mu=-274 sc=25055 q=21
LNV t=957751320000 acc=79622669960 var=1244104218 mu=1902
LNO t=957761480000 ly=2 ten=6 ard=13026 mu=1902 sc=24940 q=7
LNV t=958396280000 acc=80149457744 var=1252335277 mu=-252
LNO t=958406440000 ly=2 ten=6 ard=32767 mu=-252 sc=25023 q=21
LNV t=959041240000 acc=81645571831 var=1275712059 mu=-986
LNO t=959051400000 ly=2 ten=6 ard=32767 mu=-986 sc=25255 q=21
LNV t=959686200000 acc=73098048635 var=1142157009 mu=-627
LNO t=959696360000 ly=2 ten=6 ard=-5167 mu=-627 sc=23897 q=-4
MV0 t=960255480000 ly=2 ten_o=0 acc=0 dest=0
MV0 t=970761720000 ly=2 ten_o=0 acc=0 dest=128
MV0 t=981267960000 ly=2 ten_o=0 acc=0 dest=256
MV0 t=991774200000 ly=2 ten_o=0 acc=0 dest=384
MV0 t=1002280440000 ly=2 ten_o=0 acc=0 dest=512
MV0 t=1012786680000 ly=2 ten_o=0 acc=0 dest=640
MV0 t=1023292920000 ly=2 ten_o=0 acc=0 dest=768
MV0 t=1033799160000 ly=2 ten_o=0 acc=0 dest=896
MV0 t=1044305400000 ly=2 ten_o=6 acc=0 dest=98304
MV0 t=1054801400000 ly=2 ten_o=6 acc=0 dest=98432
MV0 t=1065297400000 ly=2 ten_o=6 acc=0 dest=98560
MV0 t=1075793400000 ly=2 ten_o=6 acc=0 dest=98688
MV0 t=1086289400000 ly=2 ten_o=6 acc=0 dest=98816
MV0 t=1096785400000 ly=2 ten_o=6 acc=0 dest=98944
MV0 t=1107281400000 ly=2 ten_o=6 acc=0 dest=99072
MV0 t=1117777400000 ly=2 ten_o=6 acc=0 dest=99200
ADD t=1128273320000 ly=2 ten=1 ard=32767 ardb=-32768
ADD t=1128304040000 ly=2 ten=1 ard=32767 ardb=-32768
ADD t=1128334760000 ly=2 ten=1 ard=14123 ardb=-32768
ADD t=1128365480000 ly=2 ten=1 ard=32767 ardb=-16565
ADD t=1128396200000 ly=2 ten=1 ard=13026 ardb=-32768
ADD t=1128426920000 ly=2 ten=1 ard=32767 ardb=14443
ADD t=1128457640000 ly=2 ten=1 ard=32767 ardb=-15896
ADD t=1128488360000 ly=2 ten=1 ard=-5167 ardb=-20675
LNV t=1128594840000 acc=83668050031 var=1307313281 mu=222
LNO t=1128605000000 ly=3 ten=0 ard=-1 mu=222 sc=25566 q=-1
LNV t=1129239800000 acc=81172182600 var=1268315353 mu=2970
LNO t=1129249960000 ly=3 ten=0 ard=-1 mu=2970 sc=25182 q=-2
LNV t=1129884760000 acc=73683631144 var=1151306736 mu=-435
LNO t=1129894920000 ly=3 ten=0 ard=-18645 mu=-435 sc=23992 q=-13
LNV t=1130529720000 acc=77708207342 var=1214190739 mu=-1263
LNO t=1130539880000 ly=3 ten=0 ard=16202 mu=-1263 sc=24639 q=11
LNV t=1131174680000 acc=67887767925 var=1060746373 mu=1533
LNO t=1131184840000 ly=3 ten=0 ard=-19742 mu=1533 sc=23029 q=-15
LNV t=1131819640000 acc=78780254635 var=1230941478 mu=-423
LNO t=1131829800000 ly=3 ten=0 ard=32767 mu=-423 sc=24808 q=21
LNV t=1132464600000 acc=82779552915 var=1293430514 mu=-471
LNO t=1132474760000 ly=3 ten=0 ard=16871 mu=-471 sc=25430 q=10
LNV t=1133109560000 acc=72172563319 var=1127696301 mu=873
LNO t=1133119720000 ly=3 ten=0 ard=-25842 mu=873 sc=23745 q=-19
MV0 t=1133678840000 ly=3 ten_o=2 acc=0 dest=32768
MV0 t=1138931960000 ly=3 ten_o=2 acc=0 dest=32896
MV0 t=1144185080000 ly=3 ten_o=2 acc=0 dest=33024
MV0 t=1149438200000 ly=3 ten_o=2 acc=0 dest=33152
MV0 t=1154691320000 ly=3 ten_o=2 acc=0 dest=33280
MV0 t=1159944440000 ly=3 ten_o=2 acc=0 dest=33408
MV0 t=1165197560000 ly=3 ten_o=2 acc=0 dest=33536
MV0 t=1170450680000 ly=3 ten_o=2 acc=0 dest=33664
MV0 t=1175703800000 ly=3 ten_o=3 acc=0 dest=49152
MV0 t=1180956920000 ly=3 ten_o=3 acc=0 dest=49280
MV0 t=1186210040000 ly=3 ten_o=3 acc=0 dest=49408
MV0 t=1191463160000 ly=3 ten_o=3 acc=0 dest=49536
MV0 t=1196716280000 ly=3 ten_o=3 acc=0 dest=49664
MV0 t=1201969400000 ly=3 ten_o=3 acc=0 dest=49792
MV0 t=1207222520000 ly=3 ten_o=3 acc=0 dest=49920
MV0 t=1212475640000 ly=3 ten_o=3 acc=0 dest=50048
MV0 t=1217728760000 ly=3 ten_o=4 acc=0 dest=65536
MV0 t=1222981880000 ly=3 ten_o=4 acc=0 dest=65664
MV0 t=1228235000000 ly=3 ten_o=4 acc=0 dest=65792
MV0 t=1233488120000 ly=3 ten_o=4 acc=0 dest=65920
MV0 t=1238741240000 ly=3 ten_o=4 acc=0 dest=66048
MV0 t=1243994360000 ly=3 ten_o=4 acc=0 dest=66176
MV0 t=1249247480000 ly=3 ten_o=4 acc=0 dest=66304
MV0 t=1254500600000 ly=3 ten_o=4 acc=0 dest=66432
ATTQK t=1259753640000 ard=-371 ardb=-684 qa=32768 ka=49152
ATTO t=1259778680000 h=0 q=1087 z=16 acc=17392 dest=81920
ATTQK t=1259920280000 ard=338 ardb=-296 qa=32800 ka=49184
ATTO t=1259945320000 h=1 q=556 z=16 acc=8896 dest=81952
ATTQK t=1260086920000 ard=-116 ardb=-413 qa=32832 ka=49216
ATTO t=1260111960000 h=2 q=1038 z=16 acc=16608 dest=81984
ATTQK t=1260253560000 ard=-239 ardb=810 qa=32864 ka=49248
ATTO t=1260278600000 h=3 q=532 z=16 acc=8512 dest=82016
ATTQK t=1260420200000 ard=340 ardb=-684 qa=32896 ka=49152
ATTO t=1260456040000 h=0 q=1087 z=16 acc=17392 dest=82048
ATTQK t=1260607560000 ard=661 ardb=-296 qa=32928 ka=49184
ATTO t=1260643400000 h=1 q=556 z=16 acc=8896 dest=82080
ATTQK t=1260794920000 ard=-201 ardb=-413 qa=32960 ka=49216
ATTO t=1260830760000 h=2 q=-587 z=16 acc=-9392 dest=82112
ATTQK t=1260982280000 ard=36 ardb=810 qa=32992 ka=49248
ATTO t=1261018120000 h=3 q=-781 z=16 acc=-12496 dest=82144
ATTQK t=1261169640000 ard=-462 ardb=-684 qa=33024 ka=49152
ATTO t=1261216280000 h=0 q=547 z=16 acc=8752 dest=82176
ATTQK t=1261377720000 ard=-460 ardb=-296 qa=33056 ka=49184
ATTO t=1261424360000 h=1 q=1288 z=16 acc=20608 dest=82208
ATTQK t=1261585800000 ard=-122 ardb=-413 qa=33088 ka=49216
ATTO t=1261632440000 h=2 q=-587 z=16 acc=-9392 dest=82240
ATTQK t=1261793880000 ard=1024 ardb=810 qa=33120 ka=49248
ATTO t=1261840520000 h=3 q=-781 z=16 acc=-12496 dest=82272
ATTQK t=1262001960000 ard=-876 ardb=-684 qa=33152 ka=49152
ATTO t=1262059400000 h=0 q=627 z=16 acc=10032 dest=82304
ATTQK t=1262230760000 ard=449 ardb=-296 qa=33184 ka=49184
ATTO t=1262288200000 h=1 q=806 z=16 acc=12896 dest=82336
ATTQK t=1262459560000 ard=770 ardb=-413 qa=33216 ka=49216
ATTO t=1262517000000 h=2 q=-102 z=16 acc=-1632 dest=82368
ATTQK t=1262688360000 ard=915 ardb=810 qa=33248 ka=49248
ATTO t=1262745800000 h=3 q=-315 z=16 acc=-5040 dest=82400
ATTQK t=1262917160000 ard=-30 ardb=-684 qa=33280 ka=49152
ATTO t=1262985400000 h=0 q=907 z=16 acc=14512 dest=82432
ATTQK t=1263166680000 ard=172 ardb=-296 qa=33312 ka=49184
ATTO t=1263234920000 h=1 q=1288 z=16 acc=20608 dest=82464
ATTQK t=1263416200000 ard=-99 ardb=-413 qa=33344 ka=49216
ATTO t=1263484440000 h=2 q=-102 z=16 acc=-1632 dest=82496
ATTQK t=1263665720000 ard=491 ardb=810 qa=33376 ka=49248
ATTO t=1263733960000 h=3 q=-781 z=16 acc=-12496 dest=82528
ATTQK t=1263915240000 ard=534 ardb=-684 qa=33408 ka=49152
ATTO t=1263994280000 h=0 q=547 z=16 acc=8752 dest=82560
ATTQK t=1264185480000 ard=-515 ardb=-296 qa=33440 ka=49184
ATTO t=1264264520000 h=1 q=806 z=16 acc=12896 dest=82592
ATTQK t=1264455720000 ard=823 ardb=-413 qa=33472 ka=49216
ATTO t=1264534760000 h=2 q=-277 z=16 acc=-4432 dest=82624
ATTQK t=1264725960000 ard=836 ardb=810 qa=33504 ka=49248
ATTO t=1264805000000 h=3 q=-781 z=16 acc=-12496 dest=82656
ATTQK t=1264996200000 ard=289 ardb=-684 qa=33536 ka=49152
ATTO t=1265086040000 h=0 q=1038 z=16 acc=16608 dest=82688
ATTQK t=1265287160000 ard=-121 ardb=-296 qa=33568 ka=49184
ATTO t=1265377000000 h=1 q=971 z=16 acc=15536 dest=82720
ATTQK t=1265578120000 ard=772 ardb=-413 qa=33600 ka=49216
ATTO t=1265667960000 h=2 q=-864 z=16 acc=-13824 dest=82752
ATTQK t=1265869080000 ard=-67 ardb=810 qa=33632 ka=49248
ATTO t=1265958920000 h=3 q=-781 z=16 acc=-12496 dest=82784
ATTQK t=1266160040000 ard=-124 ardb=-684 qa=33664 ka=49152
ATTO t=1266260680000 h=0 q=286 z=16 acc=4576 dest=82816
ATTQK t=1266471720000 ard=1101 ardb=-296 qa=33696 ka=49184
ATTO t=1266572360000 h=1 q=806 z=16 acc=12896 dest=82848
ATTQK t=1266783400000 ard=593 ardb=-413 qa=33728 ka=49216
ATTO t=1266884040000 h=2 q=-102 z=16 acc=-1632 dest=82880
ATTQK t=1267095080000 ard=-265 ardb=810 qa=33760 ka=49248
ATTO t=1267195720000 h=3 q=290 z=16 acc=4640 dest=82912
MV0 t=1267406840000 ly=3 ten_o=5 acc=0 dest=81920
MV0 t=1272659960000 ly=3 ten_o=5 acc=0 dest=82048
MV0 t=1277913080000 ly=3 ten_o=5 acc=0 dest=82176
MV0 t=1283166200000 ly=3 ten_o=5 acc=0 dest=82304
MV0 t=1288419320000 ly=3 ten_o=5 acc=0 dest=82432
MV0 t=1293672440000 ly=3 ten_o=5 acc=0 dest=82560
MV0 t=1298925560000 ly=3 ten_o=5 acc=0 dest=82688
MV0 t=1304178680000 ly=3 ten_o=5 acc=0 dest=82816
ADD t=1309431720000 ly=3 ten=0 ard=-1 ardb=32767
ADD t=1309462440000 ly=3 ten=0 ard=-1 ardb=32767
ADD t=1309493160000 ly=3 ten=0 ard=-18645 ardb=19170
ADD t=1309523880000 ly=3 ten=0 ard=16202 ardb=27961
ADD t=1309554600000 ly=3 ten=0 ard=-19742 ardb=13449
ADD t=1309585320000 ly=3 ten=0 ard=32767 ardb=11055
ADD t=1309616040000 ly=3 ten=0 ard=16871 ardb=-9204
ADD t=1309646760000 ly=3 ten=0 ard=-25842 ardb=32767
LNV t=1309753240000 acc=81967265461 var=1280738522 mu=-3275
LNO t=1309763400000 ly=3 ten=6 ard=32766 mu=-3275 sc=25305 q=22
LNV t=1310398200000 acc=77990426995 var=1218600421 mu=2158
LNO t=1310408360000 ly=3 ten=6 ard=32766 mu=2158 sc=24684 q=19
LNV t=1311043160000 acc=70934326104 var=1108348845 mu=-837
LNO t=1311053320000 ly=3 ten=6 ard=525 mu=-837 sc=23540 q=0
LNV t=1311688120000 acc=69790510188 var=1090476721 mu=2105
LNO t=1311698280000 ly=3 ten=6 ard=32767 mu=2105 sc=23350 q=21
LNV t=1312333080000 acc=67863886342 var=1060373224 mu=3851
LNO t=1312343240000 ly=3 ten=6 ard=-6293 mu=3851 sc=23025 q=-8
LNV t=1312978040000 acc=76765372815 var=1199458950 mu=-830
LNO t=1312988200000 ly=3 ten=6 ard=32767 mu=-830 sc=24489 q=21
LNV t=1313623000000 acc=76210271730 var=1190785495 mu=-548
LNO t=1313633160000 ly=3 ten=6 ard=7667 mu=-548 sc=24400 q=5
LNV t=1314267960000 acc=76524337093 var=1195692767 mu=3064
LNO t=1314278120000 ly=3 ten=6 ard=6925 mu=3064 sc=24450 q=2
MV0 t=1314837240000 ly=3 ten_o=0 acc=0 dest=0
MV0 t=1325343480000 ly=3 ten_o=0 acc=0 dest=128
MV0 t=1335849720000 ly=3 ten_o=0 acc=0 dest=256
MV0 t=1346355960000 ly=3 ten_o=0 acc=0 dest=384
MV0 t=1356862200000 ly=3 ten_o=0 acc=0 dest=512
MV0 t=1367368440000 ly=3 ten_o=0 acc=0 dest=640
MV0 t=1377874680000 ly=3 ten_o=0 acc=0 dest=768
MV0 t=1388380920000 ly=3 ten_o=0 acc=0 dest=896
MV0 t=1398887160000 ly=3 ten_o=6 acc=0 dest=98304
MV0 t=1409383160000 ly=3 ten_o=6 acc=0 dest=98432
MV0 t=1419879160000 ly=3 ten_o=6 acc=0 dest=98560
MV0 t=1430375160000 ly=3 ten_o=6 acc=0 dest=98688
MV0 t=1440871160000 ly=3 ten_o=6 acc=0 dest=98816
MV0 t=1451367160000 ly=3 ten_o=6 acc=0 dest=98944
MV0 t=1461863160000 ly=3 ten_o=6 acc=0 dest=99072
MV0 t=1472359160000 ly=3 ten_o=6 acc=0 dest=99200
ADD t=1482855080000 ly=3 ten=1 ard=32766 ardb=-8128
ADD t=1482885800000 ly=3 ten=1 ard=32766 ardb=11043
ADD t=1482916520000 ly=3 ten=1 ard=525 ardb=17004
ADD t=1482947240000 ly=3 ten=1 ard=32767 ardb=20457
ADD t=1482977960000 ly=3 ten=1 ard=-6293 ardb=24659
ADD t=1483008680000 ly=3 ten=1 ard=32767 ardb=-5957
ADD t=1483039400000 ly=3 ten=1 ard=7667 ardb=2831
ADD t=1483070120000 ly=3 ten=1 ard=6925 ardb=17280
HEAD t=1483100840000 col=0 wrd=6 ard=24205 waddr=671744 aaddr=896 acc=0
MV0 t=1483100920000 ly=3 ten_o=7 acc=0 dest=115584
HEAD t=1483101160000 col=1 wrd=6 ard=15810 waddr=671745 aaddr=897 acc=145230
SMX t=1525125640000 logit0=1648634
CFRAME HELD_A C1 MODE=8 C2 ANCH=00000000000000a2
CFRAME HELD_A C9 TOPK=0706050403010002 R1S=00000022 R1R=04 R1O=00000202
CFRAME HELD_A C10 LMST=1 LMDN=1 OUT=549
CELL_UPDATED_EVIDENCE PASS
CELL_LM_ACTIVE PASS OUT=549 oracle=549
LMST_RISE n=2 cyc=19067221
EMB_POS t=1525378840000 dim=0 wrd=-3 awd=-3
EMB_POS t=1525379080000 dim=1 wrd=3 awd=3
EMB_TOK t=1525624600000 dim=0 wrd=6 ard=-3 awd=3
EMB_TOK t=1525624840000 dim=1 wrd=1 ard=3 awd=4
LNV t=1525946120000 acc=2228 var=34 mu=0
LNO t=1525956280000 ly=0 ten=0 ard=3 mu=0 sc=4 q=12
LNV t=1526591080000 acc=2343 var=36 mu=-1
LNO t=1526601240000 ly=0 ten=0 ard=1 mu=-1 sc=4 q=8
LNV t=1527236040000 acc=2107 var=32 mu=0
LNO t=1527246200000 ly=0 ten=0 ard=-7 mu=0 sc=4 q=-28
LNV t=1527881000000 acc=2316 var=36 mu=0
LNO t=1527891160000 ly=0 ten=0 ard=0 mu=0 sc=4 q=0
LNV t=1528525960000 acc=2749 var=42 mu=-1
LNO t=1528536120000 ly=0 ten=0 ard=8 mu=-1 sc=4 q=36
LNV t=1529170920000 acc=2562 var=40 mu=-1
LNO t=1529181080000 ly=0 ten=0 ard=-5 mu=-1 sc=4 q=-16
LNV t=1529815880000 acc=1955 var=30 mu=0
LNO t=1529826040000 ly=0 ten=0 ard=-3 mu=0 sc=3 q=-16
LNV t=1530460840000 acc=2652 var=41 mu=-1
LNO t=1530471000000 ly=0 ten=0 ard=-5 mu=-1 sc=4 q=-16
MV0 t=1531030120000 ly=0 ten_o=2 acc=0 dest=32768
MV0 t=1536283240000 ly=0 ten_o=2 acc=0 dest=32896
MV0 t=1541536360000 ly=0 ten_o=2 acc=0 dest=33024
MV0 t=1546789480000 ly=0 ten_o=2 acc=0 dest=33152
MV0 t=1552042600000 ly=0 ten_o=2 acc=0 dest=33280
MV0 t=1557295720000 ly=0 ten_o=2 acc=0 dest=33408
MV0 t=1562548840000 ly=0 ten_o=2 acc=0 dest=33536
MV0 t=1567801960000 ly=0 ten_o=2 acc=0 dest=33664
MV0 t=1573055080000 ly=0 ten_o=3 acc=0 dest=49152
MV0 t=1578308200000 ly=0 ten_o=3 acc=0 dest=49280
MV0 t=1583561320000 ly=0 ten_o=3 acc=0 dest=49408
MV0 t=1588814440000 ly=0 ten_o=3 acc=0 dest=49536
MV0 t=1594067560000 ly=0 ten_o=3 acc=0 dest=49664
MV0 t=1599320680000 ly=0 ten_o=3 acc=0 dest=49792
MV0 t=1604573800000 ly=0 ten_o=3 acc=0 dest=49920
MV0 t=1609826920000 ly=0 ten_o=3 acc=0 dest=50048
MV0 t=1615080040000 ly=0 ten_o=4 acc=0 dest=65536
MV0 t=1620333160000 ly=0 ten_o=4 acc=0 dest=65664
MV0 t=1625586280000 ly=0 ten_o=4 acc=0 dest=65792
MV0 t=1630839400000 ly=0 ten_o=4 acc=0 dest=65920
MV0 t=1636092520000 ly=0 ten_o=4 acc=0 dest=66048
MV0 t=1641345640000 ly=0 ten_o=4 acc=0 dest=66176
MV0 t=1646598760000 ly=0 ten_o=4 acc=0 dest=66304
MV0 t=1651851880000 ly=0 ten_o=4 acc=0 dest=66432
ATTQK t=1657104920000 ard=460 ardb=-1428 qa=32768 ka=49152
ATTO t=1657129960000 h=0 q=1084 z=16 acc=17344 dest=81920
ATTQK t=1657271560000 ard=-536 ardb=-488 qa=32800 ka=49184
ATTO t=1657296600000 h=1 q=-392 z=16 acc=-6272 dest=81952
ATTQK t=1657438200000 ard=-732 ardb=628 qa=32832 ka=49216
ATTO t=1657463240000 h=2 q=-840 z=16 acc=-13440 dest=81984
ATTQK t=1657604840000 ard=-896 ardb=108 qa=32864 ka=49248
ATTO t=1657629880000 h=3 q=-96 z=16 acc=-1536 dest=82016
ATTQK t=1657771480000 ard=-16 ardb=-1428 qa=32896 ka=49152
ATTO t=1657807320000 h=0 q=-128 z=16 acc=-2048 dest=82048
ATTQK t=1657958840000 ard=-1296 ardb=-488 qa=32928 ka=49184
ATTO t=1657994680000 h=1 q=-392 z=16 acc=-6272 dest=82080
ATTQK t=1658146200000 ard=-1156 ardb=628 qa=32960 ka=49216
ATTO t=1658182040000 h=2 q=468 z=16 acc=7488 dest=82112
ATTQK t=1658333560000 ard=-12 ardb=108 qa=32992 ka=49248
ATTO t=1658369400000 h=3 q=-384 z=16 acc=-6144 dest=82144
ATTQK t=1658520920000 ard=1180 ardb=-1428 qa=33024 ka=49152
ATTO t=1658567560000 h=0 q=-128 z=16 acc=-2048 dest=82176
ATTQK t=1658729000000 ard=-32 ardb=-488 qa=33056 ka=49184
ATTO t=1658775640000 h=1 q=-544 z=16 acc=-8704 dest=82208
ATTQK t=1658937080000 ard=404 ardb=628 qa=33088 ka=49216
ATTO t=1658983720000 h=2 q=-840 z=16 acc=-13440 dest=82240
ATTQK t=1659145160000 ard=588 ardb=108 qa=33120 ka=49248
ATTO t=1659191800000 h=3 q=-452 z=16 acc=-7232 dest=82272
ATTQK t=1659353240000 ard=588 ardb=-1428 qa=33152 ka=49152
ATTO t=1659410680000 h=0 q=764 z=16 acc=12224 dest=82304
ATTQK t=1659582040000 ard=-348 ardb=-488 qa=33184 ka=49184
ATTO t=1659639480000 h=1 q=452 z=16 acc=7232 dest=82336
ATTQK t=1659810840000 ard=-292 ardb=628 qa=33216 ka=49216
ATTO t=1659868280000 h=2 q=468 z=16 acc=7488 dest=82368
ATTQK t=1660039640000 ard=-564 ardb=108 qa=33248 ka=49248
ATTO t=1660097080000 h=3 q=-452 z=16 acc=-7232 dest=82400
ATTQK t=1660268440000 ard=640 ardb=-1428 qa=33280 ka=49152
ATTO t=1660336680000 h=0 q=-128 z=16 acc=-2048 dest=82432
ATTQK t=1660517960000 ard=-104 ardb=-488 qa=33312 ka=49184
ATTO t=1660586200000 h=1 q=452 z=16 acc=7232 dest=82464
ATTQK t=1660767480000 ard=-940 ardb=628 qa=33344 ka=49216
ATTO t=1660835720000 h=2 q=468 z=16 acc=7488 dest=82496
ATTQK t=1661017000000 ard=1348 ardb=108 qa=33376 ka=49248
ATTO t=1661085240000 h=3 q=-452 z=16 acc=-7232 dest=82528
ATTQK t=1661266520000 ard=776 ardb=-1428 qa=33408 ka=49152
ATTO t=1661345560000 h=0 q=1068 z=16 acc=17088 dest=82560
ATTQK t=1661536760000 ard=-244 ardb=-488 qa=33440 ka=49184
ATTO t=1661615800000 h=1 q=-392 z=16 acc=-6272 dest=82592
ATTQK t=1661807000000 ard=1032 ardb=628 qa=33472 ka=49216
ATTO t=1661886040000 h=2 q=468 z=16 acc=7488 dest=82624
ATTQK t=1662077240000 ard=-124 ardb=108 qa=33504 ka=49248
ATTO t=1662156280000 h=3 q=-452 z=16 acc=-7232 dest=82656
ATTQK t=1662347480000 ard=815 ardb=-1428 qa=33536 ka=49152
ATTO t=1662437320000 h=0 q=-128 z=16 acc=-2048 dest=82688
ATTQK t=1662638440000 ard=-1871 ardb=-488 qa=33568 ka=49184
ATTO t=1662728280000 h=1 q=-121 z=16 acc=-1936 dest=82720
ATTQK t=1662929400000 ard=-1568 ardb=628 qa=33600 ka=49216
ATTO t=1663019240000 h=2 q=8 z=16 acc=128 dest=82752
ATTQK t=1663220360000 ard=-540 ardb=108 qa=33632 ka=49248
ATTO t=1663310200000 h=3 q=568 z=16 acc=9088 dest=82784
ATTQK t=1663511320000 ard=-1992 ardb=-1428 qa=33664 ka=49152
ATTO t=1663611960000 h=0 q=1084 z=16 acc=17344 dest=82816
ATTQK t=1663823000000 ard=-240 ardb=-488 qa=33696 ka=49184
ATTO t=1663923640000 h=1 q=-560 z=16 acc=-8960 dest=82848
ATTQK t=1664134680000 ard=-332 ardb=628 qa=33728 ka=49216
ATTO t=1664235320000 h=2 q=102 z=16 acc=1632 dest=82880
ATTQK t=1664446360000 ard=-108 ardb=108 qa=33760 ka=49248
ATTO t=1664547000000 h=3 q=-96 z=16 acc=-1536 dest=82912
MV0 t=1664758120000 ly=0 ten_o=5 acc=0 dest=81920
MV0 t=1670011240000 ly=0 ten_o=5 acc=0 dest=82048
MV0 t=1675264360000 ly=0 ten_o=5 acc=0 dest=82176
MV0 t=1680517480000 ly=0 ten_o=5 acc=0 dest=82304
MV0 t=1685770600000 ly=0 ten_o=5 acc=0 dest=82432
MV0 t=1691023720000 ly=0 ten_o=5 acc=0 dest=82560
MV0 t=1696276840000 ly=0 ten_o=5 acc=0 dest=82688
MV0 t=1701529960000 ly=0 ten_o=5 acc=0 dest=82816
ADD t=1706783000000 ly=0 ten=0 ard=3 ardb=28868
ADD t=1706813720000 ly=0 ten=0 ard=1 ardb=32767
ADD t=1706844440000 ly=0 ten=0 ard=-7 ardb=10984
ADD t=1706875160000 ly=0 ten=0 ard=0 ardb=-21828
ADD t=1706905880000 ly=0 ten=0 ard=8 ardb=-12576
ADD t=1706936600000 ly=0 ten=0 ard=-5 ardb=32767
ADD t=1706967320000 ly=0 ten=0 ard=-3 ardb=32767
ADD t=1706998040000 ly=0 ten=0 ard=-5 ardb=24048
LNV t=1707104520000 acc=71362508625 var=1115039197 mu=969
LNO t=1707114680000 ly=0 ten=6 ard=28871 mu=969 sc=23611 q=18
LNV t=1707749480000 acc=66541304965 var=1039707890 mu=422
LNO t=1707759640000 ly=0 ten=6 ard=32767 mu=422 sc=22800 q=22
LNV t=1708394440000 acc=64725678436 var=1011338725 mu=-1086
LNO t=1708404600000 ly=0 ten=6 ard=10977 mu=-1086 sc=22487 q=8
LNV t=1709039400000 acc=52482141478 var=820033460 mu=583
LNO t=1709049560000 ly=0 ten=6 ard=-21828 mu=583 sc=20248 q=-18
LNV t=1709684360000 acc=65214461592 var=1018975962 mu=21
LNO t=1709694520000 ly=0 ten=6 ard=-12568 mu=21 sc=22571 q=-9
LNV t=1710329320000 acc=63890038196 var=998281846 mu=791
LNO t=1710339480000 ly=0 ten=6 ard=32762 mu=791 sc=22341 q=22
LNV t=1710974280000 acc=73698523260 var=1151539425 mu=6366
LNO t=1710984440000 ly=0 ten=6 ard=32764 mu=6366 sc=23995 q=17
LNV t=1711619240000 acc=70587440504 var=1102928757 mu=-2288
LNO t=1711629400000 ly=0 ten=6 ard=24043 mu=-2288 sc=23483 q=17
MV0 t=1712188520000 ly=0 ten_o=0 acc=0 dest=0
MV0 t=1722694760000 ly=0 ten_o=0 acc=0 dest=128
MV0 t=1733201000000 ly=0 ten_o=0 acc=0 dest=256
MV0 t=1743707240000 ly=0 ten_o=0 acc=0 dest=384
MV0 t=1754213480000 ly=0 ten_o=0 acc=0 dest=512
MV0 t=1764719720000 ly=0 ten_o=0 acc=0 dest=640
MV0 t=1775225960000 ly=0 ten_o=0 acc=0 dest=768
MV0 t=1785732200000 ly=0 ten_o=0 acc=0 dest=896
MV0 t=1796238440000 ly=0 ten_o=6 acc=0 dest=98304
MV0 t=1806734440000 ly=0 ten_o=6 acc=0 dest=98432
MV0 t=1817230440000 ly=0 ten_o=6 acc=0 dest=98560
MV0 t=1827726440000 ly=0 ten_o=6 acc=0 dest=98688
MV0 t=1838222440000 ly=0 ten_o=6 acc=0 dest=98816
MV0 t=1848718440000 ly=0 ten_o=6 acc=0 dest=98944
MV0 t=1859214440000 ly=0 ten_o=6 acc=0 dest=99072
MV0 t=1869710440000 ly=0 ten_o=6 acc=0 dest=99200
ADD t=1880206360000 ly=0 ten=1 ard=28871 ardb=23364
ADD t=1880237080000 ly=0 ten=1 ard=32767 ardb=-13345
ADD t=1880267800000 ly=0 ten=1 ard=10977 ardb=-6231
ADD t=1880298520000 ly=0 ten=1 ard=-21828 ardb=-2863
ADD t=1880329240000 ly=0 ten=1 ard=-12568 ardb=22588
ADD t=1880359960000 ly=0 ten=1 ard=32762 ardb=-8463
ADD t=1880390680000 ly=0 ten=1 ard=32764 ardb=-22425
ADD t=1880421400000 ly=0 ten=1 ard=24043 ardb=-15042
LNV t=1880527880000 acc=64590381410 var=1009224709 mu=1785
LNO t=1880538040000 ly=1 ten=0 ard=32767 mu=1785 sc=22463 q=22
LNV t=1881172840000 acc=63254289844 var=988348278 mu=336
LNO t=1881183000000 ly=1 ten=0 ard=19422 mu=336 sc=22230 q=13
LNV t=1881817800000 acc=78168255346 var=1221378989 mu=-902
LNO t=1881827960000 ly=1 ten=0 ard=4746 mu=-902 sc=24712 q=3
LNV t=1882462760000 acc=69008430649 var=1078256728 mu=743
LNO t=1882472920000 ly=1 ten=0 ard=-24691 mu=743 sc=23219 q=-18
LNV t=1883107720000 acc=66893345758 var=1045208527 mu=-5
LNO t=1883117880000 ly=1 ten=0 ard=10020 mu=-5 sc=22860 q=7
LNV t=1883752680000 acc=70385749447 var=1099777335 mu=1067
LNO t=1883762840000 ly=1 ten=0 ard=24299 mu=1067 sc=23449 q=15
LNV t=1884397640000 acc=69367164335 var=1083861942 mu=4351
LNO t=1884407800000 ly=1 ten=0 ard=10339 mu=4351 sc=23279 q=4
LNV t=1885042600000 acc=71128748715 var=1111386698 mu=402
LNO t=1885052760000 ly=1 ten=0 ard=9001 mu=402 sc=23573 q=5
MV0 t=1885611880000 ly=1 ten_o=2 acc=0 dest=32768
MV0 t=1890865000000 ly=1 ten_o=2 acc=0 dest=32896
MV0 t=1896118120000 ly=1 ten_o=2 acc=0 dest=33024
MV0 t=1901371240000 ly=1 ten_o=2 acc=0 dest=33152
MV0 t=1906624360000 ly=1 ten_o=2 acc=0 dest=33280
MV0 t=1911877480000 ly=1 ten_o=2 acc=0 dest=33408
MV0 t=1917130600000 ly=1 ten_o=2 acc=0 dest=33536
MV0 t=1922383720000 ly=1 ten_o=2 acc=0 dest=33664
MV0 t=1927636840000 ly=1 ten_o=3 acc=0 dest=49152
MV0 t=1932889960000 ly=1 ten_o=3 acc=0 dest=49280
MV0 t=1938143080000 ly=1 ten_o=3 acc=0 dest=49408
MV0 t=1943396200000 ly=1 ten_o=3 acc=0 dest=49536
MV0 t=1948649320000 ly=1 ten_o=3 acc=0 dest=49664
MV0 t=1953902440000 ly=1 ten_o=3 acc=0 dest=49792
MV0 t=1959155560000 ly=1 ten_o=3 acc=0 dest=49920
MV0 t=1964408680000 ly=1 ten_o=3 acc=0 dest=50048
MV0 t=1969661800000 ly=1 ten_o=4 acc=0 dest=65536
MV0 t=1974914920000 ly=1 ten_o=4 acc=0 dest=65664
MV0 t=1980168040000 ly=1 ten_o=4 acc=0 dest=65792
MV0 t=1985421160000 ly=1 ten_o=4 acc=0 dest=65920
MV0 t=1990674280000 ly=1 ten_o=4 acc=0 dest=66048
MV0 t=1995927400000 ly=1 ten_o=4 acc=0 dest=66176
MV0 t=2001180520000 ly=1 ten_o=4 acc=0 dest=66304
MV0 t=2006433640000 ly=1 ten_o=4 acc=0 dest=66432
ATTQK t=2011686680000 ard=229 ardb=-173 qa=32768 ka=49152
ATTO t=2011711720000 h=0 q=-1276 z=16 acc=-20416 dest=81920
ATTQK t=2011853320000 ard=1083 ardb=-138 qa=32800 ka=49184
ATTO t=2011878360000 h=1 q=22 z=16 acc=352 dest=81952
ATTQK t=2012019960000 ard=349 ardb=870 qa=32832 ka=49216
ATTO t=2012045000000 h=2 q=-45 z=16 acc=-720 dest=81984
ATTQK t=2012186600000 ard=-611 ardb=602 qa=32864 ka=49248
ATTO t=2012211640000 h=3 q=402 z=16 acc=6432 dest=82016
ATTQK t=2012353240000 ard=692 ardb=-173 qa=32896 ka=49152
ATTO t=2012389080000 h=0 q=-504 z=16 acc=-8064 dest=82048
ATTQK t=2012540600000 ard=587 ardb=-138 qa=32928 ka=49184
ATTO t=2012576440000 h=1 q=184 z=16 acc=2944 dest=82080
ATTQK t=2012727960000 ard=-146 ardb=870 qa=32960 ka=49216
ATTO t=2012763800000 h=2 q=-45 z=16 acc=-720 dest=82112
ATTQK t=2012915320000 ard=547 ardb=602 qa=32992 ka=49248
ATTO t=2012951160000 h=3 q=709 z=16 acc=11344 dest=82144
ATTQK t=2013102680000 ard=-102 ardb=-173 qa=33024 ka=49152
ATTO t=2013149320000 h=0 q=-1276 z=16 acc=-20416 dest=82176
ATTQK t=2013310760000 ard=954 ardb=-138 qa=33056 ka=49184
ATTO t=2013357400000 h=1 q=184 z=16 acc=2944 dest=82208
ATTQK t=2013518840000 ard=-233 ardb=870 qa=33088 ka=49216
ATTO t=2013565480000 h=2 q=-45 z=16 acc=-720 dest=82240
ATTQK t=2013726920000 ard=101 ardb=602 qa=33120 ka=49248
ATTO t=2013773560000 h=3 q=709 z=16 acc=11344 dest=82272
ATTQK t=2013935000000 ard=-397 ardb=-173 qa=33152 ka=49152
ATTO t=2013992440000 h=0 q=-784 z=16 acc=-12544 dest=82304
ATTQK t=2014163800000 ard=473 ardb=-138 qa=33184 ka=49184
ATTO t=2014221240000 h=1 q=676 z=16 acc=10816 dest=82336
ATTQK t=2014392600000 ard=352 ardb=870 qa=33216 ka=49216
ATTO t=2014450040000 h=2 q=-2062 z=16 acc=-32992 dest=82368
ATTQK t=2014621400000 ard=666 ardb=602 qa=33248 ka=49248
ATTO t=2014678840000 h=3 q=402 z=16 acc=6432 dest=82400
ATTQK t=2014850200000 ard=-66 ardb=-173 qa=33280 ka=49152
ATTO t=2014918440000 h=0 q=-1276 z=16 acc=-20416 dest=82432
ATTQK t=2015099720000 ard=751 ardb=-138 qa=33312 ka=49184
ATTO t=2015167960000 h=1 q=676 z=16 acc=10816 dest=82464
ATTQK t=2015349240000 ard=-639 ardb=870 qa=33344 ka=49216
ATTO t=2015417480000 h=2 q=-45 z=16 acc=-720 dest=82496
ATTQK t=2015598760000 ard=612 ardb=602 qa=33376 ka=49248
ATTO t=2015667000000 h=3 q=402 z=16 acc=6432 dest=82528
ATTQK t=2015848280000 ard=1351 ardb=-173 qa=33408 ka=49152
ATTO t=2015927320000 h=0 q=-463 z=16 acc=-7408 dest=82560
ATTQK t=2016118520000 ard=416 ardb=-138 qa=33440 ka=49184
ATTO t=2016197560000 h=1 q=123 z=16 acc=1968 dest=82592
ATTQK t=2016388760000 ard=-145 ardb=870 qa=33472 ka=49216
ATTO t=2016467800000 h=2 q=-2062 z=16 acc=-32992 dest=82624
ATTQK t=2016659000000 ard=657 ardb=602 qa=33504 ka=49248
ATTO t=2016738040000 h=3 q=402 z=16 acc=6432 dest=82656
ATTQK t=2016929240000 ard=461 ardb=-173 qa=33536 ka=49152
ATTO t=2017019080000 h=0 q=-1276 z=16 acc=-20416 dest=82688
ATTQK t=2017220200000 ard=290 ardb=-138 qa=33568 ka=49184
ATTO t=2017310040000 h=1 q=22 z=16 acc=352 dest=82720
ATTQK t=2017511160000 ard=-852 ardb=870 qa=33600 ka=49216
ATTO t=2017601000000 h=2 q=-2073 z=16 acc=-33168 dest=82752
ATTQK t=2017802120000 ard=-340 ardb=602 qa=33632 ka=49248
ATTO t=2017891960000 h=3 q=709 z=16 acc=11344 dest=82784
ATTQK t=2018093080000 ard=321 ardb=-173 qa=33664 ka=49152
ATTO t=2018193720000 h=0 q=-463 z=16 acc=-7408 dest=82816
ATTQK t=2018404760000 ard=-1502 ardb=-138 qa=33696 ka=49184
ATTO t=2018505400000 h=1 q=184 z=16 acc=2944 dest=82848
ATTQK t=2018716440000 ard=589 ardb=870 qa=33728 ka=49216
ATTO t=2018817080000 h=2 q=-602 z=16 acc=-9632 dest=82880
ATTQK t=2019028120000 ard=-1013 ardb=602 qa=33760 ka=49248
ATTO t=2019128760000 h=3 q=663 z=16 acc=10608 dest=82912
MV0 t=2019339880000 ly=1 ten_o=5 acc=0 dest=81920
MV0 t=2024593000000 ly=1 ten_o=5 acc=0 dest=82048
MV0 t=2029846120000 ly=1 ten_o=5 acc=0 dest=82176
MV0 t=2035099240000 ly=1 ten_o=5 acc=0 dest=82304
MV0 t=2040352360000 ly=1 ten_o=5 acc=0 dest=82432
MV0 t=2045605480000 ly=1 ten_o=5 acc=0 dest=82560
MV0 t=2050858600000 ly=1 ten_o=5 acc=0 dest=82688
MV0 t=2056111720000 ly=1 ten_o=5 acc=0 dest=82816
ADD t=2061364760000 ly=1 ten=0 ard=32767 ardb=32767
ADD t=2061395480000 ly=1 ten=0 ard=19422 ardb=14683
ADD t=2061426200000 ly=1 ten=0 ard=4746 ardb=32767
ADD t=2061456920000 ly=1 ten=0 ard=-24691 ardb=16275
ADD t=2061487640000 ly=1 ten=0 ard=10020 ardb=32767
ADD t=2061518360000 ly=1 ten=0 ard=24299 ardb=32767
ADD t=2061549080000 ly=1 ten=0 ard=10339 ardb=32767
ADD t=2061579800000 ly=1 ten=0 ard=9001 ardb=25900
LNV t=2061686280000 acc=69300548030 var=1082821062 mu=-346
LNO t=2061696440000 ly=1 ten=6 ard=32767 mu=-346 sc=23268 q=22
LNV t=2062331240000 acc=66221631402 var=1034712990 mu=-2200
LNO t=2062341400000 ly=1 ten=6 ard=32767 mu=-2200 sc=22745 q=24
LNV t=2062976200000 acc=74707688680 var=1167307635 mu=-2872
LNO t=2062986360000 ly=1 ten=6 ard=32767 mu=-2872 sc=24158 q=23
LNV t=2063621160000 acc=73842291090 var=1153785798 mu=217
LNO t=2063631320000 ly=1 ten=6 ard=-8416 mu=217 sc=24018 q=-6
LNV t=2064266120000 acc=65568861443 var=1024513460 mu=-1251
LNO t=2064276280000 ly=1 ten=6 ard=32767 mu=-1251 sc=22633 q=24
LNV t=2064911080000 acc=69194691603 var=1081167056 mu=937
LNO t=2064921240000 ly=1 ten=6 ard=32767 mu=937 sc=23250 q=21
LNV t=2065556040000 acc=75919587294 var=1186243551 mu=2103
LNO t=2065566200000 ly=1 ten=6 ard=32767 mu=2103 sc=24354 q=20
LNV t=2066201000000 acc=80003712396 var=1250058006 mu=2311
LNO t=2066211160000 ly=1 ten=6 ard=32767 mu=2311 sc=25000 q=19
MV0 t=2066770280000 ly=1 ten_o=0 acc=0 dest=0
MV0 t=2077276520000 ly=1 ten_o=0 acc=0 dest=128
MV0 t=2087782760000 ly=1 ten_o=0 acc=0 dest=256
MV0 t=2098289000000 ly=1 ten_o=0 acc=0 dest=384
MV0 t=2108795240000 ly=1 ten_o=0 acc=0 dest=512
MV0 t=2119301480000 ly=1 ten_o=0 acc=0 dest=640
MV0 t=2129807720000 ly=1 ten_o=0 acc=0 dest=768
MV0 t=2140313960000 ly=1 ten_o=0 acc=0 dest=896
MV0 t=2150820200000 ly=1 ten_o=6 acc=0 dest=98304
MV0 t=2161316200000 ly=1 ten_o=6 acc=0 dest=98432
MV0 t=2171812200000 ly=1 ten_o=6 acc=0 dest=98560
MV0 t=2182308200000 ly=1 ten_o=6 acc=0 dest=98688
MV0 t=2192804200000 ly=1 ten_o=6 acc=0 dest=98816
MV0 t=2203300200000 ly=1 ten_o=6 acc=0 dest=98944
MV0 t=2213796200000 ly=1 ten_o=6 acc=0 dest=99072
MV0 t=2224292200000 ly=1 ten_o=6 acc=0 dest=99200
ADD t=2234788120000 ly=1 ten=1 ard=32767 ardb=12908
ADD t=2234818840000 ly=1 ten=1 ard=32767 ardb=-614
ADD t=2234849560000 ly=1 ten=1 ard=32767 ardb=13549
ADD t=2234880280000 ly=1 ten=1 ard=-8416 ardb=-19152
ADD t=2234911000000 ly=1 ten=1 ard=32767 ardb=-15256
ADD t=2234941720000 ly=1 ten=1 ard=32767 ardb=-8786
ADD t=2234972440000 ly=1 ten=1 ard=32767 ardb=-32768
ADD t=2235003160000 ly=1 ten=1 ard=32767 ardb=-16395
LNV t=2235109640000 acc=88454014337 var=1382093974 mu=1710
LNO t=2235119800000 ly=2 ten=0 ard=32767 mu=1710 sc=26287 q=18
LNV t=2235754600000 acc=76121353639 var=1189396150 mu=-240
LNO t=2235764760000 ly=2 ten=0 ard=32153 mu=-240 sc=24386 q=21
LNV t=2236399560000 acc=75403047537 var=1178172617 mu=-2080
LNO t=2236409720000 ly=2 ten=0 ard=32767 mu=-2080 sc=24271 q=22
LNV t=2237044520000 acc=77410715142 var=1209542424 mu=747
LNO t=2237054680000 ly=2 ten=0 ard=-27568 mu=747 sc=24592 q=-19
LNV t=2237689480000 acc=68122089147 var=1064407642 mu=-2189
LNO t=2237699640000 ly=2 ten=0 ard=17511 mu=-2189 sc=23069 q=13
LNV t=2238334440000 acc=73547433913 var=1149178654 mu=826
LNO t=2238344600000 ly=2 ten=0 ard=23981 mu=826 sc=23970 q=15
LNV t=2238979400000 acc=79553518009 var=1243023718 mu=3701
LNO t=2238989560000 ly=2 ten=0 ard=-1 mu=3701 sc=24930 q=-3
LNV t=2239624360000 acc=80160672488 var=1252510507 mu=2747
LNO t=2239634520000 ly=2 ten=0 ard=16372 mu=2747 sc=25025 q=8
MV0 t=2240193640000 ly=2 ten_o=2 acc=0 dest=32768
MV0 t=2245446760000 ly=2 ten_o=2 acc=0 dest=32896
MV0 t=2250699880000 ly=2 ten_o=2 acc=0 dest=33024
MV0 t=2255953000000 ly=2 ten_o=2 acc=0 dest=33152
MV0 t=2261206120000 ly=2 ten_o=2 acc=0 dest=33280
MV0 t=2266459240000 ly=2 ten_o=2 acc=0 dest=33408
MV0 t=2271712360000 ly=2 ten_o=2 acc=0 dest=33536
MV0 t=2276965480000 ly=2 ten_o=2 acc=0 dest=33664
MV0 t=2282218600000 ly=2 ten_o=3 acc=0 dest=49152
MV0 t=2287471720000 ly=2 ten_o=3 acc=0 dest=49280
MV0 t=2292724840000 ly=2 ten_o=3 acc=0 dest=49408
MV0 t=2297977960000 ly=2 ten_o=3 acc=0 dest=49536
MV0 t=2303231080000 ly=2 ten_o=3 acc=0 dest=49664
MV0 t=2308484200000 ly=2 ten_o=3 acc=0 dest=49792
MV0 t=2313737320000 ly=2 ten_o=3 acc=0 dest=49920
MV0 t=2318990440000 ly=2 ten_o=3 acc=0 dest=50048
MV0 t=2324243560000 ly=2 ten_o=4 acc=0 dest=65536
MV0 t=2329496680000 ly=2 ten_o=4 acc=0 dest=65664
MV0 t=2334749800000 ly=2 ten_o=4 acc=0 dest=65792
MV0 t=2340002920000 ly=2 ten_o=4 acc=0 dest=65920
MV0 t=2345256040000 ly=2 ten_o=4 acc=0 dest=66048
MV0 t=2350509160000 ly=2 ten_o=4 acc=0 dest=66176
MV0 t=2355762280000 ly=2 ten_o=4 acc=0 dest=66304
MV0 t=2361015400000 ly=2 ten_o=4 acc=0 dest=66432
ATTQK t=2366268440000 ard=-634 ardb=-704 qa=32768 ka=49152
ATTO t=2366293480000 h=0 q=-261 z=16 acc=-4176 dest=81920
ATTQK t=2366435080000 ard=103 ardb=37 qa=32800 ka=49184
ATTO t=2366460120000 h=1 q=-100 z=16 acc=-1600 dest=81952
ATTQK t=2366601720000 ard=587 ardb=-1026 qa=32832 ka=49216
ATTO t=2366626760000 h=2 q=440 z=16 acc=7040 dest=81984
ATTQK t=2366768360000 ard=506 ardb=35 qa=32864 ka=49248
ATTO t=2366793400000 h=3 q=250 z=16 acc=4000 dest=82016
ATTQK t=2366935000000 ard=-1230 ardb=-704 qa=32896 ka=49152
ATTO t=2366970840000 h=0 q=-261 z=16 acc=-4176 dest=82048
ATTQK t=2367122360000 ard=224 ardb=37 qa=32928 ka=49184
ATTO t=2367158200000 h=1 q=-960 z=16 acc=-15360 dest=82080
ATTQK t=2367309720000 ard=343 ardb=-1026 qa=32960 ka=49216
ATTO t=2367345560000 h=2 q=440 z=16 acc=7040 dest=82112
ATTQK t=2367497080000 ard=530 ardb=35 qa=32992 ka=49248
ATTO t=2367532920000 h=3 q=250 z=16 acc=4000 dest=82144
ATTQK t=2367684440000 ard=380 ardb=-704 qa=33024 ka=49152
ATTO t=2367731080000 h=0 q=-705 z=16 acc=-11280 dest=82176
ATTQK t=2367892520000 ard=-9 ardb=37 qa=33056 ka=49184
ATTO t=2367939160000 h=1 q=-1012 z=16 acc=-16192 dest=82208
ATTQK t=2368100600000 ard=600 ardb=-1026 qa=33088 ka=49216
ATTO t=2368147240000 h=2 q=695 z=16 acc=11120 dest=82240
ATTQK t=2368308680000 ard=371 ardb=35 qa=33120 ka=49248
ATTO t=2368355320000 h=3 q=-300 z=16 acc=-4800 dest=82272
ATTQK t=2368516760000 ard=40 ardb=-704 qa=33152 ka=49152
ATTO t=2368574200000 h=0 q=-673 z=16 acc=-10768 dest=82304
ATTQK t=2368745560000 ard=103 ardb=37 qa=33184 ka=49184
ATTO t=2368803000000 h=1 q=-1012 z=16 acc=-16192 dest=82336
ATTQK t=2368974360000 ard=777 ardb=-1026 qa=33216 ka=49216
ATTO t=2369031800000 h=2 q=159 z=16 acc=2544 dest=82368
ATTQK t=2369203160000 ard=-388 ardb=35 qa=33248 ka=49248
ATTO t=2369260600000 h=3 q=250 z=16 acc=4000 dest=82400
ATTQK t=2369431960000 ard=-346 ardb=-704 qa=33280 ka=49152
ATTO t=2369500200000 h=0 q=286 z=16 acc=4576 dest=82432
ATTQK t=2369681480000 ard=499 ardb=37 qa=33312 ka=49184
ATTO t=2369749720000 h=1 q=-1012 z=16 acc=-16192 dest=82464
ATTQK t=2369931000000 ard=532 ardb=-1026 qa=33344 ka=49216
ATTO t=2369999240000 h=2 q=-302 z=16 acc=-4832 dest=82496
ATTQK t=2370180520000 ard=-203 ardb=35 qa=33376 ka=49248
ATTO t=2370248760000 h=3 q=776 z=16 acc=12416 dest=82528
ATTQK t=2370430040000 ard=-1487 ardb=-704 qa=33408 ka=49152
ATTO t=2370509080000 h=0 q=-673 z=16 acc=-10768 dest=82560
ATTQK t=2370700280000 ard=403 ardb=37 qa=33440 ka=49184
ATTO t=2370779320000 h=1 q=-1012 z=16 acc=-16192 dest=82592
ATTQK t=2370970520000 ard=308 ardb=-1026 qa=33472 ka=49216
ATTO t=2371049560000 h=2 q=-15 z=16 acc=-240 dest=82624
ATTQK t=2371240760000 ard=-163 ardb=35 qa=33504 ka=49248
ATTO t=2371319800000 h=3 q=250 z=16 acc=4000 dest=82656
ATTQK t=2371511000000 ard=62 ardb=-704 qa=33536 ka=49152
ATTO t=2371600840000 h=0 q=859 z=16 acc=13744 dest=82688
ATTQK t=2371801960000 ard=-64 ardb=37 qa=33568 ka=49184
ATTO t=2371891800000 h=1 q=-1012 z=16 acc=-16192 dest=82720
ATTQK t=2372092920000 ard=480 ardb=-1026 qa=33600 ka=49216
ATTO t=2372182760000 h=2 q=-15 z=16 acc=-240 dest=82752
ATTQK t=2372383880000 ard=512 ardb=35 qa=33632 ka=49248
ATTO t=2372473720000 h=3 q=776 z=16 acc=12416 dest=82784
ATTQK t=2372674840000 ard=934 ardb=-704 qa=33664 ka=49152
ATTO t=2372775480000 h=0 q=-1035 z=16 acc=-16560 dest=82816
ATTQK t=2372986520000 ard=-1185 ardb=37 qa=33696 ka=49184
ATTO t=2373087160000 h=1 q=-912 z=16 acc=-14592 dest=82848
ATTQK t=2373298200000 ard=652 ardb=-1026 qa=33728 ka=49216
ATTO t=2373398840000 h=2 q=188 z=16 acc=3008 dest=82880
ATTQK t=2373609880000 ard=327 ardb=35 qa=33760 ka=49248
ATTO t=2373710520000 h=3 q=360 z=16 acc=5760 dest=82912
MV0 t=2373921640000 ly=2 ten_o=5 acc=0 dest=81920
MV0 t=2379174760000 ly=2 ten_o=5 acc=0 dest=82048
MV0 t=2384427880000 ly=2 ten_o=5 acc=0 dest=82176
MV0 t=2389681000000 ly=2 ten_o=5 acc=0 dest=82304
MV0 t=2394934120000 ly=2 ten_o=5 acc=0 dest=82432
MV0 t=2400187240000 ly=2 ten_o=5 acc=0 dest=82560
MV0 t=2405440360000 ly=2 ten_o=5 acc=0 dest=82688
MV0 t=2410693480000 ly=2 ten_o=5 acc=0 dest=82816
ADD t=2415946520000 ly=2 ten=0 ard=32767 ardb=3957
ADD t=2415977240000 ly=2 ten=0 ard=32153 ardb=30828
ADD t=2416007960000 ly=2 ten=0 ard=32767 ardb=9894
ADD t=2416038680000 ly=2 ten=0 ard=-27568 ardb=32767
ADD t=2416069400000 ly=2 ten=0 ard=17511 ardb=-12297
ADD t=2416100120000 ly=2 ten=0 ard=23981 ardb=32767
ADD t=2416130840000 ly=2 ten=0 ard=-1 ardb=-11384
ADD t=2416161560000 ly=2 ten=0 ard=16372 ardb=32767
LNV t=2416268040000 acc=76572183283 var=1196440363 mu=1118
LNO t=2416278200000 ly=2 ten=6 ard=32767 mu=1118 sc=24458 q=20
LNV t=2416913000000 acc=79676349225 var=1244942956 mu=-501
LNO t=2416923160000 ly=2 ten=6 ard=32767 mu=-501 sc=24949 q=21
LNV t=2417557960000 acc=67590909195 var=1056107956 mu=-3995
LNO t=2417568120000 ly=2 ten=6 ard=32767 mu=-3995 sc=22979 q=25
LNV t=2418202920000 acc=69687958689 var=1088874354 mu=-2029
LNO t=2418213080000 ly=2 ten=6 ard=5199 mu=-2029 sc=23333 q=4
LNV t=2418847880000 acc=59926241080 var=936347516 mu=-3652
LNO t=2418858040000 ly=2 ten=6 ard=5214 mu=-3652 sc=21637 q=6
LNV t=2419492840000 acc=78248369094 var=1222630767 mu=-2365
LNO t=2419503000000 ly=2 ten=6 ard=32767 mu=-2365 sc=24724 q=22
LNV t=2420137800000 acc=78514307453 var=1226786053 mu=609
LNO t=2420147960000 ly=2 ten=6 ard=-11385 mu=609 sc=24766 q=-8
LNV t=2420782760000 acc=68793326848 var=1074895732 mu=1421
LNO t=2420792920000 ly=2 ten=6 ard=32767 mu=1421 sc=23182 q=21
MV0 t=2421352040000 ly=2 ten_o=0 acc=0 dest=0
MV0 t=2431858280000 ly=2 ten_o=0 acc=0 dest=128
MV0 t=2442364520000 ly=2 ten_o=0 acc=0 dest=256
MV0 t=2452870760000 ly=2 ten_o=0 acc=0 dest=384
MV0 t=2463377000000 ly=2 ten_o=0 acc=0 dest=512
MV0 t=2473883240000 ly=2 ten_o=0 acc=0 dest=640
MV0 t=2484389480000 ly=2 ten_o=0 acc=0 dest=768
MV0 t=2494895720000 ly=2 ten_o=0 acc=0 dest=896
MV0 t=2505401960000 ly=2 ten_o=6 acc=0 dest=98304
MV0 t=2515897960000 ly=2 ten_o=6 acc=0 dest=98432
MV0 t=2526393960000 ly=2 ten_o=6 acc=0 dest=98560
MV0 t=2536889960000 ly=2 ten_o=6 acc=0 dest=98688
MV0 t=2547385960000 ly=2 ten_o=6 acc=0 dest=98816
MV0 t=2557881960000 ly=2 ten_o=6 acc=0 dest=98944
MV0 t=2568377960000 ly=2 ten_o=6 acc=0 dest=99072
MV0 t=2578873960000 ly=2 ten_o=6 acc=0 dest=99200
ADD t=2589369880000 ly=2 ten=1 ard=32767 ardb=-1344
ADD t=2589400600000 ly=2 ten=1 ard=32767 ardb=-9946
ADD t=2589431320000 ly=2 ten=1 ard=32767 ardb=-28974
ADD t=2589462040000 ly=2 ten=1 ard=5199 ardb=-24426
ADD t=2589492760000 ly=2 ten=1 ard=5214 ardb=16036
ADD t=2589523480000 ly=2 ten=1 ard=32767 ardb=6670
ADD t=2589554200000 ly=2 ten=1 ard=-11385 ardb=1703
ADD t=2589584920000 ly=2 ten=1 ard=32767 ardb=-32768
LNV t=2589691400000 acc=77562812133 var=1211918939 mu=1037
LNO t=2589701560000 ly=3 ten=0 ard=31423 mu=1037 sc=24616 q=19
LNV t=2590336360000 acc=70433426489 var=1100522288 mu=311
LNO t=2590346520000 ly=3 ten=0 ard=22821 mu=311 sc=23457 q=15
LNV t=2590981320000 acc=73036580402 var=1141196568 mu=-3991
LNO t=2590991480000 ly=3 ten=0 ard=3793 mu=-3991 sc=23887 q=5
LNV t=2591626280000 acc=70548265267 var=1102316644 mu=-1266
LNO t=2591636440000 ly=3 ten=0 ard=-19227 mu=-1266 sc=23476 q=-13
LNV t=2592271240000 acc=69061039086 var=1079078735 mu=-2779
LNO t=2592281400000 ly=3 ten=0 ard=21250 mu=-2779 sc=23227 q=16
LNV t=2592916200000 acc=73014404354 var=1140850068 mu=-3152
LNO t=2592926360000 ly=3 ten=0 ard=32767 mu=-3152 sc=23883 q=24
LNV t=2593561160000 acc=75205194770 var=1175081168 mu=-917
LNO t=2593571320000 ly=3 ten=0 ard=-9682 mu=-917 sc=24239 q=-6
LNV t=2594206120000 acc=71387670340 var=1115432349 mu=-1299
LNO t=2594216280000 ly=3 ten=0 ard=-1 mu=-1299 sc=23616 q=0
MV0 t=2594775400000 ly=3 ten_o=2 acc=0 dest=32768
MV0 t=2600028520000 ly=3 ten_o=2 acc=0 dest=32896
MV0 t=2605281640000 ly=3 ten_o=2 acc=0 dest=33024
MV0 t=2610534760000 ly=3 ten_o=2 acc=0 dest=33152
MV0 t=2615787880000 ly=3 ten_o=2 acc=0 dest=33280
MV0 t=2621041000000 ly=3 ten_o=2 acc=0 dest=33408
MV0 t=2626294120000 ly=3 ten_o=2 acc=0 dest=33536
MV0 t=2631547240000 ly=3 ten_o=2 acc=0 dest=33664
MV0 t=2636800360000 ly=3 ten_o=3 acc=0 dest=49152
MV0 t=2642053480000 ly=3 ten_o=3 acc=0 dest=49280
MV0 t=2647306600000 ly=3 ten_o=3 acc=0 dest=49408
MV0 t=2652559720000 ly=3 ten_o=3 acc=0 dest=49536
MV0 t=2657812840000 ly=3 ten_o=3 acc=0 dest=49664
MV0 t=2663065960000 ly=3 ten_o=3 acc=0 dest=49792
MV0 t=2668319080000 ly=3 ten_o=3 acc=0 dest=49920
MV0 t=2673572200000 ly=3 ten_o=3 acc=0 dest=50048
MV0 t=2678825320000 ly=3 ten_o=4 acc=0 dest=65536
MV0 t=2684078440000 ly=3 ten_o=4 acc=0 dest=65664
MV0 t=2689331560000 ly=3 ten_o=4 acc=0 dest=65792
MV0 t=2694584680000 ly=3 ten_o=4 acc=0 dest=65920
MV0 t=2699837800000 ly=3 ten_o=4 acc=0 dest=66048
MV0 t=2705090920000 ly=3 ten_o=4 acc=0 dest=66176
MV0 t=2710344040000 ly=3 ten_o=4 acc=0 dest=66304
MV0 t=2715597160000 ly=3 ten_o=4 acc=0 dest=66432
ATTQK t=2720850200000 ard=504 ardb=-852 qa=32768 ka=49152
ATTO t=2720875240000 h=0 q=24 z=16 acc=384 dest=81920
ATTQK t=2721016840000 ard=477 ardb=-330 qa=32800 ka=49184
ATTO t=2721041880000 h=1 q=756 z=16 acc=12096 dest=81952
ATTQK t=2721183480000 ard=723 ardb=-310 qa=32832 ka=49216
ATTO t=2721208520000 h=2 q=-90 z=16 acc=-1440 dest=81984
ATTQK t=2721350120000 ard=103 ardb=-268 qa=32864 ka=49248
ATTO t=2721375160000 h=3 q=301 z=16 acc=4816 dest=82016
ATTQK t=2721516760000 ard=-263 ardb=-852 qa=32896 ka=49152
ATTO t=2721552600000 h=0 q=24 z=16 acc=384 dest=82048
ATTQK t=2721704120000 ard=1008 ardb=-330 qa=32928 ka=49184
ATTO t=2721739960000 h=1 q=1268 z=16 acc=20288 dest=82080
ATTQK t=2721891480000 ard=148 ardb=-310 qa=32960 ka=49216
ATTO t=2721927320000 h=2 q=122 z=16 acc=1952 dest=82112
ATTQK t=2722078840000 ard=380 ardb=-268 qa=32992 ka=49248
ATTO t=2722114680000 h=3 q=622 z=16 acc=9952 dest=82144
ATTQK t=2722266200000 ard=-303 ardb=-852 qa=33024 ka=49152
ATTO t=2722312840000 h=0 q=196 z=16 acc=3136 dest=82176
ATTQK t=2722474280000 ard=1558 ardb=-330 qa=33056 ka=49184
ATTO t=2722520920000 h=1 q=1268 z=16 acc=20288 dest=82208
ATTQK t=2722682360000 ard=-486 ardb=-310 qa=33088 ka=49216
ATTO t=2722729000000 h=2 q=-90 z=16 acc=-1440 dest=82240
ATTQK t=2722890440000 ard=810 ardb=-268 qa=33120 ka=49248
ATTO t=2722937080000 h=3 q=622 z=16 acc=9952 dest=82272
ATTQK t=2723098520000 ard=-735 ardb=-852 qa=33152 ka=49152
ATTO t=2723155960000 h=0 q=24 z=16 acc=384 dest=82304
ATTQK t=2723327320000 ard=710 ardb=-330 qa=33184 ka=49184
ATTO t=2723384760000 h=1 q=1268 z=16 acc=20288 dest=82336
ATTQK t=2723556120000 ard=832 ardb=-310 qa=33216 ka=49216
ATTO t=2723613560000 h=2 q=639 z=16 acc=10224 dest=82368
ATTQK t=2723784920000 ard=439 ardb=-268 qa=33248 ka=49248
ATTO t=2723842360000 h=3 q=622 z=16 acc=9952 dest=82400
ATTQK t=2724013720000 ard=-240 ardb=-852 qa=33280 ka=49152
ATTO t=2724081960000 h=0 q=196 z=16 acc=3136 dest=82432
ATTQK t=2724263240000 ard=-226 ardb=-330 qa=33312 ka=49184
ATTO t=2724331480000 h=1 q=75 z=16 acc=1200 dest=82464
ATTQK t=2724512760000 ard=511 ardb=-310 qa=33344 ka=49216
ATTO t=2724581000000 h=2 q=122 z=16 acc=1952 dest=82496
ATTQK t=2724762280000 ard=406 ardb=-268 qa=33376 ka=49248
ATTO t=2724830520000 h=3 q=14 z=16 acc=224 dest=82528
ATTQK t=2725011800000 ard=430 ardb=-852 qa=33408 ka=49152
ATTO t=2725090840000 h=0 q=24 z=16 acc=384 dest=82560
ATTQK t=2725282040000 ard=574 ardb=-330 qa=33440 ka=49184
ATTO t=2725361080000 h=1 q=756 z=16 acc=12096 dest=82592
ATTQK t=2725552280000 ard=352 ardb=-310 qa=33472 ka=49216
ATTO t=2725631320000 h=2 q=122 z=16 acc=1952 dest=82624
ATTQK t=2725822520000 ard=-178 ardb=-268 qa=33504 ka=49248
ATTO t=2725901560000 h=3 q=301 z=16 acc=4816 dest=82656
ATTQK t=2726092760000 ard=533 ardb=-852 qa=33536 ka=49152
ATTO t=2726182600000 h=0 q=926 z=16 acc=14816 dest=82688
ATTQK t=2726383720000 ard=984 ardb=-330 qa=33568 ka=49184
ATTO t=2726473560000 h=1 q=756 z=16 acc=12096 dest=82720
ATTQK t=2726674680000 ard=703 ardb=-310 qa=33600 ka=49216
ATTO t=2726764520000 h=2 q=639 z=16 acc=10224 dest=82752
ATTQK t=2726965640000 ard=-546 ardb=-268 qa=33632 ka=49248
ATTO t=2727055480000 h=3 q=1023 z=16 acc=16368 dest=82784
ATTQK t=2727256600000 ard=-346 ardb=-852 qa=33664 ka=49152
ATTO t=2727357240000 h=0 q=435 z=16 acc=6960 dest=82816
ATTQK t=2727568280000 ard=277 ardb=-330 qa=33696 ka=49184
ATTO t=2727668920000 h=1 q=742 z=16 acc=11872 dest=82848
ATTQK t=2727879960000 ard=743 ardb=-310 qa=33728 ka=49216
ATTO t=2727980600000 h=2 q=-117 z=16 acc=-1872 dest=82880
ATTQK t=2728191640000 ard=173 ardb=-268 qa=33760 ka=49248
ATTO t=2728292280000 h=3 q=1023 z=16 acc=16368 dest=82912
MV0 t=2728503400000 ly=3 ten_o=5 acc=0 dest=81920
MV0 t=2733756520000 ly=3 ten_o=5 acc=0 dest=82048
MV0 t=2739009640000 ly=3 ten_o=5 acc=0 dest=82176
MV0 t=2744262760000 ly=3 ten_o=5 acc=0 dest=82304
MV0 t=2749515880000 ly=3 ten_o=5 acc=0 dest=82432
MV0 t=2754769000000 ly=3 ten_o=5 acc=0 dest=82560
MV0 t=2760022120000 ly=3 ten_o=5 acc=0 dest=82688
MV0 t=2765275240000 ly=3 ten_o=5 acc=0 dest=82816
ADD t=2770528280000 ly=3 ten=0 ard=31423 ardb=32767
ADD t=2770559000000 ly=3 ten=0 ard=22821 ardb=32767
ADD t=2770589720000 ly=3 ten=0 ard=3793 ardb=11710
ADD t=2770620440000 ly=3 ten=0 ard=-19227 ardb=32767
ADD t=2770651160000 ly=3 ten=0 ard=21250 ardb=4647
ADD t=2770681880000 ly=3 ten=0 ard=32767 ardb=32767
ADD t=2770712600000 ly=3 ten=0 ard=-9682 ardb=-3710
ADD t=2770743320000 ly=3 ten=0 ard=-1 ardb=-32768
LNV t=2770849800000 acc=71138245583 var=1111535087 mu=1505
LNO t=2770859960000 ly=3 ten=6 ard=32767 mu=1505 sc=23574 q=21
LNV t=2771494760000 acc=76441461252 var=1194397832 mu=2458
LNO t=2771504920000 ly=3 ten=6 ard=32767 mu=2458 sc=24437 q=19
LNV t=2772139720000 acc=71237179326 var=1113080926 mu=-2648
LNO t=2772149880000 ly=3 ten=6 ard=15503 mu=-2648 sc=23591 q=12
LNV t=2772784680000 acc=75920689391 var=1186260771 mu=-786
LNO t=2772794840000 ly=3 ten=6 ard=13540 mu=-786 sc=24354 q=9
LNV t=2773429640000 acc=67277326777 var=1051208230 mu=-647
LNO t=2773439800000 ly=3 ten=6 ard=25897 mu=-647 sc=22926 q=18
LNV t=2774074600000 acc=73322986856 var=1145671669 mu=-387
LNO t=2774084760000 ly=3 ten=6 ard=32767 mu=-387 sc=23933 q=22
LNV t=2774719560000 acc=71772162539 var=1121440039 mu=500
LNO t=2774729720000 ly=3 ten=6 ard=-13392 mu=500 sc=23679 q=-10
LNV t=2775364520000 acc=88816049092 var=1387750767 mu=-2146
LNO t=2775374680000 ly=3 ten=6 ard=-32768 mu=-2146 sc=26341 q=-19
MV0 t=2775933800000 ly=3 ten_o=0 acc=0 dest=0
MV0 t=2786440040000 ly=3 ten_o=0 acc=0 dest=128
MV0 t=2796946280000 ly=3 ten_o=0 acc=0 dest=256
MV0 t=2807452520000 ly=3 ten_o=0 acc=0 dest=384
MV0 t=2817958760000 ly=3 ten_o=0 acc=0 dest=512
MV0 t=2828465000000 ly=3 ten_o=0 acc=0 dest=640
MV0 t=2838971240000 ly=3 ten_o=0 acc=0 dest=768
MV0 t=2849477480000 ly=3 ten_o=0 acc=0 dest=896
MV0 t=2859983720000 ly=3 ten_o=6 acc=0 dest=98304
MV0 t=2870479720000 ly=3 ten_o=6 acc=0 dest=98432
MV0 t=2880975720000 ly=3 ten_o=6 acc=0 dest=98560
MV0 t=2891471720000 ly=3 ten_o=6 acc=0 dest=98688
MV0 t=2901967720000 ly=3 ten_o=6 acc=0 dest=98816
MV0 t=2912463720000 ly=3 ten_o=6 acc=0 dest=98944
MV0 t=2922959720000 ly=3 ten_o=6 acc=0 dest=99072
MV0 t=2933455720000 ly=3 ten_o=6 acc=0 dest=99200
ADD t=2943951640000 ly=3 ten=1 ard=32767 ardb=-5487
ADD t=2943982360000 ly=3 ten=1 ard=32767 ardb=18349
ADD t=2944013080000 ly=3 ten=1 ard=15503 ardb=1441
ADD t=2944043800000 ly=3 ten=1 ard=13540 ardb=-26638
ADD t=2944074520000 ly=3 ten=1 ard=25897 ardb=-17869
ADD t=2944105240000 ly=3 ten=1 ard=32767 ardb=-21336
ADD t=2944135960000 ly=3 ten=1 ard=-13392 ardb=18687
ADD t=2944166680000 ly=3 ten=1 ard=-32768 ardb=12221
HEAD t=2944197400000 col=0 wrd=6 ard=-20547 waddr=671744 aaddr=896 acc=0
MV0 t=2944197480000 ly=3 ten_o=7 acc=0 dest=115584
HEAD t=2944197720000 col=1 wrd=6 ard=-32768 waddr=671745 aaddr=897 acc=-123282
SMX t=2986222200000 logit0=132806
CFRAME UNREL C1 MODE=8 C2 ANCH=00000000000000a3
CFRAME UNREL C9 TOPK=0f0e0d0c0b0a0908 R1S=00000088 R1R=0a R1O=00000208
CFRAME UNREL C10 LMST=1 LMDN=1 OUT=861
CELL_NATIVE_ANCHOR PASS ANCH_A=00000000000000a2 ANCH_U=00000000000000a3
LMST_RISE n=3 cyc=37330928
EMB_POS t=2986475400000 dim=0 wrd=-3 awd=-3
EMB_POS t=2986475640000 dim=1 wrd=3 awd=3
EMB_TOK t=2986721160000 dim=0 wrd=6 ard=-3 awd=3
EMB_TOK t=2986721400000 dim=1 wrd=3 ard=3 awd=6
LNV t=2987042680000 acc=2554 var=39 mu=-1
LNO t=2987052840000 ly=0 ten=0 ard=3 mu=-1 sc=4 q=16
LNV t=2987687640000 acc=2138 var=33 mu=0
LNO t=2987697800000 ly=0 ten=0 ard=-5 mu=0 sc=4 q=-20
LNV t=2988332600000 acc=2837 var=44 mu=-1
LNO t=2988342760000 ly=0 ten=0 ard=-8 mu=-1 sc=4 q=-28
LNV t=2988977560000 acc=2492 var=38 mu=0
LNO t=2988987720000 ly=0 ten=0 ard=-7 mu=0 sc=4 q=-28
LNV t=2989622520000 acc=2345 var=36 mu=0
LNO t=2989632680000 ly=0 ten=0 ard=3 mu=0 sc=4 q=12
LNV t=2990267480000 acc=2349 var=36 mu=-1
LNO t=2990277640000 ly=0 ten=0 ard=5 mu=-1 sc=4 q=24
LNV t=2990912440000 acc=2318 var=36 mu=-1
LNO t=2990922600000 ly=0 ten=0 ard=-2 mu=-1 sc=4 q=-4
LNV t=2991557400000 acc=2256 var=35 mu=0
LNO t=2991567560000 ly=0 ten=0 ard=-3 mu=0 sc=4 q=-12
MV0 t=2992126680000 ly=0 ten_o=2 acc=0 dest=32768
MV0 t=2997379800000 ly=0 ten_o=2 acc=0 dest=32896
MV0 t=3002632920000 ly=0 ten_o=2 acc=0 dest=33024
MV0 t=3007886040000 ly=0 ten_o=2 acc=0 dest=33152
MV0 t=3013139160000 ly=0 ten_o=2 acc=0 dest=33280
MV0 t=3018392280000 ly=0 ten_o=2 acc=0 dest=33408
MV0 t=3023645400000 ly=0 ten_o=2 acc=0 dest=33536
MV0 t=3028898520000 ly=0 ten_o=2 acc=0 dest=33664
MV0 t=3034151640000 ly=0 ten_o=3 acc=0 dest=49152
MV0 t=3039404760000 ly=0 ten_o=3 acc=0 dest=49280
MV0 t=3044657880000 ly=0 ten_o=3 acc=0 dest=49408
MV0 t=3049911000000 ly=0 ten_o=3 acc=0 dest=49536
MV0 t=3055164120000 ly=0 ten_o=3 acc=0 dest=49664
MV0 t=3060417240000 ly=0 ten_o=3 acc=0 dest=49792
MV0 t=3065670360000 ly=0 ten_o=3 acc=0 dest=49920
MV0 t=3070923480000 ly=0 ten_o=3 acc=0 dest=50048
MV0 t=3076176600000 ly=0 ten_o=4 acc=0 dest=65536
MV0 t=3081429720000 ly=0 ten_o=4 acc=0 dest=65664
MV0 t=3086682840000 ly=0 ten_o=4 acc=0 dest=65792
MV0 t=3091935960000 ly=0 ten_o=4 acc=0 dest=65920
MV0 t=3097189080000 ly=0 ten_o=4 acc=0 dest=66048
MV0 t=3102442200000 ly=0 ten_o=4 acc=0 dest=66176
MV0 t=3107695320000 ly=0 ten_o=4 acc=0 dest=66304
MV0 t=3112948440000 ly=0 ten_o=4 acc=0 dest=66432
ATTQK t=3118201480000 ard=140 ardb=96 qa=32768 ka=49152
ATTO t=3118226520000 h=0 q=-1256 z=16 acc=-20096 dest=81920
ATTQK t=3118368120000 ard=764 ardb=-1408 qa=32800 ka=49184
ATTO t=3118393160000 h=1 q=-12 z=16 acc=-192 dest=81952
ATTQK t=3118534760000 ard=-244 ardb=4 qa=32832 ka=49216
ATTO t=3118559800000 h=2 q=168 z=16 acc=2688 dest=81984
ATTQK t=3118701400000 ard=108 ardb=396 qa=32864 ka=49248
ATTO t=3118726440000 h=3 q=684 z=16 acc=10944 dest=82016
ATTQK t=3118868040000 ard=-584 ardb=96 qa=32896 ka=49152
ATTO t=3118903880000 h=0 q=48 z=16 acc=768 dest=82048
ATTQK t=3119055400000 ard=204 ardb=-1408 qa=32928 ka=49184
ATTO t=3119091240000 h=1 q=504 z=16 acc=8064 dest=82080
ATTQK t=3119242760000 ard=-244 ardb=4 qa=32960 ka=49216
ATTO t=3119278600000 h=2 q=-184 z=16 acc=-2944 dest=82112
ATTQK t=3119430120000 ard=-172 ardb=396 qa=32992 ka=49248
ATTO t=3119465960000 h=3 q=684 z=16 acc=10944 dest=82144
ATTQK t=3119617480000 ard=1480 ardb=96 qa=33024 ka=49152
ATTO t=3119664120000 h=0 q=840 z=16 acc=13440 dest=82176
ATTQK t=3119825560000 ard=220 ardb=-1408 qa=33056 ka=49184
ATTO t=3119872200000 h=1 q=-1416 z=16 acc=-22656 dest=82208
ATTQK t=3120033640000 ard=-652 ardb=4 qa=33088 ka=49216
ATTO t=3120080280000 h=2 q=452 z=16 acc=7232 dest=82240
ATTQK t=3120241720000 ard=280 ardb=396 qa=33120 ka=49248
ATTO t=3120288360000 h=3 q=316 z=16 acc=5056 dest=82272
ATTQK t=3120449800000 ard=-448 ardb=96 qa=33152 ka=49152
ATTO t=3120507240000 h=0 q=-1256 z=16 acc=-20096 dest=82304
ATTQK t=3120678600000 ard=524 ardb=-1408 qa=33184 ka=49184
ATTO t=3120736040000 h=1 q=-1416 z=16 acc=-22656 dest=82336
ATTQK t=3120907400000 ard=-580 ardb=4 qa=33216 ka=49216
ATTO t=3120964840000 h=2 q=-184 z=16 acc=-2944 dest=82368
ATTQK t=3121136200000 ard=-396 ardb=396 qa=33248 ka=49248
ATTO t=3121193640000 h=3 q=604 z=16 acc=9664 dest=82400
ATTQK t=3121365000000 ard=-924 ardb=96 qa=33280 ka=49152
ATTO t=3121433240000 h=0 q=840 z=16 acc=13440 dest=82432
ATTQK t=3121614520000 ard=-516 ardb=-1408 qa=33312 ka=49184
ATTO t=3121682760000 h=1 q=116 z=16 acc=1856 dest=82464
ATTQK t=3121864040000 ard=-8 ardb=4 qa=33344 ka=49216
ATTO t=3121932280000 h=2 q=-120 z=16 acc=-1920 dest=82496
ATTQK t=3122113560000 ard=352 ardb=396 qa=33376 ka=49248
ATTO t=3122181800000 h=3 q=-120 z=16 acc=-1920 dest=82528
ATTQK t=3122363080000 ard=476 ardb=96 qa=33408 ka=49152
ATTO t=3122442120000 h=0 q=-184 z=16 acc=-2944 dest=82560
ATTQK t=3122633320000 ard=-124 ardb=-1408 qa=33440 ka=49184
ATTO t=3122712360000 h=1 q=-1416 z=16 acc=-22656 dest=82592
ATTQK t=3122903560000 ard=-144 ardb=4 qa=33472 ka=49216
ATTO t=3122982600000 h=2 q=168 z=16 acc=2688 dest=82624
ATTQK t=3123173800000 ard=-868 ardb=396 qa=33504 ka=49248
ATTO t=3123252840000 h=3 q=-120 z=16 acc=-1920 dest=82656
ATTQK t=3123444040000 ard=600 ardb=96 qa=33536 ka=49152
ATTO t=3123533880000 h=0 q=84 z=16 acc=1344 dest=82688
ATTQK t=3123735000000 ard=88 ardb=-1408 qa=33568 ka=49184
ATTO t=3123824840000 h=1 q=116 z=16 acc=1856 dest=82720
ATTQK t=3124025960000 ard=12 ardb=4 qa=33600 ka=49216
ATTO t=3124115800000 h=2 q=-120 z=16 acc=-1920 dest=82752
ATTQK t=3124316920000 ard=-668 ardb=396 qa=33632 ka=49248
ATTO t=3124406760000 h=3 q=-8 z=16 acc=-128 dest=82784
ATTQK t=3124607880000 ard=-540 ardb=96 qa=33664 ka=49152
ATTO t=3124708520000 h=0 q=-1256 z=16 acc=-20096 dest=82816
ATTQK t=3124919560000 ard=212 ardb=-1408 qa=33696 ka=49184
ATTO t=3125020200000 h=1 q=632 z=16 acc=10112 dest=82848
ATTQK t=3125231240000 ard=1264 ardb=4 qa=33728 ka=49216
ATTO t=3125331880000 h=2 q=696 z=16 acc=11136 dest=82880
ATTQK t=3125542920000 ard=992 ardb=396 qa=33760 ka=49248
ATTO t=3125643560000 h=3 q=172 z=16 acc=2752 dest=82912
MV0 t=3125854680000 ly=0 ten_o=5 acc=0 dest=81920
MV0 t=3131107800000 ly=0 ten_o=5 acc=0 dest=82048
MV0 t=3136360920000 ly=0 ten_o=5 acc=0 dest=82176
MV0 t=3141614040000 ly=0 ten_o=5 acc=0 dest=82304
MV0 t=3146867160000 ly=0 ten_o=5 acc=0 dest=82432
MV0 t=3152120280000 ly=0 ten_o=5 acc=0 dest=82560
MV0 t=3157373400000 ly=0 ten_o=5 acc=0 dest=82688
MV0 t=3162626520000 ly=0 ten_o=5 acc=0 dest=82816
ADD t=3167879560000 ly=0 ten=0 ard=3 ardb=20096
ADD t=3167910280000 ly=0 ten=0 ard=-5 ardb=18096
ADD t=3167941000000 ly=0 ten=0 ard=-8 ardb=-10724
ADD t=3167971720000 ly=0 ten=0 ard=-7 ardb=-2364
ADD t=3168002440000 ly=0 ten=0 ard=3 ardb=1480
ADD t=3168033160000 ly=0 ten=0 ard=5 ardb=20828
ADD t=3168063880000 ly=0 ten=0 ard=-2 ardb=17120
ADD t=3168094600000 ly=0 ten=0 ard=-3 ardb=-32768
LNV t=3168201080000 acc=73821434242 var=1153459910 mu=1723
LNO t=3168211240000 ly=0 ten=6 ard=20099 mu=1723 sc=24015 q=12
LNV t=3168846040000 acc=65642080718 var=1025657511 mu=414
LNO t=3168856200000 ly=0 ten=6 ard=18091 mu=414 sc=22645 q=12
LNV t=3169491000000 acc=73098331385 var=1142161427 mu=3046
LNO t=3169501160000 ly=0 ten=6 ard=-10732 mu=3046 sc=23897 q=-10
LNV t=3170135960000 acc=70208617281 var=1097009645 mu=-772
LNO t=3170146120000 ly=0 ten=6 ard=-2371 mu=-772 sc=23420 q=-2
LNV t=3170780920000 acc=58176861179 var=909013455 mu=456
LNO t=3170791080000 ly=0 ten=6 ard=1483 mu=456 sc=21319 q=0
LNV t=3171425880000 acc=69001615771 var=1078150246 mu=3770
LNO t=3171436040000 ly=0 ten=6 ard=20833 mu=3770 sc=23217 q=11
LNV t=3172070840000 acc=65767414177 var=1027615846 mu=-4158
LNO t=3172081000000 ly=0 ten=6 ard=17118 mu=-4158 sc=22667 q=15
LNV t=3172715800000 acc=65652014738 var=1025812730 mu=-581
LNO t=3172725960000 ly=0 ten=6 ard=-32768 mu=-581 sc=22647 q=-23
MV0 t=3173285080000 ly=0 ten_o=0 acc=0 dest=0
MV0 t=3183791320000 ly=0 ten_o=0 acc=0 dest=128
MV0 t=3194297560000 ly=0 ten_o=0 acc=0 dest=256
MV0 t=3204803800000 ly=0 ten_o=0 acc=0 dest=384
MV0 t=3215310040000 ly=0 ten_o=0 acc=0 dest=512
MV0 t=3225816280000 ly=0 ten_o=0 acc=0 dest=640
MV0 t=3236322520000 ly=0 ten_o=0 acc=0 dest=768
MV0 t=3246828760000 ly=0 ten_o=0 acc=0 dest=896
MV0 t=3257335000000 ly=0 ten_o=6 acc=0 dest=98304
MV0 t=3267831000000 ly=0 ten_o=6 acc=0 dest=98432
MV0 t=3278327000000 ly=0 ten_o=6 acc=0 dest=98560
MV0 t=3288823000000 ly=0 ten_o=6 acc=0 dest=98688
MV0 t=3299319000000 ly=0 ten_o=6 acc=0 dest=98816
MV0 t=3309815000000 ly=0 ten_o=6 acc=0 dest=98944
MV0 t=3320311000000 ly=0 ten_o=6 acc=0 dest=99072
MV0 t=3330807000000 ly=0 ten_o=6 acc=0 dest=99200
ADD t=3341302920000 ly=0 ten=1 ard=20099 ardb=-5145
ADD t=3341333640000 ly=0 ten=1 ard=18091 ardb=30356
ADD t=3341364360000 ly=0 ten=1 ard=-10732 ardb=5318
ADD t=3341395080000 ly=0 ten=1 ard=-2371 ardb=32767
ADD t=3341425800000 ly=0 ten=1 ard=1483 ardb=32767
ADD t=3341456520000 ly=0 ten=1 ard=20833 ardb=-7866
ADD t=3341487240000 ly=0 ten=1 ard=17118 ardb=24301
ADD t=3341517960000 ly=0 ten=1 ard=-32768 ardb=24065
LNV t=3341624440000 acc=75939756812 var=1186558700 mu=1355
LNO t=3341634600000 ly=1 ten=0 ard=14954 mu=1355 sc=24357 q=8
LNV t=3342269400000 acc=76666657731 var=1197916527 mu=-30
LNO t=3342279560000 ly=1 ten=0 ard=32767 mu=-30 sc=24473 q=21
LNV t=3342914360000 acc=75109785164 var=1173590393 mu=3499
LNO t=3342924520000 ly=1 ten=0 ard=-5414 mu=3499 sc=24223 q=-6
LNV t=3343559320000 acc=76683848155 var=1198185127 mu=-195
LNO t=3343569480000 ly=1 ten=0 ard=30396 mu=-195 sc=24476 q=19
LNV t=3344204280000 acc=67268450165 var=1051069533 mu=2091
LNO t=3344214440000 ly=1 ten=0 ard=32767 mu=2091 sc=22924 q=21
LNV t=3344849240000 acc=71914032192 var=1123656753 mu=3258
LNO t=3344859400000 ly=1 ten=0 ard=12967 mu=3258 sc=23702 q=6
LNV t=3345494200000 acc=69761337525 var=1090020898 mu=-1645
LNO t=3345504360000 ly=1 ten=0 ard=32767 mu=-1645 sc=23345 q=23
LNV t=3346139160000 acc=74087395276 var=1157615551 mu=187
LNO t=3346149320000 ly=1 ten=0 ard=-8703 mu=187 sc=24058 q=-6
MV0 t=3346708440000 ly=1 ten_o=2 acc=0 dest=32768
MV0 t=3351961560000 ly=1 ten_o=2 acc=0 dest=32896
MV0 t=3357214680000 ly=1 ten_o=2 acc=0 dest=33024
MV0 t=3362467800000 ly=1 ten_o=2 acc=0 dest=33152
MV0 t=3367720920000 ly=1 ten_o=2 acc=0 dest=33280
MV0 t=3372974040000 ly=1 ten_o=2 acc=0 dest=33408
MV0 t=3378227160000 ly=1 ten_o=2 acc=0 dest=33536
MV0 t=3383480280000 ly=1 ten_o=2 acc=0 dest=33664
MV0 t=3388733400000 ly=1 ten_o=3 acc=0 dest=49152
MV0 t=3393986520000 ly=1 ten_o=3 acc=0 dest=49280
MV0 t=3399239640000 ly=1 ten_o=3 acc=0 dest=49408
MV0 t=3404492760000 ly=1 ten_o=3 acc=0 dest=49536
MV0 t=3409745880000 ly=1 ten_o=3 acc=0 dest=49664
MV0 t=3414999000000 ly=1 ten_o=3 acc=0 dest=49792
MV0 t=3420252120000 ly=1 ten_o=3 acc=0 dest=49920
MV0 t=3425505240000 ly=1 ten_o=3 acc=0 dest=50048
MV0 t=3430758360000 ly=1 ten_o=4 acc=0 dest=65536
MV0 t=3436011480000 ly=1 ten_o=4 acc=0 dest=65664
MV0 t=3441264600000 ly=1 ten_o=4 acc=0 dest=65792
MV0 t=3446517720000 ly=1 ten_o=4 acc=0 dest=65920
MV0 t=3451770840000 ly=1 ten_o=4 acc=0 dest=66048
MV0 t=3457023960000 ly=1 ten_o=4 acc=0 dest=66176
MV0 t=3462277080000 ly=1 ten_o=4 acc=0 dest=66304
MV0 t=3467530200000 ly=1 ten_o=4 acc=0 dest=66432
ATTQK t=3472783240000 ard=-269 ardb=-212 qa=32768 ka=49152
ATTO t=3472808280000 h=0 q=718 z=16 acc=11488 dest=81920
ATTQK t=3472949880000 ard=-773 ardb=277 qa=32800 ka=49184
ATTO t=3472974920000 h=1 q=-369 z=16 acc=-5904 dest=81952
ATTQK t=3473116520000 ard=-371 ardb=228 qa=32832 ka=49216
ATTO t=3473141560000 h=2 q=-707 z=16 acc=-11312 dest=81984
ATTQK t=3473283160000 ard=591 ardb=-340 qa=32864 ka=49248
ATTO t=3473308200000 h=3 q=548 z=16 acc=8768 dest=82016
ATTQK t=3473449800000 ard=-801 ardb=-212 qa=32896 ka=49152
ATTO t=3473485640000 h=0 q=718 z=16 acc=11488 dest=82048
ATTQK t=3473637160000 ard=21 ardb=277 qa=32928 ka=49184
ATTO t=3473673000000 h=1 q=-369 z=16 acc=-5904 dest=82080
ATTQK t=3473824520000 ard=194 ardb=228 qa=32960 ka=49216
ATTO t=3473860360000 h=2 q=-1003 z=16 acc=-16048 dest=82112
ATTQK t=3474011880000 ard=602 ardb=-340 qa=32992 ka=49248
ATTO t=3474047720000 h=3 q=1024 z=16 acc=16384 dest=82144
ATTQK t=3474199240000 ard=-153 ardb=-212 qa=33024 ka=49152
ATTO t=3474245880000 h=0 q=400 z=16 acc=6400 dest=82176
ATTQK t=3474407320000 ard=239 ardb=277 qa=33056 ka=49184
ATTO t=3474453960000 h=1 q=-369 z=16 acc=-5904 dest=82208
ATTQK t=3474615400000 ard=527 ardb=228 qa=33088 ka=49216
ATTO t=3474662040000 h=2 q=-1003 z=16 acc=-16048 dest=82240
ATTQK t=3474823480000 ard=486 ardb=-340 qa=33120 ka=49248
ATTO t=3474870120000 h=3 q=1024 z=16 acc=16384 dest=82272
ATTQK t=3475031560000 ard=-313 ardb=-212 qa=33152 ka=49152
ATTO t=3475089000000 h=0 q=718 z=16 acc=11488 dest=82304
ATTQK t=3475260360000 ard=736 ardb=277 qa=33184 ka=49184
ATTO t=3475317800000 h=1 q=-382 z=16 acc=-6112 dest=82336
ATTQK t=3475489160000 ard=-591 ardb=228 qa=33216 ka=49216
ATTO t=3475546600000 h=2 q=-1003 z=16 acc=-16048 dest=82368
ATTQK t=3475717960000 ard=-474 ardb=-340 qa=33248 ka=49248
ATTO t=3475775400000 h=3 q=-106 z=16 acc=-1696 dest=82400
ATTQK t=3475946760000 ard=398 ardb=-212 qa=33280 ka=49152
ATTO t=3476015000000 h=0 q=400 z=16 acc=6400 dest=82432
ATTQK t=3476196280000 ard=97 ardb=277 qa=33312 ka=49184
ATTO t=3476264520000 h=1 q=72 z=16 acc=1152 dest=82464
ATTQK t=3476445800000 ard=229 ardb=228 qa=33344 ka=49216
ATTO t=3476514040000 h=2 q=-1003 z=16 acc=-16048 dest=82496
ATTQK t=3476695320000 ard=-164 ardb=-340 qa=33376 ka=49248
ATTO t=3476763560000 h=3 q=48 z=16 acc=768 dest=82528
ATTQK t=3476944840000 ard=-510 ardb=-212 qa=33408 ka=49152
ATTO t=3477023880000 h=0 q=-693 z=16 acc=-11088 dest=82560
ATTQK t=3477215080000 ard=-411 ardb=277 qa=33440 ka=49184
ATTO t=3477294120000 h=1 q=-382 z=16 acc=-6112 dest=82592
ATTQK t=3477485320000 ard=-612 ardb=228 qa=33472 ka=49216
ATTO t=3477564360000 h=2 q=-1003 z=16 acc=-16048 dest=82624
ATTQK t=3477755560000 ard=120 ardb=-340 qa=33504 ka=49248
ATTO t=3477834600000 h=3 q=48 z=16 acc=768 dest=82656
ATTQK t=3478025800000 ard=-537 ardb=-212 qa=33536 ka=49152
ATTO t=3478115640000 h=0 q=-52 z=16 acc=-832 dest=82688
ATTQK t=3478316760000 ard=-280 ardb=277 qa=33568 ka=49184
ATTO t=3478406600000 h=1 q=-647 z=16 acc=-10352 dest=82720
ATTQK t=3478607720000 ard=299 ardb=228 qa=33600 ka=49216
ATTO t=3478697560000 h=2 q=-1003 z=16 acc=-16048 dest=82752
ATTQK t=3478898680000 ard=-695 ardb=-340 qa=33632 ka=49248
ATTO t=3478988520000 h=3 q=-545 z=16 acc=-8720 dest=82784
ATTQK t=3479189640000 ard=-233 ardb=-212 qa=33664 ka=49152
ATTO t=3479290280000 h=0 q=818 z=16 acc=13088 dest=82816
ATTQK t=3479501320000 ard=-682 ardb=277 qa=33696 ka=49184
ATTO t=3479601960000 h=1 q=72 z=16 acc=1152 dest=82848
ATTQK t=3479813000000 ard=-849 ardb=228 qa=33728 ka=49216
ATTO t=3479913640000 h=2 q=-1064 z=16 acc=-17024 dest=82880
ATTQK t=3480124680000 ard=2391 ardb=-340 qa=33760 ka=49248
ATTO t=3480225320000 h=3 q=-106 z=16 acc=-1696 dest=82912
MV0 t=3480436440000 ly=1 ten_o=5 acc=0 dest=81920
MV0 t=3485689560000 ly=1 ten_o=5 acc=0 dest=82048
MV0 t=3490942680000 ly=1 ten_o=5 acc=0 dest=82176
MV0 t=3496195800000 ly=1 ten_o=5 acc=0 dest=82304
MV0 t=3501448920000 ly=1 ten_o=5 acc=0 dest=82432
MV0 t=3506702040000 ly=1 ten_o=5 acc=0 dest=82560
MV0 t=3511955160000 ly=1 ten_o=5 acc=0 dest=82688
MV0 t=3517208280000 ly=1 ten_o=5 acc=0 dest=82816
ADD t=3522461320000 ly=1 ten=0 ard=14954 ardb=21423
ADD t=3522492040000 ly=1 ten=0 ard=32767 ardb=14234
ADD t=3522522760000 ly=1 ten=0 ard=-5414 ardb=1614
ADD t=3522553480000 ly=1 ten=0 ard=30396 ardb=9586
ADD t=3522584200000 ly=1 ten=0 ard=32767 ardb=-19740
ADD t=3522614920000 ly=1 ten=0 ard=12967 ardb=19355
ADD t=3522645640000 ly=1 ten=0 ard=32767 ardb=-3454
ADD t=3522676360000 ly=1 ten=0 ard=-8703 ardb=-19981
LNV t=3522782840000 acc=70286214699 var=1098222104 mu=1242
LNO t=3522793000000 ly=1 ten=6 ard=32767 mu=1242 sc=23433 q=21
LNV t=3523427800000 acc=76666578362 var=1197915286 mu=67
LNO t=3523437960000 ly=1 ten=6 ard=32767 mu=67 sc=24473 q=21
LNV t=3524072760000 acc=74213467165 var=1159585424 mu=1748
LNO t=3524082920000 ly=1 ten=6 ard=-3800 mu=1748 sc=24078 q=-4
LNV t=3524717720000 acc=75798346398 var=1184349162 mu=1251
LNO t=3524727880000 ly=1 ten=6 ard=32767 mu=1251 sc=24334 q=20
LNV t=3525362680000 acc=77473227153 var=1210519174 mu=2194
LNO t=3525372840000 ly=1 ten=6 ard=13027 mu=2194 sc=24602 q=7
LNV t=3526007640000 acc=68973530021 var=1077711406 mu=1696
LNO t=3526017800000 ly=1 ten=6 ard=32322 mu=1696 sc=23213 q=21
LNV t=3526652600000 acc=77204085518 var=1206313836 mu=-1550
LNO t=3526662760000 ly=1 ten=6 ard=29313 mu=-1550 sc=24559 q=20
LNV t=3527297560000 acc=73759374565 var=1152490227 mu=-212
LNO t=3527307720000 ly=1 ten=6 ard=-28684 mu=-212 sc=24005 q=-19
MV0 t=3527866840000 ly=1 ten_o=0 acc=0 dest=0
MV0 t=3538373080000 ly=1 ten_o=0 acc=0 dest=128
MV0 t=3548879320000 ly=1 ten_o=0 acc=0 dest=256
MV0 t=3559385560000 ly=1 ten_o=0 acc=0 dest=384
MV0 t=3569891800000 ly=1 ten_o=0 acc=0 dest=512
MV0 t=3580398040000 ly=1 ten_o=0 acc=0 dest=640
MV0 t=3590904280000 ly=1 ten_o=0 acc=0 dest=768
MV0 t=3601410520000 ly=1 ten_o=0 acc=0 dest=896
MV0 t=3611916760000 ly=1 ten_o=6 acc=0 dest=98304
MV0 t=3622412760000 ly=1 ten_o=6 acc=0 dest=98432
MV0 t=3632908760000 ly=1 ten_o=6 acc=0 dest=98560
MV0 t=3643404760000 ly=1 ten_o=6 acc=0 dest=98688
MV0 t=3653900760000 ly=1 ten_o=6 acc=0 dest=98816
MV0 t=3664396760000 ly=1 ten_o=6 acc=0 dest=98944
MV0 t=3674892760000 ly=1 ten_o=6 acc=0 dest=99072
MV0 t=3685388760000 ly=1 ten_o=6 acc=0 dest=99200
ADD t=3695884680000 ly=1 ten=1 ard=32767 ardb=-797
ADD t=3695915400000 ly=1 ten=1 ard=32767 ardb=9412
ADD t=3695946120000 ly=1 ten=1 ard=-3800 ardb=-14844
ADD t=3695976840000 ly=1 ten=1 ard=32767 ardb=-9401
ADD t=3696007560000 ly=1 ten=1 ard=13027 ardb=-32768
ADD t=3696038280000 ly=1 ten=1 ard=32322 ardb=-23556
ADD t=3696069000000 ly=1 ten=1 ard=29313 ardb=-15102
ADD t=3696099720000 ly=1 ten=1 ard=-28684 ardb=-25066
LNV t=3696206200000 acc=71682023949 var=1120031624 mu=1876
LNO t=3696216360000 ly=2 ten=0 ard=31970 mu=1876 sc=23664 q=20
LNV t=3696851160000 acc=74073404430 var=1157396944 mu=728
LNO t=3696861320000 ly=2 ten=0 ard=32767 mu=728 sc=24056 q=21
LNV t=3697496120000 acc=72383509596 var=1130992337 mu=896
LNO t=3697506280000 ly=2 ten=0 ard=-18644 mu=896 sc=23780 q=-14
LNV t=3698141080000 acc=74550537972 var=1164852155 mu=13
LNO t=3698151240000 ly=2 ten=0 ard=23366 mu=13 sc=24133 q=15
LNV t=3698786040000 acc=69373783625 var=1083965369 mu=2909
LNO t=3698796200000 ly=2 ten=0 ard=-19741 mu=2909 sc=23280 q=-16
LNV t=3699431000000 acc=77800096194 var=1215626503 mu=414
LNO t=3699441160000 ly=2 ten=0 ard=8766 mu=414 sc=24653 q=5
LNV t=3700075960000 acc=70285848829 var=1098216387 mu=-1118
LNO t=3700086120000 ly=2 ten=0 ard=14211 mu=-1118 sc=23433 q=10
LNV t=3700720920000 acc=71249194607 var=1113268665 mu=859
LNO t=3700731080000 ly=2 ten=0 ard=-32768 mu=859 sc=23593 q=-23
MV0 t=3701290200000 ly=2 ten_o=2 acc=0 dest=32768
MV0 t=3706543320000 ly=2 ten_o=2 acc=0 dest=32896
MV0 t=3711796440000 ly=2 ten_o=2 acc=0 dest=33024
MV0 t=3717049560000 ly=2 ten_o=2 acc=0 dest=33152
MV0 t=3722302680000 ly=2 ten_o=2 acc=0 dest=33280
MV0 t=3727555800000 ly=2 ten_o=2 acc=0 dest=33408
MV0 t=3732808920000 ly=2 ten_o=2 acc=0 dest=33536
MV0 t=3738062040000 ly=2 ten_o=2 acc=0 dest=33664
MV0 t=3743315160000 ly=2 ten_o=3 acc=0 dest=49152
MV0 t=3748568280000 ly=2 ten_o=3 acc=0 dest=49280
MV0 t=3753821400000 ly=2 ten_o=3 acc=0 dest=49408
MV0 t=3759074520000 ly=2 ten_o=3 acc=0 dest=49536
MV0 t=3764327640000 ly=2 ten_o=3 acc=0 dest=49664
MV0 t=3769580760000 ly=2 ten_o=3 acc=0 dest=49792
MV0 t=3774833880000 ly=2 ten_o=3 acc=0 dest=49920
MV0 t=3780087000000 ly=2 ten_o=3 acc=0 dest=50048
MV0 t=3785340120000 ly=2 ten_o=4 acc=0 dest=65536
MV0 t=3790593240000 ly=2 ten_o=4 acc=0 dest=65664
MV0 t=3795846360000 ly=2 ten_o=4 acc=0 dest=65792
MV0 t=3801099480000 ly=2 ten_o=4 acc=0 dest=65920
MV0 t=3806352600000 ly=2 ten_o=4 acc=0 dest=66048
MV0 t=3811605720000 ly=2 ten_o=4 acc=0 dest=66176
MV0 t=3816858840000 ly=2 ten_o=4 acc=0 dest=66304
MV0 t=3822111960000 ly=2 ten_o=4 acc=0 dest=66432
ATTQK t=3827365000000 ard=-289 ardb=1385 qa=32768 ka=49152
ATTO t=3827390040000 h=0 q=-342 z=16 acc=-5472 dest=81920
ATTQK t=3827531640000 ard=282 ardb=-632 qa=32800 ka=49184
ATTO t=3827556680000 h=1 q=-617 z=16 acc=-9872 dest=81952
ATTQK t=3827698280000 ard=399 ardb=465 qa=32832 ka=49216
ATTO t=3827723320000 h=2 q=423 z=16 acc=6768 dest=81984
ATTQK t=3827864920000 ard=-56 ardb=511 qa=32864 ka=49248
ATTO t=3827889960000 h=3 q=-769 z=16 acc=-12304 dest=82016
ATTQK t=3828031560000 ard=-1314 ardb=1385 qa=32896 ka=49152
ATTO t=3828067400000 h=0 q=-420 z=16 acc=-6720 dest=82048
ATTQK t=3828218920000 ard=195 ardb=-632 qa=32928 ka=49184
ATTO t=3828254760000 h=1 q=-670 z=16 acc=-10720 dest=82080
ATTQK t=3828406280000 ard=0 ardb=465 qa=32960 ka=49216
ATTO t=3828442120000 h=2 q=423 z=16 acc=6768 dest=82112
ATTQK t=3828593640000 ard=134 ardb=511 qa=32992 ka=49248
ATTO t=3828629480000 h=3 q=-829 z=16 acc=-13264 dest=82144
ATTQK t=3828781000000 ard=-436 ardb=1385 qa=33024 ka=49152
ATTO t=3828827640000 h=0 q=202 z=16 acc=3232 dest=82176
ATTQK t=3828989080000 ard=171 ardb=-632 qa=33056 ka=49184
ATTO t=3829035720000 h=1 q=-670 z=16 acc=-10720 dest=82208
ATTQK t=3829197160000 ard=1294 ardb=465 qa=33088 ka=49216
ATTO t=3829243800000 h=2 q=423 z=16 acc=6768 dest=82240
ATTQK t=3829405240000 ard=298 ardb=511 qa=33120 ka=49248
ATTO t=3829451880000 h=3 q=-415 z=16 acc=-6640 dest=82272
ATTQK t=3829613320000 ard=-1139 ardb=1385 qa=33152 ka=49152
ATTO t=3829670760000 h=0 q=-420 z=16 acc=-6720 dest=82304
ATTQK t=3829842120000 ard=634 ardb=-632 qa=33184 ka=49184
ATTO t=3829899560000 h=1 q=-670 z=16 acc=-10720 dest=82336
ATTQK t=3830070920000 ard=-323 ardb=465 qa=33216 ka=49216
ATTO t=3830128360000 h=2 q=328 z=16 acc=5248 dest=82368
ATTQK t=3830299720000 ard=181 ardb=511 qa=33248 ka=49248
ATTO t=3830357160000 h=3 q=52 z=16 acc=832 dest=82400
ATTQK t=3830528520000 ard=-865 ardb=1385 qa=33280 ka=49152
ATTO t=3830596760000 h=0 q=202 z=16 acc=3232 dest=82432
ATTQK t=3830778040000 ard=-614 ardb=-632 qa=33312 ka=49184
ATTO t=3830846280000 h=1 q=-617 z=16 acc=-9872 dest=82464
ATTQK t=3831027560000 ard=1359 ardb=465 qa=33344 ka=49216
ATTO t=3831095800000 h=2 q=423 z=16 acc=6768 dest=82496
ATTQK t=3831277080000 ard=645 ardb=511 qa=33376 ka=49248
ATTO t=3831345320000 h=3 q=-463 z=16 acc=-7408 dest=82528
ATTQK t=3831526600000 ard=-671 ardb=1385 qa=33408 ka=49152
ATTO t=3831605640000 h=0 q=-968 z=16 acc=-15488 dest=82560
ATTQK t=3831796840000 ard=-517 ardb=-632 qa=33440 ka=49184
ATTO t=3831875880000 h=1 q=-124 z=16 acc=-1984 dest=82592
ATTQK t=3832067080000 ard=1071 ardb=465 qa=33472 ka=49216
ATTO t=3832146120000 h=2 q=-329 z=16 acc=-5264 dest=82624
ATTQK t=3832337320000 ard=770 ardb=511 qa=33504 ka=49248
ATTO t=3832416360000 h=3 q=103 z=16 acc=1648 dest=82656
ATTQK t=3832607560000 ard=-76 ardb=1385 qa=33536 ka=49152
ATTO t=3832697400000 h=0 q=-342 z=16 acc=-5472 dest=82688
ATTQK t=3832898520000 ard=-417 ardb=-632 qa=33568 ka=49184
ATTO t=3832988360000 h=1 q=-770 z=16 acc=-12320 dest=82720
ATTQK t=3833189480000 ard=996 ardb=465 qa=33600 ka=49216
ATTO t=3833279320000 h=2 q=423 z=16 acc=6768 dest=82752
ATTQK t=3833480440000 ard=509 ardb=511 qa=33632 ka=49248
ATTO t=3833570280000 h=3 q=-415 z=16 acc=-6640 dest=82784
ATTQK t=3833771400000 ard=-1670 ardb=1385 qa=33664 ka=49152
ATTO t=3833872040000 h=0 q=622 z=16 acc=9952 dest=82816
ATTQK t=3834083080000 ard=466 ardb=-632 qa=33696 ka=49184
ATTO t=3834183720000 h=1 q=-570 z=16 acc=-9120 dest=82848
ATTQK t=3834394760000 ard=757 ardb=465 qa=33728 ka=49216
ATTO t=3834495400000 h=2 q=-329 z=16 acc=-5264 dest=82880
ATTQK t=3834706440000 ard=-803 ardb=511 qa=33760 ka=49248
ATTO t=3834807080000 h=3 q=87 z=16 acc=1392 dest=82912
MV0 t=3835018200000 ly=2 ten_o=5 acc=0 dest=81920
MV0 t=3840271320000 ly=2 ten_o=5 acc=0 dest=82048
MV0 t=3845524440000 ly=2 ten_o=5 acc=0 dest=82176
MV0 t=3850777560000 ly=2 ten_o=5 acc=0 dest=82304
MV0 t=3856030680000 ly=2 ten_o=5 acc=0 dest=82432
MV0 t=3861283800000 ly=2 ten_o=5 acc=0 dest=82560
MV0 t=3866536920000 ly=2 ten_o=5 acc=0 dest=82688
MV0 t=3871790040000 ly=2 ten_o=5 acc=0 dest=82816
ADD t=3877043080000 ly=2 ten=0 ard=31970 ardb=32767
ADD t=3877073800000 ly=2 ten=0 ard=32767 ardb=632
ADD t=3877104520000 ly=2 ten=0 ard=-18644 ardb=32767
ADD t=3877135240000 ly=2 ten=0 ard=23366 ardb=28301
ADD t=3877165960000 ly=2 ten=0 ard=-19741 ardb=32767
ADD t=3877196680000 ly=2 ten=0 ard=8766 ardb=24301
ADD t=3877227400000 ly=2 ten=0 ard=14211 ardb=32767
ADD t=3877258120000 ly=2 ten=0 ard=-32768 ardb=27601
LNV t=3877364600000 acc=75753038852 var=1183641232 mu=2222
LNO t=3877374760000 ly=2 ten=6 ard=32767 mu=2222 sc=24327 q=20
LNV t=3878009560000 acc=74844441718 var=1169444401 mu=923
LNO t=3878019720000 ly=2 ten=6 ard=32767 mu=923 sc=24181 q=21
LNV t=3878654520000 acc=82338389668 var=1286537338 mu=634
LNO t=3878664680000 ly=2 ten=6 ard=14123 mu=634 sc=25362 q=8
LNV t=3879299480000 acc=80354355981 var=1255536812 mu=-274
LNO t=3879309640000 ly=2 ten=6 ard=32767 mu=-274 sc=25055 q=21
LNV t=3879944440000 acc=79622669960 var=1244104218 mu=1902
LNO t=3879954600000 ly=2 ten=6 ard=13026 mu=1902 sc=24940 q=7
LNV t=3880589400000 acc=80149457744 var=1252335277 mu=-252
LNO t=3880599560000 ly=2 ten=6 ard=32767 mu=-252 sc=25023 q=21
LNV t=3881234360000 acc=81645571831 var=1275712059 mu=-986
LNO t=3881244520000 ly=2 ten=6 ard=32767 mu=-986 sc=25255 q=21
LNV t=3881879320000 acc=73098048635 var=1142157009 mu=-627
LNO t=3881889480000 ly=2 ten=6 ard=-5167 mu=-627 sc=23897 q=-4
MV0 t=3882448600000 ly=2 ten_o=0 acc=0 dest=0
MV0 t=3892954840000 ly=2 ten_o=0 acc=0 dest=128
MV0 t=3903461080000 ly=2 ten_o=0 acc=0 dest=256
MV0 t=3913967320000 ly=2 ten_o=0 acc=0 dest=384
MV0 t=3924473560000 ly=2 ten_o=0 acc=0 dest=512
MV0 t=3934979800000 ly=2 ten_o=0 acc=0 dest=640
MV0 t=3945486040000 ly=2 ten_o=0 acc=0 dest=768
MV0 t=3955992280000 ly=2 ten_o=0 acc=0 dest=896
MV0 t=3966498520000 ly=2 ten_o=6 acc=0 dest=98304
MV0 t=3976994520000 ly=2 ten_o=6 acc=0 dest=98432
MV0 t=3987490520000 ly=2 ten_o=6 acc=0 dest=98560
MV0 t=3997986520000 ly=2 ten_o=6 acc=0 dest=98688
MV0 t=4008482520000 ly=2 ten_o=6 acc=0 dest=98816
MV0 t=4018978520000 ly=2 ten_o=6 acc=0 dest=98944
MV0 t=4029474520000 ly=2 ten_o=6 acc=0 dest=99072
MV0 t=4039970520000 ly=2 ten_o=6 acc=0 dest=99200
ADD t=4050466440000 ly=2 ten=1 ard=32767 ardb=-32768
ADD t=4050497160000 ly=2 ten=1 ard=32767 ardb=-32768
ADD t=4050527880000 ly=2 ten=1 ard=14123 ardb=-32768
ADD t=4050558600000 ly=2 ten=1 ard=32767 ardb=-16565
ADD t=4050589320000 ly=2 ten=1 ard=13026 ardb=-32768
ADD t=4050620040000 ly=2 ten=1 ard=32767 ardb=14443
ADD t=4050650760000 ly=2 ten=1 ard=32767 ardb=-15896
ADD t=4050681480000 ly=2 ten=1 ard=-5167 ardb=-20675
LNV t=4050787960000 acc=83668050031 var=1307313281 mu=222
LNO t=4050798120000 ly=3 ten=0 ard=-1 mu=222 sc=25566 q=-1
LNV t=4051432920000 acc=81172182600 var=1268315353 mu=2970
LNO t=4051443080000 ly=3 ten=0 ard=-1 mu=2970 sc=25182 q=-2
LNV t=4052077880000 acc=73683631144 var=1151306736 mu=-435
LNO t=4052088040000 ly=3 ten=0 ard=-18645 mu=-435 sc=23992 q=-13
LNV t=4052722840000 acc=77708207342 var=1214190739 mu=-1263
LNO t=4052733000000 ly=3 ten=0 ard=16202 mu=-1263 sc=24639 q=11
LNV t=4053367800000 acc=67887767925 var=1060746373 mu=1533
LNO t=4053377960000 ly=3 ten=0 ard=-19742 mu=1533 sc=23029 q=-15
LNV t=4054012760000 acc=78780254635 var=1230941478 mu=-423
LNO t=4054022920000 ly=3 ten=0 ard=32767 mu=-423 sc=24808 q=21
LNV t=4054657720000 acc=82779552915 var=1293430514 mu=-471
LNO t=4054667880000 ly=3 ten=0 ard=16871 mu=-471 sc=25430 q=10
LNV t=4055302680000 acc=72172563319 var=1127696301 mu=873
LNO t=4055312840000 ly=3 ten=0 ard=-25842 mu=873 sc=23745 q=-19
MV0 t=4055871960000 ly=3 ten_o=2 acc=0 dest=32768
MV0 t=4061125080000 ly=3 ten_o=2 acc=0 dest=32896
MV0 t=4066378200000 ly=3 ten_o=2 acc=0 dest=33024
MV0 t=4071631320000 ly=3 ten_o=2 acc=0 dest=33152
MV0 t=4076884440000 ly=3 ten_o=2 acc=0 dest=33280
MV0 t=4082137560000 ly=3 ten_o=2 acc=0 dest=33408
MV0 t=4087390680000 ly=3 ten_o=2 acc=0 dest=33536
MV0 t=4092643800000 ly=3 ten_o=2 acc=0 dest=33664
MV0 t=4097896920000 ly=3 ten_o=3 acc=0 dest=49152
MV0 t=4103150040000 ly=3 ten_o=3 acc=0 dest=49280
MV0 t=4108403160000 ly=3 ten_o=3 acc=0 dest=49408
MV0 t=4113656280000 ly=3 ten_o=3 acc=0 dest=49536
MV0 t=4118909400000 ly=3 ten_o=3 acc=0 dest=49664
MV0 t=4124162520000 ly=3 ten_o=3 acc=0 dest=49792
MV0 t=4129415640000 ly=3 ten_o=3 acc=0 dest=49920
MV0 t=4134668760000 ly=3 ten_o=3 acc=0 dest=50048
MV0 t=4139921880000 ly=3 ten_o=4 acc=0 dest=65536
MV0 t=4145175000000 ly=3 ten_o=4 acc=0 dest=65664
MV0 t=4150428120000 ly=3 ten_o=4 acc=0 dest=65792
MV0 t=4155681240000 ly=3 ten_o=4 acc=0 dest=65920
MV0 t=4160934360000 ly=3 ten_o=4 acc=0 dest=66048
MV0 t=4166187480000 ly=3 ten_o=4 acc=0 dest=66176
MV0 t=4171440600000 ly=3 ten_o=4 acc=0 dest=66304
MV0 t=4176693720000 ly=3 ten_o=4 acc=0 dest=66432
ATTQK t=4181946760000 ard=-371 ardb=-684 qa=32768 ka=49152
ATTO t=4181971800000 h=0 q=1087 z=16 acc=17392 dest=81920
ATTQK t=4182113400000 ard=338 ardb=-296 qa=32800 ka=49184
ATTO t=4182138440000 h=1 q=556 z=16 acc=8896 dest=81952
ATTQK t=4182280040000 ard=-116 ardb=-413 qa=32832 ka=49216
ATTO t=4182305080000 h=2 q=1038 z=16 acc=16608 dest=81984
ATTQK t=4182446680000 ard=-239 ardb=810 qa=32864 ka=49248
ATTO t=4182471720000 h=3 q=532 z=16 acc=8512 dest=82016
ATTQK t=4182613320000 ard=340 ardb=-684 qa=32896 ka=49152
ATTO t=4182649160000 h=0 q=1087 z=16 acc=17392 dest=82048
ATTQK t=4182800680000 ard=661 ardb=-296 qa=32928 ka=49184
ATTO t=4182836520000 h=1 q=556 z=16 acc=8896 dest=82080
ATTQK t=4182988040000 ard=-201 ardb=-413 qa=32960 ka=49216
ATTO t=4183023880000 h=2 q=-587 z=16 acc=-9392 dest=82112
ATTQK t=4183175400000 ard=36 ardb=810 qa=32992 ka=49248
ATTO t=4183211240000 h=3 q=-781 z=16 acc=-12496 dest=82144
ATTQK t=4183362760000 ard=-462 ardb=-684 qa=33024 ka=49152
ATTO t=4183409400000 h=0 q=547 z=16 acc=8752 dest=82176
ATTQK t=4183570840000 ard=-460 ardb=-296 qa=33056 ka=49184
ATTO t=4183617480000 h=1 q=1288 z=16 acc=20608 dest=82208
ATTQK t=4183778920000 ard=-122 ardb=-413 qa=33088 ka=49216
ATTO t=4183825560000 h=2 q=-587 z=16 acc=-9392 dest=82240
ATTQK t=4183987000000 ard=1024 ardb=810 qa=33120 ka=49248
ATTO t=4184033640000 h=3 q=-781 z=16 acc=-12496 dest=82272
ATTQK t=4184195080000 ard=-876 ardb=-684 qa=33152 ka=49152
ATTO t=4184252520000 h=0 q=627 z=16 acc=10032 dest=82304
ATTQK t=4184423880000 ard=449 ardb=-296 qa=33184 ka=49184
ATTO t=4184481320000 h=1 q=806 z=16 acc=12896 dest=82336
ATTQK t=4184652680000 ard=770 ardb=-413 qa=33216 ka=49216
ATTO t=4184710120000 h=2 q=-102 z=16 acc=-1632 dest=82368
ATTQK t=4184881480000 ard=915 ardb=810 qa=33248 ka=49248
ATTO t=4184938920000 h=3 q=-315 z=16 acc=-5040 dest=82400
ATTQK t=4185110280000 ard=-30 ardb=-684 qa=33280 ka=49152
ATTO t=4185178520000 h=0 q=907 z=16 acc=14512 dest=82432
ATTQK t=4185359800000 ard=172 ardb=-296 qa=33312 ka=49184
ATTO t=4185428040000 h=1 q=1288 z=16 acc=20608 dest=82464
ATTQK t=4185609320000 ard=-99 ardb=-413 qa=33344 ka=49216
ATTO t=4185677560000 h=2 q=-102 z=16 acc=-1632 dest=82496
ATTQK t=4185858840000 ard=491 ardb=810 qa=33376 ka=49248
ATTO t=4185927080000 h=3 q=-781 z=16 acc=-12496 dest=82528
ATTQK t=4186108360000 ard=534 ardb=-684 qa=33408 ka=49152
ATTO t=4186187400000 h=0 q=547 z=16 acc=8752 dest=82560
ATTQK t=4186378600000 ard=-515 ardb=-296 qa=33440 ka=49184
ATTO t=4186457640000 h=1 q=806 z=16 acc=12896 dest=82592
ATTQK t=4186648840000 ard=823 ardb=-413 qa=33472 ka=49216
ATTO t=4186727880000 h=2 q=-277 z=16 acc=-4432 dest=82624
ATTQK t=4186919080000 ard=836 ardb=810 qa=33504 ka=49248
ATTO t=4186998120000 h=3 q=-781 z=16 acc=-12496 dest=82656
ATTQK t=4187189320000 ard=289 ardb=-684 qa=33536 ka=49152
ATTO t=4187279160000 h=0 q=1038 z=16 acc=16608 dest=82688
ATTQK t=4187480280000 ard=-121 ardb=-296 qa=33568 ka=49184
ATTO t=4187570120000 h=1 q=971 z=16 acc=15536 dest=82720
ATTQK t=4187771240000 ard=772 ardb=-413 qa=33600 ka=49216
ATTO t=4187861080000 h=2 q=-864 z=16 acc=-13824 dest=82752
ATTQK t=4188062200000 ard=-67 ardb=810 qa=33632 ka=49248
ATTO t=4188152040000 h=3 q=-781 z=16 acc=-12496 dest=82784
ATTQK t=4188353160000 ard=-124 ardb=-684 qa=33664 ka=49152
ATTO t=4188453800000 h=0 q=286 z=16 acc=4576 dest=82816
ATTQK t=4188664840000 ard=1101 ardb=-296 qa=33696 ka=49184
ATTO t=4188765480000 h=1 q=806 z=16 acc=12896 dest=82848
ATTQK t=4188976520000 ard=593 ardb=-413 qa=33728 ka=49216
ATTO t=4189077160000 h=2 q=-102 z=16 acc=-1632 dest=82880
ATTQK t=4189288200000 ard=-265 ardb=810 qa=33760 ka=49248
ATTO t=4189388840000 h=3 q=290 z=16 acc=4640 dest=82912
MV0 t=4189599960000 ly=3 ten_o=5 acc=0 dest=81920
MV0 t=4194853080000 ly=3 ten_o=5 acc=0 dest=82048
MV0 t=4200106200000 ly=3 ten_o=5 acc=0 dest=82176
MV0 t=4205359320000 ly=3 ten_o=5 acc=0 dest=82304
MV0 t=4210612440000 ly=3 ten_o=5 acc=0 dest=82432
MV0 t=4215865560000 ly=3 ten_o=5 acc=0 dest=82560
MV0 t=4221118680000 ly=3 ten_o=5 acc=0 dest=82688
MV0 t=4226371800000 ly=3 ten_o=5 acc=0 dest=82816
ADD t=4231624840000 ly=3 ten=0 ard=-1 ardb=32767
ADD t=4231655560000 ly=3 ten=0 ard=-1 ardb=32767
ADD t=4231686280000 ly=3 ten=0 ard=-18645 ardb=19170
ADD t=4231717000000 ly=3 ten=0 ard=16202 ardb=27961
ADD t=4231747720000 ly=3 ten=0 ard=-19742 ardb=13449
ADD t=4231778440000 ly=3 ten=0 ard=32767 ardb=11055
ADD t=4231809160000 ly=3 ten=0 ard=16871 ardb=-9204
ADD t=4231839880000 ly=3 ten=0 ard=-25842 ardb=32767
LNV t=4231946360000 acc=81967265461 var=1280738522 mu=-3275
LNO t=4231956520000 ly=3 ten=6 ard=32766 mu=-3275 sc=25305 q=22
LNV t=4232591320000 acc=77990426995 var=1218600421 mu=2158
LNO t=4232601480000 ly=3 ten=6 ard=32766 mu=2158 sc=24684 q=19
LNV t=4233236280000 acc=70934326104 var=1108348845 mu=-837
LNO t=4233246440000 ly=3 ten=6 ard=525 mu=-837 sc=23540 q=0
LNV t=4233881240000 acc=69790510188 var=1090476721 mu=2105
LNO t=4233891400000 ly=3 ten=6 ard=32767 mu=2105 sc=23350 q=21
LNV t=4234526200000 acc=67863886342 var=1060373224 mu=3851
LNO t=4234536360000 ly=3 ten=6 ard=-6293 mu=3851 sc=23025 q=-8
LNV t=4235171160000 acc=76765372815 var=1199458950 mu=-830
LNO t=4235181320000 ly=3 ten=6 ard=32767 mu=-830 sc=24489 q=21
LNV t=4235816120000 acc=76210271730 var=1190785495 mu=-548
LNO t=4235826280000 ly=3 ten=6 ard=7667 mu=-548 sc=24400 q=5
LNV t=4236461080000 acc=76524337093 var=1195692767 mu=3064
LNO t=4236471240000 ly=3 ten=6 ard=6925 mu=3064 sc=24450 q=2
MV0 t=4237030360000 ly=3 ten_o=0 acc=0 dest=0
MV0 t=4247536600000 ly=3 ten_o=0 acc=0 dest=128
MV0 t=4258042840000 ly=3 ten_o=0 acc=0 dest=256
MV0 t=4268549080000 ly=3 ten_o=0 acc=0 dest=384
MV0 t=4279055320000 ly=3 ten_o=0 acc=0 dest=512
MV0 t=4289561560000 ly=3 ten_o=0 acc=0 dest=640
MV0 t=4300067800000 ly=3 ten_o=0 acc=0 dest=768
MV0 t=4310574040000 ly=3 ten_o=0 acc=0 dest=896
MV0 t=4321080280000 ly=3 ten_o=6 acc=0 dest=98304
MV0 t=4331576280000 ly=3 ten_o=6 acc=0 dest=98432
MV0 t=4342072280000 ly=3 ten_o=6 acc=0 dest=98560
MV0 t=4352568280000 ly=3 ten_o=6 acc=0 dest=98688
MV0 t=4363064280000 ly=3 ten_o=6 acc=0 dest=98816
MV0 t=4373560280000 ly=3 ten_o=6 acc=0 dest=98944
MV0 t=4384056280000 ly=3 ten_o=6 acc=0 dest=99072
MV0 t=4394552280000 ly=3 ten_o=6 acc=0 dest=99200
ADD t=4405048200000 ly=3 ten=1 ard=32766 ardb=-8128
ADD t=4405078920000 ly=3 ten=1 ard=32766 ardb=11043
ADD t=4405109640000 ly=3 ten=1 ard=525 ardb=17004
ADD t=4405140360000 ly=3 ten=1 ard=32767 ardb=20457
ADD t=4405171080000 ly=3 ten=1 ard=-6293 ardb=24659
ADD t=4405201800000 ly=3 ten=1 ard=32767 ardb=-5957
ADD t=4405232520000 ly=3 ten=1 ard=7667 ardb=2831
ADD t=4405263240000 ly=3 ten=1 ard=6925 ardb=17280
HEAD t=4405293960000 col=0 wrd=6 ard=24205 waddr=671744 aaddr=896 acc=0
MV0 t=4405294040000 ly=3 ten_o=7 acc=0 dest=115584
HEAD t=4405294280000 col=1 wrd=6 ard=15810 waddr=671745 aaddr=897 acc=145230
SMX t=4447318760000 logit0=1648634
CFRAME CONTRA C1 MODE=8 C2 ANCH=00000000000000a4
CFRAME CONTRA C9 TOPK=0706050403010002 R1S=00000022 R1R=04 R1O=00000202
CFRAME CONTRA C10 LMST=1 LMDN=1 OUT=549
CELL_HELD_OUT_EXAM_A PASS rankA=2 scoreA=42
INGRESS cue=0 win=0 addr=0 tok=0 w=0 mode=0 mem_we_exam=0
CELL_HOST_INGRESS_ZERO PASS
STUB_CONTROL SHA=D65F3524 lm_path=0 0x91 NOT used as PASS
CELL_STUB_NOT_PASS PASS (CONTROL cited; DUT uses TinyGPT)
LMST_RISE n=4 cyc=55594976
EMB_POS t=4447599240000 dim=0 wrd=-3 awd=-3
EMB_POS t=4447599480000 dim=1 wrd=3 awd=3
EMB_TOK t=4447845000000 dim=0 wrd=-5 ard=-3 awd=-8
EMB_TOK t=4447845240000 dim=1 wrd=-6 ard=3 awd=-3
LNV t=4448166520000 acc=2191 var=34 mu=0
LNO t=4448176680000 ly=0 ten=0 ard=-8 mu=0 sc=4 q=-32
LNV t=4448811480000 acc=1950 var=30 mu=0
LNO t=4448821640000 ly=0 ten=0 ard=7 mu=0 sc=3 q=37
LNV t=4449456440000 acc=2311 var=36 mu=0
LNO t=4449466600000 ly=0 ten=0 ard=-1 mu=0 sc=4 q=-4
LNV t=4450101400000 acc=2556 var=39 mu=-1
LNO t=4450111560000 ly=0 ten=0 ard=-1 mu=-1 sc=4 q=0
LNV t=4450746360000 acc=2749 var=42 mu=-1
LNO t=4450756520000 ly=0 ten=0 ard=8 mu=-1 sc=4 q=36
LNV t=4451391320000 acc=2562 var=40 mu=-1
LNO t=4451401480000 ly=0 ten=0 ard=-5 mu=-1 sc=4 q=-16
LNV t=4452036280000 acc=1955 var=30 mu=0
LNO t=4452046440000 ly=0 ten=0 ard=-3 mu=0 sc=3 q=-16
LNV t=4452681240000 acc=2652 var=41 mu=-1
LNO t=4452691400000 ly=0 ten=0 ard=-5 mu=-1 sc=4 q=-16
MV0 t=4453250520000 ly=0 ten_o=2 acc=0 dest=32768
MV0 t=4458503640000 ly=0 ten_o=2 acc=0 dest=32896
MV0 t=4463756760000 ly=0 ten_o=2 acc=0 dest=33024
MV0 t=4469009880000 ly=0 ten_o=2 acc=0 dest=33152
MV0 t=4474263000000 ly=0 ten_o=2 acc=0 dest=33280
MV0 t=4479516120000 ly=0 ten_o=2 acc=0 dest=33408
MV0 t=4484769240000 ly=0 ten_o=2 acc=0 dest=33536
MV0 t=4490022360000 ly=0 ten_o=2 acc=0 dest=33664
MV0 t=4495275480000 ly=0 ten_o=3 acc=0 dest=49152
MV0 t=4500528600000 ly=0 ten_o=3 acc=0 dest=49280
MV0 t=4505781720000 ly=0 ten_o=3 acc=0 dest=49408
MV0 t=4511034840000 ly=0 ten_o=3 acc=0 dest=49536
MV0 t=4516287960000 ly=0 ten_o=3 acc=0 dest=49664
MV0 t=4521541080000 ly=0 ten_o=3 acc=0 dest=49792
MV0 t=4526794200000 ly=0 ten_o=3 acc=0 dest=49920
MV0 t=4532047320000 ly=0 ten_o=3 acc=0 dest=50048
MV0 t=4537300440000 ly=0 ten_o=4 acc=0 dest=65536
MV0 t=4542553560000 ly=0 ten_o=4 acc=0 dest=65664
MV0 t=4547806680000 ly=0 ten_o=4 acc=0 dest=65792
MV0 t=4553059800000 ly=0 ten_o=4 acc=0 dest=65920
MV0 t=4558312920000 ly=0 ten_o=4 acc=0 dest=66048
MV0 t=4563566040000 ly=0 ten_o=4 acc=0 dest=66176
MV0 t=4568819160000 ly=0 ten_o=4 acc=0 dest=66304
MV0 t=4574072280000 ly=0 ten_o=4 acc=0 dest=66432
ATTQK t=4579325320000 ard=-152 ardb=100 qa=32768 ka=49152
ATTO t=4579350360000 h=0 q=632 z=16 acc=10112 dest=81920
ATTQK t=4579491960000 ard=-164 ardb=648 qa=32800 ka=49184
ATTO t=4579517000000 h=1 q=-36 z=16 acc=-576 dest=81952
ATTQK t=4579658600000 ard=636 ardb=1384 qa=32832 ka=49216
ATTO t=4579683640000 h=2 q=-1132 z=16 acc=-18112 dest=81984
ATTQK t=4579825240000 ard=564 ardb=-196 qa=32864 ka=49248
ATTO t=4579850280000 h=3 q=140 z=16 acc=2240 dest=82016
ATTQK t=4579991880000 ard=968 ardb=100 qa=32896 ka=49152
ATTO t=4580027720000 h=0 q=632 z=16 acc=10112 dest=82048
ATTQK t=4580179240000 ard=-1765 ardb=648 qa=32928 ka=49184
ATTO t=4580215080000 h=1 q=-459 z=16 acc=-7344 dest=82080
ATTQK t=4580366600000 ard=-1878 ardb=1384 qa=32960 ka=49216
ATTO t=4580402440000 h=2 q=-1132 z=16 acc=-18112 dest=82112
ATTQK t=4580553960000 ard=-1446 ardb=-196 qa=32992 ka=49248
ATTO t=4580589800000 h=3 q=140 z=16 acc=2240 dest=82144
ATTQK t=4580741320000 ard=1496 ardb=100 qa=33024 ka=49152
ATTO t=4580787960000 h=0 q=1540 z=16 acc=24640 dest=82176
ATTQK t=4580949400000 ard=-300 ardb=648 qa=33056 ka=49184
ATTO t=4580996040000 h=1 q=52 z=16 acc=832 dest=82208
ATTQK t=4581157480000 ard=-304 ardb=1384 qa=33088 ka=49216
ATTO t=4581204120000 h=2 q=480 z=16 acc=7680 dest=82240
ATTQK t=4581365560000 ard=-536 ardb=-196 qa=33120 ka=49248
ATTO t=4581412200000 h=3 q=-664 z=16 acc=-10624 dest=82272
ATTQK t=4581573640000 ard=124 ardb=100 qa=33152 ka=49152
ATTO t=4581631080000 h=0 q=632 z=16 acc=10112 dest=82304
ATTQK t=4581802440000 ard=-400 ardb=648 qa=33184 ka=49184
ATTO t=4581859880000 h=1 q=52 z=16 acc=832 dest=82336
ATTQK t=4582031240000 ard=-704 ardb=1384 qa=33216 ka=49216
ATTO t=4582088680000 h=2 q=-228 z=16 acc=-3648 dest=82368
ATTQK t=4582260040000 ard=176 ardb=-196 qa=33248 ka=49248
ATTO t=4582317480000 h=3 q=-144 z=16 acc=-2304 dest=82400
ATTQK t=4582488840000 ard=640 ardb=100 qa=33280 ka=49152
ATTO t=4582557080000 h=0 q=816 z=16 acc=13056 dest=82432
ATTQK t=4582738360000 ard=-104 ardb=648 qa=33312 ka=49184
ATTO t=4582806600000 h=1 q=-459 z=16 acc=-7344 dest=82464
ATTQK t=4582987880000 ard=-940 ardb=1384 qa=33344 ka=49216
ATTO t=4583056120000 h=2 q=-228 z=16 acc=-3648 dest=82496
ATTQK t=4583237400000 ard=1348 ardb=-196 qa=33376 ka=49248
ATTO t=4583305640000 h=3 q=-144 z=16 acc=-2304 dest=82528
ATTQK t=4583486920000 ard=776 ardb=100 qa=33408 ka=49152
ATTO t=4583565960000 h=0 q=632 z=16 acc=10112 dest=82560
ATTQK t=4583757160000 ard=-244 ardb=648 qa=33440 ka=49184
ATTO t=4583836200000 h=1 q=-459 z=16 acc=-7344 dest=82592
ATTQK t=4584027400000 ard=1032 ardb=1384 qa=33472 ka=49216
ATTO t=4584106440000 h=2 q=-1132 z=16 acc=-18112 dest=82624
ATTQK t=4584297640000 ard=-124 ardb=-196 qa=33504 ka=49248
ATTO t=4584376680000 h=3 q=-664 z=16 acc=-10624 dest=82656
ATTQK t=4584567880000 ard=815 ardb=100 qa=33536 ka=49152
ATTO t=4584657720000 h=0 q=632 z=16 acc=10112 dest=82688
ATTQK t=4584858840000 ard=-1871 ardb=648 qa=33568 ka=49184
ATTO t=4584948680000 h=1 q=-459 z=16 acc=-7344 dest=82720
ATTQK t=4585149800000 ard=-1568 ardb=1384 qa=33600 ka=49216
ATTO t=4585239640000 h=2 q=480 z=16 acc=7680 dest=82752
ATTQK t=4585440760000 ard=-540 ardb=-196 qa=33632 ka=49248
ATTO t=4585530600000 h=3 q=568 z=16 acc=9088 dest=82784
ATTQK t=4585731720000 ard=-1992 ardb=100 qa=33664 ka=49152
ATTO t=4585832360000 h=0 q=632 z=16 acc=10112 dest=82816
ATTQK t=4586043400000 ard=-240 ardb=648 qa=33696 ka=49184
ATTO t=4586144040000 h=1 q=-36 z=16 acc=-576 dest=82848
ATTQK t=4586355080000 ard=-332 ardb=1384 qa=33728 ka=49216
ATTO t=4586455720000 h=2 q=480 z=16 acc=7680 dest=82880
ATTQK t=4586666760000 ard=-108 ardb=-196 qa=33760 ka=49248
ATTO t=4586767400000 h=3 q=140 z=16 acc=2240 dest=82912
MV0 t=4586978520000 ly=0 ten_o=5 acc=0 dest=81920
MV0 t=4592231640000 ly=0 ten_o=5 acc=0 dest=82048
MV0 t=4597484760000 ly=0 ten_o=5 acc=0 dest=82176
MV0 t=4602737880000 ly=0 ten_o=5 acc=0 dest=82304
MV0 t=4607991000000 ly=0 ten_o=5 acc=0 dest=82432
MV0 t=4613244120000 ly=0 ten_o=5 acc=0 dest=82560
MV0 t=4618497240000 ly=0 ten_o=5 acc=0 dest=82688
MV0 t=4623750360000 ly=0 ten_o=5 acc=0 dest=82816
ADD t=4629003400000 ly=0 ten=0 ard=-8 ardb=29720
ADD t=4629034120000 ly=0 ten=0 ard=7 ardb=32767
ADD t=4629064840000 ly=0 ten=0 ard=-1 ardb=-13636
ADD t=4629095560000 ly=0 ten=0 ard=-1 ardb=10216
ADD t=4629126280000 ly=0 ten=0 ard=8 ardb=32767
ADD t=4629157000000 ly=0 ten=0 ard=-5 ardb=32767
ADD t=4629187720000 ly=0 ten=0 ard=-3 ardb=32767
ADD t=4629218440000 ly=0 ten=0 ard=-5 ardb=-12220
LNV t=4629324920000 acc=51678330375 var=807473912 mu=-129
LNO t=4629335080000 ly=0 ten=6 ard=29712 mu=-129 sc=20093 q=23
LNV t=4629969880000 acc=67000242379 var=1046878787 mu=2161
LNO t=4629980040000 ly=0 ten=6 ard=32767 mu=2161 sc=22878 q=21
LNV t=4630614840000 acc=56188947213 var=877952300 mu=-813
LNO t=4630625000000 ly=0 ten=6 ard=-13637 mu=-813 sc=20951 q=-10
LNV t=4631259800000 acc=66183866542 var=1034122914 mu=651
LNO t=4631269960000 ly=0 ten=6 ard=10215 mu=651 sc=22738 q=6
LNV t=4631904760000 acc=72770142828 var=1137033481 mu=3236
LNO t=4631914920000 ly=0 ten=6 ard=32767 mu=3236 sc=23843 q=19
LNV t=4632549720000 acc=79492092130 var=1242063939 mu=342
LNO t=4632559880000 ly=0 ten=6 ard=32762 mu=342 sc=24920 q=20
LNV t=4633194680000 acc=73920485118 var=1155007579 mu=4913
LNO t=4633204840000 ly=0 ten=6 ard=32764 mu=4913 sc=24031 q=18
LNV t=4633839640000 acc=58882065062 var=920032266 mu=-1038
LNO t=4633849800000 ly=0 ten=6 ard=-12225 mu=-1038 sc=21447 q=-9
MV0 t=4634408920000 ly=0 ten_o=0 acc=0 dest=0
MV0 t=4644915160000 ly=0 ten_o=0 acc=0 dest=128
MV0 t=4655421400000 ly=0 ten_o=0 acc=0 dest=256
MV0 t=4665927640000 ly=0 ten_o=0 acc=0 dest=384
MV0 t=4676433880000 ly=0 ten_o=0 acc=0 dest=512
MV0 t=4686940120000 ly=0 ten_o=0 acc=0 dest=640
MV0 t=4697446360000 ly=0 ten_o=0 acc=0 dest=768
MV0 t=4707952600000 ly=0 ten_o=0 acc=0 dest=896
MV0 t=4718458840000 ly=0 ten_o=6 acc=0 dest=98304
MV0 t=4728954840000 ly=0 ten_o=6 acc=0 dest=98432
MV0 t=4739450840000 ly=0 ten_o=6 acc=0 dest=98560
MV0 t=4749946840000 ly=0 ten_o=6 acc=0 dest=98688
MV0 t=4760442840000 ly=0 ten_o=6 acc=0 dest=98816
MV0 t=4770938840000 ly=0 ten_o=6 acc=0 dest=98944
MV0 t=4781434840000 ly=0 ten_o=6 acc=0 dest=99072
MV0 t=4791930840000 ly=0 ten_o=6 acc=0 dest=99200
ADD t=4802426760000 ly=0 ten=1 ard=29712 ardb=-4547
ADD t=4802457480000 ly=0 ten=1 ard=32767 ardb=11277
ADD t=4802488200000 ly=0 ten=1 ard=-13637 ardb=19727
ADD t=4802518920000 ly=0 ten=1 ard=10215 ardb=-5113
ADD t=4802549640000 ly=0 ten=1 ard=32767 ardb=7265
ADD t=4802580360000 ly=0 ten=1 ard=32762 ardb=7262
ADD t=4802611080000 ly=0 ten=1 ard=32764 ardb=7985
ADD t=4802641800000 ly=0 ten=1 ard=-12225 ardb=12085
LNV t=4802748280000 acc=64022008944 var=1000343889 mu=27
LNO t=4802758440000 ly=1 ten=0 ard=25165 mu=27 sc=22364 q=17
LNV t=4803393240000 acc=67112008373 var=1048625130 mu=2189
LNO t=4803403400000 ly=1 ten=0 ard=32767 mu=2189 sc=22897 q=21
LNV t=4804038200000 acc=75766119977 var=1183845624 mu=-517
LNO t=4804048360000 ly=1 ten=0 ard=6090 mu=-517 sc=24329 q=4
LNV t=4804683160000 acc=67944593607 var=1061634275 mu=2839
LNO t=4804693320000 ly=1 ten=0 ard=5102 mu=2839 sc=23039 q=1
LNV t=4805328120000 acc=69627437489 var=1087928710 mu=3889
LNO t=4805338280000 ly=1 ten=0 ard=32767 mu=3889 sc=23323 q=19
LNV t=4805973080000 acc=80950273006 var=1264848015 mu=1256
LNO t=4805983240000 ly=1 ten=0 ard=32767 mu=1256 sc=25148 q=20
LNV t=4806618040000 acc=63328365541 var=989505711 mu=4113
LNO t=4806628200000 ly=1 ten=0 ard=32767 mu=4113 sc=22243 q=20
LNV t=4807263000000 acc=68276571511 var=1066821429 mu=-671
LNO t=4807273160000 ly=1 ten=0 ard=-140 mu=-671 sc=23095 q=0
MV0 t=4807832280000 ly=1 ten_o=2 acc=0 dest=32768
MV0 t=4813085400000 ly=1 ten_o=2 acc=0 dest=32896
MV0 t=4818338520000 ly=1 ten_o=2 acc=0 dest=33024
MV0 t=4823591640000 ly=1 ten_o=2 acc=0 dest=33152
MV0 t=4828844760000 ly=1 ten_o=2 acc=0 dest=33280
MV0 t=4834097880000 ly=1 ten_o=2 acc=0 dest=33408
MV0 t=4839351000000 ly=1 ten_o=2 acc=0 dest=33536
MV0 t=4844604120000 ly=1 ten_o=2 acc=0 dest=33664
MV0 t=4849857240000 ly=1 ten_o=3 acc=0 dest=49152
MV0 t=4855110360000 ly=1 ten_o=3 acc=0 dest=49280
MV0 t=4860363480000 ly=1 ten_o=3 acc=0 dest=49408
MV0 t=4865616600000 ly=1 ten_o=3 acc=0 dest=49536
MV0 t=4870869720000 ly=1 ten_o=3 acc=0 dest=49664
MV0 t=4876122840000 ly=1 ten_o=3 acc=0 dest=49792
MV0 t=4881375960000 ly=1 ten_o=3 acc=0 dest=49920
MV0 t=4886629080000 ly=1 ten_o=3 acc=0 dest=50048
MV0 t=4891882200000 ly=1 ten_o=4 acc=0 dest=65536
MV0 t=4897135320000 ly=1 ten_o=4 acc=0 dest=65664
MV0 t=4902388440000 ly=1 ten_o=4 acc=0 dest=65792
MV0 t=4907641560000 ly=1 ten_o=4 acc=0 dest=65920
MV0 t=4912894680000 ly=1 ten_o=4 acc=0 dest=66048
MV0 t=4918147800000 ly=1 ten_o=4 acc=0 dest=66176
MV0 t=4923400920000 ly=1 ten_o=4 acc=0 dest=66304
MV0 t=4928654040000 ly=1 ten_o=4 acc=0 dest=66432
ATTQK t=4933907080000 ard=696 ardb=-841 qa=32768 ka=49152
ATTO t=4933932120000 h=0 q=-792 z=16 acc=-12672 dest=81920
ATTQK t=4934073720000 ard=144 ardb=25 qa=32800 ka=49184
ATTO t=4934098760000 h=1 q=-737 z=16 acc=-11792 dest=81952
ATTQK t=4934240360000 ard=-869 ardb=-104 qa=32832 ka=49216
ATTO t=4934265400000 h=2 q=101 z=16 acc=1616 dest=81984
ATTQK t=4934407000000 ard=-1187 ardb=1091 qa=32864 ka=49248
ATTO t=4934432040000 h=3 q=597 z=16 acc=9552 dest=82016
ATTQK t=4934573640000 ard=839 ardb=-841 qa=32896 ka=49152
ATTO t=4934609480000 h=0 q=-1278 z=16 acc=-20448 dest=82048
ATTQK t=4934761000000 ard=302 ardb=25 qa=32928 ka=49184
ATTO t=4934796840000 h=1 q=-186 z=16 acc=-2976 dest=82080
ATTQK t=4934948360000 ard=-90 ardb=-104 qa=32960 ka=49216
ATTO t=4934984200000 h=2 q=101 z=16 acc=1616 dest=82112
ATTQK t=4935135720000 ard=35 ardb=1091 qa=32992 ka=49248
ATTO t=4935171560000 h=3 q=522 z=16 acc=8352 dest=82144
ATTQK t=4935323080000 ard=-216 ardb=-841 qa=33024 ka=49152
ATTO t=4935369720000 h=0 q=-1225 z=16 acc=-19600 dest=82176
ATTQK t=4935531160000 ard=170 ardb=25 qa=33056 ka=49184
ATTO t=4935577800000 h=1 q=-737 z=16 acc=-11792 dest=82208
ATTQK t=4935739240000 ard=978 ardb=-104 qa=33088 ka=49216
ATTO t=4935785880000 h=2 q=101 z=16 acc=1616 dest=82240
ATTQK t=4935947320000 ard=-1217 ardb=1091 qa=33120 ka=49248
ATTO t=4935993960000 h=3 q=507 z=16 acc=8112 dest=82272
ATTQK t=4936155400000 ard=431 ardb=-841 qa=33152 ka=49152
ATTO t=4936212840000 h=0 q=-206 z=16 acc=-3296 dest=82304
ATTQK t=4936384200000 ard=181 ardb=25 qa=33184 ka=49184
ATTO t=4936441640000 h=1 q=794 z=16 acc=12704 dest=82336
ATTQK t=4936613000000 ard=963 ardb=-104 qa=33216 ka=49216
ATTO t=4936670440000 h=2 q=101 z=16 acc=1616 dest=82368
ATTQK t=4936841800000 ard=-204 ardb=1091 qa=33248 ka=49248
ATTO t=4936899240000 h=3 q=507 z=16 acc=8112 dest=82400
ATTQK t=4937070600000 ard=181 ardb=-841 qa=33280 ka=49152
ATTO t=4937138840000 h=0 q=-206 z=16 acc=-3296 dest=82432
ATTQK t=4937320120000 ard=361 ardb=25 qa=33312 ka=49184
ATTO t=4937388360000 h=1 q=-186 z=16 acc=-2976 dest=82464
ATTQK t=4937569640000 ard=338 ardb=-104 qa=33344 ka=49216
ATTO t=4937637880000 h=2 q=101 z=16 acc=1616 dest=82496
ATTQK t=4937819160000 ard=551 ardb=1091 qa=33376 ka=49248
ATTO t=4937887400000 h=3 q=507 z=16 acc=8112 dest=82528
ATTQK t=4938068680000 ard=1008 ardb=-841 qa=33408 ka=49152
ATTO t=4938147720000 h=0 q=-206 z=16 acc=-3296 dest=82560
ATTQK t=4938338920000 ard=414 ardb=25 qa=33440 ka=49184
ATTO t=4938417960000 h=1 q=-65 z=16 acc=-1040 dest=82592
ATTQK t=4938609160000 ard=-22 ardb=-104 qa=33472 ka=49216
ATTO t=4938688200000 h=2 q=101 z=16 acc=1616 dest=82624
ATTQK t=4938879400000 ard=-517 ardb=1091 qa=33504 ka=49248
ATTO t=4938958440000 h=3 q=1131 z=16 acc=18096 dest=82656
ATTQK t=4939149640000 ard=-474 ardb=-841 qa=33536 ka=49152
ATTO t=4939239480000 h=0 q=-206 z=16 acc=-3296 dest=82688
ATTQK t=4939440600000 ard=622 ardb=25 qa=33568 ka=49184
ATTO t=4939530440000 h=1 q=713 z=16 acc=11408 dest=82720
ATTQK t=4939731560000 ard=113 ardb=-104 qa=33600 ka=49216
ATTO t=4939821400000 h=2 q=101 z=16 acc=1616 dest=82752
ATTQK t=4940022520000 ard=-304 ardb=1091 qa=33632 ka=49248
ATTO t=4940112360000 h=3 q=883 z=16 acc=14128 dest=82784
ATTQK t=4940313480000 ard=-355 ardb=-841 qa=33664 ka=49152
ATTO t=4940414120000 h=0 q=-1403 z=16 acc=-22448 dest=82816
ATTQK t=4940625160000 ard=-393 ardb=25 qa=33696 ka=49184
ATTO t=4940725800000 h=1 q=794 z=16 acc=12704 dest=82848
ATTQK t=4940936840000 ard=-218 ardb=-104 qa=33728 ka=49216
ATTO t=4941037480000 h=2 q=101 z=16 acc=1616 dest=82880
ATTQK t=4941248520000 ard=-1760 ardb=1091 qa=33760 ka=49248
ATTO t=4941349160000 h=3 q=426 z=16 acc=6816 dest=82912
MV0 t=4941560280000 ly=1 ten_o=5 acc=0 dest=81920
MV0 t=4946813400000 ly=1 ten_o=5 acc=0 dest=82048
MV0 t=4952066520000 ly=1 ten_o=5 acc=0 dest=82176
MV0 t=4957319640000 ly=1 ten_o=5 acc=0 dest=82304
MV0 t=4962572760000 ly=1 ten_o=5 acc=0 dest=82432
MV0 t=4967825880000 ly=1 ten_o=5 acc=0 dest=82560
MV0 t=4973079000000 ly=1 ten_o=5 acc=0 dest=82688
MV0 t=4978332120000 ly=1 ten_o=5 acc=0 dest=82816
ADD t=4983585160000 ly=1 ten=0 ard=25165 ardb=-32768
ADD t=4983615880000 ly=1 ten=0 ard=32767 ardb=2649
ADD t=4983646600000 ly=1 ten=0 ard=6090 ardb=-6637
ADD t=4983677320000 ly=1 ten=0 ard=5102 ardb=913
ADD t=4983708040000 ly=1 ten=0 ard=32767 ardb=7513
ADD t=4983738760000 ly=1 ten=0 ard=32767 ardb=-32768
ADD t=4983769480000 ly=1 ten=0 ard=32767 ardb=6594
ADD t=4983800200000 ly=1 ten=0 ard=-140 ardb=-5705
LNV t=4983906680000 acc=60045989292 var=938218582 mu=3
LNO t=4983916840000 ly=1 ten=6 ard=-7603 mu=3 sc=21658 q=-6
LNV t=4984551640000 acc=69497275726 var=1085894933 mu=844
LNO t=4984561800000 ly=1 ten=6 ard=32767 mu=844 sc=23301 q=21
LNV t=4985196600000 acc=66560065238 var=1040001019 mu=-2394
LNO t=4985206760000 ly=1 ten=6 ard=-547 mu=-2394 sc=22803 q=1
LNV t=4985841560000 acc=70491131868 var=1101423935 mu=2087
LNO t=4985851720000 ly=1 ten=6 ard=6015 mu=2087 sc=23467 q=2
LNV t=4986486520000 acc=72322068407 var=1130032318 mu=2503
LNO t=4986496680000 ly=1 ten=6 ard=32767 mu=2503 sc=23770 q=20
LNV t=4987131480000 acc=73315462409 var=1145554100 mu=940
LNO t=4987141640000 ly=1 ten=6 ard=-1 mu=940 sc=23932 q=-1
LNV t=4987776440000 acc=72699760422 var=1135933756 mu=1169
LNO t=4987786600000 ly=1 ten=6 ard=32767 mu=1169 sc=23832 q=21
LNV t=4988421400000 acc=66782478499 var=1043476226 mu=-1603
LNO t=4988431560000 ly=1 ten=6 ard=-5845 mu=-1603 sc=22841 q=-3
MV0 t=4988990680000 ly=1 ten_o=0 acc=0 dest=0
MV0 t=4999496920000 ly=1 ten_o=0 acc=0 dest=128
MV0 t=5010003160000 ly=1 ten_o=0 acc=0 dest=256
MV0 t=5020509400000 ly=1 ten_o=0 acc=0 dest=384
MV0 t=5031015640000 ly=1 ten_o=0 acc=0 dest=512
MV0 t=5041521880000 ly=1 ten_o=0 acc=0 dest=640
MV0 t=5052028120000 ly=1 ten_o=0 acc=0 dest=768
MV0 t=5062534360000 ly=1 ten_o=0 acc=0 dest=896
MV0 t=5073040600000 ly=1 ten_o=6 acc=0 dest=98304
MV0 t=5083536600000 ly=1 ten_o=6 acc=0 dest=98432
MV0 t=5094032600000 ly=1 ten_o=6 acc=0 dest=98560
MV0 t=5104528600000 ly=1 ten_o=6 acc=0 dest=98688
MV0 t=5115024600000 ly=1 ten_o=6 acc=0 dest=98816
MV0 t=5125520600000 ly=1 ten_o=6 acc=0 dest=98944
MV0 t=5136016600000 ly=1 ten_o=6 acc=0 dest=99072
MV0 t=5146512600000 ly=1 ten_o=6 acc=0 dest=99200
ADD t=5157008520000 ly=1 ten=1 ard=-7603 ardb=2613
ADD t=5157039240000 ly=1 ten=1 ard=32767 ardb=-15224
ADD t=5157069960000 ly=1 ten=1 ard=-547 ardb=-32768
ADD t=5157100680000 ly=1 ten=1 ard=6015 ardb=-32768
ADD t=5157131400000 ly=1 ten=1 ard=32767 ardb=7052
ADD t=5157162120000 ly=1 ten=1 ard=-1 ardb=-6612
ADD t=5157192840000 ly=1 ten=1 ard=32767 ardb=5990
ADD t=5157223560000 ly=1 ten=1 ard=-5845 ardb=-7659
LNV t=5157330040000 acc=66120200936 var=1033128139 mu=2241
LNO t=5157340200000 ly=2 ten=0 ard=-4990 mu=2241 sc=22728 q=-6
LNV t=5157975000000 acc=75428153502 var=1178564898 mu=1495
LNO t=5157985160000 ly=2 ten=0 ard=17543 mu=1495 sc=24275 q=10
LNV t=5158619960000 acc=66691194373 var=1042049912 mu=-2220
LNO t=5158630120000 ly=2 ten=0 ard=-32768 mu=-2220 sc=22825 q=-22
LNV t=5159264920000 acc=74095060347 var=1157735317 mu=2767
LNO t=5159275080000 ly=2 ten=0 ard=-26753 mu=2767 sc=24059 q=-20
LNV t=5159909880000 acc=76677077827 var=1198079341 mu=1701
LNO t=5159920040000 ly=2 ten=0 ard=32767 mu=1701 sc=24475 q=20
LNV t=5160554840000 acc=76484792144 var=1195074877 mu=2758
LNO t=5160565000000 ly=2 ten=0 ard=-6613 mu=2758 sc=24444 q=-7
LNV t=5161199800000 acc=77948111055 var=1217939235 mu=1542
LNO t=5161209960000 ly=2 ten=0 ard=32767 mu=1542 sc=24677 q=20
LNV t=5161844760000 acc=65459920886 var=1022811263 mu=371
LNO t=5161854920000 ly=2 ten=0 ard=-13504 mu=371 sc=22614 q=-10
MV0 t=5162414040000 ly=2 ten_o=2 acc=0 dest=32768
MV0 t=5167667160000 ly=2 ten_o=2 acc=0 dest=32896
MV0 t=5172920280000 ly=2 ten_o=2 acc=0 dest=33024
MV0 t=5178173400000 ly=2 ten_o=2 acc=0 dest=33152
MV0 t=5183426520000 ly=2 ten_o=2 acc=0 dest=33280
MV0 t=5188679640000 ly=2 ten_o=2 acc=0 dest=33408
MV0 t=5193932760000 ly=2 ten_o=2 acc=0 dest=33536
MV0 t=5199185880000 ly=2 ten_o=2 acc=0 dest=33664
MV0 t=5204439000000 ly=2 ten_o=3 acc=0 dest=49152
MV0 t=5209692120000 ly=2 ten_o=3 acc=0 dest=49280
MV0 t=5214945240000 ly=2 ten_o=3 acc=0 dest=49408
MV0 t=5220198360000 ly=2 ten_o=3 acc=0 dest=49536
MV0 t=5225451480000 ly=2 ten_o=3 acc=0 dest=49664
MV0 t=5230704600000 ly=2 ten_o=3 acc=0 dest=49792
MV0 t=5235957720000 ly=2 ten_o=3 acc=0 dest=49920
MV0 t=5241210840000 ly=2 ten_o=3 acc=0 dest=50048
MV0 t=5246463960000 ly=2 ten_o=4 acc=0 dest=65536
MV0 t=5251717080000 ly=2 ten_o=4 acc=0 dest=65664
MV0 t=5256970200000 ly=2 ten_o=4 acc=0 dest=65792
MV0 t=5262223320000 ly=2 ten_o=4 acc=0 dest=65920
MV0 t=5267476440000 ly=2 ten_o=4 acc=0 dest=66048
MV0 t=5272729560000 ly=2 ten_o=4 acc=0 dest=66176
MV0 t=5277982680000 ly=2 ten_o=4 acc=0 dest=66304
MV0 t=5283235800000 ly=2 ten_o=4 acc=0 dest=66432
ATTQK t=5288488840000 ard=64 ardb=193 qa=32768 ka=49152
ATTO t=5288513880000 h=0 q=-550 z=16 acc=-8800 dest=81920
ATTQK t=5288655480000 ard=43 ardb=417 qa=32800 ka=49184
ATTO t=5288680520000 h=1 q=752 z=16 acc=12032 dest=81952
ATTQK t=5288822120000 ard=-152 ardb=-416 qa=32832 ka=49216
ATTO t=5288847160000 h=2 q=845 z=16 acc=13520 dest=81984
ATTQK t=5288988760000 ard=453 ardb=-107 qa=32864 ka=49248
ATTO t=5289013800000 h=3 q=461 z=16 acc=7376 dest=82016
ATTQK t=5289155400000 ard=-717 ardb=193 qa=32896 ka=49152
ATTO t=5289191240000 h=0 q=-550 z=16 acc=-8800 dest=82048
ATTQK t=5289342760000 ard=-775 ardb=417 qa=32928 ka=49184
ATTO t=5289378600000 h=1 q=559 z=16 acc=8944 dest=82080
ATTQK t=5289530120000 ard=722 ardb=-416 qa=32960 ka=49216
ATTO t=5289565960000 h=2 q=769 z=16 acc=12304 dest=82112
ATTQK t=5289717480000 ard=259 ardb=-107 qa=32992 ka=49248
ATTO t=5289753320000 h=3 q=-384 z=16 acc=-6144 dest=82144
ATTQK t=5289904840000 ard=-86 ardb=193 qa=33024 ka=49152
ATTO t=5289951480000 h=0 q=-550 z=16 acc=-8800 dest=82176
ATTQK t=5290112920000 ard=-767 ardb=417 qa=33056 ka=49184
ATTO t=5290159560000 h=1 q=752 z=16 acc=12032 dest=82208
ATTQK t=5290321000000 ard=1944 ardb=-416 qa=33088 ka=49216
ATTO t=5290367640000 h=2 q=-1961 z=16 acc=-31376 dest=82240
ATTQK t=5290529080000 ard=1218 ardb=-107 qa=33120 ka=49248
ATTO t=5290575720000 h=3 q=461 z=16 acc=7376 dest=82272
ATTQK t=5290737160000 ard=-143 ardb=193 qa=33152 ka=49152
ATTO t=5290794600000 h=0 q=-550 z=16 acc=-8800 dest=82304
ATTQK t=5290965960000 ard=-601 ardb=417 qa=33184 ka=49184
ATTO t=5291023400000 h=1 q=752 z=16 acc=12032 dest=82336
ATTQK t=5291194760000 ard=1561 ardb=-416 qa=33216 ka=49216
ATTO t=5291252200000 h=2 q=-1961 z=16 acc=-31376 dest=82368
ATTQK t=5291423560000 ard=418 ardb=-107 qa=33248 ka=49248
ATTO t=5291481000000 h=3 q=-384 z=16 acc=-6144 dest=82400
ATTQK t=5291652360000 ard=26 ardb=193 qa=33280 ka=49152
ATTO t=5291720600000 h=0 q=-550 z=16 acc=-8800 dest=82432
ATTQK t=5291901880000 ard=-570 ardb=417 qa=33312 ka=49184
ATTO t=5291970120000 h=1 q=-23 z=16 acc=-368 dest=82464
ATTQK t=5292151400000 ard=1334 ardb=-416 qa=33344 ka=49216
ATTO t=5292219640000 h=2 q=769 z=16 acc=12304 dest=82496
ATTQK t=5292400920000 ard=736 ardb=-107 qa=33376 ka=49248
ATTO t=5292469160000 h=3 q=-210 z=16 acc=-3360 dest=82528
ATTQK t=5292650440000 ard=-698 ardb=193 qa=33408 ka=49152
ATTO t=5292729480000 h=0 q=-550 z=16 acc=-8800 dest=82560
ATTQK t=5292920680000 ard=4 ardb=417 qa=33440 ka=49184
ATTO t=5292999720000 h=1 q=745 z=16 acc=11920 dest=82592
ATTQK t=5293190920000 ard=1320 ardb=-416 qa=33472 ka=49216
ATTO t=5293269960000 h=2 q=-1961 z=16 acc=-31376 dest=82624
ATTQK t=5293461160000 ard=144 ardb=-107 qa=33504 ka=49248
ATTO t=5293540200000 h=3 q=461 z=16 acc=7376 dest=82656
ATTQK t=5293731400000 ard=-244 ardb=193 qa=33536 ka=49152
ATTO t=5293821240000 h=0 q=-550 z=16 acc=-8800 dest=82688
ATTQK t=5294022360000 ard=60 ardb=417 qa=33568 ka=49184
ATTO t=5294112200000 h=1 q=-444 z=16 acc=-7104 dest=82720
ATTQK t=5294313320000 ard=316 ardb=-416 qa=33600 ka=49216
ATTO t=5294403160000 h=2 q=512 z=16 acc=8192 dest=82752
ATTQK t=5294604280000 ard=81 ardb=-107 qa=33632 ka=49248
ATTO t=5294694120000 h=3 q=-210 z=16 acc=-3360 dest=82784
ATTQK t=5294895240000 ard=-587 ardb=193 qa=33664 ka=49152
ATTO t=5294995880000 h=0 q=87 z=16 acc=1392 dest=82816
ATTQK t=5295206920000 ard=115 ardb=417 qa=33696 ka=49184
ATTO t=5295307560000 h=1 q=230 z=16 acc=3680 dest=82848
ATTQK t=5295518600000 ard=1034 ardb=-416 qa=33728 ka=49216
ATTO t=5295619240000 h=2 q=-1961 z=16 acc=-31376 dest=82880
ATTQK t=5295830280000 ard=-152 ardb=-107 qa=33760 ka=49248
ATTO t=5295930920000 h=3 q=-120 z=16 acc=-1920 dest=82912
MV0 t=5296142040000 ly=2 ten_o=5 acc=0 dest=81920
MV0 t=5301395160000 ly=2 ten_o=5 acc=0 dest=82048
MV0 t=5306648280000 ly=2 ten_o=5 acc=0 dest=82176
MV0 t=5311901400000 ly=2 ten_o=5 acc=0 dest=82304
MV0 t=5317154520000 ly=2 ten_o=5 acc=0 dest=82432
MV0 t=5322407640000 ly=2 ten_o=5 acc=0 dest=82560
MV0 t=5327660760000 ly=2 ten_o=5 acc=0 dest=82688
MV0 t=5332913880000 ly=2 ten_o=5 acc=0 dest=82816
ADD t=5338166920000 ly=2 ten=0 ard=-4990 ardb=5540
ADD t=5338197640000 ly=2 ten=0 ard=17543 ardb=14538
ADD t=5338228360000 ly=2 ten=0 ard=-32768 ardb=-17853
ADD t=5338259080000 ly=2 ten=0 ard=-26753 ardb=1689
ADD t=5338289800000 ly=2 ten=0 ard=32767 ardb=-28203
ADD t=5338320520000 ly=2 ten=0 ard=-6613 ardb=-23308
ADD t=5338351240000 ly=2 ten=0 ard=32767 ardb=5533
ADD t=5338381960000 ly=2 ten=0 ard=-13504 ardb=-16867
LNV t=5338488440000 acc=70848102711 var=1107001604 mu=1992
LNO t=5338498600000 ly=2 ten=6 ard=550 mu=1992 sc=23526 q=-1
LNV t=5339133400000 acc=79268083828 var=1238563809 mu=2817
LNO t=5339143560000 ly=2 ten=6 ard=32081 mu=2817 sc=24885 q=18
LNV t=5339778360000 acc=74329464418 var=1161397881 mu=-2754
LNO t=5339788520000 ly=2 ten=6 ard=-32768 mu=-2754 sc=24097 q=-20
LNV t=5340423320000 acc=78709555016 var=1229836797 mu=2996
LNO t=5340433480000 ly=2 ten=6 ard=-25064 mu=2996 sc=24797 q=-19
LNV t=5341068280000 acc=68031609322 var=1062993895 mu=805
LNO t=5341078440000 ly=2 ten=6 ard=4564 mu=805 sc=23054 q=2
LNV t=5341713240000 acc=77314003741 var=1208031308 mu=466
LNO t=5341723400000 ly=2 ten=6 ard=-29921 mu=466 sc=24576 q=-20
LNV t=5342358200000 acc=82783040512 var=1293485008 mu=476
LNO t=5342368360000 ly=2 ten=6 ard=32767 mu=476 sc=25431 q=20
LNV t=5343003160000 acc=81374280600 var=1271473134 mu=699
LNO t=5343013320000 ly=2 ten=6 ard=-30371 mu=699 sc=25213 q=-20
MV0 t=5343572440000 ly=2 ten_o=0 acc=0 dest=0
MV0 t=5354078680000 ly=2 ten_o=0 acc=0 dest=128
MV0 t=5364584920000 ly=2 ten_o=0 acc=0 dest=256
MV0 t=5375091160000 ly=2 ten_o=0 acc=0 dest=384
MV0 t=5385597400000 ly=2 ten_o=0 acc=0 dest=512
MV0 t=5396103640000 ly=2 ten_o=0 acc=0 dest=640
MV0 t=5406609880000 ly=2 ten_o=0 acc=0 dest=768
MV0 t=5417116120000 ly=2 ten_o=0 acc=0 dest=896
MV0 t=5427622360000 ly=2 ten_o=6 acc=0 dest=98304
MV0 t=5438118360000 ly=2 ten_o=6 acc=0 dest=98432
MV0 t=5448614360000 ly=2 ten_o=6 acc=0 dest=98560
MV0 t=5459110360000 ly=2 ten_o=6 acc=0 dest=98688
MV0 t=5469606360000 ly=2 ten_o=6 acc=0 dest=98816
MV0 t=5480102360000 ly=2 ten_o=6 acc=0 dest=98944
MV0 t=5490598360000 ly=2 ten_o=6 acc=0 dest=99072
MV0 t=5501094360000 ly=2 ten_o=6 acc=0 dest=99200
ADD t=5511590280000 ly=2 ten=1 ard=550 ardb=19381
ADD t=5511621000000 ly=2 ten=1 ard=32081 ardb=-7780
ADD t=5511651720000 ly=2 ten=1 ard=-32768 ardb=-32768
ADD t=5511682440000 ly=2 ten=1 ard=-25064 ardb=-21237
ADD t=5511713160000 ly=2 ten=1 ard=4564 ardb=4758
ADD t=5511743880000 ly=2 ten=1 ard=-29921 ardb=3631
ADD t=5511774600000 ly=2 ten=1 ard=32767 ardb=-16686
ADD t=5511805320000 ly=2 ten=1 ard=-30371 ardb=14569
LNV t=5511911800000 acc=85352424811 var=1333631637 mu=1996
LNO t=5511921960000 ly=3 ten=0 ard=19931 mu=1996 sc=25822 q=11
LNV t=5512556760000 acc=73063600155 var=1141618752 mu=2364
LNO t=5512566920000 ly=3 ten=0 ard=24301 mu=2364 sc=23891 q=14
LNV t=5513201720000 acc=64122519823 var=1001914372 mu=-3991
LNO t=5513211880000 ly=3 ten=0 ard=-32768 mu=-3991 sc=22382 q=-21
LNV t=5513846680000 acc=72296496837 var=1129632763 mu=1056
LNO t=5513856840000 ly=3 ten=0 ard=-32768 mu=1056 sc=23765 q=-23
LNV t=5514491640000 acc=81261576411 var=1269712131 mu=1218
LNO t=5514501800000 ly=3 ten=0 ard=9322 mu=1218 sc=25196 q=5
LNV t=5515136600000 acc=77240097528 var=1206876523 mu=-1304
LNO t=5515146760000 ly=3 ten=0 ard=-26290 mu=-1304 sc=24564 q=-17
LNV t=5515781560000 acc=68130425149 var=1064537892 mu=638
LNO t=5515791720000 ly=3 ten=0 ard=16081 mu=638 sc=23070 q=10
LNV t=5516426520000 acc=70760206019 var=1105628219 mu=808
LNO t=5516436680000 ly=3 ten=0 ard=-15802 mu=808 sc=23511 q=-12
MV0 t=5516995800000 ly=3 ten_o=2 acc=0 dest=32768
MV0 t=5522248920000 ly=3 ten_o=2 acc=0 dest=32896
MV0 t=5527502040000 ly=3 ten_o=2 acc=0 dest=33024
MV0 t=5532755160000 ly=3 ten_o=2 acc=0 dest=33152
MV0 t=5538008280000 ly=3 ten_o=2 acc=0 dest=33280
MV0 t=5543261400000 ly=3 ten_o=2 acc=0 dest=33408
MV0 t=5548514520000 ly=3 ten_o=2 acc=0 dest=33536
MV0 t=5553767640000 ly=3 ten_o=2 acc=0 dest=33664
MV0 t=5559020760000 ly=3 ten_o=3 acc=0 dest=49152
MV0 t=5564273880000 ly=3 ten_o=3 acc=0 dest=49280
MV0 t=5569527000000 ly=3 ten_o=3 acc=0 dest=49408
MV0 t=5574780120000 ly=3 ten_o=3 acc=0 dest=49536
MV0 t=5580033240000 ly=3 ten_o=3 acc=0 dest=49664
MV0 t=5585286360000 ly=3 ten_o=3 acc=0 dest=49792
MV0 t=5590539480000 ly=3 ten_o=3 acc=0 dest=49920
MV0 t=5595792600000 ly=3 ten_o=3 acc=0 dest=50048
MV0 t=5601045720000 ly=3 ten_o=4 acc=0 dest=65536
MV0 t=5606298840000 ly=3 ten_o=4 acc=0 dest=65664
MV0 t=5611551960000 ly=3 ten_o=4 acc=0 dest=65792
MV0 t=5616805080000 ly=3 ten_o=4 acc=0 dest=65920
MV0 t=5622058200000 ly=3 ten_o=4 acc=0 dest=66048
MV0 t=5627311320000 ly=3 ten_o=4 acc=0 dest=66176
MV0 t=5632564440000 ly=3 ten_o=4 acc=0 dest=66304
MV0 t=5637817560000 ly=3 ten_o=4 acc=0 dest=66432
ATTQK t=5643070600000 ard=-167 ardb=-828 qa=32768 ka=49152
ATTO t=5643095640000 h=0 q=749 z=16 acc=11984 dest=81920
ATTQK t=5643237240000 ard=1422 ardb=355 qa=32800 ka=49184
ATTO t=5643262280000 h=1 q=1190 z=16 acc=19040 dest=81952
ATTQK t=5643403880000 ard=229 ardb=-39 qa=32832 ka=49216
ATTO t=5643428920000 h=2 q=106 z=16 acc=1696 dest=81984
ATTQK t=5643570520000 ard=-589 ardb=119 qa=32864 ka=49248
ATTO t=5643595560000 h=3 q=757 z=16 acc=12112 dest=82016
ATTQK t=5643737160000 ard=-271 ardb=-828 qa=32896 ka=49152
ATTO t=5643773000000 h=0 q=749 z=16 acc=11984 dest=82048
ATTQK t=5643924520000 ard=1448 ardb=355 qa=32928 ka=49184
ATTO t=5643960360000 h=1 q=958 z=16 acc=15328 dest=82080
ATTQK t=5644111880000 ard=1561 ardb=-39 qa=32960 ka=49216
ATTO t=5644147720000 h=2 q=106 z=16 acc=1696 dest=82112
ATTQK t=5644299240000 ard=644 ardb=119 qa=32992 ka=49248
ATTO t=5644335080000 h=3 q=757 z=16 acc=12112 dest=82144
ATTQK t=5644486600000 ard=-515 ardb=-828 qa=33024 ka=49152
ATTO t=5644533240000 h=0 q=749 z=16 acc=11984 dest=82176
ATTQK t=5644694680000 ard=-573 ardb=355 qa=33056 ka=49184
ATTO t=5644741320000 h=1 q=958 z=16 acc=15328 dest=82208
ATTQK t=5644902760000 ard=1040 ardb=-39 qa=33088 ka=49216
ATTO t=5644949400000 h=2 q=106 z=16 acc=1696 dest=82240
ATTQK t=5645110840000 ard=581 ardb=119 qa=33120 ka=49248
ATTO t=5645157480000 h=3 q=163 z=16 acc=2608 dest=82272
ATTQK t=5645318920000 ard=-1256 ardb=-828 qa=33152 ka=49152
ATTO t=5645376360000 h=0 q=749 z=16 acc=11984 dest=82304
ATTQK t=5645547720000 ard=533 ardb=355 qa=33184 ka=49184
ATTO t=5645605160000 h=1 q=791 z=16 acc=12656 dest=82336
ATTQK t=5645776520000 ard=715 ardb=-39 qa=33216 ka=49216
ATTO t=5645833960000 h=2 q=862 z=16 acc=13792 dest=82368
ATTQK t=5646005320000 ard=888 ardb=119 qa=33248 ka=49248
ATTO t=5646062760000 h=3 q=757 z=16 acc=12112 dest=82400
ATTQK t=5646234120000 ard=-1672 ardb=-828 qa=33280 ka=49152
ATTO t=5646302360000 h=0 q=749 z=16 acc=11984 dest=82432
ATTQK t=5646483640000 ard=1039 ardb=355 qa=33312 ka=49184
ATTO t=5646551880000 h=1 q=958 z=16 acc=15328 dest=82464
ATTQK t=5646733160000 ard=1297 ardb=-39 qa=33344 ka=49216
ATTO t=5646801400000 h=2 q=9 z=16 acc=144 dest=82496
ATTQK t=5646982680000 ard=-14 ardb=119 qa=33376 ka=49248
ATTO t=5647050920000 h=3 q=-37 z=16 acc=-592 dest=82528
ATTQK t=5647232200000 ard=-721 ardb=-828 qa=33408 ka=49152
ATTO t=5647311240000 h=0 q=72 z=16 acc=1152 dest=82560
ATTQK t=5647502440000 ard=585 ardb=355 qa=33440 ka=49184
ATTO t=5647581480000 h=1 q=1122 z=16 acc=17952 dest=82592
ATTQK t=5647772680000 ard=757 ardb=-39 qa=33472 ka=49216
ATTO t=5647851720000 h=2 q=862 z=16 acc=13792 dest=82624
ATTQK t=5648042920000 ard=542 ardb=119 qa=33504 ka=49248
ATTO t=5648121960000 h=3 q=-37 z=16 acc=-592 dest=82656
ATTQK t=5648313160000 ard=-603 ardb=-828 qa=33536 ka=49152
ATTO t=5648403000000 h=0 q=-132 z=16 acc=-2112 dest=82688
ATTQK t=5648604120000 ard=1375 ardb=355 qa=33568 ka=49184
ATTO t=5648693960000 h=1 q=1122 z=16 acc=17952 dest=82720
ATTQK t=5648895080000 ard=632 ardb=-39 qa=33600 ka=49216
ATTO t=5648984920000 h=2 q=9 z=16 acc=144 dest=82752
ATTQK t=5649186040000 ard=847 ardb=119 qa=33632 ka=49248
ATTO t=5649275880000 h=3 q=-219 z=16 acc=-3504 dest=82784
ATTQK t=5649477000000 ard=363 ardb=-828 qa=33664 ka=49152
ATTO t=5649577640000 h=0 q=72 z=16 acc=1152 dest=82816
ATTQK t=5649788680000 ard=516 ardb=355 qa=33696 ka=49184
ATTO t=5649889320000 h=1 q=1122 z=16 acc=17952 dest=82848
ATTQK t=5650100360000 ard=165 ardb=-39 qa=33728 ka=49216
ATTO t=5650201000000 h=2 q=-1010 z=16 acc=-16160 dest=82880
ATTQK t=5650412040000 ard=1176 ardb=119 qa=33760 ka=49248
ATTO t=5650512680000 h=3 q=400 z=16 acc=6400 dest=82912
MV0 t=5650723800000 ly=3 ten_o=5 acc=0 dest=81920
MV0 t=5655976920000 ly=3 ten_o=5 acc=0 dest=82048
MV0 t=5661230040000 ly=3 ten_o=5 acc=0 dest=82176
MV0 t=5666483160000 ly=3 ten_o=5 acc=0 dest=82304
MV0 t=5671736280000 ly=3 ten_o=5 acc=0 dest=82432
MV0 t=5676989400000 ly=3 ten_o=5 acc=0 dest=82560
MV0 t=5682242520000 ly=3 ten_o=5 acc=0 dest=82688
MV0 t=5687495640000 ly=3 ten_o=5 acc=0 dest=82816
ADD t=5692748680000 ly=3 ten=0 ard=19931 ardb=15295
ADD t=5692779400000 ly=3 ten=0 ard=24301 ardb=17671
ADD t=5692810120000 ly=3 ten=0 ard=-32768 ardb=32767
ADD t=5692840840000 ly=3 ten=0 ard=-32768 ardb=-9029
ADD t=5692871560000 ly=3 ten=0 ard=9322 ardb=1627
ADD t=5692902280000 ly=3 ten=0 ard=-26290 ardb=-1519
ADD t=5692933000000 ly=3 ten=0 ard=16081 ardb=-12954
ADD t=5692963720000 ly=3 ten=0 ard=-15802 ardb=-3591
LNV t=5693070200000 acc=76719462887 var=1198741607 mu=3812
LNO t=5693080360000 ly=3 ten=6 ard=32767 mu=3812 sc=24482 q=18
LNV t=5693715160000 acc=75131285469 var=1173926335 mu=3798
LNO t=5693725320000 ly=3 ten=6 ard=32767 mu=3798 sc=24227 q=19
LNV t=5694360120000 acc=78214043392 var=1222094428 mu=101
LNO t=5694370280000 ly=3 ten=6 ard=-1 mu=101 sc=24719 q=-1
LNV t=5695005080000 acc=70746152193 var=1105408628 mu=835
LNO t=5695015240000 ly=3 ten=6 ard=-32768 mu=835 sc=23509 q=-23
LNV t=5695650040000 acc=71192448237 var=1112382003 mu=2802
LNO t=5695660200000 ly=3 ten=6 ard=10949 mu=2802 sc=23583 q=5
LNV t=5696295000000 acc=73425217915 var=1147269029 mu=-1617
LNO t=5696305160000 ly=3 ten=6 ard=-27809 mu=-1617 sc=23950 q=-18
LNV t=5696939960000 acc=70550366596 var=1102349478 mu=470
LNO t=5696950120000 ly=3 ten=6 ard=3127 mu=470 sc=23477 q=1
LNV t=5697584920000 acc=75678129730 var=1182470777 mu=1318
LNO t=5697595080000 ly=3 ten=6 ard=-19393 mu=1318 sc=24315 q=-14
MV0 t=5698154200000 ly=3 ten_o=0 acc=0 dest=0
MV0 t=5708660440000 ly=3 ten_o=0 acc=0 dest=128
MV0 t=5719166680000 ly=3 ten_o=0 acc=0 dest=256
MV0 t=5729672920000 ly=3 ten_o=0 acc=0 dest=384
MV0 t=5740179160000 ly=3 ten_o=0 acc=0 dest=512
MV0 t=5750685400000 ly=3 ten_o=0 acc=0 dest=640
MV0 t=5761191640000 ly=3 ten_o=0 acc=0 dest=768
MV0 t=5771697880000 ly=3 ten_o=0 acc=0 dest=896
MV0 t=5782204120000 ly=3 ten_o=6 acc=0 dest=98304
MV0 t=5792700120000 ly=3 ten_o=6 acc=0 dest=98432
MV0 t=5803196120000 ly=3 ten_o=6 acc=0 dest=98560
MV0 t=5813692120000 ly=3 ten_o=6 acc=0 dest=98688
MV0 t=5824188120000 ly=3 ten_o=6 acc=0 dest=98816
MV0 t=5834684120000 ly=3 ten_o=6 acc=0 dest=98944
MV0 t=5845180120000 ly=3 ten_o=6 acc=0 dest=99072
MV0 t=5855676120000 ly=3 ten_o=6 acc=0 dest=99200
ADD t=5866172040000 ly=3 ten=1 ard=32767 ardb=8784
ADD t=5866202760000 ly=3 ten=1 ard=32767 ardb=-20769
ADD t=5866233480000 ly=3 ten=1 ard=-1 ardb=-24669
ADD t=5866264200000 ly=3 ten=1 ard=-32768 ardb=-29661
ADD t=5866294920000 ly=3 ten=1 ard=10949 ardb=13749
ADD t=5866325640000 ly=3 ten=1 ard=-27809 ardb=-15239
ADD t=5866356360000 ly=3 ten=1 ard=3127 ardb=572
ADD t=5866387080000 ly=3 ten=1 ard=-19393 ardb=-2694
HEAD t=5866417800000 col=0 wrd=6 ard=-22087 waddr=671744 aaddr=896 acc=0
MV0 t=5866417880000 ly=3 ten_o=7 acc=0 dest=115584
HEAD t=5866418120000 col=1 wrd=6 ard=-1 waddr=671745 aaddr=897 acc=-132522
SMX t=5908442600000 logit0=741526
CFRAME HELD_B C1 MODE=8 C2 ANCH=00000000000000b2
CFRAME HELD_B C9 TOPK=0f0e0d0c090b080a R1S=0000008a R1R=0c R1O=0000020a
CFRAME HELD_B C10 LMST=1 LMDN=1 OUT=237
LMST_RISE n=5 cyc=73858683
EMB_POS t=5908695800000 dim=0 wrd=-3 awd=-3
EMB_POS t=5908696040000 dim=1 wrd=3 awd=3
EMB_TOK t=5908941560000 dim=0 wrd=6 ard=-3 awd=3
EMB_TOK t=5908941800000 dim=1 wrd=3 ard=3 awd=6
LNV t=5909263080000 acc=2554 var=39 mu=-1
LNO t=5909273240000 ly=0 ten=0 ard=3 mu=-1 sc=4 q=16
LNV t=5909908040000 acc=2241 var=35 mu=0
LNO t=5909918200000 ly=0 ten=0 ard=-5 mu=0 sc=4 q=-20
LNV t=5910553000000 acc=2090 var=32 mu=0
LNO t=5910563160000 ly=0 ten=0 ard=-8 mu=0 sc=4 q=-32
LNV t=5911197960000 acc=2884 var=45 mu=-1
LNO t=5911208120000 ly=0 ten=0 ard=-7 mu=-1 sc=4 q=-24
LNV t=5911842920000 acc=2345 var=36 mu=0
LNO t=5911853080000 ly=0 ten=0 ard=3 mu=0 sc=4 q=12
LNV t=5912487880000 acc=2349 var=36 mu=-1
LNO t=5912498040000 ly=0 ten=0 ard=5 mu=-1 sc=4 q=24
LNV t=5913132840000 acc=2318 var=36 mu=-1
LNO t=5913143000000 ly=0 ten=0 ard=-2 mu=-1 sc=4 q=-4
LNV t=5913777800000 acc=2256 var=35 mu=0
LNO t=5913787960000 ly=0 ten=0 ard=-3 mu=0 sc=4 q=-12
MV0 t=5914347080000 ly=0 ten_o=2 acc=0 dest=32768
MV0 t=5919600200000 ly=0 ten_o=2 acc=0 dest=32896
MV0 t=5924853320000 ly=0 ten_o=2 acc=0 dest=33024
MV0 t=5930106440000 ly=0 ten_o=2 acc=0 dest=33152
MV0 t=5935359560000 ly=0 ten_o=2 acc=0 dest=33280
MV0 t=5940612680000 ly=0 ten_o=2 acc=0 dest=33408
MV0 t=5945865800000 ly=0 ten_o=2 acc=0 dest=33536
MV0 t=5951118920000 ly=0 ten_o=2 acc=0 dest=33664
MV0 t=5956372040000 ly=0 ten_o=3 acc=0 dest=49152
MV0 t=5961625160000 ly=0 ten_o=3 acc=0 dest=49280
MV0 t=5966878280000 ly=0 ten_o=3 acc=0 dest=49408
MV0 t=5972131400000 ly=0 ten_o=3 acc=0 dest=49536
MV0 t=5977384520000 ly=0 ten_o=3 acc=0 dest=49664
MV0 t=5982637640000 ly=0 ten_o=3 acc=0 dest=49792
MV0 t=5987890760000 ly=0 ten_o=3 acc=0 dest=49920
MV0 t=5993143880000 ly=0 ten_o=3 acc=0 dest=50048
MV0 t=5998397000000 ly=0 ten_o=4 acc=0 dest=65536
MV0 t=6003650120000 ly=0 ten_o=4 acc=0 dest=65664
MV0 t=6008903240000 ly=0 ten_o=4 acc=0 dest=65792
MV0 t=6014156360000 ly=0 ten_o=4 acc=0 dest=65920
MV0 t=6019409480000 ly=0 ten_o=4 acc=0 dest=66048
MV0 t=6024662600000 ly=0 ten_o=4 acc=0 dest=66176
MV0 t=6029915720000 ly=0 ten_o=4 acc=0 dest=66304
MV0 t=6035168840000 ly=0 ten_o=4 acc=0 dest=66432
ATTQK t=6040421880000 ard=140 ardb=96 qa=32768 ka=49152
ATTO t=6040446920000 h=0 q=-1256 z=16 acc=-20096 dest=81920
ATTQK t=6040588520000 ard=764 ardb=-1408 qa=32800 ka=49184
ATTO t=6040613560000 h=1 q=-12 z=16 acc=-192 dest=81952
ATTQK t=6040755160000 ard=-244 ardb=4 qa=32832 ka=49216
ATTO t=6040780200000 h=2 q=168 z=16 acc=2688 dest=81984
ATTQK t=6040921800000 ard=108 ardb=396 qa=32864 ka=49248
ATTO t=6040946840000 h=3 q=684 z=16 acc=10944 dest=82016
ATTQK t=6041088440000 ard=-588 ardb=96 qa=32896 ka=49152
ATTO t=6041124280000 h=0 q=-1256 z=16 acc=-20096 dest=82048
ATTQK t=6041275800000 ard=-372 ardb=-1408 qa=32928 ka=49184
ATTO t=6041311640000 h=1 q=-12 z=16 acc=-192 dest=82080
ATTQK t=6041463160000 ard=-1032 ardb=4 qa=32960 ka=49216
ATTO t=6041499000000 h=2 q=780 z=16 acc=12480 dest=82112
ATTQK t=6041650520000 ard=-584 ardb=396 qa=32992 ka=49248
ATTO t=6041686360000 h=3 q=-620 z=16 acc=-9920 dest=82144
ATTQK t=6041837880000 ard=464 ardb=96 qa=33024 ka=49152
ATTO t=6041884520000 h=0 q=984 z=16 acc=15744 dest=82176
ATTQK t=6042045960000 ard=1148 ardb=-1408 qa=33056 ka=49184
ATTO t=6042092600000 h=1 q=-76 z=16 acc=-1216 dest=82208
ATTQK t=6042254040000 ard=196 ardb=4 qa=33088 ka=49216
ATTO t=6042300680000 h=2 q=-408 z=16 acc=-6528 dest=82240
ATTQK t=6042462120000 ard=44 ardb=396 qa=33120 ka=49248
ATTO t=6042508760000 h=3 q=-620 z=16 acc=-9920 dest=82272
ATTQK t=6042670200000 ard=572 ardb=96 qa=33152 ka=49152
ATTO t=6042727640000 h=0 q=984 z=16 acc=15744 dest=82304
ATTQK t=6042899000000 ard=172 ardb=-1408 qa=33184 ka=49184
ATTO t=6042956440000 h=1 q=-1016 z=16 acc=-16256 dest=82336
ATTQK t=6043127800000 ard=-640 ardb=4 qa=33216 ka=49216
ATTO t=6043185240000 h=2 q=780 z=16 acc=12480 dest=82368
ATTQK t=6043356600000 ard=252 ardb=396 qa=33248 ka=49248
ATTO t=6043414040000 h=3 q=-620 z=16 acc=-9920 dest=82400
ATTQK t=6043585400000 ard=-924 ardb=96 qa=33280 ka=49152
ATTO t=6043653640000 h=0 q=64 z=16 acc=1024 dest=82432
ATTQK t=6043834920000 ard=-516 ardb=-1408 qa=33312 ka=49184
ATTO t=6043903160000 h=1 q=296 z=16 acc=4736 dest=82464
ATTQK t=6044084440000 ard=-8 ardb=4 qa=33344 ka=49216
ATTO t=6044152680000 h=2 q=-120 z=16 acc=-1920 dest=82496
ATTQK t=6044333960000 ard=352 ardb=396 qa=33376 ka=49248
ATTO t=6044402200000 h=3 q=-120 z=16 acc=-1920 dest=82528
ATTQK t=6044583480000 ard=476 ardb=96 qa=33408 ka=49152
ATTO t=6044662520000 h=0 q=-344 z=16 acc=-5504 dest=82560
ATTQK t=6044853720000 ard=-124 ardb=-1408 qa=33440 ka=49184
ATTO t=6044932760000 h=1 q=-1016 z=16 acc=-16256 dest=82592
ATTQK t=6045123960000 ard=-144 ardb=4 qa=33472 ka=49216
ATTO t=6045203000000 h=2 q=780 z=16 acc=12480 dest=82624
ATTQK t=6045394200000 ard=-868 ardb=396 qa=33504 ka=49248
ATTO t=6045473240000 h=3 q=-120 z=16 acc=-1920 dest=82656
ATTQK t=6045664440000 ard=600 ardb=96 qa=33536 ka=49152
ATTO t=6045754280000 h=0 q=84 z=16 acc=1344 dest=82688
ATTQK t=6045955400000 ard=88 ardb=-1408 qa=33568 ka=49184
ATTO t=6046045240000 h=1 q=296 z=16 acc=4736 dest=82720
ATTQK t=6046246360000 ard=12 ardb=4 qa=33600 ka=49216
ATTO t=6046336200000 h=2 q=-120 z=16 acc=-1920 dest=82752
ATTQK t=6046537320000 ard=-668 ardb=396 qa=33632 ka=49248
ATTO t=6046627160000 h=3 q=-8 z=16 acc=-128 dest=82784
ATTQK t=6046828280000 ard=-540 ardb=96 qa=33664 ka=49152
ATTO t=6046928920000 h=0 q=-1256 z=16 acc=-20096 dest=82816
ATTQK t=6047139960000 ard=212 ardb=-1408 qa=33696 ka=49184
ATTO t=6047240600000 h=1 q=632 z=16 acc=10112 dest=82848
ATTQK t=6047451640000 ard=1264 ardb=4 qa=33728 ka=49216
ATTO t=6047552280000 h=2 q=696 z=16 acc=11136 dest=82880
ATTQK t=6047763320000 ard=992 ardb=396 qa=33760 ka=49248
ATTO t=6047863960000 h=3 q=172 z=16 acc=2752 dest=82912
MV0 t=6048075080000 ly=0 ten_o=5 acc=0 dest=81920
MV0 t=6053328200000 ly=0 ten_o=5 acc=0 dest=82048
MV0 t=6058581320000 ly=0 ten_o=5 acc=0 dest=82176
MV0 t=6063834440000 ly=0 ten_o=5 acc=0 dest=82304
MV0 t=6069087560000 ly=0 ten_o=5 acc=0 dest=82432
MV0 t=6074340680000 ly=0 ten_o=5 acc=0 dest=82560
MV0 t=6079593800000 ly=0 ten_o=5 acc=0 dest=82688
MV0 t=6084846920000 ly=0 ten_o=5 acc=0 dest=82816
ADD t=6090099960000 ly=0 ten=0 ard=3 ardb=20096
ADD t=6090130680000 ly=0 ten=0 ard=-5 ardb=-19996
ADD t=6090161400000 ly=0 ten=0 ard=-8 ardb=3828
ADD t=6090192120000 ly=0 ten=0 ard=-7 ardb=-32768
ADD t=6090222840000 ly=0 ten=0 ard=3 ardb=3928
ADD t=6090253560000 ly=0 ten=0 ard=5 ardb=3892
ADD t=6090284280000 ly=0 ten=0 ard=-2 ardb=31700
ADD t=6090315000000 ly=0 ten=0 ard=-3 ardb=-32768
LNV t=6090421480000 acc=73821434242 var=1153459910 mu=1723
LNO t=6090431640000 ly=0 ten=6 ard=20099 mu=1723 sc=24015 q=12
LNV t=6091066440000 acc=69800898828 var=1090639044 mu=-1375
LNO t=6091076600000 ly=0 ten=6 ard=-20001 mu=-1375 sc=23352 q=-13
LNV t=6091711400000 acc=67196746178 var=1049949159 mu=-1798
LNO t=6091721560000 ly=0 ten=6 ard=3820 mu=-1798 sc=22912 q=3
LNV t=6092356360000 acc=66026016368 var=1031656505 mu=-642
LNO t=6092366520000 ly=0 ten=6 ard=-32768 mu=-642 sc=22711 q=-23
LNV t=6093001320000 acc=48224652788 var=753510199 mu=2458
LNO t=6093011480000 ly=0 ten=6 ard=3931 mu=2458 sc=19410 q=1
LNV t=6093646280000 acc=64876310742 var=1013692355 mu=2244
LNO t=6093656440000 ly=0 ten=6 ard=3897 mu=2244 sc=22513 q=1
LNV t=6094291240000 acc=63116217300 var=986190895 mu=-3214
LNO t=6094301400000 ly=0 ten=6 ard=31698 mu=-3214 sc=22205 q=25
LNV t=6094936200000 acc=65652014738 var=1025812730 mu=-581
LNO t=6094946360000 ly=0 ten=6 ard=-32768 mu=-581 sc=22647 q=-23
MV0 t=6095505480000 ly=0 ten_o=0 acc=0 dest=0
MV0 t=6106011720000 ly=0 ten_o=0 acc=0 dest=128
MV0 t=6116517960000 ly=0 ten_o=0 acc=0 dest=256
MV0 t=6127024200000 ly=0 ten_o=0 acc=0 dest=384
MV0 t=6137530440000 ly=0 ten_o=0 acc=0 dest=512
MV0 t=6148036680000 ly=0 ten_o=0 acc=0 dest=640
MV0 t=6158542920000 ly=0 ten_o=0 acc=0 dest=768
MV0 t=6169049160000 ly=0 ten_o=0 acc=0 dest=896
MV0 t=6179555400000 ly=0 ten_o=6 acc=0 dest=98304
MV0 t=6190051400000 ly=0 ten_o=6 acc=0 dest=98432
MV0 t=6200547400000 ly=0 ten_o=6 acc=0 dest=98560
MV0 t=6211043400000 ly=0 ten_o=6 acc=0 dest=98688
MV0 t=6221539400000 ly=0 ten_o=6 acc=0 dest=98816
MV0 t=6232035400000 ly=0 ten_o=6 acc=0 dest=98944
MV0 t=6242531400000 ly=0 ten_o=6 acc=0 dest=99072
MV0 t=6253027400000 ly=0 ten_o=6 acc=0 dest=99200
ADD t=6263523320000 ly=0 ten=1 ard=20099 ardb=-5145
ADD t=6263554040000 ly=0 ten=1 ard=-20001 ardb=17325
ADD t=6263584760000 ly=0 ten=1 ard=3820 ardb=28634
ADD t=6263615480000 ly=0 ten=1 ard=-32768 ardb=25669
ADD t=6263646200000 ly=0 ten=1 ard=3931 ardb=32767
ADD t=6263676920000 ly=0 ten=1 ard=3897 ardb=30215
ADD t=6263707640000 ly=0 ten=1 ard=31698 ardb=16513
ADD t=6263738360000 ly=0 ten=1 ard=-32768 ardb=24065
LNV t=6263844840000 acc=75939756812 var=1186558700 mu=1355
LNO t=6263855000000 ly=1 ten=0 ard=14954 mu=1355 sc=24357 q=8
LNV t=6264489800000 acc=73152614605 var=1143009603 mu=1968
LNO t=6264499960000 ly=1 ten=0 ard=-2676 mu=1968 sc=23906 q=-4
LNV t=6265134760000 acc=66909952951 var=1045468014 mu=564
LNO t=6265144920000 ly=1 ten=0 ard=32454 mu=564 sc=22863 q=22
LNV t=6265779720000 acc=65673165607 var=1026143212 mu=1106
LNO t=6265789880000 ly=1 ten=0 ard=-7099 mu=1106 sc=22651 q=-6
LNV t=6266424680000 acc=67835781256 var=1059934082 mu=2844
LNO t=6266434840000 ly=1 ten=0 ard=32767 mu=2844 sc=23021 q=20
LNV t=6267069640000 acc=71686299306 var=1120098426 mu=1977
LNO t=6267079800000 ly=1 ten=0 ard=32767 mu=1977 sc=23665 q=20
LNV t=6267714600000 acc=65281473598 var=1020023024 mu=-2214
LNO t=6267724760000 ly=1 ten=0 ard=32767 mu=-2214 sc=22583 q=24
LNV t=6268359560000 acc=74087395276 var=1157615551 mu=187
LNO t=6268369720000 ly=1 ten=0 ard=-8703 mu=187 sc=24058 q=-6
MV0 t=6268928840000 ly=1 ten_o=2 acc=0 dest=32768
MV0 t=6274181960000 ly=1 ten_o=2 acc=0 dest=32896
MV0 t=6279435080000 ly=1 ten_o=2 acc=0 dest=33024
MV0 t=6284688200000 ly=1 ten_o=2 acc=0 dest=33152
MV0 t=6289941320000 ly=1 ten_o=2 acc=0 dest=33280
MV0 t=6295194440000 ly=1 ten_o=2 acc=0 dest=33408
MV0 t=6300447560000 ly=1 ten_o=2 acc=0 dest=33536
MV0 t=6305700680000 ly=1 ten_o=2 acc=0 dest=33664
MV0 t=6310953800000 ly=1 ten_o=3 acc=0 dest=49152
MV0 t=6316206920000 ly=1 ten_o=3 acc=0 dest=49280
MV0 t=6321460040000 ly=1 ten_o=3 acc=0 dest=49408
MV0 t=6326713160000 ly=1 ten_o=3 acc=0 dest=49536
MV0 t=6331966280000 ly=1 ten_o=3 acc=0 dest=49664
MV0 t=6337219400000 ly=1 ten_o=3 acc=0 dest=49792
MV0 t=6342472520000 ly=1 ten_o=3 acc=0 dest=49920
MV0 t=6347725640000 ly=1 ten_o=3 acc=0 dest=50048
MV0 t=6352978760000 ly=1 ten_o=4 acc=0 dest=65536
MV0 t=6358231880000 ly=1 ten_o=4 acc=0 dest=65664
MV0 t=6363485000000 ly=1 ten_o=4 acc=0 dest=65792
MV0 t=6368738120000 ly=1 ten_o=4 acc=0 dest=65920
MV0 t=6373991240000 ly=1 ten_o=4 acc=0 dest=66048
MV0 t=6379244360000 ly=1 ten_o=4 acc=0 dest=66176
MV0 t=6384497480000 ly=1 ten_o=4 acc=0 dest=66304
MV0 t=6389750600000 ly=1 ten_o=4 acc=0 dest=66432
ATTQK t=6395003640000 ard=-269 ardb=-212 qa=32768 ka=49152
ATTO t=6395028680000 h=0 q=718 z=16 acc=11488 dest=81920
ATTQK t=6395170280000 ard=-773 ardb=277 qa=32800 ka=49184
ATTO t=6395195320000 h=1 q=-369 z=16 acc=-5904 dest=81952
ATTQK t=6395336920000 ard=-371 ardb=228 qa=32832 ka=49216
ATTO t=6395361960000 h=2 q=-707 z=16 acc=-11312 dest=81984
ATTQK t=6395503560000 ard=591 ardb=-340 qa=32864 ka=49248
ATTO t=6395528600000 h=3 q=548 z=16 acc=8768 dest=82016
ATTQK t=6395670200000 ard=-229 ardb=-212 qa=32896 ka=49152
ATTO t=6395706040000 h=0 q=-13 z=16 acc=-208 dest=82048
ATTQK t=6395857560000 ard=-93 ardb=277 qa=32928 ka=49184
ATTO t=6395893400000 h=1 q=-369 z=16 acc=-5904 dest=82080
ATTQK t=6396044920000 ard=-1047 ardb=228 qa=32960 ka=49216
ATTO t=6396080760000 h=2 q=-707 z=16 acc=-11312 dest=82112
ATTQK t=6396232280000 ard=-490 ardb=-340 qa=32992 ka=49248
ATTO t=6396268120000 h=3 q=57 z=16 acc=912 dest=82144
ATTQK t=6396419640000 ard=-1011 ardb=-212 qa=33024 ka=49152
ATTO t=6396466280000 h=0 q=718 z=16 acc=11488 dest=82176
ATTQK t=6396627720000 ard=357 ardb=277 qa=33056 ka=49184
ATTO t=6396674360000 h=1 q=-369 z=16 acc=-5904 dest=82208
ATTQK t=6396835800000 ard=-446 ardb=228 qa=33088 ka=49216
ATTO t=6396882440000 h=2 q=-481 z=16 acc=-7696 dest=82240
ATTQK t=6397043880000 ard=16 ardb=-340 qa=33120 ka=49248
ATTO t=6397090520000 h=3 q=47 z=16 acc=752 dest=82272
ATTQK t=6397251960000 ard=-465 ardb=-212 qa=33152 ka=49152
ATTO t=6397309400000 h=0 q=718 z=16 acc=11488 dest=82304
ATTQK t=6397480760000 ard=569 ardb=277 qa=33184 ka=49184
ATTO t=6397538200000 h=1 q=-193 z=16 acc=-3088 dest=82336
ATTQK t=6397709560000 ard=-111 ardb=228 qa=33216 ka=49216
ATTO t=6397767000000 h=2 q=-1101 z=16 acc=-17616 dest=82368
ATTQK t=6397938360000 ard=845 ardb=-340 qa=33248 ka=49248
ATTO t=6397995800000 h=3 q=47 z=16 acc=752 dest=82400
ATTQK t=6398167160000 ard=702 ardb=-212 qa=33280 ka=49152
ATTO t=6398235400000 h=0 q=670 z=16 acc=10720 dest=82432
ATTQK t=6398416680000 ard=215 ardb=277 qa=33312 ka=49184
ATTO t=6398484920000 h=1 q=141 z=16 acc=2256 dest=82464
ATTQK t=6398666200000 ard=285 ardb=228 qa=33344 ka=49216
ATTO t=6398734440000 h=2 q=-481 z=16 acc=-7696 dest=82496
ATTQK t=6398915720000 ard=-564 ardb=-340 qa=33376 ka=49248
ATTO t=6398983960000 h=3 q=533 z=16 acc=8528 dest=82528
ATTQK t=6399165240000 ard=-383 ardb=-212 qa=33408 ka=49152
ATTO t=6399244280000 h=0 q=-124 z=16 acc=-1984 dest=82560
ATTQK t=6399435480000 ard=341 ardb=277 qa=33440 ka=49184
ATTO t=6399514520000 h=1 q=-444 z=16 acc=-7104 dest=82592
ATTQK t=6399705720000 ard=27 ardb=228 qa=33472 ka=49216
ATTO t=6399784760000 h=2 q=258 z=16 acc=4128 dest=82624
ATTQK t=6399975960000 ard=95 ardb=-340 qa=33504 ka=49248
ATTO t=6400055000000 h=3 q=533 z=16 acc=8528 dest=82656
ATTQK t=6400246200000 ard=-66 ardb=-212 qa=33536 ka=49152
ATTO t=6400336040000 h=0 q=-13 z=16 acc=-208 dest=82688
ATTQK t=6400537160000 ard=166 ardb=277 qa=33568 ka=49184
ATTO t=6400627000000 h=1 q=-193 z=16 acc=-3088 dest=82720
ATTQK t=6400828120000 ard=288 ardb=228 qa=33600 ka=49216
ATTO t=6400917960000 h=2 q=-481 z=16 acc=-7696 dest=82752
ATTQK t=6401119080000 ard=-616 ardb=-340 qa=33632 ka=49248
ATTO t=6401208920000 h=3 q=66 z=16 acc=1056 dest=82784
ATTQK t=6401410040000 ard=-233 ardb=-212 qa=33664 ka=49152
ATTO t=6401510680000 h=0 q=350 z=16 acc=5600 dest=82816
ATTQK t=6401721720000 ard=-682 ardb=277 qa=33696 ka=49184
ATTO t=6401822360000 h=1 q=141 z=16 acc=2256 dest=82848
ATTQK t=6402033400000 ard=-849 ardb=228 qa=33728 ka=49216
ATTO t=6402134040000 h=2 q=258 z=16 acc=4128 dest=82880
ATTQK t=6402345080000 ard=2391 ardb=-340 qa=33760 ka=49248
ATTO t=6402445720000 h=3 q=533 z=16 acc=8528 dest=82912
MV0 t=6402656840000 ly=1 ten_o=5 acc=0 dest=81920
MV0 t=6407909960000 ly=1 ten_o=5 acc=0 dest=82048
MV0 t=6413163080000 ly=1 ten_o=5 acc=0 dest=82176
MV0 t=6418416200000 ly=1 ten_o=5 acc=0 dest=82304
MV0 t=6423669320000 ly=1 ten_o=5 acc=0 dest=82432
MV0 t=6428922440000 ly=1 ten_o=5 acc=0 dest=82560
MV0 t=6434175560000 ly=1 ten_o=5 acc=0 dest=82688
MV0 t=6439428680000 ly=1 ten_o=5 acc=0 dest=82816
ADD t=6444681720000 ly=1 ten=0 ard=14954 ardb=21423
ADD t=6444712440000 ly=1 ten=0 ard=-2676 ardb=3683
ADD t=6444743160000 ly=1 ten=0 ard=32454 ardb=-17474
ADD t=6444773880000 ly=1 ten=0 ard=-7099 ardb=-32768
ADD t=6444804600000 ly=1 ten=0 ard=32767 ardb=-32768
ADD t=6444835320000 ly=1 ten=0 ard=32767 ardb=10268
ADD t=6444866040000 ly=1 ten=0 ard=32767 ardb=-24077
ADD t=6444896760000 ly=1 ten=0 ard=-8703 ardb=-32768
LNV t=6445003240000 acc=70286214699 var=1098222104 mu=1242
LNO t=6445013400000 ly=1 ten=6 ard=32767 mu=1242 sc=23433 q=21
LNV t=6445648200000 acc=73992648103 var=1156135126 mu=939
LNO t=6445658360000 ly=1 ten=6 ard=1007 mu=939 sc=24043 q=0
LNV t=6446293160000 acc=61051480238 var=953929378 mu=-8
LNO t=6446303320000 ly=1 ten=6 ard=14980 mu=-8 sc=21839 q=10
LNV t=6446938120000 acc=69975422051 var=1093365969 mu=654
LNO t=6446948280000 ly=1 ten=6 ard=-32768 mu=654 sc=23381 q=-23
LNV t=6447583080000 acc=71881803051 var=1123153172 mu=2069
LNO t=6447593240000 ly=1 ten=6 ard=-1 mu=2069 sc=23697 q=-2
LNV t=6448228040000 acc=79667550718 var=1244805479 mu=-245
LNO t=6448238200000 ly=1 ten=6 ard=32767 mu=-245 sc=24948 q=21
LNV t=6448873000000 acc=64412508712 var=1006445448 mu=-1700
LNO t=6448883160000 ly=1 ten=6 ard=8690 mu=-1700 sc=22432 q=7
LNV t=6449517960000 acc=76612094060 var=1197063969 mu=814
LNO t=6449528120000 ly=1 ten=6 ard=-32768 mu=814 sc=24464 q=-22
MV0 t=6450087240000 ly=1 ten_o=0 acc=0 dest=0
MV0 t=6460593480000 ly=1 ten_o=0 acc=0 dest=128
MV0 t=6471099720000 ly=1 ten_o=0 acc=0 dest=256
MV0 t=6481605960000 ly=1 ten_o=0 acc=0 dest=384
MV0 t=6492112200000 ly=1 ten_o=0 acc=0 dest=512
MV0 t=6502618440000 ly=1 ten_o=0 acc=0 dest=640
MV0 t=6513124680000 ly=1 ten_o=0 acc=0 dest=768
MV0 t=6523630920000 ly=1 ten_o=0 acc=0 dest=896
MV0 t=6534137160000 ly=1 ten_o=6 acc=0 dest=98304
MV0 t=6544633160000 ly=1 ten_o=6 acc=0 dest=98432
MV0 t=6555129160000 ly=1 ten_o=6 acc=0 dest=98560
MV0 t=6565625160000 ly=1 ten_o=6 acc=0 dest=98688
MV0 t=6576121160000 ly=1 ten_o=6 acc=0 dest=98816
MV0 t=6586617160000 ly=1 ten_o=6 acc=0 dest=98944
MV0 t=6597113160000 ly=1 ten_o=6 acc=0 dest=99072
MV0 t=6607609160000 ly=1 ten_o=6 acc=0 dest=99200
ADD t=6618105080000 ly=1 ten=1 ard=32767 ardb=-797
ADD t=6618135800000 ly=1 ten=1 ard=1007 ardb=8612
ADD t=6618166520000 ly=1 ten=1 ard=14980 ardb=5686
ADD t=6618197240000 ly=1 ten=1 ard=-32768 ardb=13366
ADD t=6618227960000 ly=1 ten=1 ard=-1 ardb=-32768
ADD t=6618258680000 ly=1 ten=1 ard=32767 ardb=-29727
ADD t=6618289400000 ly=1 ten=1 ard=8690 ardb=-8848
ADD t=6618320120000 ly=1 ten=1 ard=-32768 ardb=-32768
LNV t=6618426600000 acc=71682023949 var=1120031624 mu=1876
LNO t=6618436760000 ly=2 ten=0 ard=31970 mu=1876 sc=23664 q=20
LNV t=6619071560000 acc=75180208268 var=1174690754 mu=1876
LNO t=6619081720000 ly=2 ten=0 ard=9619 mu=1876 sc=24235 q=5
LNV t=6619716520000 acc=69354941184 var=1083670956 mu=2184
LNO t=6619726680000 ly=2 ten=0 ard=20666 mu=2184 sc=23277 q=12
LNV t=6620361480000 acc=70893117344 var=1107704958 mu=2903
LNO t=6620371640000 ly=2 ten=0 ard=-19402 mu=2903 sc=23534 q=-16
LNV t=6621006440000 acc=65816288625 var=1028379509 mu=690
LNO t=6621016600000 ly=2 ten=0 ard=-32768 mu=690 sc=22675 q=-24
LNV t=6621651400000 acc=68583009589 var=1071609524 mu=-1024
LNO t=6621661560000 ly=2 ten=0 ard=3040 mu=-1024 sc=23147 q=2
LNV t=6622296360000 acc=71518452194 var=1117475815 mu=416
LNO t=6622306520000 ly=2 ten=0 ard=-158 mu=416 sc=23637 q=-1
LNV t=6622941320000 acc=74772004231 var=1168312566 mu=800
LNO t=6622951480000 ly=2 ten=0 ard=-32768 mu=800 sc=24169 q=-23
MV0 t=6623510600000 ly=2 ten_o=2 acc=0 dest=32768
MV0 t=6628763720000 ly=2 ten_o=2 acc=0 dest=32896
MV0 t=6634016840000 ly=2 ten_o=2 acc=0 dest=33024
MV0 t=6639269960000 ly=2 ten_o=2 acc=0 dest=33152
MV0 t=6644523080000 ly=2 ten_o=2 acc=0 dest=33280
MV0 t=6649776200000 ly=2 ten_o=2 acc=0 dest=33408
MV0 t=6655029320000 ly=2 ten_o=2 acc=0 dest=33536
MV0 t=6660282440000 ly=2 ten_o=2 acc=0 dest=33664
MV0 t=6665535560000 ly=2 ten_o=3 acc=0 dest=49152
MV0 t=6670788680000 ly=2 ten_o=3 acc=0 dest=49280
MV0 t=6676041800000 ly=2 ten_o=3 acc=0 dest=49408
MV0 t=6681294920000 ly=2 ten_o=3 acc=0 dest=49536
MV0 t=6686548040000 ly=2 ten_o=3 acc=0 dest=49664
MV0 t=6691801160000 ly=2 ten_o=3 acc=0 dest=49792
MV0 t=6697054280000 ly=2 ten_o=3 acc=0 dest=49920
MV0 t=6702307400000 ly=2 ten_o=3 acc=0 dest=50048
MV0 t=6707560520000 ly=2 ten_o=4 acc=0 dest=65536
MV0 t=6712813640000 ly=2 ten_o=4 acc=0 dest=65664
MV0 t=6718066760000 ly=2 ten_o=4 acc=0 dest=65792
MV0 t=6723319880000 ly=2 ten_o=4 acc=0 dest=65920
MV0 t=6728573000000 ly=2 ten_o=4 acc=0 dest=66048
MV0 t=6733826120000 ly=2 ten_o=4 acc=0 dest=66176
MV0 t=6739079240000 ly=2 ten_o=4 acc=0 dest=66304
MV0 t=6744332360000 ly=2 ten_o=4 acc=0 dest=66432
ATTQK t=6749585400000 ard=-289 ardb=1385 qa=32768 ka=49152
ATTO t=6749610440000 h=0 q=-342 z=16 acc=-5472 dest=81920
ATTQK t=6749752040000 ard=282 ardb=-632 qa=32800 ka=49184
ATTO t=6749777080000 h=1 q=-617 z=16 acc=-9872 dest=81952
ATTQK t=6749918680000 ard=399 ardb=465 qa=32832 ka=49216
ATTO t=6749943720000 h=2 q=423 z=16 acc=6768 dest=81984
ATTQK t=6750085320000 ard=-56 ardb=511 qa=32864 ka=49248
ATTO t=6750110360000 h=3 q=-769 z=16 acc=-12304 dest=82016
ATTQK t=6750251960000 ard=115 ardb=1385 qa=32896 ka=49152
ATTO t=6750287800000 h=0 q=-289 z=16 acc=-4624 dest=82048
ATTQK t=6750439320000 ard=-167 ardb=-632 qa=32928 ka=49184
ATTO t=6750475160000 h=1 q=361 z=16 acc=5776 dest=82080
ATTQK t=6750626680000 ard=194 ardb=465 qa=32960 ka=49216
ATTO t=6750662520000 h=2 q=423 z=16 acc=6768 dest=82112
ATTQK t=6750814040000 ard=25 ardb=511 qa=32992 ka=49248
ATTO t=6750849880000 h=3 q=-769 z=16 acc=-12304 dest=82144
ATTQK t=6751001400000 ard=-477 ardb=1385 qa=33024 ka=49152
ATTO t=6751048040000 h=0 q=-289 z=16 acc=-4624 dest=82176
ATTQK t=6751209480000 ard=766 ardb=-632 qa=33056 ka=49184
ATTO t=6751256120000 h=1 q=361 z=16 acc=5776 dest=82208
ATTQK t=6751417560000 ard=-115 ardb=465 qa=33088 ka=49216
ATTO t=6751464200000 h=2 q=-478 z=16 acc=-7648 dest=82240
ATTQK t=6751625640000 ard=-392 ardb=511 qa=33120 ka=49248
ATTO t=6751672280000 h=3 q=-811 z=16 acc=-12976 dest=82272
ATTQK t=6751833720000 ard=-760 ardb=1385 qa=33152 ka=49152
ATTO t=6751891160000 h=0 q=-723 z=16 acc=-11568 dest=82304
ATTQK t=6752062520000 ard=-35 ardb=-632 qa=33184 ka=49184
ATTO t=6752119960000 h=1 q=1183 z=16 acc=18928 dest=82336
ATTQK t=6752291320000 ard=-1 ardb=465 qa=33216 ka=49216
ATTO t=6752348760000 h=2 q=-795 z=16 acc=-12720 dest=82368
ATTQK t=6752520120000 ard=134 ardb=511 qa=33248 ka=49248
ATTO t=6752577560000 h=3 q=-811 z=16 acc=-12976 dest=82400
ATTQK t=6752748920000 ard=-224 ardb=1385 qa=33280 ka=49152
ATTO t=6752817160000 h=0 q=-289 z=16 acc=-4624 dest=82432
ATTQK t=6752998440000 ard=-1064 ardb=-632 qa=33312 ka=49184
ATTO t=6753066680000 h=1 q=-510 z=16 acc=-8160 dest=82464
ATTQK t=6753247960000 ard=794 ardb=465 qa=33344 ka=49216
ATTO t=6753316200000 h=2 q=423 z=16 acc=6768 dest=82496
ATTQK t=6753497480000 ard=444 ardb=511 qa=33376 ka=49248
ATTO t=6753565720000 h=3 q=-872 z=16 acc=-13952 dest=82528
ATTQK t=6753747000000 ard=-66 ardb=1385 qa=33408 ka=49152
ATTO t=6753826040000 h=0 q=-723 z=16 acc=-11568 dest=82560
ATTQK t=6754017240000 ard=-509 ardb=-632 qa=33440 ka=49184
ATTO t=6754096280000 h=1 q=-510 z=16 acc=-8160 dest=82592
ATTQK t=6754287480000 ard=415 ardb=465 qa=33472 ka=49216
ATTO t=6754366520000 h=2 q=423 z=16 acc=6768 dest=82624
ATTQK t=6754557720000 ard=23 ardb=511 qa=33504 ka=49248
ATTO t=6754636760000 h=3 q=421 z=16 acc=6736 dest=82656
ATTQK t=6754827960000 ard=194 ardb=1385 qa=33536 ka=49152
ATTO t=6754917800000 h=0 q=-342 z=16 acc=-5472 dest=82688
ATTQK t=6755118920000 ard=-571 ardb=-632 qa=33568 ka=49184
ATTO t=6755208760000 h=1 q=1183 z=16 acc=18928 dest=82720
ATTQK t=6755409880000 ard=1007 ardb=465 qa=33600 ka=49216
ATTO t=6755499720000 h=2 q=-177 z=16 acc=-2832 dest=82752
ATTQK t=6755700840000 ard=609 ardb=511 qa=33632 ka=49248
ATTO t=6755790680000 h=3 q=421 z=16 acc=6736 dest=82784
ATTQK t=6755991800000 ard=-1486 ardb=1385 qa=33664 ka=49152
ATTO t=6756092440000 h=0 q=271 z=16 acc=4336 dest=82816
ATTQK t=6756303480000 ard=419 ardb=-632 qa=33696 ka=49184
ATTO t=6756404120000 h=1 q=-510 z=16 acc=-8160 dest=82848
ATTQK t=6756615160000 ard=452 ardb=465 qa=33728 ka=49216
ATTO t=6756715800000 h=2 q=423 z=16 acc=6768 dest=82880
ATTQK t=6756926840000 ard=-568 ardb=511 qa=33760 ka=49248
ATTO t=6757027480000 h=3 q=-438 z=16 acc=-7008 dest=82912
MV0 t=6757238600000 ly=2 ten_o=5 acc=0 dest=81920
MV0 t=6762491720000 ly=2 ten_o=5 acc=0 dest=82048
MV0 t=6767744840000 ly=2 ten_o=5 acc=0 dest=82176
MV0 t=6772997960000 ly=2 ten_o=5 acc=0 dest=82304
MV0 t=6778251080000 ly=2 ten_o=5 acc=0 dest=82432
MV0 t=6783504200000 ly=2 ten_o=5 acc=0 dest=82560
MV0 t=6788757320000 ly=2 ten_o=5 acc=0 dest=82688
MV0 t=6794010440000 ly=2 ten_o=5 acc=0 dest=82816
ADD t=6799263480000 ly=2 ten=0 ard=31970 ardb=32767
ADD t=6799294200000 ly=2 ten=0 ard=9619 ardb=-961
ADD t=6799324920000 ly=2 ten=0 ard=20666 ardb=803
ADD t=6799355640000 ly=2 ten=0 ard=-19402 ardb=-10754
ADD t=6799386360000 ly=2 ten=0 ard=-32768 ardb=-13407
ADD t=6799417080000 ly=2 ten=0 ard=3040 ardb=-28968
ADD t=6799447800000 ly=2 ten=0 ard=-158 ardb=-7435
ADD t=6799478520000 ly=2 ten=0 ard=-32768 ardb=-9351
LNV t=6799585000000 acc=75753038852 var=1183641232 mu=2222
LNO t=6799595160000 ly=2 ten=6 ard=32767 mu=2222 sc=24327 q=20
LNV t=6800229960000 acc=79329701718 var=1239526589 mu=2100
LNO t=6800240120000 ly=2 ten=6 ard=8658 mu=2100 sc=24895 q=4
LNV t=6800874920000 acc=73295460223 var=1145241565 mu=326
LNO t=6800885080000 ly=2 ten=6 ard=21469 mu=326 sc=23929 q=14
LNV t=6801519880000 acc=76290911933 var=1192045498 mu=1356
LNO t=6801530040000 ly=2 ten=6 ard=-30156 mu=1356 sc=24413 q=-21
LNV t=6802164840000 acc=75439970356 var=1178749536 mu=3
LNO t=6802175000000 ly=2 ten=6 ard=-32768 mu=3 sc=24277 q=-22
LNV t=6802809800000 acc=73947824576 var=1155434759 mu=-945
LNO t=6802819960000 ly=2 ten=6 ard=-25928 mu=-945 sc=24035 q=-17
LNV t=6803454760000 acc=78411539296 var=1225180301 mu=1633
LNO t=6803464920000 ly=2 ten=6 ard=-7593 mu=1633 sc=24750 q=-6
LNV t=6804099720000 acc=75909931283 var=1186092676 mu=228
LNO t=6804109880000 ly=2 ten=6 ard=-32768 mu=228 sc=24352 q=-22
MV0 t=6804669000000 ly=2 ten_o=0 acc=0 dest=0
MV0 t=6815175240000 ly=2 ten_o=0 acc=0 dest=128
MV0 t=6825681480000 ly=2 ten_o=0 acc=0 dest=256
MV0 t=6836187720000 ly=2 ten_o=0 acc=0 dest=384
MV0 t=6846693960000 ly=2 ten_o=0 acc=0 dest=512
MV0 t=6857200200000 ly=2 ten_o=0 acc=0 dest=640
MV0 t=6867706440000 ly=2 ten_o=0 acc=0 dest=768
MV0 t=6878212680000 ly=2 ten_o=0 acc=0 dest=896
MV0 t=6888718920000 ly=2 ten_o=6 acc=0 dest=98304
MV0 t=6899214920000 ly=2 ten_o=6 acc=0 dest=98432
MV0 t=6909710920000 ly=2 ten_o=6 acc=0 dest=98560
MV0 t=6920206920000 ly=2 ten_o=6 acc=0 dest=98688
MV0 t=6930702920000 ly=2 ten_o=6 acc=0 dest=98816
MV0 t=6941198920000 ly=2 ten_o=6 acc=0 dest=98944
MV0 t=6951694920000 ly=2 ten_o=6 acc=0 dest=99072
MV0 t=6962190920000 ly=2 ten_o=6 acc=0 dest=99200
ADD t=6972686840000 ly=2 ten=1 ard=32767 ardb=-32768
ADD t=6972717560000 ly=2 ten=1 ard=8658 ardb=3829
ADD t=6972748280000 ly=2 ten=1 ard=21469 ardb=-21012
ADD t=6972779000000 ly=2 ten=1 ard=-30156 ardb=-923
ADD t=6972809720000 ly=2 ten=1 ard=-32768 ardb=-32768
ADD t=6972840440000 ly=2 ten=1 ard=-25928 ardb=-32768
ADD t=6972871160000 ly=2 ten=1 ard=-7593 ardb=-22095
ADD t=6972901880000 ly=2 ten=1 ard=-32768 ardb=4671
LNV t=6973008360000 acc=83668050031 var=1307313281 mu=222
LNO t=6973018520000 ly=3 ten=0 ard=-1 mu=222 sc=25566 q=-1
LNV t=6973653320000 acc=77943073482 var=1217860523 mu=1877
LNO t=6973663480000 ly=3 ten=0 ard=12487 mu=1877 sc=24676 q=6
LNV t=6974298280000 acc=80342789002 var=1255356078 mu=712
LNO t=6974308440000 ly=3 ten=0 ard=457 mu=712 sc=25053 q=-1
LNV t=6974943240000 acc=78763055417 var=1230672740 mu=835
LNO t=6974953400000 ly=3 ten=0 ard=-31079 mu=835 sc=24805 q=-21
LNV t=6975588200000 acc=69700189598 var=1089065462 mu=-323
LNO t=6975598360000 ly=3 ten=0 ard=-32768 mu=-323 sc=23335 q=-23
LNV t=6976233160000 acc=78157255362 var=1221207115 mu=318
LNO t=6976243320000 ly=3 ten=0 ard=-32768 mu=318 sc=24710 q=-22
LNV t=6976878120000 acc=79336798320 var=1239637473 mu=340
LNO t=6976888280000 ly=3 ten=0 ard=-29688 mu=340 sc=24896 q=-20
LNV t=6977523080000 acc=69422579645 var=1084727806 mu=849
LNO t=6977533240000 ly=3 ten=0 ard=-28097 mu=849 sc=23288 q=-20
MV0 t=6978092360000 ly=3 ten_o=2 acc=0 dest=32768
MV0 t=6983345480000 ly=3 ten_o=2 acc=0 dest=32896
MV0 t=6988598600000 ly=3 ten_o=2 acc=0 dest=33024
MV0 t=6993851720000 ly=3 ten_o=2 acc=0 dest=33152
MV0 t=6999104840000 ly=3 ten_o=2 acc=0 dest=33280
MV0 t=7004357960000 ly=3 ten_o=2 acc=0 dest=33408
MV0 t=7009611080000 ly=3 ten_o=2 acc=0 dest=33536
MV0 t=7014864200000 ly=3 ten_o=2 acc=0 dest=33664
MV0 t=7020117320000 ly=3 ten_o=3 acc=0 dest=49152
MV0 t=7025370440000 ly=3 ten_o=3 acc=0 dest=49280
MV0 t=7030623560000 ly=3 ten_o=3 acc=0 dest=49408
MV0 t=7035876680000 ly=3 ten_o=3 acc=0 dest=49536
MV0 t=7041129800000 ly=3 ten_o=3 acc=0 dest=49664
MV0 t=7046382920000 ly=3 ten_o=3 acc=0 dest=49792
MV0 t=7051636040000 ly=3 ten_o=3 acc=0 dest=49920
MV0 t=7056889160000 ly=3 ten_o=3 acc=0 dest=50048
MV0 t=7062142280000 ly=3 ten_o=4 acc=0 dest=65536
MV0 t=7067395400000 ly=3 ten_o=4 acc=0 dest=65664
MV0 t=7072648520000 ly=3 ten_o=4 acc=0 dest=65792
MV0 t=7077901640000 ly=3 ten_o=4 acc=0 dest=65920
MV0 t=7083154760000 ly=3 ten_o=4 acc=0 dest=66048
MV0 t=7088407880000 ly=3 ten_o=4 acc=0 dest=66176
MV0 t=7093661000000 ly=3 ten_o=4 acc=0 dest=66304
MV0 t=7098914120000 ly=3 ten_o=4 acc=0 dest=66432
ATTQK t=7104167160000 ard=-371 ardb=-684 qa=32768 ka=49152
ATTO t=7104192200000 h=0 q=1087 z=16 acc=17392 dest=81920
ATTQK t=7104333800000 ard=338 ardb=-296 qa=32800 ka=49184
ATTO t=7104358840000 h=1 q=556 z=16 acc=8896 dest=81952
ATTQK t=7104500440000 ard=-116 ardb=-413 qa=32832 ka=49216
ATTO t=7104525480000 h=2 q=1038 z=16 acc=16608 dest=81984
ATTQK t=7104667080000 ard=-239 ardb=810 qa=32864 ka=49248
ATTO t=7104692120000 h=3 q=532 z=16 acc=8512 dest=82016
ATTQK t=7104833720000 ard=-4 ardb=-684 qa=32896 ka=49152
ATTO t=7104869560000 h=0 q=1087 z=16 acc=17392 dest=82048
ATTQK t=7105021080000 ard=295 ardb=-296 qa=32928 ka=49184
ATTO t=7105056920000 h=1 q=155 z=16 acc=2480 dest=82080
ATTQK t=7105208440000 ard=52 ardb=-413 qa=32960 ka=49216
ATTO t=7105244280000 h=2 q=1038 z=16 acc=16608 dest=82112
ATTQK t=7105395800000 ard=832 ardb=810 qa=32992 ka=49248
ATTO t=7105431640000 h=3 q=532 z=16 acc=8512 dest=82144
ATTQK t=7105583160000 ard=-496 ardb=-684 qa=33024 ka=49152
ATTO t=7105629800000 h=0 q=1087 z=16 acc=17392 dest=82176
ATTQK t=7105791240000 ard=262 ardb=-296 qa=33056 ka=49184
ATTO t=7105837880000 h=1 q=155 z=16 acc=2480 dest=82208
ATTQK t=7105999320000 ard=590 ardb=-413 qa=33088 ka=49216
ATTO t=7106045960000 h=2 q=-112 z=16 acc=-1792 dest=82240
ATTQK t=7106207400000 ard=-399 ardb=810 qa=33120 ka=49248
ATTO t=7106254040000 h=3 q=-230 z=16 acc=-3680 dest=82272
ATTQK t=7106415480000 ard=-399 ardb=-684 qa=33152 ka=49152
ATTO t=7106472920000 h=0 q=1368 z=16 acc=21888 dest=82304
ATTQK t=7106644280000 ard=665 ardb=-296 qa=33184 ka=49184
ATTO t=7106701720000 h=1 q=1098 z=16 acc=17568 dest=82336
ATTQK t=7106873080000 ard=-155 ardb=-413 qa=33216 ka=49216
ATTO t=7106930520000 h=2 q=-112 z=16 acc=-1792 dest=82368
ATTQK t=7107101880000 ard=500 ardb=810 qa=33248 ka=49248
ATTO t=7107159320000 h=3 q=-696 z=16 acc=-11136 dest=82400
ATTQK t=7107330680000 ard=-342 ardb=-684 qa=33280 ka=49152
ATTO t=7107398920000 h=0 q=836 z=16 acc=13376 dest=82432
ATTQK t=7107580200000 ard=-347 ardb=-296 qa=33312 ka=49184
ATTO t=7107648440000 h=1 q=903 z=16 acc=14448 dest=82464
ATTQK t=7107829720000 ard=-204 ardb=-413 qa=33344 ka=49216
ATTO t=7107897960000 h=2 q=-516 z=16 acc=-8256 dest=82496
ATTQK t=7108079240000 ard=1410 ardb=810 qa=33376 ka=49248
ATTO t=7108147480000 h=3 q=-696 z=16 acc=-11136 dest=82528
ATTQK t=7108328760000 ard=138 ardb=-684 qa=33408 ka=49152
ATTO t=7108407800000 h=0 q=403 z=16 acc=6448 dest=82560
ATTQK t=7108599000000 ard=-412 ardb=-296 qa=33440 ka=49184
ATTO t=7108678040000 h=1 q=903 z=16 acc=14448 dest=82592
ATTQK t=7108869240000 ard=-135 ardb=-413 qa=33472 ka=49216
ATTO t=7108948280000 h=2 q=1038 z=16 acc=16608 dest=82624
ATTQK t=7109139480000 ard=948 ardb=810 qa=33504 ka=49248
ATTO t=7109218520000 h=3 q=-696 z=16 acc=-11136 dest=82656
ATTQK t=7109409720000 ard=150 ardb=-684 qa=33536 ka=49152
ATTO t=7109499560000 h=0 q=1087 z=16 acc=17392 dest=82688
ATTQK t=7109700680000 ard=-554 ardb=-296 qa=33568 ka=49184
ATTO t=7109790520000 h=1 q=100 z=16 acc=1600 dest=82720
ATTQK t=7109991640000 ard=553 ardb=-413 qa=33600 ka=49216
ATTO t=7110081480000 h=2 q=-516 z=16 acc=-8256 dest=82752
ATTQK t=7110282600000 ard=-401 ardb=810 qa=33632 ka=49248
ATTO t=7110372440000 h=3 q=-513 z=16 acc=-8208 dest=82784
ATTQK t=7110573560000 ard=400 ardb=-684 qa=33664 ka=49152
ATTO t=7110674200000 h=0 q=1285 z=16 acc=20560 dest=82816
ATTQK t=7110885240000 ard=10 ardb=-296 qa=33696 ka=49184
ATTO t=7110985880000 h=1 q=705 z=16 acc=11280 dest=82848
ATTQK t=7111196920000 ard=-292 ardb=-413 qa=33728 ka=49216
ATTO t=7111297560000 h=2 q=-516 z=16 acc=-8256 dest=82880
ATTQK t=7111508600000 ard=700 ardb=810 qa=33760 ka=49248
ATTO t=7111609240000 h=3 q=-696 z=16 acc=-11136 dest=82912
MV0 t=7111820360000 ly=3 ten_o=5 acc=0 dest=81920
MV0 t=7117073480000 ly=3 ten_o=5 acc=0 dest=82048
MV0 t=7122326600000 ly=3 ten_o=5 acc=0 dest=82176
MV0 t=7127579720000 ly=3 ten_o=5 acc=0 dest=82304
MV0 t=7132832840000 ly=3 ten_o=5 acc=0 dest=82432
MV0 t=7138085960000 ly=3 ten_o=5 acc=0 dest=82560
MV0 t=7143339080000 ly=3 ten_o=5 acc=0 dest=82688
MV0 t=7148592200000 ly=3 ten_o=5 acc=0 dest=82816
ADD t=7153845240000 ly=3 ten=0 ard=-1 ardb=32767
ADD t=7153875960000 ly=3 ten=0 ard=12487 ardb=26629
ADD t=7153906680000 ly=3 ten=0 ard=457 ardb=22203
ADD t=7153937400000 ly=3 ten=0 ard=-31079 ardb=19247
ADD t=7153968120000 ly=3 ten=0 ard=-32768 ardb=32767
ADD t=7153998840000 ly=3 ten=0 ard=-32768 ardb=-19756
ADD t=7154029560000 ly=3 ten=0 ard=-29688 ardb=32767
ADD t=7154060280000 ly=3 ten=0 ard=-28097 ardb=32767
LNV t=7154166760000 acc=81967265461 var=1280738522 mu=-3275
LNO t=7154176920000 ly=3 ten=6 ard=32766 mu=-3275 sc=25305 q=22
LNV t=7154811720000 acc=81009978960 var=1265780921 mu=-1220
LNO t=7154821880000 ly=3 ten=6 ard=32767 mu=-1220 sc=25157 q=21
LNV t=7155456680000 acc=80662072621 var=1260344884 mu=495
LNO t=7155466840000 ly=3 ten=6 ard=22660 mu=495 sc=25103 q=14
LNV t=7156101640000 acc=73790254063 var=1152972719 mu=1924
LNO t=7156111800000 ly=3 ten=6 ard=-11832 mu=1924 sc=24010 q=-10
LNV t=7156746600000 acc=71378949901 var=1115296092 mu=742
LNO t=7156756760000 ly=3 ten=6 ard=-1 mu=742 sc=23614 q=-1
LNV t=7157391560000 acc=80388380567 var=1256068446 mu=183
LNO t=7157401720000 ly=3 ten=6 ard=-32768 mu=183 sc=25060 q=-22
LNV t=7158036520000 acc=78321567324 var=1223774489 mu=895
LNO t=7158046680000 ly=3 ten=6 ard=3079 mu=895 sc=24736 q=1
LNV t=7158681480000 acc=69835274773 var=1091176168 mu=3001
LNO t=7158691640000 ly=3 ten=6 ard=4670 mu=3001 sc=23357 q=1
MV0 t=7159250760000 ly=3 ten_o=0 acc=0 dest=0
MV0 t=7169757000000 ly=3 ten_o=0 acc=0 dest=128
MV0 t=7180263240000 ly=3 ten_o=0 acc=0 dest=256
MV0 t=7190769480000 ly=3 ten_o=0 acc=0 dest=384
MV0 t=7201275720000 ly=3 ten_o=0 acc=0 dest=512
MV0 t=7211781960000 ly=3 ten_o=0 acc=0 dest=640
MV0 t=7222288200000 ly=3 ten_o=0 acc=0 dest=768
MV0 t=7232794440000 ly=3 ten_o=0 acc=0 dest=896
MV0 t=7243300680000 ly=3 ten_o=6 acc=0 dest=98304
MV0 t=7253796680000 ly=3 ten_o=6 acc=0 dest=98432
MV0 t=7264292680000 ly=3 ten_o=6 acc=0 dest=98560
MV0 t=7274788680000 ly=3 ten_o=6 acc=0 dest=98688
MV0 t=7285284680000 ly=3 ten_o=6 acc=0 dest=98816
MV0 t=7295780680000 ly=3 ten_o=6 acc=0 dest=98944
MV0 t=7306276680000 ly=3 ten_o=6 acc=0 dest=99072
MV0 t=7316772680000 ly=3 ten_o=6 acc=0 dest=99200
ADD t=7327268600000 ly=3 ten=1 ard=32766 ardb=-8128
ADD t=7327299320000 ly=3 ten=1 ard=32767 ardb=-18193
ADD t=7327330040000 ly=3 ten=1 ard=22660 ardb=15285
ADD t=7327360760000 ly=3 ten=1 ard=-11832 ardb=-11033
ADD t=7327391480000 ly=3 ten=1 ard=-1 ardb=16817
ADD t=7327422200000 ly=3 ten=1 ard=-32768 ardb=-5359
ADD t=7327452920000 ly=3 ten=1 ard=3079 ardb=-125
ADD t=7327483640000 ly=3 ten=1 ard=4670 ardb=-32768
HEAD t=7327514360000 col=0 wrd=6 ard=-28098 waddr=671744 aaddr=896 acc=0
MV0 t=7327514440000 ly=3 ten_o=7 acc=0 dest=115584
HEAD t=7327514680000 col=1 wrd=6 ard=-782 waddr=671745 aaddr=897 acc=-168588
SMX t=7369539160000 logit0=98322
CELL_BLIND_EXAM_B PASS Brank=2 Bscore=42
SCALE mapping_A_complete ran_40=0
CELL_SCALE_20_THEN_40 PASS
X_UNKNOWN wrd=0 ard_any=8196 ard_consumed=0 acc=0 logit=0 pred=0 lmst_rise=5
NOTE ard_any=8196 vacuous-unread (act no reset); not FAIL if consumed=0
TEACHER_OFF_SOC_XSIM_PASS fails=0 CELLS=9 LM_KNOWN
$finish called at time : 7369785160 ns : File "D:/Jetking_sem4/SEM_4/arty-a7-online-lm-grok-orch-00/tests/xsim/tb_a7ng_teacher_off_soc_xsim_r1.sv" Line 322
run: Time (s): cpu = 00:00:01 ; elapsed = 00:05:09 . Memory (MB): peak = 227.828 ; gain = 0.000
exit
INFO: xsimkernel Simulation Memory Usage: 22308 KB (Peak: 22308 KB), Simulation CPU Usage: 287593 ms
INFO: [Common 17-206] Exiting xsim at Wed Sep  2 02:17:01 2026...
