
****** xsim v2026.1 (64-bit)
  **** SW Build 6511674 on Tue Jun 16 11:02:23 MDT 2026
  **** IP Build 6504888 on Tue Jun 09 09:05:25 MDT 2026
  **** SharedData Build 6501428 on Mon Jun 08 17:34:18 MDT 2026
  **** Start of session at: Fri Sep  4 05:40:08 2026
    ** Copyright 1986-2022 Xilinx, Inc. All Rights Reserved.
    ** Copyright 2022-2026 Advanced Micro Devices, Inc. All Rights Reserved.

source xsim.dir/g14sbc9/xsim_script.tcl
# xsim {g14sbc9} -autoloadwcfg -runall
Time resolution is 1 ps
run -all
WMEM_INIT n=802816
CMD_ACCEPT seq=1 cmd=9 tok=00 reward=0
LESSON_A k=0 tok=10 (intent only)
CMD_ACCEPT seq=2 cmd=1 tok=10 reward=0
CMD_ACCEPT seq=3 cmd=2 tok=00 reward=0
GLUE_FIRE tok0=10 map=10 mode=5 want_lm=0
GLUE_QISS qid=10 qr=1
GRAPH_ACCEPT seq=1 qid=10
GRAPH_Q qid=10 train=1
SNAP_RISE n=1 qid=10
GLUE_SNAP want_lm=0
CMD_ACCEPT seq=4 cmd=3 tok=00 reward=3
REWARD_COMMIT ack_count=1 commit_seq=1 txn=1 qid=10
LESSON_A k=1 tok=11 (intent only)
CMD_ACCEPT seq=5 cmd=1 tok=11 reward=0
CMD_ACCEPT seq=6 cmd=2 tok=00 reward=0
GLUE_FIRE tok0=11 map=11 mode=5 want_lm=0
GLUE_QISS qid=11 qr=1
GRAPH_ACCEPT seq=2 qid=11
GRAPH_Q qid=11 train=1
SNAP_RISE n=2 qid=11
GLUE_SNAP want_lm=0
CMD_ACCEPT seq=7 cmd=3 tok=00 reward=3
REWARD_COMMIT ack_count=2 commit_seq=2 txn=2 qid=11
LESSON_A k=2 tok=12 (intent only)
CMD_ACCEPT seq=8 cmd=1 tok=12 reward=0
CMD_ACCEPT seq=9 cmd=2 tok=00 reward=0
GLUE_FIRE tok0=12 map=12 mode=5 want_lm=0
GLUE_QISS qid=12 qr=1
GRAPH_ACCEPT seq=3 qid=12
GRAPH_Q qid=12 train=1
SNAP_RISE n=3 qid=12
GLUE_SNAP want_lm=0
CMD_ACCEPT seq=10 cmd=3 tok=00 reward=3
REWARD_COMMIT ack_count=3 commit_seq=3 txn=3 qid=12
LESSON_A k=3 tok=13 (intent only)
CMD_ACCEPT seq=11 cmd=1 tok=13 reward=0
CMD_ACCEPT seq=12 cmd=2 tok=00 reward=0
GLUE_FIRE tok0=13 map=13 mode=5 want_lm=0
GLUE_QISS qid=13 qr=1
GRAPH_ACCEPT seq=4 qid=13
GRAPH_Q qid=13 train=1
SNAP_RISE n=4 qid=13
GLUE_SNAP want_lm=0
CMD_ACCEPT seq=13 cmd=3 tok=00 reward=3
REWARD_COMMIT ack_count=4 commit_seq=4 txn=4 qid=13
LESSON_A k=4 tok=14 (intent only)
CMD_ACCEPT seq=14 cmd=1 tok=14 reward=0
CMD_ACCEPT seq=15 cmd=2 tok=00 reward=0
GLUE_FIRE tok0=14 map=14 mode=5 want_lm=0
GLUE_QISS qid=14 qr=1
GRAPH_ACCEPT seq=5 qid=14
GRAPH_Q qid=14 train=1
SNAP_RISE n=5 qid=14
GLUE_SNAP want_lm=0
CMD_ACCEPT seq=16 cmd=3 tok=00 reward=3
REWARD_COMMIT ack_count=5 commit_seq=5 txn=5 qid=14
LESSON_A k=5 tok=15 (intent only)
CMD_ACCEPT seq=17 cmd=1 tok=15 reward=0
CMD_ACCEPT seq=18 cmd=2 tok=00 reward=0
GLUE_FIRE tok0=15 map=15 mode=5 want_lm=0
GLUE_QISS qid=15 qr=1
GRAPH_ACCEPT seq=6 qid=15
GRAPH_Q qid=15 train=1
SNAP_RISE n=6 qid=15
GLUE_SNAP want_lm=0
CMD_ACCEPT seq=19 cmd=3 tok=00 reward=3
REWARD_COMMIT ack_count=6 commit_seq=6 txn=6 qid=15
LESSON_A k=6 tok=16 (intent only)
CMD_ACCEPT seq=20 cmd=1 tok=16 reward=0
CMD_ACCEPT seq=21 cmd=2 tok=00 reward=0
GLUE_FIRE tok0=16 map=16 mode=5 want_lm=0
GLUE_QISS qid=16 qr=1
GRAPH_ACCEPT seq=7 qid=16
GRAPH_Q qid=16 train=1
SNAP_RISE n=7 qid=16
GLUE_SNAP want_lm=0
CMD_ACCEPT seq=22 cmd=3 tok=00 reward=3
REWARD_COMMIT ack_count=7 commit_seq=7 txn=7 qid=16
LESSON_A k=7 tok=17 (intent only)
CMD_ACCEPT seq=23 cmd=1 tok=17 reward=0
CMD_ACCEPT seq=24 cmd=2 tok=00 reward=0
GLUE_FIRE tok0=17 map=17 mode=5 want_lm=0
GLUE_QISS qid=17 qr=1
GRAPH_ACCEPT seq=8 qid=17
GRAPH_Q qid=17 train=1
SNAP_RISE n=8 qid=17
GLUE_SNAP want_lm=0
CMD_ACCEPT seq=25 cmd=3 tok=00 reward=3
REWARD_COMMIT ack_count=8 commit_seq=8 txn=8 qid=17
LESSON_A k=8 tok=18 (intent only)
CMD_ACCEPT seq=26 cmd=1 tok=18 reward=0
CMD_ACCEPT seq=27 cmd=2 tok=00 reward=0
GLUE_FIRE tok0=18 map=18 mode=5 want_lm=0
GLUE_QISS qid=18 qr=1
GRAPH_ACCEPT seq=9 qid=18
GRAPH_Q qid=18 train=1
SNAP_RISE n=9 qid=18
GLUE_SNAP want_lm=0
CMD_ACCEPT seq=28 cmd=3 tok=00 reward=3
REWARD_COMMIT ack_count=9 commit_seq=9 txn=9 qid=18
LESSON_A k=9 tok=19 (intent only)
CMD_ACCEPT seq=29 cmd=1 tok=19 reward=0
CMD_ACCEPT seq=30 cmd=2 tok=00 reward=0
GLUE_FIRE tok0=19 map=19 mode=5 want_lm=0
GLUE_QISS qid=19 qr=1
GRAPH_ACCEPT seq=10 qid=19
GRAPH_Q qid=19 train=1
SNAP_RISE n=10 qid=19
GLUE_SNAP want_lm=0
CMD_ACCEPT seq=31 cmd=3 tok=00 reward=3
REWARD_COMMIT ack_count=10 commit_seq=10 txn=10 qid=19
LESSON_A k=10 tok=1a (intent only)
CMD_ACCEPT seq=32 cmd=1 tok=1a reward=0
CMD_ACCEPT seq=33 cmd=2 tok=00 reward=0
GLUE_FIRE tok0=1a map=1a mode=5 want_lm=0
GLUE_QISS qid=1a qr=1
GRAPH_ACCEPT seq=11 qid=1a
GRAPH_Q qid=1a train=1
SNAP_RISE n=11 qid=1a
GLUE_SNAP want_lm=0
CMD_ACCEPT seq=34 cmd=3 tok=00 reward=3
REWARD_COMMIT ack_count=11 commit_seq=11 txn=11 qid=1a
LESSON_A k=11 tok=1b (intent only)
CMD_ACCEPT seq=35 cmd=1 tok=1b reward=0
CMD_ACCEPT seq=36 cmd=2 tok=00 reward=0
GLUE_FIRE tok0=1b map=1b mode=5 want_lm=0
GLUE_QISS qid=1b qr=1
GRAPH_ACCEPT seq=12 qid=1b
GRAPH_Q qid=1b train=1
SNAP_RISE n=12 qid=1b
GLUE_SNAP want_lm=0
CMD_ACCEPT seq=37 cmd=3 tok=00 reward=3
REWARD_COMMIT ack_count=12 commit_seq=12 txn=12 qid=1b
LESSON_A k=12 tok=1c (intent only)
CMD_ACCEPT seq=38 cmd=1 tok=1c reward=0
CMD_ACCEPT seq=39 cmd=2 tok=00 reward=0
GLUE_FIRE tok0=1c map=1c mode=5 want_lm=0
GLUE_QISS qid=1c qr=1
GRAPH_ACCEPT seq=13 qid=1c
GRAPH_Q qid=1c train=1
SNAP_RISE n=13 qid=1c
GLUE_SNAP want_lm=0
CMD_ACCEPT seq=40 cmd=3 tok=00 reward=3
REWARD_COMMIT ack_count=13 commit_seq=13 txn=13 qid=1c
LESSON_A k=13 tok=1d (intent only)
CMD_ACCEPT seq=41 cmd=1 tok=1d reward=0
CMD_ACCEPT seq=42 cmd=2 tok=00 reward=0
GLUE_FIRE tok0=1d map=1d mode=5 want_lm=0
GLUE_QISS qid=1d qr=1
GRAPH_ACCEPT seq=14 qid=1d
GRAPH_Q qid=1d train=1
SNAP_RISE n=14 qid=1d
GLUE_SNAP want_lm=0
CMD_ACCEPT seq=43 cmd=3 tok=00 reward=3
REWARD_COMMIT ack_count=14 commit_seq=14 txn=14 qid=1d
LESSON_A k=14 tok=1e (intent only)
CMD_ACCEPT seq=44 cmd=1 tok=1e reward=0
CMD_ACCEPT seq=45 cmd=2 tok=00 reward=0
GLUE_FIRE tok0=1e map=1e mode=5 want_lm=0
GLUE_QISS qid=1e qr=1
GRAPH_ACCEPT seq=15 qid=1e
GRAPH_Q qid=1e train=1
SNAP_RISE n=15 qid=1e
GLUE_SNAP want_lm=0
CMD_ACCEPT seq=46 cmd=3 tok=00 reward=3
REWARD_COMMIT ack_count=15 commit_seq=15 txn=15 qid=1e
LESSON_A k=15 tok=1f (intent only)
CMD_ACCEPT seq=47 cmd=1 tok=1f reward=0
CMD_ACCEPT seq=48 cmd=2 tok=00 reward=0
GLUE_FIRE tok0=1f map=1f mode=5 want_lm=0
GLUE_QISS qid=1f qr=1
GRAPH_ACCEPT seq=16 qid=1f
GRAPH_Q qid=1f train=1
SNAP_RISE n=16 qid=1f
GLUE_SNAP want_lm=0
CMD_ACCEPT seq=49 cmd=3 tok=00 reward=3
REWARD_COMMIT ack_count=16 commit_seq=16 txn=16 qid=1f
LESSON_A k=16 tok=20 (intent only)
CMD_ACCEPT seq=50 cmd=1 tok=20 reward=0
CMD_ACCEPT seq=51 cmd=2 tok=00 reward=0
GLUE_FIRE tok0=20 map=20 mode=5 want_lm=0
GLUE_QISS qid=20 qr=1
GRAPH_ACCEPT seq=17 qid=20
GRAPH_Q qid=20 train=1
SNAP_RISE n=17 qid=20
GLUE_SNAP want_lm=0
CMD_ACCEPT seq=52 cmd=3 tok=00 reward=3
REWARD_COMMIT ack_count=17 commit_seq=17 txn=17 qid=20
LESSON_A k=17 tok=21 (intent only)
CMD_ACCEPT seq=53 cmd=1 tok=21 reward=0
CMD_ACCEPT seq=54 cmd=2 tok=00 reward=0
GLUE_FIRE tok0=21 map=21 mode=5 want_lm=0
GLUE_QISS qid=21 qr=1
GRAPH_ACCEPT seq=18 qid=21
GRAPH_Q qid=21 train=1
SNAP_RISE n=18 qid=21
GLUE_SNAP want_lm=0
CMD_ACCEPT seq=55 cmd=3 tok=00 reward=3
REWARD_COMMIT ack_count=18 commit_seq=18 txn=18 qid=21
LESSON_A k=18 tok=22 (intent only)
CMD_ACCEPT seq=56 cmd=1 tok=22 reward=0
CMD_ACCEPT seq=57 cmd=2 tok=00 reward=0
GLUE_FIRE tok0=22 map=22 mode=5 want_lm=0
GLUE_QISS qid=22 qr=1
GRAPH_ACCEPT seq=19 qid=22
GRAPH_Q qid=22 train=1
SNAP_RISE n=19 qid=22
GLUE_SNAP want_lm=0
CMD_ACCEPT seq=58 cmd=3 tok=00 reward=3
REWARD_COMMIT ack_count=19 commit_seq=19 txn=19 qid=22
LESSON_A k=19 tok=23 (intent only)
CMD_ACCEPT seq=59 cmd=1 tok=23 reward=0
CMD_ACCEPT seq=60 cmd=2 tok=00 reward=0
GLUE_FIRE tok0=23 map=23 mode=5 want_lm=0
GLUE_QISS qid=23 qr=1
GRAPH_ACCEPT seq=20 qid=23
GRAPH_Q qid=23 train=1
SNAP_RISE n=20 qid=23
GLUE_SNAP want_lm=0
CMD_ACCEPT seq=61 cmd=3 tok=00 reward=3
REWARD_COMMIT ack_count=20 commit_seq=20 txn=20 qid=23
CURRICULUM_A_TOTAL GRAPH_ACCEPT_DISTINCT=20 REWARD_COMMIT=20 ack=20 seq=20
CMD_ACCEPT seq=62 cmd=4 tok=00 reward=0
CMD_ACCEPT seq=63 cmd=5 tok=00 reward=0
CMD_ACCEPT seq=64 cmd=7 tok=00 reward=0
CMD_ACCEPT seq=65 cmd=1 tok=a2 reward=0
CMD_ACCEPT seq=66 cmd=2 tok=00 reward=0
GLUE_FIRE tok0=a2 map=02 mode=8 want_lm=1
GLUE_QISS qid=02 qr=1
GRAPH_ACCEPT seq=21 qid=02
GRAPH_Q qid=02 train=0
SNAP_RISE n=21 qid=02
GLUE_SNAP want_lm=1
LMST_RISE n=1 cyc=805305
CTX_BEAT idx=0 n=8 pack=2322832182208180 c9=2322832182208180 beats=1
EMB_POS t=64425560000 dim=0 wrd=-3 awd=-3
EMB_POS t=64425800000 dim=1 wrd=3 awd=3
EMB_TOK t=64671320000 dim=0 wrd=-4 ard=-3 awd=-7
EMB_TOK t=64671560000 dim=1 wrd=1 ard=3 awd=4
LNV t=64992840000 acc=2409 var=37 mu=0
LNO t=65003000000 ly=0 ten=0 ard=-7 mu=0 sc=4 q=-28
LNV t=65637800000 acc=2320 var=36 mu=-1
LNO t=65647960000 ly=0 ten=0 ard=2 mu=-1 sc=4 q=12
LNV t=66282760000 acc=2219 var=34 mu=-1
LNO t=66292920000 ly=0 ten=0 ard=-7 mu=-1 sc=4 q=-24
LNV t=66927720000 acc=2494 var=38 mu=-1
LNO t=66937880000 ly=0 ten=0 ard=-7 mu=-1 sc=4 q=-24
LNV t=67572680000 acc=2565 var=40 mu=-1
LNO t=67582840000 ly=0 ten=0 ard=-4 mu=-1 sc=4 q=-12
LNV t=68217640000 acc=2011 var=31 mu=0
LNO t=68227800000 ly=0 ten=0 ard=0 mu=0 sc=3 q=0
LNV t=68862600000 acc=2409 var=37 mu=0
LNO t=68872760000 ly=0 ten=0 ard=-3 mu=0 sc=4 q=-12
LNV t=69507560000 acc=1985 var=31 mu=-1
LNO t=69517720000 ly=0 ten=0 ard=-4 mu=-1 sc=3 q=-16
MV0 t=70076840000 ly=0 ten_o=2 acc=0 dest=32768
MV0 t=75329960000 ly=0 ten_o=2 acc=0 dest=32896
MV0 t=80583080000 ly=0 ten_o=2 acc=0 dest=33024
MV0 t=85836200000 ly=0 ten_o=2 acc=0 dest=33152
MV0 t=91089320000 ly=0 ten_o=2 acc=0 dest=33280
MV0 t=96342440000 ly=0 ten_o=2 acc=0 dest=33408
MV0 t=101595560000 ly=0 ten_o=2 acc=0 dest=33536
MV0 t=106848680000 ly=0 ten_o=2 acc=0 dest=33664
MV0 t=112101800000 ly=0 ten_o=3 acc=0 dest=49152
MV0 t=117354920000 ly=0 ten_o=3 acc=0 dest=49280
MV0 t=122608040000 ly=0 ten_o=3 acc=0 dest=49408
MV0 t=127861160000 ly=0 ten_o=3 acc=0 dest=49536
MV0 t=133114280000 ly=0 ten_o=3 acc=0 dest=49664
MV0 t=138367400000 ly=0 ten_o=3 acc=0 dest=49792
MV0 t=143620520000 ly=0 ten_o=3 acc=0 dest=49920
MV0 t=148873640000 ly=0 ten_o=3 acc=0 dest=50048
MV0 t=154126760000 ly=0 ten_o=4 acc=0 dest=65536
MV0 t=159379880000 ly=0 ten_o=4 acc=0 dest=65664
MV0 t=164633000000 ly=0 ten_o=4 acc=0 dest=65792
MV0 t=169886120000 ly=0 ten_o=4 acc=0 dest=65920
MV0 t=175139240000 ly=0 ten_o=4 acc=0 dest=66048
MV0 t=180392360000 ly=0 ten_o=4 acc=0 dest=66176
MV0 t=185645480000 ly=0 ten_o=4 acc=0 dest=66304
MV0 t=190898600000 ly=0 ten_o=4 acc=0 dest=66432
ATTQK t=196151640000 ard=-548 ardb=-1464 qa=32768 ka=49152
ATTO t=196176680000 h=0 q=244 z=16 acc=3904 dest=81920
ATTQK t=196318280000 ard=-740 ardb=824 qa=32800 ka=49184
ATTO t=196343320000 h=1 q=-68 z=16 acc=-1088 dest=81952
ATTQK t=196484920000 ard=132 ardb=796 qa=32832 ka=49216
ATTO t=196509960000 h=2 q=-232 z=16 acc=-3712 dest=81984
ATTQK t=196651560000 ard=-976 ardb=488 qa=32864 ka=49248
ATTO t=196676600000 h=3 q=-140 z=16 acc=-2240 dest=82016
ATTQK t=196818200000 ard=-568 ardb=-1464 qa=32896 ka=49152
ATTO t=196854040000 h=0 q=244 z=16 acc=3904 dest=82048
ATTQK t=197005560000 ard=-1072 ardb=824 qa=32928 ka=49184
ATTO t=197041400000 h=1 q=-68 z=16 acc=-1088 dest=82080
ATTQK t=197192920000 ard=196 ardb=796 qa=32960 ka=49216
ATTO t=197228760000 h=2 q=548 z=16 acc=8768 dest=82112
ATTQK t=197380280000 ard=-1160 ardb=488 qa=32992 ka=49248
ATTO t=197416120000 h=3 q=280 z=16 acc=4480 dest=82144
ATTQK t=197567640000 ard=700 ardb=-1464 qa=33024 ka=49152
ATTO t=197614280000 h=0 q=220 z=16 acc=3520 dest=82176
ATTQK t=197775720000 ard=580 ardb=824 qa=33056 ka=49184
ATTO t=197822360000 h=1 q=-312 z=16 acc=-4992 dest=82208
ATTQK t=197983800000 ard=-228 ardb=796 qa=33088 ka=49216
ATTO t=198030440000 h=2 q=548 z=16 acc=8768 dest=82240
ATTQK t=198191880000 ard=68 ardb=488 qa=33120 ka=49248
ATTO t=198238520000 h=3 q=280 z=16 acc=4480 dest=82272
ATTQK t=198399960000 ard=1216 ardb=-1464 qa=33152 ka=49152
ATTO t=198457400000 h=0 q=220 z=16 acc=3520 dest=82304
ATTQK t=198628760000 ard=-416 ardb=824 qa=33184 ka=49184
ATTO t=198686200000 h=1 q=-984 z=16 acc=-15744 dest=82336
ATTQK t=198857560000 ard=-692 ardb=796 qa=33216 ka=49216
ATTO t=198915000000 h=2 q=-772 z=16 acc=-12352 dest=82368
ATTQK t=199086360000 ard=-468 ardb=488 qa=33248 ka=49248
ATTO t=199143800000 h=3 q=-200 z=16 acc=-3200 dest=82400
ATTQK t=199315160000 ard=-1088 ardb=-1464 qa=33280 ka=49152
ATTO t=199383400000 h=0 q=244 z=16 acc=3904 dest=82432
ATTQK t=199564680000 ard=-356 ardb=824 qa=33312 ka=49184
ATTO t=199632920000 h=1 q=88 z=16 acc=1408 dest=82464
ATTQK t=199814200000 ard=436 ardb=796 qa=33344 ka=49216
ATTO t=199882440000 h=2 q=-232 z=16 acc=-3712 dest=82496
ATTQK t=200063720000 ard=752 ardb=488 qa=33376 ka=49248
ATTO t=200131960000 h=3 q=280 z=16 acc=4480 dest=82528
ATTQK t=200313240000 ard=-478 ardb=-1464 qa=33408 ka=49152
ATTO t=200392280000 h=0 q=-968 z=16 acc=-15488 dest=82560
ATTQK t=200583480000 ard=2203 ardb=824 qa=33440 ka=49184
ATTO t=200662520000 h=1 q=-68 z=16 acc=-1088 dest=82592
ATTQK t=200853720000 ard=-666 ardb=796 qa=33472 ka=49216
ATTO t=200932760000 h=2 q=548 z=16 acc=8768 dest=82624
ATTQK t=201123960000 ard=-911 ardb=488 qa=33504 ka=49248
ATTO t=201203000000 h=3 q=-200 z=16 acc=-3200 dest=82656
ATTQK t=201394200000 ard=456 ardb=-1464 qa=33536 ka=49152
ATTO t=201484040000 h=0 q=-968 z=16 acc=-15488 dest=82688
ATTQK t=201685160000 ard=744 ardb=824 qa=33568 ka=49184
ATTO t=201775000000 h=1 q=-478 z=16 acc=-7648 dest=82720
ATTQK t=201976120000 ard=-508 ardb=796 qa=33600 ka=49216
ATTO t=202065960000 h=2 q=-873 z=16 acc=-13968 dest=82752
ATTQK t=202267080000 ard=-1160 ardb=488 qa=33632 ka=49248
ATTO t=202356920000 h=3 q=-44 z=16 acc=-704 dest=82784
ATTQK t=202558040000 ard=300 ardb=-1464 qa=33664 ka=49152
ATTO t=202658680000 h=0 q=244 z=16 acc=3904 dest=82816
ATTQK t=202869720000 ard=780 ardb=824 qa=33696 ka=49184
ATTO t=202970360000 h=1 q=-478 z=16 acc=-7648 dest=82848
ATTQK t=203181400000 ard=466 ardb=796 qa=33728 ka=49216
ATTO t=203282040000 h=2 q=-232 z=16 acc=-3712 dest=82880
ATTQK t=203493080000 ard=-1172 ardb=488 qa=33760 ka=49248
ATTO t=203593720000 h=3 q=924 z=16 acc=14784 dest=82912
MV0 t=203804840000 ly=0 ten_o=5 acc=0 dest=81920
MV0 t=209057960000 ly=0 ten_o=5 acc=0 dest=82048
MV0 t=214311080000 ly=0 ten_o=5 acc=0 dest=82176
MV0 t=219564200000 ly=0 ten_o=5 acc=0 dest=82304
MV0 t=224817320000 ly=0 ten_o=5 acc=0 dest=82432
MV0 t=230070440000 ly=0 ten_o=5 acc=0 dest=82560
MV0 t=235323560000 ly=0 ten_o=5 acc=0 dest=82688
MV0 t=240576680000 ly=0 ten_o=5 acc=0 dest=82816
ADD t=245829720000 ly=0 ten=0 ard=-7 ardb=-20500
ADD t=245860440000 ly=0 ten=0 ard=2 ardb=-32768
ADD t=245891160000 ly=0 ten=0 ard=-7 ardb=28340
ADD t=245921880000 ly=0 ten=0 ard=-7 ardb=32767
ADD t=245952600000 ly=0 ten=0 ard=-4 ardb=-1076
ADD t=245983320000 ly=0 ten=0 ard=0 ardb=-26068
ADD t=246014040000 ly=0 ten=0 ard=-3 ardb=32767
ADD t=246044760000 ly=0 ten=0 ard=-4 ardb=-9127
LNV t=246151240000 acc=54576101665 var=852751588 mu=2931
LNO t=246161400000 ly=0 ten=6 ard=-20507 mu=2931 sc=20648 q=-19
LNV t=246796200000 acc=60208134002 var=940752093 mu=24
LNO t=246806360000 ly=0 ten=6 ard=-32766 mu=24 sc=21688 q=-25
LNV t=247441160000 acc=52914358966 var=826786858 mu=-84
LNO t=247451320000 ly=0 ten=6 ard=28333 mu=-84 sc=20332 q=22
LNV t=248086120000 acc=51804771937 var=809449561 mu=-2218
LNO t=248096280000 ly=0 ten=6 ard=32760 mu=-2218 sc=20117 q=27
LNV t=248731080000 acc=57424327202 var=897255112 mu=2209
LNO t=248741240000 ly=0 ten=6 ard=-1080 mu=2209 sc=21180 q=-3
LNV t=249376040000 acc=68137336744 var=1064645886 mu=-956
LNO t=249386200000 ly=0 ten=6 ard=-26068 mu=-956 sc=23072 q=-18
LNV t=250021000000 acc=74792550693 var=1168633604 mu=1444
LNO t=250031160000 ly=0 ten=6 ard=32764 mu=1444 sc=24172 q=20
LNV t=250665960000 acc=68842605881 var=1075665716 mu=2287
LNO t=250676120000 ly=0 ten=6 ard=-9131 mu=2287 sc=23191 q=-8
MV0 t=251235240000 ly=0 ten_o=0 acc=0 dest=0
MV0 t=261741480000 ly=0 ten_o=0 acc=0 dest=128
MV0 t=272247720000 ly=0 ten_o=0 acc=0 dest=256
MV0 t=282753960000 ly=0 ten_o=0 acc=0 dest=384
MV0 t=293260200000 ly=0 ten_o=0 acc=0 dest=512
MV0 t=303766440000 ly=0 ten_o=0 acc=0 dest=640
MV0 t=314272680000 ly=0 ten_o=0 acc=0 dest=768
MV0 t=324778920000 ly=0 ten_o=0 acc=0 dest=896
MV0 t=335285160000 ly=0 ten_o=6 acc=0 dest=98304
MV0 t=345781160000 ly=0 ten_o=6 acc=0 dest=98432
MV0 t=356277160000 ly=0 ten_o=6 acc=0 dest=98560
MV0 t=366773160000 ly=0 ten_o=6 acc=0 dest=98688
MV0 t=377269160000 ly=0 ten_o=6 acc=0 dest=98816
MV0 t=387765160000 ly=0 ten_o=6 acc=0 dest=98944
MV0 t=398261160000 ly=0 ten_o=6 acc=0 dest=99072
MV0 t=408757160000 ly=0 ten_o=6 acc=0 dest=99200
ADD t=419253080000 ly=0 ten=1 ard=-20507 ardb=16167
ADD t=419283800000 ly=0 ten=1 ard=-32766 ardb=-11251
ADD t=419314520000 ly=0 ten=1 ard=28333 ardb=-10614
ADD t=419345240000 ly=0 ten=1 ard=32760 ardb=10253
ADD t=419375960000 ly=0 ten=1 ard=-1080 ardb=-4738
ADD t=419406680000 ly=0 ten=1 ard=-26068 ardb=12280
ADD t=419437400000 ly=0 ten=1 ard=32764 ardb=18187
ADD t=419468120000 ly=0 ten=1 ard=-9131 ardb=11518
LNV t=419574600000 acc=69732162024 var=1089565031 mu=3061
LNO t=419584760000 ly=1 ten=0 ard=-4340 mu=3061 sc=23340 q=-6
LNV t=420219560000 acc=65896212799 var=1029628324 mu=1041
LNO t=420229720000 ly=1 ten=0 ard=-32768 mu=1041 sc=22689 q=-24
LNV t=420864520000 acc=73050539477 var=1141414679 mu=631
LNO t=420874680000 ly=1 ten=0 ard=17719 mu=631 sc=23889 q=11
LNV t=421509480000 acc=83703654668 var=1307869604 mu=1350
LNO t=421519640000 ly=1 ten=0 ard=32767 mu=1350 sc=25572 q=19
LNV t=422154440000 acc=72346772727 var=1130418323 mu=3000
LNO t=422164600000 ly=1 ten=0 ard=-5818 mu=3000 sc=23774 q=-6
LNV t=422799400000 acc=65345991017 var=1021031109 mu=-281
LNO t=422809560000 ly=1 ten=0 ard=-13788 mu=-281 sc=22594 q=-10
LNV t=423444360000 acc=73917392733 var=1154959261 mu=3336
LNO t=423454520000 ly=1 ten=0 ard=32767 mu=3336 sc=24030 q=19
LNV t=424089320000 acc=68610860549 var=1072044696 mu=3246
LNO t=424099480000 ly=1 ten=0 ard=2387 mu=3246 sc=23152 q=-1
MV0 t=424658600000 ly=1 ten_o=2 acc=0 dest=32768
MV0 t=429911720000 ly=1 ten_o=2 acc=0 dest=32896
MV0 t=435164840000 ly=1 ten_o=2 acc=0 dest=33024
MV0 t=440417960000 ly=1 ten_o=2 acc=0 dest=33152
MV0 t=445671080000 ly=1 ten_o=2 acc=0 dest=33280
MV0 t=450924200000 ly=1 ten_o=2 acc=0 dest=33408
MV0 t=456177320000 ly=1 ten_o=2 acc=0 dest=33536
MV0 t=461430440000 ly=1 ten_o=2 acc=0 dest=33664
MV0 t=466683560000 ly=1 ten_o=3 acc=0 dest=49152
MV0 t=471936680000 ly=1 ten_o=3 acc=0 dest=49280
MV0 t=477189800000 ly=1 ten_o=3 acc=0 dest=49408
MV0 t=482442920000 ly=1 ten_o=3 acc=0 dest=49536
MV0 t=487696040000 ly=1 ten_o=3 acc=0 dest=49664
MV0 t=492949160000 ly=1 ten_o=3 acc=0 dest=49792
MV0 t=498202280000 ly=1 ten_o=3 acc=0 dest=49920
MV0 t=503455400000 ly=1 ten_o=3 acc=0 dest=50048
MV0 t=508708520000 ly=1 ten_o=4 acc=0 dest=65536
MV0 t=513961640000 ly=1 ten_o=4 acc=0 dest=65664
MV0 t=519214760000 ly=1 ten_o=4 acc=0 dest=65792
MV0 t=524467880000 ly=1 ten_o=4 acc=0 dest=65920
MV0 t=529721000000 ly=1 ten_o=4 acc=0 dest=66048
MV0 t=534974120000 ly=1 ten_o=4 acc=0 dest=66176
MV0 t=540227240000 ly=1 ten_o=4 acc=0 dest=66304
MV0 t=545480360000 ly=1 ten_o=4 acc=0 dest=66432
ATTQK t=550733400000 ard=560 ardb=-88 qa=32768 ka=49152
ATTO t=550758440000 h=0 q=-51 z=16 acc=-816 dest=81920
ATTQK t=550900040000 ard=-277 ardb=40 qa=32800 ka=49184
ATTO t=550925080000 h=1 q=94 z=16 acc=1504 dest=81952
ATTQK t=551066680000 ard=650 ardb=-325 qa=32832 ka=49216
ATTO t=551091720000 h=2 q=17 z=16 acc=272 dest=81984
ATTQK t=551233320000 ard=-548 ardb=-501 qa=32864 ka=49248
ATTO t=551258360000 h=3 q=795 z=16 acc=12720 dest=82016
ATTQK t=551399960000 ard=1837 ardb=-88 qa=32896 ka=49152
ATTO t=551435800000 h=0 q=754 z=16 acc=12064 dest=82048
ATTQK t=551587320000 ard=-883 ardb=40 qa=32928 ka=49184
ATTO t=551623160000 h=1 q=94 z=16 acc=1504 dest=82080
ATTQK t=551774680000 ard=-98 ardb=-325 qa=32960 ka=49216
ATTO t=551810520000 h=2 q=17 z=16 acc=272 dest=82112
ATTQK t=551962040000 ard=683 ardb=-501 qa=32992 ka=49248
ATTO t=551997880000 h=3 q=1187 z=16 acc=18992 dest=82144
ATTQK t=552149400000 ard=134 ardb=-88 qa=33024 ka=49152
ATTO t=552196040000 h=0 q=-51 z=16 acc=-816 dest=82176
ATTQK t=552357480000 ard=-318 ardb=40 qa=33056 ka=49184
ATTO t=552404120000 h=1 q=-408 z=16 acc=-6528 dest=82208
ATTQK t=552565560000 ard=394 ardb=-325 qa=33088 ka=49216
ATTO t=552612200000 h=2 q=303 z=16 acc=4848 dest=82240
ATTQK t=552773640000 ard=497 ardb=-501 qa=33120 ka=49248
ATTO t=552820280000 h=3 q=795 z=16 acc=12720 dest=82272
ATTQK t=552981720000 ard=81 ardb=-88 qa=33152 ka=49152
ATTO t=553039160000 h=0 q=-51 z=16 acc=-816 dest=82304
ATTQK t=553210520000 ard=614 ardb=40 qa=33184 ka=49184
ATTO t=553267960000 h=1 q=524 z=16 acc=8384 dest=82336
ATTQK t=553439320000 ard=-17 ardb=-325 qa=33216 ka=49216
ATTO t=553496760000 h=2 q=303 z=16 acc=4848 dest=82368
ATTQK t=553668120000 ard=1239 ardb=-501 qa=33248 ka=49248
ATTO t=553725560000 h=3 q=-844 z=16 acc=-13504 dest=82400
ATTQK t=553896920000 ard=465 ardb=-88 qa=33280 ka=49152
ATTO t=553965160000 h=0 q=754 z=16 acc=12064 dest=82432
ATTQK t=554146440000 ard=-484 ardb=40 qa=33312 ka=49184
ATTO t=554214680000 h=1 q=524 z=16 acc=8384 dest=82464
ATTQK t=554395960000 ard=673 ardb=-325 qa=33344 ka=49216
ATTO t=554464200000 h=2 q=-817 z=16 acc=-13072 dest=82496
ATTQK t=554645480000 ard=-240 ardb=-501 qa=33376 ka=49248
ATTO t=554713720000 h=3 q=1187 z=16 acc=18992 dest=82528
ATTQK t=554895000000 ard=-10 ardb=-88 qa=33408 ka=49152
ATTO t=554974040000 h=0 q=641 z=16 acc=10256 dest=82560
ATTQK t=555165240000 ard=116 ardb=40 qa=33440 ka=49184
ATTO t=555244280000 h=1 q=-301 z=16 acc=-4816 dest=82592
ATTQK t=555435480000 ard=-80 ardb=-325 qa=33472 ka=49216
ATTO t=555514520000 h=2 q=303 z=16 acc=4848 dest=82624
ATTQK t=555705720000 ard=611 ardb=-501 qa=33504 ka=49248
ATTO t=555784760000 h=3 q=1187 z=16 acc=18992 dest=82656
ATTQK t=555975960000 ard=-262 ardb=-88 qa=33536 ka=49152
ATTO t=556065800000 h=0 q=641 z=16 acc=10256 dest=82688
ATTQK t=556266920000 ard=1344 ardb=40 qa=33568 ka=49184
ATTO t=556356760000 h=1 q=524 z=16 acc=8384 dest=82720
ATTQK t=556557880000 ard=-450 ardb=-325 qa=33600 ka=49216
ATTO t=556647720000 h=2 q=-932 z=16 acc=-14912 dest=82752
ATTQK t=556848840000 ard=600 ardb=-501 qa=33632 ka=49248
ATTO t=556938680000 h=3 q=-844 z=16 acc=-13504 dest=82784
ATTQK t=557139800000 ard=67 ardb=-88 qa=33664 ka=49152
ATTO t=557240440000 h=0 q=-725 z=16 acc=-11600 dest=82816
ATTQK t=557451480000 ard=680 ardb=40 qa=33696 ka=49184
ATTO t=557552120000 h=1 q=-301 z=16 acc=-4816 dest=82848
ATTQK t=557763160000 ard=189 ardb=-325 qa=33728 ka=49216
ATTO t=557863800000 h=2 q=-817 z=16 acc=-13072 dest=82880
ATTQK t=558074840000 ard=-380 ardb=-501 qa=33760 ka=49248
ATTO t=558175480000 h=3 q=-844 z=16 acc=-13504 dest=82912
MV0 t=558386600000 ly=1 ten_o=5 acc=0 dest=81920
MV0 t=563639720000 ly=1 ten_o=5 acc=0 dest=82048
MV0 t=568892840000 ly=1 ten_o=5 acc=0 dest=82176
MV0 t=574145960000 ly=1 ten_o=5 acc=0 dest=82304
MV0 t=579399080000 ly=1 ten_o=5 acc=0 dest=82432
MV0 t=584652200000 ly=1 ten_o=5 acc=0 dest=82560
MV0 t=589905320000 ly=1 ten_o=5 acc=0 dest=82688
MV0 t=595158440000 ly=1 ten_o=5 acc=0 dest=82816
ADD t=600411480000 ly=1 ten=0 ard=-4340 ardb=9208
ADD t=600442200000 ly=1 ten=0 ard=-32768 ardb=7359
ADD t=600472920000 ly=1 ten=0 ard=17719 ardb=4982
ADD t=600503640000 ly=1 ten=0 ard=32767 ardb=4792
ADD t=600534360000 ly=1 ten=0 ard=-5818 ardb=-14130
ADD t=600565080000 ly=1 ten=0 ard=-13788 ardb=27761
ADD t=600595800000 ly=1 ten=0 ard=32767 ardb=-18851
ADD t=600626520000 ly=1 ten=0 ard=2387 ardb=-3457
LNV t=600733000000 acc=70700801626 var=1104700025 mu=2224
LNO t=600743160000 ly=1 ten=6 ard=4868 mu=2224 sc=23502 q=1
LNV t=601377960000 acc=72669465048 var=1135460391 mu=650
LNO t=601388120000 ly=1 ten=6 ard=-25409 mu=650 sc=23827 q=-18
LNV t=602022920000 acc=76350636787 var=1192978699 mu=2861
LNO t=602033080000 ly=1 ten=6 ard=22701 mu=2861 sc=24423 q=12
LNV t=602667880000 acc=82332723042 var=1286448797 mu=2036
LNO t=602678040000 ly=1 ten=6 ard=32767 mu=2036 sc=25361 q=19
LNV t=603312840000 acc=78377315331 var=1224645552 mu=703
LNO t=603323000000 ly=1 ten=6 ard=-19948 mu=703 sc=24745 q=-14
LNV t=603957800000 acc=69977293969 var=1093395218 mu=-1688
LNO t=603967960000 ly=1 ten=6 ard=13973 mu=-1688 sc=23381 q=10
LNV t=604602760000 acc=73291653469 var=1145182085 mu=-1472
LNO t=604612920000 ly=1 ten=6 ard=13916 mu=-1472 sc=23928 q=10
LNV t=605247720000 acc=68124619108 var=1064447173 mu=2918
LNO t=605257880000 ly=1 ten=6 ard=-1070 mu=2918 sc=23069 q=-3
MV0 t=605817000000 ly=1 ten_o=0 acc=0 dest=0
MV0 t=616323240000 ly=1 ten_o=0 acc=0 dest=128
MV0 t=626829480000 ly=1 ten_o=0 acc=0 dest=256
MV0 t=637335720000 ly=1 ten_o=0 acc=0 dest=384
MV0 t=647841960000 ly=1 ten_o=0 acc=0 dest=512
MV0 t=658348200000 ly=1 ten_o=0 acc=0 dest=640
MV0 t=668854440000 ly=1 ten_o=0 acc=0 dest=768
MV0 t=679360680000 ly=1 ten_o=0 acc=0 dest=896
MV0 t=689866920000 ly=1 ten_o=6 acc=0 dest=98304
MV0 t=700362920000 ly=1 ten_o=6 acc=0 dest=98432
MV0 t=710858920000 ly=1 ten_o=6 acc=0 dest=98560
MV0 t=721354920000 ly=1 ten_o=6 acc=0 dest=98688
MV0 t=731850920000 ly=1 ten_o=6 acc=0 dest=98816
MV0 t=742346920000 ly=1 ten_o=6 acc=0 dest=98944
MV0 t=752842920000 ly=1 ten_o=6 acc=0 dest=99072
MV0 t=763338920000 ly=1 ten_o=6 acc=0 dest=99200
ADD t=773834840000 ly=1 ten=1 ard=4868 ardb=-14093
ADD t=773865560000 ly=1 ten=1 ard=-25409 ardb=12780
ADD t=773896280000 ly=1 ten=1 ard=22701 ardb=-21448
ADD t=773927000000 ly=1 ten=1 ard=32767 ardb=-12852
ADD t=773957720000 ly=1 ten=1 ard=-19948 ardb=-21178
ADD t=773988440000 ly=1 ten=1 ard=13973 ardb=11141
ADD t=774019160000 ly=1 ten=1 ard=13916 ardb=22173
ADD t=774049880000 ly=1 ten=1 ard=-1070 ardb=-32768
LNV t=774156360000 acc=71296800813 var=1114012512 mu=2171
LNO t=774166520000 ly=2 ten=0 ard=-9225 mu=2171 sc=23600 q=-8
LNV t=774801320000 acc=71411860300 var=1115810317 mu=484
LNO t=774811480000 ly=2 ten=0 ard=-12629 mu=484 sc=23620 q=-9
LNV t=775446280000 acc=65604260044 var=1025066563 mu=3181
LNO t=775456440000 ly=2 ten=0 ard=1253 mu=3181 sc=22639 q=-2
LNV t=776091240000 acc=71218851035 var=1112794547 mu=40
LNO t=776101400000 ly=2 ten=0 ard=19915 mu=40 sc=23588 q=13
LNV t=776736200000 acc=69164432149 var=1080694252 mu=215
LNO t=776746360000 ly=2 ten=0 ard=-32768 mu=215 sc=23245 q=-23
LNV t=777381160000 acc=68792069302 var=1074876082 mu=-1666
LNO t=777391320000 ly=2 ten=0 ard=25114 mu=-1666 sc=23182 q=18
LNV t=778026120000 acc=74207967346 var=1159499489 mu=-2450
LNO t=778036280000 ly=2 ten=0 ard=32767 mu=-2450 sc=24077 q=23
LNV t=778671080000 acc=70657617520 var=1104025273 mu=5054
LNO t=778681240000 ly=2 ten=0 ard=-32768 mu=5054 sc=23494 q=-26
MV0 t=779240360000 ly=2 ten_o=2 acc=0 dest=32768
MV0 t=784493480000 ly=2 ten_o=2 acc=0 dest=32896
MV0 t=789746600000 ly=2 ten_o=2 acc=0 dest=33024
MV0 t=794999720000 ly=2 ten_o=2 acc=0 dest=33152
MV0 t=800252840000 ly=2 ten_o=2 acc=0 dest=33280
MV0 t=805505960000 ly=2 ten_o=2 acc=0 dest=33408
MV0 t=810759080000 ly=2 ten_o=2 acc=0 dest=33536
MV0 t=816012200000 ly=2 ten_o=2 acc=0 dest=33664
MV0 t=821265320000 ly=2 ten_o=3 acc=0 dest=49152
MV0 t=826518440000 ly=2 ten_o=3 acc=0 dest=49280
MV0 t=831771560000 ly=2 ten_o=3 acc=0 dest=49408
MV0 t=837024680000 ly=2 ten_o=3 acc=0 dest=49536
MV0 t=842277800000 ly=2 ten_o=3 acc=0 dest=49664
MV0 t=847530920000 ly=2 ten_o=3 acc=0 dest=49792
MV0 t=852784040000 ly=2 ten_o=3 acc=0 dest=49920
MV0 t=858037160000 ly=2 ten_o=3 acc=0 dest=50048
MV0 t=863290280000 ly=2 ten_o=4 acc=0 dest=65536
MV0 t=868543400000 ly=2 ten_o=4 acc=0 dest=65664
MV0 t=873796520000 ly=2 ten_o=4 acc=0 dest=65792
MV0 t=879049640000 ly=2 ten_o=4 acc=0 dest=65920
MV0 t=884302760000 ly=2 ten_o=4 acc=0 dest=66048
MV0 t=889555880000 ly=2 ten_o=4 acc=0 dest=66176
MV0 t=894809000000 ly=2 ten_o=4 acc=0 dest=66304
MV0 t=900062120000 ly=2 ten_o=4 acc=0 dest=66432
ATTQK t=905315160000 ard=-1456 ardb=1087 qa=32768 ka=49152
ATTO t=905340200000 h=0 q=-702 z=16 acc=-11232 dest=81920
ATTQK t=905481800000 ard=1006 ardb=803 qa=32800 ka=49184
ATTO t=905506840000 h=1 q=-1559 z=16 acc=-24944 dest=81952
ATTQK t=905648440000 ard=225 ardb=-217 qa=32832 ka=49216
ATTO t=905673480000 h=2 q=349 z=16 acc=5584 dest=81984
ATTQK t=905815080000 ard=150 ardb=-364 qa=32864 ka=49248
ATTO t=905840120000 h=3 q=387 z=16 acc=6192 dest=82016
ATTQK t=905981720000 ard=-922 ardb=1087 qa=32896 ka=49152
ATTO t=906017560000 h=0 q=-47 z=16 acc=-752 dest=82048
ATTQK t=906169080000 ard=154 ardb=803 qa=32928 ka=49184
ATTO t=906204920000 h=1 q=-1559 z=16 acc=-24944 dest=82080
ATTQK t=906356440000 ard=-15 ardb=-217 qa=32960 ka=49216
ATTO t=906392280000 h=2 q=-204 z=16 acc=-3264 dest=82112
ATTQK t=906543800000 ard=71 ardb=-364 qa=32992 ka=49248
ATTO t=906579640000 h=3 q=-513 z=16 acc=-8208 dest=82144
ATTQK t=906731160000 ard=-328 ardb=1087 qa=33024 ka=49152
ATTO t=906777800000 h=0 q=-47 z=16 acc=-752 dest=82176
ATTQK t=906939240000 ard=-186 ardb=803 qa=33056 ka=49184
ATTO t=906985880000 h=1 q=-194 z=16 acc=-3104 dest=82208
ATTQK t=907147320000 ard=1630 ardb=-217 qa=33088 ka=49216
ATTO t=907193960000 h=2 q=-204 z=16 acc=-3264 dest=82240
ATTQK t=907355400000 ard=478 ardb=-364 qa=33120 ka=49248
ATTO t=907402040000 h=3 q=-513 z=16 acc=-8208 dest=82272
ATTQK t=907563480000 ard=-235 ardb=1087 qa=33152 ka=49152
ATTO t=907620920000 h=0 q=-47 z=16 acc=-752 dest=82304
ATTQK t=907792280000 ard=-199 ardb=803 qa=33184 ka=49184
ATTO t=907849720000 h=1 q=-835 z=16 acc=-13360 dest=82336
ATTQK t=908021080000 ard=308 ardb=-217 qa=33216 ka=49216
ATTO t=908078520000 h=2 q=-204 z=16 acc=-3264 dest=82368
ATTQK t=908249880000 ard=199 ardb=-364 qa=33248 ka=49248
ATTO t=908307320000 h=3 q=-832 z=16 acc=-13312 dest=82400
ATTQK t=908478680000 ard=-1516 ardb=1087 qa=33280 ka=49152
ATTO t=908546920000 h=0 q=49 z=16 acc=784 dest=82432
ATTQK t=908728200000 ard=-123 ardb=803 qa=33312 ka=49184
ATTO t=908796440000 h=1 q=-835 z=16 acc=-13360 dest=82464
ATTQK t=908977720000 ard=216 ardb=-217 qa=33344 ka=49216
ATTO t=909045960000 h=2 q=-73 z=16 acc=-1168 dest=82496
ATTQK t=909227240000 ard=151 ardb=-364 qa=33376 ka=49248
ATTO t=909295480000 h=3 q=-513 z=16 acc=-8208 dest=82528
ATTQK t=909476760000 ard=-885 ardb=1087 qa=33408 ka=49152
ATTO t=909555800000 h=0 q=49 z=16 acc=784 dest=82560
ATTQK t=909747000000 ard=624 ardb=803 qa=33440 ka=49184
ATTO t=909826040000 h=1 q=-355 z=16 acc=-5680 dest=82592
ATTQK t=910017240000 ard=-178 ardb=-217 qa=33472 ka=49216
ATTO t=910096280000 h=2 q=349 z=16 acc=5584 dest=82624
ATTQK t=910287480000 ard=809 ardb=-364 qa=33504 ka=49248
ATTO t=910366520000 h=3 q=-832 z=16 acc=-13312 dest=82656
ATTQK t=910557720000 ard=237 ardb=1087 qa=33536 ka=49152
ATTO t=910647560000 h=0 q=-71 z=16 acc=-1136 dest=82688
ATTQK t=910848680000 ard=470 ardb=803 qa=33568 ka=49184
ATTO t=910938520000 h=1 q=-835 z=16 acc=-13360 dest=82720
ATTQK t=911139640000 ard=32 ardb=-217 qa=33600 ka=49216
ATTO t=911229480000 h=2 q=-803 z=16 acc=-12848 dest=82752
ATTQK t=911430600000 ard=939 ardb=-364 qa=33632 ka=49248
ATTO t=911520440000 h=3 q=-832 z=16 acc=-13312 dest=82784
ATTQK t=911721560000 ard=-1007 ardb=1087 qa=33664 ka=49152
ATTO t=911822200000 h=0 q=-71 z=16 acc=-1136 dest=82816
ATTQK t=912033240000 ard=508 ardb=803 qa=33696 ka=49184
ATTO t=912133880000 h=1 q=-194 z=16 acc=-3104 dest=82848
ATTQK t=912344920000 ard=631 ardb=-217 qa=33728 ka=49216
ATTO t=912445560000 h=2 q=-73 z=16 acc=-1168 dest=82880
ATTQK t=912656600000 ard=148 ardb=-364 qa=33760 ka=49248
ATTO t=912757240000 h=3 q=-513 z=16 acc=-8208 dest=82912
MV0 t=912968360000 ly=2 ten_o=5 acc=0 dest=81920
MV0 t=918221480000 ly=2 ten_o=5 acc=0 dest=82048
MV0 t=923474600000 ly=2 ten_o=5 acc=0 dest=82176
MV0 t=928727720000 ly=2 ten_o=5 acc=0 dest=82304
MV0 t=933980840000 ly=2 ten_o=5 acc=0 dest=82432
MV0 t=939233960000 ly=2 ten_o=5 acc=0 dest=82560
MV0 t=944487080000 ly=2 ten_o=5 acc=0 dest=82688
MV0 t=949740200000 ly=2 ten_o=5 acc=0 dest=82816
ADD t=954993240000 ly=2 ten=0 ard=-9225 ardb=25320
ADD t=955023960000 ly=2 ten=0 ard=-12629 ardb=32767
ADD t=955054680000 ly=2 ten=0 ard=1253 ardb=32767
ADD t=955085400000 ly=2 ten=0 ard=19915 ardb=32767
ADD t=955116120000 ly=2 ten=0 ard=-32768 ardb=32767
ADD t=955146840000 ly=2 ten=0 ard=25114 ardb=22213
ADD t=955177560000 ly=2 ten=0 ard=32767 ardb=32767
ADD t=955208280000 ly=2 ten=0 ard=-32768 ardb=32767
LNV t=955314760000 acc=78506100912 var=1226657826 mu=100
LNO t=955324920000 ly=2 ten=6 ard=16095 mu=100 sc=24765 q=10
LNV t=955959720000 acc=67103660216 var=1048494690 mu=-1331
LNO t=955969880000 ly=2 ten=6 ard=20138 mu=-1331 sc=22896 q=15
LNV t=956604680000 acc=75167313358 var=1174489271 mu=1337
LNO t=956614840000 ly=2 ten=6 ard=32767 mu=1337 sc=24233 q=20
LNV t=957249640000 acc=79811120794 var=1247048762 mu=-2740
LNO t=957259800000 ly=2 ten=6 ard=32767 mu=-2740 sc=24970 q=22
LNV t=957894600000 acc=58259562332 var=910305661 mu=-3534
LNO t=957904760000 ly=2 ten=6 ard=-1 mu=-3534 sc=21334 q=2
LNV t=958539560000 acc=81348131256 var=1271064550 mu=-2511
LNO t=958549720000 ly=2 ten=6 ard=32767 mu=-2511 sc=25209 q=22
LNV t=959184520000 acc=70512001431 var=1101750022 mu=-4736
LNO t=959194680000 ly=2 ten=6 ard=32767 mu=-4736 sc=23470 q=25
LNV t=959829480000 acc=67617986996 var=1056531046 mu=4240
LNO t=959839640000 ly=2 ten=6 ard=-1 mu=4240 sc=22984 q=-3
MV0 t=960398760000 ly=2 ten_o=0 acc=0 dest=0
MV0 t=970905000000 ly=2 ten_o=0 acc=0 dest=128
MV0 t=981411240000 ly=2 ten_o=0 acc=0 dest=256
MV0 t=991917480000 ly=2 ten_o=0 acc=0 dest=384
MV0 t=1002423720000 ly=2 ten_o=0 acc=0 dest=512
MV0 t=1012929960000 ly=2 ten_o=0 acc=0 dest=640
MV0 t=1023436200000 ly=2 ten_o=0 acc=0 dest=768
MV0 t=1033942440000 ly=2 ten_o=0 acc=0 dest=896
MV0 t=1044448680000 ly=2 ten_o=6 acc=0 dest=98304
MV0 t=1054944680000 ly=2 ten_o=6 acc=0 dest=98432
MV0 t=1065440680000 ly=2 ten_o=6 acc=0 dest=98560
MV0 t=1075936680000 ly=2 ten_o=6 acc=0 dest=98688
MV0 t=1086432680000 ly=2 ten_o=6 acc=0 dest=98816
MV0 t=1096928680000 ly=2 ten_o=6 acc=0 dest=98944
MV0 t=1107424680000 ly=2 ten_o=6 acc=0 dest=99072
MV0 t=1117920680000 ly=2 ten_o=6 acc=0 dest=99200
ADD t=1128416600000 ly=2 ten=1 ard=16095 ardb=8020
ADD t=1128447320000 ly=2 ten=1 ard=20138 ardb=-20998
ADD t=1128478040000 ly=2 ten=1 ard=32767 ardb=-32768
ADD t=1128508760000 ly=2 ten=1 ard=32767 ardb=-21704
ADD t=1128539480000 ly=2 ten=1 ard=-1 ardb=1900
ADD t=1128570200000 ly=2 ten=1 ard=32767 ardb=-1020
ADD t=1128600920000 ly=2 ten=1 ard=32767 ardb=-19124
ADD t=1128631640000 ly=2 ten=1 ard=-1 ardb=23992
LNV t=1128738120000 acc=86786173545 var=1356033961 mu=-930
LNO t=1128748280000 ly=3 ten=0 ard=24115 mu=-930 sc=26038 q=15
LNV t=1129383080000 acc=69612505734 var=1087695402 mu=-1071
LNO t=1129393240000 ly=3 ten=0 ard=-860 mu=-1071 sc=23320 q=0
LNV t=1130028040000 acc=69002798294 var=1078168723 mu=21
LNO t=1130038200000 ly=3 ten=0 ard=-1 mu=21 sc=23218 q=-1
LNV t=1130673000000 acc=83692333552 var=1307692711 mu=-2536
LNO t=1130683160000 ly=3 ten=0 ard=11063 mu=-2536 sc=25570 q=8
LNV t=1131317960000 acc=64246194196 var=1003846784 mu=-4104
LNO t=1131328120000 ly=3 ten=0 ard=1899 mu=-4104 sc=22403 q=4
LNV t=1131962920000 acc=76531246406 var=1195800725 mu=-805
LNO t=1131973080000 ly=3 ten=0 ard=31747 mu=-805 sc=24452 q=21
LNV t=1132607880000 acc=74870656907 var=1169854014 mu=-5190
LNO t=1132618040000 ly=3 ten=0 ard=13643 mu=-5190 sc=24185 q=12
LNV t=1133252840000 acc=68478565379 var=1069977584 mu=3926
LNO t=1133263000000 ly=3 ten=0 ard=23991 mu=3926 sc=23129 q=13
MV0 t=1133822120000 ly=3 ten_o=2 acc=0 dest=32768
MV0 t=1139075240000 ly=3 ten_o=2 acc=0 dest=32896
MV0 t=1144328360000 ly=3 ten_o=2 acc=0 dest=33024
MV0 t=1149581480000 ly=3 ten_o=2 acc=0 dest=33152
MV0 t=1154834600000 ly=3 ten_o=2 acc=0 dest=33280
MV0 t=1160087720000 ly=3 ten_o=2 acc=0 dest=33408
MV0 t=1165340840000 ly=3 ten_o=2 acc=0 dest=33536
MV0 t=1170593960000 ly=3 ten_o=2 acc=0 dest=33664
MV0 t=1175847080000 ly=3 ten_o=3 acc=0 dest=49152
MV0 t=1181100200000 ly=3 ten_o=3 acc=0 dest=49280
MV0 t=1186353320000 ly=3 ten_o=3 acc=0 dest=49408
MV0 t=1191606440000 ly=3 ten_o=3 acc=0 dest=49536
MV0 t=1196859560000 ly=3 ten_o=3 acc=0 dest=49664
MV0 t=1202112680000 ly=3 ten_o=3 acc=0 dest=49792
MV0 t=1207365800000 ly=3 ten_o=3 acc=0 dest=49920
MV0 t=1212618920000 ly=3 ten_o=3 acc=0 dest=50048
MV0 t=1217872040000 ly=3 ten_o=4 acc=0 dest=65536
MV0 t=1223125160000 ly=3 ten_o=4 acc=0 dest=65664
MV0 t=1228378280000 ly=3 ten_o=4 acc=0 dest=65792
MV0 t=1233631400000 ly=3 ten_o=4 acc=0 dest=65920
MV0 t=1238884520000 ly=3 ten_o=4 acc=0 dest=66048
MV0 t=1244137640000 ly=3 ten_o=4 acc=0 dest=66176
MV0 t=1249390760000 ly=3 ten_o=4 acc=0 dest=66304
MV0 t=1254643880000 ly=3 ten_o=4 acc=0 dest=66432
ATTQK t=1259896920000 ard=281 ardb=-1372 qa=32768 ka=49152
ATTO t=1259921960000 h=0 q=559 z=16 acc=8944 dest=81920
ATTQK t=1260063560000 ard=375 ardb=-1404 qa=32800 ka=49184
ATTO t=1260088600000 h=1 q=541 z=16 acc=8656 dest=81952
ATTQK t=1260230200000 ard=211 ardb=-302 qa=32832 ka=49216
ATTO t=1260255240000 h=2 q=947 z=16 acc=15152 dest=81984
ATTQK t=1260396840000 ard=-259 ardb=155 qa=32864 ka=49248
ATTO t=1260421880000 h=3 q=-351 z=16 acc=-5616 dest=82016
ATTQK t=1260563480000 ard=264 ardb=-1372 qa=32896 ka=49152
ATTO t=1260599320000 h=0 q=-423 z=16 acc=-6768 dest=82048
ATTQK t=1260750840000 ard=871 ardb=-1404 qa=32928 ka=49184
ATTO t=1260786680000 h=1 q=541 z=16 acc=8656 dest=82080
ATTQK t=1260938200000 ard=1432 ardb=-302 qa=32960 ka=49216
ATTO t=1260974040000 h=2 q=536 z=16 acc=8576 dest=82112
ATTQK t=1261125560000 ard=-745 ardb=155 qa=32992 ka=49248
ATTO t=1261161400000 h=3 q=395 z=16 acc=6320 dest=82144
ATTQK t=1261312920000 ard=-142 ardb=-1372 qa=33024 ka=49152
ATTO t=1261359560000 h=0 q=518 z=16 acc=8288 dest=82176
ATTQK t=1261521000000 ard=-495 ardb=-1404 qa=33056 ka=49184
ATTO t=1261567640000 h=1 q=491 z=16 acc=7856 dest=82208
ATTQK t=1261729080000 ard=338 ardb=-302 qa=33088 ka=49216
ATTO t=1261775720000 h=2 q=1160 z=16 acc=18560 dest=82240
ATTQK t=1261937160000 ard=-1084 ardb=155 qa=33120 ka=49248
ATTO t=1261983800000 h=3 q=-180 z=16 acc=-2880 dest=82272
ATTQK t=1262145240000 ard=-616 ardb=-1372 qa=33152 ka=49152
ATTO t=1262202680000 h=0 q=148 z=16 acc=2368 dest=82304
ATTQK t=1262374040000 ard=29 ardb=-1404 qa=33184 ka=49184
ATTO t=1262431480000 h=1 q=935 z=16 acc=14960 dest=82336
ATTQK t=1262602840000 ard=-259 ardb=-302 qa=33216 ka=49216
ATTO t=1262660280000 h=2 q=1160 z=16 acc=18560 dest=82368
ATTQK t=1262831640000 ard=-90 ardb=155 qa=33248 ka=49248
ATTO t=1262889080000 h=3 q=395 z=16 acc=6320 dest=82400
ATTQK t=1263060440000 ard=268 ardb=-1372 qa=33280 ka=49152
ATTO t=1263128680000 h=0 q=-595 z=16 acc=-9520 dest=82432
ATTQK t=1263309960000 ard=439 ardb=-1404 qa=33312 ka=49184
ATTO t=1263378200000 h=1 q=935 z=16 acc=14960 dest=82464
ATTQK t=1263559480000 ard=367 ardb=-302 qa=33344 ka=49216
ATTO t=1263627720000 h=2 q=68 z=16 acc=1088 dest=82496
ATTQK t=1263809000000 ard=615 ardb=155 qa=33376 ka=49248
ATTO t=1263877240000 h=3 q=-180 z=16 acc=-2880 dest=82528
ATTQK t=1264058520000 ard=843 ardb=-1372 qa=33408 ka=49152
ATTO t=1264137560000 h=0 q=-595 z=16 acc=-9520 dest=82560
ATTQK t=1264328760000 ard=1203 ardb=-1404 qa=33440 ka=49184
ATTO t=1264407800000 h=1 q=915 z=16 acc=14640 dest=82592
ATTQK t=1264599000000 ard=181 ardb=-302 qa=33472 ka=49216
ATTO t=1264678040000 h=2 q=815 z=16 acc=13040 dest=82624
ATTQK t=1264869240000 ard=689 ardb=155 qa=33504 ka=49248
ATTO t=1264948280000 h=3 q=-180 z=16 acc=-2880 dest=82656
ATTQK t=1265139480000 ard=534 ardb=-1372 qa=33536 ka=49152
ATTO t=1265229320000 h=0 q=559 z=16 acc=8944 dest=82688
ATTQK t=1265430440000 ard=918 ardb=-1404 qa=33568 ka=49184
ATTO t=1265520280000 h=1 q=935 z=16 acc=14960 dest=82720
ATTQK t=1265721400000 ard=231 ardb=-302 qa=33600 ka=49216
ATTO t=1265811240000 h=2 q=-632 z=16 acc=-10112 dest=82752
ATTQK t=1266012360000 ard=-391 ardb=155 qa=33632 ka=49248
ATTO t=1266102200000 h=3 q=-165 z=16 acc=-2640 dest=82784
ATTQK t=1266303320000 ard=-199 ardb=-1372 qa=33664 ka=49152
ATTO t=1266403960000 h=0 q=-48 z=16 acc=-768 dest=82816
ATTQK t=1266615000000 ard=-144 ardb=-1404 qa=33696 ka=49184
ATTO t=1266715640000 h=1 q=935 z=16 acc=14960 dest=82848
ATTQK t=1266926680000 ard=411 ardb=-302 qa=33728 ka=49216
ATTO t=1267027320000 h=2 q=-80 z=16 acc=-1280 dest=82880
ATTQK t=1267238360000 ard=345 ardb=155 qa=33760 ka=49248
ATTO t=1267339000000 h=3 q=395 z=16 acc=6320 dest=82912
MV0 t=1267550120000 ly=3 ten_o=5 acc=0 dest=81920
MV0 t=1272803240000 ly=3 ten_o=5 acc=0 dest=82048
MV0 t=1278056360000 ly=3 ten_o=5 acc=0 dest=82176
MV0 t=1283309480000 ly=3 ten_o=5 acc=0 dest=82304
MV0 t=1288562600000 ly=3 ten_o=5 acc=0 dest=82432
MV0 t=1293815720000 ly=3 ten_o=5 acc=0 dest=82560
MV0 t=1299068840000 ly=3 ten_o=5 acc=0 dest=82688
MV0 t=1304321960000 ly=3 ten_o=5 acc=0 dest=82816
ADD t=1309575000000 ly=3 ten=0 ard=24115 ardb=-18176
ADD t=1309605720000 ly=3 ten=0 ard=-860 ardb=-19179
ADD t=1309636440000 ly=3 ten=0 ard=-1 ardb=-12237
ADD t=1309667160000 ly=3 ten=0 ard=11063 ardb=-32768
ADD t=1309697880000 ly=3 ten=0 ard=1899 ardb=-31379
ADD t=1309728600000 ly=3 ten=0 ard=31747 ardb=-32768
ADD t=1309759320000 ly=3 ten=0 ard=13643 ardb=-9391
ADD t=1309790040000 ly=3 ten=0 ard=23991 ardb=-13606
LNV t=1309896520000 acc=79072705515 var=1235511023 mu=-1875
LNO t=1309906680000 ly=3 ten=6 ard=5939 mu=-1875 sc=24854 q=5
LNV t=1310541480000 acc=74476945308 var=1163702270 mu=127
LNO t=1310551640000 ly=3 ten=6 ard=-20039 mu=127 sc=24121 q=-14
LNV t=1311186440000 acc=71683868092 var=1120060438 mu=-1968
LNO t=1311196600000 ly=3 ten=6 ard=-12238 mu=-1968 sc=23664 q=-7
LNV t=1311831400000 acc=77114619933 var=1204915936 mu=-1922
LNO t=1311841560000 ly=3 ten=6 ard=-21705 mu=-1922 sc=24545 q=-13
LNV t=1312476360000 acc=75011376720 var=1172052761 mu=-3156
LNO t=1312486520000 ly=3 ten=6 ard=-29480 mu=-3156 sc=24207 q=-18
LNV t=1313121320000 acc=83183745113 var=1299746017 mu=-364
LNO t=1313131480000 ly=3 ten=6 ard=-1021 mu=-364 sc=25492 q=-1
LNV t=1313766280000 acc=70437135854 var=1100580247 mu=-2431
LNO t=1313776440000 ly=3 ten=6 ard=4252 mu=-2431 sc=23458 q=4
LNV t=1314411240000 acc=67323164374 var=1051924443 mu=3895
LNO t=1314421400000 ly=3 ten=6 ard=10385 mu=3895 sc=22933 q=4
MV0 t=1314980520000 ly=3 ten_o=0 acc=0 dest=0
MV0 t=1325486760000 ly=3 ten_o=0 acc=0 dest=128
MV0 t=1335993000000 ly=3 ten_o=0 acc=0 dest=256
MV0 t=1346499240000 ly=3 ten_o=0 acc=0 dest=384
MV0 t=1357005480000 ly=3 ten_o=0 acc=0 dest=512
MV0 t=1367511720000 ly=3 ten_o=0 acc=0 dest=640
MV0 t=1378017960000 ly=3 ten_o=0 acc=0 dest=768
MV0 t=1388524200000 ly=3 ten_o=0 acc=0 dest=896
MV0 t=1399030440000 ly=3 ten_o=6 acc=0 dest=98304
MV0 t=1409526440000 ly=3 ten_o=6 acc=0 dest=98432
MV0 t=1420022440000 ly=3 ten_o=6 acc=0 dest=98560
MV0 t=1430518440000 ly=3 ten_o=6 acc=0 dest=98688
MV0 t=1441014440000 ly=3 ten_o=6 acc=0 dest=98816
MV0 t=1451510440000 ly=3 ten_o=6 acc=0 dest=98944
MV0 t=1462006440000 ly=3 ten_o=6 acc=0 dest=99072
MV0 t=1472502440000 ly=3 ten_o=6 acc=0 dest=99200
ADD t=1482998360000 ly=3 ten=1 ard=5939 ardb=7314
ADD t=1483029080000 ly=3 ten=1 ard=-20039 ardb=-1608
ADD t=1483059800000 ly=3 ten=1 ard=-12238 ardb=-28617
ADD t=1483090520000 ly=3 ten=1 ard=-21705 ardb=-1291
ADD t=1483121240000 ly=3 ten=1 ard=-29480 ardb=4605
ADD t=1483151960000 ly=3 ten=1 ard=-1021 ardb=23411
ADD t=1483182680000 ly=3 ten=1 ard=4252 ardb=29050
ADD t=1483213400000 ly=3 ten=1 ard=10385 ardb=-10184
HEAD t=1483244120000 col=0 wrd=6 ard=201 waddr=671744 aaddr=896 acc=0
MV0 t=1483244200000 ly=3 ten_o=7 acc=0 dest=115584
HEAD t=1483244440000 col=1 wrd=6 ard=-2493 waddr=671745 aaddr=897 acc=1206
SMX t=1525268920000 logit0=-415791
AFTER_KILL HOLD_A C9=2322832182208180 r1=80
PERSIST_KILL_OK
CMD_ACCEPT seq=67 cmd=6 tok=00 reward=0
CMD_ACCEPT seq=68 cmd=7 tok=00 reward=0
CMD_ACCEPT seq=69 cmd=1 tok=a2 reward=0
CMD_ACCEPT seq=70 cmd=2 tok=00 reward=0
GLUE_FIRE tok0=a2 map=02 mode=8 want_lm=1
GLUE_QISS qid=02 qr=1
GRAPH_ACCEPT seq=22 qid=02
GRAPH_Q qid=02 train=0
SNAP_RISE n=22 qid=02
GLUE_SNAP want_lm=1
LMST_RISE n=2 cyc=19069473
CTX_BEAT idx=0 n=8 pack=8382238122802120 c9=8382238122802120 beats=2
EMB_POS t=1525559000000 dim=0 wrd=-3 awd=-3
EMB_POS t=1525559240000 dim=1 wrd=3 awd=3
EMB_TOK t=1525804760000 dim=0 wrd=-5 ard=-3 awd=-8
EMB_TOK t=1525805000000 dim=1 wrd=-3 ard=3 awd=0
LNV t=1526126280000 acc=2137 var=33 mu=-1
LNO t=1526136440000 ly=0 ten=0 ard=-8 mu=-1 sc=4 q=-28
LNV t=1526771240000 acc=2614 var=40 mu=-1
LNO t=1526781400000 ly=0 ten=0 ard=-5 mu=-1 sc=4 q=-16
LNV t=1527416200000 acc=2169 var=33 mu=0
LNO t=1527426360000 ly=0 ten=0 ard=-6 mu=0 sc=4 q=-24
LNV t=1528061160000 acc=2362 var=36 mu=0
LNO t=1528071320000 ly=0 ten=0 ard=-3 mu=0 sc=4 q=-12
LNV t=1528706120000 acc=2151 var=33 mu=-1
LNO t=1528716280000 ly=0 ten=0 ard=3 mu=-1 sc=4 q=16
LNV t=1529351080000 acc=2535 var=39 mu=-2
LNO t=1529361240000 ly=0 ten=0 ard=0 mu=-2 sc=4 q=8
LNV t=1529996040000 acc=2525 var=39 mu=-1
LNO t=1530006200000 ly=0 ten=0 ard=-7 mu=-1 sc=4 q=-24
LNV t=1530641000000 acc=2323 var=36 mu=0
LNO t=1530651160000 ly=0 ten=0 ard=-4 mu=0 sc=4 q=-16
MV0 t=1531210280000 ly=0 ten_o=2 acc=0 dest=32768
MV0 t=1536463400000 ly=0 ten_o=2 acc=0 dest=32896
MV0 t=1541716520000 ly=0 ten_o=2 acc=0 dest=33024
MV0 t=1546969640000 ly=0 ten_o=2 acc=0 dest=33152
MV0 t=1552222760000 ly=0 ten_o=2 acc=0 dest=33280
MV0 t=1557475880000 ly=0 ten_o=2 acc=0 dest=33408
MV0 t=1562729000000 ly=0 ten_o=2 acc=0 dest=33536
MV0 t=1567982120000 ly=0 ten_o=2 acc=0 dest=33664
MV0 t=1573235240000 ly=0 ten_o=3 acc=0 dest=49152
MV0 t=1578488360000 ly=0 ten_o=3 acc=0 dest=49280
MV0 t=1583741480000 ly=0 ten_o=3 acc=0 dest=49408
MV0 t=1588994600000 ly=0 ten_o=3 acc=0 dest=49536
MV0 t=1594247720000 ly=0 ten_o=3 acc=0 dest=49664
MV0 t=1599500840000 ly=0 ten_o=3 acc=0 dest=49792
MV0 t=1604753960000 ly=0 ten_o=3 acc=0 dest=49920
MV0 t=1610007080000 ly=0 ten_o=3 acc=0 dest=50048
MV0 t=1615260200000 ly=0 ten_o=4 acc=0 dest=65536
MV0 t=1620513320000 ly=0 ten_o=4 acc=0 dest=65664
MV0 t=1625766440000 ly=0 ten_o=4 acc=0 dest=65792
MV0 t=1631019560000 ly=0 ten_o=4 acc=0 dest=65920
MV0 t=1636272680000 ly=0 ten_o=4 acc=0 dest=66048
MV0 t=1641525800000 ly=0 ten_o=4 acc=0 dest=66176
MV0 t=1646778920000 ly=0 ten_o=4 acc=0 dest=66304
MV0 t=1652032040000 ly=0 ten_o=4 acc=0 dest=66432
ATTQK t=1657285080000 ard=-632 ardb=-348 qa=32768 ka=49152
ATTO t=1657310120000 h=0 q=-216 z=16 acc=-3456 dest=81920
ATTQK t=1657451720000 ard=448 ardb=128 qa=32800 ka=49184
ATTO t=1657476760000 h=1 q=212 z=16 acc=3392 dest=81952
ATTQK t=1657618360000 ard=4 ardb=312 qa=32832 ka=49216
ATTO t=1657643400000 h=2 q=-1312 z=16 acc=-20992 dest=81984
ATTQK t=1657785000000 ard=44 ardb=-80 qa=32864 ka=49248
ATTO t=1657810040000 h=3 q=548 z=16 acc=8768 dest=82016
ATTQK t=1657951640000 ard=-1076 ardb=-348 qa=32896 ka=49152
ATTO t=1657987480000 h=0 q=-552 z=16 acc=-8832 dest=82048
ATTQK t=1658139000000 ard=-1052 ardb=128 qa=32928 ka=49184
ATTO t=1658174840000 h=1 q=212 z=16 acc=3392 dest=82080
ATTQK t=1658326360000 ard=40 ardb=312 qa=32960 ka=49216
ATTO t=1658362200000 h=2 q=700 z=16 acc=11200 dest=82112
ATTQK t=1658513720000 ard=396 ardb=-80 qa=32992 ka=49248
ATTO t=1658549560000 h=3 q=216 z=16 acc=3456 dest=82144
ATTQK t=1658701080000 ard=784 ardb=-348 qa=33024 ka=49152
ATTO t=1658747720000 h=0 q=-552 z=16 acc=-8832 dest=82176
ATTQK t=1658909160000 ard=-608 ardb=128 qa=33056 ka=49184
ATTO t=1658955800000 h=1 q=-72 z=16 acc=-1152 dest=82208
ATTQK t=1659117240000 ard=-100 ardb=312 qa=33088 ka=49216
ATTO t=1659163880000 h=2 q=308 z=16 acc=4928 dest=82240
ATTQK t=1659325320000 ard=-952 ardb=-80 qa=33120 ka=49248
ATTO t=1659371960000 h=3 q=216 z=16 acc=3456 dest=82272
ATTQK t=1659533400000 ard=-60 ardb=-348 qa=33152 ka=49152
ATTO t=1659590840000 h=0 q=-552 z=16 acc=-8832 dest=82304
ATTQK t=1659762200000 ard=648 ardb=128 qa=33184 ka=49184
ATTO t=1659819640000 h=1 q=80 z=16 acc=1280 dest=82336
ATTQK t=1659991000000 ard=-296 ardb=312 qa=33216 ka=49216
ATTO t=1660048440000 h=2 q=700 z=16 acc=11200 dest=82368
ATTQK t=1660219800000 ard=-960 ardb=-80 qa=33248 ka=49248
ATTO t=1660277240000 h=3 q=548 z=16 acc=8768 dest=82400
ATTQK t=1660448600000 ard=-580 ardb=-348 qa=33280 ka=49152
ATTO t=1660516840000 h=0 q=-292 z=16 acc=-4672 dest=82432
ATTQK t=1660698120000 ard=-376 ardb=128 qa=33312 ka=49184
ATTO t=1660766360000 h=1 q=80 z=16 acc=1280 dest=82464
ATTQK t=1660947640000 ard=592 ardb=312 qa=33344 ka=49216
ATTO t=1661015880000 h=2 q=-1312 z=16 acc=-20992 dest=82496
ATTQK t=1661197160000 ard=-804 ardb=-80 qa=33376 ka=49248
ATTO t=1661265400000 h=3 q=368 z=16 acc=5888 dest=82528
ATTQK t=1661446680000 ard=1404 ardb=-348 qa=33408 ka=49152
ATTO t=1661525720000 h=0 q=680 z=16 acc=10880 dest=82560
ATTQK t=1661716920000 ard=1056 ardb=128 qa=33440 ka=49184
ATTO t=1661795960000 h=1 q=560 z=16 acc=8960 dest=82592
ATTQK t=1661987160000 ard=488 ardb=312 qa=33472 ka=49216
ATTO t=1662066200000 h=2 q=308 z=16 acc=4928 dest=82624
ATTQK t=1662257400000 ard=-1312 ardb=-80 qa=33504 ka=49248
ATTO t=1662336440000 h=3 q=844 z=16 acc=13504 dest=82656
ATTQK t=1662527640000 ard=1732 ardb=-348 qa=33536 ka=49152
ATTO t=1662617480000 h=0 q=-1472 z=16 acc=-23552 dest=82688
ATTQK t=1662818600000 ard=-320 ardb=128 qa=33568 ka=49184
ATTO t=1662908440000 h=1 q=-72 z=16 acc=-1152 dest=82720
ATTQK t=1663109560000 ard=-904 ardb=312 qa=33600 ka=49216
ATTO t=1663199400000 h=2 q=-1312 z=16 acc=-20992 dest=82752
ATTQK t=1663400520000 ard=-668 ardb=-80 qa=33632 ka=49248
ATTO t=1663490360000 h=3 q=-120 z=16 acc=-1920 dest=82784
ATTQK t=1663691480000 ard=-1280 ardb=-348 qa=33664 ka=49152
ATTO t=1663792120000 h=0 q=-708 z=16 acc=-11328 dest=82816
ATTQK t=1664003160000 ard=1124 ardb=128 qa=33696 ka=49184
ATTO t=1664103800000 h=1 q=80 z=16 acc=1280 dest=82848
ATTQK t=1664314840000 ard=-600 ardb=312 qa=33728 ka=49216
ATTO t=1664415480000 h=2 q=-492 z=16 acc=-7872 dest=82880
ATTQK t=1664626520000 ard=-312 ardb=-80 qa=33760 ka=49248
ATTO t=1664727160000 h=3 q=-120 z=16 acc=-1920 dest=82912
MV0 t=1664938280000 ly=0 ten_o=5 acc=0 dest=81920
MV0 t=1670191400000 ly=0 ten_o=5 acc=0 dest=82048
MV0 t=1675444520000 ly=0 ten_o=5 acc=0 dest=82176
MV0 t=1680697640000 ly=0 ten_o=5 acc=0 dest=82304
MV0 t=1685950760000 ly=0 ten_o=5 acc=0 dest=82432
MV0 t=1691203880000 ly=0 ten_o=5 acc=0 dest=82560
MV0 t=1696457000000 ly=0 ten_o=5 acc=0 dest=82688
MV0 t=1701710120000 ly=0 ten_o=5 acc=0 dest=82816
ADD t=1706963160000 ly=0 ten=0 ard=-8 ardb=32767
ADD t=1706993880000 ly=0 ten=0 ard=-5 ardb=32767
ADD t=1707024600000 ly=0 ten=0 ard=-6 ardb=-3784
ADD t=1707055320000 ly=0 ten=0 ard=-3 ardb=32767
ADD t=1707086040000 ly=0 ten=0 ard=3 ardb=15140
ADD t=1707116760000 ly=0 ten=0 ard=0 ardb=-32768
ADD t=1707147480000 ly=0 ten=0 ard=-7 ardb=5068
ADD t=1707178200000 ly=0 ten=0 ard=-4 ardb=-4856
LNV t=1707284680000 acc=68235042806 var=1066172543 mu=-264
LNO t=1707294840000 ly=0 ten=6 ard=32759 mu=-264 sc=23088 q=22
LNV t=1707929640000 acc=73844962456 var=1153827538 mu=-367
LNO t=1707939800000 ly=0 ten=6 ard=32762 mu=-367 sc=24019 q=22
LNV t=1708574600000 acc=71942673033 var=1124104266 mu=790
LNO t=1708584760000 ly=0 ten=6 ard=-3790 mu=790 sc=23707 q=-4
LNV t=1709219560000 acc=72793986852 var=1137406044 mu=-2490
LNO t=1709229720000 ly=0 ten=6 ard=32764 mu=-2490 sc=23847 q=23
LNV t=1709864520000 acc=59863577892 var=935368404 mu=818
LNO t=1709874680000 ly=0 ten=6 ard=15143 mu=818 sc=21626 q=10
LNV t=1710509480000 acc=63005941663 var=984467838 mu=837
LNO t=1710519640000 ly=0 ten=6 ard=-32768 mu=837 sc=22186 q=-25
LNV t=1711154440000 acc=71495849270 var=1117122644 mu=-172
LNO t=1711164600000 ly=0 ten=6 ard=5061 mu=-172 sc=23633 q=3
LNV t=1711799400000 acc=61212122482 var=956439413 mu=-2020
LNO t=1711809560000 ly=0 ten=6 ard=-4860 mu=-2020 sc=21868 q=-3
MV0 t=1712368680000 ly=0 ten_o=0 acc=0 dest=0
MV0 t=1722874920000 ly=0 ten_o=0 acc=0 dest=128
MV0 t=1733381160000 ly=0 ten_o=0 acc=0 dest=256
MV0 t=1743887400000 ly=0 ten_o=0 acc=0 dest=384
MV0 t=1754393640000 ly=0 ten_o=0 acc=0 dest=512
MV0 t=1764899880000 ly=0 ten_o=0 acc=0 dest=640
MV0 t=1775406120000 ly=0 ten_o=0 acc=0 dest=768
MV0 t=1785912360000 ly=0 ten_o=0 acc=0 dest=896
MV0 t=1796418600000 ly=0 ten_o=6 acc=0 dest=98304
MV0 t=1806914600000 ly=0 ten_o=6 acc=0 dest=98432
MV0 t=1817410600000 ly=0 ten_o=6 acc=0 dest=98560
MV0 t=1827906600000 ly=0 ten_o=6 acc=0 dest=98688
MV0 t=1838402600000 ly=0 ten_o=6 acc=0 dest=98816
MV0 t=1848898600000 ly=0 ten_o=6 acc=0 dest=98944
MV0 t=1859394600000 ly=0 ten_o=6 acc=0 dest=99072
MV0 t=1869890600000 ly=0 ten_o=6 acc=0 dest=99200
ADD t=1880386520000 ly=0 ten=1 ard=32759 ardb=236
ADD t=1880417240000 ly=0 ten=1 ard=32762 ardb=19187
ADD t=1880447960000 ly=0 ten=1 ard=-3790 ardb=5260
ADD t=1880478680000 ly=0 ten=1 ard=32764 ardb=28754
ADD t=1880509400000 ly=0 ten=1 ard=15143 ardb=13920
ADD t=1880540120000 ly=0 ten=1 ard=-32768 ardb=-870
ADD t=1880570840000 ly=0 ten=1 ard=5061 ardb=10453
ADD t=1880601560000 ly=0 ten=1 ard=-4860 ardb=-3756
LNV t=1880708040000 acc=78686229646 var=1229472338 mu=197
LNO t=1880718200000 ly=1 ten=0 ard=32767 mu=197 sc=24793 q=21
LNV t=1881353000000 acc=71367937543 var=1115124024 mu=230
LNO t=1881363160000 ly=1 ten=0 ard=32767 mu=230 sc=23612 q=22
LNV t=1881997960000 acc=73730691846 var=1152042060 mu=563
LNO t=1882008120000 ly=1 ten=0 ard=1470 mu=563 sc=24000 q=0
LNV t=1882642920000 acc=73122536195 var=1142539628 mu=391
LNO t=1882653080000 ly=1 ten=0 ard=32767 mu=391 sc=23901 q=21
LNV t=1883287880000 acc=75321085808 var=1176891965 mu=3431
LNO t=1883298040000 ly=1 ten=0 ard=29063 mu=3431 sc=24257 q=16
LNV t=1883932840000 acc=75380866662 var=1177826041 mu=1352
LNO t=1883943000000 ly=1 ten=0 ard=-32768 mu=1352 sc=24267 q=-23
LNV t=1884577800000 acc=71508121371 var=1117314396 mu=849
LNO t=1884587960000 ly=1 ten=0 ard=15514 mu=849 sc=23635 q=9
LNV t=1885222760000 acc=72107554282 var=1126680535 mu=241
LNO t=1885232920000 ly=1 ten=0 ard=-8616 mu=241 sc=23734 q=-6
MV0 t=1885792040000 ly=1 ten_o=2 acc=0 dest=32768
MV0 t=1891045160000 ly=1 ten_o=2 acc=0 dest=32896
MV0 t=1896298280000 ly=1 ten_o=2 acc=0 dest=33024
MV0 t=1901551400000 ly=1 ten_o=2 acc=0 dest=33152
MV0 t=1906804520000 ly=1 ten_o=2 acc=0 dest=33280
MV0 t=1912057640000 ly=1 ten_o=2 acc=0 dest=33408
MV0 t=1917310760000 ly=1 ten_o=2 acc=0 dest=33536
MV0 t=1922563880000 ly=1 ten_o=2 acc=0 dest=33664
MV0 t=1927817000000 ly=1 ten_o=3 acc=0 dest=49152
MV0 t=1933070120000 ly=1 ten_o=3 acc=0 dest=49280
MV0 t=1938323240000 ly=1 ten_o=3 acc=0 dest=49408
MV0 t=1943576360000 ly=1 ten_o=3 acc=0 dest=49536
MV0 t=1948829480000 ly=1 ten_o=3 acc=0 dest=49664
MV0 t=1954082600000 ly=1 ten_o=3 acc=0 dest=49792
MV0 t=1959335720000 ly=1 ten_o=3 acc=0 dest=49920
MV0 t=1964588840000 ly=1 ten_o=3 acc=0 dest=50048
MV0 t=1969841960000 ly=1 ten_o=4 acc=0 dest=65536
MV0 t=1975095080000 ly=1 ten_o=4 acc=0 dest=65664
MV0 t=1980348200000 ly=1 ten_o=4 acc=0 dest=65792
MV0 t=1985601320000 ly=1 ten_o=4 acc=0 dest=65920
MV0 t=1990854440000 ly=1 ten_o=4 acc=0 dest=66048
MV0 t=1996107560000 ly=1 ten_o=4 acc=0 dest=66176
MV0 t=2001360680000 ly=1 ten_o=4 acc=0 dest=66304
MV0 t=2006613800000 ly=1 ten_o=4 acc=0 dest=66432
ATTQK t=2011866840000 ard=-12 ardb=486 qa=32768 ka=49152
ATTO t=2011891880000 h=0 q=57 z=16 acc=912 dest=81920
ATTQK t=2012033480000 ard=414 ardb=-205 qa=32800 ka=49184
ATTO t=2012058520000 h=1 q=-477 z=16 acc=-7632 dest=81952
ATTQK t=2012200120000 ard=-582 ardb=165 qa=32832 ka=49216
ATTO t=2012225160000 h=2 q=-387 z=16 acc=-6192 dest=81984
ATTQK t=2012366760000 ard=797 ardb=-341 qa=32864 ka=49248
ATTO t=2012391800000 h=3 q=140 z=16 acc=2240 dest=82016
ATTQK t=2012533400000 ard=-215 ardb=486 qa=32896 ka=49152
ATTO t=2012569240000 h=0 q=57 z=16 acc=912 dest=82048
ATTQK t=2012720760000 ard=-24 ardb=-205 qa=32928 ka=49184
ATTO t=2012756600000 h=1 q=-477 z=16 acc=-7632 dest=82080
ATTQK t=2012908120000 ard=44 ardb=165 qa=32960 ka=49216
ATTO t=2012943960000 h=2 q=-387 z=16 acc=-6192 dest=82112
ATTQK t=2013095480000 ard=-580 ardb=-341 qa=32992 ka=49248
ATTO t=2013131320000 h=3 q=2 z=16 acc=32 dest=82144
ATTQK t=2013282840000 ard=65 ardb=486 qa=33024 ka=49152
ATTO t=2013329480000 h=0 q=398 z=16 acc=6368 dest=82176
ATTQK t=2013490920000 ard=55 ardb=-205 qa=33056 ka=49184
ATTO t=2013537560000 h=1 q=-477 z=16 acc=-7632 dest=82208
ATTQK t=2013699000000 ard=368 ardb=165 qa=33088 ka=49216
ATTO t=2013745640000 h=2 q=-387 z=16 acc=-6192 dest=82240
ATTQK t=2013907080000 ard=-486 ardb=-341 qa=33120 ka=49248
ATTO t=2013953720000 h=3 q=-231 z=16 acc=-3696 dest=82272
ATTQK t=2014115160000 ard=-642 ardb=486 qa=33152 ka=49152
ATTO t=2014172600000 h=0 q=398 z=16 acc=6368 dest=82304
ATTQK t=2014343960000 ard=-585 ardb=-205 qa=33184 ka=49184
ATTO t=2014401400000 h=1 q=-678 z=16 acc=-10848 dest=82336
ATTQK t=2014572760000 ard=-284 ardb=165 qa=33216 ka=49216
ATTO t=2014630200000 h=2 q=-387 z=16 acc=-6192 dest=82368
ATTQK t=2014801560000 ard=1001 ardb=-341 qa=33248 ka=49248
ATTO t=2014859000000 h=3 q=62 z=16 acc=992 dest=82400
ATTQK t=2015030360000 ard=61 ardb=486 qa=33280 ka=49152
ATTO t=2015098600000 h=0 q=57 z=16 acc=912 dest=82432
ATTQK t=2015279880000 ard=635 ardb=-205 qa=33312 ka=49184
ATTO t=2015348120000 h=1 q=-477 z=16 acc=-7632 dest=82464
ATTQK t=2015529400000 ard=-29 ardb=165 qa=33344 ka=49216
ATTO t=2015597640000 h=2 q=-387 z=16 acc=-6192 dest=82496
ATTQK t=2015778920000 ard=1295 ardb=-341 qa=33376 ka=49248
ATTO t=2015847160000 h=3 q=2 z=16 acc=32 dest=82528
ATTQK t=2016028440000 ard=856 ardb=486 qa=33408 ka=49152
ATTO t=2016107480000 h=0 q=-1322 z=16 acc=-21152 dest=82560
ATTQK t=2016298680000 ard=-673 ardb=-205 qa=33440 ka=49184
ATTO t=2016377720000 h=1 q=-477 z=16 acc=-7632 dest=82592
ATTQK t=2016568920000 ard=626 ardb=165 qa=33472 ka=49216
ATTO t=2016647960000 h=2 q=-1115 z=16 acc=-17840 dest=82624
ATTQK t=2016839160000 ard=-874 ardb=-341 qa=33504 ka=49248
ATTO t=2016918200000 h=3 q=167 z=16 acc=2672 dest=82656
ATTQK t=2017109400000 ard=-493 ardb=486 qa=33536 ka=49152
ATTO t=2017199240000 h=0 q=398 z=16 acc=6368 dest=82688
ATTQK t=2017400360000 ard=535 ardb=-205 qa=33568 ka=49184
ATTO t=2017490200000 h=1 q=-432 z=16 acc=-6912 dest=82720
ATTQK t=2017691320000 ard=328 ardb=165 qa=33600 ka=49216
ATTO t=2017781160000 h=2 q=-387 z=16 acc=-6192 dest=82752
ATTQK t=2017982280000 ard=940 ardb=-341 qa=33632 ka=49248
ATTO t=2018072120000 h=3 q=2 z=16 acc=32 dest=82784
ATTQK t=2018273240000 ard=-691 ardb=486 qa=33664 ka=49152
ATTO t=2018373880000 h=0 q=398 z=16 acc=6368 dest=82816
ATTQK t=2018584920000 ard=589 ardb=-205 qa=33696 ka=49184
ATTO t=2018685560000 h=1 q=-634 z=16 acc=-10144 dest=82848
ATTQK t=2018896600000 ard=349 ardb=165 qa=33728 ka=49216
ATTO t=2018997240000 h=2 q=-387 z=16 acc=-6192 dest=82880
ATTQK t=2019208280000 ard=912 ardb=-341 qa=33760 ka=49248
ATTO t=2019308920000 h=3 q=62 z=16 acc=992 dest=82912
MV0 t=2019520040000 ly=1 ten_o=5 acc=0 dest=81920
MV0 t=2024773160000 ly=1 ten_o=5 acc=0 dest=82048
MV0 t=2030026280000 ly=1 ten_o=5 acc=0 dest=82176
MV0 t=2035279400000 ly=1 ten_o=5 acc=0 dest=82304
MV0 t=2040532520000 ly=1 ten_o=5 acc=0 dest=82432
MV0 t=2045785640000 ly=1 ten_o=5 acc=0 dest=82560
MV0 t=2051038760000 ly=1 ten_o=5 acc=0 dest=82688
MV0 t=2056291880000 ly=1 ten_o=5 acc=0 dest=82816
ADD t=2061544920000 ly=1 ten=0 ard=32767 ardb=28822
ADD t=2061575640000 ly=1 ten=0 ard=32767 ardb=30601
ADD t=2061606360000 ly=1 ten=0 ard=1470 ardb=20824
ADD t=2061637080000 ly=1 ten=0 ard=32767 ardb=14098
ADD t=2061667800000 ly=1 ten=0 ard=29063 ardb=30601
ADD t=2061698520000 ly=1 ten=0 ard=-32768 ardb=32767
ADD t=2061729240000 ly=1 ten=0 ard=15514 ardb=24172
ADD t=2061759960000 ly=1 ten=0 ard=-8616 ardb=7444
LNV t=2061866440000 acc=75933762328 var=1186465036 mu=-765
LNO t=2061876600000 ly=1 ten=6 ard=32767 mu=-765 sc=24356 q=22
LNV t=2062511400000 acc=74148749507 var=1158574211 mu=-1457
LNO t=2062521560000 ly=1 ten=6 ard=32767 mu=-1457 sc=24068 q=22
LNV t=2063156360000 acc=76427819257 var=1194184675 mu=-436
LNO t=2063166520000 ly=1 ten=6 ard=22294 mu=-436 sc=24435 q=14
LNV t=2063801320000 acc=73825961758 var=1153530652 mu=227
LNO t=2063811480000 ly=1 ten=6 ard=32767 mu=227 sc=24015 q=21
LNV t=2064446280000 acc=73108469765 var=1142319840 mu=204
LNO t=2064456440000 ly=1 ten=6 ard=32767 mu=204 sc=23898 q=21
LNV t=2065091240000 acc=69434571080 var=1084915173 mu=685
LNO t=2065101400000 ly=1 ten=6 ard=-1 mu=685 sc=23290 q=-1
LNV t=2065736200000 acc=71842577353 var=1122540271 mu=1220
LNO t=2065746360000 ly=1 ten=6 ard=32767 mu=1220 sc=23691 q=21
LNV t=2066381160000 acc=65214580739 var=1018977824 mu=-271
LNO t=2066391320000 ly=1 ten=6 ard=-1172 mu=-271 sc=22571 q=-1
MV0 t=2066950440000 ly=1 ten_o=0 acc=0 dest=0
MV0 t=2077456680000 ly=1 ten_o=0 acc=0 dest=128
MV0 t=2087962920000 ly=1 ten_o=0 acc=0 dest=256
MV0 t=2098469160000 ly=1 ten_o=0 acc=0 dest=384
MV0 t=2108975400000 ly=1 ten_o=0 acc=0 dest=512
MV0 t=2119481640000 ly=1 ten_o=0 acc=0 dest=640
MV0 t=2129987880000 ly=1 ten_o=0 acc=0 dest=768
MV0 t=2140494120000 ly=1 ten_o=0 acc=0 dest=896
MV0 t=2151000360000 ly=1 ten_o=6 acc=0 dest=98304
MV0 t=2161496360000 ly=1 ten_o=6 acc=0 dest=98432
MV0 t=2171992360000 ly=1 ten_o=6 acc=0 dest=98560
MV0 t=2182488360000 ly=1 ten_o=6 acc=0 dest=98688
MV0 t=2192984360000 ly=1 ten_o=6 acc=0 dest=98816
MV0 t=2203480360000 ly=1 ten_o=6 acc=0 dest=98944
MV0 t=2213976360000 ly=1 ten_o=6 acc=0 dest=99072
MV0 t=2224472360000 ly=1 ten_o=6 acc=0 dest=99200
ADD t=2234968280000 ly=1 ten=1 ard=32767 ardb=-18137
ADD t=2234999000000 ly=1 ten=1 ard=32767 ardb=-8653
ADD t=2235029720000 ly=1 ten=1 ard=22294 ardb=-4594
ADD t=2235060440000 ly=1 ten=1 ard=32767 ardb=-24559
ADD t=2235091160000 ly=1 ten=1 ard=32767 ardb=-27572
ADD t=2235121880000 ly=1 ten=1 ard=-1 ardb=-19458
ADD t=2235152600000 ly=1 ten=1 ard=32767 ardb=-10042
ADD t=2235183320000 ly=1 ten=1 ard=-1172 ardb=8765
LNV t=2235289800000 acc=70827994904 var=1106687420 mu=-1097
LNO t=2235299960000 ly=2 ten=0 ard=14630 mu=-1097 sc=23523 q=10
LNV t=2235934760000 acc=76511869058 var=1195497954 mu=-1494
LNO t=2235944920000 ly=2 ten=0 ard=24114 mu=-1494 sc=24448 q=16
LNV t=2236579720000 acc=70018352613 var=1094036759 mu=-1275
LNO t=2236589880000 ly=2 ten=0 ard=17700 mu=-1275 sc=23388 q=12
LNV t=2237224680000 acc=62042092359 var=969407693 mu=-1179
LNO t=2237234840000 ly=2 ten=0 ard=8208 mu=-1179 sc=22015 q=6
LNV t=2237869640000 acc=74028400114 var=1156693751 mu=-169
LNO t=2237879800000 ly=2 ten=0 ard=5195 mu=-169 sc=24048 q=3
LNV t=2238514600000 acc=71349383610 var=1114834118 mu=2055
LNO t=2238524760000 ly=2 ten=0 ard=-19459 mu=2055 sc=23609 q=-15
LNV t=2239159560000 acc=62336880011 var=974013750 mu=-978
LNO t=2239169720000 ly=2 ten=0 ard=22725 mu=-978 sc=22068 q=17
LNV t=2239804520000 acc=65013188579 var=1015831071 mu=2991
LNO t=2239814680000 ly=2 ten=0 ard=7593 mu=2991 sc=22536 q=3
MV0 t=2240373800000 ly=2 ten_o=2 acc=0 dest=32768
MV0 t=2245626920000 ly=2 ten_o=2 acc=0 dest=32896
MV0 t=2250880040000 ly=2 ten_o=2 acc=0 dest=33024
MV0 t=2256133160000 ly=2 ten_o=2 acc=0 dest=33152
MV0 t=2261386280000 ly=2 ten_o=2 acc=0 dest=33280
MV0 t=2266639400000 ly=2 ten_o=2 acc=0 dest=33408
MV0 t=2271892520000 ly=2 ten_o=2 acc=0 dest=33536
MV0 t=2277145640000 ly=2 ten_o=2 acc=0 dest=33664
MV0 t=2282398760000 ly=2 ten_o=3 acc=0 dest=49152
MV0 t=2287651880000 ly=2 ten_o=3 acc=0 dest=49280
MV0 t=2292905000000 ly=2 ten_o=3 acc=0 dest=49408
MV0 t=2298158120000 ly=2 ten_o=3 acc=0 dest=49536
MV0 t=2303411240000 ly=2 ten_o=3 acc=0 dest=49664
MV0 t=2308664360000 ly=2 ten_o=3 acc=0 dest=49792
MV0 t=2313917480000 ly=2 ten_o=3 acc=0 dest=49920
MV0 t=2319170600000 ly=2 ten_o=3 acc=0 dest=50048
MV0 t=2324423720000 ly=2 ten_o=4 acc=0 dest=65536
MV0 t=2329676840000 ly=2 ten_o=4 acc=0 dest=65664
MV0 t=2334929960000 ly=2 ten_o=4 acc=0 dest=65792
MV0 t=2340183080000 ly=2 ten_o=4 acc=0 dest=65920
MV0 t=2345436200000 ly=2 ten_o=4 acc=0 dest=66048
MV0 t=2350689320000 ly=2 ten_o=4 acc=0 dest=66176
MV0 t=2355942440000 ly=2 ten_o=4 acc=0 dest=66304
MV0 t=2361195560000 ly=2 ten_o=4 acc=0 dest=66432
ATTQK t=2366448600000 ard=-926 ardb=84 qa=32768 ka=49152
ATTO t=2366473640000 h=0 q=-1381 z=16 acc=-22096 dest=81920
ATTQK t=2366615240000 ard=-376 ardb=-223 qa=32800 ka=49184
ATTO t=2366640280000 h=1 q=-409 z=16 acc=-6544 dest=81952
ATTQK t=2366781880000 ard=-189 ardb=817 qa=32832 ka=49216
ATTO t=2366806920000 h=2 q=261 z=16 acc=4176 dest=81984
ATTQK t=2366948520000 ard=262 ardb=46 qa=32864 ka=49248
ATTO t=2366973560000 h=3 q=296 z=16 acc=4736 dest=82016
ATTQK t=2367115160000 ard=-1440 ardb=84 qa=32896 ka=49152
ATTO t=2367151000000 h=0 q=-1253 z=16 acc=-20048 dest=82048
ATTQK t=2367302520000 ard=-413 ardb=-223 qa=32928 ka=49184
ATTO t=2367338360000 h=1 q=-409 z=16 acc=-6544 dest=82080
ATTQK t=2367489880000 ard=-293 ardb=817 qa=32960 ka=49216
ATTO t=2367525720000 h=2 q=261 z=16 acc=4176 dest=82112
ATTQK t=2367677240000 ard=120 ardb=46 qa=32992 ka=49248
ATTO t=2367713080000 h=3 q=296 z=16 acc=4736 dest=82144
ATTQK t=2367864600000 ard=8 ardb=84 qa=33024 ka=49152
ATTO t=2367911240000 h=0 q=-1381 z=16 acc=-22096 dest=82176
ATTQK t=2368072680000 ard=826 ardb=-223 qa=33056 ka=49184
ATTO t=2368119320000 h=1 q=-495 z=16 acc=-7920 dest=82208
ATTQK t=2368280760000 ard=-168 ardb=817 qa=33088 ka=49216
ATTO t=2368327400000 h=2 q=-232 z=16 acc=-3712 dest=82240
ATTQK t=2368488840000 ard=220 ardb=46 qa=33120 ka=49248
ATTO t=2368535480000 h=3 q=-869 z=16 acc=-13904 dest=82272
ATTQK t=2368696920000 ard=-45 ardb=84 qa=33152 ka=49152
ATTO t=2368754360000 h=0 q=-1145 z=16 acc=-18320 dest=82304
ATTQK t=2368925720000 ard=987 ardb=-223 qa=33184 ka=49184
ATTO t=2368983160000 h=1 q=-1587 z=16 acc=-25392 dest=82336
ATTQK t=2369154520000 ard=522 ardb=817 qa=33216 ka=49216
ATTO t=2369211960000 h=2 q=375 z=16 acc=6000 dest=82368
ATTQK t=2369383320000 ard=-73 ardb=46 qa=33248 ka=49248
ATTO t=2369440760000 h=3 q=797 z=16 acc=12752 dest=82400
ATTQK t=2369612120000 ard=-950 ardb=84 qa=33280 ka=49152
ATTO t=2369680360000 h=0 q=-730 z=16 acc=-11680 dest=82432
ATTQK t=2369861640000 ard=-173 ardb=-223 qa=33312 ka=49184
ATTO t=2369929880000 h=1 q=-495 z=16 acc=-7920 dest=82464
ATTQK t=2370111160000 ard=12 ardb=817 qa=33344 ka=49216
ATTO t=2370179400000 h=2 q=-232 z=16 acc=-3712 dest=82496
ATTQK t=2370360680000 ard=236 ardb=46 qa=33376 ka=49248
ATTO t=2370428920000 h=3 q=1162 z=16 acc=18592 dest=82528
ATTQK t=2370610200000 ard=778 ardb=84 qa=33408 ka=49152
ATTO t=2370689240000 h=0 q=-1145 z=16 acc=-18320 dest=82560
ATTQK t=2370880440000 ard=-213 ardb=-223 qa=33440 ka=49184
ATTO t=2370959480000 h=1 q=-719 z=16 acc=-11504 dest=82592
ATTQK t=2371150680000 ard=908 ardb=817 qa=33472 ka=49216
ATTO t=2371229720000 h=2 q=310 z=16 acc=4960 dest=82624
ATTQK t=2371420920000 ard=683 ardb=46 qa=33504 ka=49248
ATTO t=2371499960000 h=3 q=-869 z=16 acc=-13904 dest=82656
ATTQK t=2371691160000 ard=-207 ardb=84 qa=33536 ka=49152
ATTO t=2371781000000 h=0 q=-730 z=16 acc=-11680 dest=82688
ATTQK t=2371982120000 ard=1316 ardb=-223 qa=33568 ka=49184
ATTO t=2372071960000 h=1 q=-1587 z=16 acc=-25392 dest=82720
ATTQK t=2372273080000 ard=-647 ardb=817 qa=33600 ka=49216
ATTO t=2372362920000 h=2 q=269 z=16 acc=4304 dest=82752
ATTQK t=2372564040000 ard=-836 ardb=46 qa=33632 ka=49248
ATTO t=2372653880000 h=3 q=797 z=16 acc=12752 dest=82784
ATTQK t=2372855000000 ard=261 ardb=84 qa=33664 ka=49152
ATTO t=2372955640000 h=0 q=-730 z=16 acc=-11680 dest=82816
ATTQK t=2373166680000 ard=160 ardb=-223 qa=33696 ka=49184
ATTO t=2373267320000 h=1 q=-385 z=16 acc=-6160 dest=82848
ATTQK t=2373478360000 ard=174 ardb=817 qa=33728 ka=49216
ATTO t=2373579000000 h=2 q=269 z=16 acc=4304 dest=82880
ATTQK t=2373790040000 ard=-906 ardb=46 qa=33760 ka=49248
ATTO t=2373890680000 h=3 q=278 z=16 acc=4448 dest=82912
MV0 t=2374101800000 ly=2 ten_o=5 acc=0 dest=81920
MV0 t=2379354920000 ly=2 ten_o=5 acc=0 dest=82048
MV0 t=2384608040000 ly=2 ten_o=5 acc=0 dest=82176
MV0 t=2389861160000 ly=2 ten_o=5 acc=0 dest=82304
MV0 t=2395114280000 ly=2 ten_o=5 acc=0 dest=82432
MV0 t=2400367400000 ly=2 ten_o=5 acc=0 dest=82560
MV0 t=2405620520000 ly=2 ten_o=5 acc=0 dest=82688
MV0 t=2410873640000 ly=2 ten_o=5 acc=0 dest=82816
ADD t=2416126680000 ly=2 ten=0 ard=14630 ardb=32767
ADD t=2416157400000 ly=2 ten=0 ard=24114 ardb=32767
ADD t=2416188120000 ly=2 ten=0 ard=17700 ardb=12107
ADD t=2416218840000 ly=2 ten=0 ard=8208 ardb=5558
ADD t=2416249560000 ly=2 ten=0 ard=5195 ardb=32767
ADD t=2416280280000 ly=2 ten=0 ard=-19459 ardb=9161
ADD t=2416311000000 ly=2 ten=0 ard=22725 ardb=22006
ADD t=2416341720000 ly=2 ten=0 ard=7593 ardb=32767
LNV t=2416448200000 acc=85079883155 var=1329373174 mu=-403
LNO t=2416458360000 ly=2 ten=6 ard=32767 mu=-403 sc=25781 q=20
LNV t=2417093160000 acc=84165169389 var=1315080771 mu=286
LNO t=2417103320000 ly=2 ten=6 ard=32767 mu=286 sc=25642 q=20
LNV t=2417738120000 acc=73629826928 var=1150466045 mu=-10
LNO t=2417748280000 ly=2 ten=6 ard=29807 mu=-10 sc=23984 q=19
LNV t=2418383080000 acc=63506572650 var=992290197 mu=-322
LNO t=2418393240000 ly=2 ten=6 ard=13766 mu=-322 sc=22274 q=10
LNV t=2419028040000 acc=80112315631 var=1251754931 mu=-352
LNO t=2419038200000 ly=2 ten=6 ard=32767 mu=-352 sc=25017 q=21
LNV t=2419673000000 acc=80249576420 var=1253899631 mu=1538
LNO t=2419683160000 ly=2 ten=6 ard=-10298 mu=1538 sc=25038 q=-8
LNV t=2420317960000 acc=63616054628 var=994000853 mu=-3223
LNO t=2420328120000 ly=2 ten=6 ard=32767 mu=-3223 sc=22293 q=25
LNV t=2420962920000 acc=76435543916 var=1194305373 mu=-66
LNO t=2420973080000 ly=2 ten=6 ard=32767 mu=-66 sc=24436 q=21
MV0 t=2421532200000 ly=2 ten_o=0 acc=0 dest=0
MV0 t=2432038440000 ly=2 ten_o=0 acc=0 dest=128
MV0 t=2442544680000 ly=2 ten_o=0 acc=0 dest=256
MV0 t=2453050920000 ly=2 ten_o=0 acc=0 dest=384
MV0 t=2463557160000 ly=2 ten_o=0 acc=0 dest=512
MV0 t=2474063400000 ly=2 ten_o=0 acc=0 dest=640
MV0 t=2484569640000 ly=2 ten_o=0 acc=0 dest=768
MV0 t=2495075880000 ly=2 ten_o=0 acc=0 dest=896
MV0 t=2505582120000 ly=2 ten_o=6 acc=0 dest=98304
MV0 t=2516078120000 ly=2 ten_o=6 acc=0 dest=98432
MV0 t=2526574120000 ly=2 ten_o=6 acc=0 dest=98560
MV0 t=2537070120000 ly=2 ten_o=6 acc=0 dest=98688
MV0 t=2547566120000 ly=2 ten_o=6 acc=0 dest=98816
MV0 t=2558062120000 ly=2 ten_o=6 acc=0 dest=98944
MV0 t=2568558120000 ly=2 ten_o=6 acc=0 dest=99072
MV0 t=2579054120000 ly=2 ten_o=6 acc=0 dest=99200
ADD t=2589550040000 ly=2 ten=1 ard=32767 ardb=18479
ADD t=2589580760000 ly=2 ten=1 ard=32767 ardb=871
ADD t=2589611480000 ly=2 ten=1 ard=29807 ardb=-3668
ADD t=2589642200000 ly=2 ten=1 ard=13766 ardb=16388
ADD t=2589672920000 ly=2 ten=1 ard=32767 ardb=11804
ADD t=2589703640000 ly=2 ten=1 ard=-10298 ardb=-22316
ADD t=2589734360000 ly=2 ten=1 ard=32767 ardb=32767
ADD t=2589765080000 ly=2 ten=1 ard=32767 ardb=-24826
LNV t=2589871560000 acc=84210640954 var=1315791264 mu=-117
LNO t=2589881720000 ly=3 ten=0 ard=32767 mu=-117 sc=25649 q=20
LNV t=2590516520000 acc=68277779911 var=1066840311 mu=-1137
LNO t=2590526680000 ly=3 ten=0 ard=32767 mu=-1137 sc=23095 q=23
LNV t=2591161480000 acc=69437945437 var=1084967897 mu=-464
LNO t=2591171640000 ly=3 ten=0 ard=26139 mu=-464 sc=23291 q=18
LNV t=2591806440000 acc=74660487905 var=1166570123 mu=-2077
LNO t=2591816600000 ly=3 ten=0 ard=30154 mu=-2077 sc=24151 q=21
LNV t=2592451400000 acc=75985792643 var=1187278010 mu=-2313
LNO t=2592461560000 ly=3 ten=0 ard=32767 mu=-2313 sc=24364 q=23
LNV t=2593096360000 acc=73847944546 var=1153874133 mu=221
LNO t=2593106520000 ly=3 ten=0 ard=-32614 mu=221 sc=24019 q=-22
LNV t=2593741320000 acc=68161051054 var=1065016422 mu=-2707
LNO t=2593751480000 ly=3 ten=0 ard=32767 mu=-2707 sc=23076 q=24
LNV t=2594386280000 acc=76366458003 var=1193225906 mu=1415
LNO t=2594396440000 ly=3 ten=0 ard=7941 mu=1415 sc=24425 q=4
MV0 t=2594955560000 ly=3 ten_o=2 acc=0 dest=32768
MV0 t=2600208680000 ly=3 ten_o=2 acc=0 dest=32896
MV0 t=2605461800000 ly=3 ten_o=2 acc=0 dest=33024
MV0 t=2610714920000 ly=3 ten_o=2 acc=0 dest=33152
MV0 t=2615968040000 ly=3 ten_o=2 acc=0 dest=33280
MV0 t=2621221160000 ly=3 ten_o=2 acc=0 dest=33408
MV0 t=2626474280000 ly=3 ten_o=2 acc=0 dest=33536
MV0 t=2631727400000 ly=3 ten_o=2 acc=0 dest=33664
MV0 t=2636980520000 ly=3 ten_o=3 acc=0 dest=49152
MV0 t=2642233640000 ly=3 ten_o=3 acc=0 dest=49280
MV0 t=2647486760000 ly=3 ten_o=3 acc=0 dest=49408
MV0 t=2652739880000 ly=3 ten_o=3 acc=0 dest=49536
MV0 t=2657993000000 ly=3 ten_o=3 acc=0 dest=49664
MV0 t=2663246120000 ly=3 ten_o=3 acc=0 dest=49792
MV0 t=2668499240000 ly=3 ten_o=3 acc=0 dest=49920
MV0 t=2673752360000 ly=3 ten_o=3 acc=0 dest=50048
MV0 t=2679005480000 ly=3 ten_o=4 acc=0 dest=65536
MV0 t=2684258600000 ly=3 ten_o=4 acc=0 dest=65664
MV0 t=2689511720000 ly=3 ten_o=4 acc=0 dest=65792
MV0 t=2694764840000 ly=3 ten_o=4 acc=0 dest=65920
MV0 t=2700017960000 ly=3 ten_o=4 acc=0 dest=66048
MV0 t=2705271080000 ly=3 ten_o=4 acc=0 dest=66176
MV0 t=2710524200000 ly=3 ten_o=4 acc=0 dest=66304
MV0 t=2715777320000 ly=3 ten_o=4 acc=0 dest=66432
ATTQK t=2721030360000 ard=-1140 ardb=-1249 qa=32768 ka=49152
ATTO t=2721055400000 h=0 q=388 z=16 acc=6208 dest=81920
ATTQK t=2721197000000 ard=801 ardb=-542 qa=32800 ka=49184
ATTO t=2721222040000 h=1 q=681 z=16 acc=10896 dest=81952
ATTQK t=2721363640000 ard=742 ardb=179 qa=32832 ka=49216
ATTO t=2721388680000 h=2 q=330 z=16 acc=5280 dest=81984
ATTQK t=2721530280000 ard=-60 ardb=-162 qa=32864 ka=49248
ATTO t=2721555320000 h=3 q=-599 z=16 acc=-9584 dest=82016
ATTQK t=2721696920000 ard=-579 ardb=-1249 qa=32896 ka=49152
ATTO t=2721732760000 h=0 q=721 z=16 acc=11536 dest=82048
ATTQK t=2721884280000 ard=882 ardb=-542 qa=32928 ka=49184
ATTO t=2721920120000 h=1 q=681 z=16 acc=10896 dest=82080
ATTQK t=2722071640000 ard=639 ardb=179 qa=32960 ka=49216
ATTO t=2722107480000 h=2 q=330 z=16 acc=5280 dest=82112
ATTQK t=2722259000000 ard=927 ardb=-162 qa=32992 ka=49248
ATTO t=2722294840000 h=3 q=-599 z=16 acc=-9584 dest=82144
ATTQK t=2722446360000 ard=-562 ardb=-1249 qa=33024 ka=49152
ATTO t=2722493000000 h=0 q=388 z=16 acc=6208 dest=82176
ATTQK t=2722654440000 ard=107 ardb=-542 qa=33056 ka=49184
ATTO t=2722701080000 h=1 q=541 z=16 acc=8656 dest=82208
ATTQK t=2722862520000 ard=-241 ardb=179 qa=33088 ka=49216
ATTO t=2722909160000 h=2 q=-221 z=16 acc=-3536 dest=82240
ATTQK t=2723070600000 ard=-584 ardb=-162 qa=33120 ka=49248
ATTO t=2723117240000 h=3 q=-599 z=16 acc=-9584 dest=82272
ATTQK t=2723278680000 ard=-234 ardb=-1249 qa=33152 ka=49152
ATTO t=2723336120000 h=0 q=721 z=16 acc=11536 dest=82304
ATTQK t=2723507480000 ard=490 ardb=-542 qa=33184 ka=49184
ATTO t=2723564920000 h=1 q=964 z=16 acc=15424 dest=82336
ATTQK t=2723736280000 ard=1136 ardb=179 qa=33216 ka=49216
ATTO t=2723793720000 h=2 q=-221 z=16 acc=-3536 dest=82368
ATTQK t=2723965080000 ard=759 ardb=-162 qa=33248 ka=49248
ATTO t=2724022520000 h=3 q=-599 z=16 acc=-9584 dest=82400
ATTQK t=2724193880000 ard=-294 ardb=-1249 qa=33280 ka=49152
ATTO t=2724262120000 h=0 q=1428 z=16 acc=22848 dest=82432
ATTQK t=2724443400000 ard=315 ardb=-542 qa=33312 ka=49184
ATTO t=2724511640000 h=1 q=964 z=16 acc=15424 dest=82464
ATTQK t=2724692920000 ard=-20 ardb=179 qa=33344 ka=49216
ATTO t=2724761160000 h=2 q=-221 z=16 acc=-3536 dest=82496
ATTQK t=2724942440000 ard=-1398 ardb=-162 qa=33376 ka=49248
ATTO t=2725010680000 h=3 q=-599 z=16 acc=-9584 dest=82528
ATTQK t=2725191960000 ard=-1301 ardb=-1249 qa=33408 ka=49152
ATTO t=2725271000000 h=0 q=489 z=16 acc=7824 dest=82560
ATTQK t=2725462200000 ard=443 ardb=-542 qa=33440 ka=49184
ATTO t=2725541240000 h=1 q=541 z=16 acc=8656 dest=82592
ATTQK t=2725732440000 ard=770 ardb=179 qa=33472 ka=49216
ATTO t=2725811480000 h=2 q=1022 z=16 acc=16352 dest=82624
ATTQK t=2726002680000 ard=910 ardb=-162 qa=33504 ka=49248
ATTO t=2726081720000 h=3 q=465 z=16 acc=7440 dest=82656
ATTQK t=2726272920000 ard=114 ardb=-1249 qa=33536 ka=49152
ATTO t=2726362760000 h=0 q=388 z=16 acc=6208 dest=82688
ATTQK t=2726563880000 ard=433 ardb=-542 qa=33568 ka=49184
ATTO t=2726653720000 h=1 q=541 z=16 acc=8656 dest=82720
ATTQK t=2726854840000 ard=-391 ardb=179 qa=33600 ka=49216
ATTO t=2726944680000 h=2 q=-221 z=16 acc=-3536 dest=82752
ATTQK t=2727145800000 ard=-148 ardb=-162 qa=33632 ka=49248
ATTO t=2727235640000 h=3 q=441 z=16 acc=7056 dest=82784
ATTQK t=2727436760000 ard=-1270 ardb=-1249 qa=33664 ka=49152
ATTO t=2727537400000 h=0 q=1428 z=16 acc=22848 dest=82816
ATTQK t=2727748440000 ard=590 ardb=-542 qa=33696 ka=49184
ATTO t=2727849080000 h=1 q=541 z=16 acc=8656 dest=82848
ATTQK t=2728060120000 ard=609 ardb=179 qa=33728 ka=49216
ATTO t=2728160760000 h=2 q=1022 z=16 acc=16352 dest=82880
ATTQK t=2728371800000 ard=287 ardb=-162 qa=33760 ka=49248
ATTO t=2728472440000 h=3 q=-599 z=16 acc=-9584 dest=82912
MV0 t=2728683560000 ly=3 ten_o=5 acc=0 dest=81920
MV0 t=2733936680000 ly=3 ten_o=5 acc=0 dest=82048
MV0 t=2739189800000 ly=3 ten_o=5 acc=0 dest=82176
MV0 t=2744442920000 ly=3 ten_o=5 acc=0 dest=82304
MV0 t=2749696040000 ly=3 ten_o=5 acc=0 dest=82432
MV0 t=2754949160000 ly=3 ten_o=5 acc=0 dest=82560
MV0 t=2760202280000 ly=3 ten_o=5 acc=0 dest=82688
MV0 t=2765455400000 ly=3 ten_o=5 acc=0 dest=82816
ADD t=2770708440000 ly=3 ten=0 ard=32767 ardb=-11407
ADD t=2770739160000 ly=3 ten=0 ard=32767 ardb=-16768
ADD t=2770769880000 ly=3 ten=0 ard=26139 ardb=9967
ADD t=2770800600000 ly=3 ten=0 ard=30154 ardb=-9764
ADD t=2770831320000 ly=3 ten=0 ard=32767 ardb=-29638
ADD t=2770862040000 ly=3 ten=0 ard=-32614 ardb=5384
ADD t=2770892760000 ly=3 ten=0 ard=32767 ardb=32767
ADD t=2770923480000 ly=3 ten=0 ard=7941 ardb=250
LNV t=2771029960000 acc=72039621504 var=1125619086 mu=1956
LNO t=2771040120000 ly=3 ten=6 ard=21360 mu=1956 sc=23723 q=13
LNV t=2771674920000 acc=69316562840 var=1083071294 mu=36
LNO t=2771685080000 ly=3 ten=6 ard=15999 mu=36 sc=23270 q=10
LNV t=2772319880000 acc=84555169010 var=1321174515 mu=1668
LNO t=2772330040000 ly=3 ten=6 ard=32767 mu=1668 sc=25701 q=19
LNV t=2772964840000 acc=78990898642 var=1234232791 mu=259
LNO t=2772975000000 ly=3 ten=6 ard=20390 mu=259 sc=24841 q=12
LNV t=2773609800000 acc=80636351859 var=1259942997 mu=1850
LNO t=2773619960000 ly=3 ten=6 ard=3129 mu=1850 sc=25099 q=0
LNV t=2774254760000 acc=68461574964 var=1069712108 mu=2113
LNO t=2774264920000 ly=3 ten=6 ard=-27230 mu=2113 sc=23126 q=-21
LNV t=2774899720000 acc=78373436883 var=1224584951 mu=-132
LNO t=2774909880000 ly=3 ten=6 ard=32767 mu=-132 sc=24744 q=21
LNV t=2775544680000 acc=71877105659 var=1123079775 mu=3234
LNO t=2775554840000 ly=3 ten=6 ard=8191 mu=3234 sc=23696 q=3
MV0 t=2776113960000 ly=3 ten_o=0 acc=0 dest=0
MV0 t=2786620200000 ly=3 ten_o=0 acc=0 dest=128
MV0 t=2797126440000 ly=3 ten_o=0 acc=0 dest=256
MV0 t=2807632680000 ly=3 ten_o=0 acc=0 dest=384
MV0 t=2818138920000 ly=3 ten_o=0 acc=0 dest=512
MV0 t=2828645160000 ly=3 ten_o=0 acc=0 dest=640
MV0 t=2839151400000 ly=3 ten_o=0 acc=0 dest=768
MV0 t=2849657640000 ly=3 ten_o=0 acc=0 dest=896
MV0 t=2860163880000 ly=3 ten_o=6 acc=0 dest=98304
MV0 t=2870659880000 ly=3 ten_o=6 acc=0 dest=98432
MV0 t=2881155880000 ly=3 ten_o=6 acc=0 dest=98560
MV0 t=2891651880000 ly=3 ten_o=6 acc=0 dest=98688
MV0 t=2902147880000 ly=3 ten_o=6 acc=0 dest=98816
MV0 t=2912643880000 ly=3 ten_o=6 acc=0 dest=98944
MV0 t=2923139880000 ly=3 ten_o=6 acc=0 dest=99072
MV0 t=2933635880000 ly=3 ten_o=6 acc=0 dest=99200
ADD t=2944131800000 ly=3 ten=1 ard=21360 ardb=-32768
ADD t=2944162520000 ly=3 ten=1 ard=15999 ardb=-32768
ADD t=2944193240000 ly=3 ten=1 ard=32767 ardb=-8394
ADD t=2944223960000 ly=3 ten=1 ard=20390 ardb=-2828
ADD t=2944254680000 ly=3 ten=1 ard=3129 ardb=8175
ADD t=2944285400000 ly=3 ten=1 ard=-27230 ardb=8620
ADD t=2944316120000 ly=3 ten=1 ard=32767 ardb=-32768
ADD t=2944346840000 ly=3 ten=1 ard=8191 ardb=28515
HEAD t=2944377560000 col=0 wrd=6 ard=32767 waddr=671744 aaddr=896 acc=0
MV0 t=2944377640000 ly=3 ten_o=7 acc=0 dest=115584
HEAD t=2944377880000 col=1 wrd=6 ard=-1 waddr=671745 aaddr=897 acc=196602
SMX t=2986402360000 logit0=-127339
EXAM HOLD_A MODE=8 C9=8382238122802120 OUT=653 LMST=1 LMDN=1
PERSIST_RELOAD_OK
CMD_ACCEPT seq=71 cmd=3 tok=00 reward=3
FREEZE_BLOCK_OK
CMD_ACCEPT seq=72 cmd=1 tok=a3 reward=0
CMD_ACCEPT seq=73 cmd=2 tok=00 reward=0
GLUE_FIRE tok0=a3 map=03 mode=8 want_lm=1
GLUE_QISS qid=03 qr=1
GRAPH_ACCEPT seq=23 qid=03
GRAPH_Q qid=03 train=0
SNAP_RISE n=23 qid=03
GLUE_SNAP want_lm=1
LMST_RISE n=3 cyc=37334409
CTX_BEAT idx=0 n=8 pack=8786858483828180 c9=8786858483828180 beats=3
EMB_POS t=2986753880000 dim=0 wrd=-3 awd=-3
EMB_POS t=2986754120000 dim=1 wrd=3 awd=3
EMB_TOK t=2986999640000 dim=0 wrd=-4 ard=-3 awd=-7
EMB_TOK t=2986999880000 dim=1 wrd=1 ard=3 awd=4
LNV t=2987321160000 acc=2409 var=37 mu=0
LNO t=2987331320000 ly=0 ten=0 ard=-7 mu=0 sc=4 q=-28
LNV t=2987966120000 acc=2320 var=36 mu=-1
LNO t=2987976280000 ly=0 ten=0 ard=2 mu=-1 sc=4 q=12
LNV t=2988611080000 acc=2785 var=43 mu=-1
LNO t=2988621240000 ly=0 ten=0 ard=-8 mu=-1 sc=4 q=-28
LNV t=2989256040000 acc=2467 var=38 mu=0
LNO t=2989266200000 ly=0 ten=0 ard=-2 mu=0 sc=4 q=-8
LNV t=2989901000000 acc=2581 var=40 mu=0
LNO t=2989911160000 ly=0 ten=0 ard=0 mu=0 sc=4 q=0
LNV t=2990545960000 acc=2051 var=32 mu=0
LNO t=2990556120000 ly=0 ten=0 ard=3 mu=0 sc=4 q=12
LNV t=2991190920000 acc=2224 var=34 mu=0
LNO t=2991201080000 ly=0 ten=0 ard=-7 mu=0 sc=4 q=-28
LNV t=2991835880000 acc=2397 var=37 mu=0
LNO t=2991846040000 ly=0 ten=0 ard=3 mu=0 sc=4 q=12
MV0 t=2992405160000 ly=0 ten_o=2 acc=0 dest=32768
MV0 t=2997658280000 ly=0 ten_o=2 acc=0 dest=32896
MV0 t=3002911400000 ly=0 ten_o=2 acc=0 dest=33024
MV0 t=3008164520000 ly=0 ten_o=2 acc=0 dest=33152
MV0 t=3013417640000 ly=0 ten_o=2 acc=0 dest=33280
MV0 t=3018670760000 ly=0 ten_o=2 acc=0 dest=33408
MV0 t=3023923880000 ly=0 ten_o=2 acc=0 dest=33536
MV0 t=3029177000000 ly=0 ten_o=2 acc=0 dest=33664
MV0 t=3034430120000 ly=0 ten_o=3 acc=0 dest=49152
MV0 t=3039683240000 ly=0 ten_o=3 acc=0 dest=49280
MV0 t=3044936360000 ly=0 ten_o=3 acc=0 dest=49408
MV0 t=3050189480000 ly=0 ten_o=3 acc=0 dest=49536
MV0 t=3055442600000 ly=0 ten_o=3 acc=0 dest=49664
MV0 t=3060695720000 ly=0 ten_o=3 acc=0 dest=49792
MV0 t=3065948840000 ly=0 ten_o=3 acc=0 dest=49920
MV0 t=3071201960000 ly=0 ten_o=3 acc=0 dest=50048
MV0 t=3076455080000 ly=0 ten_o=4 acc=0 dest=65536
MV0 t=3081708200000 ly=0 ten_o=4 acc=0 dest=65664
MV0 t=3086961320000 ly=0 ten_o=4 acc=0 dest=65792
MV0 t=3092214440000 ly=0 ten_o=4 acc=0 dest=65920
MV0 t=3097467560000 ly=0 ten_o=4 acc=0 dest=66048
MV0 t=3102720680000 ly=0 ten_o=4 acc=0 dest=66176
MV0 t=3107973800000 ly=0 ten_o=4 acc=0 dest=66304
MV0 t=3113226920000 ly=0 ten_o=4 acc=0 dest=66432
ATTQK t=3118479960000 ard=-548 ardb=-1464 qa=32768 ka=49152
ATTO t=3118505000000 h=0 q=244 z=16 acc=3904 dest=81920
ATTQK t=3118646600000 ard=-740 ardb=824 qa=32800 ka=49184
ATTO t=3118671640000 h=1 q=-68 z=16 acc=-1088 dest=81952
ATTQK t=3118813240000 ard=132 ardb=796 qa=32832 ka=49216
ATTO t=3118838280000 h=2 q=-232 z=16 acc=-3712 dest=81984
ATTQK t=3118979880000 ard=-976 ardb=488 qa=32864 ka=49248
ATTO t=3119004920000 h=3 q=-140 z=16 acc=-2240 dest=82016
ATTQK t=3119146520000 ard=-568 ardb=-1464 qa=32896 ka=49152
ATTO t=3119182360000 h=0 q=244 z=16 acc=3904 dest=82048
ATTQK t=3119333880000 ard=-1072 ardb=824 qa=32928 ka=49184
ATTO t=3119369720000 h=1 q=-68 z=16 acc=-1088 dest=82080
ATTQK t=3119521240000 ard=196 ardb=796 qa=32960 ka=49216
ATTO t=3119557080000 h=2 q=548 z=16 acc=8768 dest=82112
ATTQK t=3119708600000 ard=-1160 ardb=488 qa=32992 ka=49248
ATTO t=3119744440000 h=3 q=280 z=16 acc=4480 dest=82144
ATTQK t=3119895960000 ard=2124 ardb=-1464 qa=33024 ka=49152
ATTO t=3119942600000 h=0 q=-1148 z=16 acc=-18368 dest=82176
ATTQK t=3120104040000 ard=-368 ardb=824 qa=33056 ka=49184
ATTO t=3120150680000 h=1 q=88 z=16 acc=1408 dest=82208
ATTQK t=3120312120000 ard=-704 ardb=796 qa=33088 ka=49216
ATTO t=3120358760000 h=2 q=668 z=16 acc=10688 dest=82240
ATTQK t=3120520200000 ard=-440 ardb=488 qa=33120 ka=49248
ATTO t=3120566840000 h=3 q=280 z=16 acc=4480 dest=82272
ATTQK t=3120728280000 ard=-704 ardb=-1464 qa=33152 ka=49152
ATTO t=3120785720000 h=0 q=-192 z=16 acc=-3072 dest=82304
ATTQK t=3120957080000 ard=1152 ardb=824 qa=33184 ka=49184
ATTO t=3121014520000 h=1 q=-524 z=16 acc=-8384 dest=82336
ATTQK t=3121185880000 ard=-1084 ardb=796 qa=33216 ka=49216
ATTO t=3121243320000 h=2 q=548 z=16 acc=8768 dest=82368
ATTQK t=3121414680000 ard=-500 ardb=488 qa=33248 ka=49248
ATTO t=3121472120000 h=3 q=-368 z=16 acc=-5888 dest=82400
ATTQK t=3121643480000 ard=-184 ardb=-1464 qa=33280 ka=49152
ATTO t=3121711720000 h=0 q=-1296 z=16 acc=-20736 dest=82432
ATTQK t=3121893000000 ard=56 ardb=824 qa=33312 ka=49184
ATTO t=3121961240000 h=1 q=1572 z=16 acc=25152 dest=82464
ATTQK t=3122142520000 ard=-132 ardb=796 qa=33344 ka=49216
ATTO t=3122210760000 h=2 q=-232 z=16 acc=-3712 dest=82496
ATTQK t=3122392040000 ard=-244 ardb=488 qa=33376 ka=49248
ATTO t=3122460280000 h=3 q=584 z=16 acc=9344 dest=82528
ATTQK t=3122641560000 ard=196 ardb=-1464 qa=33408 ka=49152
ATTO t=3122720600000 h=0 q=244 z=16 acc=3904 dest=82560
ATTQK t=3122911800000 ard=672 ardb=824 qa=33440 ka=49184
ATTO t=3122990840000 h=1 q=-68 z=16 acc=-1088 dest=82592
ATTQK t=3123182040000 ard=1004 ardb=796 qa=33472 ka=49216
ATTO t=3123261080000 h=2 q=172 z=16 acc=2752 dest=82624
ATTQK t=3123452280000 ard=-4 ardb=488 qa=33504 ka=49248
ATTO t=3123531320000 h=3 q=-280 z=16 acc=-4480 dest=82656
ATTQK t=3123722520000 ard=1792 ardb=-1464 qa=33536 ka=49152
ATTO t=3123812360000 h=0 q=-1148 z=16 acc=-18368 dest=82688
ATTQK t=3124013480000 ard=720 ardb=824 qa=33568 ka=49184
ATTO t=3124103320000 h=1 q=1572 z=16 acc=25152 dest=82720
ATTQK t=3124304440000 ard=260 ardb=796 qa=33600 ka=49216
ATTO t=3124394280000 h=2 q=668 z=16 acc=10688 dest=82752
ATTQK t=3124595400000 ard=672 ardb=488 qa=33632 ka=49248
ATTO t=3124685240000 h=3 q=-140 z=16 acc=-2240 dest=82784
ATTQK t=3124886360000 ard=-1448 ardb=-1464 qa=33664 ka=49152
ATTO t=3124987000000 h=0 q=-1148 z=16 acc=-18368 dest=82816
ATTQK t=3125198040000 ard=188 ardb=824 qa=33696 ka=49184
ATTO t=3125298680000 h=1 q=88 z=16 acc=1408 dest=82848
ATTQK t=3125509720000 ard=604 ardb=796 qa=33728 ka=49216
ATTO t=3125610360000 h=2 q=-232 z=16 acc=-3712 dest=82880
ATTQK t=3125821400000 ard=492 ardb=488 qa=33760 ka=49248
ATTO t=3125922040000 h=3 q=-280 z=16 acc=-4480 dest=82912
MV0 t=3126133160000 ly=0 ten_o=5 acc=0 dest=81920
MV0 t=3131386280000 ly=0 ten_o=5 acc=0 dest=82048
MV0 t=3136639400000 ly=0 ten_o=5 acc=0 dest=82176
MV0 t=3141892520000 ly=0 ten_o=5 acc=0 dest=82304
MV0 t=3147145640000 ly=0 ten_o=5 acc=0 dest=82432
MV0 t=3152398760000 ly=0 ten_o=5 acc=0 dest=82560
MV0 t=3157651880000 ly=0 ten_o=5 acc=0 dest=82688
MV0 t=3162905000000 ly=0 ten_o=5 acc=0 dest=82816
ADD t=3168158040000 ly=0 ten=0 ard=-7 ardb=-20500
ADD t=3168188760000 ly=0 ten=0 ard=2 ardb=-32768
ADD t=3168219480000 ly=0 ten=0 ard=-8 ardb=32767
ADD t=3168250200000 ly=0 ten=0 ard=-2 ardb=17404
ADD t=3168280920000 ly=0 ten=0 ard=0 ardb=-19460
ADD t=3168311640000 ly=0 ten=0 ard=3 ardb=-21676
ADD t=3168342360000 ly=0 ten=0 ard=-7 ardb=32236
ADD t=3168373080000 ly=0 ten=0 ard=3 ardb=32767
LNV t=3168479560000 acc=54576101665 var=852751588 mu=2931
LNO t=3168489720000 ly=0 ten=6 ard=-20507 mu=2931 sc=20648 q=-19
LNV t=3169124520000 acc=60208134002 var=940752093 mu=24
LNO t=3169134680000 ly=0 ten=6 ard=-32766 mu=24 sc=21688 q=-25
LNV t=3169769480000 acc=68492125247 var=1070189456 mu=2220
LNO t=3169779640000 ly=0 ten=6 ard=32759 mu=2220 sc=23132 q=21
LNV t=3170414440000 acc=58858086490 var=919657601 mu=-287
LNO t=3170424600000 ly=0 ten=6 ard=17402 mu=-287 sc=21443 q=13
LNV t=3171059400000 acc=73229315016 var=1144208047 mu=229
LNO t=3171069560000 ly=0 ten=6 ard=-19460 mu=229 sc=23918 q=-14
LNV t=3171704360000 acc=78307600676 var=1223556260 mu=4137
LNO t=3171714520000 ly=0 ten=6 ard=-21673 mu=4137 sc=24734 q=-17
LNV t=3172349320000 acc=59187171477 var=924799554 mu=878
LNO t=3172359480000 ly=0 ten=6 ard=32229 mu=878 sc=21503 q=23
LNV t=3172994280000 acc=69661472918 var=1088460514 mu=4366
LNO t=3173004440000 ly=0 ten=6 ard=32767 mu=4366 sc=23328 q=19
MV0 t=3173563560000 ly=0 ten_o=0 acc=0 dest=0
MV0 t=3184069800000 ly=0 ten_o=0 acc=0 dest=128
MV0 t=3194576040000 ly=0 ten_o=0 acc=0 dest=256
MV0 t=3205082280000 ly=0 ten_o=0 acc=0 dest=384
MV0 t=3215588520000 ly=0 ten_o=0 acc=0 dest=512
MV0 t=3226094760000 ly=0 ten_o=0 acc=0 dest=640
MV0 t=3236601000000 ly=0 ten_o=0 acc=0 dest=768
MV0 t=3247107240000 ly=0 ten_o=0 acc=0 dest=896
MV0 t=3257613480000 ly=0 ten_o=6 acc=0 dest=98304
MV0 t=3268109480000 ly=0 ten_o=6 acc=0 dest=98432
MV0 t=3278605480000 ly=0 ten_o=6 acc=0 dest=98560
MV0 t=3289101480000 ly=0 ten_o=6 acc=0 dest=98688
MV0 t=3299597480000 ly=0 ten_o=6 acc=0 dest=98816
MV0 t=3310093480000 ly=0 ten_o=6 acc=0 dest=98944
MV0 t=3320589480000 ly=0 ten_o=6 acc=0 dest=99072
MV0 t=3331085480000 ly=0 ten_o=6 acc=0 dest=99200
ADD t=3341581400000 ly=0 ten=1 ard=-20507 ardb=16167
ADD t=3341612120000 ly=0 ten=1 ard=-32766 ardb=-11251
ADD t=3341642840000 ly=0 ten=1 ard=32759 ardb=-3356
ADD t=3341673560000 ly=0 ten=1 ard=17402 ardb=14341
ADD t=3341704280000 ly=0 ten=1 ard=-19460 ardb=32767
ADD t=3341735000000 ly=0 ten=1 ard=-21673 ardb=-20376
ADD t=3341765720000 ly=0 ten=1 ard=32229 ardb=23443
ADD t=3341796440000 ly=0 ten=1 ard=32767 ardb=-9674
LNV t=3341902920000 acc=69732162024 var=1089565031 mu=3061
LNO t=3341913080000 ly=1 ten=0 ard=-4340 mu=3061 sc=23340 q=-6
LNV t=3342547880000 acc=65896212799 var=1029628324 mu=1041
LNO t=3342558040000 ly=1 ten=0 ard=-32768 mu=1041 sc=22689 q=-24
LNV t=3343192840000 acc=69982273397 var=1093473021 mu=2097
LNO t=3343203000000 ly=1 ten=0 ard=29403 mu=2097 sc=23382 q=18
LNV t=3343837800000 acc=67293655222 var=1051463362 mu=2293
LNO t=3343847960000 ly=1 ten=0 ard=31743 mu=2293 sc=22928 q=20
LNV t=3344482760000 acc=80778583493 var=1262165367 mu=953
LNO t=3344492920000 ly=1 ten=0 ard=13307 mu=953 sc=25121 q=7
LNV t=3345127720000 acc=69927980603 var=1092624696 mu=3299
LNO t=3345137880000 ly=1 ten=0 ard=-32768 mu=3299 sc=23373 q=-25
LNV t=3345772680000 acc=76114230355 var=1189284849 mu=2037
LNO t=3345782840000 ly=1 ten=0 ard=32767 mu=2037 sc=24385 q=20
LNV t=3346417640000 acc=66253628476 var=1035212944 mu=1905
LNO t=3346427800000 ly=1 ten=0 ard=23093 mu=1905 sc=22750 q=14
MV0 t=3346986920000 ly=1 ten_o=2 acc=0 dest=32768
MV0 t=3352240040000 ly=1 ten_o=2 acc=0 dest=32896
MV0 t=3357493160000 ly=1 ten_o=2 acc=0 dest=33024
MV0 t=3362746280000 ly=1 ten_o=2 acc=0 dest=33152
MV0 t=3367999400000 ly=1 ten_o=2 acc=0 dest=33280
MV0 t=3373252520000 ly=1 ten_o=2 acc=0 dest=33408
MV0 t=3378505640000 ly=1 ten_o=2 acc=0 dest=33536
MV0 t=3383758760000 ly=1 ten_o=2 acc=0 dest=33664
MV0 t=3389011880000 ly=1 ten_o=3 acc=0 dest=49152
MV0 t=3394265000000 ly=1 ten_o=3 acc=0 dest=49280
MV0 t=3399518120000 ly=1 ten_o=3 acc=0 dest=49408
MV0 t=3404771240000 ly=1 ten_o=3 acc=0 dest=49536
MV0 t=3410024360000 ly=1 ten_o=3 acc=0 dest=49664
MV0 t=3415277480000 ly=1 ten_o=3 acc=0 dest=49792
MV0 t=3420530600000 ly=1 ten_o=3 acc=0 dest=49920
MV0 t=3425783720000 ly=1 ten_o=3 acc=0 dest=50048
MV0 t=3431036840000 ly=1 ten_o=4 acc=0 dest=65536
MV0 t=3436289960000 ly=1 ten_o=4 acc=0 dest=65664
MV0 t=3441543080000 ly=1 ten_o=4 acc=0 dest=65792
MV0 t=3446796200000 ly=1 ten_o=4 acc=0 dest=65920
MV0 t=3452049320000 ly=1 ten_o=4 acc=0 dest=66048
MV0 t=3457302440000 ly=1 ten_o=4 acc=0 dest=66176
MV0 t=3462555560000 ly=1 ten_o=4 acc=0 dest=66304
MV0 t=3467808680000 ly=1 ten_o=4 acc=0 dest=66432
ATTQK t=3473061720000 ard=560 ardb=-88 qa=32768 ka=49152
ATTO t=3473086760000 h=0 q=-51 z=16 acc=-816 dest=81920
ATTQK t=3473228360000 ard=-277 ardb=40 qa=32800 ka=49184
ATTO t=3473253400000 h=1 q=94 z=16 acc=1504 dest=81952
ATTQK t=3473395000000 ard=650 ardb=-325 qa=32832 ka=49216
ATTO t=3473420040000 h=2 q=17 z=16 acc=272 dest=81984
ATTQK t=3473561640000 ard=-548 ardb=-501 qa=32864 ka=49248
ATTO t=3473586680000 h=3 q=795 z=16 acc=12720 dest=82016
ATTQK t=3473728280000 ard=1837 ardb=-88 qa=32896 ka=49152
ATTO t=3473764120000 h=0 q=754 z=16 acc=12064 dest=82048
ATTQK t=3473915640000 ard=-883 ardb=40 qa=32928 ka=49184
ATTO t=3473951480000 h=1 q=94 z=16 acc=1504 dest=82080
ATTQK t=3474103000000 ard=-98 ardb=-325 qa=32960 ka=49216
ATTO t=3474138840000 h=2 q=17 z=16 acc=272 dest=82112
ATTQK t=3474290360000 ard=683 ardb=-501 qa=32992 ka=49248
ATTO t=3474326200000 h=3 q=1187 z=16 acc=18992 dest=82144
ATTQK t=3474477720000 ard=962 ardb=-88 qa=33024 ka=49152
ATTO t=3474524360000 h=0 q=754 z=16 acc=12064 dest=82176
ATTQK t=3474685800000 ard=24 ardb=40 qa=33056 ka=49184
ATTO t=3474732440000 h=1 q=-408 z=16 acc=-6528 dest=82208
ATTQK t=3474893880000 ard=1314 ardb=-325 qa=33088 ka=49216
ATTO t=3474940520000 h=2 q=-735 z=16 acc=-11760 dest=82240
ATTQK t=3475101960000 ard=-130 ardb=-501 qa=33120 ka=49248
ATTO t=3475148600000 h=3 q=795 z=16 acc=12720 dest=82272
ATTQK t=3475310040000 ard=-474 ardb=-88 qa=33152 ka=49152
ATTO t=3475367480000 h=0 q=-51 z=16 acc=-816 dest=82304
ATTQK t=3475538840000 ard=890 ardb=40 qa=33184 ka=49184
ATTO t=3475596280000 h=1 q=-136 z=16 acc=-2176 dest=82336
ATTQK t=3475767640000 ard=-272 ardb=-325 qa=33216 ka=49216
ATTO t=3475825080000 h=2 q=-1088 z=16 acc=-17408 dest=82368
ATTQK t=3475996440000 ard=1537 ardb=-501 qa=33248 ka=49248
ATTO t=3476053880000 h=3 q=1187 z=16 acc=18992 dest=82400
ATTQK t=3476225240000 ard=145 ardb=-88 qa=33280 ka=49152
ATTO t=3476293480000 h=0 q=754 z=16 acc=12064 dest=82432
ATTQK t=3476474760000 ard=539 ardb=40 qa=33312 ka=49184
ATTO t=3476543000000 h=1 q=-749 z=16 acc=-11984 dest=82464
ATTQK t=3476724280000 ard=190 ardb=-325 qa=33344 ka=49216
ATTO t=3476792520000 h=2 q=-735 z=16 acc=-11760 dest=82496
ATTQK t=3476973800000 ard=-453 ardb=-501 qa=33376 ka=49248
ATTO t=3477042040000 h=3 q=420 z=16 acc=6720 dest=82528
ATTQK t=3477223320000 ard=-591 ardb=-88 qa=33408 ka=49152
ATTO t=3477302360000 h=0 q=-810 z=16 acc=-12960 dest=82560
ATTQK t=3477493560000 ard=-8 ardb=40 qa=33440 ka=49184
ATTO t=3477572600000 h=1 q=-329 z=16 acc=-5264 dest=82592
ATTQK t=3477763800000 ard=-1145 ardb=-325 qa=33472 ka=49216
ATTO t=3477842840000 h=2 q=-1088 z=16 acc=-17408 dest=82624
ATTQK t=3478034040000 ard=-238 ardb=-501 qa=33504 ka=49248
ATTO t=3478113080000 h=3 q=1283 z=16 acc=20528 dest=82656
ATTQK t=3478304280000 ard=592 ardb=-88 qa=33536 ka=49152
ATTO t=3478394120000 h=0 q=-374 z=16 acc=-5984 dest=82688
ATTQK t=3478595240000 ard=-667 ardb=40 qa=33568 ka=49184
ATTO t=3478685080000 h=1 q=-329 z=16 acc=-5264 dest=82720
ATTQK t=3478886200000 ard=1262 ardb=-325 qa=33600 ka=49216
ATTO t=3478976040000 h=2 q=-1088 z=16 acc=-17408 dest=82752
ATTQK t=3479177160000 ard=-789 ardb=-501 qa=33632 ka=49248
ATTO t=3479267000000 h=3 q=191 z=16 acc=3056 dest=82784
ATTQK t=3479468120000 ard=-41 ardb=-88 qa=33664 ka=49152
ATTO t=3479568760000 h=0 q=134 z=16 acc=2144 dest=82816
ATTQK t=3479779800000 ard=498 ardb=40 qa=33696 ka=49184
ATTO t=3479880440000 h=1 q=-749 z=16 acc=-11984 dest=82848
ATTQK t=3480091480000 ard=265 ardb=-325 qa=33728 ka=49216
ATTO t=3480192120000 h=2 q=-735 z=16 acc=-11760 dest=82880
ATTQK t=3480403160000 ard=-131 ardb=-501 qa=33760 ka=49248
ATTO t=3480503800000 h=3 q=420 z=16 acc=6720 dest=82912
MV0 t=3480714920000 ly=1 ten_o=5 acc=0 dest=81920
MV0 t=3485968040000 ly=1 ten_o=5 acc=0 dest=82048
MV0 t=3491221160000 ly=1 ten_o=5 acc=0 dest=82176
MV0 t=3496474280000 ly=1 ten_o=5 acc=0 dest=82304
MV0 t=3501727400000 ly=1 ten_o=5 acc=0 dest=82432
MV0 t=3506980520000 ly=1 ten_o=5 acc=0 dest=82560
MV0 t=3512233640000 ly=1 ten_o=5 acc=0 dest=82688
MV0 t=3517486760000 ly=1 ten_o=5 acc=0 dest=82816
ADD t=3522739800000 ly=1 ten=0 ard=-4340 ardb=9208
ADD t=3522770520000 ly=1 ten=0 ard=-32768 ardb=7359
ADD t=3522801240000 ly=1 ten=0 ard=29403 ardb=6034
ADD t=3522831960000 ly=1 ten=0 ard=31743 ardb=-7752
ADD t=3522862680000 ly=1 ten=0 ard=13307 ardb=22564
ADD t=3522893400000 ly=1 ten=0 ard=-32768 ardb=17381
ADD t=3522924120000 ly=1 ten=0 ard=32767 ardb=10954
ADD t=3522954840000 ly=1 ten=0 ard=23093 ardb=-1100
LNV t=3523061320000 acc=70700801626 var=1104700025 mu=2224
LNO t=3523071480000 ly=1 ten=6 ard=4868 mu=2224 sc=23502 q=1
LNV t=3523706280000 acc=72669465048 var=1135460391 mu=650
LNO t=3523716440000 ly=1 ten=6 ard=-25409 mu=650 sc=23827 q=-18
LNV t=3524351240000 acc=73478997774 var=1148109340 mu=1662
LNO t=3524361400000 ly=1 ten=6 ard=32767 mu=1662 sc=23959 q=20
LNV t=3524996200000 acc=71376175437 var=1115252741 mu=1786
LNO t=3525006360000 ly=1 ten=6 ard=23991 mu=1786 sc=23614 q=15
LNV t=3525641160000 acc=71663902571 var=1119748477 mu=550
LNO t=3525651320000 ly=1 ten=6 ard=32767 mu=550 sc=23661 q=21
LNV t=3526286120000 acc=73515480109 var=1148679376 mu=1884
LNO t=3526296280000 ly=1 ten=6 ard=-15387 mu=1884 sc=23965 q=-12
LNV t=3526931080000 acc=70605773882 var=1103215216 mu=-652
LNO t=3526941240000 ly=1 ten=6 ard=32767 mu=-652 sc=23486 q=22
LNV t=3527576040000 acc=76014672595 var=1187729259 mu=1363
LNO t=3527586200000 ly=1 ten=6 ard=21993 mu=1363 sc=24369 q=13
MV0 t=3528145320000 ly=1 ten_o=0 acc=0 dest=0
MV0 t=3538651560000 ly=1 ten_o=0 acc=0 dest=128
MV0 t=3549157800000 ly=1 ten_o=0 acc=0 dest=256
MV0 t=3559664040000 ly=1 ten_o=0 acc=0 dest=384
MV0 t=3570170280000 ly=1 ten_o=0 acc=0 dest=512
MV0 t=3580676520000 ly=1 ten_o=0 acc=0 dest=640
MV0 t=3591182760000 ly=1 ten_o=0 acc=0 dest=768
MV0 t=3601689000000 ly=1 ten_o=0 acc=0 dest=896
MV0 t=3612195240000 ly=1 ten_o=6 acc=0 dest=98304
MV0 t=3622691240000 ly=1 ten_o=6 acc=0 dest=98432
MV0 t=3633187240000 ly=1 ten_o=6 acc=0 dest=98560
MV0 t=3643683240000 ly=1 ten_o=6 acc=0 dest=98688
MV0 t=3654179240000 ly=1 ten_o=6 acc=0 dest=98816
MV0 t=3664675240000 ly=1 ten_o=6 acc=0 dest=98944
MV0 t=3675171240000 ly=1 ten_o=6 acc=0 dest=99072
MV0 t=3685667240000 ly=1 ten_o=6 acc=0 dest=99200
ADD t=3696163160000 ly=1 ten=1 ard=4868 ardb=-14093
ADD t=3696193880000 ly=1 ten=1 ard=-25409 ardb=12780
ADD t=3696224600000 ly=1 ten=1 ard=32767 ardb=-11387
ADD t=3696255320000 ly=1 ten=1 ard=23991 ardb=-19770
ADD t=3696286040000 ly=1 ten=1 ard=32767 ardb=-29531
ADD t=3696316760000 ly=1 ten=1 ard=-15387 ardb=-9188
ADD t=3696347480000 ly=1 ten=1 ard=32767 ardb=5006
ADD t=3696378200000 ly=1 ten=1 ard=21993 ardb=11288
LNV t=3696484680000 acc=71296800813 var=1114012512 mu=2171
LNO t=3696494840000 ly=2 ten=0 ard=-9225 mu=2171 sc=23600 q=-8
LNV t=3697129640000 acc=71411860300 var=1115810317 mu=484
LNO t=3697139800000 ly=2 ten=0 ard=-12629 mu=484 sc=23620 q=-9
LNV t=3697774600000 acc=71508422253 var=1117319097 mu=572
LNO t=3697784760000 ly=2 ten=0 ard=21380 mu=572 sc=23635 q=14
LNV t=3698419560000 acc=73961966605 var=1155655728 mu=1877
LNO t=3698429720000 ly=2 ten=0 ard=4221 mu=1877 sc=24038 q=1
LNV t=3699064520000 acc=71869328422 var=1122958256 mu=-93
LNO t=3699074680000 ly=2 ten=0 ard=3236 mu=-93 sc=23695 q=2
LNV t=3699709480000 acc=63915766404 var=998683850 mu=2235
LNO t=3699719640000 ly=2 ten=0 ard=-24575 mu=2235 sc=22345 q=-20
LNV t=3700354440000 acc=73450802470 var=1147668788 mu=-257
LNO t=3700364600000 ly=2 ten=0 ard=32767 mu=-257 sc=23954 q=22
LNV t=3700999400000 acc=77489006443 var=1210765725 mu=1427
LNO t=3701009560000 ly=2 ten=0 ard=32767 mu=1427 sc=24604 q=20
MV0 t=3701568680000 ly=2 ten_o=2 acc=0 dest=32768
MV0 t=3706821800000 ly=2 ten_o=2 acc=0 dest=32896
MV0 t=3712074920000 ly=2 ten_o=2 acc=0 dest=33024
MV0 t=3717328040000 ly=2 ten_o=2 acc=0 dest=33152
MV0 t=3722581160000 ly=2 ten_o=2 acc=0 dest=33280
MV0 t=3727834280000 ly=2 ten_o=2 acc=0 dest=33408
MV0 t=3733087400000 ly=2 ten_o=2 acc=0 dest=33536
MV0 t=3738340520000 ly=2 ten_o=2 acc=0 dest=33664
MV0 t=3743593640000 ly=2 ten_o=3 acc=0 dest=49152
MV0 t=3748846760000 ly=2 ten_o=3 acc=0 dest=49280
MV0 t=3754099880000 ly=2 ten_o=3 acc=0 dest=49408
MV0 t=3759353000000 ly=2 ten_o=3 acc=0 dest=49536
MV0 t=3764606120000 ly=2 ten_o=3 acc=0 dest=49664
MV0 t=3769859240000 ly=2 ten_o=3 acc=0 dest=49792
MV0 t=3775112360000 ly=2 ten_o=3 acc=0 dest=49920
MV0 t=3780365480000 ly=2 ten_o=3 acc=0 dest=50048
MV0 t=3785618600000 ly=2 ten_o=4 acc=0 dest=65536
MV0 t=3790871720000 ly=2 ten_o=4 acc=0 dest=65664
MV0 t=3796124840000 ly=2 ten_o=4 acc=0 dest=65792
MV0 t=3801377960000 ly=2 ten_o=4 acc=0 dest=65920
MV0 t=3806631080000 ly=2 ten_o=4 acc=0 dest=66048
MV0 t=3811884200000 ly=2 ten_o=4 acc=0 dest=66176
MV0 t=3817137320000 ly=2 ten_o=4 acc=0 dest=66304
MV0 t=3822390440000 ly=2 ten_o=4 acc=0 dest=66432
ATTQK t=3827643480000 ard=-1456 ardb=1087 qa=32768 ka=49152
ATTO t=3827668520000 h=0 q=-702 z=16 acc=-11232 dest=81920
ATTQK t=3827810120000 ard=1006 ardb=803 qa=32800 ka=49184
ATTO t=3827835160000 h=1 q=-1559 z=16 acc=-24944 dest=81952
ATTQK t=3827976760000 ard=225 ardb=-217 qa=32832 ka=49216
ATTO t=3828001800000 h=2 q=349 z=16 acc=5584 dest=81984
ATTQK t=3828143400000 ard=150 ardb=-364 qa=32864 ka=49248
ATTO t=3828168440000 h=3 q=387 z=16 acc=6192 dest=82016
ATTQK t=3828310040000 ard=-922 ardb=1087 qa=32896 ka=49152
ATTO t=3828345880000 h=0 q=-47 z=16 acc=-752 dest=82048
ATTQK t=3828497400000 ard=154 ardb=803 qa=32928 ka=49184
ATTO t=3828533240000 h=1 q=-1559 z=16 acc=-24944 dest=82080
ATTQK t=3828684760000 ard=-15 ardb=-217 qa=32960 ka=49216
ATTO t=3828720600000 h=2 q=-204 z=16 acc=-3264 dest=82112
ATTQK t=3828872120000 ard=71 ardb=-364 qa=32992 ka=49248
ATTO t=3828907960000 h=3 q=-513 z=16 acc=-8208 dest=82144
ATTQK t=3829059480000 ard=-513 ardb=1087 qa=33024 ka=49152
ATTO t=3829106120000 h=0 q=-47 z=16 acc=-752 dest=82176
ATTQK t=3829267560000 ard=-792 ardb=803 qa=33056 ka=49184
ATTO t=3829314200000 h=1 q=-114 z=16 acc=-1824 dest=82208
ATTQK t=3829475640000 ard=735 ardb=-217 qa=33088 ka=49216
ATTO t=3829522280000 h=2 q=-457 z=16 acc=-7312 dest=82240
ATTQK t=3829683720000 ard=-675 ardb=-364 qa=33120 ka=49248
ATTO t=3829730360000 h=3 q=-513 z=16 acc=-8208 dest=82272
ATTQK t=3829891800000 ard=-1416 ardb=1087 qa=33152 ka=49152
ATTO t=3829949240000 h=0 q=911 z=16 acc=14576 dest=82304
ATTQK t=3830120600000 ard=570 ardb=803 qa=33184 ka=49184
ATTO t=3830178040000 h=1 q=-1559 z=16 acc=-24944 dest=82336
ATTQK t=3830349400000 ard=772 ardb=-217 qa=33216 ka=49216
ATTO t=3830406840000 h=2 q=-204 z=16 acc=-3264 dest=82368
ATTQK t=3830578200000 ard=56 ardb=-364 qa=33248 ka=49248
ATTO t=3830635640000 h=3 q=-513 z=16 acc=-8208 dest=82400
ATTQK t=3830807000000 ard=-669 ardb=1087 qa=33280 ka=49152
ATTO t=3830875240000 h=0 q=-47 z=16 acc=-752 dest=82432
ATTQK t=3831056520000 ard=-604 ardb=803 qa=33312 ka=49184
ATTO t=3831124760000 h=1 q=-194 z=16 acc=-3104 dest=82464
ATTQK t=3831306040000 ard=843 ardb=-217 qa=33344 ka=49216
ATTO t=3831374280000 h=2 q=-457 z=16 acc=-7312 dest=82496
ATTQK t=3831555560000 ard=308 ardb=-364 qa=33376 ka=49248
ATTO t=3831623800000 h=3 q=747 z=16 acc=11952 dest=82528
ATTQK t=3831805080000 ard=-385 ardb=1087 qa=33408 ka=49152
ATTO t=3831884120000 h=0 q=-702 z=16 acc=-11232 dest=82560
ATTQK t=3832075320000 ard=-396 ardb=803 qa=33440 ka=49184
ATTO t=3832154360000 h=1 q=-194 z=16 acc=-3104 dest=82592
ATTQK t=3832345560000 ard=469 ardb=-217 qa=33472 ka=49216
ATTO t=3832424600000 h=2 q=-457 z=16 acc=-7312 dest=82624
ATTQK t=3832615800000 ard=938 ardb=-364 qa=33504 ka=49248
ATTO t=3832694840000 h=3 q=747 z=16 acc=11952 dest=82656
ATTQK t=3832886040000 ard=-588 ardb=1087 qa=33536 ka=49152
ATTO t=3832975880000 h=0 q=106 z=16 acc=1696 dest=82688
ATTQK t=3833177000000 ard=-893 ardb=803 qa=33568 ka=49184
ATTO t=3833266840000 h=1 q=595 z=16 acc=9520 dest=82720
ATTQK t=3833467960000 ard=498 ardb=-217 qa=33600 ka=49216
ATTO t=3833557800000 h=2 q=-457 z=16 acc=-7312 dest=82752
ATTQK t=3833758920000 ard=561 ardb=-364 qa=33632 ka=49248
ATTO t=3833848760000 h=3 q=181 z=16 acc=2896 dest=82784
ATTQK t=3834049880000 ard=-605 ardb=1087 qa=33664 ka=49152
ATTO t=3834150520000 h=0 q=584 z=16 acc=9344 dest=82816
ATTQK t=3834361560000 ard=-907 ardb=803 qa=33696 ka=49184
ATTO t=3834462200000 h=1 q=-194 z=16 acc=-3104 dest=82848
ATTQK t=3834673240000 ard=1071 ardb=-217 qa=33728 ka=49216
ATTO t=3834773880000 h=2 q=448 z=16 acc=7168 dest=82880
ATTQK t=3834984920000 ard=-149 ardb=-364 qa=33760 ka=49248
ATTO t=3835085560000 h=3 q=181 z=16 acc=2896 dest=82912
MV0 t=3835296680000 ly=2 ten_o=5 acc=0 dest=81920
MV0 t=3840549800000 ly=2 ten_o=5 acc=0 dest=82048
MV0 t=3845802920000 ly=2 ten_o=5 acc=0 dest=82176
MV0 t=3851056040000 ly=2 ten_o=5 acc=0 dest=82304
MV0 t=3856309160000 ly=2 ten_o=5 acc=0 dest=82432
MV0 t=3861562280000 ly=2 ten_o=5 acc=0 dest=82560
MV0 t=3866815400000 ly=2 ten_o=5 acc=0 dest=82688
MV0 t=3872068520000 ly=2 ten_o=5 acc=0 dest=82816
ADD t=3877321560000 ly=2 ten=0 ard=-9225 ardb=25320
ADD t=3877352280000 ly=2 ten=0 ard=-12629 ardb=32767
ADD t=3877383000000 ly=2 ten=0 ard=21380 ardb=17705
ADD t=3877413720000 ly=2 ten=0 ard=4221 ardb=32767
ADD t=3877444440000 ly=2 ten=0 ard=3236 ardb=9464
ADD t=3877475160000 ly=2 ten=0 ard=-24575 ardb=-10998
ADD t=3877505880000 ly=2 ten=0 ard=32767 ardb=-8712
ADD t=3877536600000 ly=2 ten=0 ard=32767 ardb=-12094
LNV t=3877643080000 acc=78506100912 var=1226657826 mu=100
LNO t=3877653240000 ly=2 ten=6 ard=16095 mu=100 sc=24765 q=10
LNV t=3878288040000 acc=67103660216 var=1048494690 mu=-1331
LNO t=3878298200000 ly=2 ten=6 ard=20138 mu=-1331 sc=22896 q=15
LNV t=3878933000000 acc=77550925108 var=1211733204 mu=-2303
LNO t=3878943160000 ly=2 ten=6 ard=32767 mu=-2303 sc=24614 q=22
LNV t=3879577960000 acc=77534279011 var=1211473109 mu=-183
LNO t=3879588120000 ly=2 ten=6 ard=32767 mu=-183 sc=24611 q=21
LNV t=3880222920000 acc=74082132031 var=1157533312 mu=-164
LNO t=3880233080000 ly=2 ten=6 ard=12700 mu=-164 sc=24057 q=8
LNV t=3880867880000 acc=77787567851 var=1215430747 mu=2075
LNO t=3880878040000 ly=2 ten=6 ard=-32768 mu=2075 sc=24651 q=-23
LNV t=3881512840000 acc=74648468065 var=1166382313 mu=-640
LNO t=3881523000000 ly=2 ten=6 ard=24055 mu=-640 sc=24149 q=16
LNV t=3882157800000 acc=76689593868 var=1198274904 mu=1310
LNO t=3882167960000 ly=2 ten=6 ard=20673 mu=1310 sc=24477 q=12
MV0 t=3882727080000 ly=2 ten_o=0 acc=0 dest=0
MV0 t=3893233320000 ly=2 ten_o=0 acc=0 dest=128
MV0 t=3903739560000 ly=2 ten_o=0 acc=0 dest=256
MV0 t=3914245800000 ly=2 ten_o=0 acc=0 dest=384
MV0 t=3924752040000 ly=2 ten_o=0 acc=0 dest=512
MV0 t=3935258280000 ly=2 ten_o=0 acc=0 dest=640
MV0 t=3945764520000 ly=2 ten_o=0 acc=0 dest=768
MV0 t=3956270760000 ly=2 ten_o=0 acc=0 dest=896
MV0 t=3966777000000 ly=2 ten_o=6 acc=0 dest=98304
MV0 t=3977273000000 ly=2 ten_o=6 acc=0 dest=98432
MV0 t=3987769000000 ly=2 ten_o=6 acc=0 dest=98560
MV0 t=3998265000000 ly=2 ten_o=6 acc=0 dest=98688
MV0 t=4008761000000 ly=2 ten_o=6 acc=0 dest=98816
MV0 t=4019257000000 ly=2 ten_o=6 acc=0 dest=98944
MV0 t=4029753000000 ly=2 ten_o=6 acc=0 dest=99072
MV0 t=4040249000000 ly=2 ten_o=6 acc=0 dest=99200
ADD t=4050744920000 ly=2 ten=1 ard=16095 ardb=8020
ADD t=4050775640000 ly=2 ten=1 ard=20138 ardb=-20998
ADD t=4050806360000 ly=2 ten=1 ard=32767 ardb=-24946
ADD t=4050837080000 ly=2 ten=1 ard=32767 ardb=-14011
ADD t=4050867800000 ly=2 ten=1 ard=12700 ardb=-22784
ADD t=4050898520000 ly=2 ten=1 ard=-32768 ardb=-9780
ADD t=4050929240000 ly=2 ten=1 ard=24055 ardb=-11819
ADD t=4050959960000 ly=2 ten=1 ard=20673 ardb=-22417
LNV t=4051066440000 acc=86786173545 var=1356033961 mu=-930
LNO t=4051076600000 ly=3 ten=0 ard=24115 mu=-930 sc=26038 q=15
LNV t=4051711400000 acc=69612505734 var=1087695402 mu=-1071
LNO t=4051721560000 ly=3 ten=0 ard=-860 mu=-1071 sc=23320 q=0
LNV t=4052356360000 acc=77617632473 var=1212775507 mu=-2943
LNO t=4052366520000 ly=3 ten=0 ard=7821 mu=-2943 sc=24624 q=6
LNV t=4053001320000 acc=79697714072 var=1245276782 mu=162
LNO t=4053011480000 ly=3 ten=0 ard=18756 mu=162 sc=24952 q=11
LNV t=4053646280000 acc=75474939985 var=1179295937 mu=465
LNO t=4053656440000 ly=3 ten=0 ard=-10084 mu=465 sc=24282 q=-7
LNV t=4054291240000 acc=76373153552 var=1193330524 mu=-1223
LNO t=4054301400000 ly=3 ten=0 ard=-32768 mu=-1223 sc=24426 q=-21
LNV t=4054936200000 acc=75359663222 var=1177494737 mu=13
LNO t=4054946360000 ly=3 ten=0 ard=12236 mu=13 sc=24264 q=8
LNV t=4055581160000 acc=78622474590 var=1228476165 mu=384
LNO t=4055591320000 ly=3 ten=0 ard=-1744 mu=384 sc=24783 q=-2
MV0 t=4056150440000 ly=3 ten_o=2 acc=0 dest=32768
MV0 t=4061403560000 ly=3 ten_o=2 acc=0 dest=32896
MV0 t=4066656680000 ly=3 ten_o=2 acc=0 dest=33024
MV0 t=4071909800000 ly=3 ten_o=2 acc=0 dest=33152
MV0 t=4077162920000 ly=3 ten_o=2 acc=0 dest=33280
MV0 t=4082416040000 ly=3 ten_o=2 acc=0 dest=33408
MV0 t=4087669160000 ly=3 ten_o=2 acc=0 dest=33536
MV0 t=4092922280000 ly=3 ten_o=2 acc=0 dest=33664
MV0 t=4098175400000 ly=3 ten_o=3 acc=0 dest=49152
MV0 t=4103428520000 ly=3 ten_o=3 acc=0 dest=49280
MV0 t=4108681640000 ly=3 ten_o=3 acc=0 dest=49408
MV0 t=4113934760000 ly=3 ten_o=3 acc=0 dest=49536
MV0 t=4119187880000 ly=3 ten_o=3 acc=0 dest=49664
MV0 t=4124441000000 ly=3 ten_o=3 acc=0 dest=49792
MV0 t=4129694120000 ly=3 ten_o=3 acc=0 dest=49920
MV0 t=4134947240000 ly=3 ten_o=3 acc=0 dest=50048
MV0 t=4140200360000 ly=3 ten_o=4 acc=0 dest=65536
MV0 t=4145453480000 ly=3 ten_o=4 acc=0 dest=65664
MV0 t=4150706600000 ly=3 ten_o=4 acc=0 dest=65792
MV0 t=4155959720000 ly=3 ten_o=4 acc=0 dest=65920
MV0 t=4161212840000 ly=3 ten_o=4 acc=0 dest=66048
MV0 t=4166465960000 ly=3 ten_o=4 acc=0 dest=66176
MV0 t=4171719080000 ly=3 ten_o=4 acc=0 dest=66304
MV0 t=4176972200000 ly=3 ten_o=4 acc=0 dest=66432
ATTQK t=4182225240000 ard=281 ardb=-1372 qa=32768 ka=49152
ATTO t=4182250280000 h=0 q=559 z=16 acc=8944 dest=81920
ATTQK t=4182391880000 ard=375 ardb=-1404 qa=32800 ka=49184
ATTO t=4182416920000 h=1 q=541 z=16 acc=8656 dest=81952
ATTQK t=4182558520000 ard=211 ardb=-302 qa=32832 ka=49216
ATTO t=4182583560000 h=2 q=947 z=16 acc=15152 dest=81984
ATTQK t=4182725160000 ard=-259 ardb=155 qa=32864 ka=49248
ATTO t=4182750200000 h=3 q=-351 z=16 acc=-5616 dest=82016
ATTQK t=4182891800000 ard=264 ardb=-1372 qa=32896 ka=49152
ATTO t=4182927640000 h=0 q=-423 z=16 acc=-6768 dest=82048
ATTQK t=4183079160000 ard=871 ardb=-1404 qa=32928 ka=49184
ATTO t=4183115000000 h=1 q=541 z=16 acc=8656 dest=82080
ATTQK t=4183266520000 ard=1432 ardb=-302 qa=32960 ka=49216
ATTO t=4183302360000 h=2 q=536 z=16 acc=8576 dest=82112
ATTQK t=4183453880000 ard=-745 ardb=155 qa=32992 ka=49248
ATTO t=4183489720000 h=3 q=395 z=16 acc=6320 dest=82144
ATTQK t=4183641240000 ard=-41 ardb=-1372 qa=33024 ka=49152
ATTO t=4183687880000 h=0 q=-423 z=16 acc=-6768 dest=82176
ATTQK t=4183849320000 ard=-15 ardb=-1404 qa=33056 ka=49184
ATTO t=4183895960000 h=1 q=541 z=16 acc=8656 dest=82208
ATTQK t=4184057400000 ard=782 ardb=-302 qa=33088 ka=49216
ATTO t=4184104040000 h=2 q=1186 z=16 acc=18976 dest=82240
ATTQK t=4184265480000 ard=-304 ardb=155 qa=33120 ka=49248
ATTO t=4184312120000 h=3 q=395 z=16 acc=6320 dest=82272
ATTQK t=4184473560000 ard=413 ardb=-1372 qa=33152 ka=49152
ATTO t=4184531000000 h=0 q=-1229 z=16 acc=-19664 dest=82304
ATTQK t=4184702360000 ard=-142 ardb=-1404 qa=33184 ka=49184
ATTO t=4184759800000 h=1 q=491 z=16 acc=7856 dest=82336
ATTQK t=4184931160000 ard=781 ardb=-302 qa=33216 ka=49216
ATTO t=4184988600000 h=2 q=1186 z=16 acc=18976 dest=82368
ATTQK t=4185159960000 ard=-620 ardb=155 qa=33248 ka=49248
ATTO t=4185217400000 h=3 q=395 z=16 acc=6320 dest=82400
ATTQK t=4185388760000 ard=245 ardb=-1372 qa=33280 ka=49152
ATTO t=4185457000000 h=0 q=-511 z=16 acc=-8176 dest=82432
ATTQK t=4185638280000 ard=9 ardb=-1404 qa=33312 ka=49184
ATTO t=4185706520000 h=1 q=1928 z=16 acc=30848 dest=82464
ATTQK t=4185887800000 ard=-362 ardb=-302 qa=33344 ka=49216
ATTO t=4185956040000 h=2 q=-232 z=16 acc=-3712 dest=82496
ATTQK t=4186137320000 ard=-292 ardb=155 qa=33376 ka=49248
ATTO t=4186205560000 h=3 q=395 z=16 acc=6320 dest=82528
ATTQK t=4186386840000 ard=-280 ardb=-1372 qa=33408 ka=49152
ATTO t=4186465880000 h=0 q=-1229 z=16 acc=-19664 dest=82560
ATTQK t=4186657080000 ard=745 ardb=-1404 qa=33440 ka=49184
ATTO t=4186736120000 h=1 q=541 z=16 acc=8656 dest=82592
ATTQK t=4186927320000 ard=660 ardb=-302 qa=33472 ka=49216
ATTO t=4187006360000 h=2 q=-232 z=16 acc=-3712 dest=82624
ATTQK t=4187197560000 ard=-539 ardb=155 qa=33504 ka=49248
ATTO t=4187276600000 h=3 q=395 z=16 acc=6320 dest=82656
ATTQK t=4187467800000 ard=-391 ardb=-1372 qa=33536 ka=49152
ATTO t=4187557640000 h=0 q=-75 z=16 acc=-1200 dest=82688
ATTQK t=4187758760000 ard=809 ardb=-1404 qa=33568 ka=49184
ATTO t=4187848600000 h=1 q=1637 z=16 acc=26192 dest=82720
ATTQK t=4188049720000 ard=1319 ardb=-302 qa=33600 ka=49216
ATTO t=4188139560000 h=2 q=892 z=16 acc=14272 dest=82752
ATTQK t=4188340680000 ard=-655 ardb=155 qa=33632 ka=49248
ATTO t=4188430520000 h=3 q=395 z=16 acc=6320 dest=82784
ATTQK t=4188631640000 ard=-716 ardb=-1372 qa=33664 ka=49152
ATTO t=4188732280000 h=0 q=-1229 z=16 acc=-19664 dest=82816
ATTQK t=4188943320000 ard=-180 ardb=-1404 qa=33696 ka=49184
ATTO t=4189043960000 h=1 q=1637 z=16 acc=26192 dest=82848
ATTQK t=4189255000000 ard=-380 ardb=-302 qa=33728 ka=49216
ATTO t=4189355640000 h=2 q=-232 z=16 acc=-3712 dest=82880
ATTQK t=4189566680000 ard=698 ardb=155 qa=33760 ka=49248
ATTO t=4189667320000 h=3 q=-1314 z=16 acc=-21024 dest=82912
MV0 t=4189878440000 ly=3 ten_o=5 acc=0 dest=81920
MV0 t=4195131560000 ly=3 ten_o=5 acc=0 dest=82048
MV0 t=4200384680000 ly=3 ten_o=5 acc=0 dest=82176
MV0 t=4205637800000 ly=3 ten_o=5 acc=0 dest=82304
MV0 t=4210890920000 ly=3 ten_o=5 acc=0 dest=82432
MV0 t=4216144040000 ly=3 ten_o=5 acc=0 dest=82560
MV0 t=4221397160000 ly=3 ten_o=5 acc=0 dest=82688
MV0 t=4226650280000 ly=3 ten_o=5 acc=0 dest=82816
ADD t=4231903320000 ly=3 ten=0 ard=24115 ardb=-18176
ADD t=4231934040000 ly=3 ten=0 ard=-860 ardb=-19179
ADD t=4231964760000 ly=3 ten=0 ard=7821 ardb=-13015
ADD t=4231995480000 ly=3 ten=0 ard=18756 ardb=-13102
ADD t=4232026200000 ly=3 ten=0 ard=-10084 ardb=-32768
ADD t=4232056920000 ly=3 ten=0 ard=-32768 ardb=-15088
ADD t=4232087640000 ly=3 ten=0 ard=12236 ardb=-32768
ADD t=4232118360000 ly=3 ten=0 ard=-1744 ardb=1724
LNV t=4232224840000 acc=79072705515 var=1235511023 mu=-1875
LNO t=4232235000000 ly=3 ten=6 ard=5939 mu=-1875 sc=24854 q=5
LNV t=4232869800000 acc=74476945308 var=1163702270 mu=127
LNO t=4232879960000 ly=3 ten=6 ard=-20039 mu=127 sc=24121 q=-14
LNV t=4233514760000 acc=71785770166 var=1121652658 mu=-1499
LNO t=4233524920000 ly=3 ten=6 ard=-5194 mu=-1499 sc=23681 q=-3
LNV t=4234159720000 acc=70760455228 var=1105632112 mu=-162
LNO t=4234169880000 ly=3 ten=6 ard=5654 mu=-162 sc=23512 q=3
LNV t=4234804680000 acc=77723999988 var=1214437499 mu=1407
LNO t=4234814840000 ly=3 ten=6 ard=-32768 mu=1407 sc=24641 q=-23
LNV t=4235449640000 acc=86471496881 var=1351117138 mu=-967
LNO t=4235459800000 ly=3 ten=6 ard=-32768 mu=-967 sc=25991 q=-20
LNV t=4236094600000 acc=75306948585 var=1176671071 mu=1021
LNO t=4236104760000 ly=3 ten=6 ard=-20532 mu=1021 sc=24255 q=-15
LNV t=4236739560000 acc=70318930506 var=1098733289 mu=2790
LNO t=4236749720000 ly=3 ten=6 ard=-20 mu=2790 sc=23438 q=-2
MV0 t=4237308840000 ly=3 ten_o=0 acc=0 dest=0
MV0 t=4247815080000 ly=3 ten_o=0 acc=0 dest=128
MV0 t=4258321320000 ly=3 ten_o=0 acc=0 dest=256
MV0 t=4268827560000 ly=3 ten_o=0 acc=0 dest=384
MV0 t=4279333800000 ly=3 ten_o=0 acc=0 dest=512
MV0 t=4289840040000 ly=3 ten_o=0 acc=0 dest=640
MV0 t=4300346280000 ly=3 ten_o=0 acc=0 dest=768
MV0 t=4310852520000 ly=3 ten_o=0 acc=0 dest=896
MV0 t=4321358760000 ly=3 ten_o=6 acc=0 dest=98304
MV0 t=4331854760000 ly=3 ten_o=6 acc=0 dest=98432
MV0 t=4342350760000 ly=3 ten_o=6 acc=0 dest=98560
MV0 t=4352846760000 ly=3 ten_o=6 acc=0 dest=98688
MV0 t=4363342760000 ly=3 ten_o=6 acc=0 dest=98816
MV0 t=4373838760000 ly=3 ten_o=6 acc=0 dest=98944
MV0 t=4384334760000 ly=3 ten_o=6 acc=0 dest=99072
MV0 t=4394830760000 ly=3 ten_o=6 acc=0 dest=99200
ADD t=4405326680000 ly=3 ten=1 ard=5939 ardb=7314
ADD t=4405357400000 ly=3 ten=1 ard=-20039 ardb=-1608
ADD t=4405388120000 ly=3 ten=1 ard=-5194 ardb=-32768
ADD t=4405418840000 ly=3 ten=1 ard=5654 ardb=-27723
ADD t=4405449560000 ly=3 ten=1 ard=-32768 ardb=16042
ADD t=4405480280000 ly=3 ten=1 ard=-32768 ardb=25756
ADD t=4405511000000 ly=3 ten=1 ard=-20532 ardb=-4695
ADD t=4405541720000 ly=3 ten=1 ard=-20 ardb=12561
HEAD t=4405572440000 col=0 wrd=6 ard=12541 waddr=671744 aaddr=896 acc=0
MV0 t=4405572520000 ly=3 ten_o=7 acc=0 dest=115584
HEAD t=4405572760000 col=1 wrd=6 ard=-2502 waddr=671745 aaddr=897 acc=75246
SMX t=4447597240000 logit0=-512633
EXAM UNREL MODE=8 C9=8786858483828180 OUT=689 LMST=1 LMDN=1
CMD_ACCEPT seq=74 cmd=1 tok=a4 reward=0
CMD_ACCEPT seq=75 cmd=2 tok=00 reward=0
GLUE_FIRE tok0=a4 map=04 mode=8 want_lm=1
GLUE_QISS qid=04 qr=1
GRAPH_ACCEPT seq=24 qid=04
GRAPH_Q qid=04 train=0
SNAP_RISE n=24 qid=04
GLUE_SNAP want_lm=1
LMST_RISE n=4 cyc=55598740
CTX_BEAT idx=0 n=8 pack=2322832182208180 c9=2322832182208180 beats=4
EMB_POS t=4447900360000 dim=0 wrd=-3 awd=-3
EMB_POS t=4447900600000 dim=1 wrd=3 awd=3
EMB_TOK t=4448146120000 dim=0 wrd=-4 ard=-3 awd=-7
EMB_TOK t=4448146360000 dim=1 wrd=1 ard=3 awd=4
LNV t=4448467640000 acc=2409 var=37 mu=0
LNO t=4448477800000 ly=0 ten=0 ard=-7 mu=0 sc=4 q=-28
LNV t=4449112600000 acc=2320 var=36 mu=-1
LNO t=4449122760000 ly=0 ten=0 ard=2 mu=-1 sc=4 q=12
LNV t=4449757560000 acc=2219 var=34 mu=-1
LNO t=4449767720000 ly=0 ten=0 ard=-7 mu=-1 sc=4 q=-24
LNV t=4450402520000 acc=2494 var=38 mu=-1
LNO t=4450412680000 ly=0 ten=0 ard=-7 mu=-1 sc=4 q=-24
LNV t=4451047480000 acc=2565 var=40 mu=-1
LNO t=4451057640000 ly=0 ten=0 ard=-4 mu=-1 sc=4 q=-12
LNV t=4451692440000 acc=2011 var=31 mu=0
LNO t=4451702600000 ly=0 ten=0 ard=0 mu=0 sc=3 q=0
LNV t=4452337400000 acc=2409 var=37 mu=0
LNO t=4452347560000 ly=0 ten=0 ard=-3 mu=0 sc=4 q=-12
LNV t=4452982360000 acc=1985 var=31 mu=-1
LNO t=4452992520000 ly=0 ten=0 ard=-4 mu=-1 sc=3 q=-16
MV0 t=4453551640000 ly=0 ten_o=2 acc=0 dest=32768
MV0 t=4458804760000 ly=0 ten_o=2 acc=0 dest=32896
MV0 t=4464057880000 ly=0 ten_o=2 acc=0 dest=33024
MV0 t=4469311000000 ly=0 ten_o=2 acc=0 dest=33152
MV0 t=4474564120000 ly=0 ten_o=2 acc=0 dest=33280
MV0 t=4479817240000 ly=0 ten_o=2 acc=0 dest=33408
MV0 t=4485070360000 ly=0 ten_o=2 acc=0 dest=33536
MV0 t=4490323480000 ly=0 ten_o=2 acc=0 dest=33664
MV0 t=4495576600000 ly=0 ten_o=3 acc=0 dest=49152
MV0 t=4500829720000 ly=0 ten_o=3 acc=0 dest=49280
MV0 t=4506082840000 ly=0 ten_o=3 acc=0 dest=49408
MV0 t=4511335960000 ly=0 ten_o=3 acc=0 dest=49536
MV0 t=4516589080000 ly=0 ten_o=3 acc=0 dest=49664
MV0 t=4521842200000 ly=0 ten_o=3 acc=0 dest=49792
MV0 t=4527095320000 ly=0 ten_o=3 acc=0 dest=49920
MV0 t=4532348440000 ly=0 ten_o=3 acc=0 dest=50048
MV0 t=4537601560000 ly=0 ten_o=4 acc=0 dest=65536
MV0 t=4542854680000 ly=0 ten_o=4 acc=0 dest=65664
MV0 t=4548107800000 ly=0 ten_o=4 acc=0 dest=65792
MV0 t=4553360920000 ly=0 ten_o=4 acc=0 dest=65920
MV0 t=4558614040000 ly=0 ten_o=4 acc=0 dest=66048
MV0 t=4563867160000 ly=0 ten_o=4 acc=0 dest=66176
MV0 t=4569120280000 ly=0 ten_o=4 acc=0 dest=66304
MV0 t=4574373400000 ly=0 ten_o=4 acc=0 dest=66432
ATTQK t=4579626440000 ard=-548 ardb=-1464 qa=32768 ka=49152
ATTO t=4579651480000 h=0 q=244 z=16 acc=3904 dest=81920
ATTQK t=4579793080000 ard=-740 ardb=824 qa=32800 ka=49184
ATTO t=4579818120000 h=1 q=-68 z=16 acc=-1088 dest=81952
ATTQK t=4579959720000 ard=132 ardb=796 qa=32832 ka=49216
ATTO t=4579984760000 h=2 q=-232 z=16 acc=-3712 dest=81984
ATTQK t=4580126360000 ard=-976 ardb=488 qa=32864 ka=49248
ATTO t=4580151400000 h=3 q=-140 z=16 acc=-2240 dest=82016
ATTQK t=4580293000000 ard=-568 ardb=-1464 qa=32896 ka=49152
ATTO t=4580328840000 h=0 q=244 z=16 acc=3904 dest=82048
ATTQK t=4580480360000 ard=-1072 ardb=824 qa=32928 ka=49184
ATTO t=4580516200000 h=1 q=-68 z=16 acc=-1088 dest=82080
ATTQK t=4580667720000 ard=196 ardb=796 qa=32960 ka=49216
ATTO t=4580703560000 h=2 q=548 z=16 acc=8768 dest=82112
ATTQK t=4580855080000 ard=-1160 ardb=488 qa=32992 ka=49248
ATTO t=4580890920000 h=3 q=280 z=16 acc=4480 dest=82144
ATTQK t=4581042440000 ard=700 ardb=-1464 qa=33024 ka=49152
ATTO t=4581089080000 h=0 q=220 z=16 acc=3520 dest=82176
ATTQK t=4581250520000 ard=580 ardb=824 qa=33056 ka=49184
ATTO t=4581297160000 h=1 q=-312 z=16 acc=-4992 dest=82208
ATTQK t=4581458600000 ard=-228 ardb=796 qa=33088 ka=49216
ATTO t=4581505240000 h=2 q=548 z=16 acc=8768 dest=82240
ATTQK t=4581666680000 ard=68 ardb=488 qa=33120 ka=49248
ATTO t=4581713320000 h=3 q=280 z=16 acc=4480 dest=82272
ATTQK t=4581874760000 ard=1216 ardb=-1464 qa=33152 ka=49152
ATTO t=4581932200000 h=0 q=220 z=16 acc=3520 dest=82304
ATTQK t=4582103560000 ard=-416 ardb=824 qa=33184 ka=49184
ATTO t=4582161000000 h=1 q=-984 z=16 acc=-15744 dest=82336
ATTQK t=4582332360000 ard=-692 ardb=796 qa=33216 ka=49216
ATTO t=4582389800000 h=2 q=-772 z=16 acc=-12352 dest=82368
ATTQK t=4582561160000 ard=-468 ardb=488 qa=33248 ka=49248
ATTO t=4582618600000 h=3 q=-200 z=16 acc=-3200 dest=82400
ATTQK t=4582789960000 ard=-1088 ardb=-1464 qa=33280 ka=49152
ATTO t=4582858200000 h=0 q=244 z=16 acc=3904 dest=82432
ATTQK t=4583039480000 ard=-356 ardb=824 qa=33312 ka=49184
ATTO t=4583107720000 h=1 q=88 z=16 acc=1408 dest=82464
ATTQK t=4583289000000 ard=436 ardb=796 qa=33344 ka=49216
ATTO t=4583357240000 h=2 q=-232 z=16 acc=-3712 dest=82496
ATTQK t=4583538520000 ard=752 ardb=488 qa=33376 ka=49248
ATTO t=4583606760000 h=3 q=280 z=16 acc=4480 dest=82528
ATTQK t=4583788040000 ard=-478 ardb=-1464 qa=33408 ka=49152
ATTO t=4583867080000 h=0 q=-968 z=16 acc=-15488 dest=82560
ATTQK t=4584058280000 ard=2203 ardb=824 qa=33440 ka=49184
ATTO t=4584137320000 h=1 q=-68 z=16 acc=-1088 dest=82592
ATTQK t=4584328520000 ard=-666 ardb=796 qa=33472 ka=49216
ATTO t=4584407560000 h=2 q=548 z=16 acc=8768 dest=82624
ATTQK t=4584598760000 ard=-911 ardb=488 qa=33504 ka=49248
ATTO t=4584677800000 h=3 q=-200 z=16 acc=-3200 dest=82656
ATTQK t=4584869000000 ard=456 ardb=-1464 qa=33536 ka=49152
ATTO t=4584958840000 h=0 q=-968 z=16 acc=-15488 dest=82688
ATTQK t=4585159960000 ard=744 ardb=824 qa=33568 ka=49184
ATTO t=4585249800000 h=1 q=-478 z=16 acc=-7648 dest=82720
ATTQK t=4585450920000 ard=-508 ardb=796 qa=33600 ka=49216
ATTO t=4585540760000 h=2 q=-873 z=16 acc=-13968 dest=82752
ATTQK t=4585741880000 ard=-1160 ardb=488 qa=33632 ka=49248
ATTO t=4585831720000 h=3 q=-44 z=16 acc=-704 dest=82784
ATTQK t=4586032840000 ard=300 ardb=-1464 qa=33664 ka=49152
ATTO t=4586133480000 h=0 q=244 z=16 acc=3904 dest=82816
ATTQK t=4586344520000 ard=780 ardb=824 qa=33696 ka=49184
ATTO t=4586445160000 h=1 q=-478 z=16 acc=-7648 dest=82848
ATTQK t=4586656200000 ard=466 ardb=796 qa=33728 ka=49216
ATTO t=4586756840000 h=2 q=-232 z=16 acc=-3712 dest=82880
ATTQK t=4586967880000 ard=-1172 ardb=488 qa=33760 ka=49248
ATTO t=4587068520000 h=3 q=924 z=16 acc=14784 dest=82912
MV0 t=4587279640000 ly=0 ten_o=5 acc=0 dest=81920
MV0 t=4592532760000 ly=0 ten_o=5 acc=0 dest=82048
MV0 t=4597785880000 ly=0 ten_o=5 acc=0 dest=82176
MV0 t=4603039000000 ly=0 ten_o=5 acc=0 dest=82304
MV0 t=4608292120000 ly=0 ten_o=5 acc=0 dest=82432
MV0 t=4613545240000 ly=0 ten_o=5 acc=0 dest=82560
MV0 t=4618798360000 ly=0 ten_o=5 acc=0 dest=82688
MV0 t=4624051480000 ly=0 ten_o=5 acc=0 dest=82816
ADD t=4629304520000 ly=0 ten=0 ard=-7 ardb=-20500
ADD t=4629335240000 ly=0 ten=0 ard=2 ardb=-32768
ADD t=4629365960000 ly=0 ten=0 ard=-7 ardb=28340
ADD t=4629396680000 ly=0 ten=0 ard=-7 ardb=32767
ADD t=4629427400000 ly=0 ten=0 ard=-4 ardb=-1076
ADD t=4629458120000 ly=0 ten=0 ard=0 ardb=-26068
ADD t=4629488840000 ly=0 ten=0 ard=-3 ardb=32767
ADD t=4629519560000 ly=0 ten=0 ard=-4 ardb=-9127
LNV t=4629626040000 acc=54576101665 var=852751588 mu=2931
LNO t=4629636200000 ly=0 ten=6 ard=-20507 mu=2931 sc=20648 q=-19
LNV t=4630271000000 acc=60208134002 var=940752093 mu=24
LNO t=4630281160000 ly=0 ten=6 ard=-32766 mu=24 sc=21688 q=-25
LNV t=4630915960000 acc=52914358966 var=826786858 mu=-84
LNO t=4630926120000 ly=0 ten=6 ard=28333 mu=-84 sc=20332 q=22
LNV t=4631560920000 acc=51804771937 var=809449561 mu=-2218
LNO t=4631571080000 ly=0 ten=6 ard=32760 mu=-2218 sc=20117 q=27
LNV t=4632205880000 acc=57424327202 var=897255112 mu=2209
LNO t=4632216040000 ly=0 ten=6 ard=-1080 mu=2209 sc=21180 q=-3
LNV t=4632850840000 acc=68137336744 var=1064645886 mu=-956
LNO t=4632861000000 ly=0 ten=6 ard=-26068 mu=-956 sc=23072 q=-18
LNV t=4633495800000 acc=74792550693 var=1168633604 mu=1444
LNO t=4633505960000 ly=0 ten=6 ard=32764 mu=1444 sc=24172 q=20
LNV t=4634140760000 acc=68842605881 var=1075665716 mu=2287
LNO t=4634150920000 ly=0 ten=6 ard=-9131 mu=2287 sc=23191 q=-8
MV0 t=4634710040000 ly=0 ten_o=0 acc=0 dest=0
MV0 t=4645216280000 ly=0 ten_o=0 acc=0 dest=128
MV0 t=4655722520000 ly=0 ten_o=0 acc=0 dest=256
MV0 t=4666228760000 ly=0 ten_o=0 acc=0 dest=384
MV0 t=4676735000000 ly=0 ten_o=0 acc=0 dest=512
MV0 t=4687241240000 ly=0 ten_o=0 acc=0 dest=640
MV0 t=4697747480000 ly=0 ten_o=0 acc=0 dest=768
MV0 t=4708253720000 ly=0 ten_o=0 acc=0 dest=896
MV0 t=4718759960000 ly=0 ten_o=6 acc=0 dest=98304
MV0 t=4729255960000 ly=0 ten_o=6 acc=0 dest=98432
MV0 t=4739751960000 ly=0 ten_o=6 acc=0 dest=98560
MV0 t=4750247960000 ly=0 ten_o=6 acc=0 dest=98688
MV0 t=4760743960000 ly=0 ten_o=6 acc=0 dest=98816
MV0 t=4771239960000 ly=0 ten_o=6 acc=0 dest=98944
MV0 t=4781735960000 ly=0 ten_o=6 acc=0 dest=99072
MV0 t=4792231960000 ly=0 ten_o=6 acc=0 dest=99200
ADD t=4802727880000 ly=0 ten=1 ard=-20507 ardb=16167
ADD t=4802758600000 ly=0 ten=1 ard=-32766 ardb=-11251
ADD t=4802789320000 ly=0 ten=1 ard=28333 ardb=-10614
ADD t=4802820040000 ly=0 ten=1 ard=32760 ardb=10253
ADD t=4802850760000 ly=0 ten=1 ard=-1080 ardb=-4738
ADD t=4802881480000 ly=0 ten=1 ard=-26068 ardb=12280
ADD t=4802912200000 ly=0 ten=1 ard=32764 ardb=18187
ADD t=4802942920000 ly=0 ten=1 ard=-9131 ardb=11518
LNV t=4803049400000 acc=69732162024 var=1089565031 mu=3061
LNO t=4803059560000 ly=1 ten=0 ard=-4340 mu=3061 sc=23340 q=-6
LNV t=4803694360000 acc=65896212799 var=1029628324 mu=1041
LNO t=4803704520000 ly=1 ten=0 ard=-32768 mu=1041 sc=22689 q=-24
LNV t=4804339320000 acc=73050539477 var=1141414679 mu=631
LNO t=4804349480000 ly=1 ten=0 ard=17719 mu=631 sc=23889 q=11
LNV t=4804984280000 acc=83703654668 var=1307869604 mu=1350
LNO t=4804994440000 ly=1 ten=0 ard=32767 mu=1350 sc=25572 q=19
LNV t=4805629240000 acc=72346772727 var=1130418323 mu=3000
LNO t=4805639400000 ly=1 ten=0 ard=-5818 mu=3000 sc=23774 q=-6
LNV t=4806274200000 acc=65345991017 var=1021031109 mu=-281
LNO t=4806284360000 ly=1 ten=0 ard=-13788 mu=-281 sc=22594 q=-10
LNV t=4806919160000 acc=73917392733 var=1154959261 mu=3336
LNO t=4806929320000 ly=1 ten=0 ard=32767 mu=3336 sc=24030 q=19
LNV t=4807564120000 acc=68610860549 var=1072044696 mu=3246
LNO t=4807574280000 ly=1 ten=0 ard=2387 mu=3246 sc=23152 q=-1
MV0 t=4808133400000 ly=1 ten_o=2 acc=0 dest=32768
MV0 t=4813386520000 ly=1 ten_o=2 acc=0 dest=32896
MV0 t=4818639640000 ly=1 ten_o=2 acc=0 dest=33024
MV0 t=4823892760000 ly=1 ten_o=2 acc=0 dest=33152
MV0 t=4829145880000 ly=1 ten_o=2 acc=0 dest=33280
MV0 t=4834399000000 ly=1 ten_o=2 acc=0 dest=33408
MV0 t=4839652120000 ly=1 ten_o=2 acc=0 dest=33536
MV0 t=4844905240000 ly=1 ten_o=2 acc=0 dest=33664
MV0 t=4850158360000 ly=1 ten_o=3 acc=0 dest=49152
MV0 t=4855411480000 ly=1 ten_o=3 acc=0 dest=49280
MV0 t=4860664600000 ly=1 ten_o=3 acc=0 dest=49408
MV0 t=4865917720000 ly=1 ten_o=3 acc=0 dest=49536
MV0 t=4871170840000 ly=1 ten_o=3 acc=0 dest=49664
MV0 t=4876423960000 ly=1 ten_o=3 acc=0 dest=49792
MV0 t=4881677080000 ly=1 ten_o=3 acc=0 dest=49920
MV0 t=4886930200000 ly=1 ten_o=3 acc=0 dest=50048
MV0 t=4892183320000 ly=1 ten_o=4 acc=0 dest=65536
MV0 t=4897436440000 ly=1 ten_o=4 acc=0 dest=65664
MV0 t=4902689560000 ly=1 ten_o=4 acc=0 dest=65792
MV0 t=4907942680000 ly=1 ten_o=4 acc=0 dest=65920
MV0 t=4913195800000 ly=1 ten_o=4 acc=0 dest=66048
MV0 t=4918448920000 ly=1 ten_o=4 acc=0 dest=66176
MV0 t=4923702040000 ly=1 ten_o=4 acc=0 dest=66304
MV0 t=4928955160000 ly=1 ten_o=4 acc=0 dest=66432
ATTQK t=4934208200000 ard=560 ardb=-88 qa=32768 ka=49152
ATTO t=4934233240000 h=0 q=-51 z=16 acc=-816 dest=81920
ATTQK t=4934374840000 ard=-277 ardb=40 qa=32800 ka=49184
ATTO t=4934399880000 h=1 q=94 z=16 acc=1504 dest=81952
ATTQK t=4934541480000 ard=650 ardb=-325 qa=32832 ka=49216
ATTO t=4934566520000 h=2 q=17 z=16 acc=272 dest=81984
ATTQK t=4934708120000 ard=-548 ardb=-501 qa=32864 ka=49248
ATTO t=4934733160000 h=3 q=795 z=16 acc=12720 dest=82016
ATTQK t=4934874760000 ard=1837 ardb=-88 qa=32896 ka=49152
ATTO t=4934910600000 h=0 q=754 z=16 acc=12064 dest=82048
ATTQK t=4935062120000 ard=-883 ardb=40 qa=32928 ka=49184
ATTO t=4935097960000 h=1 q=94 z=16 acc=1504 dest=82080
ATTQK t=4935249480000 ard=-98 ardb=-325 qa=32960 ka=49216
ATTO t=4935285320000 h=2 q=17 z=16 acc=272 dest=82112
ATTQK t=4935436840000 ard=683 ardb=-501 qa=32992 ka=49248
ATTO t=4935472680000 h=3 q=1187 z=16 acc=18992 dest=82144
ATTQK t=4935624200000 ard=134 ardb=-88 qa=33024 ka=49152
ATTO t=4935670840000 h=0 q=-51 z=16 acc=-816 dest=82176
ATTQK t=4935832280000 ard=-318 ardb=40 qa=33056 ka=49184
ATTO t=4935878920000 h=1 q=-408 z=16 acc=-6528 dest=82208
ATTQK t=4936040360000 ard=394 ardb=-325 qa=33088 ka=49216
ATTO t=4936087000000 h=2 q=303 z=16 acc=4848 dest=82240
ATTQK t=4936248440000 ard=497 ardb=-501 qa=33120 ka=49248
ATTO t=4936295080000 h=3 q=795 z=16 acc=12720 dest=82272
ATTQK t=4936456520000 ard=81 ardb=-88 qa=33152 ka=49152
ATTO t=4936513960000 h=0 q=-51 z=16 acc=-816 dest=82304
ATTQK t=4936685320000 ard=614 ardb=40 qa=33184 ka=49184
ATTO t=4936742760000 h=1 q=524 z=16 acc=8384 dest=82336
ATTQK t=4936914120000 ard=-17 ardb=-325 qa=33216 ka=49216
ATTO t=4936971560000 h=2 q=303 z=16 acc=4848 dest=82368
ATTQK t=4937142920000 ard=1239 ardb=-501 qa=33248 ka=49248
ATTO t=4937200360000 h=3 q=-844 z=16 acc=-13504 dest=82400
ATTQK t=4937371720000 ard=465 ardb=-88 qa=33280 ka=49152
ATTO t=4937439960000 h=0 q=754 z=16 acc=12064 dest=82432
ATTQK t=4937621240000 ard=-484 ardb=40 qa=33312 ka=49184
ATTO t=4937689480000 h=1 q=524 z=16 acc=8384 dest=82464
ATTQK t=4937870760000 ard=673 ardb=-325 qa=33344 ka=49216
ATTO t=4937939000000 h=2 q=-817 z=16 acc=-13072 dest=82496
ATTQK t=4938120280000 ard=-240 ardb=-501 qa=33376 ka=49248
ATTO t=4938188520000 h=3 q=1187 z=16 acc=18992 dest=82528
ATTQK t=4938369800000 ard=-10 ardb=-88 qa=33408 ka=49152
ATTO t=4938448840000 h=0 q=641 z=16 acc=10256 dest=82560
ATTQK t=4938640040000 ard=116 ardb=40 qa=33440 ka=49184
ATTO t=4938719080000 h=1 q=-301 z=16 acc=-4816 dest=82592
ATTQK t=4938910280000 ard=-80 ardb=-325 qa=33472 ka=49216
ATTO t=4938989320000 h=2 q=303 z=16 acc=4848 dest=82624
ATTQK t=4939180520000 ard=611 ardb=-501 qa=33504 ka=49248
ATTO t=4939259560000 h=3 q=1187 z=16 acc=18992 dest=82656
ATTQK t=4939450760000 ard=-262 ardb=-88 qa=33536 ka=49152
ATTO t=4939540600000 h=0 q=641 z=16 acc=10256 dest=82688
ATTQK t=4939741720000 ard=1344 ardb=40 qa=33568 ka=49184
ATTO t=4939831560000 h=1 q=524 z=16 acc=8384 dest=82720
ATTQK t=4940032680000 ard=-450 ardb=-325 qa=33600 ka=49216
ATTO t=4940122520000 h=2 q=-932 z=16 acc=-14912 dest=82752
ATTQK t=4940323640000 ard=600 ardb=-501 qa=33632 ka=49248
ATTO t=4940413480000 h=3 q=-844 z=16 acc=-13504 dest=82784
ATTQK t=4940614600000 ard=67 ardb=-88 qa=33664 ka=49152
ATTO t=4940715240000 h=0 q=-725 z=16 acc=-11600 dest=82816
ATTQK t=4940926280000 ard=680 ardb=40 qa=33696 ka=49184
ATTO t=4941026920000 h=1 q=-301 z=16 acc=-4816 dest=82848
ATTQK t=4941237960000 ard=189 ardb=-325 qa=33728 ka=49216
ATTO t=4941338600000 h=2 q=-817 z=16 acc=-13072 dest=82880
ATTQK t=4941549640000 ard=-380 ardb=-501 qa=33760 ka=49248
ATTO t=4941650280000 h=3 q=-844 z=16 acc=-13504 dest=82912
MV0 t=4941861400000 ly=1 ten_o=5 acc=0 dest=81920
MV0 t=4947114520000 ly=1 ten_o=5 acc=0 dest=82048
MV0 t=4952367640000 ly=1 ten_o=5 acc=0 dest=82176
MV0 t=4957620760000 ly=1 ten_o=5 acc=0 dest=82304
MV0 t=4962873880000 ly=1 ten_o=5 acc=0 dest=82432
MV0 t=4968127000000 ly=1 ten_o=5 acc=0 dest=82560
MV0 t=4973380120000 ly=1 ten_o=5 acc=0 dest=82688
MV0 t=4978633240000 ly=1 ten_o=5 acc=0 dest=82816
ADD t=4983886280000 ly=1 ten=0 ard=-4340 ardb=9208
ADD t=4983917000000 ly=1 ten=0 ard=-32768 ardb=7359
ADD t=4983947720000 ly=1 ten=0 ard=17719 ardb=4982
ADD t=4983978440000 ly=1 ten=0 ard=32767 ardb=4792
ADD t=4984009160000 ly=1 ten=0 ard=-5818 ardb=-14130
ADD t=4984039880000 ly=1 ten=0 ard=-13788 ardb=27761
ADD t=4984070600000 ly=1 ten=0 ard=32767 ardb=-18851
ADD t=4984101320000 ly=1 ten=0 ard=2387 ardb=-3457
LNV t=4984207800000 acc=70700801626 var=1104700025 mu=2224
LNO t=4984217960000 ly=1 ten=6 ard=4868 mu=2224 sc=23502 q=1
LNV t=4984852760000 acc=72669465048 var=1135460391 mu=650
LNO t=4984862920000 ly=1 ten=6 ard=-25409 mu=650 sc=23827 q=-18
LNV t=4985497720000 acc=76350636787 var=1192978699 mu=2861
LNO t=4985507880000 ly=1 ten=6 ard=22701 mu=2861 sc=24423 q=12
LNV t=4986142680000 acc=82332723042 var=1286448797 mu=2036
LNO t=4986152840000 ly=1 ten=6 ard=32767 mu=2036 sc=25361 q=19
LNV t=4986787640000 acc=78377315331 var=1224645552 mu=703
LNO t=4986797800000 ly=1 ten=6 ard=-19948 mu=703 sc=24745 q=-14
LNV t=4987432600000 acc=69977293969 var=1093395218 mu=-1688
LNO t=4987442760000 ly=1 ten=6 ard=13973 mu=-1688 sc=23381 q=10
LNV t=4988077560000 acc=73291653469 var=1145182085 mu=-1472
LNO t=4988087720000 ly=1 ten=6 ard=13916 mu=-1472 sc=23928 q=10
LNV t=4988722520000 acc=68124619108 var=1064447173 mu=2918
LNO t=4988732680000 ly=1 ten=6 ard=-1070 mu=2918 sc=23069 q=-3
MV0 t=4989291800000 ly=1 ten_o=0 acc=0 dest=0
MV0 t=4999798040000 ly=1 ten_o=0 acc=0 dest=128
MV0 t=5010304280000 ly=1 ten_o=0 acc=0 dest=256
MV0 t=5020810520000 ly=1 ten_o=0 acc=0 dest=384
MV0 t=5031316760000 ly=1 ten_o=0 acc=0 dest=512
MV0 t=5041823000000 ly=1 ten_o=0 acc=0 dest=640
MV0 t=5052329240000 ly=1 ten_o=0 acc=0 dest=768
MV0 t=5062835480000 ly=1 ten_o=0 acc=0 dest=896
MV0 t=5073341720000 ly=1 ten_o=6 acc=0 dest=98304
MV0 t=5083837720000 ly=1 ten_o=6 acc=0 dest=98432
MV0 t=5094333720000 ly=1 ten_o=6 acc=0 dest=98560
MV0 t=5104829720000 ly=1 ten_o=6 acc=0 dest=98688
MV0 t=5115325720000 ly=1 ten_o=6 acc=0 dest=98816
MV0 t=5125821720000 ly=1 ten_o=6 acc=0 dest=98944
MV0 t=5136317720000 ly=1 ten_o=6 acc=0 dest=99072
MV0 t=5146813720000 ly=1 ten_o=6 acc=0 dest=99200
ADD t=5157309640000 ly=1 ten=1 ard=4868 ardb=-14093
ADD t=5157340360000 ly=1 ten=1 ard=-25409 ardb=12780
ADD t=5157371080000 ly=1 ten=1 ard=22701 ardb=-21448
ADD t=5157401800000 ly=1 ten=1 ard=32767 ardb=-12852
ADD t=5157432520000 ly=1 ten=1 ard=-19948 ardb=-21178
ADD t=5157463240000 ly=1 ten=1 ard=13973 ardb=11141
ADD t=5157493960000 ly=1 ten=1 ard=13916 ardb=22173
ADD t=5157524680000 ly=1 ten=1 ard=-1070 ardb=-32768
LNV t=5157631160000 acc=71296800813 var=1114012512 mu=2171
LNO t=5157641320000 ly=2 ten=0 ard=-9225 mu=2171 sc=23600 q=-8
LNV t=5158276120000 acc=71411860300 var=1115810317 mu=484
LNO t=5158286280000 ly=2 ten=0 ard=-12629 mu=484 sc=23620 q=-9
LNV t=5158921080000 acc=65604260044 var=1025066563 mu=3181
LNO t=5158931240000 ly=2 ten=0 ard=1253 mu=3181 sc=22639 q=-2
LNV t=5159566040000 acc=71218851035 var=1112794547 mu=40
LNO t=5159576200000 ly=2 ten=0 ard=19915 mu=40 sc=23588 q=13
LNV t=5160211000000 acc=69164432149 var=1080694252 mu=215
LNO t=5160221160000 ly=2 ten=0 ard=-32768 mu=215 sc=23245 q=-23
LNV t=5160855960000 acc=68792069302 var=1074876082 mu=-1666
LNO t=5160866120000 ly=2 ten=0 ard=25114 mu=-1666 sc=23182 q=18
LNV t=5161500920000 acc=74207967346 var=1159499489 mu=-2450
LNO t=5161511080000 ly=2 ten=0 ard=32767 mu=-2450 sc=24077 q=23
LNV t=5162145880000 acc=70657617520 var=1104025273 mu=5054
LNO t=5162156040000 ly=2 ten=0 ard=-32768 mu=5054 sc=23494 q=-26
MV0 t=5162715160000 ly=2 ten_o=2 acc=0 dest=32768
MV0 t=5167968280000 ly=2 ten_o=2 acc=0 dest=32896
MV0 t=5173221400000 ly=2 ten_o=2 acc=0 dest=33024
MV0 t=5178474520000 ly=2 ten_o=2 acc=0 dest=33152
MV0 t=5183727640000 ly=2 ten_o=2 acc=0 dest=33280
MV0 t=5188980760000 ly=2 ten_o=2 acc=0 dest=33408
MV0 t=5194233880000 ly=2 ten_o=2 acc=0 dest=33536
MV0 t=5199487000000 ly=2 ten_o=2 acc=0 dest=33664
MV0 t=5204740120000 ly=2 ten_o=3 acc=0 dest=49152
MV0 t=5209993240000 ly=2 ten_o=3 acc=0 dest=49280
MV0 t=5215246360000 ly=2 ten_o=3 acc=0 dest=49408
MV0 t=5220499480000 ly=2 ten_o=3 acc=0 dest=49536
MV0 t=5225752600000 ly=2 ten_o=3 acc=0 dest=49664
MV0 t=5231005720000 ly=2 ten_o=3 acc=0 dest=49792
MV0 t=5236258840000 ly=2 ten_o=3 acc=0 dest=49920
MV0 t=5241511960000 ly=2 ten_o=3 acc=0 dest=50048
MV0 t=5246765080000 ly=2 ten_o=4 acc=0 dest=65536
MV0 t=5252018200000 ly=2 ten_o=4 acc=0 dest=65664
MV0 t=5257271320000 ly=2 ten_o=4 acc=0 dest=65792
MV0 t=5262524440000 ly=2 ten_o=4 acc=0 dest=65920
MV0 t=5267777560000 ly=2 ten_o=4 acc=0 dest=66048
MV0 t=5273030680000 ly=2 ten_o=4 acc=0 dest=66176
MV0 t=5278283800000 ly=2 ten_o=4 acc=0 dest=66304
MV0 t=5283536920000 ly=2 ten_o=4 acc=0 dest=66432
ATTQK t=5288789960000 ard=-1456 ardb=1087 qa=32768 ka=49152
ATTO t=5288815000000 h=0 q=-702 z=16 acc=-11232 dest=81920
ATTQK t=5288956600000 ard=1006 ardb=803 qa=32800 ka=49184
ATTO t=5288981640000 h=1 q=-1559 z=16 acc=-24944 dest=81952
ATTQK t=5289123240000 ard=225 ardb=-217 qa=32832 ka=49216
ATTO t=5289148280000 h=2 q=349 z=16 acc=5584 dest=81984
ATTQK t=5289289880000 ard=150 ardb=-364 qa=32864 ka=49248
ATTO t=5289314920000 h=3 q=387 z=16 acc=6192 dest=82016
ATTQK t=5289456520000 ard=-922 ardb=1087 qa=32896 ka=49152
ATTO t=5289492360000 h=0 q=-47 z=16 acc=-752 dest=82048
ATTQK t=5289643880000 ard=154 ardb=803 qa=32928 ka=49184
ATTO t=5289679720000 h=1 q=-1559 z=16 acc=-24944 dest=82080
ATTQK t=5289831240000 ard=-15 ardb=-217 qa=32960 ka=49216
ATTO t=5289867080000 h=2 q=-204 z=16 acc=-3264 dest=82112
ATTQK t=5290018600000 ard=71 ardb=-364 qa=32992 ka=49248
ATTO t=5290054440000 h=3 q=-513 z=16 acc=-8208 dest=82144
ATTQK t=5290205960000 ard=-328 ardb=1087 qa=33024 ka=49152
ATTO t=5290252600000 h=0 q=-47 z=16 acc=-752 dest=82176
ATTQK t=5290414040000 ard=-186 ardb=803 qa=33056 ka=49184
ATTO t=5290460680000 h=1 q=-194 z=16 acc=-3104 dest=82208
ATTQK t=5290622120000 ard=1630 ardb=-217 qa=33088 ka=49216
ATTO t=5290668760000 h=2 q=-204 z=16 acc=-3264 dest=82240
ATTQK t=5290830200000 ard=478 ardb=-364 qa=33120 ka=49248
ATTO t=5290876840000 h=3 q=-513 z=16 acc=-8208 dest=82272
ATTQK t=5291038280000 ard=-235 ardb=1087 qa=33152 ka=49152
ATTO t=5291095720000 h=0 q=-47 z=16 acc=-752 dest=82304
ATTQK t=5291267080000 ard=-199 ardb=803 qa=33184 ka=49184
ATTO t=5291324520000 h=1 q=-835 z=16 acc=-13360 dest=82336
ATTQK t=5291495880000 ard=308 ardb=-217 qa=33216 ka=49216
ATTO t=5291553320000 h=2 q=-204 z=16 acc=-3264 dest=82368
ATTQK t=5291724680000 ard=199 ardb=-364 qa=33248 ka=49248
ATTO t=5291782120000 h=3 q=-832 z=16 acc=-13312 dest=82400
ATTQK t=5291953480000 ard=-1516 ardb=1087 qa=33280 ka=49152
ATTO t=5292021720000 h=0 q=49 z=16 acc=784 dest=82432
ATTQK t=5292203000000 ard=-123 ardb=803 qa=33312 ka=49184
ATTO t=5292271240000 h=1 q=-835 z=16 acc=-13360 dest=82464
ATTQK t=5292452520000 ard=216 ardb=-217 qa=33344 ka=49216
ATTO t=5292520760000 h=2 q=-73 z=16 acc=-1168 dest=82496
ATTQK t=5292702040000 ard=151 ardb=-364 qa=33376 ka=49248
ATTO t=5292770280000 h=3 q=-513 z=16 acc=-8208 dest=82528
ATTQK t=5292951560000 ard=-885 ardb=1087 qa=33408 ka=49152
ATTO t=5293030600000 h=0 q=49 z=16 acc=784 dest=82560
ATTQK t=5293221800000 ard=624 ardb=803 qa=33440 ka=49184
ATTO t=5293300840000 h=1 q=-355 z=16 acc=-5680 dest=82592
ATTQK t=5293492040000 ard=-178 ardb=-217 qa=33472 ka=49216
ATTO t=5293571080000 h=2 q=349 z=16 acc=5584 dest=82624
ATTQK t=5293762280000 ard=809 ardb=-364 qa=33504 ka=49248
ATTO t=5293841320000 h=3 q=-832 z=16 acc=-13312 dest=82656
ATTQK t=5294032520000 ard=237 ardb=1087 qa=33536 ka=49152
ATTO t=5294122360000 h=0 q=-71 z=16 acc=-1136 dest=82688
ATTQK t=5294323480000 ard=470 ardb=803 qa=33568 ka=49184
ATTO t=5294413320000 h=1 q=-835 z=16 acc=-13360 dest=82720
ATTQK t=5294614440000 ard=32 ardb=-217 qa=33600 ka=49216
ATTO t=5294704280000 h=2 q=-803 z=16 acc=-12848 dest=82752
ATTQK t=5294905400000 ard=939 ardb=-364 qa=33632 ka=49248
ATTO t=5294995240000 h=3 q=-832 z=16 acc=-13312 dest=82784
ATTQK t=5295196360000 ard=-1007 ardb=1087 qa=33664 ka=49152
ATTO t=5295297000000 h=0 q=-71 z=16 acc=-1136 dest=82816
ATTQK t=5295508040000 ard=508 ardb=803 qa=33696 ka=49184
ATTO t=5295608680000 h=1 q=-194 z=16 acc=-3104 dest=82848
ATTQK t=5295819720000 ard=631 ardb=-217 qa=33728 ka=49216
ATTO t=5295920360000 h=2 q=-73 z=16 acc=-1168 dest=82880
ATTQK t=5296131400000 ard=148 ardb=-364 qa=33760 ka=49248
ATTO t=5296232040000 h=3 q=-513 z=16 acc=-8208 dest=82912
MV0 t=5296443160000 ly=2 ten_o=5 acc=0 dest=81920
MV0 t=5301696280000 ly=2 ten_o=5 acc=0 dest=82048
MV0 t=5306949400000 ly=2 ten_o=5 acc=0 dest=82176
MV0 t=5312202520000 ly=2 ten_o=5 acc=0 dest=82304
MV0 t=5317455640000 ly=2 ten_o=5 acc=0 dest=82432
MV0 t=5322708760000 ly=2 ten_o=5 acc=0 dest=82560
MV0 t=5327961880000 ly=2 ten_o=5 acc=0 dest=82688
MV0 t=5333215000000 ly=2 ten_o=5 acc=0 dest=82816
ADD t=5338468040000 ly=2 ten=0 ard=-9225 ardb=25320
ADD t=5338498760000 ly=2 ten=0 ard=-12629 ardb=32767
ADD t=5338529480000 ly=2 ten=0 ard=1253 ardb=32767
ADD t=5338560200000 ly=2 ten=0 ard=19915 ardb=32767
ADD t=5338590920000 ly=2 ten=0 ard=-32768 ardb=32767
ADD t=5338621640000 ly=2 ten=0 ard=25114 ardb=22213
ADD t=5338652360000 ly=2 ten=0 ard=32767 ardb=32767
ADD t=5338683080000 ly=2 ten=0 ard=-32768 ardb=32767
LNV t=5338789560000 acc=78506100912 var=1226657826 mu=100
LNO t=5338799720000 ly=2 ten=6 ard=16095 mu=100 sc=24765 q=10
LNV t=5339434520000 acc=67103660216 var=1048494690 mu=-1331
LNO t=5339444680000 ly=2 ten=6 ard=20138 mu=-1331 sc=22896 q=15
LNV t=5340079480000 acc=75167313358 var=1174489271 mu=1337
LNO t=5340089640000 ly=2 ten=6 ard=32767 mu=1337 sc=24233 q=20
LNV t=5340724440000 acc=79811120794 var=1247048762 mu=-2740
LNO t=5340734600000 ly=2 ten=6 ard=32767 mu=-2740 sc=24970 q=22
LNV t=5341369400000 acc=58259562332 var=910305661 mu=-3534
LNO t=5341379560000 ly=2 ten=6 ard=-1 mu=-3534 sc=21334 q=2
LNV t=5342014360000 acc=81348131256 var=1271064550 mu=-2511
LNO t=5342024520000 ly=2 ten=6 ard=32767 mu=-2511 sc=25209 q=22
LNV t=5342659320000 acc=70512001431 var=1101750022 mu=-4736
LNO t=5342669480000 ly=2 ten=6 ard=32767 mu=-4736 sc=23470 q=25
LNV t=5343304280000 acc=67617986996 var=1056531046 mu=4240
LNO t=5343314440000 ly=2 ten=6 ard=-1 mu=4240 sc=22984 q=-3
MV0 t=5343873560000 ly=2 ten_o=0 acc=0 dest=0
MV0 t=5354379800000 ly=2 ten_o=0 acc=0 dest=128
MV0 t=5364886040000 ly=2 ten_o=0 acc=0 dest=256
MV0 t=5375392280000 ly=2 ten_o=0 acc=0 dest=384
MV0 t=5385898520000 ly=2 ten_o=0 acc=0 dest=512
MV0 t=5396404760000 ly=2 ten_o=0 acc=0 dest=640
MV0 t=5406911000000 ly=2 ten_o=0 acc=0 dest=768
MV0 t=5417417240000 ly=2 ten_o=0 acc=0 dest=896
MV0 t=5427923480000 ly=2 ten_o=6 acc=0 dest=98304
MV0 t=5438419480000 ly=2 ten_o=6 acc=0 dest=98432
MV0 t=5448915480000 ly=2 ten_o=6 acc=0 dest=98560
MV0 t=5459411480000 ly=2 ten_o=6 acc=0 dest=98688
MV0 t=5469907480000 ly=2 ten_o=6 acc=0 dest=98816
MV0 t=5480403480000 ly=2 ten_o=6 acc=0 dest=98944
MV0 t=5490899480000 ly=2 ten_o=6 acc=0 dest=99072
MV0 t=5501395480000 ly=2 ten_o=6 acc=0 dest=99200
ADD t=5511891400000 ly=2 ten=1 ard=16095 ardb=8020
ADD t=5511922120000 ly=2 ten=1 ard=20138 ardb=-20998
ADD t=5511952840000 ly=2 ten=1 ard=32767 ardb=-32768
ADD t=5511983560000 ly=2 ten=1 ard=32767 ardb=-21704
ADD t=5512014280000 ly=2 ten=1 ard=-1 ardb=1900
ADD t=5512045000000 ly=2 ten=1 ard=32767 ardb=-1020
ADD t=5512075720000 ly=2 ten=1 ard=32767 ardb=-19124
ADD t=5512106440000 ly=2 ten=1 ard=-1 ardb=23992
LNV t=5512212920000 acc=86786173545 var=1356033961 mu=-930
LNO t=5512223080000 ly=3 ten=0 ard=24115 mu=-930 sc=26038 q=15
LNV t=5512857880000 acc=69612505734 var=1087695402 mu=-1071
LNO t=5512868040000 ly=3 ten=0 ard=-860 mu=-1071 sc=23320 q=0
LNV t=5513502840000 acc=69002798294 var=1078168723 mu=21
LNO t=5513513000000 ly=3 ten=0 ard=-1 mu=21 sc=23218 q=-1
LNV t=5514147800000 acc=83692333552 var=1307692711 mu=-2536
LNO t=5514157960000 ly=3 ten=0 ard=11063 mu=-2536 sc=25570 q=8
LNV t=5514792760000 acc=64246194196 var=1003846784 mu=-4104
LNO t=5514802920000 ly=3 ten=0 ard=1899 mu=-4104 sc=22403 q=4
LNV t=5515437720000 acc=76531246406 var=1195800725 mu=-805
LNO t=5515447880000 ly=3 ten=0 ard=31747 mu=-805 sc=24452 q=21
LNV t=5516082680000 acc=74870656907 var=1169854014 mu=-5190
LNO t=5516092840000 ly=3 ten=0 ard=13643 mu=-5190 sc=24185 q=12
LNV t=5516727640000 acc=68478565379 var=1069977584 mu=3926
LNO t=5516737800000 ly=3 ten=0 ard=23991 mu=3926 sc=23129 q=13
MV0 t=5517296920000 ly=3 ten_o=2 acc=0 dest=32768
MV0 t=5522550040000 ly=3 ten_o=2 acc=0 dest=32896
MV0 t=5527803160000 ly=3 ten_o=2 acc=0 dest=33024
MV0 t=5533056280000 ly=3 ten_o=2 acc=0 dest=33152
MV0 t=5538309400000 ly=3 ten_o=2 acc=0 dest=33280
MV0 t=5543562520000 ly=3 ten_o=2 acc=0 dest=33408
MV0 t=5548815640000 ly=3 ten_o=2 acc=0 dest=33536
MV0 t=5554068760000 ly=3 ten_o=2 acc=0 dest=33664
MV0 t=5559321880000 ly=3 ten_o=3 acc=0 dest=49152
MV0 t=5564575000000 ly=3 ten_o=3 acc=0 dest=49280
MV0 t=5569828120000 ly=3 ten_o=3 acc=0 dest=49408
MV0 t=5575081240000 ly=3 ten_o=3 acc=0 dest=49536
MV0 t=5580334360000 ly=3 ten_o=3 acc=0 dest=49664
MV0 t=5585587480000 ly=3 ten_o=3 acc=0 dest=49792
MV0 t=5590840600000 ly=3 ten_o=3 acc=0 dest=49920
MV0 t=5596093720000 ly=3 ten_o=3 acc=0 dest=50048
MV0 t=5601346840000 ly=3 ten_o=4 acc=0 dest=65536
MV0 t=5606599960000 ly=3 ten_o=4 acc=0 dest=65664
MV0 t=5611853080000 ly=3 ten_o=4 acc=0 dest=65792
MV0 t=5617106200000 ly=3 ten_o=4 acc=0 dest=65920
MV0 t=5622359320000 ly=3 ten_o=4 acc=0 dest=66048
MV0 t=5627612440000 ly=3 ten_o=4 acc=0 dest=66176
MV0 t=5632865560000 ly=3 ten_o=4 acc=0 dest=66304
MV0 t=5638118680000 ly=3 ten_o=4 acc=0 dest=66432
ATTQK t=5643371720000 ard=281 ardb=-1372 qa=32768 ka=49152
ATTO t=5643396760000 h=0 q=559 z=16 acc=8944 dest=81920
ATTQK t=5643538360000 ard=375 ardb=-1404 qa=32800 ka=49184
ATTO t=5643563400000 h=1 q=541 z=16 acc=8656 dest=81952
ATTQK t=5643705000000 ard=211 ardb=-302 qa=32832 ka=49216
ATTO t=5643730040000 h=2 q=947 z=16 acc=15152 dest=81984
ATTQK t=5643871640000 ard=-259 ardb=155 qa=32864 ka=49248
ATTO t=5643896680000 h=3 q=-351 z=16 acc=-5616 dest=82016
ATTQK t=5644038280000 ard=264 ardb=-1372 qa=32896 ka=49152
ATTO t=5644074120000 h=0 q=-423 z=16 acc=-6768 dest=82048
ATTQK t=5644225640000 ard=871 ardb=-1404 qa=32928 ka=49184
ATTO t=5644261480000 h=1 q=541 z=16 acc=8656 dest=82080
ATTQK t=5644413000000 ard=1432 ardb=-302 qa=32960 ka=49216
ATTO t=5644448840000 h=2 q=536 z=16 acc=8576 dest=82112
ATTQK t=5644600360000 ard=-745 ardb=155 qa=32992 ka=49248
ATTO t=5644636200000 h=3 q=395 z=16 acc=6320 dest=82144
ATTQK t=5644787720000 ard=-142 ardb=-1372 qa=33024 ka=49152
ATTO t=5644834360000 h=0 q=518 z=16 acc=8288 dest=82176
ATTQK t=5644995800000 ard=-495 ardb=-1404 qa=33056 ka=49184
ATTO t=5645042440000 h=1 q=491 z=16 acc=7856 dest=82208
ATTQK t=5645203880000 ard=338 ardb=-302 qa=33088 ka=49216
ATTO t=5645250520000 h=2 q=1160 z=16 acc=18560 dest=82240
ATTQK t=5645411960000 ard=-1084 ardb=155 qa=33120 ka=49248
ATTO t=5645458600000 h=3 q=-180 z=16 acc=-2880 dest=82272
ATTQK t=5645620040000 ard=-616 ardb=-1372 qa=33152 ka=49152
ATTO t=5645677480000 h=0 q=148 z=16 acc=2368 dest=82304
ATTQK t=5645848840000 ard=29 ardb=-1404 qa=33184 ka=49184
ATTO t=5645906280000 h=1 q=935 z=16 acc=14960 dest=82336
ATTQK t=5646077640000 ard=-259 ardb=-302 qa=33216 ka=49216
ATTO t=5646135080000 h=2 q=1160 z=16 acc=18560 dest=82368
ATTQK t=5646306440000 ard=-90 ardb=155 qa=33248 ka=49248
ATTO t=5646363880000 h=3 q=395 z=16 acc=6320 dest=82400
ATTQK t=5646535240000 ard=268 ardb=-1372 qa=33280 ka=49152
ATTO t=5646603480000 h=0 q=-595 z=16 acc=-9520 dest=82432
ATTQK t=5646784760000 ard=439 ardb=-1404 qa=33312 ka=49184
ATTO t=5646853000000 h=1 q=935 z=16 acc=14960 dest=82464
ATTQK t=5647034280000 ard=367 ardb=-302 qa=33344 ka=49216
ATTO t=5647102520000 h=2 q=68 z=16 acc=1088 dest=82496
ATTQK t=5647283800000 ard=615 ardb=155 qa=33376 ka=49248
ATTO t=5647352040000 h=3 q=-180 z=16 acc=-2880 dest=82528
ATTQK t=5647533320000 ard=843 ardb=-1372 qa=33408 ka=49152
ATTO t=5647612360000 h=0 q=-595 z=16 acc=-9520 dest=82560
ATTQK t=5647803560000 ard=1203 ardb=-1404 qa=33440 ka=49184
ATTO t=5647882600000 h=1 q=915 z=16 acc=14640 dest=82592
ATTQK t=5648073800000 ard=181 ardb=-302 qa=33472 ka=49216
ATTO t=5648152840000 h=2 q=815 z=16 acc=13040 dest=82624
ATTQK t=5648344040000 ard=689 ardb=155 qa=33504 ka=49248
ATTO t=5648423080000 h=3 q=-180 z=16 acc=-2880 dest=82656
ATTQK t=5648614280000 ard=534 ardb=-1372 qa=33536 ka=49152
ATTO t=5648704120000 h=0 q=559 z=16 acc=8944 dest=82688
ATTQK t=5648905240000 ard=918 ardb=-1404 qa=33568 ka=49184
ATTO t=5648995080000 h=1 q=935 z=16 acc=14960 dest=82720
ATTQK t=5649196200000 ard=231 ardb=-302 qa=33600 ka=49216
ATTO t=5649286040000 h=2 q=-632 z=16 acc=-10112 dest=82752
ATTQK t=5649487160000 ard=-391 ardb=155 qa=33632 ka=49248
ATTO t=5649577000000 h=3 q=-165 z=16 acc=-2640 dest=82784
ATTQK t=5649778120000 ard=-199 ardb=-1372 qa=33664 ka=49152
ATTO t=5649878760000 h=0 q=-48 z=16 acc=-768 dest=82816
ATTQK t=5650089800000 ard=-144 ardb=-1404 qa=33696 ka=49184
ATTO t=5650190440000 h=1 q=935 z=16 acc=14960 dest=82848
ATTQK t=5650401480000 ard=411 ardb=-302 qa=33728 ka=49216
ATTO t=5650502120000 h=2 q=-80 z=16 acc=-1280 dest=82880
ATTQK t=5650713160000 ard=345 ardb=155 qa=33760 ka=49248
ATTO t=5650813800000 h=3 q=395 z=16 acc=6320 dest=82912
MV0 t=5651024920000 ly=3 ten_o=5 acc=0 dest=81920
MV0 t=5656278040000 ly=3 ten_o=5 acc=0 dest=82048
MV0 t=5661531160000 ly=3 ten_o=5 acc=0 dest=82176
MV0 t=5666784280000 ly=3 ten_o=5 acc=0 dest=82304
MV0 t=5672037400000 ly=3 ten_o=5 acc=0 dest=82432
MV0 t=5677290520000 ly=3 ten_o=5 acc=0 dest=82560
MV0 t=5682543640000 ly=3 ten_o=5 acc=0 dest=82688
MV0 t=5687796760000 ly=3 ten_o=5 acc=0 dest=82816
ADD t=5693049800000 ly=3 ten=0 ard=24115 ardb=-18176
ADD t=5693080520000 ly=3 ten=0 ard=-860 ardb=-19179
ADD t=5693111240000 ly=3 ten=0 ard=-1 ardb=-12237
ADD t=5693141960000 ly=3 ten=0 ard=11063 ardb=-32768
ADD t=5693172680000 ly=3 ten=0 ard=1899 ardb=-31379
ADD t=5693203400000 ly=3 ten=0 ard=31747 ardb=-32768
ADD t=5693234120000 ly=3 ten=0 ard=13643 ardb=-9391
ADD t=5693264840000 ly=3 ten=0 ard=23991 ardb=-13606
LNV t=5693371320000 acc=79072705515 var=1235511023 mu=-1875
LNO t=5693381480000 ly=3 ten=6 ard=5939 mu=-1875 sc=24854 q=5
LNV t=5694016280000 acc=74476945308 var=1163702270 mu=127
LNO t=5694026440000 ly=3 ten=6 ard=-20039 mu=127 sc=24121 q=-14
LNV t=5694661240000 acc=71683868092 var=1120060438 mu=-1968
LNO t=5694671400000 ly=3 ten=6 ard=-12238 mu=-1968 sc=23664 q=-7
LNV t=5695306200000 acc=77114619933 var=1204915936 mu=-1922
LNO t=5695316360000 ly=3 ten=6 ard=-21705 mu=-1922 sc=24545 q=-13
LNV t=5695951160000 acc=75011376720 var=1172052761 mu=-3156
LNO t=5695961320000 ly=3 ten=6 ard=-29480 mu=-3156 sc=24207 q=-18
LNV t=5696596120000 acc=83183745113 var=1299746017 mu=-364
LNO t=5696606280000 ly=3 ten=6 ard=-1021 mu=-364 sc=25492 q=-1
LNV t=5697241080000 acc=70437135854 var=1100580247 mu=-2431
LNO t=5697251240000 ly=3 ten=6 ard=4252 mu=-2431 sc=23458 q=4
LNV t=5697886040000 acc=67323164374 var=1051924443 mu=3895
LNO t=5697896200000 ly=3 ten=6 ard=10385 mu=3895 sc=22933 q=4
MV0 t=5698455320000 ly=3 ten_o=0 acc=0 dest=0
MV0 t=5708961560000 ly=3 ten_o=0 acc=0 dest=128
MV0 t=5719467800000 ly=3 ten_o=0 acc=0 dest=256
MV0 t=5729974040000 ly=3 ten_o=0 acc=0 dest=384
MV0 t=5740480280000 ly=3 ten_o=0 acc=0 dest=512
MV0 t=5750986520000 ly=3 ten_o=0 acc=0 dest=640
MV0 t=5761492760000 ly=3 ten_o=0 acc=0 dest=768
MV0 t=5771999000000 ly=3 ten_o=0 acc=0 dest=896
MV0 t=5782505240000 ly=3 ten_o=6 acc=0 dest=98304
MV0 t=5793001240000 ly=3 ten_o=6 acc=0 dest=98432
MV0 t=5803497240000 ly=3 ten_o=6 acc=0 dest=98560
MV0 t=5813993240000 ly=3 ten_o=6 acc=0 dest=98688
MV0 t=5824489240000 ly=3 ten_o=6 acc=0 dest=98816
MV0 t=5834985240000 ly=3 ten_o=6 acc=0 dest=98944
MV0 t=5845481240000 ly=3 ten_o=6 acc=0 dest=99072
MV0 t=5855977240000 ly=3 ten_o=6 acc=0 dest=99200
ADD t=5866473160000 ly=3 ten=1 ard=5939 ardb=7314
ADD t=5866503880000 ly=3 ten=1 ard=-20039 ardb=-1608
ADD t=5866534600000 ly=3 ten=1 ard=-12238 ardb=-28617
ADD t=5866565320000 ly=3 ten=1 ard=-21705 ardb=-1291
ADD t=5866596040000 ly=3 ten=1 ard=-29480 ardb=4605
ADD t=5866626760000 ly=3 ten=1 ard=-1021 ardb=23411
ADD t=5866657480000 ly=3 ten=1 ard=4252 ardb=29050
ADD t=5866688200000 ly=3 ten=1 ard=10385 ardb=-10184
HEAD t=5866718920000 col=0 wrd=6 ard=201 waddr=671744 aaddr=896 acc=0
MV0 t=5866719000000 ly=3 ten_o=7 acc=0 dest=115584
HEAD t=5866719240000 col=1 wrd=6 ard=-2493 waddr=671745 aaddr=897 acc=1206
SMX t=5908743720000 logit0=-415791
EXAM CONTRA MODE=8 C9=2322832182208180 OUT=237 LMST=1 LMDN=1
CMD_ACCEPT seq=76 cmd=8 tok=00 reward=0
GEN_BEFORE_RESET=1 GEN_AFTER_RESET=2
CMD_ACCEPT seq=77 cmd=1 tok=a2 reward=0
CMD_ACCEPT seq=78 cmd=2 tok=00 reward=0
GLUE_FIRE tok0=a2 map=02 mode=8 want_lm=1
GLUE_QISS qid=02 qr=1
GRAPH_ACCEPT seq=25 qid=02
GRAPH_Q qid=02 train=0
SNAP_RISE n=25 qid=02
GLUE_SNAP want_lm=1
LMST_RISE n=5 cyc=73863074
CTX_BEAT idx=0 n=8 pack=2322832182208180 c9=2322832182208180 beats=5
EMB_POS t=5909047080000 dim=0 wrd=-3 awd=-3
EMB_POS t=5909047320000 dim=1 wrd=3 awd=3
EMB_TOK t=5909292840000 dim=0 wrd=-4 ard=-3 awd=-7
EMB_TOK t=5909293080000 dim=1 wrd=1 ard=3 awd=4
LNV t=5909614360000 acc=2409 var=37 mu=0
LNO t=5909624520000 ly=0 ten=0 ard=-7 mu=0 sc=4 q=-28
LNV t=5910259320000 acc=2320 var=36 mu=-1
LNO t=5910269480000 ly=0 ten=0 ard=2 mu=-1 sc=4 q=12
LNV t=5910904280000 acc=2219 var=34 mu=-1
LNO t=5910914440000 ly=0 ten=0 ard=-7 mu=-1 sc=4 q=-24
LNV t=5911549240000 acc=2494 var=38 mu=-1
LNO t=5911559400000 ly=0 ten=0 ard=-7 mu=-1 sc=4 q=-24
LNV t=5912194200000 acc=2565 var=40 mu=-1
LNO t=5912204360000 ly=0 ten=0 ard=-4 mu=-1 sc=4 q=-12
LNV t=5912839160000 acc=2011 var=31 mu=0
LNO t=5912849320000 ly=0 ten=0 ard=0 mu=0 sc=3 q=0
LNV t=5913484120000 acc=2409 var=37 mu=0
LNO t=5913494280000 ly=0 ten=0 ard=-3 mu=0 sc=4 q=-12
LNV t=5914129080000 acc=1985 var=31 mu=-1
LNO t=5914139240000 ly=0 ten=0 ard=-4 mu=-1 sc=3 q=-16
MV0 t=5914698360000 ly=0 ten_o=2 acc=0 dest=32768
MV0 t=5919951480000 ly=0 ten_o=2 acc=0 dest=32896
MV0 t=5925204600000 ly=0 ten_o=2 acc=0 dest=33024
MV0 t=5930457720000 ly=0 ten_o=2 acc=0 dest=33152
MV0 t=5935710840000 ly=0 ten_o=2 acc=0 dest=33280
MV0 t=5940963960000 ly=0 ten_o=2 acc=0 dest=33408
MV0 t=5946217080000 ly=0 ten_o=2 acc=0 dest=33536
MV0 t=5951470200000 ly=0 ten_o=2 acc=0 dest=33664
MV0 t=5956723320000 ly=0 ten_o=3 acc=0 dest=49152
MV0 t=5961976440000 ly=0 ten_o=3 acc=0 dest=49280
MV0 t=5967229560000 ly=0 ten_o=3 acc=0 dest=49408
MV0 t=5972482680000 ly=0 ten_o=3 acc=0 dest=49536
MV0 t=5977735800000 ly=0 ten_o=3 acc=0 dest=49664
MV0 t=5982988920000 ly=0 ten_o=3 acc=0 dest=49792
MV0 t=5988242040000 ly=0 ten_o=3 acc=0 dest=49920
MV0 t=5993495160000 ly=0 ten_o=3 acc=0 dest=50048
MV0 t=5998748280000 ly=0 ten_o=4 acc=0 dest=65536
MV0 t=6004001400000 ly=0 ten_o=4 acc=0 dest=65664
MV0 t=6009254520000 ly=0 ten_o=4 acc=0 dest=65792
MV0 t=6014507640000 ly=0 ten_o=4 acc=0 dest=65920
MV0 t=6019760760000 ly=0 ten_o=4 acc=0 dest=66048
MV0 t=6025013880000 ly=0 ten_o=4 acc=0 dest=66176
MV0 t=6030267000000 ly=0 ten_o=4 acc=0 dest=66304
MV0 t=6035520120000 ly=0 ten_o=4 acc=0 dest=66432
ATTQK t=6040773160000 ard=-548 ardb=-1464 qa=32768 ka=49152
ATTO t=6040798200000 h=0 q=244 z=16 acc=3904 dest=81920
ATTQK t=6040939800000 ard=-740 ardb=824 qa=32800 ka=49184
ATTO t=6040964840000 h=1 q=-68 z=16 acc=-1088 dest=81952
ATTQK t=6041106440000 ard=132 ardb=796 qa=32832 ka=49216
ATTO t=6041131480000 h=2 q=-232 z=16 acc=-3712 dest=81984
ATTQK t=6041273080000 ard=-976 ardb=488 qa=32864 ka=49248
ATTO t=6041298120000 h=3 q=-140 z=16 acc=-2240 dest=82016
ATTQK t=6041439720000 ard=-568 ardb=-1464 qa=32896 ka=49152
ATTO t=6041475560000 h=0 q=244 z=16 acc=3904 dest=82048
ATTQK t=6041627080000 ard=-1072 ardb=824 qa=32928 ka=49184
ATTO t=6041662920000 h=1 q=-68 z=16 acc=-1088 dest=82080
ATTQK t=6041814440000 ard=196 ardb=796 qa=32960 ka=49216
ATTO t=6041850280000 h=2 q=548 z=16 acc=8768 dest=82112
ATTQK t=6042001800000 ard=-1160 ardb=488 qa=32992 ka=49248
ATTO t=6042037640000 h=3 q=280 z=16 acc=4480 dest=82144
ATTQK t=6042189160000 ard=700 ardb=-1464 qa=33024 ka=49152
ATTO t=6042235800000 h=0 q=220 z=16 acc=3520 dest=82176
ATTQK t=6042397240000 ard=580 ardb=824 qa=33056 ka=49184
ATTO t=6042443880000 h=1 q=-312 z=16 acc=-4992 dest=82208
ATTQK t=6042605320000 ard=-228 ardb=796 qa=33088 ka=49216
ATTO t=6042651960000 h=2 q=548 z=16 acc=8768 dest=82240
ATTQK t=6042813400000 ard=68 ardb=488 qa=33120 ka=49248
ATTO t=6042860040000 h=3 q=280 z=16 acc=4480 dest=82272
ATTQK t=6043021480000 ard=1216 ardb=-1464 qa=33152 ka=49152
ATTO t=6043078920000 h=0 q=220 z=16 acc=3520 dest=82304
ATTQK t=6043250280000 ard=-416 ardb=824 qa=33184 ka=49184
ATTO t=6043307720000 h=1 q=-984 z=16 acc=-15744 dest=82336
ATTQK t=6043479080000 ard=-692 ardb=796 qa=33216 ka=49216
ATTO t=6043536520000 h=2 q=-772 z=16 acc=-12352 dest=82368
ATTQK t=6043707880000 ard=-468 ardb=488 qa=33248 ka=49248
ATTO t=6043765320000 h=3 q=-200 z=16 acc=-3200 dest=82400
ATTQK t=6043936680000 ard=-1088 ardb=-1464 qa=33280 ka=49152
ATTO t=6044004920000 h=0 q=244 z=16 acc=3904 dest=82432
ATTQK t=6044186200000 ard=-356 ardb=824 qa=33312 ka=49184
ATTO t=6044254440000 h=1 q=88 z=16 acc=1408 dest=82464
ATTQK t=6044435720000 ard=436 ardb=796 qa=33344 ka=49216
ATTO t=6044503960000 h=2 q=-232 z=16 acc=-3712 dest=82496
ATTQK t=6044685240000 ard=752 ardb=488 qa=33376 ka=49248
ATTO t=6044753480000 h=3 q=280 z=16 acc=4480 dest=82528
ATTQK t=6044934760000 ard=-478 ardb=-1464 qa=33408 ka=49152
ATTO t=6045013800000 h=0 q=-968 z=16 acc=-15488 dest=82560
ATTQK t=6045205000000 ard=2203 ardb=824 qa=33440 ka=49184
ATTO t=6045284040000 h=1 q=-68 z=16 acc=-1088 dest=82592
ATTQK t=6045475240000 ard=-666 ardb=796 qa=33472 ka=49216
ATTO t=6045554280000 h=2 q=548 z=16 acc=8768 dest=82624
ATTQK t=6045745480000 ard=-911 ardb=488 qa=33504 ka=49248
ATTO t=6045824520000 h=3 q=-200 z=16 acc=-3200 dest=82656
ATTQK t=6046015720000 ard=456 ardb=-1464 qa=33536 ka=49152
ATTO t=6046105560000 h=0 q=-968 z=16 acc=-15488 dest=82688
ATTQK t=6046306680000 ard=744 ardb=824 qa=33568 ka=49184
ATTO t=6046396520000 h=1 q=-478 z=16 acc=-7648 dest=82720
ATTQK t=6046597640000 ard=-508 ardb=796 qa=33600 ka=49216
ATTO t=6046687480000 h=2 q=-873 z=16 acc=-13968 dest=82752
ATTQK t=6046888600000 ard=-1160 ardb=488 qa=33632 ka=49248
ATTO t=6046978440000 h=3 q=-44 z=16 acc=-704 dest=82784
ATTQK t=6047179560000 ard=300 ardb=-1464 qa=33664 ka=49152
ATTO t=6047280200000 h=0 q=244 z=16 acc=3904 dest=82816
ATTQK t=6047491240000 ard=780 ardb=824 qa=33696 ka=49184
ATTO t=6047591880000 h=1 q=-478 z=16 acc=-7648 dest=82848
ATTQK t=6047802920000 ard=466 ardb=796 qa=33728 ka=49216
ATTO t=6047903560000 h=2 q=-232 z=16 acc=-3712 dest=82880
ATTQK t=6048114600000 ard=-1172 ardb=488 qa=33760 ka=49248
ATTO t=6048215240000 h=3 q=924 z=16 acc=14784 dest=82912
MV0 t=6048426360000 ly=0 ten_o=5 acc=0 dest=81920
MV0 t=6053679480000 ly=0 ten_o=5 acc=0 dest=82048
MV0 t=6058932600000 ly=0 ten_o=5 acc=0 dest=82176
MV0 t=6064185720000 ly=0 ten_o=5 acc=0 dest=82304
MV0 t=6069438840000 ly=0 ten_o=5 acc=0 dest=82432
MV0 t=6074691960000 ly=0 ten_o=5 acc=0 dest=82560
MV0 t=6079945080000 ly=0 ten_o=5 acc=0 dest=82688
MV0 t=6085198200000 ly=0 ten_o=5 acc=0 dest=82816
ADD t=6090451240000 ly=0 ten=0 ard=-7 ardb=-20500
ADD t=6090481960000 ly=0 ten=0 ard=2 ardb=-32768
ADD t=6090512680000 ly=0 ten=0 ard=-7 ardb=28340
ADD t=6090543400000 ly=0 ten=0 ard=-7 ardb=32767
ADD t=6090574120000 ly=0 ten=0 ard=-4 ardb=-1076
ADD t=6090604840000 ly=0 ten=0 ard=0 ardb=-26068
ADD t=6090635560000 ly=0 ten=0 ard=-3 ardb=32767
ADD t=6090666280000 ly=0 ten=0 ard=-4 ardb=-9127
LNV t=6090772760000 acc=54576101665 var=852751588 mu=2931
LNO t=6090782920000 ly=0 ten=6 ard=-20507 mu=2931 sc=20648 q=-19
LNV t=6091417720000 acc=60208134002 var=940752093 mu=24
LNO t=6091427880000 ly=0 ten=6 ard=-32766 mu=24 sc=21688 q=-25
LNV t=6092062680000 acc=52914358966 var=826786858 mu=-84
LNO t=6092072840000 ly=0 ten=6 ard=28333 mu=-84 sc=20332 q=22
LNV t=6092707640000 acc=51804771937 var=809449561 mu=-2218
LNO t=6092717800000 ly=0 ten=6 ard=32760 mu=-2218 sc=20117 q=27
LNV t=6093352600000 acc=57424327202 var=897255112 mu=2209
LNO t=6093362760000 ly=0 ten=6 ard=-1080 mu=2209 sc=21180 q=-3
LNV t=6093997560000 acc=68137336744 var=1064645886 mu=-956
LNO t=6094007720000 ly=0 ten=6 ard=-26068 mu=-956 sc=23072 q=-18
LNV t=6094642520000 acc=74792550693 var=1168633604 mu=1444
LNO t=6094652680000 ly=0 ten=6 ard=32764 mu=1444 sc=24172 q=20
LNV t=6095287480000 acc=68842605881 var=1075665716 mu=2287
LNO t=6095297640000 ly=0 ten=6 ard=-9131 mu=2287 sc=23191 q=-8
MV0 t=6095856760000 ly=0 ten_o=0 acc=0 dest=0
MV0 t=6106363000000 ly=0 ten_o=0 acc=0 dest=128
MV0 t=6116869240000 ly=0 ten_o=0 acc=0 dest=256
MV0 t=6127375480000 ly=0 ten_o=0 acc=0 dest=384
MV0 t=6137881720000 ly=0 ten_o=0 acc=0 dest=512
MV0 t=6148387960000 ly=0 ten_o=0 acc=0 dest=640
MV0 t=6158894200000 ly=0 ten_o=0 acc=0 dest=768
MV0 t=6169400440000 ly=0 ten_o=0 acc=0 dest=896
MV0 t=6179906680000 ly=0 ten_o=6 acc=0 dest=98304
MV0 t=6190402680000 ly=0 ten_o=6 acc=0 dest=98432
MV0 t=6200898680000 ly=0 ten_o=6 acc=0 dest=98560
MV0 t=6211394680000 ly=0 ten_o=6 acc=0 dest=98688
MV0 t=6221890680000 ly=0 ten_o=6 acc=0 dest=98816
MV0 t=6232386680000 ly=0 ten_o=6 acc=0 dest=98944
MV0 t=6242882680000 ly=0 ten_o=6 acc=0 dest=99072
MV0 t=6253378680000 ly=0 ten_o=6 acc=0 dest=99200
ADD t=6263874600000 ly=0 ten=1 ard=-20507 ardb=16167
ADD t=6263905320000 ly=0 ten=1 ard=-32766 ardb=-11251
ADD t=6263936040000 ly=0 ten=1 ard=28333 ardb=-10614
ADD t=6263966760000 ly=0 ten=1 ard=32760 ardb=10253
ADD t=6263997480000 ly=0 ten=1 ard=-1080 ardb=-4738
ADD t=6264028200000 ly=0 ten=1 ard=-26068 ardb=12280
ADD t=6264058920000 ly=0 ten=1 ard=32764 ardb=18187
ADD t=6264089640000 ly=0 ten=1 ard=-9131 ardb=11518
LNV t=6264196120000 acc=69732162024 var=1089565031 mu=3061
LNO t=6264206280000 ly=1 ten=0 ard=-4340 mu=3061 sc=23340 q=-6
LNV t=6264841080000 acc=65896212799 var=1029628324 mu=1041
LNO t=6264851240000 ly=1 ten=0 ard=-32768 mu=1041 sc=22689 q=-24
LNV t=6265486040000 acc=73050539477 var=1141414679 mu=631
LNO t=6265496200000 ly=1 ten=0 ard=17719 mu=631 sc=23889 q=11
LNV t=6266131000000 acc=83703654668 var=1307869604 mu=1350
LNO t=6266141160000 ly=1 ten=0 ard=32767 mu=1350 sc=25572 q=19
LNV t=6266775960000 acc=72346772727 var=1130418323 mu=3000
LNO t=6266786120000 ly=1 ten=0 ard=-5818 mu=3000 sc=23774 q=-6
LNV t=6267420920000 acc=65345991017 var=1021031109 mu=-281
LNO t=6267431080000 ly=1 ten=0 ard=-13788 mu=-281 sc=22594 q=-10
LNV t=6268065880000 acc=73917392733 var=1154959261 mu=3336
LNO t=6268076040000 ly=1 ten=0 ard=32767 mu=3336 sc=24030 q=19
LNV t=6268710840000 acc=68610860549 var=1072044696 mu=3246
LNO t=6268721000000 ly=1 ten=0 ard=2387 mu=3246 sc=23152 q=-1
MV0 t=6269280120000 ly=1 ten_o=2 acc=0 dest=32768
MV0 t=6274533240000 ly=1 ten_o=2 acc=0 dest=32896
MV0 t=6279786360000 ly=1 ten_o=2 acc=0 dest=33024
MV0 t=6285039480000 ly=1 ten_o=2 acc=0 dest=33152
MV0 t=6290292600000 ly=1 ten_o=2 acc=0 dest=33280
MV0 t=6295545720000 ly=1 ten_o=2 acc=0 dest=33408
MV0 t=6300798840000 ly=1 ten_o=2 acc=0 dest=33536
MV0 t=6306051960000 ly=1 ten_o=2 acc=0 dest=33664
MV0 t=6311305080000 ly=1 ten_o=3 acc=0 dest=49152
MV0 t=6316558200000 ly=1 ten_o=3 acc=0 dest=49280
MV0 t=6321811320000 ly=1 ten_o=3 acc=0 dest=49408
MV0 t=6327064440000 ly=1 ten_o=3 acc=0 dest=49536
MV0 t=6332317560000 ly=1 ten_o=3 acc=0 dest=49664
MV0 t=6337570680000 ly=1 ten_o=3 acc=0 dest=49792
MV0 t=6342823800000 ly=1 ten_o=3 acc=0 dest=49920
MV0 t=6348076920000 ly=1 ten_o=3 acc=0 dest=50048
MV0 t=6353330040000 ly=1 ten_o=4 acc=0 dest=65536
MV0 t=6358583160000 ly=1 ten_o=4 acc=0 dest=65664
MV0 t=6363836280000 ly=1 ten_o=4 acc=0 dest=65792
MV0 t=6369089400000 ly=1 ten_o=4 acc=0 dest=65920
MV0 t=6374342520000 ly=1 ten_o=4 acc=0 dest=66048
MV0 t=6379595640000 ly=1 ten_o=4 acc=0 dest=66176
MV0 t=6384848760000 ly=1 ten_o=4 acc=0 dest=66304
MV0 t=6390101880000 ly=1 ten_o=4 acc=0 dest=66432
ATTQK t=6395354920000 ard=560 ardb=-88 qa=32768 ka=49152
ATTO t=6395379960000 h=0 q=-51 z=16 acc=-816 dest=81920
ATTQK t=6395521560000 ard=-277 ardb=40 qa=32800 ka=49184
ATTO t=6395546600000 h=1 q=94 z=16 acc=1504 dest=81952
ATTQK t=6395688200000 ard=650 ardb=-325 qa=32832 ka=49216
ATTO t=6395713240000 h=2 q=17 z=16 acc=272 dest=81984
ATTQK t=6395854840000 ard=-548 ardb=-501 qa=32864 ka=49248
ATTO t=6395879880000 h=3 q=795 z=16 acc=12720 dest=82016
ATTQK t=6396021480000 ard=1837 ardb=-88 qa=32896 ka=49152
ATTO t=6396057320000 h=0 q=754 z=16 acc=12064 dest=82048
ATTQK t=6396208840000 ard=-883 ardb=40 qa=32928 ka=49184
ATTO t=6396244680000 h=1 q=94 z=16 acc=1504 dest=82080
ATTQK t=6396396200000 ard=-98 ardb=-325 qa=32960 ka=49216
ATTO t=6396432040000 h=2 q=17 z=16 acc=272 dest=82112
ATTQK t=6396583560000 ard=683 ardb=-501 qa=32992 ka=49248
ATTO t=6396619400000 h=3 q=1187 z=16 acc=18992 dest=82144
ATTQK t=6396770920000 ard=134 ardb=-88 qa=33024 ka=49152
ATTO t=6396817560000 h=0 q=-51 z=16 acc=-816 dest=82176
ATTQK t=6396979000000 ard=-318 ardb=40 qa=33056 ka=49184
ATTO t=6397025640000 h=1 q=-408 z=16 acc=-6528 dest=82208
ATTQK t=6397187080000 ard=394 ardb=-325 qa=33088 ka=49216
ATTO t=6397233720000 h=2 q=303 z=16 acc=4848 dest=82240
ATTQK t=6397395160000 ard=497 ardb=-501 qa=33120 ka=49248
ATTO t=6397441800000 h=3 q=795 z=16 acc=12720 dest=82272
ATTQK t=6397603240000 ard=81 ardb=-88 qa=33152 ka=49152
ATTO t=6397660680000 h=0 q=-51 z=16 acc=-816 dest=82304
ATTQK t=6397832040000 ard=614 ardb=40 qa=33184 ka=49184
ATTO t=6397889480000 h=1 q=524 z=16 acc=8384 dest=82336
ATTQK t=6398060840000 ard=-17 ardb=-325 qa=33216 ka=49216
ATTO t=6398118280000 h=2 q=303 z=16 acc=4848 dest=82368
ATTQK t=6398289640000 ard=1239 ardb=-501 qa=33248 ka=49248
ATTO t=6398347080000 h=3 q=-844 z=16 acc=-13504 dest=82400
ATTQK t=6398518440000 ard=465 ardb=-88 qa=33280 ka=49152
ATTO t=6398586680000 h=0 q=754 z=16 acc=12064 dest=82432
ATTQK t=6398767960000 ard=-484 ardb=40 qa=33312 ka=49184
ATTO t=6398836200000 h=1 q=524 z=16 acc=8384 dest=82464
ATTQK t=6399017480000 ard=673 ardb=-325 qa=33344 ka=49216
ATTO t=6399085720000 h=2 q=-817 z=16 acc=-13072 dest=82496
ATTQK t=6399267000000 ard=-240 ardb=-501 qa=33376 ka=49248
ATTO t=6399335240000 h=3 q=1187 z=16 acc=18992 dest=82528
ATTQK t=6399516520000 ard=-10 ardb=-88 qa=33408 ka=49152
ATTO t=6399595560000 h=0 q=641 z=16 acc=10256 dest=82560
ATTQK t=6399786760000 ard=116 ardb=40 qa=33440 ka=49184
ATTO t=6399865800000 h=1 q=-301 z=16 acc=-4816 dest=82592
ATTQK t=6400057000000 ard=-80 ardb=-325 qa=33472 ka=49216
ATTO t=6400136040000 h=2 q=303 z=16 acc=4848 dest=82624
ATTQK t=6400327240000 ard=611 ardb=-501 qa=33504 ka=49248
ATTO t=6400406280000 h=3 q=1187 z=16 acc=18992 dest=82656
ATTQK t=6400597480000 ard=-262 ardb=-88 qa=33536 ka=49152
ATTO t=6400687320000 h=0 q=641 z=16 acc=10256 dest=82688
ATTQK t=6400888440000 ard=1344 ardb=40 qa=33568 ka=49184
ATTO t=6400978280000 h=1 q=524 z=16 acc=8384 dest=82720
ATTQK t=6401179400000 ard=-450 ardb=-325 qa=33600 ka=49216
ATTO t=6401269240000 h=2 q=-932 z=16 acc=-14912 dest=82752
ATTQK t=6401470360000 ard=600 ardb=-501 qa=33632 ka=49248
ATTO t=6401560200000 h=3 q=-844 z=16 acc=-13504 dest=82784
ATTQK t=6401761320000 ard=67 ardb=-88 qa=33664 ka=49152
ATTO t=6401861960000 h=0 q=-725 z=16 acc=-11600 dest=82816
ATTQK t=6402073000000 ard=680 ardb=40 qa=33696 ka=49184
ATTO t=6402173640000 h=1 q=-301 z=16 acc=-4816 dest=82848
ATTQK t=6402384680000 ard=189 ardb=-325 qa=33728 ka=49216
ATTO t=6402485320000 h=2 q=-817 z=16 acc=-13072 dest=82880
ATTQK t=6402696360000 ard=-380 ardb=-501 qa=33760 ka=49248
ATTO t=6402797000000 h=3 q=-844 z=16 acc=-13504 dest=82912
MV0 t=6403008120000 ly=1 ten_o=5 acc=0 dest=81920
MV0 t=6408261240000 ly=1 ten_o=5 acc=0 dest=82048
MV0 t=6413514360000 ly=1 ten_o=5 acc=0 dest=82176
MV0 t=6418767480000 ly=1 ten_o=5 acc=0 dest=82304
MV0 t=6424020600000 ly=1 ten_o=5 acc=0 dest=82432
MV0 t=6429273720000 ly=1 ten_o=5 acc=0 dest=82560
MV0 t=6434526840000 ly=1 ten_o=5 acc=0 dest=82688
MV0 t=6439779960000 ly=1 ten_o=5 acc=0 dest=82816
ADD t=6445033000000 ly=1 ten=0 ard=-4340 ardb=9208
ADD t=6445063720000 ly=1 ten=0 ard=-32768 ardb=7359
ADD t=6445094440000 ly=1 ten=0 ard=17719 ardb=4982
ADD t=6445125160000 ly=1 ten=0 ard=32767 ardb=4792
ADD t=6445155880000 ly=1 ten=0 ard=-5818 ardb=-14130
ADD t=6445186600000 ly=1 ten=0 ard=-13788 ardb=27761
ADD t=6445217320000 ly=1 ten=0 ard=32767 ardb=-18851
ADD t=6445248040000 ly=1 ten=0 ard=2387 ardb=-3457
LNV t=6445354520000 acc=70700801626 var=1104700025 mu=2224
LNO t=6445364680000 ly=1 ten=6 ard=4868 mu=2224 sc=23502 q=1
LNV t=6445999480000 acc=72669465048 var=1135460391 mu=650
LNO t=6446009640000 ly=1 ten=6 ard=-25409 mu=650 sc=23827 q=-18
LNV t=6446644440000 acc=76350636787 var=1192978699 mu=2861
LNO t=6446654600000 ly=1 ten=6 ard=22701 mu=2861 sc=24423 q=12
LNV t=6447289400000 acc=82332723042 var=1286448797 mu=2036
LNO t=6447299560000 ly=1 ten=6 ard=32767 mu=2036 sc=25361 q=19
LNV t=6447934360000 acc=78377315331 var=1224645552 mu=703
LNO t=6447944520000 ly=1 ten=6 ard=-19948 mu=703 sc=24745 q=-14
LNV t=6448579320000 acc=69977293969 var=1093395218 mu=-1688
LNO t=6448589480000 ly=1 ten=6 ard=13973 mu=-1688 sc=23381 q=10
LNV t=6449224280000 acc=73291653469 var=1145182085 mu=-1472
LNO t=6449234440000 ly=1 ten=6 ard=13916 mu=-1472 sc=23928 q=10
LNV t=6449869240000 acc=68124619108 var=1064447173 mu=2918
LNO t=6449879400000 ly=1 ten=6 ard=-1070 mu=2918 sc=23069 q=-3
MV0 t=6450438520000 ly=1 ten_o=0 acc=0 dest=0
MV0 t=6460944760000 ly=1 ten_o=0 acc=0 dest=128
MV0 t=6471451000000 ly=1 ten_o=0 acc=0 dest=256
MV0 t=6481957240000 ly=1 ten_o=0 acc=0 dest=384
MV0 t=6492463480000 ly=1 ten_o=0 acc=0 dest=512
MV0 t=6502969720000 ly=1 ten_o=0 acc=0 dest=640
MV0 t=6513475960000 ly=1 ten_o=0 acc=0 dest=768
MV0 t=6523982200000 ly=1 ten_o=0 acc=0 dest=896
MV0 t=6534488440000 ly=1 ten_o=6 acc=0 dest=98304
MV0 t=6544984440000 ly=1 ten_o=6 acc=0 dest=98432
MV0 t=6555480440000 ly=1 ten_o=6 acc=0 dest=98560
MV0 t=6565976440000 ly=1 ten_o=6 acc=0 dest=98688
MV0 t=6576472440000 ly=1 ten_o=6 acc=0 dest=98816
MV0 t=6586968440000 ly=1 ten_o=6 acc=0 dest=98944
MV0 t=6597464440000 ly=1 ten_o=6 acc=0 dest=99072
MV0 t=6607960440000 ly=1 ten_o=6 acc=0 dest=99200
ADD t=6618456360000 ly=1 ten=1 ard=4868 ardb=-14093
ADD t=6618487080000 ly=1 ten=1 ard=-25409 ardb=12780
ADD t=6618517800000 ly=1 ten=1 ard=22701 ardb=-21448
ADD t=6618548520000 ly=1 ten=1 ard=32767 ardb=-12852
ADD t=6618579240000 ly=1 ten=1 ard=-19948 ardb=-21178
ADD t=6618609960000 ly=1 ten=1 ard=13973 ardb=11141
ADD t=6618640680000 ly=1 ten=1 ard=13916 ardb=22173
ADD t=6618671400000 ly=1 ten=1 ard=-1070 ardb=-32768
LNV t=6618777880000 acc=71296800813 var=1114012512 mu=2171
LNO t=6618788040000 ly=2 ten=0 ard=-9225 mu=2171 sc=23600 q=-8
LNV t=6619422840000 acc=71411860300 var=1115810317 mu=484
LNO t=6619433000000 ly=2 ten=0 ard=-12629 mu=484 sc=23620 q=-9
LNV t=6620067800000 acc=65604260044 var=1025066563 mu=3181
LNO t=6620077960000 ly=2 ten=0 ard=1253 mu=3181 sc=22639 q=-2
LNV t=6620712760000 acc=71218851035 var=1112794547 mu=40
LNO t=6620722920000 ly=2 ten=0 ard=19915 mu=40 sc=23588 q=13
LNV t=6621357720000 acc=69164432149 var=1080694252 mu=215
LNO t=6621367880000 ly=2 ten=0 ard=-32768 mu=215 sc=23245 q=-23
LNV t=6622002680000 acc=68792069302 var=1074876082 mu=-1666
LNO t=6622012840000 ly=2 ten=0 ard=25114 mu=-1666 sc=23182 q=18
LNV t=6622647640000 acc=74207967346 var=1159499489 mu=-2450
LNO t=6622657800000 ly=2 ten=0 ard=32767 mu=-2450 sc=24077 q=23
LNV t=6623292600000 acc=70657617520 var=1104025273 mu=5054
LNO t=6623302760000 ly=2 ten=0 ard=-32768 mu=5054 sc=23494 q=-26
MV0 t=6623861880000 ly=2 ten_o=2 acc=0 dest=32768
MV0 t=6629115000000 ly=2 ten_o=2 acc=0 dest=32896
MV0 t=6634368120000 ly=2 ten_o=2 acc=0 dest=33024
MV0 t=6639621240000 ly=2 ten_o=2 acc=0 dest=33152
MV0 t=6644874360000 ly=2 ten_o=2 acc=0 dest=33280
MV0 t=6650127480000 ly=2 ten_o=2 acc=0 dest=33408
MV0 t=6655380600000 ly=2 ten_o=2 acc=0 dest=33536
MV0 t=6660633720000 ly=2 ten_o=2 acc=0 dest=33664
MV0 t=6665886840000 ly=2 ten_o=3 acc=0 dest=49152
MV0 t=6671139960000 ly=2 ten_o=3 acc=0 dest=49280
MV0 t=6676393080000 ly=2 ten_o=3 acc=0 dest=49408
MV0 t=6681646200000 ly=2 ten_o=3 acc=0 dest=49536
MV0 t=6686899320000 ly=2 ten_o=3 acc=0 dest=49664
MV0 t=6692152440000 ly=2 ten_o=3 acc=0 dest=49792
MV0 t=6697405560000 ly=2 ten_o=3 acc=0 dest=49920
MV0 t=6702658680000 ly=2 ten_o=3 acc=0 dest=50048
MV0 t=6707911800000 ly=2 ten_o=4 acc=0 dest=65536
MV0 t=6713164920000 ly=2 ten_o=4 acc=0 dest=65664
MV0 t=6718418040000 ly=2 ten_o=4 acc=0 dest=65792
MV0 t=6723671160000 ly=2 ten_o=4 acc=0 dest=65920
MV0 t=6728924280000 ly=2 ten_o=4 acc=0 dest=66048
MV0 t=6734177400000 ly=2 ten_o=4 acc=0 dest=66176
MV0 t=6739430520000 ly=2 ten_o=4 acc=0 dest=66304
MV0 t=6744683640000 ly=2 ten_o=4 acc=0 dest=66432
ATTQK t=6749936680000 ard=-1456 ardb=1087 qa=32768 ka=49152
ATTO t=6749961720000 h=0 q=-702 z=16 acc=-11232 dest=81920
ATTQK t=6750103320000 ard=1006 ardb=803 qa=32800 ka=49184
ATTO t=6750128360000 h=1 q=-1559 z=16 acc=-24944 dest=81952
ATTQK t=6750269960000 ard=225 ardb=-217 qa=32832 ka=49216
ATTO t=6750295000000 h=2 q=349 z=16 acc=5584 dest=81984
ATTQK t=6750436600000 ard=150 ardb=-364 qa=32864 ka=49248
ATTO t=6750461640000 h=3 q=387 z=16 acc=6192 dest=82016
ATTQK t=6750603240000 ard=-922 ardb=1087 qa=32896 ka=49152
ATTO t=6750639080000 h=0 q=-47 z=16 acc=-752 dest=82048
ATTQK t=6750790600000 ard=154 ardb=803 qa=32928 ka=49184
ATTO t=6750826440000 h=1 q=-1559 z=16 acc=-24944 dest=82080
ATTQK t=6750977960000 ard=-15 ardb=-217 qa=32960 ka=49216
ATTO t=6751013800000 h=2 q=-204 z=16 acc=-3264 dest=82112
ATTQK t=6751165320000 ard=71 ardb=-364 qa=32992 ka=49248
ATTO t=6751201160000 h=3 q=-513 z=16 acc=-8208 dest=82144
ATTQK t=6751352680000 ard=-328 ardb=1087 qa=33024 ka=49152
ATTO t=6751399320000 h=0 q=-47 z=16 acc=-752 dest=82176
ATTQK t=6751560760000 ard=-186 ardb=803 qa=33056 ka=49184
ATTO t=6751607400000 h=1 q=-194 z=16 acc=-3104 dest=82208
ATTQK t=6751768840000 ard=1630 ardb=-217 qa=33088 ka=49216
ATTO t=6751815480000 h=2 q=-204 z=16 acc=-3264 dest=82240
ATTQK t=6751976920000 ard=478 ardb=-364 qa=33120 ka=49248
ATTO t=6752023560000 h=3 q=-513 z=16 acc=-8208 dest=82272
ATTQK t=6752185000000 ard=-235 ardb=1087 qa=33152 ka=49152
ATTO t=6752242440000 h=0 q=-47 z=16 acc=-752 dest=82304
ATTQK t=6752413800000 ard=-199 ardb=803 qa=33184 ka=49184
ATTO t=6752471240000 h=1 q=-835 z=16 acc=-13360 dest=82336
ATTQK t=6752642600000 ard=308 ardb=-217 qa=33216 ka=49216
ATTO t=6752700040000 h=2 q=-204 z=16 acc=-3264 dest=82368
ATTQK t=6752871400000 ard=199 ardb=-364 qa=33248 ka=49248
ATTO t=6752928840000 h=3 q=-832 z=16 acc=-13312 dest=82400
ATTQK t=6753100200000 ard=-1516 ardb=1087 qa=33280 ka=49152
ATTO t=6753168440000 h=0 q=49 z=16 acc=784 dest=82432
ATTQK t=6753349720000 ard=-123 ardb=803 qa=33312 ka=49184
ATTO t=6753417960000 h=1 q=-835 z=16 acc=-13360 dest=82464
ATTQK t=6753599240000 ard=216 ardb=-217 qa=33344 ka=49216
ATTO t=6753667480000 h=2 q=-73 z=16 acc=-1168 dest=82496
ATTQK t=6753848760000 ard=151 ardb=-364 qa=33376 ka=49248
ATTO t=6753917000000 h=3 q=-513 z=16 acc=-8208 dest=82528
ATTQK t=6754098280000 ard=-885 ardb=1087 qa=33408 ka=49152
ATTO t=6754177320000 h=0 q=49 z=16 acc=784 dest=82560
ATTQK t=6754368520000 ard=624 ardb=803 qa=33440 ka=49184
ATTO t=6754447560000 h=1 q=-355 z=16 acc=-5680 dest=82592
ATTQK t=6754638760000 ard=-178 ardb=-217 qa=33472 ka=49216
ATTO t=6754717800000 h=2 q=349 z=16 acc=5584 dest=82624
ATTQK t=6754909000000 ard=809 ardb=-364 qa=33504 ka=49248
ATTO t=6754988040000 h=3 q=-832 z=16 acc=-13312 dest=82656
ATTQK t=6755179240000 ard=237 ardb=1087 qa=33536 ka=49152
ATTO t=6755269080000 h=0 q=-71 z=16 acc=-1136 dest=82688
ATTQK t=6755470200000 ard=470 ardb=803 qa=33568 ka=49184
ATTO t=6755560040000 h=1 q=-835 z=16 acc=-13360 dest=82720
ATTQK t=6755761160000 ard=32 ardb=-217 qa=33600 ka=49216
ATTO t=6755851000000 h=2 q=-803 z=16 acc=-12848 dest=82752
ATTQK t=6756052120000 ard=939 ardb=-364 qa=33632 ka=49248
ATTO t=6756141960000 h=3 q=-832 z=16 acc=-13312 dest=82784
ATTQK t=6756343080000 ard=-1007 ardb=1087 qa=33664 ka=49152
ATTO t=6756443720000 h=0 q=-71 z=16 acc=-1136 dest=82816
ATTQK t=6756654760000 ard=508 ardb=803 qa=33696 ka=49184
ATTO t=6756755400000 h=1 q=-194 z=16 acc=-3104 dest=82848
ATTQK t=6756966440000 ard=631 ardb=-217 qa=33728 ka=49216
ATTO t=6757067080000 h=2 q=-73 z=16 acc=-1168 dest=82880
ATTQK t=6757278120000 ard=148 ardb=-364 qa=33760 ka=49248
ATTO t=6757378760000 h=3 q=-513 z=16 acc=-8208 dest=82912
MV0 t=6757589880000 ly=2 ten_o=5 acc=0 dest=81920
MV0 t=6762843000000 ly=2 ten_o=5 acc=0 dest=82048
MV0 t=6768096120000 ly=2 ten_o=5 acc=0 dest=82176
MV0 t=6773349240000 ly=2 ten_o=5 acc=0 dest=82304
MV0 t=6778602360000 ly=2 ten_o=5 acc=0 dest=82432
MV0 t=6783855480000 ly=2 ten_o=5 acc=0 dest=82560
MV0 t=6789108600000 ly=2 ten_o=5 acc=0 dest=82688
MV0 t=6794361720000 ly=2 ten_o=5 acc=0 dest=82816
ADD t=6799614760000 ly=2 ten=0 ard=-9225 ardb=25320
ADD t=6799645480000 ly=2 ten=0 ard=-12629 ardb=32767
ADD t=6799676200000 ly=2 ten=0 ard=1253 ardb=32767
ADD t=6799706920000 ly=2 ten=0 ard=19915 ardb=32767
ADD t=6799737640000 ly=2 ten=0 ard=-32768 ardb=32767
ADD t=6799768360000 ly=2 ten=0 ard=25114 ardb=22213
ADD t=6799799080000 ly=2 ten=0 ard=32767 ardb=32767
ADD t=6799829800000 ly=2 ten=0 ard=-32768 ardb=32767
LNV t=6799936280000 acc=78506100912 var=1226657826 mu=100
LNO t=6799946440000 ly=2 ten=6 ard=16095 mu=100 sc=24765 q=10
LNV t=6800581240000 acc=67103660216 var=1048494690 mu=-1331
LNO t=6800591400000 ly=2 ten=6 ard=20138 mu=-1331 sc=22896 q=15
LNV t=6801226200000 acc=75167313358 var=1174489271 mu=1337
LNO t=6801236360000 ly=2 ten=6 ard=32767 mu=1337 sc=24233 q=20
LNV t=6801871160000 acc=79811120794 var=1247048762 mu=-2740
LNO t=6801881320000 ly=2 ten=6 ard=32767 mu=-2740 sc=24970 q=22
LNV t=6802516120000 acc=58259562332 var=910305661 mu=-3534
LNO t=6802526280000 ly=2 ten=6 ard=-1 mu=-3534 sc=21334 q=2
LNV t=6803161080000 acc=81348131256 var=1271064550 mu=-2511
LNO t=6803171240000 ly=2 ten=6 ard=32767 mu=-2511 sc=25209 q=22
LNV t=6803806040000 acc=70512001431 var=1101750022 mu=-4736
LNO t=6803816200000 ly=2 ten=6 ard=32767 mu=-4736 sc=23470 q=25
LNV t=6804451000000 acc=67617986996 var=1056531046 mu=4240
LNO t=6804461160000 ly=2 ten=6 ard=-1 mu=4240 sc=22984 q=-3
MV0 t=6805020280000 ly=2 ten_o=0 acc=0 dest=0
MV0 t=6815526520000 ly=2 ten_o=0 acc=0 dest=128
MV0 t=6826032760000 ly=2 ten_o=0 acc=0 dest=256
MV0 t=6836539000000 ly=2 ten_o=0 acc=0 dest=384
MV0 t=6847045240000 ly=2 ten_o=0 acc=0 dest=512
MV0 t=6857551480000 ly=2 ten_o=0 acc=0 dest=640
MV0 t=6868057720000 ly=2 ten_o=0 acc=0 dest=768
MV0 t=6878563960000 ly=2 ten_o=0 acc=0 dest=896
MV0 t=6889070200000 ly=2 ten_o=6 acc=0 dest=98304
MV0 t=6899566200000 ly=2 ten_o=6 acc=0 dest=98432
MV0 t=6910062200000 ly=2 ten_o=6 acc=0 dest=98560
MV0 t=6920558200000 ly=2 ten_o=6 acc=0 dest=98688
MV0 t=6931054200000 ly=2 ten_o=6 acc=0 dest=98816
MV0 t=6941550200000 ly=2 ten_o=6 acc=0 dest=98944
MV0 t=6952046200000 ly=2 ten_o=6 acc=0 dest=99072
MV0 t=6962542200000 ly=2 ten_o=6 acc=0 dest=99200
ADD t=6973038120000 ly=2 ten=1 ard=16095 ardb=8020
ADD t=6973068840000 ly=2 ten=1 ard=20138 ardb=-20998
ADD t=6973099560000 ly=2 ten=1 ard=32767 ardb=-32768
ADD t=6973130280000 ly=2 ten=1 ard=32767 ardb=-21704
ADD t=6973161000000 ly=2 ten=1 ard=-1 ardb=1900
ADD t=6973191720000 ly=2 ten=1 ard=32767 ardb=-1020
ADD t=6973222440000 ly=2 ten=1 ard=32767 ardb=-19124
ADD t=6973253160000 ly=2 ten=1 ard=-1 ardb=23992
LNV t=6973359640000 acc=86786173545 var=1356033961 mu=-930
LNO t=6973369800000 ly=3 ten=0 ard=24115 mu=-930 sc=26038 q=15
LNV t=6974004600000 acc=69612505734 var=1087695402 mu=-1071
LNO t=6974014760000 ly=3 ten=0 ard=-860 mu=-1071 sc=23320 q=0
LNV t=6974649560000 acc=69002798294 var=1078168723 mu=21
LNO t=6974659720000 ly=3 ten=0 ard=-1 mu=21 sc=23218 q=-1
LNV t=6975294520000 acc=83692333552 var=1307692711 mu=-2536
LNO t=6975304680000 ly=3 ten=0 ard=11063 mu=-2536 sc=25570 q=8
LNV t=6975939480000 acc=64246194196 var=1003846784 mu=-4104
LNO t=6975949640000 ly=3 ten=0 ard=1899 mu=-4104 sc=22403 q=4
LNV t=6976584440000 acc=76531246406 var=1195800725 mu=-805
LNO t=6976594600000 ly=3 ten=0 ard=31747 mu=-805 sc=24452 q=21
LNV t=6977229400000 acc=74870656907 var=1169854014 mu=-5190
LNO t=6977239560000 ly=3 ten=0 ard=13643 mu=-5190 sc=24185 q=12
LNV t=6977874360000 acc=68478565379 var=1069977584 mu=3926
LNO t=6977884520000 ly=3 ten=0 ard=23991 mu=3926 sc=23129 q=13
MV0 t=6978443640000 ly=3 ten_o=2 acc=0 dest=32768
MV0 t=6983696760000 ly=3 ten_o=2 acc=0 dest=32896
MV0 t=6988949880000 ly=3 ten_o=2 acc=0 dest=33024
MV0 t=6994203000000 ly=3 ten_o=2 acc=0 dest=33152
MV0 t=6999456120000 ly=3 ten_o=2 acc=0 dest=33280
MV0 t=7004709240000 ly=3 ten_o=2 acc=0 dest=33408
MV0 t=7009962360000 ly=3 ten_o=2 acc=0 dest=33536
MV0 t=7015215480000 ly=3 ten_o=2 acc=0 dest=33664
MV0 t=7020468600000 ly=3 ten_o=3 acc=0 dest=49152
MV0 t=7025721720000 ly=3 ten_o=3 acc=0 dest=49280
MV0 t=7030974840000 ly=3 ten_o=3 acc=0 dest=49408
MV0 t=7036227960000 ly=3 ten_o=3 acc=0 dest=49536
MV0 t=7041481080000 ly=3 ten_o=3 acc=0 dest=49664
MV0 t=7046734200000 ly=3 ten_o=3 acc=0 dest=49792
MV0 t=7051987320000 ly=3 ten_o=3 acc=0 dest=49920
MV0 t=7057240440000 ly=3 ten_o=3 acc=0 dest=50048
MV0 t=7062493560000 ly=3 ten_o=4 acc=0 dest=65536
MV0 t=7067746680000 ly=3 ten_o=4 acc=0 dest=65664
MV0 t=7072999800000 ly=3 ten_o=4 acc=0 dest=65792
MV0 t=7078252920000 ly=3 ten_o=4 acc=0 dest=65920
MV0 t=7083506040000 ly=3 ten_o=4 acc=0 dest=66048
MV0 t=7088759160000 ly=3 ten_o=4 acc=0 dest=66176
MV0 t=7094012280000 ly=3 ten_o=4 acc=0 dest=66304
MV0 t=7099265400000 ly=3 ten_o=4 acc=0 dest=66432
ATTQK t=7104518440000 ard=281 ardb=-1372 qa=32768 ka=49152
ATTO t=7104543480000 h=0 q=559 z=16 acc=8944 dest=81920
ATTQK t=7104685080000 ard=375 ardb=-1404 qa=32800 ka=49184
ATTO t=7104710120000 h=1 q=541 z=16 acc=8656 dest=81952
ATTQK t=7104851720000 ard=211 ardb=-302 qa=32832 ka=49216
ATTO t=7104876760000 h=2 q=947 z=16 acc=15152 dest=81984
ATTQK t=7105018360000 ard=-259 ardb=155 qa=32864 ka=49248
ATTO t=7105043400000 h=3 q=-351 z=16 acc=-5616 dest=82016
ATTQK t=7105185000000 ard=264 ardb=-1372 qa=32896 ka=49152
ATTO t=7105220840000 h=0 q=-423 z=16 acc=-6768 dest=82048
ATTQK t=7105372360000 ard=871 ardb=-1404 qa=32928 ka=49184
ATTO t=7105408200000 h=1 q=541 z=16 acc=8656 dest=82080
ATTQK t=7105559720000 ard=1432 ardb=-302 qa=32960 ka=49216
ATTO t=7105595560000 h=2 q=536 z=16 acc=8576 dest=82112
ATTQK t=7105747080000 ard=-745 ardb=155 qa=32992 ka=49248
ATTO t=7105782920000 h=3 q=395 z=16 acc=6320 dest=82144
ATTQK t=7105934440000 ard=-142 ardb=-1372 qa=33024 ka=49152
ATTO t=7105981080000 h=0 q=518 z=16 acc=8288 dest=82176
ATTQK t=7106142520000 ard=-495 ardb=-1404 qa=33056 ka=49184
ATTO t=7106189160000 h=1 q=491 z=16 acc=7856 dest=82208
ATTQK t=7106350600000 ard=338 ardb=-302 qa=33088 ka=49216
ATTO t=7106397240000 h=2 q=1160 z=16 acc=18560 dest=82240
ATTQK t=7106558680000 ard=-1084 ardb=155 qa=33120 ka=49248
ATTO t=7106605320000 h=3 q=-180 z=16 acc=-2880 dest=82272
ATTQK t=7106766760000 ard=-616 ardb=-1372 qa=33152 ka=49152
ATTO t=7106824200000 h=0 q=148 z=16 acc=2368 dest=82304
ATTQK t=7106995560000 ard=29 ardb=-1404 qa=33184 ka=49184
ATTO t=7107053000000 h=1 q=935 z=16 acc=14960 dest=82336
ATTQK t=7107224360000 ard=-259 ardb=-302 qa=33216 ka=49216
ATTO t=7107281800000 h=2 q=1160 z=16 acc=18560 dest=82368
ATTQK t=7107453160000 ard=-90 ardb=155 qa=33248 ka=49248
ATTO t=7107510600000 h=3 q=395 z=16 acc=6320 dest=82400
ATTQK t=7107681960000 ard=268 ardb=-1372 qa=33280 ka=49152
ATTO t=7107750200000 h=0 q=-595 z=16 acc=-9520 dest=82432
ATTQK t=7107931480000 ard=439 ardb=-1404 qa=33312 ka=49184
ATTO t=7107999720000 h=1 q=935 z=16 acc=14960 dest=82464
ATTQK t=7108181000000 ard=367 ardb=-302 qa=33344 ka=49216
ATTO t=7108249240000 h=2 q=68 z=16 acc=1088 dest=82496
ATTQK t=7108430520000 ard=615 ardb=155 qa=33376 ka=49248
ATTO t=7108498760000 h=3 q=-180 z=16 acc=-2880 dest=82528
ATTQK t=7108680040000 ard=843 ardb=-1372 qa=33408 ka=49152
ATTO t=7108759080000 h=0 q=-595 z=16 acc=-9520 dest=82560
ATTQK t=7108950280000 ard=1203 ardb=-1404 qa=33440 ka=49184
ATTO t=7109029320000 h=1 q=915 z=16 acc=14640 dest=82592
ATTQK t=7109220520000 ard=181 ardb=-302 qa=33472 ka=49216
ATTO t=7109299560000 h=2 q=815 z=16 acc=13040 dest=82624
ATTQK t=7109490760000 ard=689 ardb=155 qa=33504 ka=49248
ATTO t=7109569800000 h=3 q=-180 z=16 acc=-2880 dest=82656
ATTQK t=7109761000000 ard=534 ardb=-1372 qa=33536 ka=49152
ATTO t=7109850840000 h=0 q=559 z=16 acc=8944 dest=82688
ATTQK t=7110051960000 ard=918 ardb=-1404 qa=33568 ka=49184
ATTO t=7110141800000 h=1 q=935 z=16 acc=14960 dest=82720
ATTQK t=7110342920000 ard=231 ardb=-302 qa=33600 ka=49216
ATTO t=7110432760000 h=2 q=-632 z=16 acc=-10112 dest=82752
ATTQK t=7110633880000 ard=-391 ardb=155 qa=33632 ka=49248
ATTO t=7110723720000 h=3 q=-165 z=16 acc=-2640 dest=82784
ATTQK t=7110924840000 ard=-199 ardb=-1372 qa=33664 ka=49152
ATTO t=7111025480000 h=0 q=-48 z=16 acc=-768 dest=82816
ATTQK t=7111236520000 ard=-144 ardb=-1404 qa=33696 ka=49184
ATTO t=7111337160000 h=1 q=935 z=16 acc=14960 dest=82848
ATTQK t=7111548200000 ard=411 ardb=-302 qa=33728 ka=49216
ATTO t=7111648840000 h=2 q=-80 z=16 acc=-1280 dest=82880
ATTQK t=7111859880000 ard=345 ardb=155 qa=33760 ka=49248
ATTO t=7111960520000 h=3 q=395 z=16 acc=6320 dest=82912
MV0 t=7112171640000 ly=3 ten_o=5 acc=0 dest=81920
MV0 t=7117424760000 ly=3 ten_o=5 acc=0 dest=82048
MV0 t=7122677880000 ly=3 ten_o=5 acc=0 dest=82176
MV0 t=7127931000000 ly=3 ten_o=5 acc=0 dest=82304
MV0 t=7133184120000 ly=3 ten_o=5 acc=0 dest=82432
MV0 t=7138437240000 ly=3 ten_o=5 acc=0 dest=82560
MV0 t=7143690360000 ly=3 ten_o=5 acc=0 dest=82688
MV0 t=7148943480000 ly=3 ten_o=5 acc=0 dest=82816
ADD t=7154196520000 ly=3 ten=0 ard=24115 ardb=-18176
ADD t=7154227240000 ly=3 ten=0 ard=-860 ardb=-19179
ADD t=7154257960000 ly=3 ten=0 ard=-1 ardb=-12237
ADD t=7154288680000 ly=3 ten=0 ard=11063 ardb=-32768
ADD t=7154319400000 ly=3 ten=0 ard=1899 ardb=-31379
ADD t=7154350120000 ly=3 ten=0 ard=31747 ardb=-32768
ADD t=7154380840000 ly=3 ten=0 ard=13643 ardb=-9391
ADD t=7154411560000 ly=3 ten=0 ard=23991 ardb=-13606
LNV t=7154518040000 acc=79072705515 var=1235511023 mu=-1875
LNO t=7154528200000 ly=3 ten=6 ard=5939 mu=-1875 sc=24854 q=5
LNV t=7155163000000 acc=74476945308 var=1163702270 mu=127
LNO t=7155173160000 ly=3 ten=6 ard=-20039 mu=127 sc=24121 q=-14
LNV t=7155807960000 acc=71683868092 var=1120060438 mu=-1968
LNO t=7155818120000 ly=3 ten=6 ard=-12238 mu=-1968 sc=23664 q=-7
LNV t=7156452920000 acc=77114619933 var=1204915936 mu=-1922
LNO t=7156463080000 ly=3 ten=6 ard=-21705 mu=-1922 sc=24545 q=-13
LNV t=7157097880000 acc=75011376720 var=1172052761 mu=-3156
LNO t=7157108040000 ly=3 ten=6 ard=-29480 mu=-3156 sc=24207 q=-18
LNV t=7157742840000 acc=83183745113 var=1299746017 mu=-364
LNO t=7157753000000 ly=3 ten=6 ard=-1021 mu=-364 sc=25492 q=-1
LNV t=7158387800000 acc=70437135854 var=1100580247 mu=-2431
LNO t=7158397960000 ly=3 ten=6 ard=4252 mu=-2431 sc=23458 q=4
LNV t=7159032760000 acc=67323164374 var=1051924443 mu=3895
LNO t=7159042920000 ly=3 ten=6 ard=10385 mu=3895 sc=22933 q=4
MV0 t=7159602040000 ly=3 ten_o=0 acc=0 dest=0
MV0 t=7170108280000 ly=3 ten_o=0 acc=0 dest=128
MV0 t=7180614520000 ly=3 ten_o=0 acc=0 dest=256
MV0 t=7191120760000 ly=3 ten_o=0 acc=0 dest=384
MV0 t=7201627000000 ly=3 ten_o=0 acc=0 dest=512
MV0 t=7212133240000 ly=3 ten_o=0 acc=0 dest=640
MV0 t=7222639480000 ly=3 ten_o=0 acc=0 dest=768
MV0 t=7233145720000 ly=3 ten_o=0 acc=0 dest=896
MV0 t=7243651960000 ly=3 ten_o=6 acc=0 dest=98304
MV0 t=7254147960000 ly=3 ten_o=6 acc=0 dest=98432
MV0 t=7264643960000 ly=3 ten_o=6 acc=0 dest=98560
MV0 t=7275139960000 ly=3 ten_o=6 acc=0 dest=98688
MV0 t=7285635960000 ly=3 ten_o=6 acc=0 dest=98816
MV0 t=7296131960000 ly=3 ten_o=6 acc=0 dest=98944
MV0 t=7306627960000 ly=3 ten_o=6 acc=0 dest=99072
MV0 t=7317123960000 ly=3 ten_o=6 acc=0 dest=99200
ADD t=7327619880000 ly=3 ten=1 ard=5939 ardb=7314
ADD t=7327650600000 ly=3 ten=1 ard=-20039 ardb=-1608
ADD t=7327681320000 ly=3 ten=1 ard=-12238 ardb=-28617
ADD t=7327712040000 ly=3 ten=1 ard=-21705 ardb=-1291
ADD t=7327742760000 ly=3 ten=1 ard=-29480 ardb=4605
ADD t=7327773480000 ly=3 ten=1 ard=-1021 ardb=23411
ADD t=7327804200000 ly=3 ten=1 ard=4252 ardb=29050
ADD t=7327834920000 ly=3 ten=1 ard=10385 ardb=-10184
HEAD t=7327865640000 col=0 wrd=6 ard=201 waddr=671744 aaddr=896 acc=0
MV0 t=7327865720000 ly=3 ten_o=7 acc=0 dest=115584
HEAD t=7327865960000 col=1 wrd=6 ard=-2493 waddr=671745 aaddr=897 acc=1206
SMX t=7369890440000 logit0=-415791
FORGET_HOLD_A C9=2322832182208180 r1=80 OUT=237
CMD_ACCEPT seq=79 cmd=9 tok=00 reward=0
LESSON_B k=0 tok=30 (intent only)
CMD_ACCEPT seq=80 cmd=1 tok=30 reward=0
CMD_ACCEPT seq=81 cmd=2 tok=00 reward=0
GLUE_FIRE tok0=30 map=30 mode=5 want_lm=0
GLUE_QISS qid=30 qr=1
GRAPH_ACCEPT seq=26 qid=30
GRAPH_Q qid=30 train=1
SNAP_RISE n=26 qid=30
GLUE_SNAP want_lm=0
CMD_ACCEPT seq=82 cmd=3 tok=00 reward=3
REWARD_COMMIT ack_count=21 commit_seq=21 txn=21 qid=30
LESSON_B k=1 tok=31 (intent only)
CMD_ACCEPT seq=83 cmd=1 tok=31 reward=0
CMD_ACCEPT seq=84 cmd=2 tok=00 reward=0
GLUE_FIRE tok0=31 map=31 mode=5 want_lm=0
GLUE_QISS qid=31 qr=1
GRAPH_ACCEPT seq=27 qid=31
GRAPH_Q qid=31 train=1
SNAP_RISE n=27 qid=31
GLUE_SNAP want_lm=0
CMD_ACCEPT seq=85 cmd=3 tok=00 reward=3
REWARD_COMMIT ack_count=22 commit_seq=22 txn=22 qid=31
LESSON_B k=2 tok=32 (intent only)
CMD_ACCEPT seq=86 cmd=1 tok=32 reward=0
CMD_ACCEPT seq=87 cmd=2 tok=00 reward=0
GLUE_FIRE tok0=32 map=32 mode=5 want_lm=0
GLUE_QISS qid=32 qr=1
GRAPH_ACCEPT seq=28 qid=32
GRAPH_Q qid=32 train=1
SNAP_RISE n=28 qid=32
GLUE_SNAP want_lm=0
CMD_ACCEPT seq=88 cmd=3 tok=00 reward=3
REWARD_COMMIT ack_count=23 commit_seq=23 txn=23 qid=32
LESSON_B k=3 tok=33 (intent only)
CMD_ACCEPT seq=89 cmd=1 tok=33 reward=0
CMD_ACCEPT seq=90 cmd=2 tok=00 reward=0
GLUE_FIRE tok0=33 map=33 mode=5 want_lm=0
GLUE_QISS qid=33 qr=1
GRAPH_ACCEPT seq=29 qid=33
GRAPH_Q qid=33 train=1
SNAP_RISE n=29 qid=33
GLUE_SNAP want_lm=0
CMD_ACCEPT seq=91 cmd=3 tok=00 reward=3
REWARD_COMMIT ack_count=24 commit_seq=24 txn=24 qid=33
LESSON_B k=4 tok=34 (intent only)
CMD_ACCEPT seq=92 cmd=1 tok=34 reward=0
CMD_ACCEPT seq=93 cmd=2 tok=00 reward=0
GLUE_FIRE tok0=34 map=34 mode=5 want_lm=0
GLUE_QISS qid=34 qr=1
GRAPH_ACCEPT seq=30 qid=34
GRAPH_Q qid=34 train=1
SNAP_RISE n=30 qid=34
GLUE_SNAP want_lm=0
CMD_ACCEPT seq=94 cmd=3 tok=00 reward=3
REWARD_COMMIT ack_count=25 commit_seq=25 txn=25 qid=34
LESSON_B k=5 tok=35 (intent only)
CMD_ACCEPT seq=95 cmd=1 tok=35 reward=0
CMD_ACCEPT seq=96 cmd=2 tok=00 reward=0
GLUE_FIRE tok0=35 map=35 mode=5 want_lm=0
GLUE_QISS qid=35 qr=1
GRAPH_ACCEPT seq=31 qid=35
GRAPH_Q qid=35 train=1
SNAP_RISE n=31 qid=35
GLUE_SNAP want_lm=0
CMD_ACCEPT seq=97 cmd=3 tok=00 reward=3
REWARD_COMMIT ack_count=26 commit_seq=26 txn=26 qid=35
LESSON_B k=6 tok=36 (intent only)
CMD_ACCEPT seq=98 cmd=1 tok=36 reward=0
CMD_ACCEPT seq=99 cmd=2 tok=00 reward=0
GLUE_FIRE tok0=36 map=36 mode=5 want_lm=0
GLUE_QISS qid=36 qr=1
GRAPH_ACCEPT seq=32 qid=36
GRAPH_Q qid=36 train=1
SNAP_RISE n=32 qid=36
GLUE_SNAP want_lm=0
CMD_ACCEPT seq=100 cmd=3 tok=00 reward=3
REWARD_COMMIT ack_count=27 commit_seq=27 txn=27 qid=36
LESSON_B k=7 tok=37 (intent only)
CMD_ACCEPT seq=101 cmd=1 tok=37 reward=0
CMD_ACCEPT seq=102 cmd=2 tok=00 reward=0
GLUE_FIRE tok0=37 map=37 mode=5 want_lm=0
GLUE_QISS qid=37 qr=1
GRAPH_ACCEPT seq=33 qid=37
GRAPH_Q qid=37 train=1
SNAP_RISE n=33 qid=37
GLUE_SNAP want_lm=0
CMD_ACCEPT seq=103 cmd=3 tok=00 reward=3
REWARD_COMMIT ack_count=28 commit_seq=28 txn=28 qid=37
LESSON_B k=8 tok=38 (intent only)
CMD_ACCEPT seq=104 cmd=1 tok=38 reward=0
CMD_ACCEPT seq=105 cmd=2 tok=00 reward=0
GLUE_FIRE tok0=38 map=38 mode=5 want_lm=0
GLUE_QISS qid=38 qr=1
GRAPH_ACCEPT seq=34 qid=38
GRAPH_Q qid=38 train=1
SNAP_RISE n=34 qid=38
GLUE_SNAP want_lm=0
CMD_ACCEPT seq=106 cmd=3 tok=00 reward=3
REWARD_COMMIT ack_count=29 commit_seq=29 txn=29 qid=38
LESSON_B k=9 tok=39 (intent only)
CMD_ACCEPT seq=107 cmd=1 tok=39 reward=0
CMD_ACCEPT seq=108 cmd=2 tok=00 reward=0
GLUE_FIRE tok0=39 map=39 mode=5 want_lm=0
GLUE_QISS qid=39 qr=1
GRAPH_ACCEPT seq=35 qid=39
GRAPH_Q qid=39 train=1
SNAP_RISE n=35 qid=39
GLUE_SNAP want_lm=0
CMD_ACCEPT seq=109 cmd=3 tok=00 reward=3
REWARD_COMMIT ack_count=30 commit_seq=30 txn=30 qid=39
LESSON_B k=10 tok=3a (intent only)
CMD_ACCEPT seq=110 cmd=1 tok=3a reward=0
CMD_ACCEPT seq=111 cmd=2 tok=00 reward=0
GLUE_FIRE tok0=3a map=3a mode=5 want_lm=0
GLUE_QISS qid=3a qr=1
GRAPH_ACCEPT seq=36 qid=3a
GRAPH_Q qid=3a train=1
SNAP_RISE n=36 qid=3a
GLUE_SNAP want_lm=0
CMD_ACCEPT seq=112 cmd=3 tok=00 reward=3
REWARD_COMMIT ack_count=31 commit_seq=31 txn=31 qid=3a
LESSON_B k=11 tok=3b (intent only)
CMD_ACCEPT seq=113 cmd=1 tok=3b reward=0
CMD_ACCEPT seq=114 cmd=2 tok=00 reward=0
GLUE_FIRE tok0=3b map=3b mode=5 want_lm=0
GLUE_QISS qid=3b qr=1
GRAPH_ACCEPT seq=37 qid=3b
GRAPH_Q qid=3b train=1
SNAP_RISE n=37 qid=3b
GLUE_SNAP want_lm=0
CMD_ACCEPT seq=115 cmd=3 tok=00 reward=3
REWARD_COMMIT ack_count=32 commit_seq=32 txn=32 qid=3b
LESSON_B k=12 tok=3c (intent only)
CMD_ACCEPT seq=116 cmd=1 tok=3c reward=0
CMD_ACCEPT seq=117 cmd=2 tok=00 reward=0
GLUE_FIRE tok0=3c map=3c mode=5 want_lm=0
GLUE_QISS qid=3c qr=1
GRAPH_ACCEPT seq=38 qid=3c
GRAPH_Q qid=3c train=1
SNAP_RISE n=38 qid=3c
GLUE_SNAP want_lm=0
CMD_ACCEPT seq=118 cmd=3 tok=00 reward=3
REWARD_COMMIT ack_count=33 commit_seq=33 txn=33 qid=3c
LESSON_B k=13 tok=3d (intent only)
CMD_ACCEPT seq=119 cmd=1 tok=3d reward=0
CMD_ACCEPT seq=120 cmd=2 tok=00 reward=0
GLUE_FIRE tok0=3d map=3d mode=5 want_lm=0
GLUE_QISS qid=3d qr=1
GRAPH_ACCEPT seq=39 qid=3d
GRAPH_Q qid=3d train=1
SNAP_RISE n=39 qid=3d
GLUE_SNAP want_lm=0
CMD_ACCEPT seq=121 cmd=3 tok=00 reward=3
REWARD_COMMIT ack_count=34 commit_seq=34 txn=34 qid=3d
LESSON_B k=14 tok=3e (intent only)
CMD_ACCEPT seq=122 cmd=1 tok=3e reward=0
CMD_ACCEPT seq=123 cmd=2 tok=00 reward=0
GLUE_FIRE tok0=3e map=3e mode=5 want_lm=0
GLUE_QISS qid=3e qr=1
GRAPH_ACCEPT seq=40 qid=3e
GRAPH_Q qid=3e train=1
SNAP_RISE n=40 qid=3e
GLUE_SNAP want_lm=0
CMD_ACCEPT seq=124 cmd=3 tok=00 reward=3
REWARD_COMMIT ack_count=35 commit_seq=35 txn=35 qid=3e
LESSON_B k=15 tok=3f (intent only)
CMD_ACCEPT seq=125 cmd=1 tok=3f reward=0
CMD_ACCEPT seq=126 cmd=2 tok=00 reward=0
GLUE_FIRE tok0=3f map=3f mode=5 want_lm=0
GLUE_QISS qid=3f qr=1
GRAPH_ACCEPT seq=41 qid=3f
GRAPH_Q qid=3f train=1
SNAP_RISE n=41 qid=3f
GLUE_SNAP want_lm=0
CMD_ACCEPT seq=127 cmd=3 tok=00 reward=3
REWARD_COMMIT ack_count=36 commit_seq=36 txn=36 qid=3f
LESSON_B k=16 tok=40 (intent only)
CMD_ACCEPT seq=128 cmd=1 tok=40 reward=0
CMD_ACCEPT seq=129 cmd=2 tok=00 reward=0
GLUE_FIRE tok0=40 map=40 mode=5 want_lm=0
GLUE_QISS qid=40 qr=1
GRAPH_ACCEPT seq=42 qid=40
GRAPH_Q qid=40 train=1
SNAP_RISE n=42 qid=40
GLUE_SNAP want_lm=0
CMD_ACCEPT seq=130 cmd=3 tok=00 reward=3
REWARD_COMMIT ack_count=37 commit_seq=37 txn=37 qid=40
LESSON_B k=17 tok=41 (intent only)
CMD_ACCEPT seq=131 cmd=1 tok=41 reward=0
CMD_ACCEPT seq=132 cmd=2 tok=00 reward=0
GLUE_FIRE tok0=41 map=41 mode=5 want_lm=0
GLUE_QISS qid=41 qr=1
GRAPH_ACCEPT seq=43 qid=41
GRAPH_Q qid=41 train=1
SNAP_RISE n=43 qid=41
GLUE_SNAP want_lm=0
CMD_ACCEPT seq=133 cmd=3 tok=00 reward=3
REWARD_COMMIT ack_count=38 commit_seq=38 txn=38 qid=41
LESSON_B k=18 tok=42 (intent only)
CMD_ACCEPT seq=134 cmd=1 tok=42 reward=0
CMD_ACCEPT seq=135 cmd=2 tok=00 reward=0
GLUE_FIRE tok0=42 map=42 mode=5 want_lm=0
GLUE_QISS qid=42 qr=1
GRAPH_ACCEPT seq=44 qid=42
GRAPH_Q qid=42 train=1
SNAP_RISE n=44 qid=42
GLUE_SNAP want_lm=0
CMD_ACCEPT seq=136 cmd=3 tok=00 reward=3
REWARD_COMMIT ack_count=39 commit_seq=39 txn=39 qid=42
LESSON_B k=19 tok=43 (intent only)
CMD_ACCEPT seq=137 cmd=1 tok=43 reward=0
CMD_ACCEPT seq=138 cmd=2 tok=00 reward=0
GLUE_FIRE tok0=43 map=43 mode=5 want_lm=0
GLUE_QISS qid=43 qr=1
GRAPH_ACCEPT seq=45 qid=43
GRAPH_Q qid=43 train=1
SNAP_RISE n=45 qid=43
GLUE_SNAP want_lm=0
CMD_ACCEPT seq=139 cmd=3 tok=00 reward=3
REWARD_COMMIT ack_count=40 commit_seq=40 txn=40 qid=43
CURRICULUM_B_TOTAL GRAPH_ACCEPT_DISTINCT=20 REWARD_COMMIT=20 ack=40 seq=40
CMD_ACCEPT seq=140 cmd=4 tok=00 reward=0
CMD_ACCEPT seq=141 cmd=7 tok=00 reward=0
CMD_ACCEPT seq=142 cmd=1 tok=b2 reward=0
CMD_ACCEPT seq=143 cmd=2 tok=00 reward=0
GLUE_FIRE tok0=b2 map=06 mode=8 want_lm=1
GLUE_QISS qid=06 qr=1
GRAPH_ACCEPT seq=46 qid=06
GRAPH_Q qid=06 train=0
SNAP_RISE n=46 qid=06
GLUE_SNAP want_lm=1
LMST_RISE n=6 cyc=92128916
CTX_BEAT idx=0 n=8 pack=8382438142804140 c9=8382438142804140 beats=6
EMB_POS t=7370314440000 dim=0 wrd=-3 awd=-3
EMB_POS t=7370314680000 dim=1 wrd=3 awd=3
EMB_TOK t=7370560200000 dim=0 wrd=4 ard=-3 awd=1
EMB_TOK t=7370560440000 dim=1 wrd=5 ard=3 awd=8
LNV t=7370881720000 acc=1913 var=29 mu=-1
LNO t=7370891880000 ly=0 ten=0 ard=1 mu=-1 sc=3 q=10
LNV t=7371526680000 acc=2471 var=38 mu=0
LNO t=7371536840000 ly=0 ten=0 ard=2 mu=0 sc=4 q=8
LNV t=7372171640000 acc=2169 var=33 mu=0
LNO t=7372181800000 ly=0 ten=0 ard=-6 mu=0 sc=4 q=-24
LNV t=7372816600000 acc=2653 var=41 mu=-1
LNO t=7372826760000 ly=0 ten=0 ard=0 mu=-1 sc=4 q=4
LNV t=7373461560000 acc=2151 var=33 mu=-1
LNO t=7373471720000 ly=0 ten=0 ard=3 mu=-1 sc=4 q=16
LNV t=7374106520000 acc=1865 var=29 mu=0
LNO t=7374116680000 ly=0 ten=0 ard=0 mu=0 sc=3 q=0
LNV t=7374751480000 acc=2525 var=39 mu=-1
LNO t=7374761640000 ly=0 ten=0 ard=-7 mu=-1 sc=4 q=-24
LNV t=7375396440000 acc=2323 var=36 mu=0
LNO t=7375406600000 ly=0 ten=0 ard=-4 mu=0 sc=4 q=-16
MV0 t=7375965720000 ly=0 ten_o=2 acc=0 dest=32768
MV0 t=7381218840000 ly=0 ten_o=2 acc=0 dest=32896
MV0 t=7386471960000 ly=0 ten_o=2 acc=0 dest=33024
MV0 t=7391725080000 ly=0 ten_o=2 acc=0 dest=33152
MV0 t=7396978200000 ly=0 ten_o=2 acc=0 dest=33280
MV0 t=7402231320000 ly=0 ten_o=2 acc=0 dest=33408
MV0 t=7407484440000 ly=0 ten_o=2 acc=0 dest=33536
MV0 t=7412737560000 ly=0 ten_o=2 acc=0 dest=33664
MV0 t=7417990680000 ly=0 ten_o=3 acc=0 dest=49152
MV0 t=7423243800000 ly=0 ten_o=3 acc=0 dest=49280
MV0 t=7428496920000 ly=0 ten_o=3 acc=0 dest=49408
MV0 t=7433750040000 ly=0 ten_o=3 acc=0 dest=49536
MV0 t=7439003160000 ly=0 ten_o=3 acc=0 dest=49664
MV0 t=7444256280000 ly=0 ten_o=3 acc=0 dest=49792
MV0 t=7449509400000 ly=0 ten_o=3 acc=0 dest=49920
MV0 t=7454762520000 ly=0 ten_o=3 acc=0 dest=50048
MV0 t=7460015640000 ly=0 ten_o=4 acc=0 dest=65536
MV0 t=7465268760000 ly=0 ten_o=4 acc=0 dest=65664
MV0 t=7470521880000 ly=0 ten_o=4 acc=0 dest=65792
MV0 t=7475775000000 ly=0 ten_o=4 acc=0 dest=65920
MV0 t=7481028120000 ly=0 ten_o=4 acc=0 dest=66048
MV0 t=7486281240000 ly=0 ten_o=4 acc=0 dest=66176
MV0 t=7491534360000 ly=0 ten_o=4 acc=0 dest=66304
MV0 t=7496787480000 ly=0 ten_o=4 acc=0 dest=66432
ATTQK t=7502040520000 ard=-124 ardb=-949 qa=32768 ka=49152
ATTO t=7502065560000 h=0 q=415 z=16 acc=6640 dest=81920
ATTQK t=7502207160000 ard=-987 ardb=-31 qa=32800 ka=49184
ATTO t=7502232200000 h=1 q=-949 z=16 acc=-15184 dest=81952
ATTQK t=7502373800000 ard=-504 ardb=1692 qa=32832 ka=49216
ATTO t=7502398840000 h=2 q=-116 z=16 acc=-1856 dest=81984
ATTQK t=7502540440000 ard=-915 ardb=-687 qa=32864 ka=49248
ATTO t=7502565480000 h=3 q=1058 z=16 acc=16928 dest=82016
ATTQK t=7502707080000 ard=156 ardb=-949 qa=32896 ka=49152
ATTO t=7502742920000 h=0 q=-460 z=16 acc=-7360 dest=82048
ATTQK t=7502894440000 ard=-164 ardb=-31 qa=32928 ka=49184
ATTO t=7502930280000 h=1 q=-949 z=16 acc=-15184 dest=82080
ATTQK t=7503081800000 ard=-428 ardb=1692 qa=32960 ka=49216
ATTO t=7503117640000 h=2 q=208 z=16 acc=3328 dest=82112
ATTQK t=7503269160000 ard=492 ardb=-687 qa=32992 ka=49248
ATTO t=7503305000000 h=3 q=304 z=16 acc=4864 dest=82144
ATTQK t=7503456520000 ard=784 ardb=-949 qa=33024 ka=49152
ATTO t=7503503160000 h=0 q=-460 z=16 acc=-7360 dest=82176
ATTQK t=7503664600000 ard=-608 ardb=-31 qa=33056 ka=49184
ATTO t=7503711240000 h=1 q=532 z=16 acc=8512 dest=82208
ATTQK t=7503872680000 ard=-100 ardb=1692 qa=33088 ka=49216
ATTO t=7503919320000 h=2 q=-116 z=16 acc=-1856 dest=82240
ATTQK t=7504080760000 ard=-952 ardb=-687 qa=33120 ka=49248
ATTO t=7504127400000 h=3 q=1058 z=16 acc=16928 dest=82272
ATTQK t=7504288840000 ard=-136 ardb=-949 qa=33152 ka=49152
ATTO t=7504346280000 h=0 q=-460 z=16 acc=-7360 dest=82304
ATTQK t=7504517640000 ard=648 ardb=-31 qa=33184 ka=49184
ATTO t=7504575080000 h=1 q=532 z=16 acc=8512 dest=82336
ATTQK t=7504746440000 ard=-120 ardb=1692 qa=33216 ka=49216
ATTO t=7504803880000 h=2 q=-116 z=16 acc=-1856 dest=82368
ATTQK t=7504975240000 ard=-1192 ardb=-687 qa=33248 ka=49248
ATTO t=7505032680000 h=3 q=-732 z=16 acc=-11712 dest=82400
ATTQK t=7505204040000 ard=-580 ardb=-949 qa=33280 ka=49152
ATTO t=7505272280000 h=0 q=415 z=16 acc=6640 dest=82432
ATTQK t=7505453560000 ard=-376 ardb=-31 qa=33312 ka=49184
ATTO t=7505521800000 h=1 q=360 z=16 acc=5760 dest=82464
ATTQK t=7505703080000 ard=592 ardb=1692 qa=33344 ka=49216
ATTO t=7505771320000 h=2 q=216 z=16 acc=3456 dest=82496
ATTQK t=7505952600000 ard=-804 ardb=-687 qa=33376 ka=49248
ATTO t=7506020840000 h=3 q=-52 z=16 acc=-832 dest=82528
ATTQK t=7506202120000 ard=-369 ardb=-949 qa=33408 ka=49152
ATTO t=7506281160000 h=0 q=-292 z=16 acc=-4672 dest=82560
ATTQK t=7506472360000 ard=-702 ardb=-31 qa=33440 ka=49184
ATTO t=7506551400000 h=1 q=-949 z=16 acc=-15184 dest=82592
ATTQK t=7506742600000 ard=1238 ardb=1692 qa=33472 ka=49216
ATTO t=7506821640000 h=2 q=-116 z=16 acc=-1856 dest=82624
ATTQK t=7507012840000 ard=-619 ardb=-687 qa=33504 ka=49248
ATTO t=7507091880000 h=3 q=-52 z=16 acc=-832 dest=82656
ATTQK t=7507283080000 ard=1732 ardb=-949 qa=33536 ka=49152
ATTO t=7507372920000 h=0 q=-145 z=16 acc=-2320 dest=82688
ATTQK t=7507574040000 ard=-320 ardb=-31 qa=33568 ka=49184
ATTO t=7507663880000 h=1 q=-1066 z=16 acc=-17056 dest=82720
ATTQK t=7507865000000 ard=-904 ardb=1692 qa=33600 ka=49216
ATTO t=7507954840000 h=2 q=-956 z=16 acc=-15296 dest=82752
ATTQK t=7508155960000 ard=-668 ardb=-687 qa=33632 ka=49248
ATTO t=7508245800000 h=3 q=-120 z=16 acc=-1920 dest=82784
ATTQK t=7508446920000 ard=-1280 ardb=-949 qa=33664 ka=49152
ATTO t=7508547560000 h=0 q=-145 z=16 acc=-2320 dest=82816
ATTQK t=7508758600000 ard=1124 ardb=-31 qa=33696 ka=49184
ATTO t=7508859240000 h=1 q=532 z=16 acc=8512 dest=82848
ATTQK t=7509070280000 ard=-600 ardb=1692 qa=33728 ka=49216
ATTO t=7509170920000 h=2 q=208 z=16 acc=3328 dest=82880
ATTQK t=7509381960000 ard=-312 ardb=-687 qa=33760 ka=49248
ATTO t=7509482600000 h=3 q=-120 z=16 acc=-1920 dest=82912
MV0 t=7509693720000 ly=0 ten_o=5 acc=0 dest=81920
MV0 t=7514946840000 ly=0 ten_o=5 acc=0 dest=82048
MV0 t=7520199960000 ly=0 ten_o=5 acc=0 dest=82176
MV0 t=7525453080000 ly=0 ten_o=5 acc=0 dest=82304
MV0 t=7530706200000 ly=0 ten_o=5 acc=0 dest=82432
MV0 t=7535959320000 ly=0 ten_o=5 acc=0 dest=82560
MV0 t=7541212440000 ly=0 ten_o=5 acc=0 dest=82688
MV0 t=7546465560000 ly=0 ten_o=5 acc=0 dest=82816
ADD t=7551718600000 ly=0 ten=0 ard=1 ardb=-32768
ADD t=7551749320000 ly=0 ten=0 ard=2 ardb=-20830
ADD t=7551780040000 ly=0 ten=0 ard=-6 ardb=-5409
ADD t=7551810760000 ly=0 ten=0 ard=0 ardb=17469
ADD t=7551841480000 ly=0 ten=0 ard=3 ardb=-10521
ADD t=7551872200000 ly=0 ten=0 ard=0 ardb=-32768
ADD t=7551902920000 ly=0 ten=0 ard=-7 ardb=32409
ADD t=7551933640000 ly=0 ten=0 ard=-4 ardb=29910
LNV t=7552040120000 acc=70137436137 var=1095897439 mu=1518
LNO t=7552050280000 ly=0 ten=6 ard=-32767 mu=1518 sc=23408 q=-24
LNV t=7552685080000 acc=59729487900 var=933273248 mu=-89
LNO t=7552695240000 ly=0 ten=6 ard=-20828 mu=-89 sc=21601 q=-16
LNV t=7553330040000 acc=72202465319 var=1128163520 mu=2879
LNO t=7553340200000 ly=0 ten=6 ard=-5415 mu=2879 sc=23750 q=-6
LNV t=7553975000000 acc=70406075071 var=1100094922 mu=1460
LNO t=7553985160000 ly=0 ten=6 ard=17469 mu=1460 sc=23453 q=10
LNV t=7554619960000 acc=65887480301 var=1029491879 mu=279
LNO t=7554630120000 ly=0 ten=6 ard=-10518 mu=279 sc=22688 q=-8
LNV t=7555264920000 acc=74397065205 var=1162454143 mu=-258
LNO t=7555275080000 ly=0 ten=6 ard=-32768 mu=-258 sc=24108 q=-22
LNV t=7555909880000 acc=61420186770 var=959690418 mu=1964
LNO t=7555920040000 ly=0 ten=6 ard=32402 mu=1964 sc=21905 q=22
LNV t=7556554840000 acc=74550827233 var=1164856675 mu=2359
LNO t=7556565000000 ly=0 ten=6 ard=29906 mu=2359 sc=24133 q=18
MV0 t=7557124120000 ly=0 ten_o=0 acc=0 dest=0
MV0 t=7567630360000 ly=0 ten_o=0 acc=0 dest=128
MV0 t=7578136600000 ly=0 ten_o=0 acc=0 dest=256
MV0 t=7588642840000 ly=0 ten_o=0 acc=0 dest=384
MV0 t=7599149080000 ly=0 ten_o=0 acc=0 dest=512
MV0 t=7609655320000 ly=0 ten_o=0 acc=0 dest=640
MV0 t=7620161560000 ly=0 ten_o=0 acc=0 dest=768
MV0 t=7630667800000 ly=0 ten_o=0 acc=0 dest=896
MV0 t=7641174040000 ly=0 ten_o=6 acc=0 dest=98304
MV0 t=7651670040000 ly=0 ten_o=6 acc=0 dest=98432
MV0 t=7662166040000 ly=0 ten_o=6 acc=0 dest=98560
MV0 t=7672662040000 ly=0 ten_o=6 acc=0 dest=98688
MV0 t=7683158040000 ly=0 ten_o=6 acc=0 dest=98816
MV0 t=7693654040000 ly=0 ten_o=6 acc=0 dest=98944
MV0 t=7704150040000 ly=0 ten_o=6 acc=0 dest=99072
MV0 t=7714646040000 ly=0 ten_o=6 acc=0 dest=99200
ADD t=7725141960000 ly=0 ten=1 ard=-32767 ardb=6915
ADD t=7725172680000 ly=0 ten=1 ard=-20828 ardb=19904
ADD t=7725203400000 ly=0 ten=1 ard=-5415 ardb=-26510
ADD t=7725234120000 ly=0 ten=1 ard=17469 ardb=-32768
ADD t=7725264840000 ly=0 ten=1 ard=-10518 ardb=8811
ADD t=7725295560000 ly=0 ten=1 ard=-32768 ardb=3896
ADD t=7725326280000 ly=0 ten=1 ard=32402 ardb=32767
ADD t=7725357000000 ly=0 ten=1 ard=29906 ardb=7429
LNV t=7725463480000 acc=71419520499 var=1115930007 mu=963
LNO t=7725473640000 ly=1 ten=0 ard=-25852 mu=963 sc=23621 q=-19
LNV t=7726108440000 acc=68093675097 var=1063963673 mu=1131
LNO t=7726118600000 ly=1 ten=0 ard=-924 mu=1131 sc=23064 q=-2
LNV t=7726753400000 acc=71082980645 var=1110671572 mu=22
LNO t=7726763560000 ly=1 ten=0 ard=-31925 mu=22 sc=23565 q=-22
LNV t=7727398360000 acc=78757405597 var=1230584462 mu=252
LNO t=7727408520000 ly=1 ten=0 ard=-15299 mu=252 sc=24805 q=-11
LNV t=7728043320000 acc=81491578714 var=1273305917 mu=-1009
LNO t=7728053480000 ly=1 ten=0 ard=-1707 mu=-1009 sc=25231 q=-1
LNV t=7728688280000 acc=74088809432 var=1157637647 mu=-456
LNO t=7728698440000 ly=1 ten=0 ard=-28872 mu=-456 sc=24058 q=-19
LNV t=7729333240000 acc=77703321177 var=1214114393 mu=3397
LNO t=7729343400000 ly=1 ten=0 ard=32767 mu=3397 sc=24638 q=19
LNV t=7729978200000 acc=80329229566 var=1255144211 mu=2511
LNO t=7729988360000 ly=1 ten=0 ard=32767 mu=2511 sc=25051 q=19
MV0 t=7730547480000 ly=1 ten_o=2 acc=0 dest=32768
MV0 t=7735800600000 ly=1 ten_o=2 acc=0 dest=32896
MV0 t=7741053720000 ly=1 ten_o=2 acc=0 dest=33024
MV0 t=7746306840000 ly=1 ten_o=2 acc=0 dest=33152
MV0 t=7751559960000 ly=1 ten_o=2 acc=0 dest=33280
MV0 t=7756813080000 ly=1 ten_o=2 acc=0 dest=33408
MV0 t=7762066200000 ly=1 ten_o=2 acc=0 dest=33536
MV0 t=7767319320000 ly=1 ten_o=2 acc=0 dest=33664
MV0 t=7772572440000 ly=1 ten_o=3 acc=0 dest=49152
MV0 t=7777825560000 ly=1 ten_o=3 acc=0 dest=49280
MV0 t=7783078680000 ly=1 ten_o=3 acc=0 dest=49408
MV0 t=7788331800000 ly=1 ten_o=3 acc=0 dest=49536
MV0 t=7793584920000 ly=1 ten_o=3 acc=0 dest=49664
MV0 t=7798838040000 ly=1 ten_o=3 acc=0 dest=49792
MV0 t=7804091160000 ly=1 ten_o=3 acc=0 dest=49920
MV0 t=7809344280000 ly=1 ten_o=3 acc=0 dest=50048
MV0 t=7814597400000 ly=1 ten_o=4 acc=0 dest=65536
MV0 t=7819850520000 ly=1 ten_o=4 acc=0 dest=65664
MV0 t=7825103640000 ly=1 ten_o=4 acc=0 dest=65792
MV0 t=7830356760000 ly=1 ten_o=4 acc=0 dest=65920
MV0 t=7835609880000 ly=1 ten_o=4 acc=0 dest=66048
MV0 t=7840863000000 ly=1 ten_o=4 acc=0 dest=66176
MV0 t=7846116120000 ly=1 ten_o=4 acc=0 dest=66304
MV0 t=7851369240000 ly=1 ten_o=4 acc=0 dest=66432
ATTQK t=7856622280000 ard=-150 ardb=-1370 qa=32768 ka=49152
ATTO t=7856647320000 h=0 q=487 z=16 acc=7792 dest=81920
ATTQK t=7856788920000 ard=-611 ardb=-262 qa=32800 ka=49184
ATTO t=7856813960000 h=1 q=-1006 z=16 acc=-16096 dest=81952
ATTQK t=7856955560000 ard=-633 ardb=511 qa=32832 ka=49216
ATTO t=7856980600000 h=2 q=703 z=16 acc=11248 dest=81984
ATTQK t=7857122200000 ard=219 ardb=660 qa=32864 ka=49248
ATTO t=7857147240000 h=3 q=48 z=16 acc=768 dest=82016
ATTQK t=7857288840000 ard=285 ardb=-1370 qa=32896 ka=49152
ATTO t=7857324680000 h=0 q=316 z=16 acc=5056 dest=82048
ATTQK t=7857476200000 ard=-726 ardb=-262 qa=32928 ka=49184
ATTO t=7857512040000 h=1 q=-1006 z=16 acc=-16096 dest=82080
ATTQK t=7857663560000 ard=-314 ardb=511 qa=32960 ka=49216
ATTO t=7857699400000 h=2 q=703 z=16 acc=11248 dest=82112
ATTQK t=7857850920000 ard=-44 ardb=660 qa=32992 ka=49248
ATTO t=7857886760000 h=3 q=48 z=16 acc=768 dest=82144
ATTQK t=7858038280000 ard=-1178 ardb=-1370 qa=33024 ka=49152
ATTO t=7858084920000 h=0 q=316 z=16 acc=5056 dest=82176
ATTQK t=7858246360000 ard=-68 ardb=-262 qa=33056 ka=49184
ATTO t=7858293000000 h=1 q=-411 z=16 acc=-6576 dest=82208
ATTQK t=7858454440000 ard=-247 ardb=511 qa=33088 ka=49216
ATTO t=7858501080000 h=2 q=428 z=16 acc=6848 dest=82240
ATTQK t=7858662520000 ard=872 ardb=660 qa=33120 ka=49248
ATTO t=7858709160000 h=3 q=1192 z=16 acc=19072 dest=82272
ATTQK t=7858870600000 ard=-1378 ardb=-1370 qa=33152 ka=49152
ATTO t=7858928040000 h=0 q=316 z=16 acc=5056 dest=82304
ATTQK t=7859099400000 ard=-165 ardb=-262 qa=33184 ka=49184
ATTO t=7859156840000 h=1 q=-1006 z=16 acc=-16096 dest=82336
ATTQK t=7859328200000 ard=-372 ardb=511 qa=33216 ka=49216
ATTO t=7859385640000 h=2 q=428 z=16 acc=6848 dest=82368
ATTQK t=7859557000000 ard=679 ardb=660 qa=33248 ka=49248
ATTO t=7859614440000 h=3 q=-907 z=16 acc=-14512 dest=82400
ATTQK t=7859785800000 ard=1024 ardb=-1370 qa=33280 ka=49152
ATTO t=7859854040000 h=0 q=316 z=16 acc=5056 dest=82432
ATTQK t=7860035320000 ard=-236 ardb=-262 qa=33312 ka=49184
ATTO t=7860103560000 h=1 q=-1006 z=16 acc=-16096 dest=82464
ATTQK t=7860284840000 ard=458 ardb=511 qa=33344 ka=49216
ATTO t=7860353080000 h=2 q=428 z=16 acc=6848 dest=82496
ATTQK t=7860534360000 ard=-630 ardb=660 qa=33376 ka=49248
ATTO t=7860602600000 h=3 q=1192 z=16 acc=19072 dest=82528
ATTQK t=7860783880000 ard=-161 ardb=-1370 qa=33408 ka=49152
ATTO t=7860862920000 h=0 q=838 z=16 acc=13408 dest=82560
ATTQK t=7861054120000 ard=-722 ardb=-262 qa=33440 ka=49184
ATTO t=7861133160000 h=1 q=-411 z=16 acc=-6576 dest=82592
ATTQK t=7861324360000 ard=-442 ardb=511 qa=33472 ka=49216
ATTO t=7861403400000 h=2 q=428 z=16 acc=6848 dest=82624
ATTQK t=7861594600000 ard=-321 ardb=660 qa=33504 ka=49248
ATTO t=7861673640000 h=3 q=1192 z=16 acc=19072 dest=82656
ATTQK t=7861864840000 ard=-195 ardb=-1370 qa=33536 ka=49152
ATTO t=7861954680000 h=0 q=316 z=16 acc=5056 dest=82688
ATTQK t=7862155800000 ard=-585 ardb=-262 qa=33568 ka=49184
ATTO t=7862245640000 h=1 q=-421 z=16 acc=-6736 dest=82720
ATTQK t=7862446760000 ard=147 ardb=511 qa=33600 ka=49216
ATTO t=7862536600000 h=2 q=573 z=16 acc=9168 dest=82752
ATTQK t=7862737720000 ard=816 ardb=660 qa=33632 ka=49248
ATTO t=7862827560000 h=3 q=240 z=16 acc=3840 dest=82784
ATTQK t=7863028680000 ard=-79 ardb=-1370 qa=33664 ka=49152
ATTO t=7863129320000 h=0 q=388 z=16 acc=6208 dest=82816
ATTQK t=7863340360000 ard=-12 ardb=-262 qa=33696 ka=49184
ATTO t=7863441000000 h=1 q=524 z=16 acc=8384 dest=82848
ATTQK t=7863652040000 ard=404 ardb=511 qa=33728 ka=49216
ATTO t=7863752680000 h=2 q=-547 z=16 acc=-8752 dest=82880
ATTQK t=7863963720000 ard=608 ardb=660 qa=33760 ka=49248
ATTO t=7864064360000 h=3 q=240 z=16 acc=3840 dest=82912
MV0 t=7864275480000 ly=1 ten_o=5 acc=0 dest=81920
MV0 t=7869528600000 ly=1 ten_o=5 acc=0 dest=82048
MV0 t=7874781720000 ly=1 ten_o=5 acc=0 dest=82176
MV0 t=7880034840000 ly=1 ten_o=5 acc=0 dest=82304
MV0 t=7885287960000 ly=1 ten_o=5 acc=0 dest=82432
MV0 t=7890541080000 ly=1 ten_o=5 acc=0 dest=82560
MV0 t=7895794200000 ly=1 ten_o=5 acc=0 dest=82688
MV0 t=7901047320000 ly=1 ten_o=5 acc=0 dest=82816
ADD t=7906300360000 ly=1 ten=0 ard=-25852 ardb=3216
ADD t=7906331080000 ly=1 ten=0 ard=-924 ardb=13209
ADD t=7906361800000 ly=1 ten=0 ard=-31925 ardb=10773
ADD t=7906392520000 ly=1 ten=0 ard=-15299 ardb=-14362
ADD t=7906423240000 ly=1 ten=0 ard=-1707 ardb=13345
ADD t=7906453960000 ly=1 ten=0 ard=-28872 ardb=14003
ADD t=7906484680000 ly=1 ten=0 ard=32767 ardb=-19034
ADD t=7906515400000 ly=1 ten=0 ard=32767 ardb=32767
LNV t=7906621880000 acc=67295127209 var=1051486362 mu=-1192
LNO t=7906632040000 ly=1 ten=6 ard=-22636 mu=-1192 sc=22929 q=-15
LNV t=7907266840000 acc=71747885193 var=1121060706 mu=-819
LNO t=7907277000000 ly=1 ten=6 ard=12285 mu=-819 sc=23675 q=8
LNV t=7907911800000 acc=66472944390 var=1038639756 mu=757
LNO t=7907921960000 ly=1 ten=6 ard=-21152 mu=757 sc=22788 q=-16
LNV t=7908556760000 acc=78928751375 var=1233261740 mu=571
LNO t=7908566920000 ly=1 ten=6 ard=-29661 mu=571 sc=24832 q=-20
LNV t=7909201720000 acc=62455199504 var=975862492 mu=-849
LNO t=7909211880000 ly=1 ten=6 ard=11638 mu=-849 sc=22089 q=9
LNV t=7909846680000 acc=81003330808 var=1265677043 mu=651
LNO t=7909856840000 ly=1 ten=6 ard=-14869 mu=651 sc=25156 q=-10
LNV t=7910491640000 acc=64500106907 var=1007814170 mu=3566
LNO t=7910501800000 ly=1 ten=6 ard=13733 mu=3566 sc=22447 q=7
LNV t=7911136600000 acc=64851236541 var=1013300570 mu=906
LNO t=7911146760000 ly=1 ten=6 ard=32767 mu=906 sc=22508 q=22
MV0 t=7911705880000 ly=1 ten_o=0 acc=0 dest=0
MV0 t=7922212120000 ly=1 ten_o=0 acc=0 dest=128
MV0 t=7932718360000 ly=1 ten_o=0 acc=0 dest=256
MV0 t=7943224600000 ly=1 ten_o=0 acc=0 dest=384
MV0 t=7953730840000 ly=1 ten_o=0 acc=0 dest=512
MV0 t=7964237080000 ly=1 ten_o=0 acc=0 dest=640
MV0 t=7974743320000 ly=1 ten_o=0 acc=0 dest=768
MV0 t=7985249560000 ly=1 ten_o=0 acc=0 dest=896
MV0 t=7995755800000 ly=1 ten_o=6 acc=0 dest=98304
MV0 t=8006251800000 ly=1 ten_o=6 acc=0 dest=98432
MV0 t=8016747800000 ly=1 ten_o=6 acc=0 dest=98560
MV0 t=8027243800000 ly=1 ten_o=6 acc=0 dest=98688
MV0 t=8037739800000 ly=1 ten_o=6 acc=0 dest=98816
MV0 t=8048235800000 ly=1 ten_o=6 acc=0 dest=98944
MV0 t=8058731800000 ly=1 ten_o=6 acc=0 dest=99072
MV0 t=8069227800000 ly=1 ten_o=6 acc=0 dest=99200
ADD t=8079723720000 ly=1 ten=1 ard=-22636 ardb=-13927
ADD t=8079754440000 ly=1 ten=1 ard=12285 ardb=32767
ADD t=8079785160000 ly=1 ten=1 ard=-21152 ardb=18817
ADD t=8079815880000 ly=1 ten=1 ard=-29661 ardb=7408
ADD t=8079846600000 ly=1 ten=1 ard=11638 ardb=27544
ADD t=8079877320000 ly=1 ten=1 ard=-14869 ardb=32767
ADD t=8079908040000 ly=1 ten=1 ard=13733 ardb=32767
ADD t=8079938760000 ly=1 ten=1 ard=32767 ardb=2304
LNV t=8080045240000 acc=73099329113 var=1142177017 mu=-775
LNO t=8080055400000 ly=2 ten=0 ard=-32768 mu=-775 sc=23897 q=-22
LNV t=8080690200000 acc=80752366759 var=1261755730 mu=2005
LNO t=8080700360000 ly=2 ten=0 ard=32767 mu=2005 sc=25117 q=19
LNV t=8081335160000 acc=74264776720 var=1160387136 mu=1864
LNO t=8081345320000 ly=2 ten=0 ard=-2335 mu=1864 sc=24087 q=-3
LNV t=8081980120000 acc=76871410010 var=1201115781 mu=387
LNO t=8081990280000 ly=2 ten=0 ard=-22253 mu=387 sc=24506 q=-15
LNV t=8082625080000 acc=72595492548 var=1134304571 mu=-270
LNO t=8082635240000 ly=2 ten=0 ard=32767 mu=-270 sc=23814 q=22
LNV t=8083270040000 acc=72257021272 var=1129015957 mu=76
LNO t=8083280200000 ly=2 ten=0 ard=17898 mu=76 sc=23759 q=12
LNV t=8083915000000 acc=71976188237 var=1124627941 mu=3172
LNO t=8083925160000 ly=2 ten=0 ard=32767 mu=3172 sc=23713 q=19
LNV t=8084559960000 acc=73446515098 var=1147601798 mu=-2359
LNO t=8084570120000 ly=2 ten=0 ard=32767 mu=-2359 sc=23954 q=23
MV0 t=8085129240000 ly=2 ten_o=2 acc=0 dest=32768
MV0 t=8090382360000 ly=2 ten_o=2 acc=0 dest=32896
MV0 t=8095635480000 ly=2 ten_o=2 acc=0 dest=33024
MV0 t=8100888600000 ly=2 ten_o=2 acc=0 dest=33152
MV0 t=8106141720000 ly=2 ten_o=2 acc=0 dest=33280
MV0 t=8111394840000 ly=2 ten_o=2 acc=0 dest=33408
MV0 t=8116647960000 ly=2 ten_o=2 acc=0 dest=33536
MV0 t=8121901080000 ly=2 ten_o=2 acc=0 dest=33664
MV0 t=8127154200000 ly=2 ten_o=3 acc=0 dest=49152
MV0 t=8132407320000 ly=2 ten_o=3 acc=0 dest=49280
MV0 t=8137660440000 ly=2 ten_o=3 acc=0 dest=49408
MV0 t=8142913560000 ly=2 ten_o=3 acc=0 dest=49536
MV0 t=8148166680000 ly=2 ten_o=3 acc=0 dest=49664
MV0 t=8153419800000 ly=2 ten_o=3 acc=0 dest=49792
MV0 t=8158672920000 ly=2 ten_o=3 acc=0 dest=49920
MV0 t=8163926040000 ly=2 ten_o=3 acc=0 dest=50048
MV0 t=8169179160000 ly=2 ten_o=4 acc=0 dest=65536
MV0 t=8174432280000 ly=2 ten_o=4 acc=0 dest=65664
MV0 t=8179685400000 ly=2 ten_o=4 acc=0 dest=65792
MV0 t=8184938520000 ly=2 ten_o=4 acc=0 dest=65920
MV0 t=8190191640000 ly=2 ten_o=4 acc=0 dest=66048
MV0 t=8195444760000 ly=2 ten_o=4 acc=0 dest=66176
MV0 t=8200697880000 ly=2 ten_o=4 acc=0 dest=66304
MV0 t=8205951000000 ly=2 ten_o=4 acc=0 dest=66432
ATTQK t=8211204040000 ard=86 ardb=-703 qa=32768 ka=49152
ATTO t=8211229080000 h=0 q=676 z=16 acc=10816 dest=81920
ATTQK t=8211370680000 ard=-114 ardb=94 qa=32800 ka=49184
ATTO t=8211395720000 h=1 q=510 z=16 acc=8160 dest=81952
ATTQK t=8211537320000 ard=87 ardb=792 qa=32832 ka=49216
ATTO t=8211562360000 h=2 q=600 z=16 acc=9600 dest=81984
ATTQK t=8211703960000 ard=-268 ardb=-585 qa=32864 ka=49248
ATTO t=8211729000000 h=3 q=590 z=16 acc=9440 dest=82016
ATTQK t=8211870600000 ard=-515 ardb=-703 qa=32896 ka=49152
ATTO t=8211906440000 h=0 q=1001 z=16 acc=16016 dest=82048
ATTQK t=8212057960000 ard=-38 ardb=94 qa=32928 ka=49184
ATTO t=8212093800000 h=1 q=510 z=16 acc=8160 dest=82080
ATTQK t=8212245320000 ard=-288 ardb=792 qa=32960 ka=49216
ATTO t=8212281160000 h=2 q=600 z=16 acc=9600 dest=82112
ATTQK t=8212432680000 ard=-18 ardb=-585 qa=32992 ka=49248
ATTO t=8212468520000 h=3 q=590 z=16 acc=9440 dest=82144
ATTQK t=8212620040000 ard=-577 ardb=-703 qa=33024 ka=49152
ATTO t=8212666680000 h=0 q=676 z=16 acc=10816 dest=82176
ATTQK t=8212828120000 ard=-662 ardb=94 qa=33056 ka=49184
ATTO t=8212874760000 h=1 q=663 z=16 acc=10608 dest=82208
ATTQK t=8213036200000 ard=419 ardb=792 qa=33088 ka=49216
ATTO t=8213082840000 h=2 q=600 z=16 acc=9600 dest=82240
ATTQK t=8213244280000 ard=225 ardb=-585 qa=33120 ka=49248
ATTO t=8213290920000 h=3 q=-365 z=16 acc=-5840 dest=82272
ATTQK t=8213452360000 ard=-2308 ardb=-703 qa=33152 ka=49152
ATTO t=8213509800000 h=0 q=676 z=16 acc=10816 dest=82304
ATTQK t=8213681160000 ard=53 ardb=94 qa=33184 ka=49184
ATTO t=8213738600000 h=1 q=510 z=16 acc=8160 dest=82336
ATTQK t=8213909960000 ard=693 ardb=792 qa=33216 ka=49216
ATTO t=8213967400000 h=2 q=600 z=16 acc=9600 dest=82368
ATTQK t=8214138760000 ard=127 ardb=-585 qa=33248 ka=49248
ATTO t=8214196200000 h=3 q=-181 z=16 acc=-2896 dest=82400
ATTQK t=8214367560000 ard=165 ardb=-703 qa=33280 ka=49152
ATTO t=8214435800000 h=0 q=676 z=16 acc=10816 dest=82432
ATTQK t=8214617080000 ard=470 ardb=94 qa=33312 ka=49184
ATTO t=8214685320000 h=1 q=510 z=16 acc=8160 dest=82464
ATTQK t=8214866600000 ard=-80 ardb=792 qa=33344 ka=49216
ATTO t=8214934840000 h=2 q=662 z=16 acc=10592 dest=82496
ATTQK t=8215116120000 ard=173 ardb=-585 qa=33376 ka=49248
ATTO t=8215184360000 h=3 q=920 z=16 acc=14720 dest=82528
ATTQK t=8215365640000 ard=726 ardb=-703 qa=33408 ka=49152
ATTO t=8215444680000 h=0 q=676 z=16 acc=10816 dest=82560
ATTQK t=8215635880000 ard=273 ardb=94 qa=33440 ka=49184
ATTO t=8215714920000 h=1 q=108 z=16 acc=1728 dest=82592
ATTQK t=8215906120000 ard=-485 ardb=792 qa=33472 ka=49216
ATTO t=8215985160000 h=2 q=662 z=16 acc=10592 dest=82624
ATTQK t=8216176360000 ard=48 ardb=-585 qa=33504 ka=49248
ATTO t=8216255400000 h=3 q=-181 z=16 acc=-2896 dest=82656
ATTQK t=8216446600000 ard=-734 ardb=-703 qa=33536 ka=49152
ATTO t=8216536440000 h=0 q=932 z=16 acc=14912 dest=82688
ATTQK t=8216737560000 ard=697 ardb=94 qa=33568 ka=49184
ATTO t=8216827400000 h=1 q=-671 z=16 acc=-10736 dest=82720
ATTQK t=8217028520000 ard=62 ardb=792 qa=33600 ka=49216
ATTO t=8217118360000 h=2 q=662 z=16 acc=10592 dest=82752
ATTQK t=8217319480000 ard=14 ardb=-585 qa=33632 ka=49248
ATTO t=8217409320000 h=3 q=-337 z=16 acc=-5392 dest=82784
ATTQK t=8217610440000 ard=-475 ardb=-703 qa=33664 ka=49152
ATTO t=8217711080000 h=0 q=-882 z=16 acc=-14112 dest=82816
ATTQK t=8217922120000 ard=508 ardb=94 qa=33696 ka=49184
ATTO t=8218022760000 h=1 q=-899 z=16 acc=-14384 dest=82848
ATTQK t=8218233800000 ard=-37 ardb=792 qa=33728 ka=49216
ATTO t=8218334440000 h=2 q=662 z=16 acc=10592 dest=82880
ATTQK t=8218545480000 ard=439 ardb=-585 qa=33760 ka=49248
ATTO t=8218646120000 h=3 q=-337 z=16 acc=-5392 dest=82912
MV0 t=8218857240000 ly=2 ten_o=5 acc=0 dest=81920
MV0 t=8224110360000 ly=2 ten_o=5 acc=0 dest=82048
MV0 t=8229363480000 ly=2 ten_o=5 acc=0 dest=82176
MV0 t=8234616600000 ly=2 ten_o=5 acc=0 dest=82304
MV0 t=8239869720000 ly=2 ten_o=5 acc=0 dest=82432
MV0 t=8245122840000 ly=2 ten_o=5 acc=0 dest=82560
MV0 t=8250375960000 ly=2 ten_o=5 acc=0 dest=82688
MV0 t=8255629080000 ly=2 ten_o=5 acc=0 dest=82816
ADD t=8260882120000 ly=2 ten=0 ard=-32768 ardb=25273
ADD t=8260912840000 ly=2 ten=0 ard=32767 ardb=14184
ADD t=8260943560000 ly=2 ten=0 ard=-2335 ardb=28384
ADD t=8260974280000 ly=2 ten=0 ard=-22253 ardb=30696
ADD t=8261005000000 ly=2 ten=0 ard=32767 ardb=8556
ADD t=8261035720000 ly=2 ten=0 ard=17898 ardb=1491
ADD t=8261066440000 ly=2 ten=0 ard=32767 ardb=-17094
ADD t=8261097160000 ly=2 ten=0 ard=32767 ardb=-983
LNV t=8261203640000 acc=83604423467 var=1306319116 mu=487
LNO t=8261213800000 ly=2 ten=6 ard=-7495 mu=487 sc=25556 q=-5
LNV t=8261848600000 acc=75435201031 var=1178675016 mu=3240
LNO t=8261858760000 ly=2 ten=6 ard=32767 mu=3240 sc=24276 q=19
LNV t=8262493560000 acc=85746737718 var=1339792776 mu=1214
LNO t=8262503720000 ly=2 ten=6 ard=26049 mu=1214 sc=25882 q=15
LNV t=8263138520000 acc=84585110575 var=1321642352 mu=1979
LNO t=8263148680000 ly=2 ten=6 ard=8443 mu=1979 sc=25706 q=4
LNV t=8263783480000 acc=77454354745 var=1210224292 mu=1329
LNO t=8263793640000 ly=2 ten=6 ard=32767 mu=1329 sc=24599 q=20
LNV t=8264428440000 acc=72751174424 var=1136737100 mu=-1331
LNO t=8264438600000 ly=2 ten=6 ard=19389 mu=-1331 sc=23840 q=13
LNV t=8265073400000 acc=65257501424 var=1019648459 mu=1507
LNO t=8265083560000 ly=2 ten=6 ard=15673 mu=1507 sc=22579 q=10
LNV t=8265718360000 acc=79337511942 var=1239648624 mu=-1284
LNO t=8265728520000 ly=2 ten=6 ard=31784 mu=-1284 sc=24896 q=21
MV0 t=8266287640000 ly=2 ten_o=0 acc=0 dest=0
MV0 t=8276793880000 ly=2 ten_o=0 acc=0 dest=128
MV0 t=8287300120000 ly=2 ten_o=0 acc=0 dest=256
MV0 t=8297806360000 ly=2 ten_o=0 acc=0 dest=384
MV0 t=8308312600000 ly=2 ten_o=0 acc=0 dest=512
MV0 t=8318818840000 ly=2 ten_o=0 acc=0 dest=640
MV0 t=8329325080000 ly=2 ten_o=0 acc=0 dest=768
MV0 t=8339831320000 ly=2 ten_o=0 acc=0 dest=896
MV0 t=8350337560000 ly=2 ten_o=6 acc=0 dest=98304
MV0 t=8360833560000 ly=2 ten_o=6 acc=0 dest=98432
MV0 t=8371329560000 ly=2 ten_o=6 acc=0 dest=98560
MV0 t=8381825560000 ly=2 ten_o=6 acc=0 dest=98688
MV0 t=8392321560000 ly=2 ten_o=6 acc=0 dest=98816
MV0 t=8402817560000 ly=2 ten_o=6 acc=0 dest=98944
MV0 t=8413313560000 ly=2 ten_o=6 acc=0 dest=99072
MV0 t=8423809560000 ly=2 ten_o=6 acc=0 dest=99200
ADD t=8434305480000 ly=2 ten=1 ard=-7495 ardb=32767
ADD t=8434336200000 ly=2 ten=1 ard=32767 ardb=32767
ADD t=8434366920000 ly=2 ten=1 ard=26049 ardb=-11240
ADD t=8434397640000 ly=2 ten=1 ard=8443 ardb=17377
ADD t=8434428360000 ly=2 ten=1 ard=32767 ardb=-8568
ADD t=8434459080000 ly=2 ten=1 ard=19389 ardb=-21765
ADD t=8434489800000 ly=2 ten=1 ard=15673 ardb=-1133
ADD t=8434520520000 ly=2 ten=1 ard=31784 ardb=-14515
LNV t=8434627000000 acc=78793345415 var=1231146022 mu=1193
LNO t=8434637160000 ly=3 ten=0 ard=25272 mu=1193 sc=24810 q=15
LNV t=8435271960000 acc=79704581100 var=1245384079 mu=4414
LNO t=8435282120000 ly=3 ten=0 ard=32767 mu=4414 sc=24953 q=18
LNV t=8435916920000 acc=81583846415 var=1274747600 mu=1550
LNO t=8435927080000 ly=3 ten=0 ard=14809 mu=1550 sc=25246 q=8
LNV t=8436561880000 acc=82299485494 var=1285929460 mu=1560
LNO t=8436572040000 ly=3 ten=0 ard=25820 mu=1560 sc=25356 q=15
LNV t=8437206840000 acc=84531285473 var=1320801335 mu=1450
LNO t=8437217000000 ly=3 ten=0 ard=24199 mu=1450 sc=25698 q=14
LNV t=8437851800000 acc=70333029927 var=1098953592 mu=-1710
LNO t=8437861960000 ly=3 ten=0 ard=-2376 mu=-1710 sc=23440 q=-1
LNV t=8438496760000 acc=81609506768 var=1275148543 mu=2409
LNO t=8438506920000 ly=3 ten=0 ard=14540 mu=2409 sc=25250 q=7
LNV t=8439141720000 acc=79994398314 var=1249912473 mu=-2643
LNO t=8439151880000 ly=3 ten=0 ard=17269 mu=-2643 sc=24999 q=12
MV0 t=8439711000000 ly=3 ten_o=2 acc=0 dest=32768
MV0 t=8444964120000 ly=3 ten_o=2 acc=0 dest=32896
MV0 t=8450217240000 ly=3 ten_o=2 acc=0 dest=33024
MV0 t=8455470360000 ly=3 ten_o=2 acc=0 dest=33152
MV0 t=8460723480000 ly=3 ten_o=2 acc=0 dest=33280
MV0 t=8465976600000 ly=3 ten_o=2 acc=0 dest=33408
MV0 t=8471229720000 ly=3 ten_o=2 acc=0 dest=33536
MV0 t=8476482840000 ly=3 ten_o=2 acc=0 dest=33664
MV0 t=8481735960000 ly=3 ten_o=3 acc=0 dest=49152
MV0 t=8486989080000 ly=3 ten_o=3 acc=0 dest=49280
MV0 t=8492242200000 ly=3 ten_o=3 acc=0 dest=49408
MV0 t=8497495320000 ly=3 ten_o=3 acc=0 dest=49536
MV0 t=8502748440000 ly=3 ten_o=3 acc=0 dest=49664
MV0 t=8508001560000 ly=3 ten_o=3 acc=0 dest=49792
MV0 t=8513254680000 ly=3 ten_o=3 acc=0 dest=49920
MV0 t=8518507800000 ly=3 ten_o=3 acc=0 dest=50048
MV0 t=8523760920000 ly=3 ten_o=4 acc=0 dest=65536
MV0 t=8529014040000 ly=3 ten_o=4 acc=0 dest=65664
MV0 t=8534267160000 ly=3 ten_o=4 acc=0 dest=65792
MV0 t=8539520280000 ly=3 ten_o=4 acc=0 dest=65920
MV0 t=8544773400000 ly=3 ten_o=4 acc=0 dest=66048
MV0 t=8550026520000 ly=3 ten_o=4 acc=0 dest=66176
MV0 t=8555279640000 ly=3 ten_o=4 acc=0 dest=66304
MV0 t=8560532760000 ly=3 ten_o=4 acc=0 dest=66432
ATTQK t=8565785800000 ard=-294 ardb=-1542 qa=32768 ka=49152
ATTO t=8565810840000 h=0 q=821 z=16 acc=13136 dest=81920
ATTQK t=8565952440000 ard=-83 ardb=-1066 qa=32800 ka=49184
ATTO t=8565977480000 h=1 q=293 z=16 acc=4688 dest=81952
ATTQK t=8566119080000 ard=-409 ardb=-615 qa=32832 ka=49216
ATTO t=8566144120000 h=2 q=805 z=16 acc=12880 dest=81984
ATTQK t=8566285720000 ard=1365 ardb=-113 qa=32864 ka=49248
ATTO t=8566310760000 h=3 q=-240 z=16 acc=-3840 dest=82016
ATTQK t=8566452360000 ard=-222 ardb=-1542 qa=32896 ka=49152
ATTO t=8566488200000 h=0 q=821 z=16 acc=13136 dest=82048
ATTQK t=8566639720000 ard=728 ardb=-1066 qa=32928 ka=49184
ATTO t=8566675560000 h=1 q=293 z=16 acc=4688 dest=82080
ATTQK t=8566827080000 ard=419 ardb=-615 qa=32960 ka=49216
ATTO t=8566862920000 h=2 q=-69 z=16 acc=-1104 dest=82112
ATTQK t=8567014440000 ard=475 ardb=-113 qa=32992 ka=49248
ATTO t=8567050280000 h=3 q=-431 z=16 acc=-6896 dest=82144
ATTQK t=8567201800000 ard=135 ardb=-1542 qa=33024 ka=49152
ATTO t=8567248440000 h=0 q=821 z=16 acc=13136 dest=82176
ATTQK t=8567409880000 ard=1397 ardb=-1066 qa=33056 ka=49184
ATTO t=8567456520000 h=1 q=265 z=16 acc=4240 dest=82208
ATTQK t=8567617960000 ard=481 ardb=-615 qa=33088 ka=49216
ATTO t=8567664600000 h=2 q=805 z=16 acc=12880 dest=82240
ATTQK t=8567826040000 ard=287 ardb=-113 qa=33120 ka=49248
ATTO t=8567872680000 h=3 q=-240 z=16 acc=-3840 dest=82272
ATTQK t=8568034120000 ard=470 ardb=-1542 qa=33152 ka=49152
ATTO t=8568091560000 h=0 q=794 z=16 acc=12704 dest=82304
ATTQK t=8568262920000 ard=1287 ardb=-1066 qa=33184 ka=49184
ATTO t=8568320360000 h=1 q=722 z=16 acc=11552 dest=82336
ATTQK t=8568491720000 ard=100 ardb=-615 qa=33216 ka=49216
ATTO t=8568549160000 h=2 q=197 z=16 acc=3152 dest=82368
ATTQK t=8568720520000 ard=1056 ardb=-113 qa=33248 ka=49248
ATTO t=8568777960000 h=3 q=-846 z=16 acc=-13536 dest=82400
ATTQK t=8568949320000 ard=-317 ardb=-1542 qa=33280 ka=49152
ATTO t=8569017560000 h=0 q=794 z=16 acc=12704 dest=82432
ATTQK t=8569198840000 ard=1147 ardb=-1066 qa=33312 ka=49184
ATTO t=8569267080000 h=1 q=908 z=16 acc=14528 dest=82464
ATTQK t=8569448360000 ard=559 ardb=-615 qa=33344 ka=49216
ATTO t=8569516600000 h=2 q=197 z=16 acc=3152 dest=82496
ATTQK t=8569697880000 ard=1408 ardb=-113 qa=33376 ka=49248
ATTO t=8569766120000 h=3 q=-733 z=16 acc=-11728 dest=82528
ATTQK t=8569947400000 ard=-83 ardb=-1542 qa=33408 ka=49152
ATTO t=8570026440000 h=0 q=478 z=16 acc=7648 dest=82560
ATTQK t=8570217640000 ard=174 ardb=-1066 qa=33440 ka=49184
ATTO t=8570296680000 h=1 q=908 z=16 acc=14528 dest=82592
ATTQK t=8570487880000 ard=309 ardb=-615 qa=33472 ka=49216
ATTO t=8570566920000 h=2 q=197 z=16 acc=3152 dest=82624
ATTQK t=8570758120000 ard=842 ardb=-113 qa=33504 ka=49248
ATTO t=8570837160000 h=3 q=-690 z=16 acc=-11040 dest=82656
ATTQK t=8571028360000 ard=-473 ardb=-1542 qa=33536 ka=49152
ATTO t=8571118200000 h=0 q=478 z=16 acc=7648 dest=82688
ATTQK t=8571319320000 ard=906 ardb=-1066 qa=33568 ka=49184
ATTO t=8571409160000 h=1 q=908 z=16 acc=14528 dest=82720
ATTQK t=8571610280000 ard=458 ardb=-615 qa=33600 ka=49216
ATTO t=8571700120000 h=2 q=1377 z=16 acc=22032 dest=82752
ATTQK t=8571901240000 ard=-736 ardb=-113 qa=33632 ka=49248
ATTO t=8571991080000 h=3 q=-431 z=16 acc=-6896 dest=82784
ATTQK t=8572192200000 ard=-625 ardb=-1542 qa=33664 ka=49152
ATTO t=8572292840000 h=0 q=478 z=16 acc=7648 dest=82816
ATTQK t=8572503880000 ard=231 ardb=-1066 qa=33696 ka=49184
ATTO t=8572604520000 h=1 q=908 z=16 acc=14528 dest=82848
ATTQK t=8572815560000 ard=221 ardb=-615 qa=33728 ka=49216
ATTO t=8572916200000 h=2 q=1377 z=16 acc=22032 dest=82880
ATTQK t=8573127240000 ard=345 ardb=-113 qa=33760 ka=49248
ATTO t=8573227880000 h=3 q=-431 z=16 acc=-6896 dest=82912
MV0 t=8573439000000 ly=3 ten_o=5 acc=0 dest=81920
MV0 t=8578692120000 ly=3 ten_o=5 acc=0 dest=82048
MV0 t=8583945240000 ly=3 ten_o=5 acc=0 dest=82176
MV0 t=8589198360000 ly=3 ten_o=5 acc=0 dest=82304
MV0 t=8594451480000 ly=3 ten_o=5 acc=0 dest=82432
MV0 t=8599704600000 ly=3 ten_o=5 acc=0 dest=82560
MV0 t=8604957720000 ly=3 ten_o=5 acc=0 dest=82688
MV0 t=8610210840000 ly=3 ten_o=5 acc=0 dest=82816
ADD t=8615463880000 ly=3 ten=0 ard=25272 ardb=8710
ADD t=8615494600000 ly=3 ten=0 ard=32767 ardb=22698
ADD t=8615525320000 ly=3 ten=0 ard=14809 ardb=7992
ADD t=8615556040000 ly=3 ten=0 ard=25820 ardb=-13417
ADD t=8615586760000 ly=3 ten=0 ard=24199 ardb=-18403
ADD t=8615617480000 ly=3 ten=0 ard=-2376 ardb=-7619
ADD t=8615648200000 ly=3 ten=0 ard=14540 ardb=-8475
ADD t=8615678920000 ly=3 ten=0 ard=17269 ardb=-8475
LNV t=8615785400000 acc=77746041770 var=1214781902 mu=2360
LNO t=8615795560000 ly=3 ten=6 ard=32767 mu=2360 sc=24645 q=19
LNV t=8616430360000 acc=75124842004 var=1173825656 mu=4788
LNO t=8616440520000 ly=3 ten=6 ard=32767 mu=4788 sc=24226 q=18
LNV t=8617075320000 acc=86533752377 var=1352089880 mu=1890
LNO t=8617085480000 ly=3 ten=6 ard=22801 mu=1890 sc=26000 q=12
LNV t=8617720280000 acc=81485694371 var=1273213974 mu=2908
LNO t=8617730440000 ly=3 ten=6 ard=12403 mu=2908 sc=25231 q=6
LNV t=8618365240000 acc=71120273731 var=1111254277 mu=1777
LNO t=8618375400000 ly=3 ten=6 ard=5796 mu=1777 sc=23571 q=2
LNV t=8619010200000 acc=77672134472 var=1213627101 mu=-956
LNO t=8619020360000 ly=3 ten=6 ard=-9995 mu=-956 sc=24633 q=-6
LNV t=8619655160000 acc=80478175976 var=1257471499 mu=167
LNO t=8619665320000 ly=3 ten=6 ard=6065 mu=167 sc=25074 q=3
LNV t=8620300120000 acc=79483470737 var=1241929230 mu=-3103
LNO t=8620310280000 ly=3 ten=6 ard=8794 mu=-3103 sc=24919 q=7
MV0 t=8620869400000 ly=3 ten_o=0 acc=0 dest=0
MV0 t=8631375640000 ly=3 ten_o=0 acc=0 dest=128
MV0 t=8641881880000 ly=3 ten_o=0 acc=0 dest=256
MV0 t=8652388120000 ly=3 ten_o=0 acc=0 dest=384
MV0 t=8662894360000 ly=3 ten_o=0 acc=0 dest=512
MV0 t=8673400600000 ly=3 ten_o=0 acc=0 dest=640
MV0 t=8683906840000 ly=3 ten_o=0 acc=0 dest=768
MV0 t=8694413080000 ly=3 ten_o=0 acc=0 dest=896
MV0 t=8704919320000 ly=3 ten_o=6 acc=0 dest=98304
MV0 t=8715415320000 ly=3 ten_o=6 acc=0 dest=98432
MV0 t=8725911320000 ly=3 ten_o=6 acc=0 dest=98560
MV0 t=8736407320000 ly=3 ten_o=6 acc=0 dest=98688
MV0 t=8746903320000 ly=3 ten_o=6 acc=0 dest=98816
MV0 t=8757399320000 ly=3 ten_o=6 acc=0 dest=98944
MV0 t=8767895320000 ly=3 ten_o=6 acc=0 dest=99072
MV0 t=8778391320000 ly=3 ten_o=6 acc=0 dest=99200
ADD t=8788887240000 ly=3 ten=1 ard=32767 ardb=9575
ADD t=8788917960000 ly=3 ten=1 ard=32767 ardb=32767
ADD t=8788948680000 ly=3 ten=1 ard=22801 ardb=20107
ADD t=8788979400000 ly=3 ten=1 ard=12403 ardb=32767
ADD t=8789010120000 ly=3 ten=1 ard=5796 ardb=27719
ADD t=8789040840000 ly=3 ten=1 ard=-9995 ardb=10698
ADD t=8789071560000 ly=3 ten=1 ard=6065 ardb=-22957
ADD t=8789102280000 ly=3 ten=1 ard=8794 ardb=-19634
HEAD t=8789133000000 col=0 wrd=6 ard=-10840 waddr=671744 aaddr=896 acc=0
MV0 t=8789133080000 ly=3 ten_o=7 acc=0 dest=115584
HEAD t=8789133320000 col=1 wrd=6 ard=7754 waddr=671745 aaddr=897 acc=-65040
SMX t=8831157800000 logit0=-961519
EXAM HOLD_B MODE=8 C9=8382438142804140 OUT=60 LMST=1 LMDN=1
A_GRAPH_ACCEPT_COUNT=20 A_REWARD_COMMIT_COUNT=20
B_GRAPH_ACCEPT_COUNT=20 B_REWARD_COMMIT_COUNT=20
C9_PACK_A/U/C/B=8382238122802120/8786858483828180/2322832182208180/8382438142804140
LM_OUT_A/U/C/B=653/689/237/60
FIRST_DIVERGENCE=NONE
GATE14_C9_SOC_COFIT_XSIM_PASS fails=0 OUTA=653 OUTU=689 OUTC=237 OUTB=60
$finish called at time : 8831403880 ns : File "D:/Jetking_sem4/SEM_4/arty-a7-online-lm-g14-preboard-00/results/A7-NATIVE-GRAPH/GROK-ORCH-00/P2-GATE14-C9-SOC-IO-SAFE-BIT-07/tb_a7ng_gate14_c9_soc_cofit.sv" Line 391
run: Time (s): cpu = 00:00:00 ; elapsed = 00:06:30 . Memory (MB): peak = 228.039 ; gain = 0.000
exit
INFO: xsimkernel Simulation Memory Usage: 22504 KB (Peak: 22504 KB), Simulation CPU Usage: 332374 ms
INFO: [Common 17-206] Exiting xsim at Fri Sep  4 05:46:39 2026...
