#-----------------------------------------------------------
# xsim v2026.1 (64-bit)
# SW Build 6511674 on Tue Jun 16 11:02:23 MDT 2026
# IP Build 6504888 on Tue Jun 09 09:05:25 MDT 2026
# SharedData Build 6501428 on Mon Jun 08 17:34:18 MDT 2026
# Start of session at: Fri Sep  4 01:07:13 2026
# Process ID         : 21828
# Current directory  : D:/Jetking_sem4/SEM_4/arty-a7-online-lm-g14-preboard-00/tests/xsim
# Command line       : xsim.exe -log D:/Jetking_sem4/SEM_4/arty-a7-online-lm-g14-preboard-00/results/A7-NATIVE-GRAPH/GROK-ORCH-00/G14-SCALE-800K-00/n256_xsim.log -mode tcl -source {xsim.dir/g14s256/xsim_script.tcl}
# Log file           : D:/Jetking_sem4/SEM_4/arty-a7-online-lm-g14-preboard-00/results/A7-NATIVE-GRAPH/GROK-ORCH-00/G14-SCALE-800K-00/n256_xsim.log
# Journal file       : D:/Jetking_sem4/SEM_4/arty-a7-online-lm-g14-preboard-00/tests/xsim\xsim.jou
# Running On         : laptop-Quan
# Platform           : Windows 11
# Operating System   : 22621
# Processor Detail   : AMD Ryzen 7 5800HS with Radeon Graphics         
# CPU Frequency      : 3194 MHz
# CPU Physical cores : 8
# CPU Logical cores  : 16
# Host memory        : 16541 MB
# Swap memory        : 34171 MB
# Total Virtual      : 50713 MB
# Available Virtual  : 23671 MB
#-----------------------------------------------------------
source xsim.dir/g14s256/xsim_script.tcl
# xsim {g14s256} -autoloadwcfg -runall
Time resolution is 1 fs
run -all
WARNING: file design.txt could not be opened
 *** Warning: The analog data file design.txt for XADC instance tb_g14_scale_n256_mig.u_mig.u_mig.u_mig_7series_0_mig.temp_mon_enabled.u_tempmon.xadc_supplied_temperature.XADC_inst was not found. Use the SIM_MONITOR_FILE parameter to specify the analog data file name or use the default name: design.txt.

############# Write Clocks PLLE2_ADV Parameters #############

nCK_PER_CLK      =       4
CLK_PERIOD       =    6000
CLKIN1_PERIOD    =   6.000
DIVCLK_DIVIDE    =       1
CLKFBOUT_MULT    =       8
VCO_PERIOD       =   750.0
CLKOUT0_DIVIDE_F =       2
CLKOUT1_DIVIDE   =       4
CLKOUT2_DIVIDE   =      64
CLKOUT3_DIVIDE   =      16
CLKOUT0_PERIOD   =    1500
CLKOUT1_PERIOD   =    3000
CLKOUT2_PERIOD   =   48000
CLKOUT3_PERIOD   =   12000
CLKOUT4_PERIOD   =    6000
############################################################

############# MMCME2_ADV Parameters #############

MMCM_MULT_F           =           8
MMCM_VCO_FREQ (MHz)   = 666.000
MMCM_VCO_PERIOD       = 1501.502
#################################################

tb_g14_scale_n256_mig.u_mig.u_mig.u_mig_7series_0_mig.u_memc_ui_top_axi.mem_intfc0.ddr_phy_top0.u_ddr_mc_phy_wrapper.u_ddr_mc_phy : BYTE_LANES_B0 = f BYTE_LANES_B1 = 0 DATA_CTL_B0 = c DATA_CTL_B1 = 0
tb_g14_scale_n256_mig.u_mig.u_mig.u_mig_7series_0_mig.u_memc_ui_top_axi.mem_intfc0.ddr_phy_top0.u_ddr_mc_phy_wrapper.u_ddr_mc_phy : HIGHEST_LANE =           4 HIGHEST_LANE_B0 =           4 HIGHEST_LANE_B1 =           0
tb_g14_scale_n256_mig.u_mig.u_mig.u_mig_7series_0_mig.u_memc_ui_top_axi.mem_intfc0.ddr_phy_top0.u_ddr_mc_phy_wrapper.u_ddr_mc_phy : HIGHEST_BANK =           1
tb_g14_scale_n256_mig.u_mig.u_mig.u_mig_7series_0_mig.u_memc_ui_top_axi.mem_intfc0.ddr_phy_top0.u_ddr_mc_phy_wrapper.u_ddr_mc_phy : FREQ_REF_PERIOD         = 1500.00 
tb_g14_scale_n256_mig.u_mig.u_mig.u_mig_7series_0_mig.u_memc_ui_top_axi.mem_intfc0.ddr_phy_top0.u_ddr_mc_phy_wrapper.u_ddr_mc_phy : DDR_TCK                 = 3000 
tb_g14_scale_n256_mig.u_mig.u_mig.u_mig_7series_0_mig.u_memc_ui_top_axi.mem_intfc0.ddr_phy_top0.u_ddr_mc_phy_wrapper.u_ddr_mc_phy : PO_S2_TAPS_SIZE         = 11.72 
tb_g14_scale_n256_mig.u_mig.u_mig.u_mig_7series_0_mig.u_memc_ui_top_axi.mem_intfc0.ddr_phy_top0.u_ddr_mc_phy_wrapper.u_ddr_mc_phy : PO_CIRC_BUF_EARLY       = 1 
tb_g14_scale_n256_mig.u_mig.u_mig.u_mig_7series_0_mig.u_memc_ui_top_axi.mem_intfc0.ddr_phy_top0.u_ddr_mc_phy_wrapper.u_ddr_mc_phy : PO_CIRC_BUF_OFFSET      = 1557.90 
tb_g14_scale_n256_mig.u_mig.u_mig.u_mig_7series_0_mig.u_memc_ui_top_axi.mem_intfc0.ddr_phy_top0.u_ddr_mc_phy_wrapper.u_ddr_mc_phy : PO_CIRC_BUF_META_ZONE   = 200.00 
tb_g14_scale_n256_mig.u_mig.u_mig.u_mig_7series_0_mig.u_memc_ui_top_axi.mem_intfc0.ddr_phy_top0.u_ddr_mc_phy_wrapper.u_ddr_mc_phy : PO_STG2_FINE_INTR_DLY   = 874.70 
tb_g14_scale_n256_mig.u_mig.u_mig.u_mig_7series_0_mig.u_memc_ui_top_axi.mem_intfc0.ddr_phy_top0.u_ddr_mc_phy_wrapper.u_ddr_mc_phy : PO_STG2_COARSE_INTR_DLY = 567.40 
tb_g14_scale_n256_mig.u_mig.u_mig.u_mig_7series_0_mig.u_memc_ui_top_axi.mem_intfc0.ddr_phy_top0.u_ddr_mc_phy_wrapper.u_ddr_mc_phy : PO_STG2_INTRINSIC_DELAY = 1442.10 
tb_g14_scale_n256_mig.u_mig.u_mig.u_mig_7series_0_mig.u_memc_ui_top_axi.mem_intfc0.ddr_phy_top0.u_ddr_mc_phy_wrapper.u_ddr_mc_phy : PO_CIRC_BUF_DELAY       = 60 
tb_g14_scale_n256_mig.u_mig.u_mig.u_mig_7series_0_mig.u_memc_ui_top_axi.mem_intfc0.ddr_phy_top0.u_ddr_mc_phy_wrapper.u_ddr_mc_phy : PO_INTRINSIC_DELAY      = 1442.10 
tb_g14_scale_n256_mig.u_mig.u_mig.u_mig_7series_0_mig.u_memc_ui_top_axi.mem_intfc0.ddr_phy_top0.u_ddr_mc_phy_wrapper.u_ddr_mc_phy : PO_DELAY                = 2145.22 
tb_g14_scale_n256_mig.u_mig.u_mig.u_mig_7series_0_mig.u_memc_ui_top_axi.mem_intfc0.ddr_phy_top0.u_ddr_mc_phy_wrapper.u_ddr_mc_phy : PO_OCLK_DELAY           = 0 
tb_g14_scale_n256_mig.u_mig.u_mig.u_mig_7series_0_mig.u_memc_ui_top_axi.mem_intfc0.ddr_phy_top0.u_ddr_mc_phy_wrapper.u_ddr_mc_phy : L_PHY_0_PO_FINE_DELAY   = 60 
tb_g14_scale_n256_mig.u_mig.u_mig.u_mig_7series_0_mig.u_memc_ui_top_axi.mem_intfc0.ddr_phy_top0.u_ddr_mc_phy_wrapper.u_ddr_mc_phy : PI_STG1_INTRINSIC_DELAY = 0.00 
tb_g14_scale_n256_mig.u_mig.u_mig.u_mig_7series_0_mig.u_memc_ui_top_axi.mem_intfc0.ddr_phy_top0.u_ddr_mc_phy_wrapper.u_ddr_mc_phy : PI_STG2_INTRINSIC_DELAY = 849.45 
tb_g14_scale_n256_mig.u_mig.u_mig.u_mig_7series_0_mig.u_memc_ui_top_axi.mem_intfc0.ddr_phy_top0.u_ddr_mc_phy_wrapper.u_ddr_mc_phy : PI_INTRINSIC_DELAY      = 849.45 
tb_g14_scale_n256_mig.u_mig.u_mig.u_mig_7series_0_mig.u_memc_ui_top_axi.mem_intfc0.ddr_phy_top0.u_ddr_mc_phy_wrapper.u_ddr_mc_phy : PI_MAX_STG2_DELAY       = 738.28 
tb_g14_scale_n256_mig.u_mig.u_mig.u_mig_7series_0_mig.u_memc_ui_top_axi.mem_intfc0.ddr_phy_top0.u_ddr_mc_phy_wrapper.u_ddr_mc_phy : PI_OFFSET               = 96.00 
tb_g14_scale_n256_mig.u_mig.u_mig.u_mig_7series_0_mig.u_memc_ui_top_axi.mem_intfc0.ddr_phy_top0.u_ddr_mc_phy_wrapper.u_ddr_mc_phy : PI_STG2_DELAY           = 96.00 
tb_g14_scale_n256_mig.u_mig.u_mig.u_mig_7series_0_mig.u_memc_ui_top_axi.mem_intfc0.ddr_phy_top0.u_ddr_mc_phy_wrapper.u_ddr_mc_phy :PI_STG2_DELAY_CAND       = 96.00 
tb_g14_scale_n256_mig.u_mig.u_mig.u_mig_7series_0_mig.u_memc_ui_top_axi.mem_intfc0.ddr_phy_top0.u_ddr_mc_phy_wrapper.u_ddr_mc_phy : DEFAULT_RCLK_DELAY      = 8 
tb_g14_scale_n256_mig.u_mig.u_mig.u_mig_7series_0_mig.u_memc_ui_top_axi.mem_intfc0.ddr_phy_top0.u_ddr_mc_phy_wrapper.u_ddr_mc_phy : RCLK_SELECT_EDGE        = 111 
PREREG_GATE: ddr_cue_soa_00r_axi_liveness
PREREG_UNKNOWN: SOA layout reduce first-stage DDR bytes/query without law change?
PREREG_CONTROL: AOS 16B/cand = 4096 B/query
PREREG_H_CANDIDATE: SOA 104b fields in 3 columns = 3328 B/query
PREREG_UNIT: TOTAL=256 candidates
tb_g14_scale_n256_mig.gen_mem[0].u_comp_ddr3.reset at time 1646725.0 ps WARNING: 200 us is required before RST_N goes inactive.
tb_g14_scale_n256_mig.gen_mem[0].u_comp_ddr3.cmd_task at time 1725466.0 ps WARNING: 500 us is required after RST_N goes inactive before CKE goes active.
tb_g14_scale_n256_mig.gen_mem[0].u_comp_ddr3.cmd_task: at time 2064466.0 ps INFO: Load Mode 2
tb_g14_scale_n256_mig.gen_mem[0].u_comp_ddr3.cmd_task: at time 2064466.0 ps INFO: Load Mode 2 Partial Array Self Refresh = Bank 0-7
tb_g14_scale_n256_mig.gen_mem[0].u_comp_ddr3.cmd_task: at time 2064466.0 ps INFO: Load Mode 2 CAS Write Latency =           5
tb_g14_scale_n256_mig.gen_mem[0].u_comp_ddr3.cmd_task: at time 2064466.0 ps INFO: Load Mode 2 Auto Self Refresh = Disabled
tb_g14_scale_n256_mig.gen_mem[0].u_comp_ddr3.cmd_task: at time 2064466.0 ps INFO: Load Mode 2 Self Refresh Temperature = Normal
tb_g14_scale_n256_mig.gen_mem[0].u_comp_ddr3.cmd_task: at time 2064466.0 ps INFO: Load Mode 2 Dynamic ODT = Disabled
tb_g14_scale_n256_mig.gen_mem[0].u_comp_ddr3.cmd_task: at time 3624466.0 ps INFO: Load Mode 3
tb_g14_scale_n256_mig.gen_mem[0].u_comp_ddr3.cmd_task: at time 3624466.0 ps INFO: Load Mode 3 MultiPurpose Register Select = Pre-defined pattern
tb_g14_scale_n256_mig.gen_mem[0].u_comp_ddr3.cmd_task: at time 3624466.0 ps INFO: Load Mode 3 MultiPurpose Register Enable = Disabled
tb_g14_scale_n256_mig.gen_mem[0].u_comp_ddr3.cmd_task: at time 5184466.0 ps INFO: Load Mode 1
tb_g14_scale_n256_mig.gen_mem[0].u_comp_ddr3.cmd_task: at time 5184466.0 ps INFO: Load Mode 1 DLL Enable = Enabled
tb_g14_scale_n256_mig.gen_mem[0].u_comp_ddr3.cmd_task: at time 5184466.0 ps INFO: Load Mode 1 Output Drive Strength =          40 Ohm
tb_g14_scale_n256_mig.gen_mem[0].u_comp_ddr3.cmd_task: at time 5184466.0 ps INFO: Load Mode 1 ODT Rtt =          40 Ohm
tb_g14_scale_n256_mig.gen_mem[0].u_comp_ddr3.cmd_task: at time 5184466.0 ps INFO: Load Mode 1 Additive Latency = 0
tb_g14_scale_n256_mig.gen_mem[0].u_comp_ddr3.cmd_task: at time 5184466.0 ps INFO: Load Mode 1 Write Levelization = Disabled
tb_g14_scale_n256_mig.gen_mem[0].u_comp_ddr3.cmd_task: at time 5184466.0 ps INFO: Load Mode 1 TDQS Enable = Disabled
tb_g14_scale_n256_mig.gen_mem[0].u_comp_ddr3.cmd_task: at time 5184466.0 ps INFO: Load Mode 1 Qoff = Enabled
tb_g14_scale_n256_mig.gen_mem[0].u_comp_ddr3.cmd_task: at time 6744466.0 ps INFO: Load Mode 0
tb_g14_scale_n256_mig.gen_mem[0].u_comp_ddr3.cmd_task: at time 6744466.0 ps INFO: Load Mode 0 Burst Length =  8
tb_g14_scale_n256_mig.gen_mem[0].u_comp_ddr3.cmd_task: at time 6744466.0 ps INFO: Load Mode 0 Burst Order = Sequential
tb_g14_scale_n256_mig.gen_mem[0].u_comp_ddr3.cmd_task: at time 6744466.0 ps INFO: Load Mode 0 CAS Latency =           5
tb_g14_scale_n256_mig.gen_mem[0].u_comp_ddr3.cmd_task: at time 6744466.0 ps INFO: Load Mode 0 DLL Reset = Reset DLL
tb_g14_scale_n256_mig.gen_mem[0].u_comp_ddr3.cmd_task: at time 6744466.0 ps INFO: Load Mode 0 Write Recovery =           5
tb_g14_scale_n256_mig.gen_mem[0].u_comp_ddr3.cmd_task: at time 6744466.0 ps INFO: Load Mode 0 Power Down Mode = DLL off
tb_g14_scale_n256_mig.gen_mem[0].u_comp_ddr3.cmd_task: at time 8304466.0 ps INFO: ZQ        long = 1
tb_g14_scale_n256_mig.gen_mem[0].u_comp_ddr3.cmd_task: at time 8304466.0 ps INFO: Initialization Sequence is complete
PHY_INIT: Memory Initialization completed at 11282725.0 ps
tb_g14_scale_n256_mig.gen_mem[0].u_comp_ddr3.cmd_task: at time 11400466.0 ps INFO: Activate  bank 0 row 0000
tb_g14_scale_n256_mig.gen_mem[0].u_comp_ddr3.cmd_task: at time 12960466.0 ps INFO: Read      bank 0 col 000, auto precharge 0
tb_g14_scale_n256_mig.gen_mem[0].u_comp_ddr3.cmd_task: at time 12972466.0 ps INFO: Read      bank 0 col 000, auto precharge 0
tb_g14_scale_n256_mig.gen_mem[0].u_comp_ddr3.data_task: at time 12973966.0 ps INFO: READ @ DQS= bank = 0 row = 0000 col = 00000000 data = xxxx
tb_g14_scale_n256_mig.gen_mem[0].u_comp_ddr3.data_task: at time 12975466.0 ps INFO: READ @ DQS= bank = 0 row = 0000 col = 00000001 data = xxxx
tb_g14_scale_n256_mig.gen_mem[0].u_comp_ddr3.data_task: at time 12976966.0 ps INFO: READ @ DQS= bank = 0 row = 0000 col = 00000002 data = xxxx
tb_g14_scale_n256_mig.gen_mem[0].u_comp_ddr3.data_task: at time 12978466.0 ps INFO: READ @ DQS= bank = 0 row = 0000 col = 00000003 data = xxxx
tb_g14_scale_n256_mig.gen_mem[0].u_comp_ddr3.data_task: at time 12979966.0 ps INFO: READ @ DQS= bank = 0 row = 0000 col = 00000004 data = xxxx
tb_g14_scale_n256_mig.gen_mem[0].u_comp_ddr3.data_task: at time 12981466.0 ps INFO: READ @ DQS= bank = 0 row = 0000 col = 00000005 data = xxxx
tb_g14_scale_n256_mig.gen_mem[0].u_comp_ddr3.data_task: at time 12982966.0 ps INFO: READ @ DQS= bank = 0 row = 0000 col = 00000006 data = xxxx
tb_g14_scale_n256_mig.gen_mem[0].u_comp_ddr3.data_task: at time 12984466.0 ps INFO: READ @ DQS= bank = 0 row = 0000 col = 00000007 data = xxxx
tb_g14_scale_n256_mig.gen_mem[0].u_comp_ddr3.cmd_task: at time 12984466.0 ps INFO: Read      bank 0 col 000, auto precharge 0
tb_g14_scale_n256_mig.gen_mem[0].u_comp_ddr3.data_task: at time 12985966.0 ps INFO: READ @ DQS= bank = 0 row = 0000 col = 00000000 data = xxxx
tb_g14_scale_n256_mig.gen_mem[0].u_comp_ddr3.data_task: at time 12987466.0 ps INFO: READ @ DQS= bank = 0 row = 0000 col = 00000001 data = xxxx
tb_g14_scale_n256_mig.gen_mem[0].u_comp_ddr3.data_task: at time 12988966.0 ps INFO: READ @ DQS= bank = 0 row = 0000 col = 00000002 data = xxxx
tb_g14_scale_n256_mig.gen_mem[0].u_comp_ddr3.data_task: at time 12990466.0 ps INFO: READ @ DQS= bank = 0 row = 0000 col = 00000003 data = xxxx
tb_g14_scale_n256_mig.gen_mem[0].u_comp_ddr3.data_task: at time 12991966.0 ps INFO: READ @ DQS= bank = 0 row = 0000 col = 00000004 data = xxxx
tb_g14_scale_n256_mig.gen_mem[0].u_comp_ddr3.data_task: at time 12993466.0 ps INFO: READ @ DQS= bank = 0 row = 0000 col = 00000005 data = xxxx
tb_g14_scale_n256_mig.gen_mem[0].u_comp_ddr3.data_task: at time 12994966.0 ps INFO: READ @ DQS= bank = 0 row = 0000 col = 00000006 data = xxxx
tb_g14_scale_n256_mig.gen_mem[0].u_comp_ddr3.data_task: at time 12996466.0 ps INFO: READ @ DQS= bank = 0 row = 0000 col = 00000007 data = xxxx
tb_g14_scale_n256_mig.gen_mem[0].u_comp_ddr3.cmd_task: at time 12996466.0 ps INFO: Read      bank 0 col 000, auto precharge 0
tb_g14_scale_n256_mig.gen_mem[0].u_comp_ddr3.data_task: at time 12997966.0 ps INFO: READ @ DQS= bank = 0 row = 0000 col = 00000000 data = xxxx
tb_g14_scale_n256_mig.gen_mem[0].u_comp_ddr3.data_task: at time 12999466.0 ps INFO: READ @ DQS= bank = 0 row = 0000 col = 00000001 data = xxxx
tb_g14_scale_n256_mig.gen_mem[0].u_comp_ddr3.data_task: at time 13000966.0 ps INFO: READ @ DQS= bank = 0 row = 0000 col = 00000002 data = xxxx
tb_g14_scale_n256_mig.gen_mem[0].u_comp_ddr3.data_task: at time 13002466.0 ps INFO: READ @ DQS= bank = 0 row = 0000 col = 00000003 data = xxxx
tb_g14_scale_n256_mig.gen_mem[0].u_comp_ddr3.data_task: at time 13003966.0 ps INFO: READ @ DQS= bank = 0 row = 0000 col = 00000004 data = xxxx
tb_g14_scale_n256_mig.gen_mem[0].u_comp_ddr3.data_task: at time 13005466.0 ps INFO: READ @ DQS= bank = 0 row = 0000 col = 00000005 data = xxxx
tb_g14_scale_n256_mig.gen_mem[0].u_comp_ddr3.data_task: at time 13006966.0 ps INFO: READ @ DQS= bank = 0 row = 0000 col = 00000006 data = xxxx
tb_g14_scale_n256_mig.gen_mem[0].u_comp_ddr3.data_task: at time 13008466.0 ps INFO: READ @ DQS= bank = 0 row = 0000 col = 00000007 data = xxxx
tb_g14_scale_n256_mig.gen_mem[0].u_comp_ddr3.cmd_task: at time 13008466.0 ps INFO: Read      bank 0 col 000, auto precharge 0
tb_g14_scale_n256_mig.gen_mem[0].u_comp_ddr3.data_task: at time 13009966.0 ps INFO: READ @ DQS= bank = 0 row = 0000 col = 00000000 data = xxxx
tb_g14_scale_n256_mig.gen_mem[0].u_comp_ddr3.data_task: at time 13011466.0 ps INFO: READ @ DQS= bank = 0 row = 0000 col = 00000001 data = xxxx
tb_g14_scale_n256_mig.gen_mem[0].u_comp_ddr3.data_task: at time 13012966.0 ps INFO: READ @ DQS= bank = 0 row = 0000 col = 00000002 data = xxxx
tb_g14_scale_n256_mig.gen_mem[0].u_comp_ddr3.data_task: at time 13014466.0 ps INFO: READ @ DQS= bank = 0 row = 0000 col = 00000003 data = xxxx
tb_g14_scale_n256_mig.gen_mem[0].u_comp_ddr3.data_task: at time 13015966.0 ps INFO: READ @ DQS= bank = 0 row = 0000 col = 00000004 data = xxxx
tb_g14_scale_n256_mig.gen_mem[0].u_comp_ddr3.data_task: at time 13017466.0 ps INFO: READ @ DQS= bank = 0 row = 0000 col = 00000005 data = xxxx
tb_g14_scale_n256_mig.gen_mem[0].u_comp_ddr3.data_task: at time 13018966.0 ps INFO: READ @ DQS= bank = 0 row = 0000 col = 00000006 data = xxxx
tb_g14_scale_n256_mig.gen_mem[0].u_comp_ddr3.data_task: at time 13020466.0 ps INFO: READ @ DQS= bank = 0 row = 0000 col = 00000007 data = xxxx
tb_g14_scale_n256_mig.gen_mem[0].u_comp_ddr3.cmd_task: at time 13020466.0 ps INFO: Read      bank 0 col 000, auto precharge 0
tb_g14_scale_n256_mig.gen_mem[0].u_comp_ddr3.data_task: at time 13021966.0 ps INFO: READ @ DQS= bank = 0 row = 0000 col = 00000000 data = xxxx
tb_g14_scale_n256_mig.gen_mem[0].u_comp_ddr3.data_task: at time 13023466.0 ps INFO: READ @ DQS= bank = 0 row = 0000 col = 00000001 data = xxxx
tb_g14_scale_n256_mig.gen_mem[0].u_comp_ddr3.data_task: at time 13024966.0 ps INFO: READ @ DQS= bank = 0 row = 0000 col = 00000002 data = xxxx
tb_g14_scale_n256_mig.gen_mem[0].u_comp_ddr3.data_task: at time 13026466.0 ps INFO: READ @ DQS= bank = 0 row = 0000 col = 00000003 data = xxxx
tb_g14_scale_n256_mig.gen_mem[0].u_comp_ddr3.data_task: at time 13027966.0 ps INFO: READ @ DQS= bank = 0 row = 0000 col = 00000004 data = xxxx
tb_g14_scale_n256_mig.gen_mem[0].u_comp_ddr3.data_task: at time 13029466.0 ps INFO: READ @ DQS= bank = 0 row = 0000 col = 00000005 data = xxxx
tb_g14_scale_n256_mig.gen_mem[0].u_comp_ddr3.data_task: at time 13030966.0 ps INFO: READ @ DQS= bank = 0 row = 0000 col = 00000006 data = xxxx
tb_g14_scale_n256_mig.gen_mem[0].u_comp_ddr3.data_task: at time 13032466.0 ps INFO: READ @ DQS= bank = 0 row = 0000 col = 00000007 data = xxxx
tb_g14_scale_n256_mig.gen_mem[0].u_comp_ddr3.cmd_task: at time 13032466.0 ps INFO: Read      bank 0 col 000, auto precharge 0
tb_g14_scale_n256_mig.gen_mem[0].u_comp_ddr3.data_task: at time 13033966.0 ps INFO: READ @ DQS= bank = 0 row = 0000 col = 00000000 data = xxxx
tb_g14_scale_n256_mig.gen_mem[0].u_comp_ddr3.data_task: at time 13035466.0 ps INFO: READ @ DQS= bank = 0 row = 0000 col = 00000001 data = xxxx
tb_g14_scale_n256_mig.gen_mem[0].u_comp_ddr3.data_task: at time 13036966.0 ps INFO: READ @ DQS= bank = 0 row = 0000 col = 00000002 data = xxxx
tb_g14_scale_n256_mig.gen_mem[0].u_comp_ddr3.data_task: at time 13038466.0 ps INFO: READ @ DQS= bank = 0 row = 0000 col = 00000003 data = xxxx
tb_g14_scale_n256_mig.gen_mem[0].u_comp_ddr3.data_task: at time 13039966.0 ps INFO: READ @ DQS= bank = 0 row = 0000 col = 00000004 data = xxxx
tb_g14_scale_n256_mig.gen_mem[0].u_comp_ddr3.data_task: at time 13041466.0 ps INFO: READ @ DQS= bank = 0 row = 0000 col = 00000005 data = xxxx
tb_g14_scale_n256_mig.gen_mem[0].u_comp_ddr3.data_task: at time 13042966.0 ps INFO: READ @ DQS= bank = 0 row = 0000 col = 00000006 data = xxxx
tb_g14_scale_n256_mig.gen_mem[0].u_comp_ddr3.data_task: at time 13044466.0 ps INFO: READ @ DQS= bank = 0 row = 0000 col = 00000007 data = xxxx
tb_g14_scale_n256_mig.gen_mem[0].u_comp_ddr3.cmd_task: at time 13044466.0 ps INFO: Read      bank 0 col 000, auto precharge 0
tb_g14_scale_n256_mig.gen_mem[0].u_comp_ddr3.data_task: at time 13045966.0 ps INFO: READ @ DQS= bank = 0 row = 0000 col = 00000000 data = xxxx
tb_g14_scale_n256_mig.gen_mem[0].u_comp_ddr3.data_task: at time 13047466.0 ps INFO: READ @ DQS= bank = 0 row = 0000 col = 00000001 data = xxxx
tb_g14_scale_n256_mig.gen_mem[0].u_comp_ddr3.data_task: at time 13048966.0 ps INFO: READ @ DQS= bank = 0 row = 0000 col = 00000002 data = xxxx
tb_g14_scale_n256_mig.gen_mem[0].u_comp_ddr3.data_task: at time 13050466.0 ps INFO: READ @ DQS= bank = 0 row = 0000 col = 00000003 data = xxxx
tb_g14_scale_n256_mig.gen_mem[0].u_comp_ddr3.data_task: at time 13051966.0 ps INFO: READ @ DQS= bank = 0 row = 0000 col = 00000004 data = xxxx
tb_g14_scale_n256_mig.gen_mem[0].u_comp_ddr3.data_task: at time 13053466.0 ps INFO: READ @ DQS= bank = 0 row = 0000 col = 00000005 data = xxxx
tb_g14_scale_n256_mig.gen_mem[0].u_comp_ddr3.data_task: at time 13054966.0 ps INFO: READ @ DQS= bank = 0 row = 0000 col = 00000006 data = xxxx
tb_g14_scale_n256_mig.gen_mem[0].u_comp_ddr3.data_task: at time 13056466.0 ps INFO: READ @ DQS= bank = 0 row = 0000 col = 00000007 data = xxxx
tb_g14_scale_n256_mig.gen_mem[0].u_comp_ddr3.cmd_task: at time 13056466.0 ps INFO: Read      bank 0 col 000, auto precharge 0
tb_g14_scale_n256_mig.gen_mem[0].u_comp_ddr3.data_task: at time 13057966.0 ps INFO: READ @ DQS= bank = 0 row = 0000 col = 00000000 data = xxxx
tb_g14_scale_n256_mig.gen_mem[0].u_comp_ddr3.data_task: at time 13059466.0 ps INFO: READ @ DQS= bank = 0 row = 0000 col = 00000001 data = xxxx
tb_g14_scale_n256_mig.gen_mem[0].u_comp_ddr3.data_task: at time 13060966.0 ps INFO: READ @ DQS= bank = 0 row = 0000 col = 00000002 data = xxxx
tb_g14_scale_n256_mig.gen_mem[0].u_comp_ddr3.data_task: at time 13062466.0 ps INFO: READ @ DQS= bank = 0 row = 0000 col = 00000003 data = xxxx
tb_g14_scale_n256_mig.gen_mem[0].u_comp_ddr3.data_task: at time 13063966.0 ps INFO: READ @ DQS= bank = 0 row = 0000 col = 00000004 data = xxxx
tb_g14_scale_n256_mig.gen_mem[0].u_comp_ddr3.data_task: at time 13065466.0 ps INFO: READ @ DQS= bank = 0 row = 0000 col = 00000005 data = xxxx
tb_g14_scale_n256_mig.gen_mem[0].u_comp_ddr3.data_task: at time 13066966.0 ps INFO: READ @ DQS= bank = 0 row = 0000 col = 00000006 data = xxxx
tb_g14_scale_n256_mig.gen_mem[0].u_comp_ddr3.data_task: at time 13068466.0 ps INFO: READ @ DQS= bank = 0 row = 0000 col = 00000007 data = xxxx
tb_g14_scale_n256_mig.gen_mem[0].u_comp_ddr3.cmd_task: at time 13068466.0 ps INFO: Read      bank 0 col 000, auto precharge 0
tb_g14_scale_n256_mig.gen_mem[0].u_comp_ddr3.data_task: at time 13069966.0 ps INFO: READ @ DQS= bank = 0 row = 0000 col = 00000000 data = xxxx
tb_g14_scale_n256_mig.gen_mem[0].u_comp_ddr3.data_task: at time 13071466.0 ps INFO: READ @ DQS= bank = 0 row = 0000 col = 00000001 data = xxxx
tb_g14_scale_n256_mig.gen_mem[0].u_comp_ddr3.data_task: at time 13072966.0 ps INFO: READ @ DQS= bank = 0 row = 0000 col = 00000002 data = xxxx
tb_g14_scale_n256_mig.gen_mem[0].u_comp_ddr3.data_task: at time 13074466.0 ps INFO: READ @ DQS= bank = 0 row = 0000 col = 00000003 data = xxxx
tb_g14_scale_n256_mig.gen_mem[0].u_comp_ddr3.data_task: at time 13075966.0 ps INFO: READ @ DQS= bank = 0 row = 0000 col = 00000004 data = xxxx
tb_g14_scale_n256_mig.gen_mem[0].u_comp_ddr3.data_task: at time 13077466.0 ps INFO: READ @ DQS= bank = 0 row = 0000 col = 00000005 data = xxxx
tb_g14_scale_n256_mig.gen_mem[0].u_comp_ddr3.data_task: at time 13078966.0 ps INFO: READ @ DQS= bank = 0 row = 0000 col = 00000006 data = xxxx
tb_g14_scale_n256_mig.gen_mem[0].u_comp_ddr3.data_task: at time 13080466.0 ps INFO: READ @ DQS= bank = 0 row = 0000 col = 00000007 data = xxxx
tb_g14_scale_n256_mig.gen_mem[0].u_comp_ddr3.cmd_task: at time 13080466.0 ps INFO: Read      bank 0 col 000, auto precharge 0
tb_g14_scale_n256_mig.gen_mem[0].u_comp_ddr3.data_task: at time 13081966.0 ps INFO: READ @ DQS= bank = 0 row = 0000 col = 00000000 data = xxxx
tb_g14_scale_n256_mig.gen_mem[0].u_comp_ddr3.data_task: at time 13083466.0 ps INFO: READ @ DQS= bank = 0 row = 0000 col = 00000001 data = xxxx
tb_g14_scale_n256_mig.gen_mem[0].u_comp_ddr3.data_task: at time 13084966.0 ps INFO: READ @ DQS= bank = 0 row = 0000 col = 00000002 data = xxxx
tb_g14_scale_n256_mig.gen_mem[0].u_comp_ddr3.data_task: at time 13086466.0 ps INFO: READ @ DQS= bank = 0 row = 0000 col = 00000003 data = xxxx
tb_g14_scale_n256_mig.gen_mem[0].u_comp_ddr3.data_task: at time 13087966.0 ps INFO: READ @ DQS= bank = 0 row = 0000 col = 00000004 data = xxxx
tb_g14_scale_n256_mig.gen_mem[0].u_comp_ddr3.data_task: at time 13089466.0 ps INFO: READ @ DQS= bank = 0 row = 0000 col = 00000005 data = xxxx
tb_g14_scale_n256_mig.gen_mem[0].u_comp_ddr3.data_task: at time 13090966.0 ps INFO: READ @ DQS= bank = 0 row = 0000 col = 00000006 data = xxxx
tb_g14_scale_n256_mig.gen_mem[0].u_comp_ddr3.data_task: at time 13092466.0 ps INFO: READ @ DQS= bank = 0 row = 0000 col = 00000007 data = xxxx
tb_g14_scale_n256_mig.gen_mem[0].u_comp_ddr3.cmd_task: at time 13092466.0 ps INFO: Read      bank 0 col 000, auto precharge 0
tb_g14_scale_n256_mig.gen_mem[0].u_comp_ddr3.data_task: at time 13093966.0 ps INFO: READ @ DQS= bank = 0 row = 0000 col = 00000000 data = xxxx
tb_g14_scale_n256_mig.gen_mem[0].u_comp_ddr3.data_task: at time 13095466.0 ps INFO: READ @ DQS= bank = 0 row = 0000 col = 00000001 data = xxxx
tb_g14_scale_n256_mig.gen_mem[0].u_comp_ddr3.data_task: at time 13096966.0 ps INFO: READ @ DQS= bank = 0 row = 0000 col = 00000002 data = xxxx
tb_g14_scale_n256_mig.gen_mem[0].u_comp_ddr3.data_task: at time 13098466.0 ps INFO: READ @ DQS= bank = 0 row = 0000 col = 00000003 data = xxxx
tb_g14_scale_n256_mig.gen_mem[0].u_comp_ddr3.data_task: at time 13099966.0 ps INFO: READ @ DQS= bank = 0 row = 0000 col = 00000004 data = xxxx
tb_g14_scale_n256_mig.gen_mem[0].u_comp_ddr3.data_task: at time 13101466.0 ps INFO: READ @ DQS= bank = 0 row = 0000 col = 00000005 data = xxxx
tb_g14_scale_n256_mig.gen_mem[0].u_comp_ddr3.data_task: at time 13102966.0 ps INFO: READ @ DQS= bank = 0 row = 0000 col = 00000006 data = xxxx
tb_g14_scale_n256_mig.gen_mem[0].u_comp_ddr3.data_task: at time 13104466.0 ps INFO: READ @ DQS= bank = 0 row = 0000 col = 00000007 data = xxxx
tb_g14_scale_n256_mig.gen_mem[0].u_comp_ddr3.cmd_task: at time 13104466.0 ps INFO: Read      bank 0 col 000, auto precharge 0
tb_g14_scale_n256_mig.gen_mem[0].u_comp_ddr3.data_task: at time 13105966.0 ps INFO: READ @ DQS= bank = 0 row = 0000 col = 00000000 data = xxxx
tb_g14_scale_n256_mig.gen_mem[0].u_comp_ddr3.data_task: at time 13107466.0 ps INFO: READ @ DQS= bank = 0 row = 0000 col = 00000001 data = xxxx
tb_g14_scale_n256_mig.gen_mem[0].u_comp_ddr3.data_task: at time 13108966.0 ps INFO: READ @ DQS= bank = 0 row = 0000 col = 00000002 data = xxxx
tb_g14_scale_n256_mig.gen_mem[0].u_comp_ddr3.data_task: at time 13110466.0 ps INFO: READ @ DQS= bank = 0 row = 0000 col = 00000003 data = xxxx
tb_g14_scale_n256_mig.gen_mem[0].u_comp_ddr3.data_task: at time 13111966.0 ps INFO: READ @ DQS= bank = 0 row = 0000 col = 00000004 data = xxxx
tb_g14_scale_n256_mig.gen_mem[0].u_comp_ddr3.data_task: at time 13113466.0 ps INFO: READ @ DQS= bank = 0 row = 0000 col = 00000005 data = xxxx
tb_g14_scale_n256_mig.gen_mem[0].u_comp_ddr3.data_task: at time 13114966.0 ps INFO: READ @ DQS= bank = 0 row = 0000 col = 00000006 data = xxxx
tb_g14_scale_n256_mig.gen_mem[0].u_comp_ddr3.data_task: at time 13116466.0 ps INFO: READ @ DQS= bank = 0 row = 0000 col = 00000007 data = xxxx
tb_g14_scale_n256_mig.gen_mem[0].u_comp_ddr3.cmd_task: at time 13116466.0 ps INFO: Read      bank 0 col 000, auto precharge 0
tb_g14_scale_n256_mig.gen_mem[0].u_comp_ddr3.data_task: at time 13117966.0 ps INFO: READ @ DQS= bank = 0 row = 0000 col = 00000000 data = xxxx
tb_g14_scale_n256_mig.gen_mem[0].u_comp_ddr3.data_task: at time 13119466.0 ps INFO: READ @ DQS= bank = 0 row = 0000 col = 00000001 data = xxxx
tb_g14_scale_n256_mig.gen_mem[0].u_comp_ddr3.data_task: at time 13120966.0 ps INFO: READ @ DQS= bank = 0 row = 0000 col = 00000002 data = xxxx
tb_g14_scale_n256_mig.gen_mem[0].u_comp_ddr3.data_task: at time 13122466.0 ps INFO: READ @ DQS= bank = 0 row = 0000 col = 00000003 data = xxxx
tb_g14_scale_n256_mig.gen_mem[0].u_comp_ddr3.data_task: at time 13123966.0 ps INFO: READ @ DQS= bank = 0 row = 0000 col = 00000004 data = xxxx
tb_g14_scale_n256_mig.gen_mem[0].u_comp_ddr3.data_task: at time 13125466.0 ps INFO: READ @ DQS= bank = 0 row = 0000 col = 00000005 data = xxxx
tb_g14_scale_n256_mig.gen_mem[0].u_comp_ddr3.data_task: at time 13126966.0 ps INFO: READ @ DQS= bank = 0 row = 0000 col = 00000006 data = xxxx
tb_g14_scale_n256_mig.gen_mem[0].u_comp_ddr3.data_task: at time 13128466.0 ps INFO: READ @ DQS= bank = 0 row = 0000 col = 00000007 data = xxxx
tb_g14_scale_n256_mig.gen_mem[0].u_comp_ddr3.cmd_task: at time 13128466.0 ps INFO: Read      bank 0 col 000, auto precharge 0
tb_g14_scale_n256_mig.gen_mem[0].u_comp_ddr3.data_task: at time 13129966.0 ps INFO: READ @ DQS= bank = 0 row = 0000 col = 00000000 data = xxxx
tb_g14_scale_n256_mig.gen_mem[0].u_comp_ddr3.data_task: at time 13131466.0 ps INFO: READ @ DQS= bank = 0 row = 0000 col = 00000001 data = xxxx
tb_g14_scale_n256_mig.gen_mem[0].u_comp_ddr3.data_task: at time 13132966.0 ps INFO: READ @ DQS= bank = 0 row = 0000 col = 00000002 data = xxxx
tb_g14_scale_n256_mig.gen_mem[0].u_comp_ddr3.data_task: at time 13134466.0 ps INFO: READ @ DQS= bank = 0 row = 0000 col = 00000003 data = xxxx
tb_g14_scale_n256_mig.gen_mem[0].u_comp_ddr3.data_task: at time 13135966.0 ps INFO: READ @ DQS= bank = 0 row = 0000 col = 00000004 data = xxxx
tb_g14_scale_n256_mig.gen_mem[0].u_comp_ddr3.data_task: at time 13137466.0 ps INFO: READ @ DQS= bank = 0 row = 0000 col = 00000005 data = xxxx
tb_g14_scale_n256_mig.gen_mem[0].u_comp_ddr3.data_task: at time 13138966.0 ps INFO: READ @ DQS= bank = 0 row = 0000 col = 00000006 data = xxxx
tb_g14_scale_n256_mig.gen_mem[0].u_comp_ddr3.data_task: at time 13140466.0 ps INFO: READ @ DQS= bank = 0 row = 0000 col = 00000007 data = xxxx
tb_g14_scale_n256_mig.gen_mem[0].u_comp_ddr3.cmd_task: at time 13140466.0 ps INFO: Read      bank 0 col 000, auto precharge 0
tb_g14_scale_n256_mig.gen_mem[0].u_comp_ddr3.data_task: at time 13141966.0 ps INFO: READ @ DQS= bank = 0 row = 0000 col = 00000000 data = xxxx
PHY_INIT: Phaser_In Phase Locked at 13142725.0 ps
tb_g14_scale_n256_mig.gen_mem[0].u_comp_ddr3.data_task: at time 13143466.0 ps INFO: READ @ DQS= bank = 0 row = 0000 col = 00000001 data = xxxx
tb_g14_scale_n256_mig.gen_mem[0].u_comp_ddr3.data_task: at time 13144966.0 ps INFO: READ @ DQS= bank = 0 row = 0000 col = 00000002 data = xxxx
tb_g14_scale_n256_mig.gen_mem[0].u_comp_ddr3.data_task: at time 13146466.0 ps INFO: READ @ DQS= bank = 0 row = 0000 col = 00000003 data = xxxx
tb_g14_scale_n256_mig.gen_mem[0].u_comp_ddr3.data_task: at time 13147966.0 ps INFO: READ @ DQS= bank = 0 row = 0000 col = 00000004 data = xxxx
tb_g14_scale_n256_mig.gen_mem[0].u_comp_ddr3.data_task: at time 13149466.0 ps INFO: READ @ DQS= bank = 0 row = 0000 col = 00000005 data = xxxx
tb_g14_scale_n256_mig.gen_mem[0].u_comp_ddr3.data_task: at time 13150966.0 ps INFO: READ @ DQS= bank = 0 row = 0000 col = 00000006 data = xxxx
tb_g14_scale_n256_mig.gen_mem[0].u_comp_ddr3.data_task: at time 13152466.0 ps INFO: READ @ DQS= bank = 0 row = 0000 col = 00000007 data = xxxx
tb_g14_scale_n256_mig.gen_mem[0].u_comp_ddr3.cmd_task: at time 13152466.0 ps INFO: Read      bank 0 col 000, auto precharge 0
tb_g14_scale_n256_mig.gen_mem[0].u_comp_ddr3.data_task: at time 13153966.0 ps INFO: READ @ DQS= bank = 0 row = 0000 col = 00000000 data = xxxx
tb_g14_scale_n256_mig.gen_mem[0].u_comp_ddr3.data_task: at time 13155466.0 ps INFO: READ @ DQS= bank = 0 row = 0000 col = 00000001 data = xxxx
tb_g14_scale_n256_mig.gen_mem[0].u_comp_ddr3.data_task: at time 13156966.0 ps INFO: READ @ DQS= bank = 0 row = 0000 col = 00000002 data = xxxx
tb_g14_scale_n256_mig.gen_mem[0].u_comp_ddr3.data_task: at time 13158466.0 ps INFO: READ @ DQS= bank = 0 row = 0000 col = 00000003 data = xxxx
tb_g14_scale_n256_mig.gen_mem[0].u_comp_ddr3.data_task: at time 13159966.0 ps INFO: READ @ DQS= bank = 0 row = 0000 col = 00000004 data = xxxx
tb_g14_scale_n256_mig.gen_mem[0].u_comp_ddr3.data_task: at time 13161466.0 ps INFO: READ @ DQS= bank = 0 row = 0000 col = 00000005 data = xxxx
tb_g14_scale_n256_mig.gen_mem[0].u_comp_ddr3.data_task: at time 13162966.0 ps INFO: READ @ DQS= bank = 0 row = 0000 col = 00000006 data = xxxx
tb_g14_scale_n256_mig.gen_mem[0].u_comp_ddr3.data_task: at time 13164466.0 ps INFO: READ @ DQS= bank = 0 row = 0000 col = 00000007 data = xxxx
tb_g14_scale_n256_mig.gen_mem[0].u_comp_ddr3.cmd_task: at time 13164466.0 ps INFO: Read      bank 0 col 000, auto precharge 0
tb_g14_scale_n256_mig.gen_mem[0].u_comp_ddr3.data_task: at time 13165966.0 ps INFO: READ @ DQS= bank = 0 row = 0000 col = 00000000 data = xxxx
tb_g14_scale_n256_mig.gen_mem[0].u_comp_ddr3.data_task: at time 13167466.0 ps INFO: READ @ DQS= bank = 0 row = 0000 col = 00000001 data = xxxx
tb_g14_scale_n256_mig.gen_mem[0].u_comp_ddr3.data_task: at time 13168966.0 ps INFO: READ @ DQS= bank = 0 row = 0000 col = 00000002 data = xxxx
tb_g14_scale_n256_mig.gen_mem[0].u_comp_ddr3.data_task: at time 13170466.0 ps INFO: READ @ DQS= bank = 0 row = 0000 col = 00000003 data = xxxx
tb_g14_scale_n256_mig.gen_mem[0].u_comp_ddr3.data_task: at time 13171966.0 ps INFO: READ @ DQS= bank = 0 row = 0000 col = 00000004 data = xxxx
tb_g14_scale_n256_mig.gen_mem[0].u_comp_ddr3.data_task: at time 13173466.0 ps INFO: READ @ DQS= bank = 0 row = 0000 col = 00000005 data = xxxx
tb_g14_scale_n256_mig.gen_mem[0].u_comp_ddr3.data_task: at time 13174966.0 ps INFO: READ @ DQS= bank = 0 row = 0000 col = 00000006 data = xxxx
tb_g14_scale_n256_mig.gen_mem[0].u_comp_ddr3.data_task: at time 13176466.0 ps INFO: READ @ DQS= bank = 0 row = 0000 col = 00000007 data = xxxx
tb_g14_scale_n256_mig.gen_mem[0].u_comp_ddr3.cmd_task: at time 13176466.0 ps INFO: Read      bank 0 col 000, auto precharge 0
tb_g14_scale_n256_mig.gen_mem[0].u_comp_ddr3.data_task: at time 13177966.0 ps INFO: READ @ DQS= bank = 0 row = 0000 col = 00000000 data = xxxx
tb_g14_scale_n256_mig.gen_mem[0].u_comp_ddr3.data_task: at time 13179466.0 ps INFO: READ @ DQS= bank = 0 row = 0000 col = 00000001 data = xxxx
tb_g14_scale_n256_mig.gen_mem[0].u_comp_ddr3.data_task: at time 13180966.0 ps INFO: READ @ DQS= bank = 0 row = 0000 col = 00000002 data = xxxx
tb_g14_scale_n256_mig.gen_mem[0].u_comp_ddr3.data_task: at time 13182466.0 ps INFO: READ @ DQS= bank = 0 row = 0000 col = 00000003 data = xxxx
tb_g14_scale_n256_mig.gen_mem[0].u_comp_ddr3.data_task: at time 13183966.0 ps INFO: READ @ DQS= bank = 0 row = 0000 col = 00000004 data = xxxx
tb_g14_scale_n256_mig.gen_mem[0].u_comp_ddr3.data_task: at time 13185466.0 ps INFO: READ @ DQS= bank = 0 row = 0000 col = 00000005 data = xxxx
tb_g14_scale_n256_mig.gen_mem[0].u_comp_ddr3.data_task: at time 13186966.0 ps INFO: READ @ DQS= bank = 0 row = 0000 col = 00000006 data = xxxx
tb_g14_scale_n256_mig.gen_mem[0].u_comp_ddr3.data_task: at time 13188466.0 ps INFO: READ @ DQS= bank = 0 row = 0000 col = 00000007 data = xxxx
tb_g14_scale_n256_mig.gen_mem[0].u_comp_ddr3.cmd_task: at time 13188466.0 ps INFO: Read      bank 0 col 000, auto precharge 0
tb_g14_scale_n256_mig.gen_mem[0].u_comp_ddr3.data_task: at time 13189966.0 ps INFO: READ @ DQS= bank = 0 row = 0000 col = 00000000 data = xxxx
tb_g14_scale_n256_mig.gen_mem[0].u_comp_ddr3.data_task: at time 13191466.0 ps INFO: READ @ DQS= bank = 0 row = 0000 col = 00000001 data = xxxx
tb_g14_scale_n256_mig.gen_mem[0].u_comp_ddr3.data_task: at time 13192966.0 ps INFO: READ @ DQS= bank = 0 row = 0000 col = 00000002 data = xxxx
tb_g14_scale_n256_mig.gen_mem[0].u_comp_ddr3.data_task: at time 13194466.0 ps INFO: READ @ DQS= bank = 0 row = 0000 col = 00000003 data = xxxx
tb_g14_scale_n256_mig.gen_mem[0].u_comp_ddr3.data_task: at time 13195966.0 ps INFO: READ @ DQS= bank = 0 row = 0000 col = 00000004 data = xxxx
tb_g14_scale_n256_mig.gen_mem[0].u_comp_ddr3.data_task: at time 13197466.0 ps INFO: READ @ DQS= bank = 0 row = 0000 col = 00000005 data = xxxx
tb_g14_scale_n256_mig.gen_mem[0].u_comp_ddr3.data_task: at time 13198966.0 ps INFO: READ @ DQS= bank = 0 row = 0000 col = 00000006 data = xxxx
tb_g14_scale_n256_mig.gen_mem[0].u_comp_ddr3.data_task: at time 13200466.0 ps INFO: READ @ DQS= bank = 0 row = 0000 col = 00000007 data = xxxx
tb_g14_scale_n256_mig.gen_mem[0].u_comp_ddr3.cmd_task: at time 13200466.0 ps INFO: Read      bank 0 col 000, auto precharge 0
tb_g14_scale_n256_mig.gen_mem[0].u_comp_ddr3.data_task: at time 13201966.0 ps INFO: READ @ DQS= bank = 0 row = 0000 col = 00000000 data = xxxx
tb_g14_scale_n256_mig.gen_mem[0].u_comp_ddr3.data_task: at time 13203466.0 ps INFO: READ @ DQS= bank = 0 row = 0000 col = 00000001 data = xxxx
tb_g14_scale_n256_mig.gen_mem[0].u_comp_ddr3.data_task: at time 13204966.0 ps INFO: READ @ DQS= bank = 0 row = 0000 col = 00000002 data = xxxx
tb_g14_scale_n256_mig.gen_mem[0].u_comp_ddr3.data_task: at time 13206466.0 ps INFO: READ @ DQS= bank = 0 row = 0000 col = 00000003 data = xxxx
tb_g14_scale_n256_mig.gen_mem[0].u_comp_ddr3.data_task: at time 13207966.0 ps INFO: READ @ DQS= bank = 0 row = 0000 col = 00000004 data = xxxx
tb_g14_scale_n256_mig.gen_mem[0].u_comp_ddr3.data_task: at time 13209466.0 ps INFO: READ @ DQS= bank = 0 row = 0000 col = 00000005 data = xxxx
tb_g14_scale_n256_mig.gen_mem[0].u_comp_ddr3.data_task: at time 13210966.0 ps INFO: READ @ DQS= bank = 0 row = 0000 col = 00000006 data = xxxx
tb_g14_scale_n256_mig.gen_mem[0].u_comp_ddr3.data_task: at time 13212466.0 ps INFO: READ @ DQS= bank = 0 row = 0000 col = 00000007 data = xxxx
tb_g14_scale_n256_mig.gen_mem[0].u_comp_ddr3.cmd_task: at time 13212466.0 ps INFO: Read      bank 0 col 000, auto precharge 0
tb_g14_scale_n256_mig.gen_mem[0].u_comp_ddr3.data_task: at time 13213966.0 ps INFO: READ @ DQS= bank = 0 row = 0000 col = 00000000 data = xxxx
tb_g14_scale_n256_mig.gen_mem[0].u_comp_ddr3.data_task: at time 13215466.0 ps INFO: READ @ DQS= bank = 0 row = 0000 col = 00000001 data = xxxx
tb_g14_scale_n256_mig.gen_mem[0].u_comp_ddr3.data_task: at time 13216966.0 ps INFO: READ @ DQS= bank = 0 row = 0000 col = 00000002 data = xxxx
tb_g14_scale_n256_mig.gen_mem[0].u_comp_ddr3.data_task: at time 13218466.0 ps INFO: READ @ DQS= bank = 0 row = 0000 col = 00000003 data = xxxx
tb_g14_scale_n256_mig.gen_mem[0].u_comp_ddr3.data_task: at time 13219966.0 ps INFO: READ @ DQS= bank = 0 row = 0000 col = 00000004 data = xxxx
tb_g14_scale_n256_mig.gen_mem[0].u_comp_ddr3.data_task: at time 13221466.0 ps INFO: READ @ DQS= bank = 0 row = 0000 col = 00000005 data = xxxx
tb_g14_scale_n256_mig.gen_mem[0].u_comp_ddr3.data_task: at time 13222966.0 ps INFO: READ @ DQS= bank = 0 row = 0000 col = 00000006 data = xxxx
tb_g14_scale_n256_mig.gen_mem[0].u_comp_ddr3.data_task: at time 13224466.0 ps INFO: READ @ DQS= bank = 0 row = 0000 col = 00000007 data = xxxx
tb_g14_scale_n256_mig.gen_mem[0].u_comp_ddr3.data_task: at time 13225966.0 ps INFO: READ @ DQS= bank = 0 row = 0000 col = 00000000 data = xxxx
tb_g14_scale_n256_mig.gen_mem[0].u_comp_ddr3.data_task: at time 13227466.0 ps INFO: READ @ DQS= bank = 0 row = 0000 col = 00000001 data = xxxx
tb_g14_scale_n256_mig.gen_mem[0].u_comp_ddr3.data_task: at time 13228966.0 ps INFO: READ @ DQS= bank = 0 row = 0000 col = 00000002 data = xxxx
tb_g14_scale_n256_mig.gen_mem[0].u_comp_ddr3.data_task: at time 13230466.0 ps INFO: READ @ DQS= bank = 0 row = 0000 col = 00000003 data = xxxx
tb_g14_scale_n256_mig.gen_mem[0].u_comp_ddr3.data_task: at time 13231966.0 ps INFO: READ @ DQS= bank = 0 row = 0000 col = 00000004 data = xxxx
tb_g14_scale_n256_mig.gen_mem[0].u_comp_ddr3.data_task: at time 13233466.0 ps INFO: READ @ DQS= bank = 0 row = 0000 col = 00000005 data = xxxx
tb_g14_scale_n256_mig.gen_mem[0].u_comp_ddr3.data_task: at time 13234966.0 ps INFO: READ @ DQS= bank = 0 row = 0000 col = 00000006 data = xxxx
tb_g14_scale_n256_mig.gen_mem[0].u_comp_ddr3.data_task: at time 13236466.0 ps INFO: READ @ DQS= bank = 0 row = 0000 col = 00000007 data = xxxx
tb_g14_scale_n256_mig.gen_mem[0].u_comp_ddr3.cmd_task: at time 14772466.0 ps INFO: Precharge All
tb_g14_scale_n256_mig.gen_mem[0].u_comp_ddr3.cmd_task: at time 14772466.0 ps INFO: Precharge bank   0
tb_g14_scale_n256_mig.gen_mem[0].u_comp_ddr3.cmd_task: at time 16332466.0 ps INFO: Refresh  
tb_g14_scale_n256_mig.gen_mem[0].u_comp_ddr3.cmd_task: at time 17892466.0 ps INFO: Refresh  
tb_g14_scale_n256_mig.gen_mem[0].u_comp_ddr3.cmd_task: at time 19452466.0 ps INFO: Refresh  
tb_g14_scale_n256_mig.gen_mem[0].u_comp_ddr3.cmd_task: at time 21012466.0 ps INFO: Refresh  
tb_g14_scale_n256_mig.gen_mem[0].u_comp_ddr3.cmd_task: at time 22572466.0 ps INFO: Refresh  
tb_g14_scale_n256_mig.gen_mem[0].u_comp_ddr3.cmd_task: at time 24132466.0 ps INFO: Refresh  
tb_g14_scale_n256_mig.gen_mem[0].u_comp_ddr3.cmd_task: at time 25692466.0 ps INFO: Refresh  
tb_g14_scale_n256_mig.gen_mem[0].u_comp_ddr3.cmd_task: at time 27252466.0 ps INFO: Refresh  
tb_g14_scale_n256_mig.gen_mem[0].u_comp_ddr3.cmd_task: at time 28812466.0 ps INFO: Activate  bank 0 row 0000
tb_g14_scale_n256_mig.gen_mem[0].u_comp_ddr3.cmd_task: at time 30372466.0 ps INFO: Read      bank 0 col 000, auto precharge 0
tb_g14_scale_n256_mig.gen_mem[0].u_comp_ddr3.cmd_task: at time 30384466.0 ps INFO: Read      bank 0 col 008, auto precharge 0
tb_g14_scale_n256_mig.gen_mem[0].u_comp_ddr3.data_task: at time 30385966.0 ps INFO: READ @ DQS= bank = 0 row = 0000 col = 00000000 data = xxxx
tb_g14_scale_n256_mig.gen_mem[0].u_comp_ddr3.data_task: at time 30387466.0 ps INFO: READ @ DQS= bank = 0 row = 0000 col = 00000001 data = xxxx
tb_g14_scale_n256_mig.gen_mem[0].u_comp_ddr3.data_task: at time 30388966.0 ps INFO: READ @ DQS= bank = 0 row = 0000 col = 00000002 data = xxxx
tb_g14_scale_n256_mig.gen_mem[0].u_comp_ddr3.data_task: at time 30390466.0 ps INFO: READ @ DQS= bank = 0 row = 0000 col = 00000003 data = xxxx
tb_g14_scale_n256_mig.gen_mem[0].u_comp_ddr3.data_task: at time 30391966.0 ps INFO: READ @ DQS= bank = 0 row = 0000 col = 00000004 data = xxxx
tb_g14_scale_n256_mig.gen_mem[0].u_comp_ddr3.data_task: at time 30393466.0 ps INFO: READ @ DQS= bank = 0 row = 0000 col = 00000005 data = xxxx
tb_g14_scale_n256_mig.gen_mem[0].u_comp_ddr3.data_task: at time 30394966.0 ps INFO: READ @ DQS= bank = 0 row = 0000 col = 00000006 data = xxxx
tb_g14_scale_n256_mig.gen_mem[0].u_comp_ddr3.data_task: at time 30396466.0 ps INFO: READ @ DQS= bank = 0 row = 0000 col = 00000007 data = xxxx
tb_g14_scale_n256_mig.gen_mem[0].u_comp_ddr3.cmd_task: at time 30396466.0 ps INFO: Read      bank 0 col 000, auto precharge 0
tb_g14_scale_n256_mig.gen_mem[0].u_comp_ddr3.data_task: at time 30397966.0 ps INFO: READ @ DQS= bank = 0 row = 0000 col = 00000008 data = xxxx
tb_g14_scale_n256_mig.gen_mem[0].u_comp_ddr3.data_task: at time 30399466.0 ps INFO: READ @ DQS= bank = 0 row = 0000 col = 00000009 data = xxxx
tb_g14_scale_n256_mig.gen_mem[0].u_comp_ddr3.data_task: at time 30400966.0 ps INFO: READ @ DQS= bank = 0 row = 0000 col = 0000000a data = xxxx
tb_g14_scale_n256_mig.gen_mem[0].u_comp_ddr3.data_task: at time 30402466.0 ps INFO: READ @ DQS= bank = 0 row = 0000 col = 0000000b data = xxxx
tb_g14_scale_n256_mig.gen_mem[0].u_comp_ddr3.data_task: at time 30403966.0 ps INFO: READ @ DQS= bank = 0 row = 0000 col = 0000000c data = xxxx
tb_g14_scale_n256_mig.gen_mem[0].u_comp_ddr3.data_task: at time 30405466.0 ps INFO: READ @ DQS= bank = 0 row = 0000 col = 0000000d data = xxxx
tb_g14_scale_n256_mig.gen_mem[0].u_comp_ddr3.data_task: at time 30406966.0 ps INFO: READ @ DQS= bank = 0 row = 0000 col = 0000000e data = xxxx
tb_g14_scale_n256_mig.gen_mem[0].u_comp_ddr3.data_task: at time 30408466.0 ps INFO: READ @ DQS= bank = 0 row = 0000 col = 0000000f data = xxxx
tb_g14_scale_n256_mig.gen_mem[0].u_comp_ddr3.cmd_task: at time 30408466.0 ps INFO: Read      bank 0 col 008, auto precharge 0
tb_g14_scale_n256_mig.gen_mem[0].u_comp_ddr3.data_task: at time 30409966.0 ps INFO: READ @ DQS= bank = 0 row = 0000 col = 00000000 data = xxxx
tb_g14_scale_n256_mig.gen_mem[0].u_comp_ddr3.data_task: at time 30411466.0 ps INFO: READ @ DQS= bank = 0 row = 0000 col = 00000001 data = xxxx
tb_g14_scale_n256_mig.gen_mem[0].u_comp_ddr3.data_task: at time 30412966.0 ps INFO: READ @ DQS= bank = 0 row = 0000 col = 00000002 data = xxxx
tb_g14_scale_n256_mig.gen_mem[0].u_comp_ddr3.data_task: at time 30414466.0 ps INFO: READ @ DQS= bank = 0 row = 0000 col = 00000003 data = xxxx
tb_g14_scale_n256_mig.gen_mem[0].u_comp_ddr3.data_task: at time 30415966.0 ps INFO: READ @ DQS= bank = 0 row = 0000 col = 00000004 data = xxxx
tb_g14_scale_n256_mig.gen_mem[0].u_comp_ddr3.data_task: at time 30417466.0 ps INFO: READ @ DQS= bank = 0 row = 0000 col = 00000005 data = xxxx
tb_g14_scale_n256_mig.gen_mem[0].u_comp_ddr3.data_task: at time 30418966.0 ps INFO: READ @ DQS= bank = 0 row = 0000 col = 00000006 data = xxxx
tb_g14_scale_n256_mig.gen_mem[0].u_comp_ddr3.data_task: at time 30420466.0 ps INFO: READ @ DQS= bank = 0 row = 0000 col = 00000007 data = xxxx
tb_g14_scale_n256_mig.gen_mem[0].u_comp_ddr3.data_task: at time 30421966.0 ps INFO: READ @ DQS= bank = 0 row = 0000 col = 00000008 data = xxxx
tb_g14_scale_n256_mig.gen_mem[0].u_comp_ddr3.data_task: at time 30423466.0 ps INFO: READ @ DQS= bank = 0 row = 0000 col = 00000009 data = xxxx
tb_g14_scale_n256_mig.gen_mem[0].u_comp_ddr3.data_task: at time 30424966.0 ps INFO: READ @ DQS= bank = 0 row = 0000 col = 0000000a data = xxxx
tb_g14_scale_n256_mig.gen_mem[0].u_comp_ddr3.data_task: at time 30426466.0 ps INFO: READ @ DQS= bank = 0 row = 0000 col = 0000000b data = xxxx
tb_g14_scale_n256_mig.gen_mem[0].u_comp_ddr3.data_task: at time 30427966.0 ps INFO: READ @ DQS= bank = 0 row = 0000 col = 0000000c data = xxxx
tb_g14_scale_n256_mig.gen_mem[0].u_comp_ddr3.data_task: at time 30429466.0 ps INFO: READ @ DQS= bank = 0 row = 0000 col = 0000000d data = xxxx
tb_g14_scale_n256_mig.gen_mem[0].u_comp_ddr3.data_task: at time 30430966.0 ps INFO: READ @ DQS= bank = 0 row = 0000 col = 0000000e data = xxxx
tb_g14_scale_n256_mig.gen_mem[0].u_comp_ddr3.data_task: at time 30432466.0 ps INFO: READ @ DQS= bank = 0 row = 0000 col = 0000000f data = xxxx
tb_g14_scale_n256_mig.gen_mem[0].u_comp_ddr3.cmd_task: at time 31968466.0 ps INFO: Read      bank 0 col 000, auto precharge 0
tb_g14_scale_n256_mig.gen_mem[0].u_comp_ddr3.cmd_task: at time 31980466.0 ps INFO: Read      bank 0 col 008, auto precharge 0
tb_g14_scale_n256_mig.gen_mem[0].u_comp_ddr3.data_task: at time 31981966.0 ps INFO: READ @ DQS= bank = 0 row = 0000 col = 00000000 data = xxxx
tb_g14_scale_n256_mig.gen_mem[0].u_comp_ddr3.data_task: at time 31983466.0 ps INFO: READ @ DQS= bank = 0 row = 0000 col = 00000001 data = xxxx
tb_g14_scale_n256_mig.gen_mem[0].u_comp_ddr3.data_task: at time 31984966.0 ps INFO: READ @ DQS= bank = 0 row = 0000 col = 00000002 data = xxxx
tb_g14_scale_n256_mig.gen_mem[0].u_comp_ddr3.data_task: at time 31986466.0 ps INFO: READ @ DQS= bank = 0 row = 0000 col = 00000003 data = xxxx
tb_g14_scale_n256_mig.gen_mem[0].u_comp_ddr3.data_task: at time 31987966.0 ps INFO: READ @ DQS= bank = 0 row = 0000 col = 00000004 data = xxxx
tb_g14_scale_n256_mig.gen_mem[0].u_comp_ddr3.data_task: at time 31989466.0 ps INFO: READ @ DQS= bank = 0 row = 0000 col = 00000005 data = xxxx
tb_g14_scale_n256_mig.gen_mem[0].u_comp_ddr3.data_task: at time 31990966.0 ps INFO: READ @ DQS= bank = 0 row = 0000 col = 00000006 data = xxxx
tb_g14_scale_n256_mig.gen_mem[0].u_comp_ddr3.data_task: at time 31992466.0 ps INFO: READ @ DQS= bank = 0 row = 0000 col = 00000007 data = xxxx
tb_g14_scale_n256_mig.gen_mem[0].u_comp_ddr3.cmd_task: at time 31992466.0 ps INFO: Read      bank 0 col 000, auto precharge 0
tb_g14_scale_n256_mig.gen_mem[0].u_comp_ddr3.data_task: at time 31993966.0 ps INFO: READ @ DQS= bank = 0 row = 0000 col = 00000008 data = xxxx
tb_g14_scale_n256_mig.gen_mem[0].u_comp_ddr3.data_task: at time 31995466.0 ps INFO: READ @ DQS= bank = 0 row = 0000 col = 00000009 data = xxxx
tb_g14_scale_n256_mig.gen_mem[0].u_comp_ddr3.data_task: at time 31996966.0 ps INFO: READ @ DQS= bank = 0 row = 0000 col = 0000000a data = xxxx
tb_g14_scale_n256_mig.gen_mem[0].u_comp_ddr3.data_task: at time 31998466.0 ps INFO: READ @ DQS= bank = 0 row = 0000 col = 0000000b data = xxxx
tb_g14_scale_n256_mig.gen_mem[0].u_comp_ddr3.data_task: at time 31999966.0 ps INFO: READ @ DQS= bank = 0 row = 0000 col = 0000000c data = xxxx
tb_g14_scale_n256_mig.gen_mem[0].u_comp_ddr3.data_task: at time 32001466.0 ps INFO: READ @ DQS= bank = 0 row = 0000 col = 0000000d data = xxxx
tb_g14_scale_n256_mig.gen_mem[0].u_comp_ddr3.data_task: at time 32002966.0 ps INFO: READ @ DQS= bank = 0 row = 0000 col = 0000000e data = xxxx
tb_g14_scale_n256_mig.gen_mem[0].u_comp_ddr3.data_task: at time 32004466.0 ps INFO: READ @ DQS= bank = 0 row = 0000 col = 0000000f data = xxxx
tb_g14_scale_n256_mig.gen_mem[0].u_comp_ddr3.cmd_task: at time 32004466.0 ps INFO: Read      bank 0 col 008, auto precharge 0
tb_g14_scale_n256_mig.gen_mem[0].u_comp_ddr3.data_task: at time 32005966.0 ps INFO: READ @ DQS= bank = 0 row = 0000 col = 00000000 data = xxxx
tb_g14_scale_n256_mig.gen_mem[0].u_comp_ddr3.data_task: at time 32007466.0 ps INFO: READ @ DQS= bank = 0 row = 0000 col = 00000001 data = xxxx
tb_g14_scale_n256_mig.gen_mem[0].u_comp_ddr3.data_task: at time 32008966.0 ps INFO: READ @ DQS= bank = 0 row = 0000 col = 00000002 data = xxxx
tb_g14_scale_n256_mig.gen_mem[0].u_comp_ddr3.data_task: at time 32010466.0 ps INFO: READ @ DQS= bank = 0 row = 0000 col = 00000003 data = xxxx
tb_g14_scale_n256_mig.gen_mem[0].u_comp_ddr3.data_task: at time 32011966.0 ps INFO: READ @ DQS= bank = 0 row = 0000 col = 00000004 data = xxxx
tb_g14_scale_n256_mig.gen_mem[0].u_comp_ddr3.data_task: at time 32013466.0 ps INFO: READ @ DQS= bank = 0 row = 0000 col = 00000005 data = xxxx
tb_g14_scale_n256_mig.gen_mem[0].u_comp_ddr3.data_task: at time 32014966.0 ps INFO: READ @ DQS= bank = 0 row = 0000 col = 00000006 data = xxxx
tb_g14_scale_n256_mig.gen_mem[0].u_comp_ddr3.data_task: at time 32016466.0 ps INFO: READ @ DQS= bank = 0 row = 0000 col = 00000007 data = xxxx
tb_g14_scale_n256_mig.gen_mem[0].u_comp_ddr3.data_task: at time 32017966.0 ps INFO: READ @ DQS= bank = 0 row = 0000 col = 00000008 data = xxxx
tb_g14_scale_n256_mig.gen_mem[0].u_comp_ddr3.data_task: at time 32019466.0 ps INFO: READ @ DQS= bank = 0 row = 0000 col = 00000009 data = xxxx
tb_g14_scale_n256_mig.gen_mem[0].u_comp_ddr3.data_task: at time 32020966.0 ps INFO: READ @ DQS= bank = 0 row = 0000 col = 0000000a data = xxxx
tb_g14_scale_n256_mig.gen_mem[0].u_comp_ddr3.data_task: at time 32022466.0 ps INFO: READ @ DQS= bank = 0 row = 0000 col = 0000000b data = xxxx
tb_g14_scale_n256_mig.gen_mem[0].u_comp_ddr3.data_task: at time 32023966.0 ps INFO: READ @ DQS= bank = 0 row = 0000 col = 0000000c data = xxxx
tb_g14_scale_n256_mig.gen_mem[0].u_comp_ddr3.data_task: at time 32025466.0 ps INFO: READ @ DQS= bank = 0 row = 0000 col = 0000000d data = xxxx
tb_g14_scale_n256_mig.gen_mem[0].u_comp_ddr3.data_task: at time 32026966.0 ps INFO: READ @ DQS= bank = 0 row = 0000 col = 0000000e data = xxxx
tb_g14_scale_n256_mig.gen_mem[0].u_comp_ddr3.data_task: at time 32028466.0 ps INFO: READ @ DQS= bank = 0 row = 0000 col = 0000000f data = xxxx
tb_g14_scale_n256_mig.gen_mem[0].u_comp_ddr3.cmd_task: at time 33564466.0 ps INFO: Read      bank 0 col 000, auto precharge 0
tb_g14_scale_n256_mig.gen_mem[0].u_comp_ddr3.cmd_task: at time 33576466.0 ps INFO: Read      bank 0 col 008, auto precharge 0
tb_g14_scale_n256_mig.gen_mem[0].u_comp_ddr3.data_task: at time 33577966.0 ps INFO: READ @ DQS= bank = 0 row = 0000 col = 00000000 data = xxxx
tb_g14_scale_n256_mig.gen_mem[0].u_comp_ddr3.data_task: at time 33579466.0 ps INFO: READ @ DQS= bank = 0 row = 0000 col = 00000001 data = xxxx
tb_g14_scale_n256_mig.gen_mem[0].u_comp_ddr3.data_task: at time 33580966.0 ps INFO: READ @ DQS= bank = 0 row = 0000 col = 00000002 data = xxxx
tb_g14_scale_n256_mig.gen_mem[0].u_comp_ddr3.data_task: at time 33582466.0 ps INFO: READ @ DQS= bank = 0 row = 0000 col = 00000003 data = xxxx
tb_g14_scale_n256_mig.gen_mem[0].u_comp_ddr3.data_task: at time 33583966.0 ps INFO: READ @ DQS= bank = 0 row = 0000 col = 00000004 data = xxxx
tb_g14_scale_n256_mig.gen_mem[0].u_comp_ddr3.data_task: at time 33585466.0 ps INFO: READ @ DQS= bank = 0 row = 0000 col = 00000005 data = xxxx
tb_g14_scale_n256_mig.gen_mem[0].u_comp_ddr3.data_task: at time 33586966.0 ps INFO: READ @ DQS= bank = 0 row = 0000 col = 00000006 data = xxxx
tb_g14_scale_n256_mig.gen_mem[0].u_comp_ddr3.data_task: at time 33588466.0 ps INFO: READ @ DQS= bank = 0 row = 0000 col = 00000007 data = xxxx
tb_g14_scale_n256_mig.gen_mem[0].u_comp_ddr3.cmd_task: at time 33588466.0 ps INFO: Read      bank 0 col 000, auto precharge 0
tb_g14_scale_n256_mig.gen_mem[0].u_comp_ddr3.data_task: at time 33589966.0 ps INFO: READ @ DQS= bank = 0 row = 0000 col = 00000008 data = xxxx
tb_g14_scale_n256_mig.gen_mem[0].u_comp_ddr3.data_task: at time 33591466.0 ps INFO: READ @ DQS= bank = 0 row = 0000 col = 00000009 data = xxxx
tb_g14_scale_n256_mig.gen_mem[0].u_comp_ddr3.data_task: at time 33592966.0 ps INFO: READ @ DQS= bank = 0 row = 0000 col = 0000000a data = xxxx
tb_g14_scale_n256_mig.gen_mem[0].u_comp_ddr3.data_task: at time 33594466.0 ps INFO: READ @ DQS= bank = 0 row = 0000 col = 0000000b data = xxxx
tb_g14_scale_n256_mig.gen_mem[0].u_comp_ddr3.data_task: at time 33595966.0 ps INFO: READ @ DQS= bank = 0 row = 0000 col = 0000000c data = xxxx
tb_g14_scale_n256_mig.gen_mem[0].u_comp_ddr3.data_task: at time 33597466.0 ps INFO: READ @ DQS= bank = 0 row = 0000 col = 0000000d data = xxxx
tb_g14_scale_n256_mig.gen_mem[0].u_comp_ddr3.data_task: at time 33598966.0 ps INFO: READ @ DQS= bank = 0 row = 0000 col = 0000000e data = xxxx
tb_g14_scale_n256_mig.gen_mem[0].u_comp_ddr3.data_task: at time 33600466.0 ps INFO: READ @ DQS= bank = 0 row = 0000 col = 0000000f data = xxxx
tb_g14_scale_n256_mig.gen_mem[0].u_comp_ddr3.cmd_task: at time 33600466.0 ps INFO: Read      bank 0 col 008, auto precharge 0
tb_g14_scale_n256_mig.gen_mem[0].u_comp_ddr3.data_task: at time 33601966.0 ps INFO: READ @ DQS= bank = 0 row = 0000 col = 00000000 data = xxxx
tb_g14_scale_n256_mig.gen_mem[0].u_comp_ddr3.data_task: at time 33603466.0 ps INFO: READ @ DQS= bank = 0 row = 0000 col = 00000001 data = xxxx
tb_g14_scale_n256_mig.gen_mem[0].u_comp_ddr3.data_task: at time 33604966.0 ps INFO: READ @ DQS= bank = 0 row = 0000 col = 00000002 data = xxxx
tb_g14_scale_n256_mig.gen_mem[0].u_comp_ddr3.data_task: at time 33606466.0 ps INFO: READ @ DQS= bank = 0 row = 0000 col = 00000003 data = xxxx
tb_g14_scale_n256_mig.gen_mem[0].u_comp_ddr3.data_task: at time 33607966.0 ps INFO: READ @ DQS= bank = 0 row = 0000 col = 00000004 data = xxxx
tb_g14_scale_n256_mig.gen_mem[0].u_comp_ddr3.data_task: at time 33609466.0 ps INFO: READ @ DQS= bank = 0 row = 0000 col = 00000005 data = xxxx
tb_g14_scale_n256_mig.gen_mem[0].u_comp_ddr3.data_task: at time 33610966.0 ps INFO: READ @ DQS= bank = 0 row = 0000 col = 00000006 data = xxxx
tb_g14_scale_n256_mig.gen_mem[0].u_comp_ddr3.data_task: at time 33612466.0 ps INFO: READ @ DQS= bank = 0 row = 0000 col = 00000007 data = xxxx
tb_g14_scale_n256_mig.gen_mem[0].u_comp_ddr3.data_task: at time 33613966.0 ps INFO: READ @ DQS= bank = 0 row = 0000 col = 00000008 data = xxxx
tb_g14_scale_n256_mig.gen_mem[0].u_comp_ddr3.data_task: at time 33615466.0 ps INFO: READ @ DQS= bank = 0 row = 0000 col = 00000009 data = xxxx
tb_g14_scale_n256_mig.gen_mem[0].u_comp_ddr3.data_task: at time 33616966.0 ps INFO: READ @ DQS= bank = 0 row = 0000 col = 0000000a data = xxxx
tb_g14_scale_n256_mig.gen_mem[0].u_comp_ddr3.data_task: at time 33618466.0 ps INFO: READ @ DQS= bank = 0 row = 0000 col = 0000000b data = xxxx
tb_g14_scale_n256_mig.gen_mem[0].u_comp_ddr3.data_task: at time 33619966.0 ps INFO: READ @ DQS= bank = 0 row = 0000 col = 0000000c data = xxxx
tb_g14_scale_n256_mig.gen_mem[0].u_comp_ddr3.data_task: at time 33621466.0 ps INFO: READ @ DQS= bank = 0 row = 0000 col = 0000000d data = xxxx
tb_g14_scale_n256_mig.gen_mem[0].u_comp_ddr3.data_task: at time 33622966.0 ps INFO: READ @ DQS= bank = 0 row = 0000 col = 0000000e data = xxxx
tb_g14_scale_n256_mig.gen_mem[0].u_comp_ddr3.data_task: at time 33624466.0 ps INFO: READ @ DQS= bank = 0 row = 0000 col = 0000000f data = xxxx
tb_g14_scale_n256_mig.gen_mem[0].u_comp_ddr3.cmd_task: at time 35160466.0 ps INFO: Read      bank 0 col 000, auto precharge 0
tb_g14_scale_n256_mig.gen_mem[0].u_comp_ddr3.cmd_task: at time 35172466.0 ps INFO: Read      bank 0 col 008, auto precharge 0
tb_g14_scale_n256_mig.gen_mem[0].u_comp_ddr3.data_task: at time 35173966.0 ps INFO: READ @ DQS= bank = 0 row = 0000 col = 00000000 data = xxxx
tb_g14_scale_n256_mig.gen_mem[0].u_comp_ddr3.data_task: at time 35175466.0 ps INFO: READ @ DQS= bank = 0 row = 0000 col = 00000001 data = xxxx
tb_g14_scale_n256_mig.gen_mem[0].u_comp_ddr3.data_task: at time 35176966.0 ps INFO: READ @ DQS= bank = 0 row = 0000 col = 00000002 data = xxxx
tb_g14_scale_n256_mig.gen_mem[0].u_comp_ddr3.data_task: at time 35178466.0 ps INFO: READ @ DQS= bank = 0 row = 0000 col = 00000003 data = xxxx
tb_g14_scale_n256_mig.gen_mem[0].u_comp_ddr3.data_task: at time 35179966.0 ps INFO: READ @ DQS= bank = 0 row = 0000 col = 00000004 data = xxxx
tb_g14_scale_n256_mig.gen_mem[0].u_comp_ddr3.data_task: at time 35181466.0 ps INFO: READ @ DQS= bank = 0 row = 0000 col = 00000005 data = xxxx
tb_g14_scale_n256_mig.gen_mem[0].u_comp_ddr3.data_task: at time 35182966.0 ps INFO: READ @ DQS= bank = 0 row = 0000 col = 00000006 data = xxxx
tb_g14_scale_n256_mig.gen_mem[0].u_comp_ddr3.data_task: at time 35184466.0 ps INFO: READ @ DQS= bank = 0 row = 0000 col = 00000007 data = xxxx
tb_g14_scale_n256_mig.gen_mem[0].u_comp_ddr3.cmd_task: at time 35184466.0 ps INFO: Read      bank 0 col 000, auto precharge 0
tb_g14_scale_n256_mig.gen_mem[0].u_comp_ddr3.data_task: at time 35185966.0 ps INFO: READ @ DQS= bank = 0 row = 0000 col = 00000008 data = xxxx
tb_g14_scale_n256_mig.gen_mem[0].u_comp_ddr3.data_task: at time 35187466.0 ps INFO: READ @ DQS= bank = 0 row = 0000 col = 00000009 data = xxxx
tb_g14_scale_n256_mig.gen_mem[0].u_comp_ddr3.data_task: at time 35188966.0 ps INFO: READ @ DQS= bank = 0 row = 0000 col = 0000000a data = xxxx
tb_g14_scale_n256_mig.gen_mem[0].u_comp_ddr3.data_task: at time 35190466.0 ps INFO: READ @ DQS= bank = 0 row = 0000 col = 0000000b data = xxxx
tb_g14_scale_n256_mig.gen_mem[0].u_comp_ddr3.data_task: at time 35191966.0 ps INFO: READ @ DQS= bank = 0 row = 0000 col = 0000000c data = xxxx
tb_g14_scale_n256_mig.gen_mem[0].u_comp_ddr3.data_task: at time 35193466.0 ps INFO: READ @ DQS= bank = 0 row = 0000 col = 0000000d data = xxxx
tb_g14_scale_n256_mig.gen_mem[0].u_comp_ddr3.data_task: at time 35194966.0 ps INFO: READ @ DQS= bank = 0 row = 0000 col = 0000000e data = xxxx
tb_g14_scale_n256_mig.gen_mem[0].u_comp_ddr3.data_task: at time 35196466.0 ps INFO: READ @ DQS= bank = 0 row = 0000 col = 0000000f data = xxxx
tb_g14_scale_n256_mig.gen_mem[0].u_comp_ddr3.cmd_task: at time 35196466.0 ps INFO: Read      bank 0 col 008, auto precharge 0
tb_g14_scale_n256_mig.gen_mem[0].u_comp_ddr3.data_task: at time 35197966.0 ps INFO: READ @ DQS= bank = 0 row = 0000 col = 00000000 data = xxxx
tb_g14_scale_n256_mig.gen_mem[0].u_comp_ddr3.data_task: at time 35199466.0 ps INFO: READ @ DQS= bank = 0 row = 0000 col = 00000001 data = xxxx
tb_g14_scale_n256_mig.gen_mem[0].u_comp_ddr3.data_task: at time 35200966.0 ps INFO: READ @ DQS= bank = 0 row = 0000 col = 00000002 data = xxxx
tb_g14_scale_n256_mig.gen_mem[0].u_comp_ddr3.data_task: at time 35202466.0 ps INFO: READ @ DQS= bank = 0 row = 0000 col = 00000003 data = xxxx
tb_g14_scale_n256_mig.gen_mem[0].u_comp_ddr3.data_task: at time 35203966.0 ps INFO: READ @ DQS= bank = 0 row = 0000 col = 00000004 data = xxxx
tb_g14_scale_n256_mig.gen_mem[0].u_comp_ddr3.data_task: at time 35205466.0 ps INFO: READ @ DQS= bank = 0 row = 0000 col = 00000005 data = xxxx
tb_g14_scale_n256_mig.gen_mem[0].u_comp_ddr3.data_task: at time 35206966.0 ps INFO: READ @ DQS= bank = 0 row = 0000 col = 00000006 data = xxxx
tb_g14_scale_n256_mig.gen_mem[0].u_comp_ddr3.data_task: at time 35208466.0 ps INFO: READ @ DQS= bank = 0 row = 0000 col = 00000007 data = xxxx
tb_g14_scale_n256_mig.gen_mem[0].u_comp_ddr3.data_task: at time 35209966.0 ps INFO: READ @ DQS= bank = 0 row = 0000 col = 00000008 data = xxxx
tb_g14_scale_n256_mig.gen_mem[0].u_comp_ddr3.data_task: at time 35211466.0 ps INFO: READ @ DQS= bank = 0 row = 0000 col = 00000009 data = xxxx
tb_g14_scale_n256_mig.gen_mem[0].u_comp_ddr3.data_task: at time 35212966.0 ps INFO: READ @ DQS= bank = 0 row = 0000 col = 0000000a data = xxxx
tb_g14_scale_n256_mig.gen_mem[0].u_comp_ddr3.data_task: at time 35214466.0 ps INFO: READ @ DQS= bank = 0 row = 0000 col = 0000000b data = xxxx
tb_g14_scale_n256_mig.gen_mem[0].u_comp_ddr3.data_task: at time 35215966.0 ps INFO: READ @ DQS= bank = 0 row = 0000 col = 0000000c data = xxxx
tb_g14_scale_n256_mig.gen_mem[0].u_comp_ddr3.data_task: at time 35217466.0 ps INFO: READ @ DQS= bank = 0 row = 0000 col = 0000000d data = xxxx
tb_g14_scale_n256_mig.gen_mem[0].u_comp_ddr3.data_task: at time 35218966.0 ps INFO: READ @ DQS= bank = 0 row = 0000 col = 0000000e data = xxxx
tb_g14_scale_n256_mig.gen_mem[0].u_comp_ddr3.data_task: at time 35220466.0 ps INFO: READ @ DQS= bank = 0 row = 0000 col = 0000000f data = xxxx
tb_g14_scale_n256_mig.gen_mem[0].u_comp_ddr3.cmd_task: at time 36756466.0 ps INFO: Read      bank 0 col 000, auto precharge 0
tb_g14_scale_n256_mig.gen_mem[0].u_comp_ddr3.cmd_task: at time 36768466.0 ps INFO: Read      bank 0 col 008, auto precharge 0
tb_g14_scale_n256_mig.gen_mem[0].u_comp_ddr3.data_task: at time 36769966.0 ps INFO: READ @ DQS= bank = 0 row = 0000 col = 00000000 data = xxxx
tb_g14_scale_n256_mig.gen_mem[0].u_comp_ddr3.data_task: at time 36771466.0 ps INFO: READ @ DQS= bank = 0 row = 0000 col = 00000001 data = xxxx
tb_g14_scale_n256_mig.gen_mem[0].u_comp_ddr3.data_task: at time 36772966.0 ps INFO: READ @ DQS= bank = 0 row = 0000 col = 00000002 data = xxxx
tb_g14_scale_n256_mig.gen_mem[0].u_comp_ddr3.data_task: at time 36774466.0 ps INFO: READ @ DQS= bank = 0 row = 0000 col = 00000003 data = xxxx
tb_g14_scale_n256_mig.gen_mem[0].u_comp_ddr3.data_task: at time 36775966.0 ps INFO: READ @ DQS= bank = 0 row = 0000 col = 00000004 data = xxxx
tb_g14_scale_n256_mig.gen_mem[0].u_comp_ddr3.data_task: at time 36777466.0 ps INFO: READ @ DQS= bank = 0 row = 0000 col = 00000005 data = xxxx
tb_g14_scale_n256_mig.gen_mem[0].u_comp_ddr3.data_task: at time 36778966.0 ps INFO: READ @ DQS= bank = 0 row = 0000 col = 00000006 data = xxxx
tb_g14_scale_n256_mig.gen_mem[0].u_comp_ddr3.data_task: at time 36780466.0 ps INFO: READ @ DQS= bank = 0 row = 0000 col = 00000007 data = xxxx
tb_g14_scale_n256_mig.gen_mem[0].u_comp_ddr3.cmd_task: at time 36780466.0 ps INFO: Read      bank 0 col 000, auto precharge 0
tb_g14_scale_n256_mig.gen_mem[0].u_comp_ddr3.data_task: at time 36781966.0 ps INFO: READ @ DQS= bank = 0 row = 0000 col = 00000008 data = xxxx
tb_g14_scale_n256_mig.gen_mem[0].u_comp_ddr3.data_task: at time 36783466.0 ps INFO: READ @ DQS= bank = 0 row = 0000 col = 00000009 data = xxxx
tb_g14_scale_n256_mig.gen_mem[0].u_comp_ddr3.data_task: at time 36784966.0 ps INFO: READ @ DQS= bank = 0 row = 0000 col = 0000000a data = xxxx
tb_g14_scale_n256_mig.gen_mem[0].u_comp_ddr3.data_task: at time 36786466.0 ps INFO: READ @ DQS= bank = 0 row = 0000 col = 0000000b data = xxxx
tb_g14_scale_n256_mig.gen_mem[0].u_comp_ddr3.data_task: at time 36787966.0 ps INFO: READ @ DQS= bank = 0 row = 0000 col = 0000000c data = xxxx
tb_g14_scale_n256_mig.gen_mem[0].u_comp_ddr3.data_task: at time 36789466.0 ps INFO: READ @ DQS= bank = 0 row = 0000 col = 0000000d data = xxxx
tb_g14_scale_n256_mig.gen_mem[0].u_comp_ddr3.data_task: at time 36790966.0 ps INFO: READ @ DQS= bank = 0 row = 0000 col = 0000000e data = xxxx
tb_g14_scale_n256_mig.gen_mem[0].u_comp_ddr3.data_task: at time 36792466.0 ps INFO: READ @ DQS= bank = 0 row = 0000 col = 0000000f data = xxxx
tb_g14_scale_n256_mig.gen_mem[0].u_comp_ddr3.cmd_task: at time 36792466.0 ps INFO: Read      bank 0 col 008, auto precharge 0
tb_g14_scale_n256_mig.gen_mem[0].u_comp_ddr3.data_task: at time 36793966.0 ps INFO: READ @ DQS= bank = 0 row = 0000 col = 00000000 data = xxxx
tb_g14_scale_n256_mig.gen_mem[0].u_comp_ddr3.data_task: at time 36795466.0 ps INFO: READ @ DQS= bank = 0 row = 0000 col = 00000001 data = xxxx
tb_g14_scale_n256_mig.gen_mem[0].u_comp_ddr3.data_task: at time 36796966.0 ps INFO: READ @ DQS= bank = 0 row = 0000 col = 00000002 data = xxxx
tb_g14_scale_n256_mig.gen_mem[0].u_comp_ddr3.data_task: at time 36798466.0 ps INFO: READ @ DQS= bank = 0 row = 0000 col = 00000003 data = xxxx
tb_g14_scale_n256_mig.gen_mem[0].u_comp_ddr3.data_task: at time 36799966.0 ps INFO: READ @ DQS= bank = 0 row = 0000 col = 00000004 data = xxxx
tb_g14_scale_n256_mig.gen_mem[0].u_comp_ddr3.data_task: at time 36801466.0 ps INFO: READ @ DQS= bank = 0 row = 0000 col = 00000005 data = xxxx
tb_g14_scale_n256_mig.gen_mem[0].u_comp_ddr3.data_task: at time 36802966.0 ps INFO: READ @ DQS= bank = 0 row = 0000 col = 00000006 data = xxxx
tb_g14_scale_n256_mig.gen_mem[0].u_comp_ddr3.data_task: at time 36804466.0 ps INFO: READ @ DQS= bank = 0 row = 0000 col = 00000007 data = xxxx
tb_g14_scale_n256_mig.gen_mem[0].u_comp_ddr3.data_task: at time 36805966.0 ps INFO: READ @ DQS= bank = 0 row = 0000 col = 00000008 data = xxxx
tb_g14_scale_n256_mig.gen_mem[0].u_comp_ddr3.data_task: at time 36807466.0 ps INFO: READ @ DQS= bank = 0 row = 0000 col = 00000009 data = xxxx
tb_g14_scale_n256_mig.gen_mem[0].u_comp_ddr3.data_task: at time 36808966.0 ps INFO: READ @ DQS= bank = 0 row = 0000 col = 0000000a data = xxxx
tb_g14_scale_n256_mig.gen_mem[0].u_comp_ddr3.data_task: at time 36810466.0 ps INFO: READ @ DQS= bank = 0 row = 0000 col = 0000000b data = xxxx
tb_g14_scale_n256_mig.gen_mem[0].u_comp_ddr3.data_task: at time 36811966.0 ps INFO: READ @ DQS= bank = 0 row = 0000 col = 0000000c data = xxxx
tb_g14_scale_n256_mig.gen_mem[0].u_comp_ddr3.data_task: at time 36813466.0 ps INFO: READ @ DQS= bank = 0 row = 0000 col = 0000000d data = xxxx
tb_g14_scale_n256_mig.gen_mem[0].u_comp_ddr3.data_task: at time 36814966.0 ps INFO: READ @ DQS= bank = 0 row = 0000 col = 0000000e data = xxxx
tb_g14_scale_n256_mig.gen_mem[0].u_comp_ddr3.data_task: at time 36816466.0 ps INFO: READ @ DQS= bank = 0 row = 0000 col = 0000000f data = xxxx
tb_g14_scale_n256_mig.gen_mem[0].u_comp_ddr3.cmd_task: at time 38352466.0 ps INFO: Read      bank 0 col 000, auto precharge 0
tb_g14_scale_n256_mig.gen_mem[0].u_comp_ddr3.cmd_task: at time 38364466.0 ps INFO: Read      bank 0 col 008, auto precharge 0
tb_g14_scale_n256_mig.gen_mem[0].u_comp_ddr3.data_task: at time 38365966.0 ps INFO: READ @ DQS= bank = 0 row = 0000 col = 00000000 data = xxxx
tb_g14_scale_n256_mig.gen_mem[0].u_comp_ddr3.data_task: at time 38367466.0 ps INFO: READ @ DQS= bank = 0 row = 0000 col = 00000001 data = xxxx
tb_g14_scale_n256_mig.gen_mem[0].u_comp_ddr3.data_task: at time 38368966.0 ps INFO: READ @ DQS= bank = 0 row = 0000 col = 00000002 data = xxxx
tb_g14_scale_n256_mig.gen_mem[0].u_comp_ddr3.data_task: at time 38370466.0 ps INFO: READ @ DQS= bank = 0 row = 0000 col = 00000003 data = xxxx
tb_g14_scale_n256_mig.gen_mem[0].u_comp_ddr3.data_task: at time 38371966.0 ps INFO: READ @ DQS= bank = 0 row = 0000 col = 00000004 data = xxxx
tb_g14_scale_n256_mig.gen_mem[0].u_comp_ddr3.data_task: at time 38373466.0 ps INFO: READ @ DQS= bank = 0 row = 0000 col = 00000005 data = xxxx
tb_g14_scale_n256_mig.gen_mem[0].u_comp_ddr3.data_task: at time 38374966.0 ps INFO: READ @ DQS= bank = 0 row = 0000 col = 00000006 data = xxxx
tb_g14_scale_n256_mig.gen_mem[0].u_comp_ddr3.data_task: at time 38376466.0 ps INFO: READ @ DQS= bank = 0 row = 0000 col = 00000007 data = xxxx
tb_g14_scale_n256_mig.gen_mem[0].u_comp_ddr3.cmd_task: at time 38376466.0 ps INFO: Read      bank 0 col 000, auto precharge 0
tb_g14_scale_n256_mig.gen_mem[0].u_comp_ddr3.data_task: at time 38377966.0 ps INFO: READ @ DQS= bank = 0 row = 0000 col = 00000008 data = xxxx
tb_g14_scale_n256_mig.gen_mem[0].u_comp_ddr3.data_task: at time 38379466.0 ps INFO: READ @ DQS= bank = 0 row = 0000 col = 00000009 data = xxxx
tb_g14_scale_n256_mig.gen_mem[0].u_comp_ddr3.data_task: at time 38380966.0 ps INFO: READ @ DQS= bank = 0 row = 0000 col = 0000000a data = xxxx
tb_g14_scale_n256_mig.gen_mem[0].u_comp_ddr3.data_task: at time 38382466.0 ps INFO: READ @ DQS= bank = 0 row = 0000 col = 0000000b data = xxxx
tb_g14_scale_n256_mig.gen_mem[0].u_comp_ddr3.data_task: at time 38383966.0 ps INFO: READ @ DQS= bank = 0 row = 0000 col = 0000000c data = xxxx
tb_g14_scale_n256_mig.gen_mem[0].u_comp_ddr3.data_task: at time 38385466.0 ps INFO: READ @ DQS= bank = 0 row = 0000 col = 0000000d data = xxxx
tb_g14_scale_n256_mig.gen_mem[0].u_comp_ddr3.data_task: at time 38386966.0 ps INFO: READ @ DQS= bank = 0 row = 0000 col = 0000000e data = xxxx
tb_g14_scale_n256_mig.gen_mem[0].u_comp_ddr3.data_task: at time 38388466.0 ps INFO: READ @ DQS= bank = 0 row = 0000 col = 0000000f data = xxxx
tb_g14_scale_n256_mig.gen_mem[0].u_comp_ddr3.cmd_task: at time 38388466.0 ps INFO: Read      bank 0 col 008, auto precharge 0
tb_g14_scale_n256_mig.gen_mem[0].u_comp_ddr3.data_task: at time 38389966.0 ps INFO: READ @ DQS= bank = 0 row = 0000 col = 00000000 data = xxxx
tb_g14_scale_n256_mig.gen_mem[0].u_comp_ddr3.data_task: at time 38391466.0 ps INFO: READ @ DQS= bank = 0 row = 0000 col = 00000001 data = xxxx
tb_g14_scale_n256_mig.gen_mem[0].u_comp_ddr3.data_task: at time 38392966.0 ps INFO: READ @ DQS= bank = 0 row = 0000 col = 00000002 data = xxxx
tb_g14_scale_n256_mig.gen_mem[0].u_comp_ddr3.data_task: at time 38394466.0 ps INFO: READ @ DQS= bank = 0 row = 0000 col = 00000003 data = xxxx
tb_g14_scale_n256_mig.gen_mem[0].u_comp_ddr3.data_task: at time 38395966.0 ps INFO: READ @ DQS= bank = 0 row = 0000 col = 00000004 data = xxxx
tb_g14_scale_n256_mig.gen_mem[0].u_comp_ddr3.data_task: at time 38397466.0 ps INFO: READ @ DQS= bank = 0 row = 0000 col = 00000005 data = xxxx
tb_g14_scale_n256_mig.gen_mem[0].u_comp_ddr3.data_task: at time 38398966.0 ps INFO: READ @ DQS= bank = 0 row = 0000 col = 00000006 data = xxxx
tb_g14_scale_n256_mig.gen_mem[0].u_comp_ddr3.data_task: at time 38400466.0 ps INFO: READ @ DQS= bank = 0 row = 0000 col = 00000007 data = xxxx
tb_g14_scale_n256_mig.gen_mem[0].u_comp_ddr3.data_task: at time 38401966.0 ps INFO: READ @ DQS= bank = 0 row = 0000 col = 00000008 data = xxxx
tb_g14_scale_n256_mig.gen_mem[0].u_comp_ddr3.data_task: at time 38403466.0 ps INFO: READ @ DQS= bank = 0 row = 0000 col = 00000009 data = xxxx
tb_g14_scale_n256_mig.gen_mem[0].u_comp_ddr3.data_task: at time 38404966.0 ps INFO: READ @ DQS= bank = 0 row = 0000 col = 0000000a data = xxxx
tb_g14_scale_n256_mig.gen_mem[0].u_comp_ddr3.data_task: at time 38406466.0 ps INFO: READ @ DQS= bank = 0 row = 0000 col = 0000000b data = xxxx
tb_g14_scale_n256_mig.gen_mem[0].u_comp_ddr3.data_task: at time 38407966.0 ps INFO: READ @ DQS= bank = 0 row = 0000 col = 0000000c data = xxxx
tb_g14_scale_n256_mig.gen_mem[0].u_comp_ddr3.data_task: at time 38409466.0 ps INFO: READ @ DQS= bank = 0 row = 0000 col = 0000000d data = xxxx
tb_g14_scale_n256_mig.gen_mem[0].u_comp_ddr3.data_task: at time 38410966.0 ps INFO: READ @ DQS= bank = 0 row = 0000 col = 0000000e data = xxxx
tb_g14_scale_n256_mig.gen_mem[0].u_comp_ddr3.data_task: at time 38412466.0 ps INFO: READ @ DQS= bank = 0 row = 0000 col = 0000000f data = xxxx
tb_g14_scale_n256_mig.gen_mem[0].u_comp_ddr3.cmd_task: at time 39948466.0 ps INFO: Read      bank 0 col 000, auto precharge 0
tb_g14_scale_n256_mig.gen_mem[0].u_comp_ddr3.cmd_task: at time 39960466.0 ps INFO: Read      bank 0 col 008, auto precharge 0
tb_g14_scale_n256_mig.gen_mem[0].u_comp_ddr3.data_task: at time 39961966.0 ps INFO: READ @ DQS= bank = 0 row = 0000 col = 00000000 data = xxxx
tb_g14_scale_n256_mig.gen_mem[0].u_comp_ddr3.data_task: at time 39963466.0 ps INFO: READ @ DQS= bank = 0 row = 0000 col = 00000001 data = xxxx
tb_g14_scale_n256_mig.gen_mem[0].u_comp_ddr3.data_task: at time 39964966.0 ps INFO: READ @ DQS= bank = 0 row = 0000 col = 00000002 data = xxxx
tb_g14_scale_n256_mig.gen_mem[0].u_comp_ddr3.data_task: at time 39966466.0 ps INFO: READ @ DQS= bank = 0 row = 0000 col = 00000003 data = xxxx
tb_g14_scale_n256_mig.gen_mem[0].u_comp_ddr3.data_task: at time 39967966.0 ps INFO: READ @ DQS= bank = 0 row = 0000 col = 00000004 data = xxxx
tb_g14_scale_n256_mig.gen_mem[0].u_comp_ddr3.data_task: at time 39969466.0 ps INFO: READ @ DQS= bank = 0 row = 0000 col = 00000005 data = xxxx
tb_g14_scale_n256_mig.gen_mem[0].u_comp_ddr3.data_task: at time 39970966.0 ps INFO: READ @ DQS= bank = 0 row = 0000 col = 00000006 data = xxxx
tb_g14_scale_n256_mig.gen_mem[0].u_comp_ddr3.data_task: at time 39972466.0 ps INFO: READ @ DQS= bank = 0 row = 0000 col = 00000007 data = xxxx
tb_g14_scale_n256_mig.gen_mem[0].u_comp_ddr3.cmd_task: at time 39972466.0 ps INFO: Read      bank 0 col 000, auto precharge 0
tb_g14_scale_n256_mig.gen_mem[0].u_comp_ddr3.data_task: at time 39973966.0 ps INFO: READ @ DQS= bank = 0 row = 0000 col = 00000008 data = xxxx
tb_g14_scale_n256_mig.gen_mem[0].u_comp_ddr3.data_task: at time 39975466.0 ps INFO: READ @ DQS= bank = 0 row = 0000 col = 00000009 data = xxxx
tb_g14_scale_n256_mig.gen_mem[0].u_comp_ddr3.data_task: at time 39976966.0 ps INFO: READ @ DQS= bank = 0 row = 0000 col = 0000000a data = xxxx
tb_g14_scale_n256_mig.gen_mem[0].u_comp_ddr3.data_task: at time 39978466.0 ps INFO: READ @ DQS= bank = 0 row = 0000 col = 0000000b data = xxxx
tb_g14_scale_n256_mig.gen_mem[0].u_comp_ddr3.data_task: at time 39979966.0 ps INFO: READ @ DQS= bank = 0 row = 0000 col = 0000000c data = xxxx
tb_g14_scale_n256_mig.gen_mem[0].u_comp_ddr3.data_task: at time 39981466.0 ps INFO: READ @ DQS= bank = 0 row = 0000 col = 0000000d data = xxxx
tb_g14_scale_n256_mig.gen_mem[0].u_comp_ddr3.data_task: at time 39982966.0 ps INFO: READ @ DQS= bank = 0 row = 0000 col = 0000000e data = xxxx
tb_g14_scale_n256_mig.gen_mem[0].u_comp_ddr3.data_task: at time 39984466.0 ps INFO: READ @ DQS= bank = 0 row = 0000 col = 0000000f data = xxxx
tb_g14_scale_n256_mig.gen_mem[0].u_comp_ddr3.cmd_task: at time 39984466.0 ps INFO: Read      bank 0 col 008, auto precharge 0
tb_g14_scale_n256_mig.gen_mem[0].u_comp_ddr3.data_task: at time 39985966.0 ps INFO: READ @ DQS= bank = 0 row = 0000 col = 00000000 data = xxxx
tb_g14_scale_n256_mig.gen_mem[0].u_comp_ddr3.data_task: at time 39987466.0 ps INFO: READ @ DQS= bank = 0 row = 0000 col = 00000001 data = xxxx
tb_g14_scale_n256_mig.gen_mem[0].u_comp_ddr3.data_task: at time 39988966.0 ps INFO: READ @ DQS= bank = 0 row = 0000 col = 00000002 data = xxxx
tb_g14_scale_n256_mig.gen_mem[0].u_comp_ddr3.data_task: at time 39990466.0 ps INFO: READ @ DQS= bank = 0 row = 0000 col = 00000003 data = xxxx
tb_g14_scale_n256_mig.gen_mem[0].u_comp_ddr3.data_task: at time 39991966.0 ps INFO: READ @ DQS= bank = 0 row = 0000 col = 00000004 data = xxxx
tb_g14_scale_n256_mig.gen_mem[0].u_comp_ddr3.data_task: at time 39993466.0 ps INFO: READ @ DQS= bank = 0 row = 0000 col = 00000005 data = xxxx
tb_g14_scale_n256_mig.gen_mem[0].u_comp_ddr3.data_task: at time 39994966.0 ps INFO: READ @ DQS= bank = 0 row = 0000 col = 00000006 data = xxxx
tb_g14_scale_n256_mig.gen_mem[0].u_comp_ddr3.data_task: at time 39996466.0 ps INFO: READ @ DQS= bank = 0 row = 0000 col = 00000007 data = xxxx
tb_g14_scale_n256_mig.gen_mem[0].u_comp_ddr3.data_task: at time 39997966.0 ps INFO: READ @ DQS= bank = 0 row = 0000 col = 00000008 data = xxxx
tb_g14_scale_n256_mig.gen_mem[0].u_comp_ddr3.data_task: at time 39999466.0 ps INFO: READ @ DQS= bank = 0 row = 0000 col = 00000009 data = xxxx
tb_g14_scale_n256_mig.gen_mem[0].u_comp_ddr3.data_task: at time 40000966.0 ps INFO: READ @ DQS= bank = 0 row = 0000 col = 0000000a data = xxxx
tb_g14_scale_n256_mig.gen_mem[0].u_comp_ddr3.data_task: at time 40002466.0 ps INFO: READ @ DQS= bank = 0 row = 0000 col = 0000000b data = xxxx
tb_g14_scale_n256_mig.gen_mem[0].u_comp_ddr3.data_task: at time 40003966.0 ps INFO: READ @ DQS= bank = 0 row = 0000 col = 0000000c data = xxxx
tb_g14_scale_n256_mig.gen_mem[0].u_comp_ddr3.data_task: at time 40005466.0 ps INFO: READ @ DQS= bank = 0 row = 0000 col = 0000000d data = xxxx
tb_g14_scale_n256_mig.gen_mem[0].u_comp_ddr3.data_task: at time 40006966.0 ps INFO: READ @ DQS= bank = 0 row = 0000 col = 0000000e data = xxxx
tb_g14_scale_n256_mig.gen_mem[0].u_comp_ddr3.data_task: at time 40008466.0 ps INFO: READ @ DQS= bank = 0 row = 0000 col = 0000000f data = xxxx
tb_g14_scale_n256_mig.gen_mem[0].u_comp_ddr3.cmd_task: at time 41544466.0 ps INFO: Read      bank 0 col 000, auto precharge 0
tb_g14_scale_n256_mig.gen_mem[0].u_comp_ddr3.cmd_task: at time 41556466.0 ps INFO: Read      bank 0 col 008, auto precharge 0
tb_g14_scale_n256_mig.gen_mem[0].u_comp_ddr3.data_task: at time 41557966.0 ps INFO: READ @ DQS= bank = 0 row = 0000 col = 00000000 data = xxxx
tb_g14_scale_n256_mig.gen_mem[0].u_comp_ddr3.data_task: at time 41559466.0 ps INFO: READ @ DQS= bank = 0 row = 0000 col = 00000001 data = xxxx
tb_g14_scale_n256_mig.gen_mem[0].u_comp_ddr3.data_task: at time 41560966.0 ps INFO: READ @ DQS= bank = 0 row = 0000 col = 00000002 data = xxxx
tb_g14_scale_n256_mig.gen_mem[0].u_comp_ddr3.data_task: at time 41562466.0 ps INFO: READ @ DQS= bank = 0 row = 0000 col = 00000003 data = xxxx
tb_g14_scale_n256_mig.gen_mem[0].u_comp_ddr3.data_task: at time 41563966.0 ps INFO: READ @ DQS= bank = 0 row = 0000 col = 00000004 data = xxxx
tb_g14_scale_n256_mig.gen_mem[0].u_comp_ddr3.data_task: at time 41565466.0 ps INFO: READ @ DQS= bank = 0 row = 0000 col = 00000005 data = xxxx
tb_g14_scale_n256_mig.gen_mem[0].u_comp_ddr3.data_task: at time 41566966.0 ps INFO: READ @ DQS= bank = 0 row = 0000 col = 00000006 data = xxxx
tb_g14_scale_n256_mig.gen_mem[0].u_comp_ddr3.data_task: at time 41568466.0 ps INFO: READ @ DQS= bank = 0 row = 0000 col = 00000007 data = xxxx
tb_g14_scale_n256_mig.gen_mem[0].u_comp_ddr3.cmd_task: at time 41568466.0 ps INFO: Read      bank 0 col 000, auto precharge 0
tb_g14_scale_n256_mig.gen_mem[0].u_comp_ddr3.data_task: at time 41569966.0 ps INFO: READ @ DQS= bank = 0 row = 0000 col = 00000008 data = xxxx
tb_g14_scale_n256_mig.gen_mem[0].u_comp_ddr3.data_task: at time 41571466.0 ps INFO: READ @ DQS= bank = 0 row = 0000 col = 00000009 data = xxxx
tb_g14_scale_n256_mig.gen_mem[0].u_comp_ddr3.data_task: at time 41572966.0 ps INFO: READ @ DQS= bank = 0 row = 0000 col = 0000000a data = xxxx
tb_g14_scale_n256_mig.gen_mem[0].u_comp_ddr3.data_task: at time 41574466.0 ps INFO: READ @ DQS= bank = 0 row = 0000 col = 0000000b data = xxxx
tb_g14_scale_n256_mig.gen_mem[0].u_comp_ddr3.data_task: at time 41575966.0 ps INFO: READ @ DQS= bank = 0 row = 0000 col = 0000000c data = xxxx
tb_g14_scale_n256_mig.gen_mem[0].u_comp_ddr3.data_task: at time 41577466.0 ps INFO: READ @ DQS= bank = 0 row = 0000 col = 0000000d data = xxxx
tb_g14_scale_n256_mig.gen_mem[0].u_comp_ddr3.data_task: at time 41578966.0 ps INFO: READ @ DQS= bank = 0 row = 0000 col = 0000000e data = xxxx
tb_g14_scale_n256_mig.gen_mem[0].u_comp_ddr3.data_task: at time 41580466.0 ps INFO: READ @ DQS= bank = 0 row = 0000 col = 0000000f data = xxxx
tb_g14_scale_n256_mig.gen_mem[0].u_comp_ddr3.cmd_task: at time 41580466.0 ps INFO: Read      bank 0 col 008, auto precharge 0
tb_g14_scale_n256_mig.gen_mem[0].u_comp_ddr3.data_task: at time 41581966.0 ps INFO: READ @ DQS= bank = 0 row = 0000 col = 00000000 data = xxxx
tb_g14_scale_n256_mig.gen_mem[0].u_comp_ddr3.data_task: at time 41583466.0 ps INFO: READ @ DQS= bank = 0 row = 0000 col = 00000001 data = xxxx
tb_g14_scale_n256_mig.gen_mem[0].u_comp_ddr3.data_task: at time 41584966.0 ps INFO: READ @ DQS= bank = 0 row = 0000 col = 00000002 data = xxxx
tb_g14_scale_n256_mig.gen_mem[0].u_comp_ddr3.data_task: at time 41586466.0 ps INFO: READ @ DQS= bank = 0 row = 0000 col = 00000003 data = xxxx
tb_g14_scale_n256_mig.gen_mem[0].u_comp_ddr3.data_task: at time 41587966.0 ps INFO: READ @ DQS= bank = 0 row = 0000 col = 00000004 data = xxxx
tb_g14_scale_n256_mig.gen_mem[0].u_comp_ddr3.data_task: at time 41589466.0 ps INFO: READ @ DQS= bank = 0 row = 0000 col = 00000005 data = xxxx
tb_g14_scale_n256_mig.gen_mem[0].u_comp_ddr3.data_task: at time 41590966.0 ps INFO: READ @ DQS= bank = 0 row = 0000 col = 00000006 data = xxxx
tb_g14_scale_n256_mig.gen_mem[0].u_comp_ddr3.data_task: at time 41592466.0 ps INFO: READ @ DQS= bank = 0 row = 0000 col = 00000007 data = xxxx
tb_g14_scale_n256_mig.gen_mem[0].u_comp_ddr3.data_task: at time 41593966.0 ps INFO: READ @ DQS= bank = 0 row = 0000 col = 00000008 data = xxxx
tb_g14_scale_n256_mig.gen_mem[0].u_comp_ddr3.data_task: at time 41595466.0 ps INFO: READ @ DQS= bank = 0 row = 0000 col = 00000009 data = xxxx
tb_g14_scale_n256_mig.gen_mem[0].u_comp_ddr3.data_task: at time 41596966.0 ps INFO: READ @ DQS= bank = 0 row = 0000 col = 0000000a data = xxxx
tb_g14_scale_n256_mig.gen_mem[0].u_comp_ddr3.data_task: at time 41598466.0 ps INFO: READ @ DQS= bank = 0 row = 0000 col = 0000000b data = xxxx
tb_g14_scale_n256_mig.gen_mem[0].u_comp_ddr3.data_task: at time 41599966.0 ps INFO: READ @ DQS= bank = 0 row = 0000 col = 0000000c data = xxxx
tb_g14_scale_n256_mig.gen_mem[0].u_comp_ddr3.data_task: at time 41601466.0 ps INFO: READ @ DQS= bank = 0 row = 0000 col = 0000000d data = xxxx
tb_g14_scale_n256_mig.gen_mem[0].u_comp_ddr3.data_task: at time 41602966.0 ps INFO: READ @ DQS= bank = 0 row = 0000 col = 0000000e data = xxxx
tb_g14_scale_n256_mig.gen_mem[0].u_comp_ddr3.data_task: at time 41604466.0 ps INFO: READ @ DQS= bank = 0 row = 0000 col = 0000000f data = xxxx
PHY_INIT: Phaser_In DQSFOUND completed at 41714725.0 ps
tb_g14_scale_n256_mig.gen_mem[0].u_comp_ddr3.cmd_task: at time 43140466.0 ps INFO: Precharge All
tb_g14_scale_n256_mig.gen_mem[0].u_comp_ddr3.cmd_task: at time 43140466.0 ps INFO: Precharge bank   0
tb_g14_scale_n256_mig.gen_mem[0].u_comp_ddr3.cmd_task: at time 44700466.0 ps INFO: Refresh  
tb_g14_scale_n256_mig.gen_mem[0].u_comp_ddr3.cmd_task: at time 46260466.0 ps INFO: Load Mode 1
tb_g14_scale_n256_mig.gen_mem[0].u_comp_ddr3.cmd_task: at time 46260466.0 ps INFO: Load Mode 1 DLL Enable = Enabled
tb_g14_scale_n256_mig.gen_mem[0].u_comp_ddr3.cmd_task: at time 46260466.0 ps INFO: Load Mode 1 Output Drive Strength =          40 Ohm
tb_g14_scale_n256_mig.gen_mem[0].u_comp_ddr3.cmd_task: at time 46260466.0 ps INFO: Load Mode 1 ODT Rtt =          40 Ohm
tb_g14_scale_n256_mig.gen_mem[0].u_comp_ddr3.cmd_task: at time 46260466.0 ps INFO: Load Mode 1 Additive Latency = 0
tb_g14_scale_n256_mig.gen_mem[0].u_comp_ddr3.cmd_task: at time 46260466.0 ps INFO: Load Mode 1 Write Levelization = Enabled
tb_g14_scale_n256_mig.gen_mem[0].u_comp_ddr3.cmd_task: at time 46260466.0 ps INFO: Load Mode 1 TDQS Enable = Disabled
tb_g14_scale_n256_mig.gen_mem[0].u_comp_ddr3.cmd_task: at time 46260466.0 ps INFO: Load Mode 1 Qoff = Enabled
tb_g14_scale_n256_mig.gen_mem[0].u_comp_ddr3.main: at time 46422466.0 ps INFO: Sync On Die Termination Rtt_NOM =         40 Ohm
tb_g14_scale_n256_mig.gen_mem[0].u_comp_ddr3.dqs_pos_timing_check: at time 46739136.0 ps WARNING: tWLS violation on DQS bit  0 positive edge.  Indeterminate CK capture is possible.
tb_g14_scale_n256_mig.gen_mem[0].u_comp_ddr3.dqs_pos_timing_check: at time 46739136.0 ps Write Leveling @ DQS ck = 0
tb_g14_scale_n256_mig.gen_mem[0].u_comp_ddr3.dqs_pos_timing_check: at time 46739136.0 ps WARNING: tWLS violation on DQS bit  1 positive edge.  Indeterminate CK capture is possible.
tb_g14_scale_n256_mig.gen_mem[0].u_comp_ddr3.dqs_pos_timing_check: at time 46739136.0 ps Write Leveling @ DQS ck = 0
tb_g14_scale_n256_mig.gen_mem[0].u_comp_ddr3.dqs_pos_timing_check: at time 46742136.0 ps WARNING: tWLS violation on DQS bit  0 positive edge.  Indeterminate CK capture is possible.
tb_g14_scale_n256_mig.gen_mem[0].u_comp_ddr3.dqs_pos_timing_check: at time 46742136.0 ps Write Leveling @ DQS ck = 0
tb_g14_scale_n256_mig.gen_mem[0].u_comp_ddr3.dqs_pos_timing_check: at time 46742136.0 ps WARNING: tWLS violation on DQS bit  1 positive edge.  Indeterminate CK capture is possible.
tb_g14_scale_n256_mig.gen_mem[0].u_comp_ddr3.dqs_pos_timing_check: at time 46742136.0 ps Write Leveling @ DQS ck = 0
tb_g14_scale_n256_mig.gen_mem[0].u_comp_ddr3.dqs_pos_timing_check: at time 46745136.0 ps WARNING: tWLS violation on DQS bit  0 positive edge.  Indeterminate CK capture is possible.
tb_g14_scale_n256_mig.gen_mem[0].u_comp_ddr3.dqs_pos_timing_check: at time 46745136.0 ps Write Leveling @ DQS ck = 0
tb_g14_scale_n256_mig.gen_mem[0].u_comp_ddr3.dqs_pos_timing_check: at time 46745136.0 ps WARNING: tWLS violation on DQS bit  1 positive edge.  Indeterminate CK capture is possible.
tb_g14_scale_n256_mig.gen_mem[0].u_comp_ddr3.dqs_pos_timing_check: at time 46745136.0 ps Write Leveling @ DQS ck = 0
tb_g14_scale_n256_mig.gen_mem[0].u_comp_ddr3.dqs_pos_timing_check: at time 46748136.0 ps WARNING: tWLS violation on DQS bit  0 positive edge.  Indeterminate CK capture is possible.
tb_g14_scale_n256_mig.gen_mem[0].u_comp_ddr3.dqs_pos_timing_check: at time 46748136.0 ps Write Leveling @ DQS ck = 0
tb_g14_scale_n256_mig.gen_mem[0].u_comp_ddr3.dqs_pos_timing_check: at time 46748136.0 ps WARNING: tWLS violation on DQS bit  1 positive edge.  Indeterminate CK capture is possible.
tb_g14_scale_n256_mig.gen_mem[0].u_comp_ddr3.dqs_pos_timing_check: at time 46748136.0 ps Write Leveling @ DQS ck = 0
tb_g14_scale_n256_mig.gen_mem[0].u_comp_ddr3.dqs_pos_timing_check: at time 46751136.0 ps WARNING: tWLS violation on DQS bit  0 positive edge.  Indeterminate CK capture is possible.
tb_g14_scale_n256_mig.gen_mem[0].u_comp_ddr3.dqs_pos_timing_check: at time 46751136.0 ps Write Leveling @ DQS ck = 0
tb_g14_scale_n256_mig.gen_mem[0].u_comp_ddr3.dqs_pos_timing_check: at time 46751136.0 ps WARNING: tWLS violation on DQS bit  1 positive edge.  Indeterminate CK capture is possible.
tb_g14_scale_n256_mig.gen_mem[0].u_comp_ddr3.dqs_pos_timing_check: at time 46751136.0 ps Write Leveling @ DQS ck = 0
tb_g14_scale_n256_mig.gen_mem[0].u_comp_ddr3.dqs_pos_timing_check: at time 46895136.0 ps WARNING: tWLS violation on DQS bit  0 positive edge.  Indeterminate CK capture is possible.
tb_g14_scale_n256_mig.gen_mem[0].u_comp_ddr3.dqs_pos_timing_check: at time 46895136.0 ps Write Leveling @ DQS ck = 0
tb_g14_scale_n256_mig.gen_mem[0].u_comp_ddr3.dqs_pos_timing_check: at time 46895136.0 ps WARNING: tWLS violation on DQS bit  1 positive edge.  Indeterminate CK capture is possible.
tb_g14_scale_n256_mig.gen_mem[0].u_comp_ddr3.dqs_pos_timing_check: at time 46895136.0 ps Write Leveling @ DQS ck = 0
tb_g14_scale_n256_mig.gen_mem[0].u_comp_ddr3.dqs_pos_timing_check: at time 46898136.0 ps WARNING: tWLS violation on DQS bit  0 positive edge.  Indeterminate CK capture is possible.
tb_g14_scale_n256_mig.gen_mem[0].u_comp_ddr3.dqs_pos_timing_check: at time 46898136.0 ps Write Leveling @ DQS ck = 0
tb_g14_scale_n256_mig.gen_mem[0].u_comp_ddr3.dqs_pos_timing_check: at time 46898136.0 ps WARNING: tWLS violation on DQS bit  1 positive edge.  Indeterminate CK capture is possible.
tb_g14_scale_n256_mig.gen_mem[0].u_comp_ddr3.dqs_pos_timing_check: at time 46898136.0 ps Write Leveling @ DQS ck = 0
tb_g14_scale_n256_mig.gen_mem[0].u_comp_ddr3.dqs_pos_timing_check: at time 46901136.0 ps WARNING: tWLS violation on DQS bit  0 positive edge.  Indeterminate CK capture is possible.
tb_g14_scale_n256_mig.gen_mem[0].u_comp_ddr3.dqs_pos_timing_check: at time 46901136.0 ps Write Leveling @ DQS ck = 0
tb_g14_scale_n256_mig.gen_mem[0].u_comp_ddr3.dqs_pos_timing_check: at time 46901136.0 ps WARNING: tWLS violation on DQS bit  1 positive edge.  Indeterminate CK capture is possible.
tb_g14_scale_n256_mig.gen_mem[0].u_comp_ddr3.dqs_pos_timing_check: at time 46901136.0 ps Write Leveling @ DQS ck = 0
tb_g14_scale_n256_mig.gen_mem[0].u_comp_ddr3.dqs_pos_timing_check: at time 46904136.0 ps WARNING: tWLS violation on DQS bit  0 positive edge.  Indeterminate CK capture is possible.
tb_g14_scale_n256_mig.gen_mem[0].u_comp_ddr3.dqs_pos_timing_check: at time 46904136.0 ps Write Leveling @ DQS ck = 0
tb_g14_scale_n256_mig.gen_mem[0].u_comp_ddr3.dqs_pos_timing_check: at time 46904136.0 ps WARNING: tWLS violation on DQS bit  1 positive edge.  Indeterminate CK capture is possible.
tb_g14_scale_n256_mig.gen_mem[0].u_comp_ddr3.dqs_pos_timing_check: at time 46904136.0 ps Write Leveling @ DQS ck = 0
tb_g14_scale_n256_mig.gen_mem[0].u_comp_ddr3.dqs_pos_timing_check: at time 46907136.0 ps WARNING: tWLS violation on DQS bit  0 positive edge.  Indeterminate CK capture is possible.
tb_g14_scale_n256_mig.gen_mem[0].u_comp_ddr3.dqs_pos_timing_check: at time 46907136.0 ps Write Leveling @ DQS ck = 0
tb_g14_scale_n256_mig.gen_mem[0].u_comp_ddr3.dqs_pos_timing_check: at time 46907136.0 ps WARNING: tWLS violation on DQS bit  1 positive edge.  Indeterminate CK capture is possible.
tb_g14_scale_n256_mig.gen_mem[0].u_comp_ddr3.dqs_pos_timing_check: at time 46907136.0 ps Write Leveling @ DQS ck = 0
tb_g14_scale_n256_mig.gen_mem[0].u_comp_ddr3.dqs_pos_timing_check: at time 47051136.0 ps WARNING: tWLS violation on DQS bit  0 positive edge.  Indeterminate CK capture is possible.
tb_g14_scale_n256_mig.gen_mem[0].u_comp_ddr3.dqs_pos_timing_check: at time 47051136.0 ps Write Leveling @ DQS ck = 0
tb_g14_scale_n256_mig.gen_mem[0].u_comp_ddr3.dqs_pos_timing_check: at time 47051136.0 ps WARNING: tWLS violation on DQS bit  1 positive edge.  Indeterminate CK capture is possible.
tb_g14_scale_n256_mig.gen_mem[0].u_comp_ddr3.dqs_pos_timing_check: at time 47051136.0 ps Write Leveling @ DQS ck = 0
tb_g14_scale_n256_mig.gen_mem[0].u_comp_ddr3.dqs_pos_timing_check: at time 47054136.0 ps WARNING: tWLS violation on DQS bit  0 positive edge.  Indeterminate CK capture is possible.
tb_g14_scale_n256_mig.gen_mem[0].u_comp_ddr3.dqs_pos_timing_check: at time 47054136.0 ps Write Leveling @ DQS ck = 0
tb_g14_scale_n256_mig.gen_mem[0].u_comp_ddr3.dqs_pos_timing_check: at time 47054136.0 ps WARNING: tWLS violation on DQS bit  1 positive edge.  Indeterminate CK capture is possible.
tb_g14_scale_n256_mig.gen_mem[0].u_comp_ddr3.dqs_pos_timing_check: at time 47054136.0 ps Write Leveling @ DQS ck = 0
tb_g14_scale_n256_mig.gen_mem[0].u_comp_ddr3.dqs_pos_timing_check: at time 47057136.0 ps WARNING: tWLS violation on DQS bit  0 positive edge.  Indeterminate CK capture is possible.
tb_g14_scale_n256_mig.gen_mem[0].u_comp_ddr3.dqs_pos_timing_check: at time 47057136.0 ps Write Leveling @ DQS ck = 0
tb_g14_scale_n256_mig.gen_mem[0].u_comp_ddr3.dqs_pos_timing_check: at time 47057136.0 ps WARNING: tWLS violation on DQS bit  1 positive edge.  Indeterminate CK capture is possible.
tb_g14_scale_n256_mig.gen_mem[0].u_comp_ddr3.dqs_pos_timing_check: at time 47057136.0 ps Write Leveling @ DQS ck = 0
tb_g14_scale_n256_mig.gen_mem[0].u_comp_ddr3.dqs_pos_timing_check: at time 47060136.0 ps WARNING: tWLS violation on DQS bit  0 positive edge.  Indeterminate CK capture is possible.
tb_g14_scale_n256_mig.gen_mem[0].u_comp_ddr3.dqs_pos_timing_check: at time 47060136.0 ps Write Leveling @ DQS ck = 0
tb_g14_scale_n256_mig.gen_mem[0].u_comp_ddr3.dqs_pos_timing_check: at time 47060136.0 ps WARNING: tWLS violation on DQS bit  1 positive edge.  Indeterminate CK capture is possible.
tb_g14_scale_n256_mig.gen_mem[0].u_comp_ddr3.dqs_pos_timing_check: at time 47060136.0 ps Write Leveling @ DQS ck = 0
tb_g14_scale_n256_mig.gen_mem[0].u_comp_ddr3.dqs_pos_timing_check: at time 47063136.0 ps WARNING: tWLS violation on DQS bit  0 positive edge.  Indeterminate CK capture is possible.
tb_g14_scale_n256_mig.gen_mem[0].u_comp_ddr3.dqs_pos_timing_check: at time 47063136.0 ps Write Leveling @ DQS ck = 0
tb_g14_scale_n256_mig.gen_mem[0].u_comp_ddr3.dqs_pos_timing_check: at time 47063136.0 ps WARNING: tWLS violation on DQS bit  1 positive edge.  Indeterminate CK capture is possible.
tb_g14_scale_n256_mig.gen_mem[0].u_comp_ddr3.dqs_pos_timing_check: at time 47063136.0 ps Write Leveling @ DQS ck = 0
tb_g14_scale_n256_mig.gen_mem[0].u_comp_ddr3.dqs_pos_timing_check: at time 47207160.0 ps WARNING: tWLS violation on DQS bit  0 positive edge.  Indeterminate CK capture is possible.
tb_g14_scale_n256_mig.gen_mem[0].u_comp_ddr3.dqs_pos_timing_check: at time 47207160.0 ps Write Leveling @ DQS ck = 0
tb_g14_scale_n256_mig.gen_mem[0].u_comp_ddr3.dqs_pos_timing_check: at time 47207160.0 ps WARNING: tWLS violation on DQS bit  1 positive edge.  Indeterminate CK capture is possible.
tb_g14_scale_n256_mig.gen_mem[0].u_comp_ddr3.dqs_pos_timing_check: at time 47207160.0 ps Write Leveling @ DQS ck = 0
tb_g14_scale_n256_mig.gen_mem[0].u_comp_ddr3.dqs_pos_timing_check: at time 47210160.0 ps WARNING: tWLS violation on DQS bit  0 positive edge.  Indeterminate CK capture is possible.
tb_g14_scale_n256_mig.gen_mem[0].u_comp_ddr3.dqs_pos_timing_check: at time 47210160.0 ps Write Leveling @ DQS ck = 0
tb_g14_scale_n256_mig.gen_mem[0].u_comp_ddr3.dqs_pos_timing_check: at time 47210160.0 ps WARNING: tWLS violation on DQS bit  1 positive edge.  Indeterminate CK capture is possible.
tb_g14_scale_n256_mig.gen_mem[0].u_comp_ddr3.dqs_pos_timing_check: at time 47210160.0 ps Write Leveling @ DQS ck = 0
tb_g14_scale_n256_mig.gen_mem[0].u_comp_ddr3.dqs_pos_timing_check: at time 47213160.0 ps WARNING: tWLS violation on DQS bit  0 positive edge.  Indeterminate CK capture is possible.
tb_g14_scale_n256_mig.gen_mem[0].u_comp_ddr3.dqs_pos_timing_check: at time 47213160.0 ps Write Leveling @ DQS ck = 0
tb_g14_scale_n256_mig.gen_mem[0].u_comp_ddr3.dqs_pos_timing_check: at time 47213160.0 ps WARNING: tWLS violation on DQS bit  1 positive edge.  Indeterminate CK capture is possible.
tb_g14_scale_n256_mig.gen_mem[0].u_comp_ddr3.dqs_pos_timing_check: at time 47213160.0 ps Write Leveling @ DQS ck = 0
tb_g14_scale_n256_mig.gen_mem[0].u_comp_ddr3.dqs_pos_timing_check: at time 47216160.0 ps WARNING: tWLS violation on DQS bit  0 positive edge.  Indeterminate CK capture is possible.
tb_g14_scale_n256_mig.gen_mem[0].u_comp_ddr3.dqs_pos_timing_check: at time 47216160.0 ps Write Leveling @ DQS ck = 0
tb_g14_scale_n256_mig.gen_mem[0].u_comp_ddr3.dqs_pos_timing_check: at time 47216160.0 ps WARNING: tWLS violation on DQS bit  1 positive edge.  Indeterminate CK capture is possible.
tb_g14_scale_n256_mig.gen_mem[0].u_comp_ddr3.dqs_pos_timing_check: at time 47216160.0 ps Write Leveling @ DQS ck = 0
tb_g14_scale_n256_mig.gen_mem[0].u_comp_ddr3.dqs_pos_timing_check: at time 47219160.0 ps WARNING: tWLS violation on DQS bit  0 positive edge.  Indeterminate CK capture is possible.
tb_g14_scale_n256_mig.gen_mem[0].u_comp_ddr3.dqs_pos_timing_check: at time 47219160.0 ps Write Leveling @ DQS ck = 0
tb_g14_scale_n256_mig.gen_mem[0].u_comp_ddr3.dqs_pos_timing_check: at time 47219160.0 ps WARNING: tWLS violation on DQS bit  1 positive edge.  Indeterminate CK capture is possible.
tb_g14_scale_n256_mig.gen_mem[0].u_comp_ddr3.dqs_pos_timing_check: at time 47219160.0 ps Write Leveling @ DQS ck = 0
tb_g14_scale_n256_mig.gen_mem[0].u_comp_ddr3.dqs_pos_timing_check: at time 47363230.0 ps Write Leveling @ DQS ck = 0
tb_g14_scale_n256_mig.gen_mem[0].u_comp_ddr3.dqs_pos_timing_check: at time 47363230.0 ps Write Leveling @ DQS ck = 0
tb_g14_scale_n256_mig.gen_mem[0].u_comp_ddr3.dqs_pos_timing_check: at time 47366230.0 ps Write Leveling @ DQS ck = 0
tb_g14_scale_n256_mig.gen_mem[0].u_comp_ddr3.dqs_pos_timing_check: at time 47366230.0 ps Write Leveling @ DQS ck = 0
tb_g14_scale_n256_mig.gen_mem[0].u_comp_ddr3.dqs_pos_timing_check: at time 47369230.0 ps Write Leveling @ DQS ck = 0
tb_g14_scale_n256_mig.gen_mem[0].u_comp_ddr3.dqs_pos_timing_check: at time 47369230.0 ps Write Leveling @ DQS ck = 0
tb_g14_scale_n256_mig.gen_mem[0].u_comp_ddr3.dqs_pos_timing_check: at time 47372242.0 ps Write Leveling @ DQS ck = 0
tb_g14_scale_n256_mig.gen_mem[0].u_comp_ddr3.dqs_pos_timing_check: at time 47372242.0 ps Write Leveling @ DQS ck = 0
tb_g14_scale_n256_mig.gen_mem[0].u_comp_ddr3.dqs_pos_timing_check: at time 47375242.0 ps Write Leveling @ DQS ck = 0
tb_g14_scale_n256_mig.gen_mem[0].u_comp_ddr3.dqs_pos_timing_check: at time 47375242.0 ps Write Leveling @ DQS ck = 0
tb_g14_scale_n256_mig.gen_mem[0].u_comp_ddr3.dqs_pos_timing_check: at time 47519312.0 ps Write Leveling @ DQS ck = 0
tb_g14_scale_n256_mig.gen_mem[0].u_comp_ddr3.dqs_pos_timing_check: at time 47519312.0 ps Write Leveling @ DQS ck = 0
tb_g14_scale_n256_mig.gen_mem[0].u_comp_ddr3.dqs_pos_timing_check: at time 47522312.0 ps Write Leveling @ DQS ck = 0
tb_g14_scale_n256_mig.gen_mem[0].u_comp_ddr3.dqs_pos_timing_check: at time 47522312.0 ps Write Leveling @ DQS ck = 0
tb_g14_scale_n256_mig.gen_mem[0].u_comp_ddr3.dqs_pos_timing_check: at time 47525312.0 ps Write Leveling @ DQS ck = 0
tb_g14_scale_n256_mig.gen_mem[0].u_comp_ddr3.dqs_pos_timing_check: at time 47525312.0 ps Write Leveling @ DQS ck = 0
tb_g14_scale_n256_mig.gen_mem[0].u_comp_ddr3.dqs_pos_timing_check: at time 47528312.0 ps Write Leveling @ DQS ck = 0
tb_g14_scale_n256_mig.gen_mem[0].u_comp_ddr3.dqs_pos_timing_check: at time 47528312.0 ps Write Leveling @ DQS ck = 0
tb_g14_scale_n256_mig.gen_mem[0].u_comp_ddr3.dqs_pos_timing_check: at time 47531312.0 ps Write Leveling @ DQS ck = 0
tb_g14_scale_n256_mig.gen_mem[0].u_comp_ddr3.dqs_pos_timing_check: at time 47531312.0 ps Write Leveling @ DQS ck = 0
tb_g14_scale_n256_mig.gen_mem[0].u_comp_ddr3.dqs_pos_timing_check: at time 47675383.0 ps Write Leveling @ DQS ck = 0
tb_g14_scale_n256_mig.gen_mem[0].u_comp_ddr3.dqs_pos_timing_check: at time 47675383.0 ps Write Leveling @ DQS ck = 0
tb_g14_scale_n256_mig.gen_mem[0].u_comp_ddr3.dqs_pos_timing_check: at time 47678383.0 ps Write Leveling @ DQS ck = 0
tb_g14_scale_n256_mig.gen_mem[0].u_comp_ddr3.dqs_pos_timing_check: at time 47678383.0 ps Write Leveling @ DQS ck = 0
tb_g14_scale_n256_mig.gen_mem[0].u_comp_ddr3.dqs_pos_timing_check: at time 47681394.0 ps Write Leveling @ DQS ck = 0
tb_g14_scale_n256_mig.gen_mem[0].u_comp_ddr3.dqs_pos_timing_check: at time 47681394.0 ps Write Leveling @ DQS ck = 0
tb_g14_scale_n256_mig.gen_mem[0].u_comp_ddr3.dqs_pos_timing_check: at time 47684394.0 ps Write Leveling @ DQS ck = 0
tb_g14_scale_n256_mig.gen_mem[0].u_comp_ddr3.dqs_pos_timing_check: at time 47684394.0 ps Write Leveling @ DQS ck = 0
tb_g14_scale_n256_mig.gen_mem[0].u_comp_ddr3.dqs_pos_timing_check: at time 47687394.0 ps Write Leveling @ DQS ck = 0
tb_g14_scale_n256_mig.gen_mem[0].u_comp_ddr3.dqs_pos_timing_check: at time 47687394.0 ps Write Leveling @ DQS ck = 0
tb_g14_scale_n256_mig.gen_mem[0].u_comp_ddr3.dqs_pos_timing_check: at time 47831465.0 ps Write Leveling @ DQS ck = 0
tb_g14_scale_n256_mig.gen_mem[0].u_comp_ddr3.dqs_pos_timing_check: at time 47831465.0 ps Write Leveling @ DQS ck = 0
tb_g14_scale_n256_mig.gen_mem[0].u_comp_ddr3.dqs_pos_timing_check: at time 47834465.0 ps Write Leveling @ DQS ck = 0
tb_g14_scale_n256_mig.gen_mem[0].u_comp_ddr3.dqs_pos_timing_check: at time 47834465.0 ps Write Leveling @ DQS ck = 0
tb_g14_scale_n256_mig.gen_mem[0].u_comp_ddr3.dqs_pos_timing_check: at time 47837465.0 ps Write Leveling @ DQS ck = 0
tb_g14_scale_n256_mig.gen_mem[0].u_comp_ddr3.dqs_pos_timing_check: at time 47837465.0 ps Write Leveling @ DQS ck = 0
tb_g14_scale_n256_mig.gen_mem[0].u_comp_ddr3.dqs_pos_timing_check: at time 47840465.0 ps Write Leveling @ DQS ck = 0
tb_g14_scale_n256_mig.gen_mem[0].u_comp_ddr3.dqs_pos_timing_check: at time 47840465.0 ps Write Leveling @ DQS ck = 0
tb_g14_scale_n256_mig.gen_mem[0].u_comp_ddr3.dqs_pos_timing_check: at time 47843465.0 ps Write Leveling @ DQS ck = 0
tb_g14_scale_n256_mig.gen_mem[0].u_comp_ddr3.dqs_pos_timing_check: at time 47843465.0 ps Write Leveling @ DQS ck = 0
tb_g14_scale_n256_mig.gen_mem[0].u_comp_ddr3.dqs_pos_timing_check: at time 47987535.0 ps Write Leveling @ DQS ck = 0
tb_g14_scale_n256_mig.gen_mem[0].u_comp_ddr3.dqs_pos_timing_check: at time 47987535.0 ps Write Leveling @ DQS ck = 0
tb_g14_scale_n256_mig.gen_mem[0].u_comp_ddr3.dqs_pos_timing_check: at time 47990535.0 ps Write Leveling @ DQS ck = 0
tb_g14_scale_n256_mig.gen_mem[0].u_comp_ddr3.dqs_pos_timing_check: at time 47990535.0 ps Write Leveling @ DQS ck = 0
tb_g14_scale_n256_mig.gen_mem[0].u_comp_ddr3.dqs_pos_timing_check: at time 47993547.0 ps Write Leveling @ DQS ck = 0
tb_g14_scale_n256_mig.gen_mem[0].u_comp_ddr3.dqs_pos_timing_check: at time 47993547.0 ps Write Leveling @ DQS ck = 0
tb_g14_scale_n256_mig.gen_mem[0].u_comp_ddr3.dqs_pos_timing_check: at time 47996547.0 ps Write Leveling @ DQS ck = 0
tb_g14_scale_n256_mig.gen_mem[0].u_comp_ddr3.dqs_pos_timing_check: at time 47996547.0 ps Write Leveling @ DQS ck = 0
tb_g14_scale_n256_mig.gen_mem[0].u_comp_ddr3.dqs_pos_timing_check: at time 47999547.0 ps Write Leveling @ DQS ck = 0
tb_g14_scale_n256_mig.gen_mem[0].u_comp_ddr3.dqs_pos_timing_check: at time 47999547.0 ps Write Leveling @ DQS ck = 0
tb_g14_scale_n256_mig.gen_mem[0].u_comp_ddr3.dqs_pos_timing_check: at time 48143617.0 ps Write Leveling @ DQS ck = 0
tb_g14_scale_n256_mig.gen_mem[0].u_comp_ddr3.dqs_pos_timing_check: at time 48143617.0 ps Write Leveling @ DQS ck = 0
tb_g14_scale_n256_mig.gen_mem[0].u_comp_ddr3.dqs_pos_timing_check: at time 48146617.0 ps Write Leveling @ DQS ck = 0
tb_g14_scale_n256_mig.gen_mem[0].u_comp_ddr3.dqs_pos_timing_check: at time 48146617.0 ps Write Leveling @ DQS ck = 0
tb_g14_scale_n256_mig.gen_mem[0].u_comp_ddr3.dqs_pos_timing_check: at time 48149617.0 ps Write Leveling @ DQS ck = 0
tb_g14_scale_n256_mig.gen_mem[0].u_comp_ddr3.dqs_pos_timing_check: at time 48149617.0 ps Write Leveling @ DQS ck = 0
tb_g14_scale_n256_mig.gen_mem[0].u_comp_ddr3.dqs_pos_timing_check: at time 48152617.0 ps Write Leveling @ DQS ck = 0
tb_g14_scale_n256_mig.gen_mem[0].u_comp_ddr3.dqs_pos_timing_check: at time 48152617.0 ps Write Leveling @ DQS ck = 0
tb_g14_scale_n256_mig.gen_mem[0].u_comp_ddr3.dqs_pos_timing_check: at time 48155617.0 ps Write Leveling @ DQS ck = 0
tb_g14_scale_n256_mig.gen_mem[0].u_comp_ddr3.dqs_pos_timing_check: at time 48155617.0 ps Write Leveling @ DQS ck = 0
tb_g14_scale_n256_mig.gen_mem[0].u_comp_ddr3.dqs_pos_timing_check: at time 48299687.0 ps Write Leveling @ DQS ck = 0
tb_g14_scale_n256_mig.gen_mem[0].u_comp_ddr3.dqs_pos_timing_check: at time 48299687.0 ps Write Leveling @ DQS ck = 0
tb_g14_scale_n256_mig.gen_mem[0].u_comp_ddr3.dqs_pos_timing_check: at time 48302687.0 ps Write Leveling @ DQS ck = 0
tb_g14_scale_n256_mig.gen_mem[0].u_comp_ddr3.dqs_pos_timing_check: at time 48302687.0 ps Write Leveling @ DQS ck = 0
tb_g14_scale_n256_mig.gen_mem[0].u_comp_ddr3.dqs_pos_timing_check: at time 48305687.0 ps Write Leveling @ DQS ck = 0
tb_g14_scale_n256_mig.gen_mem[0].u_comp_ddr3.dqs_pos_timing_check: at time 48305687.0 ps Write Leveling @ DQS ck = 0
tb_g14_scale_n256_mig.gen_mem[0].u_comp_ddr3.dqs_pos_timing_check: at time 48308699.0 ps Write Leveling @ DQS ck = 0
tb_g14_scale_n256_mig.gen_mem[0].u_comp_ddr3.dqs_pos_timing_check: at time 48308699.0 ps Write Leveling @ DQS ck = 0
tb_g14_scale_n256_mig.gen_mem[0].u_comp_ddr3.dqs_pos_timing_check: at time 48311699.0 ps Write Leveling @ DQS ck = 0
tb_g14_scale_n256_mig.gen_mem[0].u_comp_ddr3.dqs_pos_timing_check: at time 48311699.0 ps Write Leveling @ DQS ck = 0
tb_g14_scale_n256_mig.gen_mem[0].u_comp_ddr3.dqs_pos_timing_check: at time 48456086.0 ps Write Leveling @ DQS ck = 0
tb_g14_scale_n256_mig.gen_mem[0].u_comp_ddr3.dqs_pos_timing_check: at time 48456086.0 ps Write Leveling @ DQS ck = 0
tb_g14_scale_n256_mig.gen_mem[0].u_comp_ddr3.dqs_pos_timing_check: at time 48459086.0 ps Write Leveling @ DQS ck = 0
tb_g14_scale_n256_mig.gen_mem[0].u_comp_ddr3.dqs_pos_timing_check: at time 48459086.0 ps Write Leveling @ DQS ck = 0
tb_g14_scale_n256_mig.gen_mem[0].u_comp_ddr3.dqs_pos_timing_check: at time 48462516.0 ps WARNING: tWLS violation on DQS bit  0 positive edge.  Indeterminate CK capture is possible.
tb_g14_scale_n256_mig.gen_mem[0].u_comp_ddr3.dqs_pos_timing_check: at time 48462516.0 ps Write Leveling @ DQS ck = 1
tb_g14_scale_n256_mig.gen_mem[0].u_comp_ddr3.dqs_pos_timing_check: at time 48462516.0 ps WARNING: tWLS violation on DQS bit  1 positive edge.  Indeterminate CK capture is possible.
tb_g14_scale_n256_mig.gen_mem[0].u_comp_ddr3.dqs_pos_timing_check: at time 48462516.0 ps Write Leveling @ DQS ck = 1
tb_g14_scale_n256_mig.gen_mem[0].u_comp_ddr3.dqs_pos_timing_check: at time 48465516.0 ps WARNING: tWLS violation on DQS bit  0 positive edge.  Indeterminate CK capture is possible.
tb_g14_scale_n256_mig.gen_mem[0].u_comp_ddr3.dqs_pos_timing_check: at time 48465516.0 ps Write Leveling @ DQS ck = 1
tb_g14_scale_n256_mig.gen_mem[0].u_comp_ddr3.dqs_pos_timing_check: at time 48465516.0 ps WARNING: tWLS violation on DQS bit  1 positive edge.  Indeterminate CK capture is possible.
tb_g14_scale_n256_mig.gen_mem[0].u_comp_ddr3.dqs_pos_timing_check: at time 48465516.0 ps Write Leveling @ DQS ck = 1
tb_g14_scale_n256_mig.gen_mem[0].u_comp_ddr3.dqs_pos_timing_check: at time 48468516.0 ps WARNING: tWLS violation on DQS bit  0 positive edge.  Indeterminate CK capture is possible.
tb_g14_scale_n256_mig.gen_mem[0].u_comp_ddr3.dqs_pos_timing_check: at time 48468516.0 ps Write Leveling @ DQS ck = 1
tb_g14_scale_n256_mig.gen_mem[0].u_comp_ddr3.dqs_pos_timing_check: at time 48468516.0 ps WARNING: tWLS violation on DQS bit  1 positive edge.  Indeterminate CK capture is possible.
tb_g14_scale_n256_mig.gen_mem[0].u_comp_ddr3.dqs_pos_timing_check: at time 48468516.0 ps Write Leveling @ DQS ck = 1
tb_g14_scale_n256_mig.gen_mem[0].u_comp_ddr3.dqs_pos_timing_check: at time 48612516.0 ps WARNING: tWLS violation on DQS bit  0 positive edge.  Indeterminate CK capture is possible.
tb_g14_scale_n256_mig.gen_mem[0].u_comp_ddr3.dqs_pos_timing_check: at time 48612516.0 ps Write Leveling @ DQS ck = 1
tb_g14_scale_n256_mig.gen_mem[0].u_comp_ddr3.dqs_pos_timing_check: at time 48612516.0 ps WARNING: tWLS violation on DQS bit  1 positive edge.  Indeterminate CK capture is possible.
tb_g14_scale_n256_mig.gen_mem[0].u_comp_ddr3.dqs_pos_timing_check: at time 48612516.0 ps Write Leveling @ DQS ck = 1
tb_g14_scale_n256_mig.gen_mem[0].u_comp_ddr3.dqs_pos_timing_check: at time 48615516.0 ps WARNING: tWLS violation on DQS bit  0 positive edge.  Indeterminate CK capture is possible.
tb_g14_scale_n256_mig.gen_mem[0].u_comp_ddr3.dqs_pos_timing_check: at time 48615516.0 ps Write Leveling @ DQS ck = 1
tb_g14_scale_n256_mig.gen_mem[0].u_comp_ddr3.dqs_pos_timing_check: at time 48615516.0 ps WARNING: tWLS violation on DQS bit  1 positive edge.  Indeterminate CK capture is possible.
tb_g14_scale_n256_mig.gen_mem[0].u_comp_ddr3.dqs_pos_timing_check: at time 48615516.0 ps Write Leveling @ DQS ck = 1
tb_g14_scale_n256_mig.gen_mem[0].u_comp_ddr3.dqs_pos_timing_check: at time 48618516.0 ps WARNING: tWLS violation on DQS bit  0 positive edge.  Indeterminate CK capture is possible.
tb_g14_scale_n256_mig.gen_mem[0].u_comp_ddr3.dqs_pos_timing_check: at time 48618516.0 ps Write Leveling @ DQS ck = 1
tb_g14_scale_n256_mig.gen_mem[0].u_comp_ddr3.dqs_pos_timing_check: at time 48618516.0 ps WARNING: tWLS violation on DQS bit  1 positive edge.  Indeterminate CK capture is possible.
tb_g14_scale_n256_mig.gen_mem[0].u_comp_ddr3.dqs_pos_timing_check: at time 48618516.0 ps Write Leveling @ DQS ck = 1
tb_g14_scale_n256_mig.gen_mem[0].u_comp_ddr3.dqs_pos_timing_check: at time 48621516.0 ps WARNING: tWLS violation on DQS bit  0 positive edge.  Indeterminate CK capture is possible.
tb_g14_scale_n256_mig.gen_mem[0].u_comp_ddr3.dqs_pos_timing_check: at time 48621516.0 ps Write Leveling @ DQS ck = 1
tb_g14_scale_n256_mig.gen_mem[0].u_comp_ddr3.dqs_pos_timing_check: at time 48621516.0 ps WARNING: tWLS violation on DQS bit  1 positive edge.  Indeterminate CK capture is possible.
tb_g14_scale_n256_mig.gen_mem[0].u_comp_ddr3.dqs_pos_timing_check: at time 48621516.0 ps Write Leveling @ DQS ck = 1
tb_g14_scale_n256_mig.gen_mem[0].u_comp_ddr3.dqs_pos_timing_check: at time 48624516.0 ps WARNING: tWLS violation on DQS bit  0 positive edge.  Indeterminate CK capture is possible.
tb_g14_scale_n256_mig.gen_mem[0].u_comp_ddr3.dqs_pos_timing_check: at time 48624516.0 ps Write Leveling @ DQS ck = 1
tb_g14_scale_n256_mig.gen_mem[0].u_comp_ddr3.dqs_pos_timing_check: at time 48624516.0 ps WARNING: tWLS violation on DQS bit  1 positive edge.  Indeterminate CK capture is possible.
tb_g14_scale_n256_mig.gen_mem[0].u_comp_ddr3.dqs_pos_timing_check: at time 48624516.0 ps Write Leveling @ DQS ck = 1
PHY_INIT: Write Leveling completed at 48626725.0 ps
tb_g14_scale_n256_mig.gen_mem[0].u_comp_ddr3.main: at time 48702466.0 ps INFO: Sync On Die Termination Rtt_NOM =          0 Ohm
tb_g14_scale_n256_mig.gen_mem[0].u_comp_ddr3.cmd_task: at time 48768466.0 ps INFO: Load Mode 1
tb_g14_scale_n256_mig.gen_mem[0].u_comp_ddr3.cmd_task: at time 48768466.0 ps INFO: Load Mode 1 DLL Enable = Enabled
tb_g14_scale_n256_mig.gen_mem[0].u_comp_ddr3.cmd_task: at time 48768466.0 ps INFO: Load Mode 1 Output Drive Strength =          40 Ohm
tb_g14_scale_n256_mig.gen_mem[0].u_comp_ddr3.cmd_task: at time 48768466.0 ps INFO: Load Mode 1 ODT Rtt =          40 Ohm
tb_g14_scale_n256_mig.gen_mem[0].u_comp_ddr3.cmd_task: at time 48768466.0 ps INFO: Load Mode 1 Additive Latency = 0
tb_g14_scale_n256_mig.gen_mem[0].u_comp_ddr3.cmd_task: at time 48768466.0 ps INFO: Load Mode 1 Write Levelization = Disabled
tb_g14_scale_n256_mig.gen_mem[0].u_comp_ddr3.cmd_task: at time 48768466.0 ps INFO: Load Mode 1 TDQS Enable = Disabled
tb_g14_scale_n256_mig.gen_mem[0].u_comp_ddr3.cmd_task: at time 48768466.0 ps INFO: Load Mode 1 Qoff = Enabled
tb_g14_scale_n256_mig.gen_mem[0].u_comp_ddr3.cmd_task: at time 50328466.0 ps INFO: Load Mode 2
tb_g14_scale_n256_mig.gen_mem[0].u_comp_ddr3.cmd_task: at time 50328466.0 ps INFO: Load Mode 2 Partial Array Self Refresh = Bank 0-7
tb_g14_scale_n256_mig.gen_mem[0].u_comp_ddr3.cmd_task: at time 50328466.0 ps INFO: Load Mode 2 CAS Write Latency =           5
tb_g14_scale_n256_mig.gen_mem[0].u_comp_ddr3.cmd_task: at time 50328466.0 ps INFO: Load Mode 2 Auto Self Refresh = Disabled
tb_g14_scale_n256_mig.gen_mem[0].u_comp_ddr3.cmd_task: at time 50328466.0 ps INFO: Load Mode 2 Self Refresh Temperature = Normal
tb_g14_scale_n256_mig.gen_mem[0].u_comp_ddr3.cmd_task: at time 50328466.0 ps INFO: Load Mode 2 Dynamic ODT = Disabled
tb_g14_scale_n256_mig.gen_mem[0].u_comp_ddr3.cmd_task: at time 53424466.0 ps INFO: Precharge All
tb_g14_scale_n256_mig.gen_mem[0].u_comp_ddr3.cmd_task: at time 54984466.0 ps INFO: Refresh  
tb_g14_scale_n256_mig.gen_mem[0].u_comp_ddr3.cmd_task: at time 56544466.0 ps INFO: Refresh  
tb_g14_scale_n256_mig.gen_mem[0].u_comp_ddr3.cmd_task: at time 58104466.0 ps INFO: Refresh  
tb_g14_scale_n256_mig.gen_mem[0].u_comp_ddr3.cmd_task: at time 59664466.0 ps INFO: Refresh  
tb_g14_scale_n256_mig.gen_mem[0].u_comp_ddr3.cmd_task: at time 61224466.0 ps INFO: Refresh  
tb_g14_scale_n256_mig.gen_mem[0].u_comp_ddr3.cmd_task: at time 62784466.0 ps INFO: Refresh  
tb_g14_scale_n256_mig.gen_mem[0].u_comp_ddr3.cmd_task: at time 64344466.0 ps INFO: Refresh  
tb_g14_scale_n256_mig.gen_mem[0].u_comp_ddr3.cmd_task: at time 65904466.0 ps INFO: Refresh  
tb_g14_scale_n256_mig.gen_mem[0].u_comp_ddr3.cmd_task: at time 67464466.0 ps INFO: Activate  bank 0 row 0000
tb_g14_scale_n256_mig.gen_mem[0].u_comp_ddr3.cmd_task: at time 69024466.0 ps INFO: Write     bank 0 col 000, auto precharge 0
tb_g14_scale_n256_mig.gen_mem[0].u_comp_ddr3.main: at time 69030466.0 ps INFO: Sync On Die Termination Rtt_NOM =         40 Ohm
tb_g14_scale_n256_mig.gen_mem[0].u_comp_ddr3.cmd_task: at time 69036466.0 ps INFO: Write     bank 0 col 008, auto precharge 0
tb_g14_scale_n256_mig.gen_mem[0].u_comp_ddr3.data_task: at time 69040966.0 ps INFO: WRITE @ DQS= bank = 0 row = 0000 col = 00000000 data = 9999
tb_g14_scale_n256_mig.gen_mem[0].u_comp_ddr3.data_task: at time 69042466.0 ps INFO: WRITE @ DQS= bank = 0 row = 0000 col = 00000001 data = 3333
tb_g14_scale_n256_mig.gen_mem[0].u_comp_ddr3.data_task: at time 69043966.0 ps INFO: WRITE @ DQS= bank = 0 row = 0000 col = 00000002 data = 7777
tb_g14_scale_n256_mig.gen_mem[0].u_comp_ddr3.data_task: at time 69045466.0 ps INFO: WRITE @ DQS= bank = 0 row = 0000 col = 00000003 data = eeee
tb_g14_scale_n256_mig.gen_mem[0].u_comp_ddr3.data_task: at time 69046966.0 ps INFO: WRITE @ DQS= bank = 0 row = 0000 col = 00000004 data = cccc
tb_g14_scale_n256_mig.gen_mem[0].u_comp_ddr3.data_task: at time 69048466.0 ps INFO: WRITE @ DQS= bank = 0 row = 0000 col = 00000005 data = 9999
tb_g14_scale_n256_mig.gen_mem[0].u_comp_ddr3.cmd_task: at time 69048466.0 ps INFO: Write     bank 0 col 010, auto precharge 0
tb_g14_scale_n256_mig.gen_mem[0].u_comp_ddr3.data_task: at time 69049966.0 ps INFO: WRITE @ DQS= bank = 0 row = 0000 col = 00000006 data = 2222
tb_g14_scale_n256_mig.gen_mem[0].u_comp_ddr3.data_task: at time 69051466.0 ps INFO: WRITE @ DQS= bank = 0 row = 0000 col = 00000007 data = 4444
tb_g14_scale_n256_mig.gen_mem[0].u_comp_ddr3.data_task: at time 69052966.0 ps INFO: WRITE @ DQS= bank = 0 row = 0000 col = 00000008 data = bbbb
tb_g14_scale_n256_mig.gen_mem[0].u_comp_ddr3.data_task: at time 69054466.0 ps INFO: WRITE @ DQS= bank = 0 row = 0000 col = 00000009 data = 1111
tb_g14_scale_n256_mig.gen_mem[0].u_comp_ddr3.data_task: at time 69055966.0 ps INFO: WRITE @ DQS= bank = 0 row = 0000 col = 0000000a data = 7777
tb_g14_scale_n256_mig.gen_mem[0].u_comp_ddr3.data_task: at time 69057466.0 ps INFO: WRITE @ DQS= bank = 0 row = 0000 col = 0000000b data = eeee
tb_g14_scale_n256_mig.gen_mem[0].u_comp_ddr3.data_task: at time 69058966.0 ps INFO: WRITE @ DQS= bank = 0 row = 0000 col = 0000000c data = cccc
tb_g14_scale_n256_mig.gen_mem[0].u_comp_ddr3.data_task: at time 69060466.0 ps INFO: WRITE @ DQS= bank = 0 row = 0000 col = 0000000d data = 9999
tb_g14_scale_n256_mig.gen_mem[0].u_comp_ddr3.cmd_task: at time 69060466.0 ps INFO: Write     bank 0 col 018, auto precharge 0
tb_g14_scale_n256_mig.gen_mem[0].u_comp_ddr3.data_task: at time 69061966.0 ps INFO: WRITE @ DQS= bank = 0 row = 0000 col = 0000000e data = 2222
tb_g14_scale_n256_mig.gen_mem[0].u_comp_ddr3.data_task: at time 69063466.0 ps INFO: WRITE @ DQS= bank = 0 row = 0000 col = 0000000f data = 4444
tb_g14_scale_n256_mig.gen_mem[0].u_comp_ddr3.data_task: at time 69064966.0 ps INFO: WRITE @ DQS= bank = 0 row = 0000 col = 00000010 data = bbbb
tb_g14_scale_n256_mig.gen_mem[0].u_comp_ddr3.data_task: at time 69066466.0 ps INFO: WRITE @ DQS= bank = 0 row = 0000 col = 00000011 data = 1111
tb_g14_scale_n256_mig.gen_mem[0].u_comp_ddr3.data_task: at time 69067966.0 ps INFO: WRITE @ DQS= bank = 0 row = 0000 col = 00000012 data = 7777
tb_g14_scale_n256_mig.gen_mem[0].u_comp_ddr3.data_task: at time 69069466.0 ps INFO: WRITE @ DQS= bank = 0 row = 0000 col = 00000013 data = eeee
tb_g14_scale_n256_mig.gen_mem[0].u_comp_ddr3.data_task: at time 69070966.0 ps INFO: WRITE @ DQS= bank = 0 row = 0000 col = 00000014 data = cccc
tb_g14_scale_n256_mig.gen_mem[0].u_comp_ddr3.data_task: at time 69072466.0 ps INFO: WRITE @ DQS= bank = 0 row = 0000 col = 00000015 data = 9999
tb_g14_scale_n256_mig.gen_mem[0].u_comp_ddr3.data_task: at time 69073966.0 ps INFO: WRITE @ DQS= bank = 0 row = 0000 col = 00000016 data = 2222
tb_g14_scale_n256_mig.gen_mem[0].u_comp_ddr3.data_task: at time 69075466.0 ps INFO: WRITE @ DQS= bank = 0 row = 0000 col = 00000017 data = 4444
tb_g14_scale_n256_mig.gen_mem[0].u_comp_ddr3.data_task: at time 69076966.0 ps INFO: WRITE @ DQS= bank = 0 row = 0000 col = 00000018 data = bbbb
tb_g14_scale_n256_mig.gen_mem[0].u_comp_ddr3.data_task: at time 69078466.0 ps INFO: WRITE @ DQS= bank = 0 row = 0000 col = 00000019 data = 1111
tb_g14_scale_n256_mig.gen_mem[0].u_comp_ddr3.data_task: at time 69079966.0 ps INFO: WRITE @ DQS= bank = 0 row = 0000 col = 0000001a data = 7777
tb_g14_scale_n256_mig.gen_mem[0].u_comp_ddr3.data_task: at time 69081466.0 ps INFO: WRITE @ DQS= bank = 0 row = 0000 col = 0000001b data = eeee
tb_g14_scale_n256_mig.gen_mem[0].u_comp_ddr3.data_task: at time 69082966.0 ps INFO: WRITE @ DQS= bank = 0 row = 0000 col = 0000001c data = cccc
tb_g14_scale_n256_mig.gen_mem[0].u_comp_ddr3.data_task: at time 69084466.0 ps INFO: WRITE @ DQS= bank = 0 row = 0000 col = 0000001d data = 9999
tb_g14_scale_n256_mig.gen_mem[0].u_comp_ddr3.data_task: at time 69085966.0 ps INFO: WRITE @ DQS= bank = 0 row = 0000 col = 0000001e data = 2222
tb_g14_scale_n256_mig.gen_mem[0].u_comp_ddr3.data_task: at time 69087466.0 ps INFO: WRITE @ DQS= bank = 0 row = 0000 col = 0000001f data = 4444
tb_g14_scale_n256_mig.gen_mem[0].u_comp_ddr3.main: at time 70626466.0 ps INFO: Sync On Die Termination Rtt_NOM =          0 Ohm
tb_g14_scale_n256_mig.gen_mem[0].u_comp_ddr3.cmd_task: at time 72432466.0 ps INFO: Precharge All
tb_g14_scale_n256_mig.gen_mem[0].u_comp_ddr3.cmd_task: at time 72432466.0 ps INFO: Precharge bank   0
tb_g14_scale_n256_mig.gen_mem[0].u_comp_ddr3.cmd_task: at time 73992466.0 ps INFO: Refresh  
tb_g14_scale_n256_mig.gen_mem[0].u_comp_ddr3.cmd_task: at time 75552466.0 ps INFO: Refresh  
tb_g14_scale_n256_mig.gen_mem[0].u_comp_ddr3.cmd_task: at time 77112466.0 ps INFO: Refresh  
tb_g14_scale_n256_mig.gen_mem[0].u_comp_ddr3.cmd_task: at time 78672466.0 ps INFO: Refresh  
tb_g14_scale_n256_mig.gen_mem[0].u_comp_ddr3.cmd_task: at time 80232466.0 ps INFO: Refresh  
tb_g14_scale_n256_mig.gen_mem[0].u_comp_ddr3.cmd_task: at time 81792466.0 ps INFO: Refresh  
tb_g14_scale_n256_mig.gen_mem[0].u_comp_ddr3.cmd_task: at time 83352466.0 ps INFO: Refresh  
tb_g14_scale_n256_mig.gen_mem[0].u_comp_ddr3.cmd_task: at time 84912466.0 ps INFO: Refresh  
tb_g14_scale_n256_mig.gen_mem[0].u_comp_ddr3.cmd_task: at time 86472466.0 ps INFO: Activate  bank 0 row 0000
PHY_INIT: Read Leveling Stage 1 completed at 88142725.0 ps
PHY_INIT : PRBS/PER_BIT calibration completed at 88142725.0 ps
PHY_INIT : COMPLEX OCLKDELAY calibration completed at 88142725.0 ps
tb_g14_scale_n256_mig.gen_mem[0].u_comp_ddr3.cmd_task: at time 91104466.0 ps INFO: Write     bank 0 col 000, auto precharge 0
tb_g14_scale_n256_mig.gen_mem[0].u_comp_ddr3.main: at time 91110466.0 ps INFO: Sync On Die Termination Rtt_NOM =         40 Ohm
tb_g14_scale_n256_mig.gen_mem[0].u_comp_ddr3.cmd_task: at time 91116466.0 ps INFO: Write     bank 0 col 008, auto precharge 0
tb_g14_scale_n256_mig.gen_mem[0].u_comp_ddr3.data_task: at time 91120966.0 ps INFO: WRITE @ DQS= bank = 0 row = 0000 col = 00000000 data = ffff
tb_g14_scale_n256_mig.gen_mem[0].u_comp_ddr3.data_task: at time 91122466.0 ps INFO: WRITE @ DQS= bank = 0 row = 0000 col = 00000001 data = 0000
tb_g14_scale_n256_mig.gen_mem[0].u_comp_ddr3.data_task: at time 91123966.0 ps INFO: WRITE @ DQS= bank = 0 row = 0000 col = 00000002 data = aaaa
tb_g14_scale_n256_mig.gen_mem[0].u_comp_ddr3.data_task: at time 91125466.0 ps INFO: WRITE @ DQS= bank = 0 row = 0000 col = 00000003 data = 5555
tb_g14_scale_n256_mig.gen_mem[0].u_comp_ddr3.data_task: at time 91126966.0 ps INFO: WRITE @ DQS= bank = 0 row = 0000 col = 00000004 data = 5555
tb_g14_scale_n256_mig.gen_mem[0].u_comp_ddr3.data_task: at time 91128466.0 ps INFO: WRITE @ DQS= bank = 0 row = 0000 col = 00000005 data = aaaa
tb_g14_scale_n256_mig.gen_mem[0].u_comp_ddr3.cmd_task: at time 91128466.0 ps INFO: Write     bank 0 col 010, auto precharge 0
tb_g14_scale_n256_mig.gen_mem[0].u_comp_ddr3.data_task: at time 91129966.0 ps INFO: WRITE @ DQS= bank = 0 row = 0000 col = 00000006 data = 9999
tb_g14_scale_n256_mig.gen_mem[0].u_comp_ddr3.data_task: at time 91131466.0 ps INFO: WRITE @ DQS= bank = 0 row = 0000 col = 00000007 data = 6666
tb_g14_scale_n256_mig.gen_mem[0].u_comp_ddr3.data_task: at time 91132966.0 ps INFO: WRITE @ DQS= bank = 0 row = 0000 col = 00000008 data = bbbb
tb_g14_scale_n256_mig.gen_mem[0].u_comp_ddr3.data_task: at time 91134466.0 ps INFO: WRITE @ DQS= bank = 0 row = 0000 col = 00000009 data = 1111
tb_g14_scale_n256_mig.gen_mem[0].u_comp_ddr3.data_task: at time 91135966.0 ps INFO: WRITE @ DQS= bank = 0 row = 0000 col = 0000000a data = eeee
tb_g14_scale_n256_mig.gen_mem[0].u_comp_ddr3.data_task: at time 91137466.0 ps INFO: WRITE @ DQS= bank = 0 row = 0000 col = 0000000b data = 4444
tb_g14_scale_n256_mig.gen_mem[0].u_comp_ddr3.data_task: at time 91138966.0 ps INFO: WRITE @ DQS= bank = 0 row = 0000 col = 0000000c data = 4444
tb_g14_scale_n256_mig.gen_mem[0].u_comp_ddr3.data_task: at time 91140466.0 ps INFO: WRITE @ DQS= bank = 0 row = 0000 col = 0000000d data = eeee
tb_g14_scale_n256_mig.gen_mem[0].u_comp_ddr3.cmd_task: at time 91140466.0 ps INFO: Write     bank 0 col 018, auto precharge 0
tb_g14_scale_n256_mig.gen_mem[0].u_comp_ddr3.data_task: at time 91141966.0 ps INFO: WRITE @ DQS= bank = 0 row = 0000 col = 0000000e data = dddd
tb_g14_scale_n256_mig.gen_mem[0].u_comp_ddr3.data_task: at time 91143466.0 ps INFO: WRITE @ DQS= bank = 0 row = 0000 col = 0000000f data = 8888
tb_g14_scale_n256_mig.gen_mem[0].u_comp_ddr3.data_task: at time 91144966.0 ps INFO: WRITE @ DQS= bank = 0 row = 0000 col = 00000010 data = bbbb
tb_g14_scale_n256_mig.gen_mem[0].u_comp_ddr3.data_task: at time 91146466.0 ps INFO: WRITE @ DQS= bank = 0 row = 0000 col = 00000011 data = 1111
tb_g14_scale_n256_mig.gen_mem[0].u_comp_ddr3.data_task: at time 91147966.0 ps INFO: WRITE @ DQS= bank = 0 row = 0000 col = 00000012 data = eeee
tb_g14_scale_n256_mig.gen_mem[0].u_comp_ddr3.data_task: at time 91149466.0 ps INFO: WRITE @ DQS= bank = 0 row = 0000 col = 00000013 data = 4444
tb_g14_scale_n256_mig.gen_mem[0].u_comp_ddr3.data_task: at time 91150966.0 ps INFO: WRITE @ DQS= bank = 0 row = 0000 col = 00000014 data = 4444
tb_g14_scale_n256_mig.gen_mem[0].u_comp_ddr3.data_task: at time 91152466.0 ps INFO: WRITE @ DQS= bank = 0 row = 0000 col = 00000015 data = eeee
tb_g14_scale_n256_mig.gen_mem[0].u_comp_ddr3.data_task: at time 91153966.0 ps INFO: WRITE @ DQS= bank = 0 row = 0000 col = 00000016 data = dddd
tb_g14_scale_n256_mig.gen_mem[0].u_comp_ddr3.data_task: at time 91155466.0 ps INFO: WRITE @ DQS= bank = 0 row = 0000 col = 00000017 data = 8888
tb_g14_scale_n256_mig.gen_mem[0].u_comp_ddr3.data_task: at time 91156966.0 ps INFO: WRITE @ DQS= bank = 0 row = 0000 col = 00000018 data = bbbb
tb_g14_scale_n256_mig.gen_mem[0].u_comp_ddr3.data_task: at time 91158466.0 ps INFO: WRITE @ DQS= bank = 0 row = 0000 col = 00000019 data = 1111
tb_g14_scale_n256_mig.gen_mem[0].u_comp_ddr3.data_task: at time 91159966.0 ps INFO: WRITE @ DQS= bank = 0 row = 0000 col = 0000001a data = eeee
tb_g14_scale_n256_mig.gen_mem[0].u_comp_ddr3.data_task: at time 91161466.0 ps INFO: WRITE @ DQS= bank = 0 row = 0000 col = 0000001b data = 4444
tb_g14_scale_n256_mig.gen_mem[0].u_comp_ddr3.data_task: at time 91162966.0 ps INFO: WRITE @ DQS= bank = 0 row = 0000 col = 0000001c data = 4444
tb_g14_scale_n256_mig.gen_mem[0].u_comp_ddr3.data_task: at time 91164466.0 ps INFO: WRITE @ DQS= bank = 0 row = 0000 col = 0000001d data = eeee
tb_g14_scale_n256_mig.gen_mem[0].u_comp_ddr3.data_task: at time 91165966.0 ps INFO: WRITE @ DQS= bank = 0 row = 0000 col = 0000001e data = dddd
tb_g14_scale_n256_mig.gen_mem[0].u_comp_ddr3.data_task: at time 91167466.0 ps INFO: WRITE @ DQS= bank = 0 row = 0000 col = 0000001f data = 8888
tb_g14_scale_n256_mig.gen_mem[0].u_comp_ddr3.cmd_task: at time 92700466.0 ps INFO: Read      bank 0 col 000, auto precharge 0
tb_g14_scale_n256_mig.gen_mem[0].u_comp_ddr3.main: at time 92706466.0 ps INFO: Sync On Die Termination Rtt_NOM =          0 Ohm
tb_g14_scale_n256_mig.gen_mem[0].u_comp_ddr3.data_task: at time 92713966.0 ps INFO: READ @ DQS= bank = 0 row = 0000 col = 00000000 data = ffff
tb_g14_scale_n256_mig.gen_mem[0].u_comp_ddr3.data_task: at time 92715466.0 ps INFO: READ @ DQS= bank = 0 row = 0000 col = 00000001 data = 0000
tb_g14_scale_n256_mig.gen_mem[0].u_comp_ddr3.data_task: at time 92716966.0 ps INFO: READ @ DQS= bank = 0 row = 0000 col = 00000002 data = aaaa
tb_g14_scale_n256_mig.gen_mem[0].u_comp_ddr3.data_task: at time 92718466.0 ps INFO: READ @ DQS= bank = 0 row = 0000 col = 00000003 data = 5555
tb_g14_scale_n256_mig.gen_mem[0].u_comp_ddr3.data_task: at time 92719966.0 ps INFO: READ @ DQS= bank = 0 row = 0000 col = 00000004 data = 5555
tb_g14_scale_n256_mig.gen_mem[0].u_comp_ddr3.data_task: at time 92721466.0 ps INFO: READ @ DQS= bank = 0 row = 0000 col = 00000005 data = aaaa
tb_g14_scale_n256_mig.gen_mem[0].u_comp_ddr3.data_task: at time 92722966.0 ps INFO: READ @ DQS= bank = 0 row = 0000 col = 00000006 data = 9999
tb_g14_scale_n256_mig.gen_mem[0].u_comp_ddr3.data_task: at time 92724466.0 ps INFO: READ @ DQS= bank = 0 row = 0000 col = 00000007 data = 6666
tb_g14_scale_n256_mig.gen_mem[0].u_comp_ddr3.cmd_task: at time 94260466.0 ps INFO: Precharge All
tb_g14_scale_n256_mig.gen_mem[0].u_comp_ddr3.cmd_task: at time 94260466.0 ps INFO: Precharge bank   0
tb_g14_scale_n256_mig.gen_mem[0].u_comp_ddr3.cmd_task: at time 95820466.0 ps INFO: Refresh  
tb_g14_scale_n256_mig.gen_mem[0].u_comp_ddr3.cmd_task: at time 97380466.0 ps INFO: Activate  bank 0 row 0000
PHY_INIT: Write Calibration completed at 99062725.0 ps
tb_g14_scale_n256_mig.gen_mem[0].u_comp_ddr3.cmd_task: at time 100476466.0 ps INFO: Precharge All
tb_g14_scale_n256_mig.gen_mem[0].u_comp_ddr3.cmd_task: at time 100476466.0 ps INFO: Precharge bank   0
tb_g14_scale_n256_mig.gen_mem[0].u_comp_ddr3.cmd_task: at time 102036466.0 ps INFO: Load Mode 0
tb_g14_scale_n256_mig.gen_mem[0].u_comp_ddr3.cmd_task: at time 102036466.0 ps INFO: Load Mode 0 Burst Length =  8
tb_g14_scale_n256_mig.gen_mem[0].u_comp_ddr3.cmd_task: at time 102036466.0 ps INFO: Load Mode 0 Burst Order = Sequential
tb_g14_scale_n256_mig.gen_mem[0].u_comp_ddr3.cmd_task: at time 102036466.0 ps INFO: Load Mode 0 CAS Latency =           5
tb_g14_scale_n256_mig.gen_mem[0].u_comp_ddr3.cmd_task: at time 102036466.0 ps INFO: Load Mode 0 DLL Reset = Normal
tb_g14_scale_n256_mig.gen_mem[0].u_comp_ddr3.cmd_task: at time 102036466.0 ps INFO: Load Mode 0 Write Recovery =           5
tb_g14_scale_n256_mig.gen_mem[0].u_comp_ddr3.cmd_task: at time 102036466.0 ps INFO: Load Mode 0 Power Down Mode = DLL off
tb_g14_scale_n256_mig.gen_mem[0].u_comp_ddr3.cmd_task: at time 103596466.0 ps INFO: Precharge All
tb_g14_scale_n256_mig.gen_mem[0].u_comp_ddr3.cmd_task: at time 105156466.0 ps INFO: Activate  bank 0 row 0000
tb_g14_scale_n256_mig.gen_mem[0].u_comp_ddr3.cmd_task: at time 106716466.0 ps INFO: Precharge All
tb_g14_scale_n256_mig.gen_mem[0].u_comp_ddr3.cmd_task: at time 106716466.0 ps INFO: Precharge bank   0
tb_g14_scale_n256_mig.gen_mem[0].u_comp_ddr3.cmd_task: at time 108276466.0 ps INFO: Refresh  
tb_g14_scale_n256_mig.gen_mem[0].u_comp_ddr3.cmd_task: at time 109836466.0 ps INFO: Activate  bank 0 row 0000
tb_g14_scale_n256_mig.gen_mem[0].u_comp_ddr3.cmd_task: at time 111396466.0 ps INFO: Write     bank 0 col 000, auto precharge 0
tb_g14_scale_n256_mig.gen_mem[0].u_comp_ddr3.main: at time 111402466.0 ps INFO: Sync On Die Termination Rtt_NOM =         40 Ohm
tb_g14_scale_n256_mig.gen_mem[0].u_comp_ddr3.cmd_task: at time 111408466.0 ps INFO: Write     bank 0 col 008, auto precharge 0
tb_g14_scale_n256_mig.gen_mem[0].u_comp_ddr3.data_task: at time 111412966.0 ps INFO: WRITE @ DQS= bank = 0 row = 0000 col = 00000000 data = ffff
tb_g14_scale_n256_mig.gen_mem[0].u_comp_ddr3.data_task: at time 111414466.0 ps INFO: WRITE @ DQS= bank = 0 row = 0000 col = 00000001 data = 0000
tb_g14_scale_n256_mig.gen_mem[0].u_comp_ddr3.data_task: at time 111415966.0 ps INFO: WRITE @ DQS= bank = 0 row = 0000 col = 00000002 data = aaaa
tb_g14_scale_n256_mig.gen_mem[0].u_comp_ddr3.data_task: at time 111417466.0 ps INFO: WRITE @ DQS= bank = 0 row = 0000 col = 00000003 data = 5555
tb_g14_scale_n256_mig.gen_mem[0].u_comp_ddr3.data_task: at time 111418966.0 ps INFO: WRITE @ DQS= bank = 0 row = 0000 col = 00000004 data = 5555
tb_g14_scale_n256_mig.gen_mem[0].u_comp_ddr3.data_task: at time 111420466.0 ps INFO: WRITE @ DQS= bank = 0 row = 0000 col = 00000005 data = aaaa
tb_g14_scale_n256_mig.gen_mem[0].u_comp_ddr3.cmd_task: at time 111420466.0 ps INFO: Write     bank 0 col 010, auto precharge 0
tb_g14_scale_n256_mig.gen_mem[0].u_comp_ddr3.data_task: at time 111421966.0 ps INFO: WRITE @ DQS= bank = 0 row = 0000 col = 00000006 data = 9999
tb_g14_scale_n256_mig.gen_mem[0].u_comp_ddr3.data_task: at time 111423466.0 ps INFO: WRITE @ DQS= bank = 0 row = 0000 col = 00000007 data = 6666
tb_g14_scale_n256_mig.gen_mem[0].u_comp_ddr3.data_task: at time 111424966.0 ps INFO: WRITE @ DQS= bank = 0 row = 0000 col = 00000008 data = bbbb
tb_g14_scale_n256_mig.gen_mem[0].u_comp_ddr3.data_task: at time 111426466.0 ps INFO: WRITE @ DQS= bank = 0 row = 0000 col = 00000009 data = 1111
tb_g14_scale_n256_mig.gen_mem[0].u_comp_ddr3.data_task: at time 111427966.0 ps INFO: WRITE @ DQS= bank = 0 row = 0000 col = 0000000a data = eeee
tb_g14_scale_n256_mig.gen_mem[0].u_comp_ddr3.data_task: at time 111429466.0 ps INFO: WRITE @ DQS= bank = 0 row = 0000 col = 0000000b data = 4444
tb_g14_scale_n256_mig.gen_mem[0].u_comp_ddr3.data_task: at time 111430966.0 ps INFO: WRITE @ DQS= bank = 0 row = 0000 col = 0000000c data = 4444
tb_g14_scale_n256_mig.gen_mem[0].u_comp_ddr3.data_task: at time 111432466.0 ps INFO: WRITE @ DQS= bank = 0 row = 0000 col = 0000000d data = eeee
tb_g14_scale_n256_mig.gen_mem[0].u_comp_ddr3.cmd_task: at time 111432466.0 ps INFO: Write     bank 0 col 018, auto precharge 0
tb_g14_scale_n256_mig.gen_mem[0].u_comp_ddr3.data_task: at time 111433966.0 ps INFO: WRITE @ DQS= bank = 0 row = 0000 col = 0000000e data = dddd
tb_g14_scale_n256_mig.gen_mem[0].u_comp_ddr3.data_task: at time 111435466.0 ps INFO: WRITE @ DQS= bank = 0 row = 0000 col = 0000000f data = 8888
tb_g14_scale_n256_mig.gen_mem[0].u_comp_ddr3.data_task: at time 111436966.0 ps INFO: WRITE @ DQS= bank = 0 row = 0000 col = 00000010 data = bbbb
tb_g14_scale_n256_mig.gen_mem[0].u_comp_ddr3.data_task: at time 111438466.0 ps INFO: WRITE @ DQS= bank = 0 row = 0000 col = 00000011 data = 1111
tb_g14_scale_n256_mig.gen_mem[0].u_comp_ddr3.data_task: at time 111439966.0 ps INFO: WRITE @ DQS= bank = 0 row = 0000 col = 00000012 data = eeee
tb_g14_scale_n256_mig.gen_mem[0].u_comp_ddr3.data_task: at time 111441466.0 ps INFO: WRITE @ DQS= bank = 0 row = 0000 col = 00000013 data = 4444
tb_g14_scale_n256_mig.gen_mem[0].u_comp_ddr3.data_task: at time 111442966.0 ps INFO: WRITE @ DQS= bank = 0 row = 0000 col = 00000014 data = 4444
tb_g14_scale_n256_mig.gen_mem[0].u_comp_ddr3.data_task: at time 111444466.0 ps INFO: WRITE @ DQS= bank = 0 row = 0000 col = 00000015 data = eeee
tb_g14_scale_n256_mig.gen_mem[0].u_comp_ddr3.data_task: at time 111445966.0 ps INFO: WRITE @ DQS= bank = 0 row = 0000 col = 00000016 data = dddd
tb_g14_scale_n256_mig.gen_mem[0].u_comp_ddr3.data_task: at time 111447466.0 ps INFO: WRITE @ DQS= bank = 0 row = 0000 col = 00000017 data = 8888
tb_g14_scale_n256_mig.gen_mem[0].u_comp_ddr3.data_task: at time 111448966.0 ps INFO: WRITE @ DQS= bank = 0 row = 0000 col = 00000018 data = bbbb
tb_g14_scale_n256_mig.gen_mem[0].u_comp_ddr3.data_task: at time 111450466.0 ps INFO: WRITE @ DQS= bank = 0 row = 0000 col = 00000019 data = 1111
tb_g14_scale_n256_mig.gen_mem[0].u_comp_ddr3.data_task: at time 111451966.0 ps INFO: WRITE @ DQS= bank = 0 row = 0000 col = 0000001a data = eeee
tb_g14_scale_n256_mig.gen_mem[0].u_comp_ddr3.data_task: at time 111453466.0 ps INFO: WRITE @ DQS= bank = 0 row = 0000 col = 0000001b data = 4444
tb_g14_scale_n256_mig.gen_mem[0].u_comp_ddr3.data_task: at time 111454966.0 ps INFO: WRITE @ DQS= bank = 0 row = 0000 col = 0000001c data = 4444
tb_g14_scale_n256_mig.gen_mem[0].u_comp_ddr3.data_task: at time 111456466.0 ps INFO: WRITE @ DQS= bank = 0 row = 0000 col = 0000001d data = eeee
tb_g14_scale_n256_mig.gen_mem[0].u_comp_ddr3.data_task: at time 111457966.0 ps INFO: WRITE @ DQS= bank = 0 row = 0000 col = 0000001e data = dddd
tb_g14_scale_n256_mig.gen_mem[0].u_comp_ddr3.data_task: at time 111459466.0 ps INFO: WRITE @ DQS= bank = 0 row = 0000 col = 0000001f data = 8888
tb_g14_scale_n256_mig.gen_mem[0].u_comp_ddr3.cmd_task: at time 112992466.0 ps INFO: Read      bank 0 col 000, auto precharge 0
tb_g14_scale_n256_mig.gen_mem[0].u_comp_ddr3.main: at time 112998466.0 ps INFO: Sync On Die Termination Rtt_NOM =          0 Ohm
tb_g14_scale_n256_mig.gen_mem[0].u_comp_ddr3.data_task: at time 113005966.0 ps INFO: READ @ DQS= bank = 0 row = 0000 col = 00000000 data = ffff
tb_g14_scale_n256_mig.gen_mem[0].u_comp_ddr3.data_task: at time 113007466.0 ps INFO: READ @ DQS= bank = 0 row = 0000 col = 00000001 data = 0000
tb_g14_scale_n256_mig.gen_mem[0].u_comp_ddr3.data_task: at time 113008966.0 ps INFO: READ @ DQS= bank = 0 row = 0000 col = 00000002 data = aaaa
tb_g14_scale_n256_mig.gen_mem[0].u_comp_ddr3.data_task: at time 113010466.0 ps INFO: READ @ DQS= bank = 0 row = 0000 col = 00000003 data = 5555
tb_g14_scale_n256_mig.gen_mem[0].u_comp_ddr3.data_task: at time 113011966.0 ps INFO: READ @ DQS= bank = 0 row = 0000 col = 00000004 data = 5555
tb_g14_scale_n256_mig.gen_mem[0].u_comp_ddr3.data_task: at time 113013466.0 ps INFO: READ @ DQS= bank = 0 row = 0000 col = 00000005 data = aaaa
tb_g14_scale_n256_mig.gen_mem[0].u_comp_ddr3.data_task: at time 113014966.0 ps INFO: READ @ DQS= bank = 0 row = 0000 col = 00000006 data = 9999
tb_g14_scale_n256_mig.gen_mem[0].u_comp_ddr3.data_task: at time 113016466.0 ps INFO: READ @ DQS= bank = 0 row = 0000 col = 00000007 data = 6666
tb_g14_scale_n256_mig.gen_mem[0].u_comp_ddr3.cmd_task: at time 113520466.0 ps INFO: Read      bank 0 col 000, auto precharge 0
tb_g14_scale_n256_mig.gen_mem[0].u_comp_ddr3.data_task: at time 113533966.0 ps INFO: READ @ DQS= bank = 0 row = 0000 col = 00000000 data = ffff
tb_g14_scale_n256_mig.gen_mem[0].u_comp_ddr3.data_task: at time 113535466.0 ps INFO: READ @ DQS= bank = 0 row = 0000 col = 00000001 data = 0000
tb_g14_scale_n256_mig.gen_mem[0].u_comp_ddr3.data_task: at time 113536966.0 ps INFO: READ @ DQS= bank = 0 row = 0000 col = 00000002 data = aaaa
tb_g14_scale_n256_mig.gen_mem[0].u_comp_ddr3.data_task: at time 113538466.0 ps INFO: READ @ DQS= bank = 0 row = 0000 col = 00000003 data = 5555
tb_g14_scale_n256_mig.gen_mem[0].u_comp_ddr3.data_task: at time 113539966.0 ps INFO: READ @ DQS= bank = 0 row = 0000 col = 00000004 data = 5555
tb_g14_scale_n256_mig.gen_mem[0].u_comp_ddr3.data_task: at time 113541466.0 ps INFO: READ @ DQS= bank = 0 row = 0000 col = 00000005 data = aaaa
tb_g14_scale_n256_mig.gen_mem[0].u_comp_ddr3.data_task: at time 113542966.0 ps INFO: READ @ DQS= bank = 0 row = 0000 col = 00000006 data = 9999
tb_g14_scale_n256_mig.gen_mem[0].u_comp_ddr3.data_task: at time 113544466.0 ps INFO: READ @ DQS= bank = 0 row = 0000 col = 00000007 data = 6666
tb_g14_scale_n256_mig.gen_mem[0].u_comp_ddr3.cmd_task: at time 115080466.0 ps INFO: Precharge All
tb_g14_scale_n256_mig.gen_mem[0].u_comp_ddr3.cmd_task: at time 115080466.0 ps INFO: Precharge bank   0
tb_g14_scale_n256_mig.gen_mem[0].u_comp_ddr3.cmd_task: at time 116640466.0 ps INFO: Refresh  
tb_g14_scale_n256_mig.gen_mem[0].u_comp_ddr3.cmd_task: at time 118200466.0 ps INFO: Activate  bank 0 row 0000
PHY_INIT: Write Calibration completed at 120074725.0 ps
tb_g14_scale_n256_mig.gen_mem[0].u_comp_ddr3.cmd_task: at time 121296466.0 ps INFO: Precharge All
tb_g14_scale_n256_mig.gen_mem[0].u_comp_ddr3.cmd_task: at time 121296466.0 ps INFO: Precharge bank   0
tb_g14_scale_n256_mig.gen_mem[0].u_comp_ddr3.cmd_task: at time 122973466.0 ps INFO: Refresh  
tb_g14_scale_n256_mig.gen_mem[0].u_comp_ddr3.cmd_task: at time 123141466.0 ps INFO: Activate  bank 0 row 0000
tb_g14_scale_n256_mig.gen_mem[0].u_comp_ddr3.cmd_task: at time 123216466.0 ps INFO: Read      bank 0 col 000, auto precharge 0
tb_g14_scale_n256_mig.gen_mem[0].u_comp_ddr3.cmd_task: at time 123228466.0 ps INFO: Read      bank 0 col 000, auto precharge 0
tb_g14_scale_n256_mig.gen_mem[0].u_comp_ddr3.data_task: at time 123229966.0 ps INFO: READ @ DQS= bank = 0 row = 0000 col = 00000000 data = ffff
tb_g14_scale_n256_mig.gen_mem[0].u_comp_ddr3.data_task: at time 123231466.0 ps INFO: READ @ DQS= bank = 0 row = 0000 col = 00000001 data = 0000
tb_g14_scale_n256_mig.gen_mem[0].u_comp_ddr3.data_task: at time 123232966.0 ps INFO: READ @ DQS= bank = 0 row = 0000 col = 00000002 data = aaaa
tb_g14_scale_n256_mig.gen_mem[0].u_comp_ddr3.data_task: at time 123234466.0 ps INFO: READ @ DQS= bank = 0 row = 0000 col = 00000003 data = 5555
tb_g14_scale_n256_mig.gen_mem[0].u_comp_ddr3.data_task: at time 123235966.0 ps INFO: READ @ DQS= bank = 0 row = 0000 col = 00000004 data = 5555
tb_g14_scale_n256_mig.gen_mem[0].u_comp_ddr3.data_task: at time 123237466.0 ps INFO: READ @ DQS= bank = 0 row = 0000 col = 00000005 data = aaaa
tb_g14_scale_n256_mig.gen_mem[0].u_comp_ddr3.data_task: at time 123238966.0 ps INFO: READ @ DQS= bank = 0 row = 0000 col = 00000006 data = 9999
tb_g14_scale_n256_mig.gen_mem[0].u_comp_ddr3.data_task: at time 123240466.0 ps INFO: READ @ DQS= bank = 0 row = 0000 col = 00000007 data = 6666
tb_g14_scale_n256_mig.gen_mem[0].u_comp_ddr3.data_task: at time 123241966.0 ps INFO: READ @ DQS= bank = 0 row = 0000 col = 00000000 data = ffff
tb_g14_scale_n256_mig.gen_mem[0].u_comp_ddr3.data_task: at time 123243466.0 ps INFO: READ @ DQS= bank = 0 row = 0000 col = 00000001 data = 0000
tb_g14_scale_n256_mig.gen_mem[0].u_comp_ddr3.data_task: at time 123244966.0 ps INFO: READ @ DQS= bank = 0 row = 0000 col = 00000002 data = aaaa
tb_g14_scale_n256_mig.gen_mem[0].u_comp_ddr3.data_task: at time 123246466.0 ps INFO: READ @ DQS= bank = 0 row = 0000 col = 00000003 data = 5555
tb_g14_scale_n256_mig.gen_mem[0].u_comp_ddr3.data_task: at time 123247966.0 ps INFO: READ @ DQS= bank = 0 row = 0000 col = 00000004 data = 5555
tb_g14_scale_n256_mig.gen_mem[0].u_comp_ddr3.data_task: at time 123249466.0 ps INFO: READ @ DQS= bank = 0 row = 0000 col = 00000005 data = aaaa
tb_g14_scale_n256_mig.gen_mem[0].u_comp_ddr3.data_task: at time 123250966.0 ps INFO: READ @ DQS= bank = 0 row = 0000 col = 00000006 data = 9999
tb_g14_scale_n256_mig.gen_mem[0].u_comp_ddr3.data_task: at time 123252466.0 ps INFO: READ @ DQS= bank = 0 row = 0000 col = 00000007 data = 6666
tb_g14_scale_n256_mig.gen_mem[0].u_comp_ddr3.cmd_task: at time 123279466.0 ps INFO: Precharge bank   0
tb_g14_scale_n256_mig.gen_mem[0].u_comp_ddr3.cmd_task: at time 123309466.0 ps INFO: ZQ        long = 0
tb_g14_scale_n256_mig.gen_mem[0].u_comp_ddr3.cmd_task: at time 123573466.0 ps INFO: Activate  bank 0 row 2000
tb_g14_scale_n256_mig.gen_mem[0].u_comp_ddr3.cmd_task: at time 123588466.0 ps INFO: Write     bank 0 col 000, auto precharge 0
tb_g14_scale_n256_mig.gen_mem[0].u_comp_ddr3.main: at time 123594466.0 ps INFO: Sync On Die Termination Rtt_NOM =         40 Ohm
tb_g14_scale_n256_mig.gen_mem[0].u_comp_ddr3.data_task: at time 123604966.0 ps INFO: WRITE @ DQS= bank = 0 row = 2000 col = 00000000 data = 0000
tb_g14_scale_n256_mig.gen_mem[0].u_comp_ddr3.data_task: at time 123606466.0 ps INFO: WRITE @ DQS= bank = 0 row = 2000 col = 00000001 data = 0000
tb_g14_scale_n256_mig.gen_mem[0].u_comp_ddr3.data_task: at time 123607966.0 ps INFO: WRITE @ DQS= bank = 0 row = 2000 col = 00000002 data = 0001
tb_g14_scale_n256_mig.gen_mem[0].u_comp_ddr3.data_task: at time 123609466.0 ps INFO: WRITE @ DQS= bank = 0 row = 2000 col = 00000003 data = 0000
tb_g14_scale_n256_mig.gen_mem[0].u_comp_ddr3.data_task: at time 123610966.0 ps INFO: WRITE @ DQS= bank = 0 row = 2000 col = 00000004 data = 0002
tb_g14_scale_n256_mig.gen_mem[0].u_comp_ddr3.data_task: at time 123612466.0 ps INFO: WRITE @ DQS= bank = 0 row = 2000 col = 00000005 data = 0000
tb_g14_scale_n256_mig.gen_mem[0].u_comp_ddr3.data_task: at time 123613966.0 ps INFO: WRITE @ DQS= bank = 0 row = 2000 col = 00000006 data = 0003
tb_g14_scale_n256_mig.gen_mem[0].u_comp_ddr3.data_task: at time 123615466.0 ps INFO: WRITE @ DQS= bank = 0 row = 2000 col = 00000007 data = 0000
tb_g14_scale_n256_mig.gen_mem[0].u_comp_ddr3.main: at time 123618466.0 ps INFO: Sync On Die Termination Rtt_NOM =          0 Ohm
tb_g14_scale_n256_mig.gen_mem[0].u_comp_ddr3.cmd_task: at time 123624466.0 ps INFO: Write     bank 0 col 008, auto precharge 0
tb_g14_scale_n256_mig.gen_mem[0].u_comp_ddr3.main: at time 123630466.0 ps INFO: Sync On Die Termination Rtt_NOM =         40 Ohm
tb_g14_scale_n256_mig.gen_mem[0].u_comp_ddr3.data_task: at time 123640966.0 ps INFO: WRITE @ DQS= bank = 0 row = 2000 col = 00000008 data = 0004
tb_g14_scale_n256_mig.gen_mem[0].u_comp_ddr3.data_task: at time 123642466.0 ps INFO: WRITE @ DQS= bank = 0 row = 2000 col = 00000009 data = 0000
tb_g14_scale_n256_mig.gen_mem[0].u_comp_ddr3.data_task: at time 123643966.0 ps INFO: WRITE @ DQS= bank = 0 row = 2000 col = 0000000a data = 0005
tb_g14_scale_n256_mig.gen_mem[0].u_comp_ddr3.data_task: at time 123645466.0 ps INFO: WRITE @ DQS= bank = 0 row = 2000 col = 0000000b data = 0000
tb_g14_scale_n256_mig.gen_mem[0].u_comp_ddr3.data_task: at time 123646966.0 ps INFO: WRITE @ DQS= bank = 0 row = 2000 col = 0000000c data = 0006
tb_g14_scale_n256_mig.gen_mem[0].u_comp_ddr3.data_task: at time 123648466.0 ps INFO: WRITE @ DQS= bank = 0 row = 2000 col = 0000000d data = 0000
tb_g14_scale_n256_mig.gen_mem[0].u_comp_ddr3.data_task: at time 123649966.0 ps INFO: WRITE @ DQS= bank = 0 row = 2000 col = 0000000e data = 0007
tb_g14_scale_n256_mig.gen_mem[0].u_comp_ddr3.data_task: at time 123651466.0 ps INFO: WRITE @ DQS= bank = 0 row = 2000 col = 0000000f data = 0000
tb_g14_scale_n256_mig.gen_mem[0].u_comp_ddr3.main: at time 123654466.0 ps INFO: Sync On Die Termination Rtt_NOM =          0 Ohm
tb_g14_scale_n256_mig.gen_mem[0].u_comp_ddr3.cmd_task: at time 123672466.0 ps INFO: Write     bank 0 col 010, auto precharge 0
tb_g14_scale_n256_mig.gen_mem[0].u_comp_ddr3.main: at time 123678466.0 ps INFO: Sync On Die Termination Rtt_NOM =         40 Ohm
tb_g14_scale_n256_mig.gen_mem[0].u_comp_ddr3.data_task: at time 123688966.0 ps INFO: WRITE @ DQS= bank = 0 row = 2000 col = 00000010 data = 0008
tb_g14_scale_n256_mig.gen_mem[0].u_comp_ddr3.data_task: at time 123690466.0 ps INFO: WRITE @ DQS= bank = 0 row = 2000 col = 00000011 data = 0000
tb_g14_scale_n256_mig.gen_mem[0].u_comp_ddr3.data_task: at time 123691966.0 ps INFO: WRITE @ DQS= bank = 0 row = 2000 col = 00000012 data = 0009
tb_g14_scale_n256_mig.gen_mem[0].u_comp_ddr3.data_task: at time 123693466.0 ps INFO: WRITE @ DQS= bank = 0 row = 2000 col = 00000013 data = 0000
tb_g14_scale_n256_mig.gen_mem[0].u_comp_ddr3.data_task: at time 123694966.0 ps INFO: WRITE @ DQS= bank = 0 row = 2000 col = 00000014 data = 000a
tb_g14_scale_n256_mig.gen_mem[0].u_comp_ddr3.data_task: at time 123696466.0 ps INFO: WRITE @ DQS= bank = 0 row = 2000 col = 00000015 data = 0000
tb_g14_scale_n256_mig.gen_mem[0].u_comp_ddr3.data_task: at time 123697966.0 ps INFO: WRITE @ DQS= bank = 0 row = 2000 col = 00000016 data = 000b
tb_g14_scale_n256_mig.gen_mem[0].u_comp_ddr3.data_task: at time 123699466.0 ps INFO: WRITE @ DQS= bank = 0 row = 2000 col = 00000017 data = 0000
tb_g14_scale_n256_mig.gen_mem[0].u_comp_ddr3.main: at time 123702466.0 ps INFO: Sync On Die Termination Rtt_NOM =          0 Ohm
tb_g14_scale_n256_mig.gen_mem[0].u_comp_ddr3.cmd_task: at time 123720466.0 ps INFO: Write     bank 0 col 018, auto precharge 0
tb_g14_scale_n256_mig.gen_mem[0].u_comp_ddr3.main: at time 123726466.0 ps INFO: Sync On Die Termination Rtt_NOM =         40 Ohm
tb_g14_scale_n256_mig.gen_mem[0].u_comp_ddr3.data_task: at time 123736966.0 ps INFO: WRITE @ DQS= bank = 0 row = 2000 col = 00000018 data = 000c
tb_g14_scale_n256_mig.gen_mem[0].u_comp_ddr3.data_task: at time 123738466.0 ps INFO: WRITE @ DQS= bank = 0 row = 2000 col = 00000019 data = 0000
tb_g14_scale_n256_mig.gen_mem[0].u_comp_ddr3.data_task: at time 123739966.0 ps INFO: WRITE @ DQS= bank = 0 row = 2000 col = 0000001a data = 000d
tb_g14_scale_n256_mig.gen_mem[0].u_comp_ddr3.data_task: at time 123741466.0 ps INFO: WRITE @ DQS= bank = 0 row = 2000 col = 0000001b data = 0000
tb_g14_scale_n256_mig.gen_mem[0].u_comp_ddr3.data_task: at time 123742966.0 ps INFO: WRITE @ DQS= bank = 0 row = 2000 col = 0000001c data = 000e
tb_g14_scale_n256_mig.gen_mem[0].u_comp_ddr3.data_task: at time 123744466.0 ps INFO: WRITE @ DQS= bank = 0 row = 2000 col = 0000001d data = 0000
tb_g14_scale_n256_mig.gen_mem[0].u_comp_ddr3.data_task: at time 123745966.0 ps INFO: WRITE @ DQS= bank = 0 row = 2000 col = 0000001e data = 000f
tb_g14_scale_n256_mig.gen_mem[0].u_comp_ddr3.data_task: at time 123747466.0 ps INFO: WRITE @ DQS= bank = 0 row = 2000 col = 0000001f data = 0000
tb_g14_scale_n256_mig.gen_mem[0].u_comp_ddr3.main: at time 123750466.0 ps INFO: Sync On Die Termination Rtt_NOM =          0 Ohm
tb_g14_scale_n256_mig.gen_mem[0].u_comp_ddr3.cmd_task: at time 123768466.0 ps INFO: Write     bank 0 col 020, auto precharge 0
tb_g14_scale_n256_mig.gen_mem[0].u_comp_ddr3.main: at time 123774466.0 ps INFO: Sync On Die Termination Rtt_NOM =         40 Ohm
tb_g14_scale_n256_mig.gen_mem[0].u_comp_ddr3.data_task: at time 123784966.0 ps INFO: WRITE @ DQS= bank = 0 row = 2000 col = 00000020 data = 0010
tb_g14_scale_n256_mig.gen_mem[0].u_comp_ddr3.data_task: at time 123786466.0 ps INFO: WRITE @ DQS= bank = 0 row = 2000 col = 00000021 data = 0000
tb_g14_scale_n256_mig.gen_mem[0].u_comp_ddr3.data_task: at time 123787966.0 ps INFO: WRITE @ DQS= bank = 0 row = 2000 col = 00000022 data = 0011
tb_g14_scale_n256_mig.gen_mem[0].u_comp_ddr3.data_task: at time 123789466.0 ps INFO: WRITE @ DQS= bank = 0 row = 2000 col = 00000023 data = 0000
tb_g14_scale_n256_mig.gen_mem[0].u_comp_ddr3.data_task: at time 123790966.0 ps INFO: WRITE @ DQS= bank = 0 row = 2000 col = 00000024 data = 0012
tb_g14_scale_n256_mig.gen_mem[0].u_comp_ddr3.data_task: at time 123792466.0 ps INFO: WRITE @ DQS= bank = 0 row = 2000 col = 00000025 data = 0000
tb_g14_scale_n256_mig.gen_mem[0].u_comp_ddr3.data_task: at time 123793966.0 ps INFO: WRITE @ DQS= bank = 0 row = 2000 col = 00000026 data = 0013
tb_g14_scale_n256_mig.gen_mem[0].u_comp_ddr3.data_task: at time 123795466.0 ps INFO: WRITE @ DQS= bank = 0 row = 2000 col = 00000027 data = 0000
tb_g14_scale_n256_mig.gen_mem[0].u_comp_ddr3.main: at time 123798466.0 ps INFO: Sync On Die Termination Rtt_NOM =          0 Ohm
tb_g14_scale_n256_mig.gen_mem[0].u_comp_ddr3.cmd_task: at time 123816466.0 ps INFO: Write     bank 0 col 028, auto precharge 0
tb_g14_scale_n256_mig.gen_mem[0].u_comp_ddr3.main: at time 123822466.0 ps INFO: Sync On Die Termination Rtt_NOM =         40 Ohm
tb_g14_scale_n256_mig.gen_mem[0].u_comp_ddr3.data_task: at time 123832966.0 ps INFO: WRITE @ DQS= bank = 0 row = 2000 col = 00000028 data = 0014
tb_g14_scale_n256_mig.gen_mem[0].u_comp_ddr3.data_task: at time 123834466.0 ps INFO: WRITE @ DQS= bank = 0 row = 2000 col = 00000029 data = 0000
tb_g14_scale_n256_mig.gen_mem[0].u_comp_ddr3.data_task: at time 123835966.0 ps INFO: WRITE @ DQS= bank = 0 row = 2000 col = 0000002a data = 0015
tb_g14_scale_n256_mig.gen_mem[0].u_comp_ddr3.data_task: at time 123837466.0 ps INFO: WRITE @ DQS= bank = 0 row = 2000 col = 0000002b data = 0000
tb_g14_scale_n256_mig.gen_mem[0].u_comp_ddr3.data_task: at time 123838966.0 ps INFO: WRITE @ DQS= bank = 0 row = 2000 col = 0000002c data = 0016
tb_g14_scale_n256_mig.gen_mem[0].u_comp_ddr3.data_task: at time 123840466.0 ps INFO: WRITE @ DQS= bank = 0 row = 2000 col = 0000002d data = 0000
tb_g14_scale_n256_mig.gen_mem[0].u_comp_ddr3.data_task: at time 123841966.0 ps INFO: WRITE @ DQS= bank = 0 row = 2000 col = 0000002e data = 0017
tb_g14_scale_n256_mig.gen_mem[0].u_comp_ddr3.data_task: at time 123843466.0 ps INFO: WRITE @ DQS= bank = 0 row = 2000 col = 0000002f data = 0000
tb_g14_scale_n256_mig.gen_mem[0].u_comp_ddr3.main: at time 123846466.0 ps INFO: Sync On Die Termination Rtt_NOM =          0 Ohm
tb_g14_scale_n256_mig.gen_mem[0].u_comp_ddr3.cmd_task: at time 123864466.0 ps INFO: Write     bank 0 col 030, auto precharge 0
tb_g14_scale_n256_mig.gen_mem[0].u_comp_ddr3.main: at time 123870466.0 ps INFO: Sync On Die Termination Rtt_NOM =         40 Ohm
tb_g14_scale_n256_mig.gen_mem[0].u_comp_ddr3.data_task: at time 123880966.0 ps INFO: WRITE @ DQS= bank = 0 row = 2000 col = 00000030 data = 0018
tb_g14_scale_n256_mig.gen_mem[0].u_comp_ddr3.data_task: at time 123882466.0 ps INFO: WRITE @ DQS= bank = 0 row = 2000 col = 00000031 data = 0000
tb_g14_scale_n256_mig.gen_mem[0].u_comp_ddr3.data_task: at time 123883966.0 ps INFO: WRITE @ DQS= bank = 0 row = 2000 col = 00000032 data = 0019
tb_g14_scale_n256_mig.gen_mem[0].u_comp_ddr3.data_task: at time 123885466.0 ps INFO: WRITE @ DQS= bank = 0 row = 2000 col = 00000033 data = 0000
tb_g14_scale_n256_mig.gen_mem[0].u_comp_ddr3.data_task: at time 123886966.0 ps INFO: WRITE @ DQS= bank = 0 row = 2000 col = 00000034 data = 001a
tb_g14_scale_n256_mig.gen_mem[0].u_comp_ddr3.data_task: at time 123888466.0 ps INFO: WRITE @ DQS= bank = 0 row = 2000 col = 00000035 data = 0000
tb_g14_scale_n256_mig.gen_mem[0].u_comp_ddr3.data_task: at time 123889966.0 ps INFO: WRITE @ DQS= bank = 0 row = 2000 col = 00000036 data = 001b
tb_g14_scale_n256_mig.gen_mem[0].u_comp_ddr3.data_task: at time 123891466.0 ps INFO: WRITE @ DQS= bank = 0 row = 2000 col = 00000037 data = 0000
tb_g14_scale_n256_mig.gen_mem[0].u_comp_ddr3.main: at time 123894466.0 ps INFO: Sync On Die Termination Rtt_NOM =          0 Ohm
tb_g14_scale_n256_mig.gen_mem[0].u_comp_ddr3.cmd_task: at time 123912466.0 ps INFO: Write     bank 0 col 038, auto precharge 0
tb_g14_scale_n256_mig.gen_mem[0].u_comp_ddr3.main: at time 123918466.0 ps INFO: Sync On Die Termination Rtt_NOM =         40 Ohm
tb_g14_scale_n256_mig.gen_mem[0].u_comp_ddr3.data_task: at time 123928966.0 ps INFO: WRITE @ DQS= bank = 0 row = 2000 col = 00000038 data = 001c
tb_g14_scale_n256_mig.gen_mem[0].u_comp_ddr3.data_task: at time 123930466.0 ps INFO: WRITE @ DQS= bank = 0 row = 2000 col = 00000039 data = 0000
tb_g14_scale_n256_mig.gen_mem[0].u_comp_ddr3.data_task: at time 123931966.0 ps INFO: WRITE @ DQS= bank = 0 row = 2000 col = 0000003a data = 001d
tb_g14_scale_n256_mig.gen_mem[0].u_comp_ddr3.data_task: at time 123933466.0 ps INFO: WRITE @ DQS= bank = 0 row = 2000 col = 0000003b data = 0000
tb_g14_scale_n256_mig.gen_mem[0].u_comp_ddr3.data_task: at time 123934966.0 ps INFO: WRITE @ DQS= bank = 0 row = 2000 col = 0000003c data = 001e
tb_g14_scale_n256_mig.gen_mem[0].u_comp_ddr3.data_task: at time 123936466.0 ps INFO: WRITE @ DQS= bank = 0 row = 2000 col = 0000003d data = 0000
tb_g14_scale_n256_mig.gen_mem[0].u_comp_ddr3.data_task: at time 123937966.0 ps INFO: WRITE @ DQS= bank = 0 row = 2000 col = 0000003e data = 001f
tb_g14_scale_n256_mig.gen_mem[0].u_comp_ddr3.data_task: at time 123939466.0 ps INFO: WRITE @ DQS= bank = 0 row = 2000 col = 0000003f data = 0000
tb_g14_scale_n256_mig.gen_mem[0].u_comp_ddr3.main: at time 123942466.0 ps INFO: Sync On Die Termination Rtt_NOM =          0 Ohm
tb_g14_scale_n256_mig.gen_mem[0].u_comp_ddr3.cmd_task: at time 123960466.0 ps INFO: Write     bank 0 col 040, auto precharge 0
tb_g14_scale_n256_mig.gen_mem[0].u_comp_ddr3.main: at time 123966466.0 ps INFO: Sync On Die Termination Rtt_NOM =         40 Ohm
tb_g14_scale_n256_mig.gen_mem[0].u_comp_ddr3.data_task: at time 123976966.0 ps INFO: WRITE @ DQS= bank = 0 row = 2000 col = 00000040 data = 0020
tb_g14_scale_n256_mig.gen_mem[0].u_comp_ddr3.data_task: at time 123978466.0 ps INFO: WRITE @ DQS= bank = 0 row = 2000 col = 00000041 data = 0000
tb_g14_scale_n256_mig.gen_mem[0].u_comp_ddr3.data_task: at time 123979966.0 ps INFO: WRITE @ DQS= bank = 0 row = 2000 col = 00000042 data = 0021
tb_g14_scale_n256_mig.gen_mem[0].u_comp_ddr3.data_task: at time 123981466.0 ps INFO: WRITE @ DQS= bank = 0 row = 2000 col = 00000043 data = 0000
tb_g14_scale_n256_mig.gen_mem[0].u_comp_ddr3.data_task: at time 123982966.0 ps INFO: WRITE @ DQS= bank = 0 row = 2000 col = 00000044 data = 0022
tb_g14_scale_n256_mig.gen_mem[0].u_comp_ddr3.data_task: at time 123984466.0 ps INFO: WRITE @ DQS= bank = 0 row = 2000 col = 00000045 data = 0000
tb_g14_scale_n256_mig.gen_mem[0].u_comp_ddr3.data_task: at time 123985966.0 ps INFO: WRITE @ DQS= bank = 0 row = 2000 col = 00000046 data = 0023
tb_g14_scale_n256_mig.gen_mem[0].u_comp_ddr3.data_task: at time 123987466.0 ps INFO: WRITE @ DQS= bank = 0 row = 2000 col = 00000047 data = 0000
tb_g14_scale_n256_mig.gen_mem[0].u_comp_ddr3.main: at time 123990466.0 ps INFO: Sync On Die Termination Rtt_NOM =          0 Ohm
tb_g14_scale_n256_mig.gen_mem[0].u_comp_ddr3.cmd_task: at time 124008466.0 ps INFO: Write     bank 0 col 048, auto precharge 0
tb_g14_scale_n256_mig.gen_mem[0].u_comp_ddr3.main: at time 124014466.0 ps INFO: Sync On Die Termination Rtt_NOM =         40 Ohm
tb_g14_scale_n256_mig.gen_mem[0].u_comp_ddr3.data_task: at time 124024966.0 ps INFO: WRITE @ DQS= bank = 0 row = 2000 col = 00000048 data = 0024
tb_g14_scale_n256_mig.gen_mem[0].u_comp_ddr3.data_task: at time 124026466.0 ps INFO: WRITE @ DQS= bank = 0 row = 2000 col = 00000049 data = 0000
tb_g14_scale_n256_mig.gen_mem[0].u_comp_ddr3.data_task: at time 124027966.0 ps INFO: WRITE @ DQS= bank = 0 row = 2000 col = 0000004a data = 0025
tb_g14_scale_n256_mig.gen_mem[0].u_comp_ddr3.data_task: at time 124029466.0 ps INFO: WRITE @ DQS= bank = 0 row = 2000 col = 0000004b data = 0000
tb_g14_scale_n256_mig.gen_mem[0].u_comp_ddr3.data_task: at time 124030966.0 ps INFO: WRITE @ DQS= bank = 0 row = 2000 col = 0000004c data = 0026
tb_g14_scale_n256_mig.gen_mem[0].u_comp_ddr3.data_task: at time 124032466.0 ps INFO: WRITE @ DQS= bank = 0 row = 2000 col = 0000004d data = 0000
tb_g14_scale_n256_mig.gen_mem[0].u_comp_ddr3.data_task: at time 124033966.0 ps INFO: WRITE @ DQS= bank = 0 row = 2000 col = 0000004e data = 0027
tb_g14_scale_n256_mig.gen_mem[0].u_comp_ddr3.data_task: at time 124035466.0 ps INFO: WRITE @ DQS= bank = 0 row = 2000 col = 0000004f data = 0000
tb_g14_scale_n256_mig.gen_mem[0].u_comp_ddr3.main: at time 124038466.0 ps INFO: Sync On Die Termination Rtt_NOM =          0 Ohm
tb_g14_scale_n256_mig.gen_mem[0].u_comp_ddr3.cmd_task: at time 124056466.0 ps INFO: Write     bank 0 col 050, auto precharge 0
tb_g14_scale_n256_mig.gen_mem[0].u_comp_ddr3.main: at time 124062466.0 ps INFO: Sync On Die Termination Rtt_NOM =         40 Ohm
tb_g14_scale_n256_mig.gen_mem[0].u_comp_ddr3.data_task: at time 124072966.0 ps INFO: WRITE @ DQS= bank = 0 row = 2000 col = 00000050 data = 0028
tb_g14_scale_n256_mig.gen_mem[0].u_comp_ddr3.data_task: at time 124074466.0 ps INFO: WRITE @ DQS= bank = 0 row = 2000 col = 00000051 data = 0000
tb_g14_scale_n256_mig.gen_mem[0].u_comp_ddr3.data_task: at time 124075966.0 ps INFO: WRITE @ DQS= bank = 0 row = 2000 col = 00000052 data = 0029
tb_g14_scale_n256_mig.gen_mem[0].u_comp_ddr3.data_task: at time 124077466.0 ps INFO: WRITE @ DQS= bank = 0 row = 2000 col = 00000053 data = 0000
tb_g14_scale_n256_mig.gen_mem[0].u_comp_ddr3.data_task: at time 124078966.0 ps INFO: WRITE @ DQS= bank = 0 row = 2000 col = 00000054 data = 002a
tb_g14_scale_n256_mig.gen_mem[0].u_comp_ddr3.data_task: at time 124080466.0 ps INFO: WRITE @ DQS= bank = 0 row = 2000 col = 00000055 data = 0000
tb_g14_scale_n256_mig.gen_mem[0].u_comp_ddr3.data_task: at time 124081966.0 ps INFO: WRITE @ DQS= bank = 0 row = 2000 col = 00000056 data = 002b
tb_g14_scale_n256_mig.gen_mem[0].u_comp_ddr3.data_task: at time 124083466.0 ps INFO: WRITE @ DQS= bank = 0 row = 2000 col = 00000057 data = 0000
tb_g14_scale_n256_mig.gen_mem[0].u_comp_ddr3.main: at time 124086466.0 ps INFO: Sync On Die Termination Rtt_NOM =          0 Ohm
tb_g14_scale_n256_mig.gen_mem[0].u_comp_ddr3.cmd_task: at time 124104466.0 ps INFO: Write     bank 0 col 058, auto precharge 0
tb_g14_scale_n256_mig.gen_mem[0].u_comp_ddr3.main: at time 124110466.0 ps INFO: Sync On Die Termination Rtt_NOM =         40 Ohm
tb_g14_scale_n256_mig.gen_mem[0].u_comp_ddr3.data_task: at time 124120966.0 ps INFO: WRITE @ DQS= bank = 0 row = 2000 col = 00000058 data = 002c
tb_g14_scale_n256_mig.gen_mem[0].u_comp_ddr3.data_task: at time 124122466.0 ps INFO: WRITE @ DQS= bank = 0 row = 2000 col = 00000059 data = 0000
tb_g14_scale_n256_mig.gen_mem[0].u_comp_ddr3.data_task: at time 124123966.0 ps INFO: WRITE @ DQS= bank = 0 row = 2000 col = 0000005a data = 002d
tb_g14_scale_n256_mig.gen_mem[0].u_comp_ddr3.data_task: at time 124125466.0 ps INFO: WRITE @ DQS= bank = 0 row = 2000 col = 0000005b data = 0000
tb_g14_scale_n256_mig.gen_mem[0].u_comp_ddr3.data_task: at time 124126966.0 ps INFO: WRITE @ DQS= bank = 0 row = 2000 col = 0000005c data = 002e
tb_g14_scale_n256_mig.gen_mem[0].u_comp_ddr3.data_task: at time 124128466.0 ps INFO: WRITE @ DQS= bank = 0 row = 2000 col = 0000005d data = 0000
tb_g14_scale_n256_mig.gen_mem[0].u_comp_ddr3.data_task: at time 124129966.0 ps INFO: WRITE @ DQS= bank = 0 row = 2000 col = 0000005e data = 002f
tb_g14_scale_n256_mig.gen_mem[0].u_comp_ddr3.data_task: at time 124131466.0 ps INFO: WRITE @ DQS= bank = 0 row = 2000 col = 0000005f data = 0000
tb_g14_scale_n256_mig.gen_mem[0].u_comp_ddr3.main: at time 124134466.0 ps INFO: Sync On Die Termination Rtt_NOM =          0 Ohm
tb_g14_scale_n256_mig.gen_mem[0].u_comp_ddr3.cmd_task: at time 124152466.0 ps INFO: Read      bank 0 col 058, auto precharge 0
tb_g14_scale_n256_mig.gen_mem[0].u_comp_ddr3.cmd_task: at time 124164466.0 ps INFO: Read      bank 0 col 058, auto precharge 0
tb_g14_scale_n256_mig.gen_mem[0].u_comp_ddr3.data_task: at time 124165966.0 ps INFO: READ @ DQS= bank = 0 row = 2000 col = 00000058 data = 002c
tb_g14_scale_n256_mig.gen_mem[0].u_comp_ddr3.data_task: at time 124167466.0 ps INFO: READ @ DQS= bank = 0 row = 2000 col = 00000059 data = 0000
tb_g14_scale_n256_mig.gen_mem[0].u_comp_ddr3.data_task: at time 124168966.0 ps INFO: READ @ DQS= bank = 0 row = 2000 col = 0000005a data = 002d
tb_g14_scale_n256_mig.gen_mem[0].u_comp_ddr3.data_task: at time 124170466.0 ps INFO: READ @ DQS= bank = 0 row = 2000 col = 0000005b data = 0000
tb_g14_scale_n256_mig.gen_mem[0].u_comp_ddr3.data_task: at time 124171966.0 ps INFO: READ @ DQS= bank = 0 row = 2000 col = 0000005c data = 002e
tb_g14_scale_n256_mig.gen_mem[0].u_comp_ddr3.data_task: at time 124173466.0 ps INFO: READ @ DQS= bank = 0 row = 2000 col = 0000005d data = 0000
tb_g14_scale_n256_mig.gen_mem[0].u_comp_ddr3.data_task: at time 124174966.0 ps INFO: READ @ DQS= bank = 0 row = 2000 col = 0000005e data = 002f
tb_g14_scale_n256_mig.gen_mem[0].u_comp_ddr3.data_task: at time 124176466.0 ps INFO: READ @ DQS= bank = 0 row = 2000 col = 0000005f data = 0000
tb_g14_scale_n256_mig.gen_mem[0].u_comp_ddr3.data_task: at time 124177966.0 ps INFO: READ @ DQS= bank = 0 row = 2000 col = 00000058 data = 002c
tb_g14_scale_n256_mig.gen_mem[0].u_comp_ddr3.data_task: at time 124179466.0 ps INFO: READ @ DQS= bank = 0 row = 2000 col = 00000059 data = 0000
tb_g14_scale_n256_mig.gen_mem[0].u_comp_ddr3.data_task: at time 124180966.0 ps INFO: READ @ DQS= bank = 0 row = 2000 col = 0000005a data = 002d
tb_g14_scale_n256_mig.gen_mem[0].u_comp_ddr3.data_task: at time 124182466.0 ps INFO: READ @ DQS= bank = 0 row = 2000 col = 0000005b data = 0000
tb_g14_scale_n256_mig.gen_mem[0].u_comp_ddr3.data_task: at time 124183966.0 ps INFO: READ @ DQS= bank = 0 row = 2000 col = 0000005c data = 002e
tb_g14_scale_n256_mig.gen_mem[0].u_comp_ddr3.data_task: at time 124185466.0 ps INFO: READ @ DQS= bank = 0 row = 2000 col = 0000005d data = 0000
tb_g14_scale_n256_mig.gen_mem[0].u_comp_ddr3.data_task: at time 124186966.0 ps INFO: READ @ DQS= bank = 0 row = 2000 col = 0000005e data = 002f
tb_g14_scale_n256_mig.gen_mem[0].u_comp_ddr3.data_task: at time 124188466.0 ps INFO: READ @ DQS= bank = 0 row = 2000 col = 0000005f data = 0000
tb_g14_scale_n256_mig.gen_mem[0].u_comp_ddr3.cmd_task: at time 124188466.0 ps INFO: Write     bank 0 col 060, auto precharge 0
tb_g14_scale_n256_mig.gen_mem[0].u_comp_ddr3.main: at time 124194466.0 ps INFO: Sync On Die Termination Rtt_NOM =         40 Ohm
tb_g14_scale_n256_mig.gen_mem[0].u_comp_ddr3.cmd_task: at time 124200466.0 ps INFO: Write     bank 0 col 068, auto precharge 0
tb_g14_scale_n256_mig.gen_mem[0].u_comp_ddr3.data_task: at time 124204966.0 ps INFO: WRITE @ DQS= bank = 0 row = 2000 col = 00000060 data = 0030
tb_g14_scale_n256_mig.gen_mem[0].u_comp_ddr3.data_task: at time 124206466.0 ps INFO: WRITE @ DQS= bank = 0 row = 2000 col = 00000061 data = 0000
tb_g14_scale_n256_mig.gen_mem[0].u_comp_ddr3.data_task: at time 124207966.0 ps INFO: WRITE @ DQS= bank = 0 row = 2000 col = 00000062 data = 0031
tb_g14_scale_n256_mig.gen_mem[0].u_comp_ddr3.data_task: at time 124209466.0 ps INFO: WRITE @ DQS= bank = 0 row = 2000 col = 00000063 data = 0000
tb_g14_scale_n256_mig.gen_mem[0].u_comp_ddr3.data_task: at time 124210966.0 ps INFO: WRITE @ DQS= bank = 0 row = 2000 col = 00000064 data = 0032
tb_g14_scale_n256_mig.gen_mem[0].u_comp_ddr3.data_task: at time 124212466.0 ps INFO: WRITE @ DQS= bank = 0 row = 2000 col = 00000065 data = 0000
tb_g14_scale_n256_mig.gen_mem[0].u_comp_ddr3.data_task: at time 124213966.0 ps INFO: WRITE @ DQS= bank = 0 row = 2000 col = 00000066 data = 0033
tb_g14_scale_n256_mig.gen_mem[0].u_comp_ddr3.data_task: at time 124215466.0 ps INFO: WRITE @ DQS= bank = 0 row = 2000 col = 00000067 data = 0000
tb_g14_scale_n256_mig.gen_mem[0].u_comp_ddr3.data_task: at time 124216966.0 ps INFO: WRITE @ DQS= bank = 0 row = 2000 col = 00000068 data = 0034
tb_g14_scale_n256_mig.gen_mem[0].u_comp_ddr3.data_task: at time 124218466.0 ps INFO: WRITE @ DQS= bank = 0 row = 2000 col = 00000069 data = 0000
tb_g14_scale_n256_mig.gen_mem[0].u_comp_ddr3.data_task: at time 124219966.0 ps INFO: WRITE @ DQS= bank = 0 row = 2000 col = 0000006a data = 0035
tb_g14_scale_n256_mig.gen_mem[0].u_comp_ddr3.data_task: at time 124221466.0 ps INFO: WRITE @ DQS= bank = 0 row = 2000 col = 0000006b data = 0000
tb_g14_scale_n256_mig.gen_mem[0].u_comp_ddr3.data_task: at time 124222966.0 ps INFO: WRITE @ DQS= bank = 0 row = 2000 col = 0000006c data = 0036
tb_g14_scale_n256_mig.gen_mem[0].u_comp_ddr3.data_task: at time 124224466.0 ps INFO: WRITE @ DQS= bank = 0 row = 2000 col = 0000006d data = 0000
tb_g14_scale_n256_mig.gen_mem[0].u_comp_ddr3.data_task: at time 124225966.0 ps INFO: WRITE @ DQS= bank = 0 row = 2000 col = 0000006e data = 0037
tb_g14_scale_n256_mig.gen_mem[0].u_comp_ddr3.data_task: at time 124227466.0 ps INFO: WRITE @ DQS= bank = 0 row = 2000 col = 0000006f data = 0000
tb_g14_scale_n256_mig.gen_mem[0].u_comp_ddr3.main: at time 124230466.0 ps INFO: Sync On Die Termination Rtt_NOM =          0 Ohm
tb_g14_scale_n256_mig.gen_mem[0].u_comp_ddr3.cmd_task: at time 124248466.0 ps INFO: Write     bank 0 col 070, auto precharge 0
tb_g14_scale_n256_mig.gen_mem[0].u_comp_ddr3.main: at time 124254466.0 ps INFO: Sync On Die Termination Rtt_NOM =         40 Ohm
tb_g14_scale_n256_mig.gen_mem[0].u_comp_ddr3.data_task: at time 124264966.0 ps INFO: WRITE @ DQS= bank = 0 row = 2000 col = 00000070 data = 0038
tb_g14_scale_n256_mig.gen_mem[0].u_comp_ddr3.data_task: at time 124266466.0 ps INFO: WRITE @ DQS= bank = 0 row = 2000 col = 00000071 data = 0000
tb_g14_scale_n256_mig.gen_mem[0].u_comp_ddr3.data_task: at time 124267966.0 ps INFO: WRITE @ DQS= bank = 0 row = 2000 col = 00000072 data = 0039
tb_g14_scale_n256_mig.gen_mem[0].u_comp_ddr3.data_task: at time 124269466.0 ps INFO: WRITE @ DQS= bank = 0 row = 2000 col = 00000073 data = 0000
tb_g14_scale_n256_mig.gen_mem[0].u_comp_ddr3.data_task: at time 124270966.0 ps INFO: WRITE @ DQS= bank = 0 row = 2000 col = 00000074 data = 003a
tb_g14_scale_n256_mig.gen_mem[0].u_comp_ddr3.data_task: at time 124272466.0 ps INFO: WRITE @ DQS= bank = 0 row = 2000 col = 00000075 data = 0000
tb_g14_scale_n256_mig.gen_mem[0].u_comp_ddr3.data_task: at time 124273966.0 ps INFO: WRITE @ DQS= bank = 0 row = 2000 col = 00000076 data = 003b
tb_g14_scale_n256_mig.gen_mem[0].u_comp_ddr3.data_task: at time 124275466.0 ps INFO: WRITE @ DQS= bank = 0 row = 2000 col = 00000077 data = 0000
tb_g14_scale_n256_mig.gen_mem[0].u_comp_ddr3.main: at time 124278466.0 ps INFO: Sync On Die Termination Rtt_NOM =          0 Ohm
tb_g14_scale_n256_mig.gen_mem[0].u_comp_ddr3.cmd_task: at time 124296466.0 ps INFO: Write     bank 0 col 078, auto precharge 0
tb_g14_scale_n256_mig.gen_mem[0].u_comp_ddr3.main: at time 124302466.0 ps INFO: Sync On Die Termination Rtt_NOM =         40 Ohm
tb_g14_scale_n256_mig.gen_mem[0].u_comp_ddr3.data_task: at time 124312966.0 ps INFO: WRITE @ DQS= bank = 0 row = 2000 col = 00000078 data = 003c
tb_g14_scale_n256_mig.gen_mem[0].u_comp_ddr3.data_task: at time 124314466.0 ps INFO: WRITE @ DQS= bank = 0 row = 2000 col = 00000079 data = 0000
tb_g14_scale_n256_mig.gen_mem[0].u_comp_ddr3.data_task: at time 124315966.0 ps INFO: WRITE @ DQS= bank = 0 row = 2000 col = 0000007a data = 003d
tb_g14_scale_n256_mig.gen_mem[0].u_comp_ddr3.data_task: at time 124317466.0 ps INFO: WRITE @ DQS= bank = 0 row = 2000 col = 0000007b data = 0000
tb_g14_scale_n256_mig.gen_mem[0].u_comp_ddr3.data_task: at time 124318966.0 ps INFO: WRITE @ DQS= bank = 0 row = 2000 col = 0000007c data = 003e
tb_g14_scale_n256_mig.gen_mem[0].u_comp_ddr3.data_task: at time 124320466.0 ps INFO: WRITE @ DQS= bank = 0 row = 2000 col = 0000007d data = 0000
tb_g14_scale_n256_mig.gen_mem[0].u_comp_ddr3.data_task: at time 124321966.0 ps INFO: WRITE @ DQS= bank = 0 row = 2000 col = 0000007e data = 003f
tb_g14_scale_n256_mig.gen_mem[0].u_comp_ddr3.data_task: at time 124323466.0 ps INFO: WRITE @ DQS= bank = 0 row = 2000 col = 0000007f data = 0000
tb_g14_scale_n256_mig.gen_mem[0].u_comp_ddr3.main: at time 124326466.0 ps INFO: Sync On Die Termination Rtt_NOM =          0 Ohm
tb_g14_scale_n256_mig.gen_mem[0].u_comp_ddr3.cmd_task: at time 124344466.0 ps INFO: Write     bank 0 col 080, auto precharge 0
tb_g14_scale_n256_mig.gen_mem[0].u_comp_ddr3.main: at time 124350466.0 ps INFO: Sync On Die Termination Rtt_NOM =         40 Ohm
tb_g14_scale_n256_mig.gen_mem[0].u_comp_ddr3.data_task: at time 124360966.0 ps INFO: WRITE @ DQS= bank = 0 row = 2000 col = 00000080 data = 0040
tb_g14_scale_n256_mig.gen_mem[0].u_comp_ddr3.data_task: at time 124362466.0 ps INFO: WRITE @ DQS= bank = 0 row = 2000 col = 00000081 data = 0000
tb_g14_scale_n256_mig.gen_mem[0].u_comp_ddr3.data_task: at time 124363966.0 ps INFO: WRITE @ DQS= bank = 0 row = 2000 col = 00000082 data = 0041
tb_g14_scale_n256_mig.gen_mem[0].u_comp_ddr3.data_task: at time 124365466.0 ps INFO: WRITE @ DQS= bank = 0 row = 2000 col = 00000083 data = 0000
tb_g14_scale_n256_mig.gen_mem[0].u_comp_ddr3.data_task: at time 124366966.0 ps INFO: WRITE @ DQS= bank = 0 row = 2000 col = 00000084 data = 0042
tb_g14_scale_n256_mig.gen_mem[0].u_comp_ddr3.data_task: at time 124368466.0 ps INFO: WRITE @ DQS= bank = 0 row = 2000 col = 00000085 data = 0000
tb_g14_scale_n256_mig.gen_mem[0].u_comp_ddr3.data_task: at time 124369966.0 ps INFO: WRITE @ DQS= bank = 0 row = 2000 col = 00000086 data = 0043
tb_g14_scale_n256_mig.gen_mem[0].u_comp_ddr3.data_task: at time 124371466.0 ps INFO: WRITE @ DQS= bank = 0 row = 2000 col = 00000087 data = 0000
tb_g14_scale_n256_mig.gen_mem[0].u_comp_ddr3.main: at time 124374466.0 ps INFO: Sync On Die Termination Rtt_NOM =          0 Ohm
tb_g14_scale_n256_mig.gen_mem[0].u_comp_ddr3.cmd_task: at time 124392466.0 ps INFO: Write     bank 0 col 088, auto precharge 0
tb_g14_scale_n256_mig.gen_mem[0].u_comp_ddr3.main: at time 124398466.0 ps INFO: Sync On Die Termination Rtt_NOM =         40 Ohm
tb_g14_scale_n256_mig.gen_mem[0].u_comp_ddr3.data_task: at time 124408966.0 ps INFO: WRITE @ DQS= bank = 0 row = 2000 col = 00000088 data = 0044
tb_g14_scale_n256_mig.gen_mem[0].u_comp_ddr3.data_task: at time 124410466.0 ps INFO: WRITE @ DQS= bank = 0 row = 2000 col = 00000089 data = 0000
tb_g14_scale_n256_mig.gen_mem[0].u_comp_ddr3.data_task: at time 124411966.0 ps INFO: WRITE @ DQS= bank = 0 row = 2000 col = 0000008a data = 0045
tb_g14_scale_n256_mig.gen_mem[0].u_comp_ddr3.data_task: at time 124413466.0 ps INFO: WRITE @ DQS= bank = 0 row = 2000 col = 0000008b data = 0000
tb_g14_scale_n256_mig.gen_mem[0].u_comp_ddr3.data_task: at time 124414966.0 ps INFO: WRITE @ DQS= bank = 0 row = 2000 col = 0000008c data = 0046
tb_g14_scale_n256_mig.gen_mem[0].u_comp_ddr3.data_task: at time 124416466.0 ps INFO: WRITE @ DQS= bank = 0 row = 2000 col = 0000008d data = 0000
tb_g14_scale_n256_mig.gen_mem[0].u_comp_ddr3.data_task: at time 124417966.0 ps INFO: WRITE @ DQS= bank = 0 row = 2000 col = 0000008e data = 0047
tb_g14_scale_n256_mig.gen_mem[0].u_comp_ddr3.data_task: at time 124419466.0 ps INFO: WRITE @ DQS= bank = 0 row = 2000 col = 0000008f data = 0000
tb_g14_scale_n256_mig.gen_mem[0].u_comp_ddr3.main: at time 124422466.0 ps INFO: Sync On Die Termination Rtt_NOM =          0 Ohm
tb_g14_scale_n256_mig.gen_mem[0].u_comp_ddr3.cmd_task: at time 124440466.0 ps INFO: Write     bank 0 col 090, auto precharge 0
tb_g14_scale_n256_mig.gen_mem[0].u_comp_ddr3.main: at time 124446466.0 ps INFO: Sync On Die Termination Rtt_NOM =         40 Ohm
tb_g14_scale_n256_mig.gen_mem[0].u_comp_ddr3.data_task: at time 124456966.0 ps INFO: WRITE @ DQS= bank = 0 row = 2000 col = 00000090 data = 0048
tb_g14_scale_n256_mig.gen_mem[0].u_comp_ddr3.data_task: at time 124458466.0 ps INFO: WRITE @ DQS= bank = 0 row = 2000 col = 00000091 data = 0000
tb_g14_scale_n256_mig.gen_mem[0].u_comp_ddr3.data_task: at time 124459966.0 ps INFO: WRITE @ DQS= bank = 0 row = 2000 col = 00000092 data = 0049
tb_g14_scale_n256_mig.gen_mem[0].u_comp_ddr3.data_task: at time 124461466.0 ps INFO: WRITE @ DQS= bank = 0 row = 2000 col = 00000093 data = 0000
tb_g14_scale_n256_mig.gen_mem[0].u_comp_ddr3.data_task: at time 124462966.0 ps INFO: WRITE @ DQS= bank = 0 row = 2000 col = 00000094 data = 004a
tb_g14_scale_n256_mig.gen_mem[0].u_comp_ddr3.data_task: at time 124464466.0 ps INFO: WRITE @ DQS= bank = 0 row = 2000 col = 00000095 data = 0000
tb_g14_scale_n256_mig.gen_mem[0].u_comp_ddr3.data_task: at time 124465966.0 ps INFO: WRITE @ DQS= bank = 0 row = 2000 col = 00000096 data = 004b
tb_g14_scale_n256_mig.gen_mem[0].u_comp_ddr3.data_task: at time 124467466.0 ps INFO: WRITE @ DQS= bank = 0 row = 2000 col = 00000097 data = 0000
tb_g14_scale_n256_mig.gen_mem[0].u_comp_ddr3.main: at time 124470466.0 ps INFO: Sync On Die Termination Rtt_NOM =          0 Ohm
tb_g14_scale_n256_mig.gen_mem[0].u_comp_ddr3.cmd_task: at time 124488466.0 ps INFO: Write     bank 0 col 098, auto precharge 0
tb_g14_scale_n256_mig.gen_mem[0].u_comp_ddr3.main: at time 124494466.0 ps INFO: Sync On Die Termination Rtt_NOM =         40 Ohm
tb_g14_scale_n256_mig.gen_mem[0].u_comp_ddr3.data_task: at time 124504966.0 ps INFO: WRITE @ DQS= bank = 0 row = 2000 col = 00000098 data = 004c
tb_g14_scale_n256_mig.gen_mem[0].u_comp_ddr3.data_task: at time 124506466.0 ps INFO: WRITE @ DQS= bank = 0 row = 2000 col = 00000099 data = 0000
tb_g14_scale_n256_mig.gen_mem[0].u_comp_ddr3.data_task: at time 124507966.0 ps INFO: WRITE @ DQS= bank = 0 row = 2000 col = 0000009a data = 004d
tb_g14_scale_n256_mig.gen_mem[0].u_comp_ddr3.data_task: at time 124509466.0 ps INFO: WRITE @ DQS= bank = 0 row = 2000 col = 0000009b data = 0000
tb_g14_scale_n256_mig.gen_mem[0].u_comp_ddr3.data_task: at time 124510966.0 ps INFO: WRITE @ DQS= bank = 0 row = 2000 col = 0000009c data = 004e
tb_g14_scale_n256_mig.gen_mem[0].u_comp_ddr3.data_task: at time 124512466.0 ps INFO: WRITE @ DQS= bank = 0 row = 2000 col = 0000009d data = 0000
tb_g14_scale_n256_mig.gen_mem[0].u_comp_ddr3.data_task: at time 124513966.0 ps INFO: WRITE @ DQS= bank = 0 row = 2000 col = 0000009e data = 004f
tb_g14_scale_n256_mig.gen_mem[0].u_comp_ddr3.data_task: at time 124515466.0 ps INFO: WRITE @ DQS= bank = 0 row = 2000 col = 0000009f data = 0000
tb_g14_scale_n256_mig.gen_mem[0].u_comp_ddr3.main: at time 124518466.0 ps INFO: Sync On Die Termination Rtt_NOM =          0 Ohm
tb_g14_scale_n256_mig.gen_mem[0].u_comp_ddr3.cmd_task: at time 124536466.0 ps INFO: Write     bank 0 col 0a0, auto precharge 0
tb_g14_scale_n256_mig.gen_mem[0].u_comp_ddr3.main: at time 124542466.0 ps INFO: Sync On Die Termination Rtt_NOM =         40 Ohm
tb_g14_scale_n256_mig.gen_mem[0].u_comp_ddr3.data_task: at time 124552966.0 ps INFO: WRITE @ DQS= bank = 0 row = 2000 col = 000000a0 data = 0050
tb_g14_scale_n256_mig.gen_mem[0].u_comp_ddr3.data_task: at time 124554466.0 ps INFO: WRITE @ DQS= bank = 0 row = 2000 col = 000000a1 data = 0000
tb_g14_scale_n256_mig.gen_mem[0].u_comp_ddr3.data_task: at time 124555966.0 ps INFO: WRITE @ DQS= bank = 0 row = 2000 col = 000000a2 data = 0051
tb_g14_scale_n256_mig.gen_mem[0].u_comp_ddr3.data_task: at time 124557466.0 ps INFO: WRITE @ DQS= bank = 0 row = 2000 col = 000000a3 data = 0000
tb_g14_scale_n256_mig.gen_mem[0].u_comp_ddr3.data_task: at time 124558966.0 ps INFO: WRITE @ DQS= bank = 0 row = 2000 col = 000000a4 data = 0052
tb_g14_scale_n256_mig.gen_mem[0].u_comp_ddr3.data_task: at time 124560466.0 ps INFO: WRITE @ DQS= bank = 0 row = 2000 col = 000000a5 data = 0000
tb_g14_scale_n256_mig.gen_mem[0].u_comp_ddr3.data_task: at time 124561966.0 ps INFO: WRITE @ DQS= bank = 0 row = 2000 col = 000000a6 data = 0053
tb_g14_scale_n256_mig.gen_mem[0].u_comp_ddr3.data_task: at time 124563466.0 ps INFO: WRITE @ DQS= bank = 0 row = 2000 col = 000000a7 data = 0000
tb_g14_scale_n256_mig.gen_mem[0].u_comp_ddr3.main: at time 124566466.0 ps INFO: Sync On Die Termination Rtt_NOM =          0 Ohm
tb_g14_scale_n256_mig.gen_mem[0].u_comp_ddr3.cmd_task: at time 124584466.0 ps INFO: Write     bank 0 col 0a8, auto precharge 0
tb_g14_scale_n256_mig.gen_mem[0].u_comp_ddr3.main: at time 124590466.0 ps INFO: Sync On Die Termination Rtt_NOM =         40 Ohm
tb_g14_scale_n256_mig.gen_mem[0].u_comp_ddr3.data_task: at time 124600966.0 ps INFO: WRITE @ DQS= bank = 0 row = 2000 col = 000000a8 data = 0054
tb_g14_scale_n256_mig.gen_mem[0].u_comp_ddr3.data_task: at time 124602466.0 ps INFO: WRITE @ DQS= bank = 0 row = 2000 col = 000000a9 data = 0000
tb_g14_scale_n256_mig.gen_mem[0].u_comp_ddr3.data_task: at time 124603966.0 ps INFO: WRITE @ DQS= bank = 0 row = 2000 col = 000000aa data = 0055
tb_g14_scale_n256_mig.gen_mem[0].u_comp_ddr3.data_task: at time 124605466.0 ps INFO: WRITE @ DQS= bank = 0 row = 2000 col = 000000ab data = 0000
tb_g14_scale_n256_mig.gen_mem[0].u_comp_ddr3.data_task: at time 124606966.0 ps INFO: WRITE @ DQS= bank = 0 row = 2000 col = 000000ac data = 0056
tb_g14_scale_n256_mig.gen_mem[0].u_comp_ddr3.data_task: at time 124608466.0 ps INFO: WRITE @ DQS= bank = 0 row = 2000 col = 000000ad data = 0000
tb_g14_scale_n256_mig.gen_mem[0].u_comp_ddr3.data_task: at time 124609966.0 ps INFO: WRITE @ DQS= bank = 0 row = 2000 col = 000000ae data = 0057
tb_g14_scale_n256_mig.gen_mem[0].u_comp_ddr3.data_task: at time 124611466.0 ps INFO: WRITE @ DQS= bank = 0 row = 2000 col = 000000af data = 0000
tb_g14_scale_n256_mig.gen_mem[0].u_comp_ddr3.main: at time 124614466.0 ps INFO: Sync On Die Termination Rtt_NOM =          0 Ohm
tb_g14_scale_n256_mig.gen_mem[0].u_comp_ddr3.cmd_task: at time 124632466.0 ps INFO: Write     bank 0 col 0b0, auto precharge 0
tb_g14_scale_n256_mig.gen_mem[0].u_comp_ddr3.main: at time 124638466.0 ps INFO: Sync On Die Termination Rtt_NOM =         40 Ohm
tb_g14_scale_n256_mig.gen_mem[0].u_comp_ddr3.data_task: at time 124648966.0 ps INFO: WRITE @ DQS= bank = 0 row = 2000 col = 000000b0 data = 0058
tb_g14_scale_n256_mig.gen_mem[0].u_comp_ddr3.data_task: at time 124650466.0 ps INFO: WRITE @ DQS= bank = 0 row = 2000 col = 000000b1 data = 0000
tb_g14_scale_n256_mig.gen_mem[0].u_comp_ddr3.data_task: at time 124651966.0 ps INFO: WRITE @ DQS= bank = 0 row = 2000 col = 000000b2 data = 0059
tb_g14_scale_n256_mig.gen_mem[0].u_comp_ddr3.data_task: at time 124653466.0 ps INFO: WRITE @ DQS= bank = 0 row = 2000 col = 000000b3 data = 0000
tb_g14_scale_n256_mig.gen_mem[0].u_comp_ddr3.data_task: at time 124654966.0 ps INFO: WRITE @ DQS= bank = 0 row = 2000 col = 000000b4 data = 005a
tb_g14_scale_n256_mig.gen_mem[0].u_comp_ddr3.data_task: at time 124656466.0 ps INFO: WRITE @ DQS= bank = 0 row = 2000 col = 000000b5 data = 0000
tb_g14_scale_n256_mig.gen_mem[0].u_comp_ddr3.data_task: at time 124657966.0 ps INFO: WRITE @ DQS= bank = 0 row = 2000 col = 000000b6 data = 005b
tb_g14_scale_n256_mig.gen_mem[0].u_comp_ddr3.data_task: at time 124659466.0 ps INFO: WRITE @ DQS= bank = 0 row = 2000 col = 000000b7 data = 0000
tb_g14_scale_n256_mig.gen_mem[0].u_comp_ddr3.main: at time 124662466.0 ps INFO: Sync On Die Termination Rtt_NOM =          0 Ohm
tb_g14_scale_n256_mig.gen_mem[0].u_comp_ddr3.cmd_task: at time 124680466.0 ps INFO: Write     bank 0 col 0b8, auto precharge 0
tb_g14_scale_n256_mig.gen_mem[0].u_comp_ddr3.main: at time 124686466.0 ps INFO: Sync On Die Termination Rtt_NOM =         40 Ohm
tb_g14_scale_n256_mig.gen_mem[0].u_comp_ddr3.data_task: at time 124696966.0 ps INFO: WRITE @ DQS= bank = 0 row = 2000 col = 000000b8 data = 005c
tb_g14_scale_n256_mig.gen_mem[0].u_comp_ddr3.data_task: at time 124698466.0 ps INFO: WRITE @ DQS= bank = 0 row = 2000 col = 000000b9 data = 0000
tb_g14_scale_n256_mig.gen_mem[0].u_comp_ddr3.data_task: at time 124699966.0 ps INFO: WRITE @ DQS= bank = 0 row = 2000 col = 000000ba data = 005d
tb_g14_scale_n256_mig.gen_mem[0].u_comp_ddr3.data_task: at time 124701466.0 ps INFO: WRITE @ DQS= bank = 0 row = 2000 col = 000000bb data = 0000
tb_g14_scale_n256_mig.gen_mem[0].u_comp_ddr3.data_task: at time 124702966.0 ps INFO: WRITE @ DQS= bank = 0 row = 2000 col = 000000bc data = 005e
tb_g14_scale_n256_mig.gen_mem[0].u_comp_ddr3.data_task: at time 124704466.0 ps INFO: WRITE @ DQS= bank = 0 row = 2000 col = 000000bd data = 0000
tb_g14_scale_n256_mig.gen_mem[0].u_comp_ddr3.data_task: at time 124705966.0 ps INFO: WRITE @ DQS= bank = 0 row = 2000 col = 000000be data = 005f
tb_g14_scale_n256_mig.gen_mem[0].u_comp_ddr3.data_task: at time 124707466.0 ps INFO: WRITE @ DQS= bank = 0 row = 2000 col = 000000bf data = 0000
tb_g14_scale_n256_mig.gen_mem[0].u_comp_ddr3.main: at time 124710466.0 ps INFO: Sync On Die Termination Rtt_NOM =          0 Ohm
tb_g14_scale_n256_mig.gen_mem[0].u_comp_ddr3.cmd_task: at time 124728466.0 ps INFO: Write     bank 0 col 0c0, auto precharge 0
tb_g14_scale_n256_mig.gen_mem[0].u_comp_ddr3.main: at time 124734466.0 ps INFO: Sync On Die Termination Rtt_NOM =         40 Ohm
tb_g14_scale_n256_mig.gen_mem[0].u_comp_ddr3.data_task: at time 124744966.0 ps INFO: WRITE @ DQS= bank = 0 row = 2000 col = 000000c0 data = 0060
tb_g14_scale_n256_mig.gen_mem[0].u_comp_ddr3.data_task: at time 124746466.0 ps INFO: WRITE @ DQS= bank = 0 row = 2000 col = 000000c1 data = 0000
tb_g14_scale_n256_mig.gen_mem[0].u_comp_ddr3.data_task: at time 124747966.0 ps INFO: WRITE @ DQS= bank = 0 row = 2000 col = 000000c2 data = 0061
tb_g14_scale_n256_mig.gen_mem[0].u_comp_ddr3.data_task: at time 124749466.0 ps INFO: WRITE @ DQS= bank = 0 row = 2000 col = 000000c3 data = 0000
tb_g14_scale_n256_mig.gen_mem[0].u_comp_ddr3.data_task: at time 124750966.0 ps INFO: WRITE @ DQS= bank = 0 row = 2000 col = 000000c4 data = 0062
tb_g14_scale_n256_mig.gen_mem[0].u_comp_ddr3.data_task: at time 124752466.0 ps INFO: WRITE @ DQS= bank = 0 row = 2000 col = 000000c5 data = 0000
tb_g14_scale_n256_mig.gen_mem[0].u_comp_ddr3.data_task: at time 124753966.0 ps INFO: WRITE @ DQS= bank = 0 row = 2000 col = 000000c6 data = 0063
tb_g14_scale_n256_mig.gen_mem[0].u_comp_ddr3.data_task: at time 124755466.0 ps INFO: WRITE @ DQS= bank = 0 row = 2000 col = 000000c7 data = 0000
tb_g14_scale_n256_mig.gen_mem[0].u_comp_ddr3.main: at time 124758466.0 ps INFO: Sync On Die Termination Rtt_NOM =          0 Ohm
tb_g14_scale_n256_mig.gen_mem[0].u_comp_ddr3.cmd_task: at time 124776466.0 ps INFO: Write     bank 0 col 0c8, auto precharge 0
tb_g14_scale_n256_mig.gen_mem[0].u_comp_ddr3.main: at time 124782466.0 ps INFO: Sync On Die Termination Rtt_NOM =         40 Ohm
tb_g14_scale_n256_mig.gen_mem[0].u_comp_ddr3.data_task: at time 124792966.0 ps INFO: WRITE @ DQS= bank = 0 row = 2000 col = 000000c8 data = 0064
tb_g14_scale_n256_mig.gen_mem[0].u_comp_ddr3.data_task: at time 124794466.0 ps INFO: WRITE @ DQS= bank = 0 row = 2000 col = 000000c9 data = 0000
tb_g14_scale_n256_mig.gen_mem[0].u_comp_ddr3.data_task: at time 124795966.0 ps INFO: WRITE @ DQS= bank = 0 row = 2000 col = 000000ca data = 0065
tb_g14_scale_n256_mig.gen_mem[0].u_comp_ddr3.data_task: at time 124797466.0 ps INFO: WRITE @ DQS= bank = 0 row = 2000 col = 000000cb data = 0000
tb_g14_scale_n256_mig.gen_mem[0].u_comp_ddr3.data_task: at time 124798966.0 ps INFO: WRITE @ DQS= bank = 0 row = 2000 col = 000000cc data = 0066
tb_g14_scale_n256_mig.gen_mem[0].u_comp_ddr3.data_task: at time 124800466.0 ps INFO: WRITE @ DQS= bank = 0 row = 2000 col = 000000cd data = 0000
tb_g14_scale_n256_mig.gen_mem[0].u_comp_ddr3.data_task: at time 124801966.0 ps INFO: WRITE @ DQS= bank = 0 row = 2000 col = 000000ce data = 0067
tb_g14_scale_n256_mig.gen_mem[0].u_comp_ddr3.data_task: at time 124803466.0 ps INFO: WRITE @ DQS= bank = 0 row = 2000 col = 000000cf data = 0000
tb_g14_scale_n256_mig.gen_mem[0].u_comp_ddr3.main: at time 124806466.0 ps INFO: Sync On Die Termination Rtt_NOM =          0 Ohm
tb_g14_scale_n256_mig.gen_mem[0].u_comp_ddr3.cmd_task: at time 124824466.0 ps INFO: Write     bank 0 col 0d0, auto precharge 0
tb_g14_scale_n256_mig.gen_mem[0].u_comp_ddr3.main: at time 124830466.0 ps INFO: Sync On Die Termination Rtt_NOM =         40 Ohm
tb_g14_scale_n256_mig.gen_mem[0].u_comp_ddr3.data_task: at time 124840966.0 ps INFO: WRITE @ DQS= bank = 0 row = 2000 col = 000000d0 data = 0068
tb_g14_scale_n256_mig.gen_mem[0].u_comp_ddr3.data_task: at time 124842466.0 ps INFO: WRITE @ DQS= bank = 0 row = 2000 col = 000000d1 data = 0000
tb_g14_scale_n256_mig.gen_mem[0].u_comp_ddr3.data_task: at time 124843966.0 ps INFO: WRITE @ DQS= bank = 0 row = 2000 col = 000000d2 data = 0069
tb_g14_scale_n256_mig.gen_mem[0].u_comp_ddr3.data_task: at time 124845466.0 ps INFO: WRITE @ DQS= bank = 0 row = 2000 col = 000000d3 data = 0000
tb_g14_scale_n256_mig.gen_mem[0].u_comp_ddr3.data_task: at time 124846966.0 ps INFO: WRITE @ DQS= bank = 0 row = 2000 col = 000000d4 data = 006a
tb_g14_scale_n256_mig.gen_mem[0].u_comp_ddr3.data_task: at time 124848466.0 ps INFO: WRITE @ DQS= bank = 0 row = 2000 col = 000000d5 data = 0000
tb_g14_scale_n256_mig.gen_mem[0].u_comp_ddr3.data_task: at time 124849966.0 ps INFO: WRITE @ DQS= bank = 0 row = 2000 col = 000000d6 data = 006b
tb_g14_scale_n256_mig.gen_mem[0].u_comp_ddr3.data_task: at time 124851466.0 ps INFO: WRITE @ DQS= bank = 0 row = 2000 col = 000000d7 data = 0000
tb_g14_scale_n256_mig.gen_mem[0].u_comp_ddr3.main: at time 124854466.0 ps INFO: Sync On Die Termination Rtt_NOM =          0 Ohm
tb_g14_scale_n256_mig.gen_mem[0].u_comp_ddr3.cmd_task: at time 124872466.0 ps INFO: Write     bank 0 col 0d8, auto precharge 0
tb_g14_scale_n256_mig.gen_mem[0].u_comp_ddr3.main: at time 124878466.0 ps INFO: Sync On Die Termination Rtt_NOM =         40 Ohm
tb_g14_scale_n256_mig.gen_mem[0].u_comp_ddr3.data_task: at time 124888966.0 ps INFO: WRITE @ DQS= bank = 0 row = 2000 col = 000000d8 data = 006c
tb_g14_scale_n256_mig.gen_mem[0].u_comp_ddr3.data_task: at time 124890466.0 ps INFO: WRITE @ DQS= bank = 0 row = 2000 col = 000000d9 data = 0000
tb_g14_scale_n256_mig.gen_mem[0].u_comp_ddr3.data_task: at time 124891966.0 ps INFO: WRITE @ DQS= bank = 0 row = 2000 col = 000000da data = 006d
tb_g14_scale_n256_mig.gen_mem[0].u_comp_ddr3.data_task: at time 124893466.0 ps INFO: WRITE @ DQS= bank = 0 row = 2000 col = 000000db data = 0000
tb_g14_scale_n256_mig.gen_mem[0].u_comp_ddr3.data_task: at time 124894966.0 ps INFO: WRITE @ DQS= bank = 0 row = 2000 col = 000000dc data = 006e
tb_g14_scale_n256_mig.gen_mem[0].u_comp_ddr3.data_task: at time 124896466.0 ps INFO: WRITE @ DQS= bank = 0 row = 2000 col = 000000dd data = 0000
tb_g14_scale_n256_mig.gen_mem[0].u_comp_ddr3.data_task: at time 124897966.0 ps INFO: WRITE @ DQS= bank = 0 row = 2000 col = 000000de data = 006f
tb_g14_scale_n256_mig.gen_mem[0].u_comp_ddr3.data_task: at time 124899466.0 ps INFO: WRITE @ DQS= bank = 0 row = 2000 col = 000000df data = 0000
tb_g14_scale_n256_mig.gen_mem[0].u_comp_ddr3.main: at time 124902466.0 ps INFO: Sync On Die Termination Rtt_NOM =          0 Ohm
tb_g14_scale_n256_mig.gen_mem[0].u_comp_ddr3.cmd_task: at time 124920466.0 ps INFO: Write     bank 0 col 0e0, auto precharge 0
tb_g14_scale_n256_mig.gen_mem[0].u_comp_ddr3.main: at time 124926466.0 ps INFO: Sync On Die Termination Rtt_NOM =         40 Ohm
tb_g14_scale_n256_mig.gen_mem[0].u_comp_ddr3.data_task: at time 124936966.0 ps INFO: WRITE @ DQS= bank = 0 row = 2000 col = 000000e0 data = 0070
tb_g14_scale_n256_mig.gen_mem[0].u_comp_ddr3.data_task: at time 124938466.0 ps INFO: WRITE @ DQS= bank = 0 row = 2000 col = 000000e1 data = 0000
tb_g14_scale_n256_mig.gen_mem[0].u_comp_ddr3.data_task: at time 124939966.0 ps INFO: WRITE @ DQS= bank = 0 row = 2000 col = 000000e2 data = 0071
tb_g14_scale_n256_mig.gen_mem[0].u_comp_ddr3.data_task: at time 124941466.0 ps INFO: WRITE @ DQS= bank = 0 row = 2000 col = 000000e3 data = 0000
tb_g14_scale_n256_mig.gen_mem[0].u_comp_ddr3.data_task: at time 124942966.0 ps INFO: WRITE @ DQS= bank = 0 row = 2000 col = 000000e4 data = 0072
tb_g14_scale_n256_mig.gen_mem[0].u_comp_ddr3.data_task: at time 124944466.0 ps INFO: WRITE @ DQS= bank = 0 row = 2000 col = 000000e5 data = 0000
tb_g14_scale_n256_mig.gen_mem[0].u_comp_ddr3.data_task: at time 124945966.0 ps INFO: WRITE @ DQS= bank = 0 row = 2000 col = 000000e6 data = 0073
tb_g14_scale_n256_mig.gen_mem[0].u_comp_ddr3.data_task: at time 124947466.0 ps INFO: WRITE @ DQS= bank = 0 row = 2000 col = 000000e7 data = 0000
tb_g14_scale_n256_mig.gen_mem[0].u_comp_ddr3.main: at time 124950466.0 ps INFO: Sync On Die Termination Rtt_NOM =          0 Ohm
tb_g14_scale_n256_mig.gen_mem[0].u_comp_ddr3.cmd_task: at time 124968466.0 ps INFO: Write     bank 0 col 0e8, auto precharge 0
tb_g14_scale_n256_mig.gen_mem[0].u_comp_ddr3.main: at time 124974466.0 ps INFO: Sync On Die Termination Rtt_NOM =         40 Ohm
tb_g14_scale_n256_mig.gen_mem[0].u_comp_ddr3.data_task: at time 124984966.0 ps INFO: WRITE @ DQS= bank = 0 row = 2000 col = 000000e8 data = 0074
tb_g14_scale_n256_mig.gen_mem[0].u_comp_ddr3.data_task: at time 124986466.0 ps INFO: WRITE @ DQS= bank = 0 row = 2000 col = 000000e9 data = 0000
tb_g14_scale_n256_mig.gen_mem[0].u_comp_ddr3.data_task: at time 124987966.0 ps INFO: WRITE @ DQS= bank = 0 row = 2000 col = 000000ea data = 0075
tb_g14_scale_n256_mig.gen_mem[0].u_comp_ddr3.data_task: at time 124989466.0 ps INFO: WRITE @ DQS= bank = 0 row = 2000 col = 000000eb data = 0000
tb_g14_scale_n256_mig.gen_mem[0].u_comp_ddr3.data_task: at time 124990966.0 ps INFO: WRITE @ DQS= bank = 0 row = 2000 col = 000000ec data = 0076
tb_g14_scale_n256_mig.gen_mem[0].u_comp_ddr3.data_task: at time 124992466.0 ps INFO: WRITE @ DQS= bank = 0 row = 2000 col = 000000ed data = 0000
tb_g14_scale_n256_mig.gen_mem[0].u_comp_ddr3.data_task: at time 124993966.0 ps INFO: WRITE @ DQS= bank = 0 row = 2000 col = 000000ee data = 0077
tb_g14_scale_n256_mig.gen_mem[0].u_comp_ddr3.data_task: at time 124995466.0 ps INFO: WRITE @ DQS= bank = 0 row = 2000 col = 000000ef data = 0000
tb_g14_scale_n256_mig.gen_mem[0].u_comp_ddr3.main: at time 124998466.0 ps INFO: Sync On Die Termination Rtt_NOM =          0 Ohm
tb_g14_scale_n256_mig.gen_mem[0].u_comp_ddr3.cmd_task: at time 125016466.0 ps INFO: Write     bank 0 col 0f0, auto precharge 0
tb_g14_scale_n256_mig.gen_mem[0].u_comp_ddr3.main: at time 125022466.0 ps INFO: Sync On Die Termination Rtt_NOM =         40 Ohm
tb_g14_scale_n256_mig.gen_mem[0].u_comp_ddr3.data_task: at time 125032966.0 ps INFO: WRITE @ DQS= bank = 0 row = 2000 col = 000000f0 data = 0078
tb_g14_scale_n256_mig.gen_mem[0].u_comp_ddr3.data_task: at time 125034466.0 ps INFO: WRITE @ DQS= bank = 0 row = 2000 col = 000000f1 data = 0000
tb_g14_scale_n256_mig.gen_mem[0].u_comp_ddr3.data_task: at time 125035966.0 ps INFO: WRITE @ DQS= bank = 0 row = 2000 col = 000000f2 data = 0079
tb_g14_scale_n256_mig.gen_mem[0].u_comp_ddr3.data_task: at time 125037466.0 ps INFO: WRITE @ DQS= bank = 0 row = 2000 col = 000000f3 data = 0000
tb_g14_scale_n256_mig.gen_mem[0].u_comp_ddr3.data_task: at time 125038966.0 ps INFO: WRITE @ DQS= bank = 0 row = 2000 col = 000000f4 data = 007a
tb_g14_scale_n256_mig.gen_mem[0].u_comp_ddr3.data_task: at time 125040466.0 ps INFO: WRITE @ DQS= bank = 0 row = 2000 col = 000000f5 data = 0000
tb_g14_scale_n256_mig.gen_mem[0].u_comp_ddr3.data_task: at time 125041966.0 ps INFO: WRITE @ DQS= bank = 0 row = 2000 col = 000000f6 data = 007b
tb_g14_scale_n256_mig.gen_mem[0].u_comp_ddr3.data_task: at time 125043466.0 ps INFO: WRITE @ DQS= bank = 0 row = 2000 col = 000000f7 data = 0000
tb_g14_scale_n256_mig.gen_mem[0].u_comp_ddr3.main: at time 125046466.0 ps INFO: Sync On Die Termination Rtt_NOM =          0 Ohm
tb_g14_scale_n256_mig.gen_mem[0].u_comp_ddr3.cmd_task: at time 125064466.0 ps INFO: Write     bank 0 col 0f8, auto precharge 0
tb_g14_scale_n256_mig.gen_mem[0].u_comp_ddr3.main: at time 125070466.0 ps INFO: Sync On Die Termination Rtt_NOM =         40 Ohm
tb_g14_scale_n256_mig.gen_mem[0].u_comp_ddr3.data_task: at time 125080966.0 ps INFO: WRITE @ DQS= bank = 0 row = 2000 col = 000000f8 data = 007c
tb_g14_scale_n256_mig.gen_mem[0].u_comp_ddr3.data_task: at time 125082466.0 ps INFO: WRITE @ DQS= bank = 0 row = 2000 col = 000000f9 data = 0000
tb_g14_scale_n256_mig.gen_mem[0].u_comp_ddr3.data_task: at time 125083966.0 ps INFO: WRITE @ DQS= bank = 0 row = 2000 col = 000000fa data = 007d
tb_g14_scale_n256_mig.gen_mem[0].u_comp_ddr3.data_task: at time 125085466.0 ps INFO: WRITE @ DQS= bank = 0 row = 2000 col = 000000fb data = 0000
tb_g14_scale_n256_mig.gen_mem[0].u_comp_ddr3.data_task: at time 125086966.0 ps INFO: WRITE @ DQS= bank = 0 row = 2000 col = 000000fc data = 007e
tb_g14_scale_n256_mig.gen_mem[0].u_comp_ddr3.data_task: at time 125088466.0 ps INFO: WRITE @ DQS= bank = 0 row = 2000 col = 000000fd data = 0000
tb_g14_scale_n256_mig.gen_mem[0].u_comp_ddr3.data_task: at time 125089966.0 ps INFO: WRITE @ DQS= bank = 0 row = 2000 col = 000000fe data = 007f
tb_g14_scale_n256_mig.gen_mem[0].u_comp_ddr3.data_task: at time 125091466.0 ps INFO: WRITE @ DQS= bank = 0 row = 2000 col = 000000ff data = 0000
tb_g14_scale_n256_mig.gen_mem[0].u_comp_ddr3.main: at time 125094466.0 ps INFO: Sync On Die Termination Rtt_NOM =          0 Ohm
tb_g14_scale_n256_mig.gen_mem[0].u_comp_ddr3.cmd_task: at time 125112466.0 ps INFO: Read      bank 0 col 0f8, auto precharge 0
tb_g14_scale_n256_mig.gen_mem[0].u_comp_ddr3.cmd_task: at time 125124466.0 ps INFO: Read      bank 0 col 0f8, auto precharge 0
tb_g14_scale_n256_mig.gen_mem[0].u_comp_ddr3.data_task: at time 125125966.0 ps INFO: READ @ DQS= bank = 0 row = 2000 col = 000000f8 data = 007c
tb_g14_scale_n256_mig.gen_mem[0].u_comp_ddr3.data_task: at time 125127466.0 ps INFO: READ @ DQS= bank = 0 row = 2000 col = 000000f9 data = 0000
tb_g14_scale_n256_mig.gen_mem[0].u_comp_ddr3.data_task: at time 125128966.0 ps INFO: READ @ DQS= bank = 0 row = 2000 col = 000000fa data = 007d
tb_g14_scale_n256_mig.gen_mem[0].u_comp_ddr3.data_task: at time 125130466.0 ps INFO: READ @ DQS= bank = 0 row = 2000 col = 000000fb data = 0000
tb_g14_scale_n256_mig.gen_mem[0].u_comp_ddr3.data_task: at time 125131966.0 ps INFO: READ @ DQS= bank = 0 row = 2000 col = 000000fc data = 007e
tb_g14_scale_n256_mig.gen_mem[0].u_comp_ddr3.data_task: at time 125133466.0 ps INFO: READ @ DQS= bank = 0 row = 2000 col = 000000fd data = 0000
tb_g14_scale_n256_mig.gen_mem[0].u_comp_ddr3.data_task: at time 125134966.0 ps INFO: READ @ DQS= bank = 0 row = 2000 col = 000000fe data = 007f
tb_g14_scale_n256_mig.gen_mem[0].u_comp_ddr3.data_task: at time 125136466.0 ps INFO: READ @ DQS= bank = 0 row = 2000 col = 000000ff data = 0000
tb_g14_scale_n256_mig.gen_mem[0].u_comp_ddr3.data_task: at time 125137966.0 ps INFO: READ @ DQS= bank = 0 row = 2000 col = 000000f8 data = 007c
tb_g14_scale_n256_mig.gen_mem[0].u_comp_ddr3.data_task: at time 125139466.0 ps INFO: READ @ DQS= bank = 0 row = 2000 col = 000000f9 data = 0000
tb_g14_scale_n256_mig.gen_mem[0].u_comp_ddr3.data_task: at time 125140966.0 ps INFO: READ @ DQS= bank = 0 row = 2000 col = 000000fa data = 007d
tb_g14_scale_n256_mig.gen_mem[0].u_comp_ddr3.data_task: at time 125142466.0 ps INFO: READ @ DQS= bank = 0 row = 2000 col = 000000fb data = 0000
tb_g14_scale_n256_mig.gen_mem[0].u_comp_ddr3.data_task: at time 125143966.0 ps INFO: READ @ DQS= bank = 0 row = 2000 col = 000000fc data = 007e
tb_g14_scale_n256_mig.gen_mem[0].u_comp_ddr3.data_task: at time 125145466.0 ps INFO: READ @ DQS= bank = 0 row = 2000 col = 000000fd data = 0000
tb_g14_scale_n256_mig.gen_mem[0].u_comp_ddr3.data_task: at time 125146966.0 ps INFO: READ @ DQS= bank = 0 row = 2000 col = 000000fe data = 007f
tb_g14_scale_n256_mig.gen_mem[0].u_comp_ddr3.data_task: at time 125148466.0 ps INFO: READ @ DQS= bank = 0 row = 2000 col = 000000ff data = 0000
tb_g14_scale_n256_mig.gen_mem[0].u_comp_ddr3.cmd_task: at time 125148466.0 ps INFO: Write     bank 0 col 100, auto precharge 0
tb_g14_scale_n256_mig.gen_mem[0].u_comp_ddr3.main: at time 125154466.0 ps INFO: Sync On Die Termination Rtt_NOM =         40 Ohm
tb_g14_scale_n256_mig.gen_mem[0].u_comp_ddr3.cmd_task: at time 125160466.0 ps INFO: Write     bank 0 col 108, auto precharge 0
tb_g14_scale_n256_mig.gen_mem[0].u_comp_ddr3.data_task: at time 125164966.0 ps INFO: WRITE @ DQS= bank = 0 row = 2000 col = 00000100 data = 0080
tb_g14_scale_n256_mig.gen_mem[0].u_comp_ddr3.data_task: at time 125166466.0 ps INFO: WRITE @ DQS= bank = 0 row = 2000 col = 00000101 data = 0000
tb_g14_scale_n256_mig.gen_mem[0].u_comp_ddr3.data_task: at time 125167966.0 ps INFO: WRITE @ DQS= bank = 0 row = 2000 col = 00000102 data = 0081
tb_g14_scale_n256_mig.gen_mem[0].u_comp_ddr3.data_task: at time 125169466.0 ps INFO: WRITE @ DQS= bank = 0 row = 2000 col = 00000103 data = 0000
tb_g14_scale_n256_mig.gen_mem[0].u_comp_ddr3.data_task: at time 125170966.0 ps INFO: WRITE @ DQS= bank = 0 row = 2000 col = 00000104 data = 0082
tb_g14_scale_n256_mig.gen_mem[0].u_comp_ddr3.data_task: at time 125172466.0 ps INFO: WRITE @ DQS= bank = 0 row = 2000 col = 00000105 data = 0000
tb_g14_scale_n256_mig.gen_mem[0].u_comp_ddr3.data_task: at time 125173966.0 ps INFO: WRITE @ DQS= bank = 0 row = 2000 col = 00000106 data = 0083
tb_g14_scale_n256_mig.gen_mem[0].u_comp_ddr3.data_task: at time 125175466.0 ps INFO: WRITE @ DQS= bank = 0 row = 2000 col = 00000107 data = 0000
tb_g14_scale_n256_mig.gen_mem[0].u_comp_ddr3.data_task: at time 125176966.0 ps INFO: WRITE @ DQS= bank = 0 row = 2000 col = 00000108 data = 0084
tb_g14_scale_n256_mig.gen_mem[0].u_comp_ddr3.data_task: at time 125178466.0 ps INFO: WRITE @ DQS= bank = 0 row = 2000 col = 00000109 data = 0000
tb_g14_scale_n256_mig.gen_mem[0].u_comp_ddr3.data_task: at time 125179966.0 ps INFO: WRITE @ DQS= bank = 0 row = 2000 col = 0000010a data = 0085
tb_g14_scale_n256_mig.gen_mem[0].u_comp_ddr3.data_task: at time 125181466.0 ps INFO: WRITE @ DQS= bank = 0 row = 2000 col = 0000010b data = 0000
tb_g14_scale_n256_mig.gen_mem[0].u_comp_ddr3.data_task: at time 125182966.0 ps INFO: WRITE @ DQS= bank = 0 row = 2000 col = 0000010c data = 0086
tb_g14_scale_n256_mig.gen_mem[0].u_comp_ddr3.data_task: at time 125184466.0 ps INFO: WRITE @ DQS= bank = 0 row = 2000 col = 0000010d data = 0000
tb_g14_scale_n256_mig.gen_mem[0].u_comp_ddr3.data_task: at time 125185966.0 ps INFO: WRITE @ DQS= bank = 0 row = 2000 col = 0000010e data = 0087
tb_g14_scale_n256_mig.gen_mem[0].u_comp_ddr3.data_task: at time 125187466.0 ps INFO: WRITE @ DQS= bank = 0 row = 2000 col = 0000010f data = 0000
tb_g14_scale_n256_mig.gen_mem[0].u_comp_ddr3.main: at time 125190466.0 ps INFO: Sync On Die Termination Rtt_NOM =          0 Ohm
tb_g14_scale_n256_mig.gen_mem[0].u_comp_ddr3.cmd_task: at time 125208466.0 ps INFO: Write     bank 0 col 110, auto precharge 0
tb_g14_scale_n256_mig.gen_mem[0].u_comp_ddr3.main: at time 125214466.0 ps INFO: Sync On Die Termination Rtt_NOM =         40 Ohm
tb_g14_scale_n256_mig.gen_mem[0].u_comp_ddr3.data_task: at time 125224966.0 ps INFO: WRITE @ DQS= bank = 0 row = 2000 col = 00000110 data = 0088
tb_g14_scale_n256_mig.gen_mem[0].u_comp_ddr3.data_task: at time 125226466.0 ps INFO: WRITE @ DQS= bank = 0 row = 2000 col = 00000111 data = 0000
tb_g14_scale_n256_mig.gen_mem[0].u_comp_ddr3.data_task: at time 125227966.0 ps INFO: WRITE @ DQS= bank = 0 row = 2000 col = 00000112 data = 0089
tb_g14_scale_n256_mig.gen_mem[0].u_comp_ddr3.data_task: at time 125229466.0 ps INFO: WRITE @ DQS= bank = 0 row = 2000 col = 00000113 data = 0000
tb_g14_scale_n256_mig.gen_mem[0].u_comp_ddr3.data_task: at time 125230966.0 ps INFO: WRITE @ DQS= bank = 0 row = 2000 col = 00000114 data = 008a
tb_g14_scale_n256_mig.gen_mem[0].u_comp_ddr3.data_task: at time 125232466.0 ps INFO: WRITE @ DQS= bank = 0 row = 2000 col = 00000115 data = 0000
tb_g14_scale_n256_mig.gen_mem[0].u_comp_ddr3.data_task: at time 125233966.0 ps INFO: WRITE @ DQS= bank = 0 row = 2000 col = 00000116 data = 008b
tb_g14_scale_n256_mig.gen_mem[0].u_comp_ddr3.data_task: at time 125235466.0 ps INFO: WRITE @ DQS= bank = 0 row = 2000 col = 00000117 data = 0000
tb_g14_scale_n256_mig.gen_mem[0].u_comp_ddr3.main: at time 125238466.0 ps INFO: Sync On Die Termination Rtt_NOM =          0 Ohm
tb_g14_scale_n256_mig.gen_mem[0].u_comp_ddr3.cmd_task: at time 125256466.0 ps INFO: Write     bank 0 col 118, auto precharge 0
tb_g14_scale_n256_mig.gen_mem[0].u_comp_ddr3.main: at time 125262466.0 ps INFO: Sync On Die Termination Rtt_NOM =         40 Ohm
tb_g14_scale_n256_mig.gen_mem[0].u_comp_ddr3.data_task: at time 125272966.0 ps INFO: WRITE @ DQS= bank = 0 row = 2000 col = 00000118 data = 008c
tb_g14_scale_n256_mig.gen_mem[0].u_comp_ddr3.data_task: at time 125274466.0 ps INFO: WRITE @ DQS= bank = 0 row = 2000 col = 00000119 data = 0000
tb_g14_scale_n256_mig.gen_mem[0].u_comp_ddr3.data_task: at time 125275966.0 ps INFO: WRITE @ DQS= bank = 0 row = 2000 col = 0000011a data = 008d
tb_g14_scale_n256_mig.gen_mem[0].u_comp_ddr3.data_task: at time 125277466.0 ps INFO: WRITE @ DQS= bank = 0 row = 2000 col = 0000011b data = 0000
tb_g14_scale_n256_mig.gen_mem[0].u_comp_ddr3.data_task: at time 125278966.0 ps INFO: WRITE @ DQS= bank = 0 row = 2000 col = 0000011c data = 008e
tb_g14_scale_n256_mig.gen_mem[0].u_comp_ddr3.data_task: at time 125280466.0 ps INFO: WRITE @ DQS= bank = 0 row = 2000 col = 0000011d data = 0000
tb_g14_scale_n256_mig.gen_mem[0].u_comp_ddr3.data_task: at time 125281966.0 ps INFO: WRITE @ DQS= bank = 0 row = 2000 col = 0000011e data = 008f
tb_g14_scale_n256_mig.gen_mem[0].u_comp_ddr3.data_task: at time 125283466.0 ps INFO: WRITE @ DQS= bank = 0 row = 2000 col = 0000011f data = 0000
tb_g14_scale_n256_mig.gen_mem[0].u_comp_ddr3.main: at time 125286466.0 ps INFO: Sync On Die Termination Rtt_NOM =          0 Ohm
tb_g14_scale_n256_mig.gen_mem[0].u_comp_ddr3.cmd_task: at time 125304466.0 ps INFO: Write     bank 0 col 120, auto precharge 0
tb_g14_scale_n256_mig.gen_mem[0].u_comp_ddr3.main: at time 125310466.0 ps INFO: Sync On Die Termination Rtt_NOM =         40 Ohm
tb_g14_scale_n256_mig.gen_mem[0].u_comp_ddr3.data_task: at time 125320966.0 ps INFO: WRITE @ DQS= bank = 0 row = 2000 col = 00000120 data = 0090
tb_g14_scale_n256_mig.gen_mem[0].u_comp_ddr3.data_task: at time 125322466.0 ps INFO: WRITE @ DQS= bank = 0 row = 2000 col = 00000121 data = 0000
tb_g14_scale_n256_mig.gen_mem[0].u_comp_ddr3.data_task: at time 125323966.0 ps INFO: WRITE @ DQS= bank = 0 row = 2000 col = 00000122 data = 0091
tb_g14_scale_n256_mig.gen_mem[0].u_comp_ddr3.data_task: at time 125325466.0 ps INFO: WRITE @ DQS= bank = 0 row = 2000 col = 00000123 data = 0000
tb_g14_scale_n256_mig.gen_mem[0].u_comp_ddr3.data_task: at time 125326966.0 ps INFO: WRITE @ DQS= bank = 0 row = 2000 col = 00000124 data = 0092
tb_g14_scale_n256_mig.gen_mem[0].u_comp_ddr3.data_task: at time 125328466.0 ps INFO: WRITE @ DQS= bank = 0 row = 2000 col = 00000125 data = 0000
tb_g14_scale_n256_mig.gen_mem[0].u_comp_ddr3.data_task: at time 125329966.0 ps INFO: WRITE @ DQS= bank = 0 row = 2000 col = 00000126 data = 0093
tb_g14_scale_n256_mig.gen_mem[0].u_comp_ddr3.data_task: at time 125331466.0 ps INFO: WRITE @ DQS= bank = 0 row = 2000 col = 00000127 data = 0000
tb_g14_scale_n256_mig.gen_mem[0].u_comp_ddr3.main: at time 125334466.0 ps INFO: Sync On Die Termination Rtt_NOM =          0 Ohm
tb_g14_scale_n256_mig.gen_mem[0].u_comp_ddr3.cmd_task: at time 125352466.0 ps INFO: Write     bank 0 col 128, auto precharge 0
tb_g14_scale_n256_mig.gen_mem[0].u_comp_ddr3.main: at time 125358466.0 ps INFO: Sync On Die Termination Rtt_NOM =         40 Ohm
tb_g14_scale_n256_mig.gen_mem[0].u_comp_ddr3.data_task: at time 125368966.0 ps INFO: WRITE @ DQS= bank = 0 row = 2000 col = 00000128 data = 0094
tb_g14_scale_n256_mig.gen_mem[0].u_comp_ddr3.data_task: at time 125370466.0 ps INFO: WRITE @ DQS= bank = 0 row = 2000 col = 00000129 data = 0000
tb_g14_scale_n256_mig.gen_mem[0].u_comp_ddr3.data_task: at time 125371966.0 ps INFO: WRITE @ DQS= bank = 0 row = 2000 col = 0000012a data = 0095
tb_g14_scale_n256_mig.gen_mem[0].u_comp_ddr3.data_task: at time 125373466.0 ps INFO: WRITE @ DQS= bank = 0 row = 2000 col = 0000012b data = 0000
tb_g14_scale_n256_mig.gen_mem[0].u_comp_ddr3.data_task: at time 125374966.0 ps INFO: WRITE @ DQS= bank = 0 row = 2000 col = 0000012c data = 0096
tb_g14_scale_n256_mig.gen_mem[0].u_comp_ddr3.data_task: at time 125376466.0 ps INFO: WRITE @ DQS= bank = 0 row = 2000 col = 0000012d data = 0000
tb_g14_scale_n256_mig.gen_mem[0].u_comp_ddr3.data_task: at time 125377966.0 ps INFO: WRITE @ DQS= bank = 0 row = 2000 col = 0000012e data = 0097
tb_g14_scale_n256_mig.gen_mem[0].u_comp_ddr3.data_task: at time 125379466.0 ps INFO: WRITE @ DQS= bank = 0 row = 2000 col = 0000012f data = 0000
tb_g14_scale_n256_mig.gen_mem[0].u_comp_ddr3.main: at time 125382466.0 ps INFO: Sync On Die Termination Rtt_NOM =          0 Ohm
tb_g14_scale_n256_mig.gen_mem[0].u_comp_ddr3.cmd_task: at time 125400466.0 ps INFO: Write     bank 0 col 130, auto precharge 0
tb_g14_scale_n256_mig.gen_mem[0].u_comp_ddr3.main: at time 125406466.0 ps INFO: Sync On Die Termination Rtt_NOM =         40 Ohm
tb_g14_scale_n256_mig.gen_mem[0].u_comp_ddr3.data_task: at time 125416966.0 ps INFO: WRITE @ DQS= bank = 0 row = 2000 col = 00000130 data = 0098
tb_g14_scale_n256_mig.gen_mem[0].u_comp_ddr3.data_task: at time 125418466.0 ps INFO: WRITE @ DQS= bank = 0 row = 2000 col = 00000131 data = 0000
tb_g14_scale_n256_mig.gen_mem[0].u_comp_ddr3.data_task: at time 125419966.0 ps INFO: WRITE @ DQS= bank = 0 row = 2000 col = 00000132 data = 0099
tb_g14_scale_n256_mig.gen_mem[0].u_comp_ddr3.data_task: at time 125421466.0 ps INFO: WRITE @ DQS= bank = 0 row = 2000 col = 00000133 data = 0000
tb_g14_scale_n256_mig.gen_mem[0].u_comp_ddr3.data_task: at time 125422966.0 ps INFO: WRITE @ DQS= bank = 0 row = 2000 col = 00000134 data = 009a
tb_g14_scale_n256_mig.gen_mem[0].u_comp_ddr3.data_task: at time 125424466.0 ps INFO: WRITE @ DQS= bank = 0 row = 2000 col = 00000135 data = 0000
tb_g14_scale_n256_mig.gen_mem[0].u_comp_ddr3.data_task: at time 125425966.0 ps INFO: WRITE @ DQS= bank = 0 row = 2000 col = 00000136 data = 009b
tb_g14_scale_n256_mig.gen_mem[0].u_comp_ddr3.data_task: at time 125427466.0 ps INFO: WRITE @ DQS= bank = 0 row = 2000 col = 00000137 data = 0000
tb_g14_scale_n256_mig.gen_mem[0].u_comp_ddr3.main: at time 125430466.0 ps INFO: Sync On Die Termination Rtt_NOM =          0 Ohm
tb_g14_scale_n256_mig.gen_mem[0].u_comp_ddr3.cmd_task: at time 125448466.0 ps INFO: Write     bank 0 col 138, auto precharge 0
tb_g14_scale_n256_mig.gen_mem[0].u_comp_ddr3.main: at time 125454466.0 ps INFO: Sync On Die Termination Rtt_NOM =         40 Ohm
tb_g14_scale_n256_mig.gen_mem[0].u_comp_ddr3.data_task: at time 125464966.0 ps INFO: WRITE @ DQS= bank = 0 row = 2000 col = 00000138 data = 009c
tb_g14_scale_n256_mig.gen_mem[0].u_comp_ddr3.data_task: at time 125466466.0 ps INFO: WRITE @ DQS= bank = 0 row = 2000 col = 00000139 data = 0000
tb_g14_scale_n256_mig.gen_mem[0].u_comp_ddr3.data_task: at time 125467966.0 ps INFO: WRITE @ DQS= bank = 0 row = 2000 col = 0000013a data = 009d
tb_g14_scale_n256_mig.gen_mem[0].u_comp_ddr3.data_task: at time 125469466.0 ps INFO: WRITE @ DQS= bank = 0 row = 2000 col = 0000013b data = 0000
tb_g14_scale_n256_mig.gen_mem[0].u_comp_ddr3.data_task: at time 125470966.0 ps INFO: WRITE @ DQS= bank = 0 row = 2000 col = 0000013c data = 009e
tb_g14_scale_n256_mig.gen_mem[0].u_comp_ddr3.data_task: at time 125472466.0 ps INFO: WRITE @ DQS= bank = 0 row = 2000 col = 0000013d data = 0000
tb_g14_scale_n256_mig.gen_mem[0].u_comp_ddr3.data_task: at time 125473966.0 ps INFO: WRITE @ DQS= bank = 0 row = 2000 col = 0000013e data = 009f
tb_g14_scale_n256_mig.gen_mem[0].u_comp_ddr3.data_task: at time 125475466.0 ps INFO: WRITE @ DQS= bank = 0 row = 2000 col = 0000013f data = 0000
tb_g14_scale_n256_mig.gen_mem[0].u_comp_ddr3.main: at time 125478466.0 ps INFO: Sync On Die Termination Rtt_NOM =          0 Ohm
tb_g14_scale_n256_mig.gen_mem[0].u_comp_ddr3.cmd_task: at time 125496466.0 ps INFO: Write     bank 0 col 140, auto precharge 0
tb_g14_scale_n256_mig.gen_mem[0].u_comp_ddr3.main: at time 125502466.0 ps INFO: Sync On Die Termination Rtt_NOM =         40 Ohm
tb_g14_scale_n256_mig.gen_mem[0].u_comp_ddr3.data_task: at time 125512966.0 ps INFO: WRITE @ DQS= bank = 0 row = 2000 col = 00000140 data = 00a0
tb_g14_scale_n256_mig.gen_mem[0].u_comp_ddr3.data_task: at time 125514466.0 ps INFO: WRITE @ DQS= bank = 0 row = 2000 col = 00000141 data = 0000
tb_g14_scale_n256_mig.gen_mem[0].u_comp_ddr3.data_task: at time 125515966.0 ps INFO: WRITE @ DQS= bank = 0 row = 2000 col = 00000142 data = 00a1
tb_g14_scale_n256_mig.gen_mem[0].u_comp_ddr3.data_task: at time 125517466.0 ps INFO: WRITE @ DQS= bank = 0 row = 2000 col = 00000143 data = 0000
tb_g14_scale_n256_mig.gen_mem[0].u_comp_ddr3.data_task: at time 125518966.0 ps INFO: WRITE @ DQS= bank = 0 row = 2000 col = 00000144 data = 00a2
tb_g14_scale_n256_mig.gen_mem[0].u_comp_ddr3.data_task: at time 125520466.0 ps INFO: WRITE @ DQS= bank = 0 row = 2000 col = 00000145 data = 0000
tb_g14_scale_n256_mig.gen_mem[0].u_comp_ddr3.data_task: at time 125521966.0 ps INFO: WRITE @ DQS= bank = 0 row = 2000 col = 00000146 data = 00a3
tb_g14_scale_n256_mig.gen_mem[0].u_comp_ddr3.data_task: at time 125523466.0 ps INFO: WRITE @ DQS= bank = 0 row = 2000 col = 00000147 data = 0000
tb_g14_scale_n256_mig.gen_mem[0].u_comp_ddr3.main: at time 125526466.0 ps INFO: Sync On Die Termination Rtt_NOM =          0 Ohm
tb_g14_scale_n256_mig.gen_mem[0].u_comp_ddr3.cmd_task: at time 125544466.0 ps INFO: Write     bank 0 col 148, auto precharge 0
tb_g14_scale_n256_mig.gen_mem[0].u_comp_ddr3.main: at time 125550466.0 ps INFO: Sync On Die Termination Rtt_NOM =         40 Ohm
tb_g14_scale_n256_mig.gen_mem[0].u_comp_ddr3.data_task: at time 125560966.0 ps INFO: WRITE @ DQS= bank = 0 row = 2000 col = 00000148 data = 00a4
tb_g14_scale_n256_mig.gen_mem[0].u_comp_ddr3.data_task: at time 125562466.0 ps INFO: WRITE @ DQS= bank = 0 row = 2000 col = 00000149 data = 0000
tb_g14_scale_n256_mig.gen_mem[0].u_comp_ddr3.data_task: at time 125563966.0 ps INFO: WRITE @ DQS= bank = 0 row = 2000 col = 0000014a data = 00a5
tb_g14_scale_n256_mig.gen_mem[0].u_comp_ddr3.data_task: at time 125565466.0 ps INFO: WRITE @ DQS= bank = 0 row = 2000 col = 0000014b data = 0000
tb_g14_scale_n256_mig.gen_mem[0].u_comp_ddr3.data_task: at time 125566966.0 ps INFO: WRITE @ DQS= bank = 0 row = 2000 col = 0000014c data = 00a6
tb_g14_scale_n256_mig.gen_mem[0].u_comp_ddr3.data_task: at time 125568466.0 ps INFO: WRITE @ DQS= bank = 0 row = 2000 col = 0000014d data = 0000
tb_g14_scale_n256_mig.gen_mem[0].u_comp_ddr3.data_task: at time 125569966.0 ps INFO: WRITE @ DQS= bank = 0 row = 2000 col = 0000014e data = 00a7
tb_g14_scale_n256_mig.gen_mem[0].u_comp_ddr3.data_task: at time 125571466.0 ps INFO: WRITE @ DQS= bank = 0 row = 2000 col = 0000014f data = 0000
tb_g14_scale_n256_mig.gen_mem[0].u_comp_ddr3.main: at time 125574466.0 ps INFO: Sync On Die Termination Rtt_NOM =          0 Ohm
tb_g14_scale_n256_mig.gen_mem[0].u_comp_ddr3.cmd_task: at time 125592466.0 ps INFO: Write     bank 0 col 150, auto precharge 0
tb_g14_scale_n256_mig.gen_mem[0].u_comp_ddr3.main: at time 125598466.0 ps INFO: Sync On Die Termination Rtt_NOM =         40 Ohm
tb_g14_scale_n256_mig.gen_mem[0].u_comp_ddr3.data_task: at time 125608966.0 ps INFO: WRITE @ DQS= bank = 0 row = 2000 col = 00000150 data = 00a8
tb_g14_scale_n256_mig.gen_mem[0].u_comp_ddr3.data_task: at time 125610466.0 ps INFO: WRITE @ DQS= bank = 0 row = 2000 col = 00000151 data = 0000
tb_g14_scale_n256_mig.gen_mem[0].u_comp_ddr3.data_task: at time 125611966.0 ps INFO: WRITE @ DQS= bank = 0 row = 2000 col = 00000152 data = 00a9
tb_g14_scale_n256_mig.gen_mem[0].u_comp_ddr3.data_task: at time 125613466.0 ps INFO: WRITE @ DQS= bank = 0 row = 2000 col = 00000153 data = 0000
tb_g14_scale_n256_mig.gen_mem[0].u_comp_ddr3.data_task: at time 125614966.0 ps INFO: WRITE @ DQS= bank = 0 row = 2000 col = 00000154 data = 00aa
tb_g14_scale_n256_mig.gen_mem[0].u_comp_ddr3.data_task: at time 125616466.0 ps INFO: WRITE @ DQS= bank = 0 row = 2000 col = 00000155 data = 0000
tb_g14_scale_n256_mig.gen_mem[0].u_comp_ddr3.data_task: at time 125617966.0 ps INFO: WRITE @ DQS= bank = 0 row = 2000 col = 00000156 data = 00ab
tb_g14_scale_n256_mig.gen_mem[0].u_comp_ddr3.data_task: at time 125619466.0 ps INFO: WRITE @ DQS= bank = 0 row = 2000 col = 00000157 data = 0000
tb_g14_scale_n256_mig.gen_mem[0].u_comp_ddr3.main: at time 125622466.0 ps INFO: Sync On Die Termination Rtt_NOM =          0 Ohm
tb_g14_scale_n256_mig.gen_mem[0].u_comp_ddr3.cmd_task: at time 125640466.0 ps INFO: Write     bank 0 col 158, auto precharge 0
tb_g14_scale_n256_mig.gen_mem[0].u_comp_ddr3.main: at time 125646466.0 ps INFO: Sync On Die Termination Rtt_NOM =         40 Ohm
tb_g14_scale_n256_mig.gen_mem[0].u_comp_ddr3.data_task: at time 125656966.0 ps INFO: WRITE @ DQS= bank = 0 row = 2000 col = 00000158 data = 00ac
tb_g14_scale_n256_mig.gen_mem[0].u_comp_ddr3.data_task: at time 125658466.0 ps INFO: WRITE @ DQS= bank = 0 row = 2000 col = 00000159 data = 0000
tb_g14_scale_n256_mig.gen_mem[0].u_comp_ddr3.data_task: at time 125659966.0 ps INFO: WRITE @ DQS= bank = 0 row = 2000 col = 0000015a data = 00ad
tb_g14_scale_n256_mig.gen_mem[0].u_comp_ddr3.data_task: at time 125661466.0 ps INFO: WRITE @ DQS= bank = 0 row = 2000 col = 0000015b data = 0000
tb_g14_scale_n256_mig.gen_mem[0].u_comp_ddr3.data_task: at time 125662966.0 ps INFO: WRITE @ DQS= bank = 0 row = 2000 col = 0000015c data = 00ae
tb_g14_scale_n256_mig.gen_mem[0].u_comp_ddr3.data_task: at time 125664466.0 ps INFO: WRITE @ DQS= bank = 0 row = 2000 col = 0000015d data = 0000
tb_g14_scale_n256_mig.gen_mem[0].u_comp_ddr3.data_task: at time 125665966.0 ps INFO: WRITE @ DQS= bank = 0 row = 2000 col = 0000015e data = 00af
tb_g14_scale_n256_mig.gen_mem[0].u_comp_ddr3.data_task: at time 125667466.0 ps INFO: WRITE @ DQS= bank = 0 row = 2000 col = 0000015f data = 0000
tb_g14_scale_n256_mig.gen_mem[0].u_comp_ddr3.main: at time 125670466.0 ps INFO: Sync On Die Termination Rtt_NOM =          0 Ohm
tb_g14_scale_n256_mig.gen_mem[0].u_comp_ddr3.cmd_task: at time 125688466.0 ps INFO: Write     bank 0 col 160, auto precharge 0
tb_g14_scale_n256_mig.gen_mem[0].u_comp_ddr3.main: at time 125694466.0 ps INFO: Sync On Die Termination Rtt_NOM =         40 Ohm
tb_g14_scale_n256_mig.gen_mem[0].u_comp_ddr3.data_task: at time 125704966.0 ps INFO: WRITE @ DQS= bank = 0 row = 2000 col = 00000160 data = 00b0
tb_g14_scale_n256_mig.gen_mem[0].u_comp_ddr3.data_task: at time 125706466.0 ps INFO: WRITE @ DQS= bank = 0 row = 2000 col = 00000161 data = 0000
tb_g14_scale_n256_mig.gen_mem[0].u_comp_ddr3.data_task: at time 125707966.0 ps INFO: WRITE @ DQS= bank = 0 row = 2000 col = 00000162 data = 00b1
tb_g14_scale_n256_mig.gen_mem[0].u_comp_ddr3.data_task: at time 125709466.0 ps INFO: WRITE @ DQS= bank = 0 row = 2000 col = 00000163 data = 0000
tb_g14_scale_n256_mig.gen_mem[0].u_comp_ddr3.data_task: at time 125710966.0 ps INFO: WRITE @ DQS= bank = 0 row = 2000 col = 00000164 data = 00b2
tb_g14_scale_n256_mig.gen_mem[0].u_comp_ddr3.data_task: at time 125712466.0 ps INFO: WRITE @ DQS= bank = 0 row = 2000 col = 00000165 data = 0000
tb_g14_scale_n256_mig.gen_mem[0].u_comp_ddr3.data_task: at time 125713966.0 ps INFO: WRITE @ DQS= bank = 0 row = 2000 col = 00000166 data = 00b3
tb_g14_scale_n256_mig.gen_mem[0].u_comp_ddr3.data_task: at time 125715466.0 ps INFO: WRITE @ DQS= bank = 0 row = 2000 col = 00000167 data = 0000
tb_g14_scale_n256_mig.gen_mem[0].u_comp_ddr3.main: at time 125718466.0 ps INFO: Sync On Die Termination Rtt_NOM =          0 Ohm
tb_g14_scale_n256_mig.gen_mem[0].u_comp_ddr3.cmd_task: at time 125736466.0 ps INFO: Write     bank 0 col 168, auto precharge 0
tb_g14_scale_n256_mig.gen_mem[0].u_comp_ddr3.main: at time 125742466.0 ps INFO: Sync On Die Termination Rtt_NOM =         40 Ohm
tb_g14_scale_n256_mig.gen_mem[0].u_comp_ddr3.data_task: at time 125752966.0 ps INFO: WRITE @ DQS= bank = 0 row = 2000 col = 00000168 data = 00b4
tb_g14_scale_n256_mig.gen_mem[0].u_comp_ddr3.data_task: at time 125754466.0 ps INFO: WRITE @ DQS= bank = 0 row = 2000 col = 00000169 data = 0000
tb_g14_scale_n256_mig.gen_mem[0].u_comp_ddr3.data_task: at time 125755966.0 ps INFO: WRITE @ DQS= bank = 0 row = 2000 col = 0000016a data = 00b5
tb_g14_scale_n256_mig.gen_mem[0].u_comp_ddr3.data_task: at time 125757466.0 ps INFO: WRITE @ DQS= bank = 0 row = 2000 col = 0000016b data = 0000
tb_g14_scale_n256_mig.gen_mem[0].u_comp_ddr3.data_task: at time 125758966.0 ps INFO: WRITE @ DQS= bank = 0 row = 2000 col = 0000016c data = 00b6
tb_g14_scale_n256_mig.gen_mem[0].u_comp_ddr3.data_task: at time 125760466.0 ps INFO: WRITE @ DQS= bank = 0 row = 2000 col = 0000016d data = 0000
tb_g14_scale_n256_mig.gen_mem[0].u_comp_ddr3.data_task: at time 125761966.0 ps INFO: WRITE @ DQS= bank = 0 row = 2000 col = 0000016e data = 00b7
tb_g14_scale_n256_mig.gen_mem[0].u_comp_ddr3.data_task: at time 125763466.0 ps INFO: WRITE @ DQS= bank = 0 row = 2000 col = 0000016f data = 0000
tb_g14_scale_n256_mig.gen_mem[0].u_comp_ddr3.main: at time 125766466.0 ps INFO: Sync On Die Termination Rtt_NOM =          0 Ohm
tb_g14_scale_n256_mig.gen_mem[0].u_comp_ddr3.cmd_task: at time 125784466.0 ps INFO: Write     bank 0 col 170, auto precharge 0
tb_g14_scale_n256_mig.gen_mem[0].u_comp_ddr3.main: at time 125790466.0 ps INFO: Sync On Die Termination Rtt_NOM =         40 Ohm
tb_g14_scale_n256_mig.gen_mem[0].u_comp_ddr3.data_task: at time 125800966.0 ps INFO: WRITE @ DQS= bank = 0 row = 2000 col = 00000170 data = 00b8
tb_g14_scale_n256_mig.gen_mem[0].u_comp_ddr3.data_task: at time 125802466.0 ps INFO: WRITE @ DQS= bank = 0 row = 2000 col = 00000171 data = 0000
tb_g14_scale_n256_mig.gen_mem[0].u_comp_ddr3.data_task: at time 125803966.0 ps INFO: WRITE @ DQS= bank = 0 row = 2000 col = 00000172 data = 00b9
tb_g14_scale_n256_mig.gen_mem[0].u_comp_ddr3.data_task: at time 125805466.0 ps INFO: WRITE @ DQS= bank = 0 row = 2000 col = 00000173 data = 0000
tb_g14_scale_n256_mig.gen_mem[0].u_comp_ddr3.data_task: at time 125806966.0 ps INFO: WRITE @ DQS= bank = 0 row = 2000 col = 00000174 data = 00ba
tb_g14_scale_n256_mig.gen_mem[0].u_comp_ddr3.data_task: at time 125808466.0 ps INFO: WRITE @ DQS= bank = 0 row = 2000 col = 00000175 data = 0000
tb_g14_scale_n256_mig.gen_mem[0].u_comp_ddr3.data_task: at time 125809966.0 ps INFO: WRITE @ DQS= bank = 0 row = 2000 col = 00000176 data = 00bb
tb_g14_scale_n256_mig.gen_mem[0].u_comp_ddr3.data_task: at time 125811466.0 ps INFO: WRITE @ DQS= bank = 0 row = 2000 col = 00000177 data = 0000
tb_g14_scale_n256_mig.gen_mem[0].u_comp_ddr3.main: at time 125814466.0 ps INFO: Sync On Die Termination Rtt_NOM =          0 Ohm
tb_g14_scale_n256_mig.gen_mem[0].u_comp_ddr3.cmd_task: at time 125832466.0 ps INFO: Write     bank 0 col 178, auto precharge 0
tb_g14_scale_n256_mig.gen_mem[0].u_comp_ddr3.main: at time 125838466.0 ps INFO: Sync On Die Termination Rtt_NOM =         40 Ohm
tb_g14_scale_n256_mig.gen_mem[0].u_comp_ddr3.data_task: at time 125848966.0 ps INFO: WRITE @ DQS= bank = 0 row = 2000 col = 00000178 data = 00bc
tb_g14_scale_n256_mig.gen_mem[0].u_comp_ddr3.data_task: at time 125850466.0 ps INFO: WRITE @ DQS= bank = 0 row = 2000 col = 00000179 data = 0000
tb_g14_scale_n256_mig.gen_mem[0].u_comp_ddr3.data_task: at time 125851966.0 ps INFO: WRITE @ DQS= bank = 0 row = 2000 col = 0000017a data = 00bd
tb_g14_scale_n256_mig.gen_mem[0].u_comp_ddr3.data_task: at time 125853466.0 ps INFO: WRITE @ DQS= bank = 0 row = 2000 col = 0000017b data = 0000
tb_g14_scale_n256_mig.gen_mem[0].u_comp_ddr3.data_task: at time 125854966.0 ps INFO: WRITE @ DQS= bank = 0 row = 2000 col = 0000017c data = 00be
tb_g14_scale_n256_mig.gen_mem[0].u_comp_ddr3.data_task: at time 125856466.0 ps INFO: WRITE @ DQS= bank = 0 row = 2000 col = 0000017d data = 0000
tb_g14_scale_n256_mig.gen_mem[0].u_comp_ddr3.data_task: at time 125857966.0 ps INFO: WRITE @ DQS= bank = 0 row = 2000 col = 0000017e data = 00bf
tb_g14_scale_n256_mig.gen_mem[0].u_comp_ddr3.data_task: at time 125859466.0 ps INFO: WRITE @ DQS= bank = 0 row = 2000 col = 0000017f data = 0000
tb_g14_scale_n256_mig.gen_mem[0].u_comp_ddr3.main: at time 125862466.0 ps INFO: Sync On Die Termination Rtt_NOM =          0 Ohm
tb_g14_scale_n256_mig.gen_mem[0].u_comp_ddr3.cmd_task: at time 125880466.0 ps INFO: Write     bank 0 col 180, auto precharge 0
tb_g14_scale_n256_mig.gen_mem[0].u_comp_ddr3.main: at time 125886466.0 ps INFO: Sync On Die Termination Rtt_NOM =         40 Ohm
tb_g14_scale_n256_mig.gen_mem[0].u_comp_ddr3.data_task: at time 125896966.0 ps INFO: WRITE @ DQS= bank = 0 row = 2000 col = 00000180 data = 00c0
tb_g14_scale_n256_mig.gen_mem[0].u_comp_ddr3.data_task: at time 125898466.0 ps INFO: WRITE @ DQS= bank = 0 row = 2000 col = 00000181 data = 0000
tb_g14_scale_n256_mig.gen_mem[0].u_comp_ddr3.data_task: at time 125899966.0 ps INFO: WRITE @ DQS= bank = 0 row = 2000 col = 00000182 data = 00c1
tb_g14_scale_n256_mig.gen_mem[0].u_comp_ddr3.data_task: at time 125901466.0 ps INFO: WRITE @ DQS= bank = 0 row = 2000 col = 00000183 data = 0000
tb_g14_scale_n256_mig.gen_mem[0].u_comp_ddr3.data_task: at time 125902966.0 ps INFO: WRITE @ DQS= bank = 0 row = 2000 col = 00000184 data = 00c2
tb_g14_scale_n256_mig.gen_mem[0].u_comp_ddr3.data_task: at time 125904466.0 ps INFO: WRITE @ DQS= bank = 0 row = 2000 col = 00000185 data = 0000
tb_g14_scale_n256_mig.gen_mem[0].u_comp_ddr3.data_task: at time 125905966.0 ps INFO: WRITE @ DQS= bank = 0 row = 2000 col = 00000186 data = 00c3
tb_g14_scale_n256_mig.gen_mem[0].u_comp_ddr3.data_task: at time 125907466.0 ps INFO: WRITE @ DQS= bank = 0 row = 2000 col = 00000187 data = 0000
tb_g14_scale_n256_mig.gen_mem[0].u_comp_ddr3.main: at time 125910466.0 ps INFO: Sync On Die Termination Rtt_NOM =          0 Ohm
tb_g14_scale_n256_mig.gen_mem[0].u_comp_ddr3.cmd_task: at time 125928466.0 ps INFO: Write     bank 0 col 188, auto precharge 0
tb_g14_scale_n256_mig.gen_mem[0].u_comp_ddr3.main: at time 125934466.0 ps INFO: Sync On Die Termination Rtt_NOM =         40 Ohm
tb_g14_scale_n256_mig.gen_mem[0].u_comp_ddr3.data_task: at time 125944966.0 ps INFO: WRITE @ DQS= bank = 0 row = 2000 col = 00000188 data = 00c4
tb_g14_scale_n256_mig.gen_mem[0].u_comp_ddr3.data_task: at time 125946466.0 ps INFO: WRITE @ DQS= bank = 0 row = 2000 col = 00000189 data = 0000
tb_g14_scale_n256_mig.gen_mem[0].u_comp_ddr3.data_task: at time 125947966.0 ps INFO: WRITE @ DQS= bank = 0 row = 2000 col = 0000018a data = 00c5
tb_g14_scale_n256_mig.gen_mem[0].u_comp_ddr3.data_task: at time 125949466.0 ps INFO: WRITE @ DQS= bank = 0 row = 2000 col = 0000018b data = 0000
tb_g14_scale_n256_mig.gen_mem[0].u_comp_ddr3.data_task: at time 125950966.0 ps INFO: WRITE @ DQS= bank = 0 row = 2000 col = 0000018c data = 00c6
tb_g14_scale_n256_mig.gen_mem[0].u_comp_ddr3.data_task: at time 125952466.0 ps INFO: WRITE @ DQS= bank = 0 row = 2000 col = 0000018d data = 0000
tb_g14_scale_n256_mig.gen_mem[0].u_comp_ddr3.data_task: at time 125953966.0 ps INFO: WRITE @ DQS= bank = 0 row = 2000 col = 0000018e data = 00c7
tb_g14_scale_n256_mig.gen_mem[0].u_comp_ddr3.data_task: at time 125955466.0 ps INFO: WRITE @ DQS= bank = 0 row = 2000 col = 0000018f data = 0000
tb_g14_scale_n256_mig.gen_mem[0].u_comp_ddr3.main: at time 125958466.0 ps INFO: Sync On Die Termination Rtt_NOM =          0 Ohm
tb_g14_scale_n256_mig.gen_mem[0].u_comp_ddr3.cmd_task: at time 125976466.0 ps INFO: Write     bank 0 col 190, auto precharge 0
tb_g14_scale_n256_mig.gen_mem[0].u_comp_ddr3.main: at time 125982466.0 ps INFO: Sync On Die Termination Rtt_NOM =         40 Ohm
tb_g14_scale_n256_mig.gen_mem[0].u_comp_ddr3.data_task: at time 125992966.0 ps INFO: WRITE @ DQS= bank = 0 row = 2000 col = 00000190 data = 00c8
tb_g14_scale_n256_mig.gen_mem[0].u_comp_ddr3.data_task: at time 125994466.0 ps INFO: WRITE @ DQS= bank = 0 row = 2000 col = 00000191 data = 0000
tb_g14_scale_n256_mig.gen_mem[0].u_comp_ddr3.data_task: at time 125995966.0 ps INFO: WRITE @ DQS= bank = 0 row = 2000 col = 00000192 data = 00c9
tb_g14_scale_n256_mig.gen_mem[0].u_comp_ddr3.data_task: at time 125997466.0 ps INFO: WRITE @ DQS= bank = 0 row = 2000 col = 00000193 data = 0000
tb_g14_scale_n256_mig.gen_mem[0].u_comp_ddr3.data_task: at time 125998966.0 ps INFO: WRITE @ DQS= bank = 0 row = 2000 col = 00000194 data = 00ca
tb_g14_scale_n256_mig.gen_mem[0].u_comp_ddr3.data_task: at time 126000466.0 ps INFO: WRITE @ DQS= bank = 0 row = 2000 col = 00000195 data = 0000
tb_g14_scale_n256_mig.gen_mem[0].u_comp_ddr3.data_task: at time 126001966.0 ps INFO: WRITE @ DQS= bank = 0 row = 2000 col = 00000196 data = 00cb
tb_g14_scale_n256_mig.gen_mem[0].u_comp_ddr3.data_task: at time 126003466.0 ps INFO: WRITE @ DQS= bank = 0 row = 2000 col = 00000197 data = 0000
tb_g14_scale_n256_mig.gen_mem[0].u_comp_ddr3.main: at time 126006466.0 ps INFO: Sync On Die Termination Rtt_NOM =          0 Ohm
tb_g14_scale_n256_mig.gen_mem[0].u_comp_ddr3.cmd_task: at time 126024466.0 ps INFO: Write     bank 0 col 198, auto precharge 0
tb_g14_scale_n256_mig.gen_mem[0].u_comp_ddr3.main: at time 126030466.0 ps INFO: Sync On Die Termination Rtt_NOM =         40 Ohm
tb_g14_scale_n256_mig.gen_mem[0].u_comp_ddr3.data_task: at time 126040966.0 ps INFO: WRITE @ DQS= bank = 0 row = 2000 col = 00000198 data = 00cc
tb_g14_scale_n256_mig.gen_mem[0].u_comp_ddr3.data_task: at time 126042466.0 ps INFO: WRITE @ DQS= bank = 0 row = 2000 col = 00000199 data = 0000
tb_g14_scale_n256_mig.gen_mem[0].u_comp_ddr3.data_task: at time 126043966.0 ps INFO: WRITE @ DQS= bank = 0 row = 2000 col = 0000019a data = 00cd
tb_g14_scale_n256_mig.gen_mem[0].u_comp_ddr3.data_task: at time 126045466.0 ps INFO: WRITE @ DQS= bank = 0 row = 2000 col = 0000019b data = 0000
tb_g14_scale_n256_mig.gen_mem[0].u_comp_ddr3.data_task: at time 126046966.0 ps INFO: WRITE @ DQS= bank = 0 row = 2000 col = 0000019c data = 00ce
tb_g14_scale_n256_mig.gen_mem[0].u_comp_ddr3.data_task: at time 126048466.0 ps INFO: WRITE @ DQS= bank = 0 row = 2000 col = 0000019d data = 0000
tb_g14_scale_n256_mig.gen_mem[0].u_comp_ddr3.data_task: at time 126049966.0 ps INFO: WRITE @ DQS= bank = 0 row = 2000 col = 0000019e data = 00cf
tb_g14_scale_n256_mig.gen_mem[0].u_comp_ddr3.data_task: at time 126051466.0 ps INFO: WRITE @ DQS= bank = 0 row = 2000 col = 0000019f data = 0000
tb_g14_scale_n256_mig.gen_mem[0].u_comp_ddr3.main: at time 126054466.0 ps INFO: Sync On Die Termination Rtt_NOM =          0 Ohm
tb_g14_scale_n256_mig.gen_mem[0].u_comp_ddr3.cmd_task: at time 126072466.0 ps INFO: Read      bank 0 col 198, auto precharge 0
tb_g14_scale_n256_mig.gen_mem[0].u_comp_ddr3.cmd_task: at time 126084466.0 ps INFO: Read      bank 0 col 198, auto precharge 0
tb_g14_scale_n256_mig.gen_mem[0].u_comp_ddr3.data_task: at time 126085966.0 ps INFO: READ @ DQS= bank = 0 row = 2000 col = 00000198 data = 00cc
tb_g14_scale_n256_mig.gen_mem[0].u_comp_ddr3.data_task: at time 126087466.0 ps INFO: READ @ DQS= bank = 0 row = 2000 col = 00000199 data = 0000
tb_g14_scale_n256_mig.gen_mem[0].u_comp_ddr3.data_task: at time 126088966.0 ps INFO: READ @ DQS= bank = 0 row = 2000 col = 0000019a data = 00cd
tb_g14_scale_n256_mig.gen_mem[0].u_comp_ddr3.data_task: at time 126090466.0 ps INFO: READ @ DQS= bank = 0 row = 2000 col = 0000019b data = 0000
tb_g14_scale_n256_mig.gen_mem[0].u_comp_ddr3.data_task: at time 126091966.0 ps INFO: READ @ DQS= bank = 0 row = 2000 col = 0000019c data = 00ce
tb_g14_scale_n256_mig.gen_mem[0].u_comp_ddr3.data_task: at time 126093466.0 ps INFO: READ @ DQS= bank = 0 row = 2000 col = 0000019d data = 0000
tb_g14_scale_n256_mig.gen_mem[0].u_comp_ddr3.data_task: at time 126094966.0 ps INFO: READ @ DQS= bank = 0 row = 2000 col = 0000019e data = 00cf
tb_g14_scale_n256_mig.gen_mem[0].u_comp_ddr3.data_task: at time 126096466.0 ps INFO: READ @ DQS= bank = 0 row = 2000 col = 0000019f data = 0000
tb_g14_scale_n256_mig.gen_mem[0].u_comp_ddr3.data_task: at time 126097966.0 ps INFO: READ @ DQS= bank = 0 row = 2000 col = 00000198 data = 00cc
tb_g14_scale_n256_mig.gen_mem[0].u_comp_ddr3.data_task: at time 126099466.0 ps INFO: READ @ DQS= bank = 0 row = 2000 col = 00000199 data = 0000
tb_g14_scale_n256_mig.gen_mem[0].u_comp_ddr3.data_task: at time 126100966.0 ps INFO: READ @ DQS= bank = 0 row = 2000 col = 0000019a data = 00cd
tb_g14_scale_n256_mig.gen_mem[0].u_comp_ddr3.data_task: at time 126102466.0 ps INFO: READ @ DQS= bank = 0 row = 2000 col = 0000019b data = 0000
tb_g14_scale_n256_mig.gen_mem[0].u_comp_ddr3.data_task: at time 126103966.0 ps INFO: READ @ DQS= bank = 0 row = 2000 col = 0000019c data = 00ce
tb_g14_scale_n256_mig.gen_mem[0].u_comp_ddr3.data_task: at time 126105466.0 ps INFO: READ @ DQS= bank = 0 row = 2000 col = 0000019d data = 0000
tb_g14_scale_n256_mig.gen_mem[0].u_comp_ddr3.data_task: at time 126106966.0 ps INFO: READ @ DQS= bank = 0 row = 2000 col = 0000019e data = 00cf
tb_g14_scale_n256_mig.gen_mem[0].u_comp_ddr3.data_task: at time 126108466.0 ps INFO: READ @ DQS= bank = 0 row = 2000 col = 0000019f data = 0000
tb_g14_scale_n256_mig.gen_mem[0].u_comp_ddr3.cmd_task: at time 126108466.0 ps INFO: Write     bank 0 col 1a0, auto precharge 0
tb_g14_scale_n256_mig.gen_mem[0].u_comp_ddr3.main: at time 126114466.0 ps INFO: Sync On Die Termination Rtt_NOM =         40 Ohm
tb_g14_scale_n256_mig.gen_mem[0].u_comp_ddr3.cmd_task: at time 126120466.0 ps INFO: Write     bank 0 col 1a8, auto precharge 0
tb_g14_scale_n256_mig.gen_mem[0].u_comp_ddr3.data_task: at time 126124966.0 ps INFO: WRITE @ DQS= bank = 0 row = 2000 col = 000001a0 data = 00d0
tb_g14_scale_n256_mig.gen_mem[0].u_comp_ddr3.data_task: at time 126126466.0 ps INFO: WRITE @ DQS= bank = 0 row = 2000 col = 000001a1 data = 0000
tb_g14_scale_n256_mig.gen_mem[0].u_comp_ddr3.data_task: at time 126127966.0 ps INFO: WRITE @ DQS= bank = 0 row = 2000 col = 000001a2 data = 00d1
tb_g14_scale_n256_mig.gen_mem[0].u_comp_ddr3.data_task: at time 126129466.0 ps INFO: WRITE @ DQS= bank = 0 row = 2000 col = 000001a3 data = 0000
tb_g14_scale_n256_mig.gen_mem[0].u_comp_ddr3.data_task: at time 126130966.0 ps INFO: WRITE @ DQS= bank = 0 row = 2000 col = 000001a4 data = 00d2
tb_g14_scale_n256_mig.gen_mem[0].u_comp_ddr3.data_task: at time 126132466.0 ps INFO: WRITE @ DQS= bank = 0 row = 2000 col = 000001a5 data = 0000
tb_g14_scale_n256_mig.gen_mem[0].u_comp_ddr3.data_task: at time 126133966.0 ps INFO: WRITE @ DQS= bank = 0 row = 2000 col = 000001a6 data = 00d3
tb_g14_scale_n256_mig.gen_mem[0].u_comp_ddr3.data_task: at time 126135466.0 ps INFO: WRITE @ DQS= bank = 0 row = 2000 col = 000001a7 data = 0000
tb_g14_scale_n256_mig.gen_mem[0].u_comp_ddr3.data_task: at time 126136966.0 ps INFO: WRITE @ DQS= bank = 0 row = 2000 col = 000001a8 data = 00d4
tb_g14_scale_n256_mig.gen_mem[0].u_comp_ddr3.data_task: at time 126138466.0 ps INFO: WRITE @ DQS= bank = 0 row = 2000 col = 000001a9 data = 0000
tb_g14_scale_n256_mig.gen_mem[0].u_comp_ddr3.data_task: at time 126139966.0 ps INFO: WRITE @ DQS= bank = 0 row = 2000 col = 000001aa data = 00d5
tb_g14_scale_n256_mig.gen_mem[0].u_comp_ddr3.data_task: at time 126141466.0 ps INFO: WRITE @ DQS= bank = 0 row = 2000 col = 000001ab data = 0000
tb_g14_scale_n256_mig.gen_mem[0].u_comp_ddr3.data_task: at time 126142966.0 ps INFO: WRITE @ DQS= bank = 0 row = 2000 col = 000001ac data = 00d6
tb_g14_scale_n256_mig.gen_mem[0].u_comp_ddr3.data_task: at time 126144466.0 ps INFO: WRITE @ DQS= bank = 0 row = 2000 col = 000001ad data = 0000
tb_g14_scale_n256_mig.gen_mem[0].u_comp_ddr3.data_task: at time 126145966.0 ps INFO: WRITE @ DQS= bank = 0 row = 2000 col = 000001ae data = 00d7
tb_g14_scale_n256_mig.gen_mem[0].u_comp_ddr3.data_task: at time 126147466.0 ps INFO: WRITE @ DQS= bank = 0 row = 2000 col = 000001af data = 0000
tb_g14_scale_n256_mig.gen_mem[0].u_comp_ddr3.main: at time 126150466.0 ps INFO: Sync On Die Termination Rtt_NOM =          0 Ohm
tb_g14_scale_n256_mig.gen_mem[0].u_comp_ddr3.cmd_task: at time 126168466.0 ps INFO: Write     bank 0 col 1b0, auto precharge 0
tb_g14_scale_n256_mig.gen_mem[0].u_comp_ddr3.main: at time 126174466.0 ps INFO: Sync On Die Termination Rtt_NOM =         40 Ohm
tb_g14_scale_n256_mig.gen_mem[0].u_comp_ddr3.data_task: at time 126184966.0 ps INFO: WRITE @ DQS= bank = 0 row = 2000 col = 000001b0 data = 00d8
tb_g14_scale_n256_mig.gen_mem[0].u_comp_ddr3.data_task: at time 126186466.0 ps INFO: WRITE @ DQS= bank = 0 row = 2000 col = 000001b1 data = 0000
tb_g14_scale_n256_mig.gen_mem[0].u_comp_ddr3.data_task: at time 126187966.0 ps INFO: WRITE @ DQS= bank = 0 row = 2000 col = 000001b2 data = 00d9
tb_g14_scale_n256_mig.gen_mem[0].u_comp_ddr3.data_task: at time 126189466.0 ps INFO: WRITE @ DQS= bank = 0 row = 2000 col = 000001b3 data = 0000
tb_g14_scale_n256_mig.gen_mem[0].u_comp_ddr3.data_task: at time 126190966.0 ps INFO: WRITE @ DQS= bank = 0 row = 2000 col = 000001b4 data = 00da
tb_g14_scale_n256_mig.gen_mem[0].u_comp_ddr3.data_task: at time 126192466.0 ps INFO: WRITE @ DQS= bank = 0 row = 2000 col = 000001b5 data = 0000
tb_g14_scale_n256_mig.gen_mem[0].u_comp_ddr3.data_task: at time 126193966.0 ps INFO: WRITE @ DQS= bank = 0 row = 2000 col = 000001b6 data = 00db
tb_g14_scale_n256_mig.gen_mem[0].u_comp_ddr3.data_task: at time 126195466.0 ps INFO: WRITE @ DQS= bank = 0 row = 2000 col = 000001b7 data = 0000
tb_g14_scale_n256_mig.gen_mem[0].u_comp_ddr3.main: at time 126198466.0 ps INFO: Sync On Die Termination Rtt_NOM =          0 Ohm
tb_g14_scale_n256_mig.gen_mem[0].u_comp_ddr3.cmd_task: at time 126216466.0 ps INFO: Write     bank 0 col 1b8, auto precharge 0
tb_g14_scale_n256_mig.gen_mem[0].u_comp_ddr3.main: at time 126222466.0 ps INFO: Sync On Die Termination Rtt_NOM =         40 Ohm
tb_g14_scale_n256_mig.gen_mem[0].u_comp_ddr3.data_task: at time 126232966.0 ps INFO: WRITE @ DQS= bank = 0 row = 2000 col = 000001b8 data = 00dc
tb_g14_scale_n256_mig.gen_mem[0].u_comp_ddr3.data_task: at time 126234466.0 ps INFO: WRITE @ DQS= bank = 0 row = 2000 col = 000001b9 data = 0000
tb_g14_scale_n256_mig.gen_mem[0].u_comp_ddr3.data_task: at time 126235966.0 ps INFO: WRITE @ DQS= bank = 0 row = 2000 col = 000001ba data = 00dd
tb_g14_scale_n256_mig.gen_mem[0].u_comp_ddr3.data_task: at time 126237466.0 ps INFO: WRITE @ DQS= bank = 0 row = 2000 col = 000001bb data = 0000
tb_g14_scale_n256_mig.gen_mem[0].u_comp_ddr3.data_task: at time 126238966.0 ps INFO: WRITE @ DQS= bank = 0 row = 2000 col = 000001bc data = 00de
tb_g14_scale_n256_mig.gen_mem[0].u_comp_ddr3.data_task: at time 126240466.0 ps INFO: WRITE @ DQS= bank = 0 row = 2000 col = 000001bd data = 0000
tb_g14_scale_n256_mig.gen_mem[0].u_comp_ddr3.data_task: at time 126241966.0 ps INFO: WRITE @ DQS= bank = 0 row = 2000 col = 000001be data = 00df
tb_g14_scale_n256_mig.gen_mem[0].u_comp_ddr3.data_task: at time 126243466.0 ps INFO: WRITE @ DQS= bank = 0 row = 2000 col = 000001bf data = 0000
tb_g14_scale_n256_mig.gen_mem[0].u_comp_ddr3.main: at time 126246466.0 ps INFO: Sync On Die Termination Rtt_NOM =          0 Ohm
tb_g14_scale_n256_mig.gen_mem[0].u_comp_ddr3.cmd_task: at time 126264466.0 ps INFO: Write     bank 0 col 1c0, auto precharge 0
tb_g14_scale_n256_mig.gen_mem[0].u_comp_ddr3.main: at time 126270466.0 ps INFO: Sync On Die Termination Rtt_NOM =         40 Ohm
tb_g14_scale_n256_mig.gen_mem[0].u_comp_ddr3.data_task: at time 126280966.0 ps INFO: WRITE @ DQS= bank = 0 row = 2000 col = 000001c0 data = 00e0
tb_g14_scale_n256_mig.gen_mem[0].u_comp_ddr3.data_task: at time 126282466.0 ps INFO: WRITE @ DQS= bank = 0 row = 2000 col = 000001c1 data = 0000
tb_g14_scale_n256_mig.gen_mem[0].u_comp_ddr3.data_task: at time 126283966.0 ps INFO: WRITE @ DQS= bank = 0 row = 2000 col = 000001c2 data = 00e1
tb_g14_scale_n256_mig.gen_mem[0].u_comp_ddr3.data_task: at time 126285466.0 ps INFO: WRITE @ DQS= bank = 0 row = 2000 col = 000001c3 data = 0000
tb_g14_scale_n256_mig.gen_mem[0].u_comp_ddr3.data_task: at time 126286966.0 ps INFO: WRITE @ DQS= bank = 0 row = 2000 col = 000001c4 data = 00e2
tb_g14_scale_n256_mig.gen_mem[0].u_comp_ddr3.data_task: at time 126288466.0 ps INFO: WRITE @ DQS= bank = 0 row = 2000 col = 000001c5 data = 0000
tb_g14_scale_n256_mig.gen_mem[0].u_comp_ddr3.data_task: at time 126289966.0 ps INFO: WRITE @ DQS= bank = 0 row = 2000 col = 000001c6 data = 00e3
tb_g14_scale_n256_mig.gen_mem[0].u_comp_ddr3.data_task: at time 126291466.0 ps INFO: WRITE @ DQS= bank = 0 row = 2000 col = 000001c7 data = 0000
tb_g14_scale_n256_mig.gen_mem[0].u_comp_ddr3.main: at time 126294466.0 ps INFO: Sync On Die Termination Rtt_NOM =          0 Ohm
tb_g14_scale_n256_mig.gen_mem[0].u_comp_ddr3.cmd_task: at time 126312466.0 ps INFO: Write     bank 0 col 1c8, auto precharge 0
tb_g14_scale_n256_mig.gen_mem[0].u_comp_ddr3.main: at time 126318466.0 ps INFO: Sync On Die Termination Rtt_NOM =         40 Ohm
tb_g14_scale_n256_mig.gen_mem[0].u_comp_ddr3.data_task: at time 126328966.0 ps INFO: WRITE @ DQS= bank = 0 row = 2000 col = 000001c8 data = 00e4
tb_g14_scale_n256_mig.gen_mem[0].u_comp_ddr3.data_task: at time 126330466.0 ps INFO: WRITE @ DQS= bank = 0 row = 2000 col = 000001c9 data = 0000
tb_g14_scale_n256_mig.gen_mem[0].u_comp_ddr3.data_task: at time 126331966.0 ps INFO: WRITE @ DQS= bank = 0 row = 2000 col = 000001ca data = 00e5
tb_g14_scale_n256_mig.gen_mem[0].u_comp_ddr3.data_task: at time 126333466.0 ps INFO: WRITE @ DQS= bank = 0 row = 2000 col = 000001cb data = 0000
tb_g14_scale_n256_mig.gen_mem[0].u_comp_ddr3.data_task: at time 126334966.0 ps INFO: WRITE @ DQS= bank = 0 row = 2000 col = 000001cc data = 00e6
tb_g14_scale_n256_mig.gen_mem[0].u_comp_ddr3.data_task: at time 126336466.0 ps INFO: WRITE @ DQS= bank = 0 row = 2000 col = 000001cd data = 0000
tb_g14_scale_n256_mig.gen_mem[0].u_comp_ddr3.data_task: at time 126337966.0 ps INFO: WRITE @ DQS= bank = 0 row = 2000 col = 000001ce data = 00e7
tb_g14_scale_n256_mig.gen_mem[0].u_comp_ddr3.data_task: at time 126339466.0 ps INFO: WRITE @ DQS= bank = 0 row = 2000 col = 000001cf data = 0000
tb_g14_scale_n256_mig.gen_mem[0].u_comp_ddr3.main: at time 126342466.0 ps INFO: Sync On Die Termination Rtt_NOM =          0 Ohm
tb_g14_scale_n256_mig.gen_mem[0].u_comp_ddr3.cmd_task: at time 126360466.0 ps INFO: Write     bank 0 col 1d0, auto precharge 0
tb_g14_scale_n256_mig.gen_mem[0].u_comp_ddr3.main: at time 126366466.0 ps INFO: Sync On Die Termination Rtt_NOM =         40 Ohm
tb_g14_scale_n256_mig.gen_mem[0].u_comp_ddr3.data_task: at time 126376966.0 ps INFO: WRITE @ DQS= bank = 0 row = 2000 col = 000001d0 data = 00e8
tb_g14_scale_n256_mig.gen_mem[0].u_comp_ddr3.data_task: at time 126378466.0 ps INFO: WRITE @ DQS= bank = 0 row = 2000 col = 000001d1 data = 0000
tb_g14_scale_n256_mig.gen_mem[0].u_comp_ddr3.data_task: at time 126379966.0 ps INFO: WRITE @ DQS= bank = 0 row = 2000 col = 000001d2 data = 00e9
tb_g14_scale_n256_mig.gen_mem[0].u_comp_ddr3.data_task: at time 126381466.0 ps INFO: WRITE @ DQS= bank = 0 row = 2000 col = 000001d3 data = 0000
tb_g14_scale_n256_mig.gen_mem[0].u_comp_ddr3.data_task: at time 126382966.0 ps INFO: WRITE @ DQS= bank = 0 row = 2000 col = 000001d4 data = 00ea
tb_g14_scale_n256_mig.gen_mem[0].u_comp_ddr3.data_task: at time 126384466.0 ps INFO: WRITE @ DQS= bank = 0 row = 2000 col = 000001d5 data = 0000
tb_g14_scale_n256_mig.gen_mem[0].u_comp_ddr3.data_task: at time 126385966.0 ps INFO: WRITE @ DQS= bank = 0 row = 2000 col = 000001d6 data = 00eb
tb_g14_scale_n256_mig.gen_mem[0].u_comp_ddr3.data_task: at time 126387466.0 ps INFO: WRITE @ DQS= bank = 0 row = 2000 col = 000001d7 data = 0000
tb_g14_scale_n256_mig.gen_mem[0].u_comp_ddr3.main: at time 126390466.0 ps INFO: Sync On Die Termination Rtt_NOM =          0 Ohm
tb_g14_scale_n256_mig.gen_mem[0].u_comp_ddr3.cmd_task: at time 126408466.0 ps INFO: Write     bank 0 col 1d8, auto precharge 0
tb_g14_scale_n256_mig.gen_mem[0].u_comp_ddr3.main: at time 126414466.0 ps INFO: Sync On Die Termination Rtt_NOM =         40 Ohm
tb_g14_scale_n256_mig.gen_mem[0].u_comp_ddr3.data_task: at time 126424966.0 ps INFO: WRITE @ DQS= bank = 0 row = 2000 col = 000001d8 data = 00ec
tb_g14_scale_n256_mig.gen_mem[0].u_comp_ddr3.data_task: at time 126426466.0 ps INFO: WRITE @ DQS= bank = 0 row = 2000 col = 000001d9 data = 0000
tb_g14_scale_n256_mig.gen_mem[0].u_comp_ddr3.data_task: at time 126427966.0 ps INFO: WRITE @ DQS= bank = 0 row = 2000 col = 000001da data = 00ed
tb_g14_scale_n256_mig.gen_mem[0].u_comp_ddr3.data_task: at time 126429466.0 ps INFO: WRITE @ DQS= bank = 0 row = 2000 col = 000001db data = 0000
tb_g14_scale_n256_mig.gen_mem[0].u_comp_ddr3.data_task: at time 126430966.0 ps INFO: WRITE @ DQS= bank = 0 row = 2000 col = 000001dc data = 00ee
tb_g14_scale_n256_mig.gen_mem[0].u_comp_ddr3.data_task: at time 126432466.0 ps INFO: WRITE @ DQS= bank = 0 row = 2000 col = 000001dd data = 0000
tb_g14_scale_n256_mig.gen_mem[0].u_comp_ddr3.data_task: at time 126433966.0 ps INFO: WRITE @ DQS= bank = 0 row = 2000 col = 000001de data = 00ef
tb_g14_scale_n256_mig.gen_mem[0].u_comp_ddr3.data_task: at time 126435466.0 ps INFO: WRITE @ DQS= bank = 0 row = 2000 col = 000001df data = 0000
tb_g14_scale_n256_mig.gen_mem[0].u_comp_ddr3.main: at time 126438466.0 ps INFO: Sync On Die Termination Rtt_NOM =          0 Ohm
tb_g14_scale_n256_mig.gen_mem[0].u_comp_ddr3.cmd_task: at time 126456466.0 ps INFO: Write     bank 0 col 1e0, auto precharge 0
tb_g14_scale_n256_mig.gen_mem[0].u_comp_ddr3.main: at time 126462466.0 ps INFO: Sync On Die Termination Rtt_NOM =         40 Ohm
tb_g14_scale_n256_mig.gen_mem[0].u_comp_ddr3.data_task: at time 126472966.0 ps INFO: WRITE @ DQS= bank = 0 row = 2000 col = 000001e0 data = 00f0
tb_g14_scale_n256_mig.gen_mem[0].u_comp_ddr3.data_task: at time 126474466.0 ps INFO: WRITE @ DQS= bank = 0 row = 2000 col = 000001e1 data = 0000
tb_g14_scale_n256_mig.gen_mem[0].u_comp_ddr3.data_task: at time 126475966.0 ps INFO: WRITE @ DQS= bank = 0 row = 2000 col = 000001e2 data = 00f1
tb_g14_scale_n256_mig.gen_mem[0].u_comp_ddr3.data_task: at time 126477466.0 ps INFO: WRITE @ DQS= bank = 0 row = 2000 col = 000001e3 data = 0000
tb_g14_scale_n256_mig.gen_mem[0].u_comp_ddr3.data_task: at time 126478966.0 ps INFO: WRITE @ DQS= bank = 0 row = 2000 col = 000001e4 data = 00f2
tb_g14_scale_n256_mig.gen_mem[0].u_comp_ddr3.data_task: at time 126480466.0 ps INFO: WRITE @ DQS= bank = 0 row = 2000 col = 000001e5 data = 0000
tb_g14_scale_n256_mig.gen_mem[0].u_comp_ddr3.data_task: at time 126481966.0 ps INFO: WRITE @ DQS= bank = 0 row = 2000 col = 000001e6 data = 00f3
tb_g14_scale_n256_mig.gen_mem[0].u_comp_ddr3.data_task: at time 126483466.0 ps INFO: WRITE @ DQS= bank = 0 row = 2000 col = 000001e7 data = 0000
tb_g14_scale_n256_mig.gen_mem[0].u_comp_ddr3.main: at time 126486466.0 ps INFO: Sync On Die Termination Rtt_NOM =          0 Ohm
tb_g14_scale_n256_mig.gen_mem[0].u_comp_ddr3.cmd_task: at time 126504466.0 ps INFO: Write     bank 0 col 1e8, auto precharge 0
tb_g14_scale_n256_mig.gen_mem[0].u_comp_ddr3.main: at time 126510466.0 ps INFO: Sync On Die Termination Rtt_NOM =         40 Ohm
tb_g14_scale_n256_mig.gen_mem[0].u_comp_ddr3.data_task: at time 126520966.0 ps INFO: WRITE @ DQS= bank = 0 row = 2000 col = 000001e8 data = 00f4
tb_g14_scale_n256_mig.gen_mem[0].u_comp_ddr3.data_task: at time 126522466.0 ps INFO: WRITE @ DQS= bank = 0 row = 2000 col = 000001e9 data = 0000
tb_g14_scale_n256_mig.gen_mem[0].u_comp_ddr3.data_task: at time 126523966.0 ps INFO: WRITE @ DQS= bank = 0 row = 2000 col = 000001ea data = 00f5
tb_g14_scale_n256_mig.gen_mem[0].u_comp_ddr3.data_task: at time 126525466.0 ps INFO: WRITE @ DQS= bank = 0 row = 2000 col = 000001eb data = 0000
tb_g14_scale_n256_mig.gen_mem[0].u_comp_ddr3.data_task: at time 126526966.0 ps INFO: WRITE @ DQS= bank = 0 row = 2000 col = 000001ec data = 00f6
tb_g14_scale_n256_mig.gen_mem[0].u_comp_ddr3.data_task: at time 126528466.0 ps INFO: WRITE @ DQS= bank = 0 row = 2000 col = 000001ed data = 0000
tb_g14_scale_n256_mig.gen_mem[0].u_comp_ddr3.data_task: at time 126529966.0 ps INFO: WRITE @ DQS= bank = 0 row = 2000 col = 000001ee data = 00f7
tb_g14_scale_n256_mig.gen_mem[0].u_comp_ddr3.data_task: at time 126531466.0 ps INFO: WRITE @ DQS= bank = 0 row = 2000 col = 000001ef data = 0000
tb_g14_scale_n256_mig.gen_mem[0].u_comp_ddr3.main: at time 126534466.0 ps INFO: Sync On Die Termination Rtt_NOM =          0 Ohm
tb_g14_scale_n256_mig.gen_mem[0].u_comp_ddr3.cmd_task: at time 126552466.0 ps INFO: Write     bank 0 col 1f0, auto precharge 0
tb_g14_scale_n256_mig.gen_mem[0].u_comp_ddr3.main: at time 126558466.0 ps INFO: Sync On Die Termination Rtt_NOM =         40 Ohm
tb_g14_scale_n256_mig.gen_mem[0].u_comp_ddr3.data_task: at time 126568966.0 ps INFO: WRITE @ DQS= bank = 0 row = 2000 col = 000001f0 data = 00f8
tb_g14_scale_n256_mig.gen_mem[0].u_comp_ddr3.data_task: at time 126570466.0 ps INFO: WRITE @ DQS= bank = 0 row = 2000 col = 000001f1 data = 0000
tb_g14_scale_n256_mig.gen_mem[0].u_comp_ddr3.data_task: at time 126571966.0 ps INFO: WRITE @ DQS= bank = 0 row = 2000 col = 000001f2 data = 00f9
tb_g14_scale_n256_mig.gen_mem[0].u_comp_ddr3.data_task: at time 126573466.0 ps INFO: WRITE @ DQS= bank = 0 row = 2000 col = 000001f3 data = 0000
tb_g14_scale_n256_mig.gen_mem[0].u_comp_ddr3.data_task: at time 126574966.0 ps INFO: WRITE @ DQS= bank = 0 row = 2000 col = 000001f4 data = 00fa
tb_g14_scale_n256_mig.gen_mem[0].u_comp_ddr3.data_task: at time 126576466.0 ps INFO: WRITE @ DQS= bank = 0 row = 2000 col = 000001f5 data = 0000
tb_g14_scale_n256_mig.gen_mem[0].u_comp_ddr3.data_task: at time 126577966.0 ps INFO: WRITE @ DQS= bank = 0 row = 2000 col = 000001f6 data = 00fb
tb_g14_scale_n256_mig.gen_mem[0].u_comp_ddr3.data_task: at time 126579466.0 ps INFO: WRITE @ DQS= bank = 0 row = 2000 col = 000001f7 data = 0000
tb_g14_scale_n256_mig.gen_mem[0].u_comp_ddr3.main: at time 126582466.0 ps INFO: Sync On Die Termination Rtt_NOM =          0 Ohm
tb_g14_scale_n256_mig.gen_mem[0].u_comp_ddr3.cmd_task: at time 126600466.0 ps INFO: Write     bank 0 col 1f8, auto precharge 0
tb_g14_scale_n256_mig.gen_mem[0].u_comp_ddr3.main: at time 126606466.0 ps INFO: Sync On Die Termination Rtt_NOM =         40 Ohm
tb_g14_scale_n256_mig.gen_mem[0].u_comp_ddr3.data_task: at time 126616966.0 ps INFO: WRITE @ DQS= bank = 0 row = 2000 col = 000001f8 data = 00fc
tb_g14_scale_n256_mig.gen_mem[0].u_comp_ddr3.data_task: at time 126618466.0 ps INFO: WRITE @ DQS= bank = 0 row = 2000 col = 000001f9 data = 0000
tb_g14_scale_n256_mig.gen_mem[0].u_comp_ddr3.data_task: at time 126619966.0 ps INFO: WRITE @ DQS= bank = 0 row = 2000 col = 000001fa data = 00fd
tb_g14_scale_n256_mig.gen_mem[0].u_comp_ddr3.data_task: at time 126621466.0 ps INFO: WRITE @ DQS= bank = 0 row = 2000 col = 000001fb data = 0000
tb_g14_scale_n256_mig.gen_mem[0].u_comp_ddr3.data_task: at time 126622966.0 ps INFO: WRITE @ DQS= bank = 0 row = 2000 col = 000001fc data = 00fe
tb_g14_scale_n256_mig.gen_mem[0].u_comp_ddr3.data_task: at time 126624466.0 ps INFO: WRITE @ DQS= bank = 0 row = 2000 col = 000001fd data = 0000
tb_g14_scale_n256_mig.gen_mem[0].u_comp_ddr3.data_task: at time 126625966.0 ps INFO: WRITE @ DQS= bank = 0 row = 2000 col = 000001fe data = 00ff
tb_g14_scale_n256_mig.gen_mem[0].u_comp_ddr3.data_task: at time 126627466.0 ps INFO: WRITE @ DQS= bank = 0 row = 2000 col = 000001ff data = 0000
tb_g14_scale_n256_mig.gen_mem[0].u_comp_ddr3.main: at time 126630466.0 ps INFO: Sync On Die Termination Rtt_NOM =          0 Ohm
tb_g14_scale_n256_mig.gen_mem[0].u_comp_ddr3.cmd_task: at time 126663466.0 ps INFO: Precharge bank   0
tb_g14_scale_n256_mig.gen_mem[0].u_comp_ddr3.cmd_task: at time 126693466.0 ps INFO: Activate  bank 0 row 2200
tb_g14_scale_n256_mig.gen_mem[0].u_comp_ddr3.cmd_task: at time 126708466.0 ps INFO: Write     bank 0 col 000, auto precharge 0
tb_g14_scale_n256_mig.gen_mem[0].u_comp_ddr3.main: at time 126714466.0 ps INFO: Sync On Die Termination Rtt_NOM =         40 Ohm
tb_g14_scale_n256_mig.gen_mem[0].u_comp_ddr3.cmd_task: at time 126720466.0 ps INFO: Write     bank 0 col 008, auto precharge 0
tb_g14_scale_n256_mig.gen_mem[0].u_comp_ddr3.data_task: at time 126724966.0 ps INFO: WRITE @ DQS= bank = 0 row = 2200 col = 00000000 data = ffff
tb_g14_scale_n256_mig.gen_mem[0].u_comp_ddr3.data_task: at time 126726466.0 ps INFO: WRITE @ DQS= bank = 0 row = 2200 col = 00000001 data = 2201
tb_g14_scale_n256_mig.gen_mem[0].u_comp_ddr3.data_task: at time 126727966.0 ps INFO: WRITE @ DQS= bank = 0 row = 2200 col = 00000002 data = 0000
tb_g14_scale_n256_mig.gen_mem[0].u_comp_ddr3.data_task: at time 126729466.0 ps INFO: WRITE @ DQS= bank = 0 row = 2200 col = 00000003 data = ddfe
tb_g14_scale_n256_mig.gen_mem[0].u_comp_ddr3.data_task: at time 126730966.0 ps INFO: WRITE @ DQS= bank = 0 row = 2200 col = 00000004 data = fffe
tb_g14_scale_n256_mig.gen_mem[0].u_comp_ddr3.data_task: at time 126732466.0 ps INFO: WRITE @ DQS= bank = 0 row = 2200 col = 00000005 data = 2201
tb_g14_scale_n256_mig.gen_mem[0].u_comp_ddr3.data_task: at time 126733966.0 ps INFO: WRITE @ DQS= bank = 0 row = 2200 col = 00000006 data = 0001
tb_g14_scale_n256_mig.gen_mem[0].u_comp_ddr3.data_task: at time 126735466.0 ps INFO: WRITE @ DQS= bank = 0 row = 2200 col = 00000007 data = ddfe
tb_g14_scale_n256_mig.gen_mem[0].u_comp_ddr3.data_task: at time 126736966.0 ps INFO: WRITE @ DQS= bank = 0 row = 2200 col = 00000008 data = fffd
tb_g14_scale_n256_mig.gen_mem[0].u_comp_ddr3.data_task: at time 126738466.0 ps INFO: WRITE @ DQS= bank = 0 row = 2200 col = 00000009 data = 2201
tb_g14_scale_n256_mig.gen_mem[0].u_comp_ddr3.data_task: at time 126739966.0 ps INFO: WRITE @ DQS= bank = 0 row = 2200 col = 0000000a data = 0002
tb_g14_scale_n256_mig.gen_mem[0].u_comp_ddr3.data_task: at time 126741466.0 ps INFO: WRITE @ DQS= bank = 0 row = 2200 col = 0000000b data = ddfe
tb_g14_scale_n256_mig.gen_mem[0].u_comp_ddr3.data_task: at time 126742966.0 ps INFO: WRITE @ DQS= bank = 0 row = 2200 col = 0000000c data = fffc
tb_g14_scale_n256_mig.gen_mem[0].u_comp_ddr3.data_task: at time 126744466.0 ps INFO: WRITE @ DQS= bank = 0 row = 2200 col = 0000000d data = 2201
tb_g14_scale_n256_mig.gen_mem[0].u_comp_ddr3.cmd_task: at time 126744466.0 ps INFO: Write     bank 0 col 010, auto precharge 0
tb_g14_scale_n256_mig.gen_mem[0].u_comp_ddr3.data_task: at time 126745966.0 ps INFO: WRITE @ DQS= bank = 0 row = 2200 col = 0000000e data = 0003
tb_g14_scale_n256_mig.gen_mem[0].u_comp_ddr3.data_task: at time 126747466.0 ps INFO: WRITE @ DQS= bank = 0 row = 2200 col = 0000000f data = ddfe
tb_g14_scale_n256_mig.gen_mem[0].u_comp_ddr3.data_task: at time 126760966.0 ps INFO: WRITE @ DQS= bank = 0 row = 2200 col = 00000010 data = fffb
tb_g14_scale_n256_mig.gen_mem[0].u_comp_ddr3.data_task: at time 126762466.0 ps INFO: WRITE @ DQS= bank = 0 row = 2200 col = 00000011 data = 2201
tb_g14_scale_n256_mig.gen_mem[0].u_comp_ddr3.data_task: at time 126763966.0 ps INFO: WRITE @ DQS= bank = 0 row = 2200 col = 00000012 data = 0004
tb_g14_scale_n256_mig.gen_mem[0].u_comp_ddr3.data_task: at time 126765466.0 ps INFO: WRITE @ DQS= bank = 0 row = 2200 col = 00000013 data = ddfe
tb_g14_scale_n256_mig.gen_mem[0].u_comp_ddr3.data_task: at time 126766966.0 ps INFO: WRITE @ DQS= bank = 0 row = 2200 col = 00000014 data = fffa
tb_g14_scale_n256_mig.gen_mem[0].u_comp_ddr3.data_task: at time 126768466.0 ps INFO: WRITE @ DQS= bank = 0 row = 2200 col = 00000015 data = 2201
tb_g14_scale_n256_mig.gen_mem[0].u_comp_ddr3.data_task: at time 126769966.0 ps INFO: WRITE @ DQS= bank = 0 row = 2200 col = 00000016 data = 0005
tb_g14_scale_n256_mig.gen_mem[0].u_comp_ddr3.data_task: at time 126771466.0 ps INFO: WRITE @ DQS= bank = 0 row = 2200 col = 00000017 data = ddfe
tb_g14_scale_n256_mig.gen_mem[0].u_comp_ddr3.main: at time 126774466.0 ps INFO: Sync On Die Termination Rtt_NOM =          0 Ohm
tb_g14_scale_n256_mig.gen_mem[0].u_comp_ddr3.cmd_task: at time 126792466.0 ps INFO: Write     bank 0 col 018, auto precharge 0
tb_g14_scale_n256_mig.gen_mem[0].u_comp_ddr3.main: at time 126798466.0 ps INFO: Sync On Die Termination Rtt_NOM =         40 Ohm
tb_g14_scale_n256_mig.gen_mem[0].u_comp_ddr3.data_task: at time 126808966.0 ps INFO: WRITE @ DQS= bank = 0 row = 2200 col = 00000018 data = fff9
tb_g14_scale_n256_mig.gen_mem[0].u_comp_ddr3.data_task: at time 126810466.0 ps INFO: WRITE @ DQS= bank = 0 row = 2200 col = 00000019 data = 2201
tb_g14_scale_n256_mig.gen_mem[0].u_comp_ddr3.data_task: at time 126811966.0 ps INFO: WRITE @ DQS= bank = 0 row = 2200 col = 0000001a data = 0006
tb_g14_scale_n256_mig.gen_mem[0].u_comp_ddr3.data_task: at time 126813466.0 ps INFO: WRITE @ DQS= bank = 0 row = 2200 col = 0000001b data = ddfe
tb_g14_scale_n256_mig.gen_mem[0].u_comp_ddr3.data_task: at time 126814966.0 ps INFO: WRITE @ DQS= bank = 0 row = 2200 col = 0000001c data = fff8
tb_g14_scale_n256_mig.gen_mem[0].u_comp_ddr3.data_task: at time 126816466.0 ps INFO: WRITE @ DQS= bank = 0 row = 2200 col = 0000001d data = 2201
tb_g14_scale_n256_mig.gen_mem[0].u_comp_ddr3.data_task: at time 126817966.0 ps INFO: WRITE @ DQS= bank = 0 row = 2200 col = 0000001e data = 0007
tb_g14_scale_n256_mig.gen_mem[0].u_comp_ddr3.data_task: at time 126819466.0 ps INFO: WRITE @ DQS= bank = 0 row = 2200 col = 0000001f data = ddfe
tb_g14_scale_n256_mig.gen_mem[0].u_comp_ddr3.main: at time 126822466.0 ps INFO: Sync On Die Termination Rtt_NOM =          0 Ohm
tb_g14_scale_n256_mig.gen_mem[0].u_comp_ddr3.cmd_task: at time 126840466.0 ps INFO: Write     bank 0 col 020, auto precharge 0
tb_g14_scale_n256_mig.gen_mem[0].u_comp_ddr3.main: at time 126846466.0 ps INFO: Sync On Die Termination Rtt_NOM =         40 Ohm
tb_g14_scale_n256_mig.gen_mem[0].u_comp_ddr3.data_task: at time 126856966.0 ps INFO: WRITE @ DQS= bank = 0 row = 2200 col = 00000020 data = fff7
tb_g14_scale_n256_mig.gen_mem[0].u_comp_ddr3.data_task: at time 126858466.0 ps INFO: WRITE @ DQS= bank = 0 row = 2200 col = 00000021 data = 2201
tb_g14_scale_n256_mig.gen_mem[0].u_comp_ddr3.data_task: at time 126859966.0 ps INFO: WRITE @ DQS= bank = 0 row = 2200 col = 00000022 data = 0008
tb_g14_scale_n256_mig.gen_mem[0].u_comp_ddr3.data_task: at time 126861466.0 ps INFO: WRITE @ DQS= bank = 0 row = 2200 col = 00000023 data = ddfe
tb_g14_scale_n256_mig.gen_mem[0].u_comp_ddr3.data_task: at time 126862966.0 ps INFO: WRITE @ DQS= bank = 0 row = 2200 col = 00000024 data = fff6
tb_g14_scale_n256_mig.gen_mem[0].u_comp_ddr3.data_task: at time 126864466.0 ps INFO: WRITE @ DQS= bank = 0 row = 2200 col = 00000025 data = 2201
tb_g14_scale_n256_mig.gen_mem[0].u_comp_ddr3.data_task: at time 126865966.0 ps INFO: WRITE @ DQS= bank = 0 row = 2200 col = 00000026 data = 0009
tb_g14_scale_n256_mig.gen_mem[0].u_comp_ddr3.data_task: at time 126867466.0 ps INFO: WRITE @ DQS= bank = 0 row = 2200 col = 00000027 data = ddfe
tb_g14_scale_n256_mig.gen_mem[0].u_comp_ddr3.main: at time 126870466.0 ps INFO: Sync On Die Termination Rtt_NOM =          0 Ohm
tb_g14_scale_n256_mig.gen_mem[0].u_comp_ddr3.cmd_task: at time 126888466.0 ps INFO: Write     bank 0 col 028, auto precharge 0
tb_g14_scale_n256_mig.gen_mem[0].u_comp_ddr3.main: at time 126894466.0 ps INFO: Sync On Die Termination Rtt_NOM =         40 Ohm
tb_g14_scale_n256_mig.gen_mem[0].u_comp_ddr3.data_task: at time 126904966.0 ps INFO: WRITE @ DQS= bank = 0 row = 2200 col = 00000028 data = fff5
tb_g14_scale_n256_mig.gen_mem[0].u_comp_ddr3.data_task: at time 126906466.0 ps INFO: WRITE @ DQS= bank = 0 row = 2200 col = 00000029 data = 2201
tb_g14_scale_n256_mig.gen_mem[0].u_comp_ddr3.data_task: at time 126907966.0 ps INFO: WRITE @ DQS= bank = 0 row = 2200 col = 0000002a data = 000a
tb_g14_scale_n256_mig.gen_mem[0].u_comp_ddr3.data_task: at time 126909466.0 ps INFO: WRITE @ DQS= bank = 0 row = 2200 col = 0000002b data = ddfe
tb_g14_scale_n256_mig.gen_mem[0].u_comp_ddr3.data_task: at time 126910966.0 ps INFO: WRITE @ DQS= bank = 0 row = 2200 col = 0000002c data = fff4
tb_g14_scale_n256_mig.gen_mem[0].u_comp_ddr3.data_task: at time 126912466.0 ps INFO: WRITE @ DQS= bank = 0 row = 2200 col = 0000002d data = 2201
tb_g14_scale_n256_mig.gen_mem[0].u_comp_ddr3.data_task: at time 126913966.0 ps INFO: WRITE @ DQS= bank = 0 row = 2200 col = 0000002e data = 000b
tb_g14_scale_n256_mig.gen_mem[0].u_comp_ddr3.data_task: at time 126915466.0 ps INFO: WRITE @ DQS= bank = 0 row = 2200 col = 0000002f data = ddfe
tb_g14_scale_n256_mig.gen_mem[0].u_comp_ddr3.main: at time 126918466.0 ps INFO: Sync On Die Termination Rtt_NOM =          0 Ohm
tb_g14_scale_n256_mig.gen_mem[0].u_comp_ddr3.cmd_task: at time 126936466.0 ps INFO: Write     bank 0 col 030, auto precharge 0
tb_g14_scale_n256_mig.gen_mem[0].u_comp_ddr3.main: at time 126942466.0 ps INFO: Sync On Die Termination Rtt_NOM =         40 Ohm
tb_g14_scale_n256_mig.gen_mem[0].u_comp_ddr3.data_task: at time 126952966.0 ps INFO: WRITE @ DQS= bank = 0 row = 2200 col = 00000030 data = fff3
tb_g14_scale_n256_mig.gen_mem[0].u_comp_ddr3.data_task: at time 126954466.0 ps INFO: WRITE @ DQS= bank = 0 row = 2200 col = 00000031 data = 2201
tb_g14_scale_n256_mig.gen_mem[0].u_comp_ddr3.data_task: at time 126955966.0 ps INFO: WRITE @ DQS= bank = 0 row = 2200 col = 00000032 data = 000c
tb_g14_scale_n256_mig.gen_mem[0].u_comp_ddr3.data_task: at time 126957466.0 ps INFO: WRITE @ DQS= bank = 0 row = 2200 col = 00000033 data = ddfe
tb_g14_scale_n256_mig.gen_mem[0].u_comp_ddr3.data_task: at time 126958966.0 ps INFO: WRITE @ DQS= bank = 0 row = 2200 col = 00000034 data = fff2
tb_g14_scale_n256_mig.gen_mem[0].u_comp_ddr3.data_task: at time 126960466.0 ps INFO: WRITE @ DQS= bank = 0 row = 2200 col = 00000035 data = 2201
tb_g14_scale_n256_mig.gen_mem[0].u_comp_ddr3.data_task: at time 126961966.0 ps INFO: WRITE @ DQS= bank = 0 row = 2200 col = 00000036 data = 000d
tb_g14_scale_n256_mig.gen_mem[0].u_comp_ddr3.data_task: at time 126963466.0 ps INFO: WRITE @ DQS= bank = 0 row = 2200 col = 00000037 data = ddfe
tb_g14_scale_n256_mig.gen_mem[0].u_comp_ddr3.main: at time 126966466.0 ps INFO: Sync On Die Termination Rtt_NOM =          0 Ohm
tb_g14_scale_n256_mig.gen_mem[0].u_comp_ddr3.cmd_task: at time 126984466.0 ps INFO: Write     bank 0 col 038, auto precharge 0
tb_g14_scale_n256_mig.gen_mem[0].u_comp_ddr3.main: at time 126990466.0 ps INFO: Sync On Die Termination Rtt_NOM =         40 Ohm
tb_g14_scale_n256_mig.gen_mem[0].u_comp_ddr3.data_task: at time 127000966.0 ps INFO: WRITE @ DQS= bank = 0 row = 2200 col = 00000038 data = fff1
tb_g14_scale_n256_mig.gen_mem[0].u_comp_ddr3.data_task: at time 127002466.0 ps INFO: WRITE @ DQS= bank = 0 row = 2200 col = 00000039 data = 2201
tb_g14_scale_n256_mig.gen_mem[0].u_comp_ddr3.data_task: at time 127003966.0 ps INFO: WRITE @ DQS= bank = 0 row = 2200 col = 0000003a data = 000e
tb_g14_scale_n256_mig.gen_mem[0].u_comp_ddr3.data_task: at time 127005466.0 ps INFO: WRITE @ DQS= bank = 0 row = 2200 col = 0000003b data = ddfe
tb_g14_scale_n256_mig.gen_mem[0].u_comp_ddr3.data_task: at time 127006966.0 ps INFO: WRITE @ DQS= bank = 0 row = 2200 col = 0000003c data = fff0
tb_g14_scale_n256_mig.gen_mem[0].u_comp_ddr3.data_task: at time 127008466.0 ps INFO: WRITE @ DQS= bank = 0 row = 2200 col = 0000003d data = 2201
tb_g14_scale_n256_mig.gen_mem[0].u_comp_ddr3.data_task: at time 127009966.0 ps INFO: WRITE @ DQS= bank = 0 row = 2200 col = 0000003e data = 000f
tb_g14_scale_n256_mig.gen_mem[0].u_comp_ddr3.data_task: at time 127011466.0 ps INFO: WRITE @ DQS= bank = 0 row = 2200 col = 0000003f data = ddfe
tb_g14_scale_n256_mig.gen_mem[0].u_comp_ddr3.main: at time 127014466.0 ps INFO: Sync On Die Termination Rtt_NOM =          0 Ohm
tb_g14_scale_n256_mig.gen_mem[0].u_comp_ddr3.cmd_task: at time 127032466.0 ps INFO: Read      bank 0 col 038, auto precharge 0
tb_g14_scale_n256_mig.gen_mem[0].u_comp_ddr3.cmd_task: at time 127044466.0 ps INFO: Read      bank 0 col 038, auto precharge 0
tb_g14_scale_n256_mig.gen_mem[0].u_comp_ddr3.data_task: at time 127045966.0 ps INFO: READ @ DQS= bank = 0 row = 2200 col = 00000038 data = fff1
tb_g14_scale_n256_mig.gen_mem[0].u_comp_ddr3.data_task: at time 127047466.0 ps INFO: READ @ DQS= bank = 0 row = 2200 col = 00000039 data = 2201
tb_g14_scale_n256_mig.gen_mem[0].u_comp_ddr3.data_task: at time 127048966.0 ps INFO: READ @ DQS= bank = 0 row = 2200 col = 0000003a data = 000e
tb_g14_scale_n256_mig.gen_mem[0].u_comp_ddr3.data_task: at time 127050466.0 ps INFO: READ @ DQS= bank = 0 row = 2200 col = 0000003b data = ddfe
tb_g14_scale_n256_mig.gen_mem[0].u_comp_ddr3.data_task: at time 127051966.0 ps INFO: READ @ DQS= bank = 0 row = 2200 col = 0000003c data = fff0
tb_g14_scale_n256_mig.gen_mem[0].u_comp_ddr3.data_task: at time 127053466.0 ps INFO: READ @ DQS= bank = 0 row = 2200 col = 0000003d data = 2201
tb_g14_scale_n256_mig.gen_mem[0].u_comp_ddr3.data_task: at time 127054966.0 ps INFO: READ @ DQS= bank = 0 row = 2200 col = 0000003e data = 000f
tb_g14_scale_n256_mig.gen_mem[0].u_comp_ddr3.data_task: at time 127056466.0 ps INFO: READ @ DQS= bank = 0 row = 2200 col = 0000003f data = ddfe
tb_g14_scale_n256_mig.gen_mem[0].u_comp_ddr3.data_task: at time 127057966.0 ps INFO: READ @ DQS= bank = 0 row = 2200 col = 00000038 data = fff1
tb_g14_scale_n256_mig.gen_mem[0].u_comp_ddr3.data_task: at time 127059466.0 ps INFO: READ @ DQS= bank = 0 row = 2200 col = 00000039 data = 2201
tb_g14_scale_n256_mig.gen_mem[0].u_comp_ddr3.data_task: at time 127060966.0 ps INFO: READ @ DQS= bank = 0 row = 2200 col = 0000003a data = 000e
tb_g14_scale_n256_mig.gen_mem[0].u_comp_ddr3.data_task: at time 127062466.0 ps INFO: READ @ DQS= bank = 0 row = 2200 col = 0000003b data = ddfe
tb_g14_scale_n256_mig.gen_mem[0].u_comp_ddr3.data_task: at time 127063966.0 ps INFO: READ @ DQS= bank = 0 row = 2200 col = 0000003c data = fff0
tb_g14_scale_n256_mig.gen_mem[0].u_comp_ddr3.data_task: at time 127065466.0 ps INFO: READ @ DQS= bank = 0 row = 2200 col = 0000003d data = 2201
tb_g14_scale_n256_mig.gen_mem[0].u_comp_ddr3.data_task: at time 127066966.0 ps INFO: READ @ DQS= bank = 0 row = 2200 col = 0000003e data = 000f
tb_g14_scale_n256_mig.gen_mem[0].u_comp_ddr3.data_task: at time 127068466.0 ps INFO: READ @ DQS= bank = 0 row = 2200 col = 0000003f data = ddfe
tb_g14_scale_n256_mig.gen_mem[0].u_comp_ddr3.cmd_task: at time 127068466.0 ps INFO: Write     bank 0 col 040, auto precharge 0
tb_g14_scale_n256_mig.gen_mem[0].u_comp_ddr3.main: at time 127074466.0 ps INFO: Sync On Die Termination Rtt_NOM =         40 Ohm
tb_g14_scale_n256_mig.gen_mem[0].u_comp_ddr3.cmd_task: at time 127080466.0 ps INFO: Write     bank 0 col 048, auto precharge 0
tb_g14_scale_n256_mig.gen_mem[0].u_comp_ddr3.data_task: at time 127084966.0 ps INFO: WRITE @ DQS= bank = 0 row = 2200 col = 00000040 data = ffef
tb_g14_scale_n256_mig.gen_mem[0].u_comp_ddr3.data_task: at time 127086466.0 ps INFO: WRITE @ DQS= bank = 0 row = 2200 col = 00000041 data = 2201
tb_g14_scale_n256_mig.gen_mem[0].u_comp_ddr3.data_task: at time 127087966.0 ps INFO: WRITE @ DQS= bank = 0 row = 2200 col = 00000042 data = 0010
tb_g14_scale_n256_mig.gen_mem[0].u_comp_ddr3.data_task: at time 127089466.0 ps INFO: WRITE @ DQS= bank = 0 row = 2200 col = 00000043 data = ddfe
tb_g14_scale_n256_mig.gen_mem[0].u_comp_ddr3.data_task: at time 127090966.0 ps INFO: WRITE @ DQS= bank = 0 row = 2200 col = 00000044 data = ffee
tb_g14_scale_n256_mig.gen_mem[0].u_comp_ddr3.data_task: at time 127092466.0 ps INFO: WRITE @ DQS= bank = 0 row = 2200 col = 00000045 data = 2201
tb_g14_scale_n256_mig.gen_mem[0].u_comp_ddr3.data_task: at time 127093966.0 ps INFO: WRITE @ DQS= bank = 0 row = 2200 col = 00000046 data = 0011
tb_g14_scale_n256_mig.gen_mem[0].u_comp_ddr3.data_task: at time 127095466.0 ps INFO: WRITE @ DQS= bank = 0 row = 2200 col = 00000047 data = ddfe
tb_g14_scale_n256_mig.gen_mem[0].u_comp_ddr3.data_task: at time 127096966.0 ps INFO: WRITE @ DQS= bank = 0 row = 2200 col = 00000048 data = ffed
tb_g14_scale_n256_mig.gen_mem[0].u_comp_ddr3.data_task: at time 127098466.0 ps INFO: WRITE @ DQS= bank = 0 row = 2200 col = 00000049 data = 2201
tb_g14_scale_n256_mig.gen_mem[0].u_comp_ddr3.data_task: at time 127099966.0 ps INFO: WRITE @ DQS= bank = 0 row = 2200 col = 0000004a data = 0012
tb_g14_scale_n256_mig.gen_mem[0].u_comp_ddr3.data_task: at time 127101466.0 ps INFO: WRITE @ DQS= bank = 0 row = 2200 col = 0000004b data = ddfe
tb_g14_scale_n256_mig.gen_mem[0].u_comp_ddr3.data_task: at time 127102966.0 ps INFO: WRITE @ DQS= bank = 0 row = 2200 col = 0000004c data = ffec
tb_g14_scale_n256_mig.gen_mem[0].u_comp_ddr3.data_task: at time 127104466.0 ps INFO: WRITE @ DQS= bank = 0 row = 2200 col = 0000004d data = 2201
tb_g14_scale_n256_mig.gen_mem[0].u_comp_ddr3.data_task: at time 127105966.0 ps INFO: WRITE @ DQS= bank = 0 row = 2200 col = 0000004e data = 0013
tb_g14_scale_n256_mig.gen_mem[0].u_comp_ddr3.data_task: at time 127107466.0 ps INFO: WRITE @ DQS= bank = 0 row = 2200 col = 0000004f data = ddfe
tb_g14_scale_n256_mig.gen_mem[0].u_comp_ddr3.main: at time 127110466.0 ps INFO: Sync On Die Termination Rtt_NOM =          0 Ohm
tb_g14_scale_n256_mig.gen_mem[0].u_comp_ddr3.cmd_task: at time 127128466.0 ps INFO: Write     bank 0 col 050, auto precharge 0
tb_g14_scale_n256_mig.gen_mem[0].u_comp_ddr3.main: at time 127134466.0 ps INFO: Sync On Die Termination Rtt_NOM =         40 Ohm
tb_g14_scale_n256_mig.gen_mem[0].u_comp_ddr3.data_task: at time 127144966.0 ps INFO: WRITE @ DQS= bank = 0 row = 2200 col = 00000050 data = ffeb
tb_g14_scale_n256_mig.gen_mem[0].u_comp_ddr3.data_task: at time 127146466.0 ps INFO: WRITE @ DQS= bank = 0 row = 2200 col = 00000051 data = 2201
tb_g14_scale_n256_mig.gen_mem[0].u_comp_ddr3.data_task: at time 127147966.0 ps INFO: WRITE @ DQS= bank = 0 row = 2200 col = 00000052 data = 0014
tb_g14_scale_n256_mig.gen_mem[0].u_comp_ddr3.data_task: at time 127149466.0 ps INFO: WRITE @ DQS= bank = 0 row = 2200 col = 00000053 data = ddfe
tb_g14_scale_n256_mig.gen_mem[0].u_comp_ddr3.data_task: at time 127150966.0 ps INFO: WRITE @ DQS= bank = 0 row = 2200 col = 00000054 data = ffea
tb_g14_scale_n256_mig.gen_mem[0].u_comp_ddr3.data_task: at time 127152466.0 ps INFO: WRITE @ DQS= bank = 0 row = 2200 col = 00000055 data = 2201
tb_g14_scale_n256_mig.gen_mem[0].u_comp_ddr3.data_task: at time 127153966.0 ps INFO: WRITE @ DQS= bank = 0 row = 2200 col = 00000056 data = 0015
tb_g14_scale_n256_mig.gen_mem[0].u_comp_ddr3.data_task: at time 127155466.0 ps INFO: WRITE @ DQS= bank = 0 row = 2200 col = 00000057 data = ddfe
tb_g14_scale_n256_mig.gen_mem[0].u_comp_ddr3.main: at time 127158466.0 ps INFO: Sync On Die Termination Rtt_NOM =          0 Ohm
tb_g14_scale_n256_mig.gen_mem[0].u_comp_ddr3.cmd_task: at time 127176466.0 ps INFO: Write     bank 0 col 058, auto precharge 0
tb_g14_scale_n256_mig.gen_mem[0].u_comp_ddr3.main: at time 127182466.0 ps INFO: Sync On Die Termination Rtt_NOM =         40 Ohm
tb_g14_scale_n256_mig.gen_mem[0].u_comp_ddr3.data_task: at time 127192966.0 ps INFO: WRITE @ DQS= bank = 0 row = 2200 col = 00000058 data = ffe9
tb_g14_scale_n256_mig.gen_mem[0].u_comp_ddr3.data_task: at time 127194466.0 ps INFO: WRITE @ DQS= bank = 0 row = 2200 col = 00000059 data = 2201
tb_g14_scale_n256_mig.gen_mem[0].u_comp_ddr3.data_task: at time 127195966.0 ps INFO: WRITE @ DQS= bank = 0 row = 2200 col = 0000005a data = 0016
tb_g14_scale_n256_mig.gen_mem[0].u_comp_ddr3.data_task: at time 127197466.0 ps INFO: WRITE @ DQS= bank = 0 row = 2200 col = 0000005b data = ddfe
tb_g14_scale_n256_mig.gen_mem[0].u_comp_ddr3.data_task: at time 127198966.0 ps INFO: WRITE @ DQS= bank = 0 row = 2200 col = 0000005c data = ffe8
tb_g14_scale_n256_mig.gen_mem[0].u_comp_ddr3.data_task: at time 127200466.0 ps INFO: WRITE @ DQS= bank = 0 row = 2200 col = 0000005d data = 2201
tb_g14_scale_n256_mig.gen_mem[0].u_comp_ddr3.data_task: at time 127201966.0 ps INFO: WRITE @ DQS= bank = 0 row = 2200 col = 0000005e data = 0017
tb_g14_scale_n256_mig.gen_mem[0].u_comp_ddr3.data_task: at time 127203466.0 ps INFO: WRITE @ DQS= bank = 0 row = 2200 col = 0000005f data = ddfe
tb_g14_scale_n256_mig.gen_mem[0].u_comp_ddr3.main: at time 127206466.0 ps INFO: Sync On Die Termination Rtt_NOM =          0 Ohm
tb_g14_scale_n256_mig.gen_mem[0].u_comp_ddr3.cmd_task: at time 127224466.0 ps INFO: Write     bank 0 col 060, auto precharge 0
tb_g14_scale_n256_mig.gen_mem[0].u_comp_ddr3.main: at time 127230466.0 ps INFO: Sync On Die Termination Rtt_NOM =         40 Ohm
tb_g14_scale_n256_mig.gen_mem[0].u_comp_ddr3.data_task: at time 127240966.0 ps INFO: WRITE @ DQS= bank = 0 row = 2200 col = 00000060 data = ffe7
tb_g14_scale_n256_mig.gen_mem[0].u_comp_ddr3.data_task: at time 127242466.0 ps INFO: WRITE @ DQS= bank = 0 row = 2200 col = 00000061 data = 2201
tb_g14_scale_n256_mig.gen_mem[0].u_comp_ddr3.data_task: at time 127243966.0 ps INFO: WRITE @ DQS= bank = 0 row = 2200 col = 00000062 data = 0018
tb_g14_scale_n256_mig.gen_mem[0].u_comp_ddr3.data_task: at time 127245466.0 ps INFO: WRITE @ DQS= bank = 0 row = 2200 col = 00000063 data = ddfe
tb_g14_scale_n256_mig.gen_mem[0].u_comp_ddr3.data_task: at time 127246966.0 ps INFO: WRITE @ DQS= bank = 0 row = 2200 col = 00000064 data = ffe6
tb_g14_scale_n256_mig.gen_mem[0].u_comp_ddr3.data_task: at time 127248466.0 ps INFO: WRITE @ DQS= bank = 0 row = 2200 col = 00000065 data = 2201
tb_g14_scale_n256_mig.gen_mem[0].u_comp_ddr3.data_task: at time 127249966.0 ps INFO: WRITE @ DQS= bank = 0 row = 2200 col = 00000066 data = 0019
tb_g14_scale_n256_mig.gen_mem[0].u_comp_ddr3.data_task: at time 127251466.0 ps INFO: WRITE @ DQS= bank = 0 row = 2200 col = 00000067 data = ddfe
tb_g14_scale_n256_mig.gen_mem[0].u_comp_ddr3.main: at time 127254466.0 ps INFO: Sync On Die Termination Rtt_NOM =          0 Ohm
tb_g14_scale_n256_mig.gen_mem[0].u_comp_ddr3.cmd_task: at time 127272466.0 ps INFO: Write     bank 0 col 068, auto precharge 0
tb_g14_scale_n256_mig.gen_mem[0].u_comp_ddr3.main: at time 127278466.0 ps INFO: Sync On Die Termination Rtt_NOM =         40 Ohm
tb_g14_scale_n256_mig.gen_mem[0].u_comp_ddr3.data_task: at time 127288966.0 ps INFO: WRITE @ DQS= bank = 0 row = 2200 col = 00000068 data = ffe5
tb_g14_scale_n256_mig.gen_mem[0].u_comp_ddr3.data_task: at time 127290466.0 ps INFO: WRITE @ DQS= bank = 0 row = 2200 col = 00000069 data = 2201
tb_g14_scale_n256_mig.gen_mem[0].u_comp_ddr3.data_task: at time 127291966.0 ps INFO: WRITE @ DQS= bank = 0 row = 2200 col = 0000006a data = 001a
tb_g14_scale_n256_mig.gen_mem[0].u_comp_ddr3.data_task: at time 127293466.0 ps INFO: WRITE @ DQS= bank = 0 row = 2200 col = 0000006b data = ddfe
tb_g14_scale_n256_mig.gen_mem[0].u_comp_ddr3.data_task: at time 127294966.0 ps INFO: WRITE @ DQS= bank = 0 row = 2200 col = 0000006c data = ffe4
tb_g14_scale_n256_mig.gen_mem[0].u_comp_ddr3.data_task: at time 127296466.0 ps INFO: WRITE @ DQS= bank = 0 row = 2200 col = 0000006d data = 2201
tb_g14_scale_n256_mig.gen_mem[0].u_comp_ddr3.data_task: at time 127297966.0 ps INFO: WRITE @ DQS= bank = 0 row = 2200 col = 0000006e data = 001b
tb_g14_scale_n256_mig.gen_mem[0].u_comp_ddr3.data_task: at time 127299466.0 ps INFO: WRITE @ DQS= bank = 0 row = 2200 col = 0000006f data = ddfe
tb_g14_scale_n256_mig.gen_mem[0].u_comp_ddr3.main: at time 127302466.0 ps INFO: Sync On Die Termination Rtt_NOM =          0 Ohm
tb_g14_scale_n256_mig.gen_mem[0].u_comp_ddr3.cmd_task: at time 127320466.0 ps INFO: Write     bank 0 col 070, auto precharge 0
tb_g14_scale_n256_mig.gen_mem[0].u_comp_ddr3.main: at time 127326466.0 ps INFO: Sync On Die Termination Rtt_NOM =         40 Ohm
tb_g14_scale_n256_mig.gen_mem[0].u_comp_ddr3.data_task: at time 127336966.0 ps INFO: WRITE @ DQS= bank = 0 row = 2200 col = 00000070 data = ffe3
tb_g14_scale_n256_mig.gen_mem[0].u_comp_ddr3.data_task: at time 127338466.0 ps INFO: WRITE @ DQS= bank = 0 row = 2200 col = 00000071 data = 2201
tb_g14_scale_n256_mig.gen_mem[0].u_comp_ddr3.data_task: at time 127339966.0 ps INFO: WRITE @ DQS= bank = 0 row = 2200 col = 00000072 data = 001c
tb_g14_scale_n256_mig.gen_mem[0].u_comp_ddr3.data_task: at time 127341466.0 ps INFO: WRITE @ DQS= bank = 0 row = 2200 col = 00000073 data = ddfe
tb_g14_scale_n256_mig.gen_mem[0].u_comp_ddr3.data_task: at time 127342966.0 ps INFO: WRITE @ DQS= bank = 0 row = 2200 col = 00000074 data = ffe2
tb_g14_scale_n256_mig.gen_mem[0].u_comp_ddr3.data_task: at time 127344466.0 ps INFO: WRITE @ DQS= bank = 0 row = 2200 col = 00000075 data = 2201
tb_g14_scale_n256_mig.gen_mem[0].u_comp_ddr3.data_task: at time 127345966.0 ps INFO: WRITE @ DQS= bank = 0 row = 2200 col = 00000076 data = 001d
tb_g14_scale_n256_mig.gen_mem[0].u_comp_ddr3.data_task: at time 127347466.0 ps INFO: WRITE @ DQS= bank = 0 row = 2200 col = 00000077 data = ddfe
tb_g14_scale_n256_mig.gen_mem[0].u_comp_ddr3.main: at time 127350466.0 ps INFO: Sync On Die Termination Rtt_NOM =          0 Ohm
tb_g14_scale_n256_mig.gen_mem[0].u_comp_ddr3.cmd_task: at time 127368466.0 ps INFO: Write     bank 0 col 078, auto precharge 0
tb_g14_scale_n256_mig.gen_mem[0].u_comp_ddr3.main: at time 127374466.0 ps INFO: Sync On Die Termination Rtt_NOM =         40 Ohm
tb_g14_scale_n256_mig.gen_mem[0].u_comp_ddr3.data_task: at time 127384966.0 ps INFO: WRITE @ DQS= bank = 0 row = 2200 col = 00000078 data = ffe1
tb_g14_scale_n256_mig.gen_mem[0].u_comp_ddr3.data_task: at time 127386466.0 ps INFO: WRITE @ DQS= bank = 0 row = 2200 col = 00000079 data = 2201
tb_g14_scale_n256_mig.gen_mem[0].u_comp_ddr3.data_task: at time 127387966.0 ps INFO: WRITE @ DQS= bank = 0 row = 2200 col = 0000007a data = 001e
tb_g14_scale_n256_mig.gen_mem[0].u_comp_ddr3.data_task: at time 127389466.0 ps INFO: WRITE @ DQS= bank = 0 row = 2200 col = 0000007b data = ddfe
tb_g14_scale_n256_mig.gen_mem[0].u_comp_ddr3.data_task: at time 127390966.0 ps INFO: WRITE @ DQS= bank = 0 row = 2200 col = 0000007c data = ffe0
tb_g14_scale_n256_mig.gen_mem[0].u_comp_ddr3.data_task: at time 127392466.0 ps INFO: WRITE @ DQS= bank = 0 row = 2200 col = 0000007d data = 2201
tb_g14_scale_n256_mig.gen_mem[0].u_comp_ddr3.data_task: at time 127393966.0 ps INFO: WRITE @ DQS= bank = 0 row = 2200 col = 0000007e data = 001f
tb_g14_scale_n256_mig.gen_mem[0].u_comp_ddr3.data_task: at time 127395466.0 ps INFO: WRITE @ DQS= bank = 0 row = 2200 col = 0000007f data = ddfe
tb_g14_scale_n256_mig.gen_mem[0].u_comp_ddr3.main: at time 127398466.0 ps INFO: Sync On Die Termination Rtt_NOM =          0 Ohm
tb_g14_scale_n256_mig.gen_mem[0].u_comp_ddr3.cmd_task: at time 127416466.0 ps INFO: Write     bank 0 col 080, auto precharge 0
tb_g14_scale_n256_mig.gen_mem[0].u_comp_ddr3.main: at time 127422466.0 ps INFO: Sync On Die Termination Rtt_NOM =         40 Ohm
tb_g14_scale_n256_mig.gen_mem[0].u_comp_ddr3.data_task: at time 127432966.0 ps INFO: WRITE @ DQS= bank = 0 row = 2200 col = 00000080 data = ffdf
tb_g14_scale_n256_mig.gen_mem[0].u_comp_ddr3.data_task: at time 127434466.0 ps INFO: WRITE @ DQS= bank = 0 row = 2200 col = 00000081 data = 2201
tb_g14_scale_n256_mig.gen_mem[0].u_comp_ddr3.data_task: at time 127435966.0 ps INFO: WRITE @ DQS= bank = 0 row = 2200 col = 00000082 data = 0020
tb_g14_scale_n256_mig.gen_mem[0].u_comp_ddr3.data_task: at time 127437466.0 ps INFO: WRITE @ DQS= bank = 0 row = 2200 col = 00000083 data = ddfe
tb_g14_scale_n256_mig.gen_mem[0].u_comp_ddr3.data_task: at time 127438966.0 ps INFO: WRITE @ DQS= bank = 0 row = 2200 col = 00000084 data = ffde
tb_g14_scale_n256_mig.gen_mem[0].u_comp_ddr3.data_task: at time 127440466.0 ps INFO: WRITE @ DQS= bank = 0 row = 2200 col = 00000085 data = 2201
tb_g14_scale_n256_mig.gen_mem[0].u_comp_ddr3.data_task: at time 127441966.0 ps INFO: WRITE @ DQS= bank = 0 row = 2200 col = 00000086 data = 0021
tb_g14_scale_n256_mig.gen_mem[0].u_comp_ddr3.data_task: at time 127443466.0 ps INFO: WRITE @ DQS= bank = 0 row = 2200 col = 00000087 data = ddfe
tb_g14_scale_n256_mig.gen_mem[0].u_comp_ddr3.main: at time 127446466.0 ps INFO: Sync On Die Termination Rtt_NOM =          0 Ohm
tb_g14_scale_n256_mig.gen_mem[0].u_comp_ddr3.cmd_task: at time 127464466.0 ps INFO: Write     bank 0 col 088, auto precharge 0
tb_g14_scale_n256_mig.gen_mem[0].u_comp_ddr3.main: at time 127470466.0 ps INFO: Sync On Die Termination Rtt_NOM =         40 Ohm
tb_g14_scale_n256_mig.gen_mem[0].u_comp_ddr3.data_task: at time 127480966.0 ps INFO: WRITE @ DQS= bank = 0 row = 2200 col = 00000088 data = ffdd
tb_g14_scale_n256_mig.gen_mem[0].u_comp_ddr3.data_task: at time 127482466.0 ps INFO: WRITE @ DQS= bank = 0 row = 2200 col = 00000089 data = 2201
tb_g14_scale_n256_mig.gen_mem[0].u_comp_ddr3.data_task: at time 127483966.0 ps INFO: WRITE @ DQS= bank = 0 row = 2200 col = 0000008a data = 0022
tb_g14_scale_n256_mig.gen_mem[0].u_comp_ddr3.data_task: at time 127485466.0 ps INFO: WRITE @ DQS= bank = 0 row = 2200 col = 0000008b data = ddfe
tb_g14_scale_n256_mig.gen_mem[0].u_comp_ddr3.data_task: at time 127486966.0 ps INFO: WRITE @ DQS= bank = 0 row = 2200 col = 0000008c data = ffdc
tb_g14_scale_n256_mig.gen_mem[0].u_comp_ddr3.data_task: at time 127488466.0 ps INFO: WRITE @ DQS= bank = 0 row = 2200 col = 0000008d data = 2201
tb_g14_scale_n256_mig.gen_mem[0].u_comp_ddr3.data_task: at time 127489966.0 ps INFO: WRITE @ DQS= bank = 0 row = 2200 col = 0000008e data = 0023
tb_g14_scale_n256_mig.gen_mem[0].u_comp_ddr3.data_task: at time 127491466.0 ps INFO: WRITE @ DQS= bank = 0 row = 2200 col = 0000008f data = ddfe
tb_g14_scale_n256_mig.gen_mem[0].u_comp_ddr3.main: at time 127494466.0 ps INFO: Sync On Die Termination Rtt_NOM =          0 Ohm
tb_g14_scale_n256_mig.gen_mem[0].u_comp_ddr3.cmd_task: at time 127512466.0 ps INFO: Write     bank 0 col 090, auto precharge 0
tb_g14_scale_n256_mig.gen_mem[0].u_comp_ddr3.main: at time 127518466.0 ps INFO: Sync On Die Termination Rtt_NOM =         40 Ohm
tb_g14_scale_n256_mig.gen_mem[0].u_comp_ddr3.data_task: at time 127528966.0 ps INFO: WRITE @ DQS= bank = 0 row = 2200 col = 00000090 data = ffdb
tb_g14_scale_n256_mig.gen_mem[0].u_comp_ddr3.data_task: at time 127530466.0 ps INFO: WRITE @ DQS= bank = 0 row = 2200 col = 00000091 data = 2201
tb_g14_scale_n256_mig.gen_mem[0].u_comp_ddr3.data_task: at time 127531966.0 ps INFO: WRITE @ DQS= bank = 0 row = 2200 col = 00000092 data = 0024
tb_g14_scale_n256_mig.gen_mem[0].u_comp_ddr3.data_task: at time 127533466.0 ps INFO: WRITE @ DQS= bank = 0 row = 2200 col = 00000093 data = ddfe
tb_g14_scale_n256_mig.gen_mem[0].u_comp_ddr3.data_task: at time 127534966.0 ps INFO: WRITE @ DQS= bank = 0 row = 2200 col = 00000094 data = ffda
tb_g14_scale_n256_mig.gen_mem[0].u_comp_ddr3.data_task: at time 127536466.0 ps INFO: WRITE @ DQS= bank = 0 row = 2200 col = 00000095 data = 2201
tb_g14_scale_n256_mig.gen_mem[0].u_comp_ddr3.data_task: at time 127537966.0 ps INFO: WRITE @ DQS= bank = 0 row = 2200 col = 00000096 data = 0025
tb_g14_scale_n256_mig.gen_mem[0].u_comp_ddr3.data_task: at time 127539466.0 ps INFO: WRITE @ DQS= bank = 0 row = 2200 col = 00000097 data = ddfe
tb_g14_scale_n256_mig.gen_mem[0].u_comp_ddr3.main: at time 127542466.0 ps INFO: Sync On Die Termination Rtt_NOM =          0 Ohm
tb_g14_scale_n256_mig.gen_mem[0].u_comp_ddr3.cmd_task: at time 127560466.0 ps INFO: Write     bank 0 col 098, auto precharge 0
tb_g14_scale_n256_mig.gen_mem[0].u_comp_ddr3.main: at time 127566466.0 ps INFO: Sync On Die Termination Rtt_NOM =         40 Ohm
tb_g14_scale_n256_mig.gen_mem[0].u_comp_ddr3.data_task: at time 127576966.0 ps INFO: WRITE @ DQS= bank = 0 row = 2200 col = 00000098 data = ffd9
tb_g14_scale_n256_mig.gen_mem[0].u_comp_ddr3.data_task: at time 127578466.0 ps INFO: WRITE @ DQS= bank = 0 row = 2200 col = 00000099 data = 2201
tb_g14_scale_n256_mig.gen_mem[0].u_comp_ddr3.data_task: at time 127579966.0 ps INFO: WRITE @ DQS= bank = 0 row = 2200 col = 0000009a data = 0026
tb_g14_scale_n256_mig.gen_mem[0].u_comp_ddr3.data_task: at time 127581466.0 ps INFO: WRITE @ DQS= bank = 0 row = 2200 col = 0000009b data = ddfe
tb_g14_scale_n256_mig.gen_mem[0].u_comp_ddr3.data_task: at time 127582966.0 ps INFO: WRITE @ DQS= bank = 0 row = 2200 col = 0000009c data = ffd8
tb_g14_scale_n256_mig.gen_mem[0].u_comp_ddr3.data_task: at time 127584466.0 ps INFO: WRITE @ DQS= bank = 0 row = 2200 col = 0000009d data = 2201
tb_g14_scale_n256_mig.gen_mem[0].u_comp_ddr3.data_task: at time 127585966.0 ps INFO: WRITE @ DQS= bank = 0 row = 2200 col = 0000009e data = 0027
tb_g14_scale_n256_mig.gen_mem[0].u_comp_ddr3.data_task: at time 127587466.0 ps INFO: WRITE @ DQS= bank = 0 row = 2200 col = 0000009f data = ddfe
tb_g14_scale_n256_mig.gen_mem[0].u_comp_ddr3.main: at time 127590466.0 ps INFO: Sync On Die Termination Rtt_NOM =          0 Ohm
tb_g14_scale_n256_mig.gen_mem[0].u_comp_ddr3.cmd_task: at time 127608466.0 ps INFO: Write     bank 0 col 0a0, auto precharge 0
tb_g14_scale_n256_mig.gen_mem[0].u_comp_ddr3.main: at time 127614466.0 ps INFO: Sync On Die Termination Rtt_NOM =         40 Ohm
tb_g14_scale_n256_mig.gen_mem[0].u_comp_ddr3.data_task: at time 127624966.0 ps INFO: WRITE @ DQS= bank = 0 row = 2200 col = 000000a0 data = ffd7
tb_g14_scale_n256_mig.gen_mem[0].u_comp_ddr3.data_task: at time 127626466.0 ps INFO: WRITE @ DQS= bank = 0 row = 2200 col = 000000a1 data = 2201
tb_g14_scale_n256_mig.gen_mem[0].u_comp_ddr3.data_task: at time 127627966.0 ps INFO: WRITE @ DQS= bank = 0 row = 2200 col = 000000a2 data = 0028
tb_g14_scale_n256_mig.gen_mem[0].u_comp_ddr3.data_task: at time 127629466.0 ps INFO: WRITE @ DQS= bank = 0 row = 2200 col = 000000a3 data = ddfe
tb_g14_scale_n256_mig.gen_mem[0].u_comp_ddr3.data_task: at time 127630966.0 ps INFO: WRITE @ DQS= bank = 0 row = 2200 col = 000000a4 data = ffd6
tb_g14_scale_n256_mig.gen_mem[0].u_comp_ddr3.data_task: at time 127632466.0 ps INFO: WRITE @ DQS= bank = 0 row = 2200 col = 000000a5 data = 2201
tb_g14_scale_n256_mig.gen_mem[0].u_comp_ddr3.data_task: at time 127633966.0 ps INFO: WRITE @ DQS= bank = 0 row = 2200 col = 000000a6 data = 0029
tb_g14_scale_n256_mig.gen_mem[0].u_comp_ddr3.data_task: at time 127635466.0 ps INFO: WRITE @ DQS= bank = 0 row = 2200 col = 000000a7 data = ddfe
tb_g14_scale_n256_mig.gen_mem[0].u_comp_ddr3.main: at time 127638466.0 ps INFO: Sync On Die Termination Rtt_NOM =          0 Ohm
tb_g14_scale_n256_mig.gen_mem[0].u_comp_ddr3.cmd_task: at time 127656466.0 ps INFO: Write     bank 0 col 0a8, auto precharge 0
tb_g14_scale_n256_mig.gen_mem[0].u_comp_ddr3.main: at time 127662466.0 ps INFO: Sync On Die Termination Rtt_NOM =         40 Ohm
tb_g14_scale_n256_mig.gen_mem[0].u_comp_ddr3.data_task: at time 127672966.0 ps INFO: WRITE @ DQS= bank = 0 row = 2200 col = 000000a8 data = ffd5
tb_g14_scale_n256_mig.gen_mem[0].u_comp_ddr3.data_task: at time 127674466.0 ps INFO: WRITE @ DQS= bank = 0 row = 2200 col = 000000a9 data = 2201
tb_g14_scale_n256_mig.gen_mem[0].u_comp_ddr3.data_task: at time 127675966.0 ps INFO: WRITE @ DQS= bank = 0 row = 2200 col = 000000aa data = 002a
tb_g14_scale_n256_mig.gen_mem[0].u_comp_ddr3.data_task: at time 127677466.0 ps INFO: WRITE @ DQS= bank = 0 row = 2200 col = 000000ab data = ddfe
tb_g14_scale_n256_mig.gen_mem[0].u_comp_ddr3.data_task: at time 127678966.0 ps INFO: WRITE @ DQS= bank = 0 row = 2200 col = 000000ac data = ffd4
tb_g14_scale_n256_mig.gen_mem[0].u_comp_ddr3.data_task: at time 127680466.0 ps INFO: WRITE @ DQS= bank = 0 row = 2200 col = 000000ad data = 2201
tb_g14_scale_n256_mig.gen_mem[0].u_comp_ddr3.data_task: at time 127681966.0 ps INFO: WRITE @ DQS= bank = 0 row = 2200 col = 000000ae data = 002b
tb_g14_scale_n256_mig.gen_mem[0].u_comp_ddr3.data_task: at time 127683466.0 ps INFO: WRITE @ DQS= bank = 0 row = 2200 col = 000000af data = ddfe
tb_g14_scale_n256_mig.gen_mem[0].u_comp_ddr3.main: at time 127686466.0 ps INFO: Sync On Die Termination Rtt_NOM =          0 Ohm
tb_g14_scale_n256_mig.gen_mem[0].u_comp_ddr3.cmd_task: at time 127704466.0 ps INFO: Write     bank 0 col 0b0, auto precharge 0
tb_g14_scale_n256_mig.gen_mem[0].u_comp_ddr3.main: at time 127710466.0 ps INFO: Sync On Die Termination Rtt_NOM =         40 Ohm
tb_g14_scale_n256_mig.gen_mem[0].u_comp_ddr3.data_task: at time 127720966.0 ps INFO: WRITE @ DQS= bank = 0 row = 2200 col = 000000b0 data = ffd3
tb_g14_scale_n256_mig.gen_mem[0].u_comp_ddr3.data_task: at time 127722466.0 ps INFO: WRITE @ DQS= bank = 0 row = 2200 col = 000000b1 data = 2201
tb_g14_scale_n256_mig.gen_mem[0].u_comp_ddr3.data_task: at time 127723966.0 ps INFO: WRITE @ DQS= bank = 0 row = 2200 col = 000000b2 data = 002c
tb_g14_scale_n256_mig.gen_mem[0].u_comp_ddr3.data_task: at time 127725466.0 ps INFO: WRITE @ DQS= bank = 0 row = 2200 col = 000000b3 data = ddfe
tb_g14_scale_n256_mig.gen_mem[0].u_comp_ddr3.data_task: at time 127726966.0 ps INFO: WRITE @ DQS= bank = 0 row = 2200 col = 000000b4 data = ffd2
tb_g14_scale_n256_mig.gen_mem[0].u_comp_ddr3.data_task: at time 127728466.0 ps INFO: WRITE @ DQS= bank = 0 row = 2200 col = 000000b5 data = 2201
tb_g14_scale_n256_mig.gen_mem[0].u_comp_ddr3.data_task: at time 127729966.0 ps INFO: WRITE @ DQS= bank = 0 row = 2200 col = 000000b6 data = 002d
tb_g14_scale_n256_mig.gen_mem[0].u_comp_ddr3.data_task: at time 127731466.0 ps INFO: WRITE @ DQS= bank = 0 row = 2200 col = 000000b7 data = ddfe
tb_g14_scale_n256_mig.gen_mem[0].u_comp_ddr3.main: at time 127734466.0 ps INFO: Sync On Die Termination Rtt_NOM =          0 Ohm
tb_g14_scale_n256_mig.gen_mem[0].u_comp_ddr3.cmd_task: at time 127752466.0 ps INFO: Write     bank 0 col 0b8, auto precharge 0
tb_g14_scale_n256_mig.gen_mem[0].u_comp_ddr3.main: at time 127758466.0 ps INFO: Sync On Die Termination Rtt_NOM =         40 Ohm
tb_g14_scale_n256_mig.gen_mem[0].u_comp_ddr3.data_task: at time 127768966.0 ps INFO: WRITE @ DQS= bank = 0 row = 2200 col = 000000b8 data = ffd1
tb_g14_scale_n256_mig.gen_mem[0].u_comp_ddr3.data_task: at time 127770466.0 ps INFO: WRITE @ DQS= bank = 0 row = 2200 col = 000000b9 data = 2201
tb_g14_scale_n256_mig.gen_mem[0].u_comp_ddr3.data_task: at time 127771966.0 ps INFO: WRITE @ DQS= bank = 0 row = 2200 col = 000000ba data = 002e
tb_g14_scale_n256_mig.gen_mem[0].u_comp_ddr3.data_task: at time 127773466.0 ps INFO: WRITE @ DQS= bank = 0 row = 2200 col = 000000bb data = ddfe
tb_g14_scale_n256_mig.gen_mem[0].u_comp_ddr3.data_task: at time 127774966.0 ps INFO: WRITE @ DQS= bank = 0 row = 2200 col = 000000bc data = ffd0
tb_g14_scale_n256_mig.gen_mem[0].u_comp_ddr3.data_task: at time 127776466.0 ps INFO: WRITE @ DQS= bank = 0 row = 2200 col = 000000bd data = 2201
tb_g14_scale_n256_mig.gen_mem[0].u_comp_ddr3.data_task: at time 127777966.0 ps INFO: WRITE @ DQS= bank = 0 row = 2200 col = 000000be data = 002f
tb_g14_scale_n256_mig.gen_mem[0].u_comp_ddr3.data_task: at time 127779466.0 ps INFO: WRITE @ DQS= bank = 0 row = 2200 col = 000000bf data = ddfe
tb_g14_scale_n256_mig.gen_mem[0].u_comp_ddr3.main: at time 127782466.0 ps INFO: Sync On Die Termination Rtt_NOM =          0 Ohm
tb_g14_scale_n256_mig.gen_mem[0].u_comp_ddr3.cmd_task: at time 127800466.0 ps INFO: Write     bank 0 col 0c0, auto precharge 0
tb_g14_scale_n256_mig.gen_mem[0].u_comp_ddr3.main: at time 127806466.0 ps INFO: Sync On Die Termination Rtt_NOM =         40 Ohm
tb_g14_scale_n256_mig.gen_mem[0].u_comp_ddr3.data_task: at time 127816966.0 ps INFO: WRITE @ DQS= bank = 0 row = 2200 col = 000000c0 data = ffcf
tb_g14_scale_n256_mig.gen_mem[0].u_comp_ddr3.data_task: at time 127818466.0 ps INFO: WRITE @ DQS= bank = 0 row = 2200 col = 000000c1 data = 2201
tb_g14_scale_n256_mig.gen_mem[0].u_comp_ddr3.data_task: at time 127819966.0 ps INFO: WRITE @ DQS= bank = 0 row = 2200 col = 000000c2 data = 0030
tb_g14_scale_n256_mig.gen_mem[0].u_comp_ddr3.data_task: at time 127821466.0 ps INFO: WRITE @ DQS= bank = 0 row = 2200 col = 000000c3 data = ddfe
tb_g14_scale_n256_mig.gen_mem[0].u_comp_ddr3.data_task: at time 127822966.0 ps INFO: WRITE @ DQS= bank = 0 row = 2200 col = 000000c4 data = ffce
tb_g14_scale_n256_mig.gen_mem[0].u_comp_ddr3.data_task: at time 127824466.0 ps INFO: WRITE @ DQS= bank = 0 row = 2200 col = 000000c5 data = 2201
tb_g14_scale_n256_mig.gen_mem[0].u_comp_ddr3.data_task: at time 127825966.0 ps INFO: WRITE @ DQS= bank = 0 row = 2200 col = 000000c6 data = 0031
tb_g14_scale_n256_mig.gen_mem[0].u_comp_ddr3.data_task: at time 127827466.0 ps INFO: WRITE @ DQS= bank = 0 row = 2200 col = 000000c7 data = ddfe
tb_g14_scale_n256_mig.gen_mem[0].u_comp_ddr3.main: at time 127830466.0 ps INFO: Sync On Die Termination Rtt_NOM =          0 Ohm
tb_g14_scale_n256_mig.gen_mem[0].u_comp_ddr3.cmd_task: at time 127848466.0 ps INFO: Write     bank 0 col 0c8, auto precharge 0
tb_g14_scale_n256_mig.gen_mem[0].u_comp_ddr3.main: at time 127854466.0 ps INFO: Sync On Die Termination Rtt_NOM =         40 Ohm
tb_g14_scale_n256_mig.gen_mem[0].u_comp_ddr3.data_task: at time 127864966.0 ps INFO: WRITE @ DQS= bank = 0 row = 2200 col = 000000c8 data = ffcd
tb_g14_scale_n256_mig.gen_mem[0].u_comp_ddr3.data_task: at time 127866466.0 ps INFO: WRITE @ DQS= bank = 0 row = 2200 col = 000000c9 data = 2201
tb_g14_scale_n256_mig.gen_mem[0].u_comp_ddr3.data_task: at time 127867966.0 ps INFO: WRITE @ DQS= bank = 0 row = 2200 col = 000000ca data = 0032
tb_g14_scale_n256_mig.gen_mem[0].u_comp_ddr3.data_task: at time 127869466.0 ps INFO: WRITE @ DQS= bank = 0 row = 2200 col = 000000cb data = ddfe
tb_g14_scale_n256_mig.gen_mem[0].u_comp_ddr3.data_task: at time 127870966.0 ps INFO: WRITE @ DQS= bank = 0 row = 2200 col = 000000cc data = ffcc
tb_g14_scale_n256_mig.gen_mem[0].u_comp_ddr3.data_task: at time 127872466.0 ps INFO: WRITE @ DQS= bank = 0 row = 2200 col = 000000cd data = 2201
tb_g14_scale_n256_mig.gen_mem[0].u_comp_ddr3.data_task: at time 127873966.0 ps INFO: WRITE @ DQS= bank = 0 row = 2200 col = 000000ce data = 0033
tb_g14_scale_n256_mig.gen_mem[0].u_comp_ddr3.data_task: at time 127875466.0 ps INFO: WRITE @ DQS= bank = 0 row = 2200 col = 000000cf data = ddfe
tb_g14_scale_n256_mig.gen_mem[0].u_comp_ddr3.main: at time 127878466.0 ps INFO: Sync On Die Termination Rtt_NOM =          0 Ohm
tb_g14_scale_n256_mig.gen_mem[0].u_comp_ddr3.cmd_task: at time 127896466.0 ps INFO: Write     bank 0 col 0d0, auto precharge 0
tb_g14_scale_n256_mig.gen_mem[0].u_comp_ddr3.main: at time 127902466.0 ps INFO: Sync On Die Termination Rtt_NOM =         40 Ohm
tb_g14_scale_n256_mig.gen_mem[0].u_comp_ddr3.data_task: at time 127912966.0 ps INFO: WRITE @ DQS= bank = 0 row = 2200 col = 000000d0 data = ffcb
tb_g14_scale_n256_mig.gen_mem[0].u_comp_ddr3.data_task: at time 127914466.0 ps INFO: WRITE @ DQS= bank = 0 row = 2200 col = 000000d1 data = 2201
tb_g14_scale_n256_mig.gen_mem[0].u_comp_ddr3.data_task: at time 127915966.0 ps INFO: WRITE @ DQS= bank = 0 row = 2200 col = 000000d2 data = 0034
tb_g14_scale_n256_mig.gen_mem[0].u_comp_ddr3.data_task: at time 127917466.0 ps INFO: WRITE @ DQS= bank = 0 row = 2200 col = 000000d3 data = ddfe
tb_g14_scale_n256_mig.gen_mem[0].u_comp_ddr3.data_task: at time 127918966.0 ps INFO: WRITE @ DQS= bank = 0 row = 2200 col = 000000d4 data = ffca
tb_g14_scale_n256_mig.gen_mem[0].u_comp_ddr3.data_task: at time 127920466.0 ps INFO: WRITE @ DQS= bank = 0 row = 2200 col = 000000d5 data = 2201
tb_g14_scale_n256_mig.gen_mem[0].u_comp_ddr3.data_task: at time 127921966.0 ps INFO: WRITE @ DQS= bank = 0 row = 2200 col = 000000d6 data = 0035
tb_g14_scale_n256_mig.gen_mem[0].u_comp_ddr3.data_task: at time 127923466.0 ps INFO: WRITE @ DQS= bank = 0 row = 2200 col = 000000d7 data = ddfe
tb_g14_scale_n256_mig.gen_mem[0].u_comp_ddr3.main: at time 127926466.0 ps INFO: Sync On Die Termination Rtt_NOM =          0 Ohm
tb_g14_scale_n256_mig.gen_mem[0].u_comp_ddr3.cmd_task: at time 127944466.0 ps INFO: Write     bank 0 col 0d8, auto precharge 0
tb_g14_scale_n256_mig.gen_mem[0].u_comp_ddr3.main: at time 127950466.0 ps INFO: Sync On Die Termination Rtt_NOM =         40 Ohm
tb_g14_scale_n256_mig.gen_mem[0].u_comp_ddr3.data_task: at time 127960966.0 ps INFO: WRITE @ DQS= bank = 0 row = 2200 col = 000000d8 data = ffc9
tb_g14_scale_n256_mig.gen_mem[0].u_comp_ddr3.data_task: at time 127962466.0 ps INFO: WRITE @ DQS= bank = 0 row = 2200 col = 000000d9 data = 2201
tb_g14_scale_n256_mig.gen_mem[0].u_comp_ddr3.data_task: at time 127963966.0 ps INFO: WRITE @ DQS= bank = 0 row = 2200 col = 000000da data = 0036
tb_g14_scale_n256_mig.gen_mem[0].u_comp_ddr3.data_task: at time 127965466.0 ps INFO: WRITE @ DQS= bank = 0 row = 2200 col = 000000db data = ddfe
tb_g14_scale_n256_mig.gen_mem[0].u_comp_ddr3.data_task: at time 127966966.0 ps INFO: WRITE @ DQS= bank = 0 row = 2200 col = 000000dc data = ffc8
tb_g14_scale_n256_mig.gen_mem[0].u_comp_ddr3.data_task: at time 127968466.0 ps INFO: WRITE @ DQS= bank = 0 row = 2200 col = 000000dd data = 2201
tb_g14_scale_n256_mig.gen_mem[0].u_comp_ddr3.data_task: at time 127969966.0 ps INFO: WRITE @ DQS= bank = 0 row = 2200 col = 000000de data = 0037
tb_g14_scale_n256_mig.gen_mem[0].u_comp_ddr3.data_task: at time 127971466.0 ps INFO: WRITE @ DQS= bank = 0 row = 2200 col = 000000df data = ddfe
tb_g14_scale_n256_mig.gen_mem[0].u_comp_ddr3.main: at time 127974466.0 ps INFO: Sync On Die Termination Rtt_NOM =          0 Ohm
tb_g14_scale_n256_mig.gen_mem[0].u_comp_ddr3.cmd_task: at time 127992466.0 ps INFO: Read      bank 0 col 0d8, auto precharge 0
tb_g14_scale_n256_mig.gen_mem[0].u_comp_ddr3.cmd_task: at time 128004466.0 ps INFO: Read      bank 0 col 0d8, auto precharge 0
tb_g14_scale_n256_mig.gen_mem[0].u_comp_ddr3.data_task: at time 128005966.0 ps INFO: READ @ DQS= bank = 0 row = 2200 col = 000000d8 data = ffc9
tb_g14_scale_n256_mig.gen_mem[0].u_comp_ddr3.data_task: at time 128007466.0 ps INFO: READ @ DQS= bank = 0 row = 2200 col = 000000d9 data = 2201
tb_g14_scale_n256_mig.gen_mem[0].u_comp_ddr3.data_task: at time 128008966.0 ps INFO: READ @ DQS= bank = 0 row = 2200 col = 000000da data = 0036
tb_g14_scale_n256_mig.gen_mem[0].u_comp_ddr3.data_task: at time 128010466.0 ps INFO: READ @ DQS= bank = 0 row = 2200 col = 000000db data = ddfe
tb_g14_scale_n256_mig.gen_mem[0].u_comp_ddr3.data_task: at time 128011966.0 ps INFO: READ @ DQS= bank = 0 row = 2200 col = 000000dc data = ffc8
tb_g14_scale_n256_mig.gen_mem[0].u_comp_ddr3.data_task: at time 128013466.0 ps INFO: READ @ DQS= bank = 0 row = 2200 col = 000000dd data = 2201
tb_g14_scale_n256_mig.gen_mem[0].u_comp_ddr3.data_task: at time 128014966.0 ps INFO: READ @ DQS= bank = 0 row = 2200 col = 000000de data = 0037
tb_g14_scale_n256_mig.gen_mem[0].u_comp_ddr3.data_task: at time 128016466.0 ps INFO: READ @ DQS= bank = 0 row = 2200 col = 000000df data = ddfe
tb_g14_scale_n256_mig.gen_mem[0].u_comp_ddr3.data_task: at time 128017966.0 ps INFO: READ @ DQS= bank = 0 row = 2200 col = 000000d8 data = ffc9
tb_g14_scale_n256_mig.gen_mem[0].u_comp_ddr3.data_task: at time 128019466.0 ps INFO: READ @ DQS= bank = 0 row = 2200 col = 000000d9 data = 2201
tb_g14_scale_n256_mig.gen_mem[0].u_comp_ddr3.data_task: at time 128020966.0 ps INFO: READ @ DQS= bank = 0 row = 2200 col = 000000da data = 0036
tb_g14_scale_n256_mig.gen_mem[0].u_comp_ddr3.data_task: at time 128022466.0 ps INFO: READ @ DQS= bank = 0 row = 2200 col = 000000db data = ddfe
tb_g14_scale_n256_mig.gen_mem[0].u_comp_ddr3.data_task: at time 128023966.0 ps INFO: READ @ DQS= bank = 0 row = 2200 col = 000000dc data = ffc8
tb_g14_scale_n256_mig.gen_mem[0].u_comp_ddr3.data_task: at time 128025466.0 ps INFO: READ @ DQS= bank = 0 row = 2200 col = 000000dd data = 2201
tb_g14_scale_n256_mig.gen_mem[0].u_comp_ddr3.data_task: at time 128026966.0 ps INFO: READ @ DQS= bank = 0 row = 2200 col = 000000de data = 0037
tb_g14_scale_n256_mig.gen_mem[0].u_comp_ddr3.data_task: at time 128028466.0 ps INFO: READ @ DQS= bank = 0 row = 2200 col = 000000df data = ddfe
tb_g14_scale_n256_mig.gen_mem[0].u_comp_ddr3.cmd_task: at time 128028466.0 ps INFO: Write     bank 0 col 0e0, auto precharge 0
tb_g14_scale_n256_mig.gen_mem[0].u_comp_ddr3.main: at time 128034466.0 ps INFO: Sync On Die Termination Rtt_NOM =         40 Ohm
tb_g14_scale_n256_mig.gen_mem[0].u_comp_ddr3.cmd_task: at time 128040466.0 ps INFO: Write     bank 0 col 0e8, auto precharge 0
tb_g14_scale_n256_mig.gen_mem[0].u_comp_ddr3.data_task: at time 128044966.0 ps INFO: WRITE @ DQS= bank = 0 row = 2200 col = 000000e0 data = ffc7
tb_g14_scale_n256_mig.gen_mem[0].u_comp_ddr3.data_task: at time 128046466.0 ps INFO: WRITE @ DQS= bank = 0 row = 2200 col = 000000e1 data = 2201
tb_g14_scale_n256_mig.gen_mem[0].u_comp_ddr3.data_task: at time 128047966.0 ps INFO: WRITE @ DQS= bank = 0 row = 2200 col = 000000e2 data = 0038
tb_g14_scale_n256_mig.gen_mem[0].u_comp_ddr3.data_task: at time 128049466.0 ps INFO: WRITE @ DQS= bank = 0 row = 2200 col = 000000e3 data = ddfe
tb_g14_scale_n256_mig.gen_mem[0].u_comp_ddr3.data_task: at time 128050966.0 ps INFO: WRITE @ DQS= bank = 0 row = 2200 col = 000000e4 data = ffc6
tb_g14_scale_n256_mig.gen_mem[0].u_comp_ddr3.data_task: at time 128052466.0 ps INFO: WRITE @ DQS= bank = 0 row = 2200 col = 000000e5 data = 2201
tb_g14_scale_n256_mig.gen_mem[0].u_comp_ddr3.data_task: at time 128053966.0 ps INFO: WRITE @ DQS= bank = 0 row = 2200 col = 000000e6 data = 0039
tb_g14_scale_n256_mig.gen_mem[0].u_comp_ddr3.data_task: at time 128055466.0 ps INFO: WRITE @ DQS= bank = 0 row = 2200 col = 000000e7 data = ddfe
tb_g14_scale_n256_mig.gen_mem[0].u_comp_ddr3.data_task: at time 128056966.0 ps INFO: WRITE @ DQS= bank = 0 row = 2200 col = 000000e8 data = ffc5
tb_g14_scale_n256_mig.gen_mem[0].u_comp_ddr3.data_task: at time 128058466.0 ps INFO: WRITE @ DQS= bank = 0 row = 2200 col = 000000e9 data = 2201
tb_g14_scale_n256_mig.gen_mem[0].u_comp_ddr3.data_task: at time 128059966.0 ps INFO: WRITE @ DQS= bank = 0 row = 2200 col = 000000ea data = 003a
tb_g14_scale_n256_mig.gen_mem[0].u_comp_ddr3.data_task: at time 128061466.0 ps INFO: WRITE @ DQS= bank = 0 row = 2200 col = 000000eb data = ddfe
tb_g14_scale_n256_mig.gen_mem[0].u_comp_ddr3.data_task: at time 128062966.0 ps INFO: WRITE @ DQS= bank = 0 row = 2200 col = 000000ec data = ffc4
tb_g14_scale_n256_mig.gen_mem[0].u_comp_ddr3.data_task: at time 128064466.0 ps INFO: WRITE @ DQS= bank = 0 row = 2200 col = 000000ed data = 2201
tb_g14_scale_n256_mig.gen_mem[0].u_comp_ddr3.data_task: at time 128065966.0 ps INFO: WRITE @ DQS= bank = 0 row = 2200 col = 000000ee data = 003b
tb_g14_scale_n256_mig.gen_mem[0].u_comp_ddr3.data_task: at time 128067466.0 ps INFO: WRITE @ DQS= bank = 0 row = 2200 col = 000000ef data = ddfe
tb_g14_scale_n256_mig.gen_mem[0].u_comp_ddr3.main: at time 128070466.0 ps INFO: Sync On Die Termination Rtt_NOM =          0 Ohm
tb_g14_scale_n256_mig.gen_mem[0].u_comp_ddr3.cmd_task: at time 128088466.0 ps INFO: Write     bank 0 col 0f0, auto precharge 0
tb_g14_scale_n256_mig.gen_mem[0].u_comp_ddr3.main: at time 128094466.0 ps INFO: Sync On Die Termination Rtt_NOM =         40 Ohm
tb_g14_scale_n256_mig.gen_mem[0].u_comp_ddr3.data_task: at time 128104966.0 ps INFO: WRITE @ DQS= bank = 0 row = 2200 col = 000000f0 data = ffc3
tb_g14_scale_n256_mig.gen_mem[0].u_comp_ddr3.data_task: at time 128106466.0 ps INFO: WRITE @ DQS= bank = 0 row = 2200 col = 000000f1 data = 2201
tb_g14_scale_n256_mig.gen_mem[0].u_comp_ddr3.data_task: at time 128107966.0 ps INFO: WRITE @ DQS= bank = 0 row = 2200 col = 000000f2 data = 003c
tb_g14_scale_n256_mig.gen_mem[0].u_comp_ddr3.data_task: at time 128109466.0 ps INFO: WRITE @ DQS= bank = 0 row = 2200 col = 000000f3 data = ddfe
tb_g14_scale_n256_mig.gen_mem[0].u_comp_ddr3.data_task: at time 128110966.0 ps INFO: WRITE @ DQS= bank = 0 row = 2200 col = 000000f4 data = ffc2
tb_g14_scale_n256_mig.gen_mem[0].u_comp_ddr3.data_task: at time 128112466.0 ps INFO: WRITE @ DQS= bank = 0 row = 2200 col = 000000f5 data = 2201
tb_g14_scale_n256_mig.gen_mem[0].u_comp_ddr3.data_task: at time 128113966.0 ps INFO: WRITE @ DQS= bank = 0 row = 2200 col = 000000f6 data = 003d
tb_g14_scale_n256_mig.gen_mem[0].u_comp_ddr3.data_task: at time 128115466.0 ps INFO: WRITE @ DQS= bank = 0 row = 2200 col = 000000f7 data = ddfe
tb_g14_scale_n256_mig.gen_mem[0].u_comp_ddr3.main: at time 128118466.0 ps INFO: Sync On Die Termination Rtt_NOM =          0 Ohm
tb_g14_scale_n256_mig.gen_mem[0].u_comp_ddr3.cmd_task: at time 128136466.0 ps INFO: Write     bank 0 col 0f8, auto precharge 0
tb_g14_scale_n256_mig.gen_mem[0].u_comp_ddr3.main: at time 128142466.0 ps INFO: Sync On Die Termination Rtt_NOM =         40 Ohm
tb_g14_scale_n256_mig.gen_mem[0].u_comp_ddr3.data_task: at time 128152966.0 ps INFO: WRITE @ DQS= bank = 0 row = 2200 col = 000000f8 data = ffc1
tb_g14_scale_n256_mig.gen_mem[0].u_comp_ddr3.data_task: at time 128154466.0 ps INFO: WRITE @ DQS= bank = 0 row = 2200 col = 000000f9 data = 2201
tb_g14_scale_n256_mig.gen_mem[0].u_comp_ddr3.data_task: at time 128155966.0 ps INFO: WRITE @ DQS= bank = 0 row = 2200 col = 000000fa data = 003e
tb_g14_scale_n256_mig.gen_mem[0].u_comp_ddr3.data_task: at time 128157466.0 ps INFO: WRITE @ DQS= bank = 0 row = 2200 col = 000000fb data = ddfe
tb_g14_scale_n256_mig.gen_mem[0].u_comp_ddr3.data_task: at time 128158966.0 ps INFO: WRITE @ DQS= bank = 0 row = 2200 col = 000000fc data = ffc0
tb_g14_scale_n256_mig.gen_mem[0].u_comp_ddr3.data_task: at time 128160466.0 ps INFO: WRITE @ DQS= bank = 0 row = 2200 col = 000000fd data = 2201
tb_g14_scale_n256_mig.gen_mem[0].u_comp_ddr3.data_task: at time 128161966.0 ps INFO: WRITE @ DQS= bank = 0 row = 2200 col = 000000fe data = 003f
tb_g14_scale_n256_mig.gen_mem[0].u_comp_ddr3.data_task: at time 128163466.0 ps INFO: WRITE @ DQS= bank = 0 row = 2200 col = 000000ff data = ddfe
tb_g14_scale_n256_mig.gen_mem[0].u_comp_ddr3.main: at time 128166466.0 ps INFO: Sync On Die Termination Rtt_NOM =          0 Ohm
tb_g14_scale_n256_mig.gen_mem[0].u_comp_ddr3.cmd_task: at time 128184466.0 ps INFO: Write     bank 0 col 100, auto precharge 0
tb_g14_scale_n256_mig.gen_mem[0].u_comp_ddr3.main: at time 128190466.0 ps INFO: Sync On Die Termination Rtt_NOM =         40 Ohm
tb_g14_scale_n256_mig.gen_mem[0].u_comp_ddr3.data_task: at time 128200966.0 ps INFO: WRITE @ DQS= bank = 0 row = 2200 col = 00000100 data = ffbf
tb_g14_scale_n256_mig.gen_mem[0].u_comp_ddr3.data_task: at time 128202466.0 ps INFO: WRITE @ DQS= bank = 0 row = 2200 col = 00000101 data = 2201
tb_g14_scale_n256_mig.gen_mem[0].u_comp_ddr3.data_task: at time 128203966.0 ps INFO: WRITE @ DQS= bank = 0 row = 2200 col = 00000102 data = 0040
tb_g14_scale_n256_mig.gen_mem[0].u_comp_ddr3.data_task: at time 128205466.0 ps INFO: WRITE @ DQS= bank = 0 row = 2200 col = 00000103 data = ddfe
tb_g14_scale_n256_mig.gen_mem[0].u_comp_ddr3.data_task: at time 128206966.0 ps INFO: WRITE @ DQS= bank = 0 row = 2200 col = 00000104 data = ffbe
tb_g14_scale_n256_mig.gen_mem[0].u_comp_ddr3.data_task: at time 128208466.0 ps INFO: WRITE @ DQS= bank = 0 row = 2200 col = 00000105 data = 2201
tb_g14_scale_n256_mig.gen_mem[0].u_comp_ddr3.data_task: at time 128209966.0 ps INFO: WRITE @ DQS= bank = 0 row = 2200 col = 00000106 data = 0041
tb_g14_scale_n256_mig.gen_mem[0].u_comp_ddr3.data_task: at time 128211466.0 ps INFO: WRITE @ DQS= bank = 0 row = 2200 col = 00000107 data = ddfe
tb_g14_scale_n256_mig.gen_mem[0].u_comp_ddr3.main: at time 128214466.0 ps INFO: Sync On Die Termination Rtt_NOM =          0 Ohm
tb_g14_scale_n256_mig.gen_mem[0].u_comp_ddr3.cmd_task: at time 128232466.0 ps INFO: Write     bank 0 col 108, auto precharge 0
tb_g14_scale_n256_mig.gen_mem[0].u_comp_ddr3.main: at time 128238466.0 ps INFO: Sync On Die Termination Rtt_NOM =         40 Ohm
tb_g14_scale_n256_mig.gen_mem[0].u_comp_ddr3.data_task: at time 128248966.0 ps INFO: WRITE @ DQS= bank = 0 row = 2200 col = 00000108 data = ffbd
tb_g14_scale_n256_mig.gen_mem[0].u_comp_ddr3.data_task: at time 128250466.0 ps INFO: WRITE @ DQS= bank = 0 row = 2200 col = 00000109 data = 2201
tb_g14_scale_n256_mig.gen_mem[0].u_comp_ddr3.data_task: at time 128251966.0 ps INFO: WRITE @ DQS= bank = 0 row = 2200 col = 0000010a data = 0042
tb_g14_scale_n256_mig.gen_mem[0].u_comp_ddr3.data_task: at time 128253466.0 ps INFO: WRITE @ DQS= bank = 0 row = 2200 col = 0000010b data = ddfe
tb_g14_scale_n256_mig.gen_mem[0].u_comp_ddr3.data_task: at time 128254966.0 ps INFO: WRITE @ DQS= bank = 0 row = 2200 col = 0000010c data = ffbc
tb_g14_scale_n256_mig.gen_mem[0].u_comp_ddr3.data_task: at time 128256466.0 ps INFO: WRITE @ DQS= bank = 0 row = 2200 col = 0000010d data = 2201
tb_g14_scale_n256_mig.gen_mem[0].u_comp_ddr3.data_task: at time 128257966.0 ps INFO: WRITE @ DQS= bank = 0 row = 2200 col = 0000010e data = 0043
tb_g14_scale_n256_mig.gen_mem[0].u_comp_ddr3.data_task: at time 128259466.0 ps INFO: WRITE @ DQS= bank = 0 row = 2200 col = 0000010f data = ddfe
tb_g14_scale_n256_mig.gen_mem[0].u_comp_ddr3.main: at time 128262466.0 ps INFO: Sync On Die Termination Rtt_NOM =          0 Ohm
tb_g14_scale_n256_mig.gen_mem[0].u_comp_ddr3.cmd_task: at time 128280466.0 ps INFO: Write     bank 0 col 110, auto precharge 0
tb_g14_scale_n256_mig.gen_mem[0].u_comp_ddr3.main: at time 128286466.0 ps INFO: Sync On Die Termination Rtt_NOM =         40 Ohm
tb_g14_scale_n256_mig.gen_mem[0].u_comp_ddr3.data_task: at time 128296966.0 ps INFO: WRITE @ DQS= bank = 0 row = 2200 col = 00000110 data = ffbb
tb_g14_scale_n256_mig.gen_mem[0].u_comp_ddr3.data_task: at time 128298466.0 ps INFO: WRITE @ DQS= bank = 0 row = 2200 col = 00000111 data = 2201
tb_g14_scale_n256_mig.gen_mem[0].u_comp_ddr3.data_task: at time 128299966.0 ps INFO: WRITE @ DQS= bank = 0 row = 2200 col = 00000112 data = 0044
tb_g14_scale_n256_mig.gen_mem[0].u_comp_ddr3.data_task: at time 128301466.0 ps INFO: WRITE @ DQS= bank = 0 row = 2200 col = 00000113 data = ddfe
tb_g14_scale_n256_mig.gen_mem[0].u_comp_ddr3.data_task: at time 128302966.0 ps INFO: WRITE @ DQS= bank = 0 row = 2200 col = 00000114 data = ffba
tb_g14_scale_n256_mig.gen_mem[0].u_comp_ddr3.data_task: at time 128304466.0 ps INFO: WRITE @ DQS= bank = 0 row = 2200 col = 00000115 data = 2201
tb_g14_scale_n256_mig.gen_mem[0].u_comp_ddr3.data_task: at time 128305966.0 ps INFO: WRITE @ DQS= bank = 0 row = 2200 col = 00000116 data = 0045
tb_g14_scale_n256_mig.gen_mem[0].u_comp_ddr3.data_task: at time 128307466.0 ps INFO: WRITE @ DQS= bank = 0 row = 2200 col = 00000117 data = ddfe
tb_g14_scale_n256_mig.gen_mem[0].u_comp_ddr3.main: at time 128310466.0 ps INFO: Sync On Die Termination Rtt_NOM =          0 Ohm
tb_g14_scale_n256_mig.gen_mem[0].u_comp_ddr3.cmd_task: at time 128328466.0 ps INFO: Write     bank 0 col 118, auto precharge 0
tb_g14_scale_n256_mig.gen_mem[0].u_comp_ddr3.main: at time 128334466.0 ps INFO: Sync On Die Termination Rtt_NOM =         40 Ohm
tb_g14_scale_n256_mig.gen_mem[0].u_comp_ddr3.data_task: at time 128344966.0 ps INFO: WRITE @ DQS= bank = 0 row = 2200 col = 00000118 data = ffb9
tb_g14_scale_n256_mig.gen_mem[0].u_comp_ddr3.data_task: at time 128346466.0 ps INFO: WRITE @ DQS= bank = 0 row = 2200 col = 00000119 data = 2201
tb_g14_scale_n256_mig.gen_mem[0].u_comp_ddr3.data_task: at time 128347966.0 ps INFO: WRITE @ DQS= bank = 0 row = 2200 col = 0000011a data = 0046
tb_g14_scale_n256_mig.gen_mem[0].u_comp_ddr3.data_task: at time 128349466.0 ps INFO: WRITE @ DQS= bank = 0 row = 2200 col = 0000011b data = ddfe
tb_g14_scale_n256_mig.gen_mem[0].u_comp_ddr3.data_task: at time 128350966.0 ps INFO: WRITE @ DQS= bank = 0 row = 2200 col = 0000011c data = ffb8
tb_g14_scale_n256_mig.gen_mem[0].u_comp_ddr3.data_task: at time 128352466.0 ps INFO: WRITE @ DQS= bank = 0 row = 2200 col = 0000011d data = 2201
tb_g14_scale_n256_mig.gen_mem[0].u_comp_ddr3.data_task: at time 128353966.0 ps INFO: WRITE @ DQS= bank = 0 row = 2200 col = 0000011e data = 0047
tb_g14_scale_n256_mig.gen_mem[0].u_comp_ddr3.data_task: at time 128355466.0 ps INFO: WRITE @ DQS= bank = 0 row = 2200 col = 0000011f data = ddfe
tb_g14_scale_n256_mig.gen_mem[0].u_comp_ddr3.main: at time 128358466.0 ps INFO: Sync On Die Termination Rtt_NOM =          0 Ohm
tb_g14_scale_n256_mig.gen_mem[0].u_comp_ddr3.cmd_task: at time 128376466.0 ps INFO: Write     bank 0 col 120, auto precharge 0
tb_g14_scale_n256_mig.gen_mem[0].u_comp_ddr3.main: at time 128382466.0 ps INFO: Sync On Die Termination Rtt_NOM =         40 Ohm
tb_g14_scale_n256_mig.gen_mem[0].u_comp_ddr3.data_task: at time 128392966.0 ps INFO: WRITE @ DQS= bank = 0 row = 2200 col = 00000120 data = ffb7
tb_g14_scale_n256_mig.gen_mem[0].u_comp_ddr3.data_task: at time 128394466.0 ps INFO: WRITE @ DQS= bank = 0 row = 2200 col = 00000121 data = 2201
tb_g14_scale_n256_mig.gen_mem[0].u_comp_ddr3.data_task: at time 128395966.0 ps INFO: WRITE @ DQS= bank = 0 row = 2200 col = 00000122 data = 0048
tb_g14_scale_n256_mig.gen_mem[0].u_comp_ddr3.data_task: at time 128397466.0 ps INFO: WRITE @ DQS= bank = 0 row = 2200 col = 00000123 data = ddfe
tb_g14_scale_n256_mig.gen_mem[0].u_comp_ddr3.data_task: at time 128398966.0 ps INFO: WRITE @ DQS= bank = 0 row = 2200 col = 00000124 data = ffb6
tb_g14_scale_n256_mig.gen_mem[0].u_comp_ddr3.data_task: at time 128400466.0 ps INFO: WRITE @ DQS= bank = 0 row = 2200 col = 00000125 data = 2201
tb_g14_scale_n256_mig.gen_mem[0].u_comp_ddr3.data_task: at time 128401966.0 ps INFO: WRITE @ DQS= bank = 0 row = 2200 col = 00000126 data = 0049
tb_g14_scale_n256_mig.gen_mem[0].u_comp_ddr3.data_task: at time 128403466.0 ps INFO: WRITE @ DQS= bank = 0 row = 2200 col = 00000127 data = ddfe
tb_g14_scale_n256_mig.gen_mem[0].u_comp_ddr3.main: at time 128406466.0 ps INFO: Sync On Die Termination Rtt_NOM =          0 Ohm
tb_g14_scale_n256_mig.gen_mem[0].u_comp_ddr3.cmd_task: at time 128424466.0 ps INFO: Write     bank 0 col 128, auto precharge 0
tb_g14_scale_n256_mig.gen_mem[0].u_comp_ddr3.main: at time 128430466.0 ps INFO: Sync On Die Termination Rtt_NOM =         40 Ohm
tb_g14_scale_n256_mig.gen_mem[0].u_comp_ddr3.data_task: at time 128440966.0 ps INFO: WRITE @ DQS= bank = 0 row = 2200 col = 00000128 data = ffb5
tb_g14_scale_n256_mig.gen_mem[0].u_comp_ddr3.data_task: at time 128442466.0 ps INFO: WRITE @ DQS= bank = 0 row = 2200 col = 00000129 data = 2201
tb_g14_scale_n256_mig.gen_mem[0].u_comp_ddr3.data_task: at time 128443966.0 ps INFO: WRITE @ DQS= bank = 0 row = 2200 col = 0000012a data = 004a
tb_g14_scale_n256_mig.gen_mem[0].u_comp_ddr3.data_task: at time 128445466.0 ps INFO: WRITE @ DQS= bank = 0 row = 2200 col = 0000012b data = ddfe
tb_g14_scale_n256_mig.gen_mem[0].u_comp_ddr3.data_task: at time 128446966.0 ps INFO: WRITE @ DQS= bank = 0 row = 2200 col = 0000012c data = ffb4
tb_g14_scale_n256_mig.gen_mem[0].u_comp_ddr3.data_task: at time 128448466.0 ps INFO: WRITE @ DQS= bank = 0 row = 2200 col = 0000012d data = 2201
tb_g14_scale_n256_mig.gen_mem[0].u_comp_ddr3.data_task: at time 128449966.0 ps INFO: WRITE @ DQS= bank = 0 row = 2200 col = 0000012e data = 004b
tb_g14_scale_n256_mig.gen_mem[0].u_comp_ddr3.data_task: at time 128451466.0 ps INFO: WRITE @ DQS= bank = 0 row = 2200 col = 0000012f data = ddfe
tb_g14_scale_n256_mig.gen_mem[0].u_comp_ddr3.main: at time 128454466.0 ps INFO: Sync On Die Termination Rtt_NOM =          0 Ohm
tb_g14_scale_n256_mig.gen_mem[0].u_comp_ddr3.cmd_task: at time 128472466.0 ps INFO: Write     bank 0 col 130, auto precharge 0
tb_g14_scale_n256_mig.gen_mem[0].u_comp_ddr3.main: at time 128478466.0 ps INFO: Sync On Die Termination Rtt_NOM =         40 Ohm
tb_g14_scale_n256_mig.gen_mem[0].u_comp_ddr3.data_task: at time 128488966.0 ps INFO: WRITE @ DQS= bank = 0 row = 2200 col = 00000130 data = ffb3
tb_g14_scale_n256_mig.gen_mem[0].u_comp_ddr3.data_task: at time 128490466.0 ps INFO: WRITE @ DQS= bank = 0 row = 2200 col = 00000131 data = 2201
tb_g14_scale_n256_mig.gen_mem[0].u_comp_ddr3.data_task: at time 128491966.0 ps INFO: WRITE @ DQS= bank = 0 row = 2200 col = 00000132 data = 004c
tb_g14_scale_n256_mig.gen_mem[0].u_comp_ddr3.data_task: at time 128493466.0 ps INFO: WRITE @ DQS= bank = 0 row = 2200 col = 00000133 data = ddfe
tb_g14_scale_n256_mig.gen_mem[0].u_comp_ddr3.data_task: at time 128494966.0 ps INFO: WRITE @ DQS= bank = 0 row = 2200 col = 00000134 data = ffb2
tb_g14_scale_n256_mig.gen_mem[0].u_comp_ddr3.data_task: at time 128496466.0 ps INFO: WRITE @ DQS= bank = 0 row = 2200 col = 00000135 data = 2201
tb_g14_scale_n256_mig.gen_mem[0].u_comp_ddr3.data_task: at time 128497966.0 ps INFO: WRITE @ DQS= bank = 0 row = 2200 col = 00000136 data = 004d
tb_g14_scale_n256_mig.gen_mem[0].u_comp_ddr3.data_task: at time 128499466.0 ps INFO: WRITE @ DQS= bank = 0 row = 2200 col = 00000137 data = ddfe
tb_g14_scale_n256_mig.gen_mem[0].u_comp_ddr3.main: at time 128502466.0 ps INFO: Sync On Die Termination Rtt_NOM =          0 Ohm
tb_g14_scale_n256_mig.gen_mem[0].u_comp_ddr3.cmd_task: at time 128520466.0 ps INFO: Write     bank 0 col 138, auto precharge 0
tb_g14_scale_n256_mig.gen_mem[0].u_comp_ddr3.main: at time 128526466.0 ps INFO: Sync On Die Termination Rtt_NOM =         40 Ohm
tb_g14_scale_n256_mig.gen_mem[0].u_comp_ddr3.data_task: at time 128536966.0 ps INFO: WRITE @ DQS= bank = 0 row = 2200 col = 00000138 data = ffb1
tb_g14_scale_n256_mig.gen_mem[0].u_comp_ddr3.data_task: at time 128538466.0 ps INFO: WRITE @ DQS= bank = 0 row = 2200 col = 00000139 data = 2201
tb_g14_scale_n256_mig.gen_mem[0].u_comp_ddr3.data_task: at time 128539966.0 ps INFO: WRITE @ DQS= bank = 0 row = 2200 col = 0000013a data = 004e
tb_g14_scale_n256_mig.gen_mem[0].u_comp_ddr3.data_task: at time 128541466.0 ps INFO: WRITE @ DQS= bank = 0 row = 2200 col = 0000013b data = ddfe
tb_g14_scale_n256_mig.gen_mem[0].u_comp_ddr3.data_task: at time 128542966.0 ps INFO: WRITE @ DQS= bank = 0 row = 2200 col = 0000013c data = ffb0
tb_g14_scale_n256_mig.gen_mem[0].u_comp_ddr3.data_task: at time 128544466.0 ps INFO: WRITE @ DQS= bank = 0 row = 2200 col = 0000013d data = 2201
tb_g14_scale_n256_mig.gen_mem[0].u_comp_ddr3.data_task: at time 128545966.0 ps INFO: WRITE @ DQS= bank = 0 row = 2200 col = 0000013e data = 004f
tb_g14_scale_n256_mig.gen_mem[0].u_comp_ddr3.data_task: at time 128547466.0 ps INFO: WRITE @ DQS= bank = 0 row = 2200 col = 0000013f data = ddfe
tb_g14_scale_n256_mig.gen_mem[0].u_comp_ddr3.main: at time 128550466.0 ps INFO: Sync On Die Termination Rtt_NOM =          0 Ohm
tb_g14_scale_n256_mig.gen_mem[0].u_comp_ddr3.cmd_task: at time 128568466.0 ps INFO: Write     bank 0 col 140, auto precharge 0
tb_g14_scale_n256_mig.gen_mem[0].u_comp_ddr3.main: at time 128574466.0 ps INFO: Sync On Die Termination Rtt_NOM =         40 Ohm
tb_g14_scale_n256_mig.gen_mem[0].u_comp_ddr3.data_task: at time 128584966.0 ps INFO: WRITE @ DQS= bank = 0 row = 2200 col = 00000140 data = ffaf
tb_g14_scale_n256_mig.gen_mem[0].u_comp_ddr3.data_task: at time 128586466.0 ps INFO: WRITE @ DQS= bank = 0 row = 2200 col = 00000141 data = 2201
tb_g14_scale_n256_mig.gen_mem[0].u_comp_ddr3.data_task: at time 128587966.0 ps INFO: WRITE @ DQS= bank = 0 row = 2200 col = 00000142 data = 0050
tb_g14_scale_n256_mig.gen_mem[0].u_comp_ddr3.data_task: at time 128589466.0 ps INFO: WRITE @ DQS= bank = 0 row = 2200 col = 00000143 data = ddfe
tb_g14_scale_n256_mig.gen_mem[0].u_comp_ddr3.data_task: at time 128590966.0 ps INFO: WRITE @ DQS= bank = 0 row = 2200 col = 00000144 data = ffae
tb_g14_scale_n256_mig.gen_mem[0].u_comp_ddr3.data_task: at time 128592466.0 ps INFO: WRITE @ DQS= bank = 0 row = 2200 col = 00000145 data = 2201
tb_g14_scale_n256_mig.gen_mem[0].u_comp_ddr3.data_task: at time 128593966.0 ps INFO: WRITE @ DQS= bank = 0 row = 2200 col = 00000146 data = 0051
tb_g14_scale_n256_mig.gen_mem[0].u_comp_ddr3.data_task: at time 128595466.0 ps INFO: WRITE @ DQS= bank = 0 row = 2200 col = 00000147 data = ddfe
tb_g14_scale_n256_mig.gen_mem[0].u_comp_ddr3.main: at time 128598466.0 ps INFO: Sync On Die Termination Rtt_NOM =          0 Ohm
tb_g14_scale_n256_mig.gen_mem[0].u_comp_ddr3.cmd_task: at time 128616466.0 ps INFO: Write     bank 0 col 148, auto precharge 0
tb_g14_scale_n256_mig.gen_mem[0].u_comp_ddr3.main: at time 128622466.0 ps INFO: Sync On Die Termination Rtt_NOM =         40 Ohm
tb_g14_scale_n256_mig.gen_mem[0].u_comp_ddr3.data_task: at time 128632966.0 ps INFO: WRITE @ DQS= bank = 0 row = 2200 col = 00000148 data = ffad
tb_g14_scale_n256_mig.gen_mem[0].u_comp_ddr3.data_task: at time 128634466.0 ps INFO: WRITE @ DQS= bank = 0 row = 2200 col = 00000149 data = 2201
tb_g14_scale_n256_mig.gen_mem[0].u_comp_ddr3.data_task: at time 128635966.0 ps INFO: WRITE @ DQS= bank = 0 row = 2200 col = 0000014a data = 0052
tb_g14_scale_n256_mig.gen_mem[0].u_comp_ddr3.data_task: at time 128637466.0 ps INFO: WRITE @ DQS= bank = 0 row = 2200 col = 0000014b data = ddfe
tb_g14_scale_n256_mig.gen_mem[0].u_comp_ddr3.data_task: at time 128638966.0 ps INFO: WRITE @ DQS= bank = 0 row = 2200 col = 0000014c data = ffac
tb_g14_scale_n256_mig.gen_mem[0].u_comp_ddr3.data_task: at time 128640466.0 ps INFO: WRITE @ DQS= bank = 0 row = 2200 col = 0000014d data = 2201
tb_g14_scale_n256_mig.gen_mem[0].u_comp_ddr3.data_task: at time 128641966.0 ps INFO: WRITE @ DQS= bank = 0 row = 2200 col = 0000014e data = 0053
tb_g14_scale_n256_mig.gen_mem[0].u_comp_ddr3.data_task: at time 128643466.0 ps INFO: WRITE @ DQS= bank = 0 row = 2200 col = 0000014f data = ddfe
tb_g14_scale_n256_mig.gen_mem[0].u_comp_ddr3.main: at time 128646466.0 ps INFO: Sync On Die Termination Rtt_NOM =          0 Ohm
tb_g14_scale_n256_mig.gen_mem[0].u_comp_ddr3.cmd_task: at time 128664466.0 ps INFO: Write     bank 0 col 150, auto precharge 0
tb_g14_scale_n256_mig.gen_mem[0].u_comp_ddr3.main: at time 128670466.0 ps INFO: Sync On Die Termination Rtt_NOM =         40 Ohm
tb_g14_scale_n256_mig.gen_mem[0].u_comp_ddr3.data_task: at time 128680966.0 ps INFO: WRITE @ DQS= bank = 0 row = 2200 col = 00000150 data = ffab
tb_g14_scale_n256_mig.gen_mem[0].u_comp_ddr3.data_task: at time 128682466.0 ps INFO: WRITE @ DQS= bank = 0 row = 2200 col = 00000151 data = 2201
tb_g14_scale_n256_mig.gen_mem[0].u_comp_ddr3.data_task: at time 128683966.0 ps INFO: WRITE @ DQS= bank = 0 row = 2200 col = 00000152 data = 0054
tb_g14_scale_n256_mig.gen_mem[0].u_comp_ddr3.data_task: at time 128685466.0 ps INFO: WRITE @ DQS= bank = 0 row = 2200 col = 00000153 data = ddfe
tb_g14_scale_n256_mig.gen_mem[0].u_comp_ddr3.data_task: at time 128686966.0 ps INFO: WRITE @ DQS= bank = 0 row = 2200 col = 00000154 data = ffaa
tb_g14_scale_n256_mig.gen_mem[0].u_comp_ddr3.data_task: at time 128688466.0 ps INFO: WRITE @ DQS= bank = 0 row = 2200 col = 00000155 data = 2201
tb_g14_scale_n256_mig.gen_mem[0].u_comp_ddr3.data_task: at time 128689966.0 ps INFO: WRITE @ DQS= bank = 0 row = 2200 col = 00000156 data = 0055
tb_g14_scale_n256_mig.gen_mem[0].u_comp_ddr3.data_task: at time 128691466.0 ps INFO: WRITE @ DQS= bank = 0 row = 2200 col = 00000157 data = ddfe
tb_g14_scale_n256_mig.gen_mem[0].u_comp_ddr3.main: at time 128694466.0 ps INFO: Sync On Die Termination Rtt_NOM =          0 Ohm
tb_g14_scale_n256_mig.gen_mem[0].u_comp_ddr3.cmd_task: at time 128712466.0 ps INFO: Write     bank 0 col 158, auto precharge 0
tb_g14_scale_n256_mig.gen_mem[0].u_comp_ddr3.main: at time 128718466.0 ps INFO: Sync On Die Termination Rtt_NOM =         40 Ohm
tb_g14_scale_n256_mig.gen_mem[0].u_comp_ddr3.data_task: at time 128728966.0 ps INFO: WRITE @ DQS= bank = 0 row = 2200 col = 00000158 data = ffa9
tb_g14_scale_n256_mig.gen_mem[0].u_comp_ddr3.data_task: at time 128730466.0 ps INFO: WRITE @ DQS= bank = 0 row = 2200 col = 00000159 data = 2201
tb_g14_scale_n256_mig.gen_mem[0].u_comp_ddr3.data_task: at time 128731966.0 ps INFO: WRITE @ DQS= bank = 0 row = 2200 col = 0000015a data = 0056
tb_g14_scale_n256_mig.gen_mem[0].u_comp_ddr3.data_task: at time 128733466.0 ps INFO: WRITE @ DQS= bank = 0 row = 2200 col = 0000015b data = ddfe
tb_g14_scale_n256_mig.gen_mem[0].u_comp_ddr3.data_task: at time 128734966.0 ps INFO: WRITE @ DQS= bank = 0 row = 2200 col = 0000015c data = ffa8
tb_g14_scale_n256_mig.gen_mem[0].u_comp_ddr3.data_task: at time 128736466.0 ps INFO: WRITE @ DQS= bank = 0 row = 2200 col = 0000015d data = 2201
tb_g14_scale_n256_mig.gen_mem[0].u_comp_ddr3.data_task: at time 128737966.0 ps INFO: WRITE @ DQS= bank = 0 row = 2200 col = 0000015e data = 0057
tb_g14_scale_n256_mig.gen_mem[0].u_comp_ddr3.data_task: at time 128739466.0 ps INFO: WRITE @ DQS= bank = 0 row = 2200 col = 0000015f data = ddfe
tb_g14_scale_n256_mig.gen_mem[0].u_comp_ddr3.main: at time 128742466.0 ps INFO: Sync On Die Termination Rtt_NOM =          0 Ohm
tb_g14_scale_n256_mig.gen_mem[0].u_comp_ddr3.cmd_task: at time 128760466.0 ps INFO: Write     bank 0 col 160, auto precharge 0
tb_g14_scale_n256_mig.gen_mem[0].u_comp_ddr3.main: at time 128766466.0 ps INFO: Sync On Die Termination Rtt_NOM =         40 Ohm
tb_g14_scale_n256_mig.gen_mem[0].u_comp_ddr3.data_task: at time 128776966.0 ps INFO: WRITE @ DQS= bank = 0 row = 2200 col = 00000160 data = ffa7
tb_g14_scale_n256_mig.gen_mem[0].u_comp_ddr3.data_task: at time 128778466.0 ps INFO: WRITE @ DQS= bank = 0 row = 2200 col = 00000161 data = 2201
tb_g14_scale_n256_mig.gen_mem[0].u_comp_ddr3.data_task: at time 128779966.0 ps INFO: WRITE @ DQS= bank = 0 row = 2200 col = 00000162 data = 0058
tb_g14_scale_n256_mig.gen_mem[0].u_comp_ddr3.data_task: at time 128781466.0 ps INFO: WRITE @ DQS= bank = 0 row = 2200 col = 00000163 data = ddfe
tb_g14_scale_n256_mig.gen_mem[0].u_comp_ddr3.data_task: at time 128782966.0 ps INFO: WRITE @ DQS= bank = 0 row = 2200 col = 00000164 data = ffa6
tb_g14_scale_n256_mig.gen_mem[0].u_comp_ddr3.data_task: at time 128784466.0 ps INFO: WRITE @ DQS= bank = 0 row = 2200 col = 00000165 data = 2201
tb_g14_scale_n256_mig.gen_mem[0].u_comp_ddr3.data_task: at time 128785966.0 ps INFO: WRITE @ DQS= bank = 0 row = 2200 col = 00000166 data = 0059
tb_g14_scale_n256_mig.gen_mem[0].u_comp_ddr3.data_task: at time 128787466.0 ps INFO: WRITE @ DQS= bank = 0 row = 2200 col = 00000167 data = ddfe
tb_g14_scale_n256_mig.gen_mem[0].u_comp_ddr3.main: at time 128790466.0 ps INFO: Sync On Die Termination Rtt_NOM =          0 Ohm
tb_g14_scale_n256_mig.gen_mem[0].u_comp_ddr3.cmd_task: at time 128808466.0 ps INFO: Write     bank 0 col 168, auto precharge 0
tb_g14_scale_n256_mig.gen_mem[0].u_comp_ddr3.main: at time 128814466.0 ps INFO: Sync On Die Termination Rtt_NOM =         40 Ohm
tb_g14_scale_n256_mig.gen_mem[0].u_comp_ddr3.data_task: at time 128824966.0 ps INFO: WRITE @ DQS= bank = 0 row = 2200 col = 00000168 data = ffa5
tb_g14_scale_n256_mig.gen_mem[0].u_comp_ddr3.data_task: at time 128826466.0 ps INFO: WRITE @ DQS= bank = 0 row = 2200 col = 00000169 data = 2201
tb_g14_scale_n256_mig.gen_mem[0].u_comp_ddr3.data_task: at time 128827966.0 ps INFO: WRITE @ DQS= bank = 0 row = 2200 col = 0000016a data = 005a
tb_g14_scale_n256_mig.gen_mem[0].u_comp_ddr3.data_task: at time 128829466.0 ps INFO: WRITE @ DQS= bank = 0 row = 2200 col = 0000016b data = ddfe
tb_g14_scale_n256_mig.gen_mem[0].u_comp_ddr3.data_task: at time 128830966.0 ps INFO: WRITE @ DQS= bank = 0 row = 2200 col = 0000016c data = ffa4
tb_g14_scale_n256_mig.gen_mem[0].u_comp_ddr3.data_task: at time 128832466.0 ps INFO: WRITE @ DQS= bank = 0 row = 2200 col = 0000016d data = 2201
tb_g14_scale_n256_mig.gen_mem[0].u_comp_ddr3.data_task: at time 128833966.0 ps INFO: WRITE @ DQS= bank = 0 row = 2200 col = 0000016e data = 005b
tb_g14_scale_n256_mig.gen_mem[0].u_comp_ddr3.data_task: at time 128835466.0 ps INFO: WRITE @ DQS= bank = 0 row = 2200 col = 0000016f data = ddfe
tb_g14_scale_n256_mig.gen_mem[0].u_comp_ddr3.main: at time 128838466.0 ps INFO: Sync On Die Termination Rtt_NOM =          0 Ohm
tb_g14_scale_n256_mig.gen_mem[0].u_comp_ddr3.cmd_task: at time 128856466.0 ps INFO: Write     bank 0 col 170, auto precharge 0
tb_g14_scale_n256_mig.gen_mem[0].u_comp_ddr3.main: at time 128862466.0 ps INFO: Sync On Die Termination Rtt_NOM =         40 Ohm
tb_g14_scale_n256_mig.gen_mem[0].u_comp_ddr3.data_task: at time 128872966.0 ps INFO: WRITE @ DQS= bank = 0 row = 2200 col = 00000170 data = ffa3
tb_g14_scale_n256_mig.gen_mem[0].u_comp_ddr3.data_task: at time 128874466.0 ps INFO: WRITE @ DQS= bank = 0 row = 2200 col = 00000171 data = 2201
tb_g14_scale_n256_mig.gen_mem[0].u_comp_ddr3.data_task: at time 128875966.0 ps INFO: WRITE @ DQS= bank = 0 row = 2200 col = 00000172 data = 005c
tb_g14_scale_n256_mig.gen_mem[0].u_comp_ddr3.data_task: at time 128877466.0 ps INFO: WRITE @ DQS= bank = 0 row = 2200 col = 00000173 data = ddfe
tb_g14_scale_n256_mig.gen_mem[0].u_comp_ddr3.data_task: at time 128878966.0 ps INFO: WRITE @ DQS= bank = 0 row = 2200 col = 00000174 data = ffa2
tb_g14_scale_n256_mig.gen_mem[0].u_comp_ddr3.data_task: at time 128880466.0 ps INFO: WRITE @ DQS= bank = 0 row = 2200 col = 00000175 data = 2201
tb_g14_scale_n256_mig.gen_mem[0].u_comp_ddr3.data_task: at time 128881966.0 ps INFO: WRITE @ DQS= bank = 0 row = 2200 col = 00000176 data = 005d
tb_g14_scale_n256_mig.gen_mem[0].u_comp_ddr3.data_task: at time 128883466.0 ps INFO: WRITE @ DQS= bank = 0 row = 2200 col = 00000177 data = ddfe
tb_g14_scale_n256_mig.gen_mem[0].u_comp_ddr3.main: at time 128886466.0 ps INFO: Sync On Die Termination Rtt_NOM =          0 Ohm
tb_g14_scale_n256_mig.gen_mem[0].u_comp_ddr3.cmd_task: at time 128904466.0 ps INFO: Write     bank 0 col 178, auto precharge 0
tb_g14_scale_n256_mig.gen_mem[0].u_comp_ddr3.main: at time 128910466.0 ps INFO: Sync On Die Termination Rtt_NOM =         40 Ohm
tb_g14_scale_n256_mig.gen_mem[0].u_comp_ddr3.data_task: at time 128920966.0 ps INFO: WRITE @ DQS= bank = 0 row = 2200 col = 00000178 data = ffa1
tb_g14_scale_n256_mig.gen_mem[0].u_comp_ddr3.data_task: at time 128922466.0 ps INFO: WRITE @ DQS= bank = 0 row = 2200 col = 00000179 data = 2201
tb_g14_scale_n256_mig.gen_mem[0].u_comp_ddr3.data_task: at time 128923966.0 ps INFO: WRITE @ DQS= bank = 0 row = 2200 col = 0000017a data = 005e
tb_g14_scale_n256_mig.gen_mem[0].u_comp_ddr3.data_task: at time 128925466.0 ps INFO: WRITE @ DQS= bank = 0 row = 2200 col = 0000017b data = ddfe
tb_g14_scale_n256_mig.gen_mem[0].u_comp_ddr3.data_task: at time 128926966.0 ps INFO: WRITE @ DQS= bank = 0 row = 2200 col = 0000017c data = ffa0
tb_g14_scale_n256_mig.gen_mem[0].u_comp_ddr3.data_task: at time 128928466.0 ps INFO: WRITE @ DQS= bank = 0 row = 2200 col = 0000017d data = 2201
tb_g14_scale_n256_mig.gen_mem[0].u_comp_ddr3.data_task: at time 128929966.0 ps INFO: WRITE @ DQS= bank = 0 row = 2200 col = 0000017e data = 005f
tb_g14_scale_n256_mig.gen_mem[0].u_comp_ddr3.data_task: at time 128931466.0 ps INFO: WRITE @ DQS= bank = 0 row = 2200 col = 0000017f data = ddfe
tb_g14_scale_n256_mig.gen_mem[0].u_comp_ddr3.main: at time 128934466.0 ps INFO: Sync On Die Termination Rtt_NOM =          0 Ohm
tb_g14_scale_n256_mig.gen_mem[0].u_comp_ddr3.cmd_task: at time 128952466.0 ps INFO: Read      bank 0 col 178, auto precharge 0
tb_g14_scale_n256_mig.gen_mem[0].u_comp_ddr3.cmd_task: at time 128964466.0 ps INFO: Read      bank 0 col 178, auto precharge 0
tb_g14_scale_n256_mig.gen_mem[0].u_comp_ddr3.data_task: at time 128965966.0 ps INFO: READ @ DQS= bank = 0 row = 2200 col = 00000178 data = ffa1
tb_g14_scale_n256_mig.gen_mem[0].u_comp_ddr3.data_task: at time 128967466.0 ps INFO: READ @ DQS= bank = 0 row = 2200 col = 00000179 data = 2201
tb_g14_scale_n256_mig.gen_mem[0].u_comp_ddr3.data_task: at time 128968966.0 ps INFO: READ @ DQS= bank = 0 row = 2200 col = 0000017a data = 005e
tb_g14_scale_n256_mig.gen_mem[0].u_comp_ddr3.data_task: at time 128970466.0 ps INFO: READ @ DQS= bank = 0 row = 2200 col = 0000017b data = ddfe
tb_g14_scale_n256_mig.gen_mem[0].u_comp_ddr3.data_task: at time 128971966.0 ps INFO: READ @ DQS= bank = 0 row = 2200 col = 0000017c data = ffa0
tb_g14_scale_n256_mig.gen_mem[0].u_comp_ddr3.data_task: at time 128973466.0 ps INFO: READ @ DQS= bank = 0 row = 2200 col = 0000017d data = 2201
tb_g14_scale_n256_mig.gen_mem[0].u_comp_ddr3.data_task: at time 128974966.0 ps INFO: READ @ DQS= bank = 0 row = 2200 col = 0000017e data = 005f
tb_g14_scale_n256_mig.gen_mem[0].u_comp_ddr3.data_task: at time 128976466.0 ps INFO: READ @ DQS= bank = 0 row = 2200 col = 0000017f data = ddfe
tb_g14_scale_n256_mig.gen_mem[0].u_comp_ddr3.data_task: at time 128977966.0 ps INFO: READ @ DQS= bank = 0 row = 2200 col = 00000178 data = ffa1
tb_g14_scale_n256_mig.gen_mem[0].u_comp_ddr3.data_task: at time 128979466.0 ps INFO: READ @ DQS= bank = 0 row = 2200 col = 00000179 data = 2201
tb_g14_scale_n256_mig.gen_mem[0].u_comp_ddr3.data_task: at time 128980966.0 ps INFO: READ @ DQS= bank = 0 row = 2200 col = 0000017a data = 005e
tb_g14_scale_n256_mig.gen_mem[0].u_comp_ddr3.data_task: at time 128982466.0 ps INFO: READ @ DQS= bank = 0 row = 2200 col = 0000017b data = ddfe
tb_g14_scale_n256_mig.gen_mem[0].u_comp_ddr3.data_task: at time 128983966.0 ps INFO: READ @ DQS= bank = 0 row = 2200 col = 0000017c data = ffa0
tb_g14_scale_n256_mig.gen_mem[0].u_comp_ddr3.data_task: at time 128985466.0 ps INFO: READ @ DQS= bank = 0 row = 2200 col = 0000017d data = 2201
tb_g14_scale_n256_mig.gen_mem[0].u_comp_ddr3.data_task: at time 128986966.0 ps INFO: READ @ DQS= bank = 0 row = 2200 col = 0000017e data = 005f
tb_g14_scale_n256_mig.gen_mem[0].u_comp_ddr3.data_task: at time 128988466.0 ps INFO: READ @ DQS= bank = 0 row = 2200 col = 0000017f data = ddfe
tb_g14_scale_n256_mig.gen_mem[0].u_comp_ddr3.cmd_task: at time 128988466.0 ps INFO: Write     bank 0 col 180, auto precharge 0
tb_g14_scale_n256_mig.gen_mem[0].u_comp_ddr3.main: at time 128994466.0 ps INFO: Sync On Die Termination Rtt_NOM =         40 Ohm
tb_g14_scale_n256_mig.gen_mem[0].u_comp_ddr3.cmd_task: at time 129000466.0 ps INFO: Write     bank 0 col 188, auto precharge 0
tb_g14_scale_n256_mig.gen_mem[0].u_comp_ddr3.data_task: at time 129004966.0 ps INFO: WRITE @ DQS= bank = 0 row = 2200 col = 00000180 data = ff9f
tb_g14_scale_n256_mig.gen_mem[0].u_comp_ddr3.data_task: at time 129006466.0 ps INFO: WRITE @ DQS= bank = 0 row = 2200 col = 00000181 data = 2201
tb_g14_scale_n256_mig.gen_mem[0].u_comp_ddr3.data_task: at time 129007966.0 ps INFO: WRITE @ DQS= bank = 0 row = 2200 col = 00000182 data = 0060
tb_g14_scale_n256_mig.gen_mem[0].u_comp_ddr3.data_task: at time 129009466.0 ps INFO: WRITE @ DQS= bank = 0 row = 2200 col = 00000183 data = ddfe
tb_g14_scale_n256_mig.gen_mem[0].u_comp_ddr3.data_task: at time 129010966.0 ps INFO: WRITE @ DQS= bank = 0 row = 2200 col = 00000184 data = ff9e
tb_g14_scale_n256_mig.gen_mem[0].u_comp_ddr3.data_task: at time 129012466.0 ps INFO: WRITE @ DQS= bank = 0 row = 2200 col = 00000185 data = 2201
tb_g14_scale_n256_mig.gen_mem[0].u_comp_ddr3.data_task: at time 129013966.0 ps INFO: WRITE @ DQS= bank = 0 row = 2200 col = 00000186 data = 0061
tb_g14_scale_n256_mig.gen_mem[0].u_comp_ddr3.data_task: at time 129015466.0 ps INFO: WRITE @ DQS= bank = 0 row = 2200 col = 00000187 data = ddfe
tb_g14_scale_n256_mig.gen_mem[0].u_comp_ddr3.data_task: at time 129016966.0 ps INFO: WRITE @ DQS= bank = 0 row = 2200 col = 00000188 data = ff9d
tb_g14_scale_n256_mig.gen_mem[0].u_comp_ddr3.data_task: at time 129018466.0 ps INFO: WRITE @ DQS= bank = 0 row = 2200 col = 00000189 data = 2201
tb_g14_scale_n256_mig.gen_mem[0].u_comp_ddr3.data_task: at time 129019966.0 ps INFO: WRITE @ DQS= bank = 0 row = 2200 col = 0000018a data = 0062
tb_g14_scale_n256_mig.gen_mem[0].u_comp_ddr3.data_task: at time 129021466.0 ps INFO: WRITE @ DQS= bank = 0 row = 2200 col = 0000018b data = ddfe
tb_g14_scale_n256_mig.gen_mem[0].u_comp_ddr3.data_task: at time 129022966.0 ps INFO: WRITE @ DQS= bank = 0 row = 2200 col = 0000018c data = ff9c
tb_g14_scale_n256_mig.gen_mem[0].u_comp_ddr3.data_task: at time 129024466.0 ps INFO: WRITE @ DQS= bank = 0 row = 2200 col = 0000018d data = 2201
tb_g14_scale_n256_mig.gen_mem[0].u_comp_ddr3.data_task: at time 129025966.0 ps INFO: WRITE @ DQS= bank = 0 row = 2200 col = 0000018e data = 0063
tb_g14_scale_n256_mig.gen_mem[0].u_comp_ddr3.data_task: at time 129027466.0 ps INFO: WRITE @ DQS= bank = 0 row = 2200 col = 0000018f data = ddfe
tb_g14_scale_n256_mig.gen_mem[0].u_comp_ddr3.main: at time 129030466.0 ps INFO: Sync On Die Termination Rtt_NOM =          0 Ohm
tb_g14_scale_n256_mig.gen_mem[0].u_comp_ddr3.cmd_task: at time 129048466.0 ps INFO: Write     bank 0 col 190, auto precharge 0
tb_g14_scale_n256_mig.gen_mem[0].u_comp_ddr3.main: at time 129054466.0 ps INFO: Sync On Die Termination Rtt_NOM =         40 Ohm
tb_g14_scale_n256_mig.gen_mem[0].u_comp_ddr3.data_task: at time 129064966.0 ps INFO: WRITE @ DQS= bank = 0 row = 2200 col = 00000190 data = ff9b
tb_g14_scale_n256_mig.gen_mem[0].u_comp_ddr3.data_task: at time 129066466.0 ps INFO: WRITE @ DQS= bank = 0 row = 2200 col = 00000191 data = 2201
tb_g14_scale_n256_mig.gen_mem[0].u_comp_ddr3.data_task: at time 129067966.0 ps INFO: WRITE @ DQS= bank = 0 row = 2200 col = 00000192 data = 0064
tb_g14_scale_n256_mig.gen_mem[0].u_comp_ddr3.data_task: at time 129069466.0 ps INFO: WRITE @ DQS= bank = 0 row = 2200 col = 00000193 data = ddfe
tb_g14_scale_n256_mig.gen_mem[0].u_comp_ddr3.data_task: at time 129070966.0 ps INFO: WRITE @ DQS= bank = 0 row = 2200 col = 00000194 data = ff9a
tb_g14_scale_n256_mig.gen_mem[0].u_comp_ddr3.data_task: at time 129072466.0 ps INFO: WRITE @ DQS= bank = 0 row = 2200 col = 00000195 data = 2201
tb_g14_scale_n256_mig.gen_mem[0].u_comp_ddr3.data_task: at time 129073966.0 ps INFO: WRITE @ DQS= bank = 0 row = 2200 col = 00000196 data = 0065
tb_g14_scale_n256_mig.gen_mem[0].u_comp_ddr3.data_task: at time 129075466.0 ps INFO: WRITE @ DQS= bank = 0 row = 2200 col = 00000197 data = ddfe
tb_g14_scale_n256_mig.gen_mem[0].u_comp_ddr3.main: at time 129078466.0 ps INFO: Sync On Die Termination Rtt_NOM =          0 Ohm
tb_g14_scale_n256_mig.gen_mem[0].u_comp_ddr3.cmd_task: at time 129096466.0 ps INFO: Write     bank 0 col 198, auto precharge 0
tb_g14_scale_n256_mig.gen_mem[0].u_comp_ddr3.main: at time 129102466.0 ps INFO: Sync On Die Termination Rtt_NOM =         40 Ohm
tb_g14_scale_n256_mig.gen_mem[0].u_comp_ddr3.data_task: at time 129112966.0 ps INFO: WRITE @ DQS= bank = 0 row = 2200 col = 00000198 data = ff99
tb_g14_scale_n256_mig.gen_mem[0].u_comp_ddr3.data_task: at time 129114466.0 ps INFO: WRITE @ DQS= bank = 0 row = 2200 col = 00000199 data = 2201
tb_g14_scale_n256_mig.gen_mem[0].u_comp_ddr3.data_task: at time 129115966.0 ps INFO: WRITE @ DQS= bank = 0 row = 2200 col = 0000019a data = 0066
tb_g14_scale_n256_mig.gen_mem[0].u_comp_ddr3.data_task: at time 129117466.0 ps INFO: WRITE @ DQS= bank = 0 row = 2200 col = 0000019b data = ddfe
tb_g14_scale_n256_mig.gen_mem[0].u_comp_ddr3.data_task: at time 129118966.0 ps INFO: WRITE @ DQS= bank = 0 row = 2200 col = 0000019c data = ff98
tb_g14_scale_n256_mig.gen_mem[0].u_comp_ddr3.data_task: at time 129120466.0 ps INFO: WRITE @ DQS= bank = 0 row = 2200 col = 0000019d data = 2201
tb_g14_scale_n256_mig.gen_mem[0].u_comp_ddr3.data_task: at time 129121966.0 ps INFO: WRITE @ DQS= bank = 0 row = 2200 col = 0000019e data = 0067
tb_g14_scale_n256_mig.gen_mem[0].u_comp_ddr3.data_task: at time 129123466.0 ps INFO: WRITE @ DQS= bank = 0 row = 2200 col = 0000019f data = ddfe
tb_g14_scale_n256_mig.gen_mem[0].u_comp_ddr3.main: at time 129126466.0 ps INFO: Sync On Die Termination Rtt_NOM =          0 Ohm
tb_g14_scale_n256_mig.gen_mem[0].u_comp_ddr3.cmd_task: at time 129144466.0 ps INFO: Write     bank 0 col 1a0, auto precharge 0
tb_g14_scale_n256_mig.gen_mem[0].u_comp_ddr3.main: at time 129150466.0 ps INFO: Sync On Die Termination Rtt_NOM =         40 Ohm
tb_g14_scale_n256_mig.gen_mem[0].u_comp_ddr3.data_task: at time 129160966.0 ps INFO: WRITE @ DQS= bank = 0 row = 2200 col = 000001a0 data = ff97
tb_g14_scale_n256_mig.gen_mem[0].u_comp_ddr3.data_task: at time 129162466.0 ps INFO: WRITE @ DQS= bank = 0 row = 2200 col = 000001a1 data = 2201
tb_g14_scale_n256_mig.gen_mem[0].u_comp_ddr3.data_task: at time 129163966.0 ps INFO: WRITE @ DQS= bank = 0 row = 2200 col = 000001a2 data = 0068
tb_g14_scale_n256_mig.gen_mem[0].u_comp_ddr3.data_task: at time 129165466.0 ps INFO: WRITE @ DQS= bank = 0 row = 2200 col = 000001a3 data = ddfe
tb_g14_scale_n256_mig.gen_mem[0].u_comp_ddr3.data_task: at time 129166966.0 ps INFO: WRITE @ DQS= bank = 0 row = 2200 col = 000001a4 data = ff96
tb_g14_scale_n256_mig.gen_mem[0].u_comp_ddr3.data_task: at time 129168466.0 ps INFO: WRITE @ DQS= bank = 0 row = 2200 col = 000001a5 data = 2201
tb_g14_scale_n256_mig.gen_mem[0].u_comp_ddr3.data_task: at time 129169966.0 ps INFO: WRITE @ DQS= bank = 0 row = 2200 col = 000001a6 data = 0069
tb_g14_scale_n256_mig.gen_mem[0].u_comp_ddr3.data_task: at time 129171466.0 ps INFO: WRITE @ DQS= bank = 0 row = 2200 col = 000001a7 data = ddfe
tb_g14_scale_n256_mig.gen_mem[0].u_comp_ddr3.main: at time 129174466.0 ps INFO: Sync On Die Termination Rtt_NOM =          0 Ohm
tb_g14_scale_n256_mig.gen_mem[0].u_comp_ddr3.cmd_task: at time 129192466.0 ps INFO: Write     bank 0 col 1a8, auto precharge 0
tb_g14_scale_n256_mig.gen_mem[0].u_comp_ddr3.main: at time 129198466.0 ps INFO: Sync On Die Termination Rtt_NOM =         40 Ohm
tb_g14_scale_n256_mig.gen_mem[0].u_comp_ddr3.data_task: at time 129208966.0 ps INFO: WRITE @ DQS= bank = 0 row = 2200 col = 000001a8 data = ff95
tb_g14_scale_n256_mig.gen_mem[0].u_comp_ddr3.data_task: at time 129210466.0 ps INFO: WRITE @ DQS= bank = 0 row = 2200 col = 000001a9 data = 2201
tb_g14_scale_n256_mig.gen_mem[0].u_comp_ddr3.data_task: at time 129211966.0 ps INFO: WRITE @ DQS= bank = 0 row = 2200 col = 000001aa data = 006a
tb_g14_scale_n256_mig.gen_mem[0].u_comp_ddr3.data_task: at time 129213466.0 ps INFO: WRITE @ DQS= bank = 0 row = 2200 col = 000001ab data = ddfe
tb_g14_scale_n256_mig.gen_mem[0].u_comp_ddr3.data_task: at time 129214966.0 ps INFO: WRITE @ DQS= bank = 0 row = 2200 col = 000001ac data = ff94
tb_g14_scale_n256_mig.gen_mem[0].u_comp_ddr3.data_task: at time 129216466.0 ps INFO: WRITE @ DQS= bank = 0 row = 2200 col = 000001ad data = 2201
tb_g14_scale_n256_mig.gen_mem[0].u_comp_ddr3.data_task: at time 129217966.0 ps INFO: WRITE @ DQS= bank = 0 row = 2200 col = 000001ae data = 006b
tb_g14_scale_n256_mig.gen_mem[0].u_comp_ddr3.data_task: at time 129219466.0 ps INFO: WRITE @ DQS= bank = 0 row = 2200 col = 000001af data = ddfe
tb_g14_scale_n256_mig.gen_mem[0].u_comp_ddr3.main: at time 129222466.0 ps INFO: Sync On Die Termination Rtt_NOM =          0 Ohm
tb_g14_scale_n256_mig.gen_mem[0].u_comp_ddr3.cmd_task: at time 129240466.0 ps INFO: Write     bank 0 col 1b0, auto precharge 0
tb_g14_scale_n256_mig.gen_mem[0].u_comp_ddr3.main: at time 129246466.0 ps INFO: Sync On Die Termination Rtt_NOM =         40 Ohm
tb_g14_scale_n256_mig.gen_mem[0].u_comp_ddr3.data_task: at time 129256966.0 ps INFO: WRITE @ DQS= bank = 0 row = 2200 col = 000001b0 data = ff93
tb_g14_scale_n256_mig.gen_mem[0].u_comp_ddr3.data_task: at time 129258466.0 ps INFO: WRITE @ DQS= bank = 0 row = 2200 col = 000001b1 data = 2201
tb_g14_scale_n256_mig.gen_mem[0].u_comp_ddr3.data_task: at time 129259966.0 ps INFO: WRITE @ DQS= bank = 0 row = 2200 col = 000001b2 data = 006c
tb_g14_scale_n256_mig.gen_mem[0].u_comp_ddr3.data_task: at time 129261466.0 ps INFO: WRITE @ DQS= bank = 0 row = 2200 col = 000001b3 data = ddfe
tb_g14_scale_n256_mig.gen_mem[0].u_comp_ddr3.data_task: at time 129262966.0 ps INFO: WRITE @ DQS= bank = 0 row = 2200 col = 000001b4 data = ff92
tb_g14_scale_n256_mig.gen_mem[0].u_comp_ddr3.data_task: at time 129264466.0 ps INFO: WRITE @ DQS= bank = 0 row = 2200 col = 000001b5 data = 2201
tb_g14_scale_n256_mig.gen_mem[0].u_comp_ddr3.data_task: at time 129265966.0 ps INFO: WRITE @ DQS= bank = 0 row = 2200 col = 000001b6 data = 006d
tb_g14_scale_n256_mig.gen_mem[0].u_comp_ddr3.data_task: at time 129267466.0 ps INFO: WRITE @ DQS= bank = 0 row = 2200 col = 000001b7 data = ddfe
tb_g14_scale_n256_mig.gen_mem[0].u_comp_ddr3.main: at time 129270466.0 ps INFO: Sync On Die Termination Rtt_NOM =          0 Ohm
tb_g14_scale_n256_mig.gen_mem[0].u_comp_ddr3.cmd_task: at time 129288466.0 ps INFO: Write     bank 0 col 1b8, auto precharge 0
tb_g14_scale_n256_mig.gen_mem[0].u_comp_ddr3.main: at time 129294466.0 ps INFO: Sync On Die Termination Rtt_NOM =         40 Ohm
tb_g14_scale_n256_mig.gen_mem[0].u_comp_ddr3.data_task: at time 129304966.0 ps INFO: WRITE @ DQS= bank = 0 row = 2200 col = 000001b8 data = ff91
tb_g14_scale_n256_mig.gen_mem[0].u_comp_ddr3.data_task: at time 129306466.0 ps INFO: WRITE @ DQS= bank = 0 row = 2200 col = 000001b9 data = 2201
tb_g14_scale_n256_mig.gen_mem[0].u_comp_ddr3.data_task: at time 129307966.0 ps INFO: WRITE @ DQS= bank = 0 row = 2200 col = 000001ba data = 006e
tb_g14_scale_n256_mig.gen_mem[0].u_comp_ddr3.data_task: at time 129309466.0 ps INFO: WRITE @ DQS= bank = 0 row = 2200 col = 000001bb data = ddfe
tb_g14_scale_n256_mig.gen_mem[0].u_comp_ddr3.data_task: at time 129310966.0 ps INFO: WRITE @ DQS= bank = 0 row = 2200 col = 000001bc data = ff90
tb_g14_scale_n256_mig.gen_mem[0].u_comp_ddr3.data_task: at time 129312466.0 ps INFO: WRITE @ DQS= bank = 0 row = 2200 col = 000001bd data = 2201
tb_g14_scale_n256_mig.gen_mem[0].u_comp_ddr3.data_task: at time 129313966.0 ps INFO: WRITE @ DQS= bank = 0 row = 2200 col = 000001be data = 006f
tb_g14_scale_n256_mig.gen_mem[0].u_comp_ddr3.data_task: at time 129315466.0 ps INFO: WRITE @ DQS= bank = 0 row = 2200 col = 000001bf data = ddfe
tb_g14_scale_n256_mig.gen_mem[0].u_comp_ddr3.main: at time 129318466.0 ps INFO: Sync On Die Termination Rtt_NOM =          0 Ohm
tb_g14_scale_n256_mig.gen_mem[0].u_comp_ddr3.cmd_task: at time 129336466.0 ps INFO: Write     bank 0 col 1c0, auto precharge 0
tb_g14_scale_n256_mig.gen_mem[0].u_comp_ddr3.main: at time 129342466.0 ps INFO: Sync On Die Termination Rtt_NOM =         40 Ohm
tb_g14_scale_n256_mig.gen_mem[0].u_comp_ddr3.data_task: at time 129352966.0 ps INFO: WRITE @ DQS= bank = 0 row = 2200 col = 000001c0 data = ff8f
tb_g14_scale_n256_mig.gen_mem[0].u_comp_ddr3.data_task: at time 129354466.0 ps INFO: WRITE @ DQS= bank = 0 row = 2200 col = 000001c1 data = 2201
tb_g14_scale_n256_mig.gen_mem[0].u_comp_ddr3.data_task: at time 129355966.0 ps INFO: WRITE @ DQS= bank = 0 row = 2200 col = 000001c2 data = 0070
tb_g14_scale_n256_mig.gen_mem[0].u_comp_ddr3.data_task: at time 129357466.0 ps INFO: WRITE @ DQS= bank = 0 row = 2200 col = 000001c3 data = ddfe
tb_g14_scale_n256_mig.gen_mem[0].u_comp_ddr3.data_task: at time 129358966.0 ps INFO: WRITE @ DQS= bank = 0 row = 2200 col = 000001c4 data = ff8e
tb_g14_scale_n256_mig.gen_mem[0].u_comp_ddr3.data_task: at time 129360466.0 ps INFO: WRITE @ DQS= bank = 0 row = 2200 col = 000001c5 data = 2201
tb_g14_scale_n256_mig.gen_mem[0].u_comp_ddr3.data_task: at time 129361966.0 ps INFO: WRITE @ DQS= bank = 0 row = 2200 col = 000001c6 data = 0071
tb_g14_scale_n256_mig.gen_mem[0].u_comp_ddr3.data_task: at time 129363466.0 ps INFO: WRITE @ DQS= bank = 0 row = 2200 col = 000001c7 data = ddfe
tb_g14_scale_n256_mig.gen_mem[0].u_comp_ddr3.main: at time 129366466.0 ps INFO: Sync On Die Termination Rtt_NOM =          0 Ohm
tb_g14_scale_n256_mig.gen_mem[0].u_comp_ddr3.cmd_task: at time 129384466.0 ps INFO: Write     bank 0 col 1c8, auto precharge 0
tb_g14_scale_n256_mig.gen_mem[0].u_comp_ddr3.main: at time 129390466.0 ps INFO: Sync On Die Termination Rtt_NOM =         40 Ohm
tb_g14_scale_n256_mig.gen_mem[0].u_comp_ddr3.data_task: at time 129400966.0 ps INFO: WRITE @ DQS= bank = 0 row = 2200 col = 000001c8 data = ff8d
tb_g14_scale_n256_mig.gen_mem[0].u_comp_ddr3.data_task: at time 129402466.0 ps INFO: WRITE @ DQS= bank = 0 row = 2200 col = 000001c9 data = 2201
tb_g14_scale_n256_mig.gen_mem[0].u_comp_ddr3.data_task: at time 129403966.0 ps INFO: WRITE @ DQS= bank = 0 row = 2200 col = 000001ca data = 0072
tb_g14_scale_n256_mig.gen_mem[0].u_comp_ddr3.data_task: at time 129405466.0 ps INFO: WRITE @ DQS= bank = 0 row = 2200 col = 000001cb data = ddfe
tb_g14_scale_n256_mig.gen_mem[0].u_comp_ddr3.data_task: at time 129406966.0 ps INFO: WRITE @ DQS= bank = 0 row = 2200 col = 000001cc data = ff8c
tb_g14_scale_n256_mig.gen_mem[0].u_comp_ddr3.data_task: at time 129408466.0 ps INFO: WRITE @ DQS= bank = 0 row = 2200 col = 000001cd data = 2201
tb_g14_scale_n256_mig.gen_mem[0].u_comp_ddr3.data_task: at time 129409966.0 ps INFO: WRITE @ DQS= bank = 0 row = 2200 col = 000001ce data = 0073
tb_g14_scale_n256_mig.gen_mem[0].u_comp_ddr3.data_task: at time 129411466.0 ps INFO: WRITE @ DQS= bank = 0 row = 2200 col = 000001cf data = ddfe
tb_g14_scale_n256_mig.gen_mem[0].u_comp_ddr3.main: at time 129414466.0 ps INFO: Sync On Die Termination Rtt_NOM =          0 Ohm
tb_g14_scale_n256_mig.gen_mem[0].u_comp_ddr3.cmd_task: at time 129432466.0 ps INFO: Write     bank 0 col 1d0, auto precharge 0
tb_g14_scale_n256_mig.gen_mem[0].u_comp_ddr3.main: at time 129438466.0 ps INFO: Sync On Die Termination Rtt_NOM =         40 Ohm
tb_g14_scale_n256_mig.gen_mem[0].u_comp_ddr3.data_task: at time 129448966.0 ps INFO: WRITE @ DQS= bank = 0 row = 2200 col = 000001d0 data = ff8b
tb_g14_scale_n256_mig.gen_mem[0].u_comp_ddr3.data_task: at time 129450466.0 ps INFO: WRITE @ DQS= bank = 0 row = 2200 col = 000001d1 data = 2201
tb_g14_scale_n256_mig.gen_mem[0].u_comp_ddr3.data_task: at time 129451966.0 ps INFO: WRITE @ DQS= bank = 0 row = 2200 col = 000001d2 data = 0074
tb_g14_scale_n256_mig.gen_mem[0].u_comp_ddr3.data_task: at time 129453466.0 ps INFO: WRITE @ DQS= bank = 0 row = 2200 col = 000001d3 data = ddfe
tb_g14_scale_n256_mig.gen_mem[0].u_comp_ddr3.data_task: at time 129454966.0 ps INFO: WRITE @ DQS= bank = 0 row = 2200 col = 000001d4 data = ff8a
tb_g14_scale_n256_mig.gen_mem[0].u_comp_ddr3.data_task: at time 129456466.0 ps INFO: WRITE @ DQS= bank = 0 row = 2200 col = 000001d5 data = 2201
tb_g14_scale_n256_mig.gen_mem[0].u_comp_ddr3.data_task: at time 129457966.0 ps INFO: WRITE @ DQS= bank = 0 row = 2200 col = 000001d6 data = 0075
tb_g14_scale_n256_mig.gen_mem[0].u_comp_ddr3.data_task: at time 129459466.0 ps INFO: WRITE @ DQS= bank = 0 row = 2200 col = 000001d7 data = ddfe
tb_g14_scale_n256_mig.gen_mem[0].u_comp_ddr3.main: at time 129462466.0 ps INFO: Sync On Die Termination Rtt_NOM =          0 Ohm
tb_g14_scale_n256_mig.gen_mem[0].u_comp_ddr3.cmd_task: at time 129480466.0 ps INFO: Write     bank 0 col 1d8, auto precharge 0
tb_g14_scale_n256_mig.gen_mem[0].u_comp_ddr3.main: at time 129486466.0 ps INFO: Sync On Die Termination Rtt_NOM =         40 Ohm
tb_g14_scale_n256_mig.gen_mem[0].u_comp_ddr3.data_task: at time 129496966.0 ps INFO: WRITE @ DQS= bank = 0 row = 2200 col = 000001d8 data = ff89
tb_g14_scale_n256_mig.gen_mem[0].u_comp_ddr3.data_task: at time 129498466.0 ps INFO: WRITE @ DQS= bank = 0 row = 2200 col = 000001d9 data = 2201
tb_g14_scale_n256_mig.gen_mem[0].u_comp_ddr3.data_task: at time 129499966.0 ps INFO: WRITE @ DQS= bank = 0 row = 2200 col = 000001da data = 0076
tb_g14_scale_n256_mig.gen_mem[0].u_comp_ddr3.data_task: at time 129501466.0 ps INFO: WRITE @ DQS= bank = 0 row = 2200 col = 000001db data = ddfe
tb_g14_scale_n256_mig.gen_mem[0].u_comp_ddr3.data_task: at time 129502966.0 ps INFO: WRITE @ DQS= bank = 0 row = 2200 col = 000001dc data = ff88
tb_g14_scale_n256_mig.gen_mem[0].u_comp_ddr3.data_task: at time 129504466.0 ps INFO: WRITE @ DQS= bank = 0 row = 2200 col = 000001dd data = 2201
tb_g14_scale_n256_mig.gen_mem[0].u_comp_ddr3.data_task: at time 129505966.0 ps INFO: WRITE @ DQS= bank = 0 row = 2200 col = 000001de data = 0077
tb_g14_scale_n256_mig.gen_mem[0].u_comp_ddr3.data_task: at time 129507466.0 ps INFO: WRITE @ DQS= bank = 0 row = 2200 col = 000001df data = ddfe
tb_g14_scale_n256_mig.gen_mem[0].u_comp_ddr3.main: at time 129510466.0 ps INFO: Sync On Die Termination Rtt_NOM =          0 Ohm
tb_g14_scale_n256_mig.gen_mem[0].u_comp_ddr3.cmd_task: at time 129528466.0 ps INFO: Write     bank 0 col 1e0, auto precharge 0
tb_g14_scale_n256_mig.gen_mem[0].u_comp_ddr3.main: at time 129534466.0 ps INFO: Sync On Die Termination Rtt_NOM =         40 Ohm
tb_g14_scale_n256_mig.gen_mem[0].u_comp_ddr3.data_task: at time 129544966.0 ps INFO: WRITE @ DQS= bank = 0 row = 2200 col = 000001e0 data = ff87
tb_g14_scale_n256_mig.gen_mem[0].u_comp_ddr3.data_task: at time 129546466.0 ps INFO: WRITE @ DQS= bank = 0 row = 2200 col = 000001e1 data = 2201
tb_g14_scale_n256_mig.gen_mem[0].u_comp_ddr3.data_task: at time 129547966.0 ps INFO: WRITE @ DQS= bank = 0 row = 2200 col = 000001e2 data = 0078
tb_g14_scale_n256_mig.gen_mem[0].u_comp_ddr3.data_task: at time 129549466.0 ps INFO: WRITE @ DQS= bank = 0 row = 2200 col = 000001e3 data = ddfe
tb_g14_scale_n256_mig.gen_mem[0].u_comp_ddr3.data_task: at time 129550966.0 ps INFO: WRITE @ DQS= bank = 0 row = 2200 col = 000001e4 data = ff86
tb_g14_scale_n256_mig.gen_mem[0].u_comp_ddr3.data_task: at time 129552466.0 ps INFO: WRITE @ DQS= bank = 0 row = 2200 col = 000001e5 data = 2201
tb_g14_scale_n256_mig.gen_mem[0].u_comp_ddr3.data_task: at time 129553966.0 ps INFO: WRITE @ DQS= bank = 0 row = 2200 col = 000001e6 data = 0079
tb_g14_scale_n256_mig.gen_mem[0].u_comp_ddr3.data_task: at time 129555466.0 ps INFO: WRITE @ DQS= bank = 0 row = 2200 col = 000001e7 data = ddfe
tb_g14_scale_n256_mig.gen_mem[0].u_comp_ddr3.main: at time 129558466.0 ps INFO: Sync On Die Termination Rtt_NOM =          0 Ohm
tb_g14_scale_n256_mig.gen_mem[0].u_comp_ddr3.cmd_task: at time 129576466.0 ps INFO: Write     bank 0 col 1e8, auto precharge 0
tb_g14_scale_n256_mig.gen_mem[0].u_comp_ddr3.main: at time 129582466.0 ps INFO: Sync On Die Termination Rtt_NOM =         40 Ohm
tb_g14_scale_n256_mig.gen_mem[0].u_comp_ddr3.data_task: at time 129592966.0 ps INFO: WRITE @ DQS= bank = 0 row = 2200 col = 000001e8 data = ff85
tb_g14_scale_n256_mig.gen_mem[0].u_comp_ddr3.data_task: at time 129594466.0 ps INFO: WRITE @ DQS= bank = 0 row = 2200 col = 000001e9 data = 2201
tb_g14_scale_n256_mig.gen_mem[0].u_comp_ddr3.data_task: at time 129595966.0 ps INFO: WRITE @ DQS= bank = 0 row = 2200 col = 000001ea data = 007a
tb_g14_scale_n256_mig.gen_mem[0].u_comp_ddr3.data_task: at time 129597466.0 ps INFO: WRITE @ DQS= bank = 0 row = 2200 col = 000001eb data = ddfe
tb_g14_scale_n256_mig.gen_mem[0].u_comp_ddr3.data_task: at time 129598966.0 ps INFO: WRITE @ DQS= bank = 0 row = 2200 col = 000001ec data = ff84
tb_g14_scale_n256_mig.gen_mem[0].u_comp_ddr3.data_task: at time 129600466.0 ps INFO: WRITE @ DQS= bank = 0 row = 2200 col = 000001ed data = 2201
tb_g14_scale_n256_mig.gen_mem[0].u_comp_ddr3.data_task: at time 129601966.0 ps INFO: WRITE @ DQS= bank = 0 row = 2200 col = 000001ee data = 007b
tb_g14_scale_n256_mig.gen_mem[0].u_comp_ddr3.data_task: at time 129603466.0 ps INFO: WRITE @ DQS= bank = 0 row = 2200 col = 000001ef data = ddfe
tb_g14_scale_n256_mig.gen_mem[0].u_comp_ddr3.main: at time 129606466.0 ps INFO: Sync On Die Termination Rtt_NOM =          0 Ohm
tb_g14_scale_n256_mig.gen_mem[0].u_comp_ddr3.cmd_task: at time 129624466.0 ps INFO: Write     bank 0 col 1f0, auto precharge 0
tb_g14_scale_n256_mig.gen_mem[0].u_comp_ddr3.main: at time 129630466.0 ps INFO: Sync On Die Termination Rtt_NOM =         40 Ohm
tb_g14_scale_n256_mig.gen_mem[0].u_comp_ddr3.data_task: at time 129640966.0 ps INFO: WRITE @ DQS= bank = 0 row = 2200 col = 000001f0 data = ff83
tb_g14_scale_n256_mig.gen_mem[0].u_comp_ddr3.data_task: at time 129642466.0 ps INFO: WRITE @ DQS= bank = 0 row = 2200 col = 000001f1 data = 2201
tb_g14_scale_n256_mig.gen_mem[0].u_comp_ddr3.data_task: at time 129643966.0 ps INFO: WRITE @ DQS= bank = 0 row = 2200 col = 000001f2 data = 007c
tb_g14_scale_n256_mig.gen_mem[0].u_comp_ddr3.data_task: at time 129645466.0 ps INFO: WRITE @ DQS= bank = 0 row = 2200 col = 000001f3 data = ddfe
tb_g14_scale_n256_mig.gen_mem[0].u_comp_ddr3.data_task: at time 129646966.0 ps INFO: WRITE @ DQS= bank = 0 row = 2200 col = 000001f4 data = ff82
tb_g14_scale_n256_mig.gen_mem[0].u_comp_ddr3.data_task: at time 129648466.0 ps INFO: WRITE @ DQS= bank = 0 row = 2200 col = 000001f5 data = 2201
tb_g14_scale_n256_mig.gen_mem[0].u_comp_ddr3.data_task: at time 129649966.0 ps INFO: WRITE @ DQS= bank = 0 row = 2200 col = 000001f6 data = 007d
tb_g14_scale_n256_mig.gen_mem[0].u_comp_ddr3.data_task: at time 129651466.0 ps INFO: WRITE @ DQS= bank = 0 row = 2200 col = 000001f7 data = ddfe
tb_g14_scale_n256_mig.gen_mem[0].u_comp_ddr3.main: at time 129654466.0 ps INFO: Sync On Die Termination Rtt_NOM =          0 Ohm
tb_g14_scale_n256_mig.gen_mem[0].u_comp_ddr3.cmd_task: at time 129672466.0 ps INFO: Write     bank 0 col 1f8, auto precharge 0
tb_g14_scale_n256_mig.gen_mem[0].u_comp_ddr3.main: at time 129678466.0 ps INFO: Sync On Die Termination Rtt_NOM =         40 Ohm
tb_g14_scale_n256_mig.gen_mem[0].u_comp_ddr3.data_task: at time 129688966.0 ps INFO: WRITE @ DQS= bank = 0 row = 2200 col = 000001f8 data = ff81
tb_g14_scale_n256_mig.gen_mem[0].u_comp_ddr3.data_task: at time 129690466.0 ps INFO: WRITE @ DQS= bank = 0 row = 2200 col = 000001f9 data = 2201
tb_g14_scale_n256_mig.gen_mem[0].u_comp_ddr3.data_task: at time 129691966.0 ps INFO: WRITE @ DQS= bank = 0 row = 2200 col = 000001fa data = 007e
tb_g14_scale_n256_mig.gen_mem[0].u_comp_ddr3.data_task: at time 129693466.0 ps INFO: WRITE @ DQS= bank = 0 row = 2200 col = 000001fb data = ddfe
tb_g14_scale_n256_mig.gen_mem[0].u_comp_ddr3.data_task: at time 129694966.0 ps INFO: WRITE @ DQS= bank = 0 row = 2200 col = 000001fc data = ff80
tb_g14_scale_n256_mig.gen_mem[0].u_comp_ddr3.data_task: at time 129696466.0 ps INFO: WRITE @ DQS= bank = 0 row = 2200 col = 000001fd data = 2201
tb_g14_scale_n256_mig.gen_mem[0].u_comp_ddr3.data_task: at time 129697966.0 ps INFO: WRITE @ DQS= bank = 0 row = 2200 col = 000001fe data = 007f
tb_g14_scale_n256_mig.gen_mem[0].u_comp_ddr3.data_task: at time 129699466.0 ps INFO: WRITE @ DQS= bank = 0 row = 2200 col = 000001ff data = ddfe
tb_g14_scale_n256_mig.gen_mem[0].u_comp_ddr3.main: at time 129702466.0 ps INFO: Sync On Die Termination Rtt_NOM =          0 Ohm
tb_g14_scale_n256_mig.gen_mem[0].u_comp_ddr3.cmd_task: at time 129720466.0 ps INFO: Write     bank 0 col 200, auto precharge 0
tb_g14_scale_n256_mig.gen_mem[0].u_comp_ddr3.main: at time 129726466.0 ps INFO: Sync On Die Termination Rtt_NOM =         40 Ohm
tb_g14_scale_n256_mig.gen_mem[0].u_comp_ddr3.data_task: at time 129736966.0 ps INFO: WRITE @ DQS= bank = 0 row = 2200 col = 00000200 data = ff7f
tb_g14_scale_n256_mig.gen_mem[0].u_comp_ddr3.data_task: at time 129738466.0 ps INFO: WRITE @ DQS= bank = 0 row = 2200 col = 00000201 data = 2201
tb_g14_scale_n256_mig.gen_mem[0].u_comp_ddr3.data_task: at time 129739966.0 ps INFO: WRITE @ DQS= bank = 0 row = 2200 col = 00000202 data = 0080
tb_g14_scale_n256_mig.gen_mem[0].u_comp_ddr3.data_task: at time 129741466.0 ps INFO: WRITE @ DQS= bank = 0 row = 2200 col = 00000203 data = ddfe
tb_g14_scale_n256_mig.gen_mem[0].u_comp_ddr3.data_task: at time 129742966.0 ps INFO: WRITE @ DQS= bank = 0 row = 2200 col = 00000204 data = ff7e
tb_g14_scale_n256_mig.gen_mem[0].u_comp_ddr3.data_task: at time 129744466.0 ps INFO: WRITE @ DQS= bank = 0 row = 2200 col = 00000205 data = 2201
tb_g14_scale_n256_mig.gen_mem[0].u_comp_ddr3.data_task: at time 129745966.0 ps INFO: WRITE @ DQS= bank = 0 row = 2200 col = 00000206 data = 0081
tb_g14_scale_n256_mig.gen_mem[0].u_comp_ddr3.data_task: at time 129747466.0 ps INFO: WRITE @ DQS= bank = 0 row = 2200 col = 00000207 data = ddfe
tb_g14_scale_n256_mig.gen_mem[0].u_comp_ddr3.main: at time 129750466.0 ps INFO: Sync On Die Termination Rtt_NOM =          0 Ohm
tb_g14_scale_n256_mig.gen_mem[0].u_comp_ddr3.cmd_task: at time 129768466.0 ps INFO: Write     bank 0 col 208, auto precharge 0
tb_g14_scale_n256_mig.gen_mem[0].u_comp_ddr3.main: at time 129774466.0 ps INFO: Sync On Die Termination Rtt_NOM =         40 Ohm
tb_g14_scale_n256_mig.gen_mem[0].u_comp_ddr3.data_task: at time 129784966.0 ps INFO: WRITE @ DQS= bank = 0 row = 2200 col = 00000208 data = ff7d
tb_g14_scale_n256_mig.gen_mem[0].u_comp_ddr3.data_task: at time 129786466.0 ps INFO: WRITE @ DQS= bank = 0 row = 2200 col = 00000209 data = 2201
tb_g14_scale_n256_mig.gen_mem[0].u_comp_ddr3.data_task: at time 129787966.0 ps INFO: WRITE @ DQS= bank = 0 row = 2200 col = 0000020a data = 0082
tb_g14_scale_n256_mig.gen_mem[0].u_comp_ddr3.data_task: at time 129789466.0 ps INFO: WRITE @ DQS= bank = 0 row = 2200 col = 0000020b data = ddfe
tb_g14_scale_n256_mig.gen_mem[0].u_comp_ddr3.data_task: at time 129790966.0 ps INFO: WRITE @ DQS= bank = 0 row = 2200 col = 0000020c data = ff7c
tb_g14_scale_n256_mig.gen_mem[0].u_comp_ddr3.data_task: at time 129792466.0 ps INFO: WRITE @ DQS= bank = 0 row = 2200 col = 0000020d data = 2201
tb_g14_scale_n256_mig.gen_mem[0].u_comp_ddr3.data_task: at time 129793966.0 ps INFO: WRITE @ DQS= bank = 0 row = 2200 col = 0000020e data = 0083
tb_g14_scale_n256_mig.gen_mem[0].u_comp_ddr3.data_task: at time 129795466.0 ps INFO: WRITE @ DQS= bank = 0 row = 2200 col = 0000020f data = ddfe
tb_g14_scale_n256_mig.gen_mem[0].u_comp_ddr3.main: at time 129798466.0 ps INFO: Sync On Die Termination Rtt_NOM =          0 Ohm
tb_g14_scale_n256_mig.gen_mem[0].u_comp_ddr3.cmd_task: at time 129816466.0 ps INFO: Write     bank 0 col 210, auto precharge 0
tb_g14_scale_n256_mig.gen_mem[0].u_comp_ddr3.main: at time 129822466.0 ps INFO: Sync On Die Termination Rtt_NOM =         40 Ohm
tb_g14_scale_n256_mig.gen_mem[0].u_comp_ddr3.data_task: at time 129832966.0 ps INFO: WRITE @ DQS= bank = 0 row = 2200 col = 00000210 data = ff7b
tb_g14_scale_n256_mig.gen_mem[0].u_comp_ddr3.data_task: at time 129834466.0 ps INFO: WRITE @ DQS= bank = 0 row = 2200 col = 00000211 data = 2201
tb_g14_scale_n256_mig.gen_mem[0].u_comp_ddr3.data_task: at time 129835966.0 ps INFO: WRITE @ DQS= bank = 0 row = 2200 col = 00000212 data = 0084
tb_g14_scale_n256_mig.gen_mem[0].u_comp_ddr3.data_task: at time 129837466.0 ps INFO: WRITE @ DQS= bank = 0 row = 2200 col = 00000213 data = ddfe
tb_g14_scale_n256_mig.gen_mem[0].u_comp_ddr3.data_task: at time 129838966.0 ps INFO: WRITE @ DQS= bank = 0 row = 2200 col = 00000214 data = ff7a
tb_g14_scale_n256_mig.gen_mem[0].u_comp_ddr3.data_task: at time 129840466.0 ps INFO: WRITE @ DQS= bank = 0 row = 2200 col = 00000215 data = 2201
tb_g14_scale_n256_mig.gen_mem[0].u_comp_ddr3.data_task: at time 129841966.0 ps INFO: WRITE @ DQS= bank = 0 row = 2200 col = 00000216 data = 0085
tb_g14_scale_n256_mig.gen_mem[0].u_comp_ddr3.data_task: at time 129843466.0 ps INFO: WRITE @ DQS= bank = 0 row = 2200 col = 00000217 data = ddfe
tb_g14_scale_n256_mig.gen_mem[0].u_comp_ddr3.main: at time 129846466.0 ps INFO: Sync On Die Termination Rtt_NOM =          0 Ohm
tb_g14_scale_n256_mig.gen_mem[0].u_comp_ddr3.cmd_task: at time 129864466.0 ps INFO: Write     bank 0 col 218, auto precharge 0
tb_g14_scale_n256_mig.gen_mem[0].u_comp_ddr3.main: at time 129870466.0 ps INFO: Sync On Die Termination Rtt_NOM =         40 Ohm
tb_g14_scale_n256_mig.gen_mem[0].u_comp_ddr3.data_task: at time 129880966.0 ps INFO: WRITE @ DQS= bank = 0 row = 2200 col = 00000218 data = ff79
tb_g14_scale_n256_mig.gen_mem[0].u_comp_ddr3.data_task: at time 129882466.0 ps INFO: WRITE @ DQS= bank = 0 row = 2200 col = 00000219 data = 2201
tb_g14_scale_n256_mig.gen_mem[0].u_comp_ddr3.data_task: at time 129883966.0 ps INFO: WRITE @ DQS= bank = 0 row = 2200 col = 0000021a data = 0086
tb_g14_scale_n256_mig.gen_mem[0].u_comp_ddr3.data_task: at time 129885466.0 ps INFO: WRITE @ DQS= bank = 0 row = 2200 col = 0000021b data = ddfe
tb_g14_scale_n256_mig.gen_mem[0].u_comp_ddr3.data_task: at time 129886966.0 ps INFO: WRITE @ DQS= bank = 0 row = 2200 col = 0000021c data = ff78
tb_g14_scale_n256_mig.gen_mem[0].u_comp_ddr3.data_task: at time 129888466.0 ps INFO: WRITE @ DQS= bank = 0 row = 2200 col = 0000021d data = 2201
tb_g14_scale_n256_mig.gen_mem[0].u_comp_ddr3.data_task: at time 129889966.0 ps INFO: WRITE @ DQS= bank = 0 row = 2200 col = 0000021e data = 0087
tb_g14_scale_n256_mig.gen_mem[0].u_comp_ddr3.data_task: at time 129891466.0 ps INFO: WRITE @ DQS= bank = 0 row = 2200 col = 0000021f data = ddfe
tb_g14_scale_n256_mig.gen_mem[0].u_comp_ddr3.main: at time 129894466.0 ps INFO: Sync On Die Termination Rtt_NOM =          0 Ohm
tb_g14_scale_n256_mig.gen_mem[0].u_comp_ddr3.cmd_task: at time 129912466.0 ps INFO: Read      bank 0 col 218, auto precharge 0
tb_g14_scale_n256_mig.gen_mem[0].u_comp_ddr3.cmd_task: at time 129924466.0 ps INFO: Read      bank 0 col 218, auto precharge 0
tb_g14_scale_n256_mig.gen_mem[0].u_comp_ddr3.data_task: at time 129925966.0 ps INFO: READ @ DQS= bank = 0 row = 2200 col = 00000218 data = ff79
tb_g14_scale_n256_mig.gen_mem[0].u_comp_ddr3.data_task: at time 129927466.0 ps INFO: READ @ DQS= bank = 0 row = 2200 col = 00000219 data = 2201
tb_g14_scale_n256_mig.gen_mem[0].u_comp_ddr3.data_task: at time 129928966.0 ps INFO: READ @ DQS= bank = 0 row = 2200 col = 0000021a data = 0086
tb_g14_scale_n256_mig.gen_mem[0].u_comp_ddr3.data_task: at time 129930466.0 ps INFO: READ @ DQS= bank = 0 row = 2200 col = 0000021b data = ddfe
tb_g14_scale_n256_mig.gen_mem[0].u_comp_ddr3.data_task: at time 129931966.0 ps INFO: READ @ DQS= bank = 0 row = 2200 col = 0000021c data = ff78
tb_g14_scale_n256_mig.gen_mem[0].u_comp_ddr3.data_task: at time 129933466.0 ps INFO: READ @ DQS= bank = 0 row = 2200 col = 0000021d data = 2201
tb_g14_scale_n256_mig.gen_mem[0].u_comp_ddr3.data_task: at time 129934966.0 ps INFO: READ @ DQS= bank = 0 row = 2200 col = 0000021e data = 0087
tb_g14_scale_n256_mig.gen_mem[0].u_comp_ddr3.data_task: at time 129936466.0 ps INFO: READ @ DQS= bank = 0 row = 2200 col = 0000021f data = ddfe
tb_g14_scale_n256_mig.gen_mem[0].u_comp_ddr3.data_task: at time 129937966.0 ps INFO: READ @ DQS= bank = 0 row = 2200 col = 00000218 data = ff79
tb_g14_scale_n256_mig.gen_mem[0].u_comp_ddr3.data_task: at time 129939466.0 ps INFO: READ @ DQS= bank = 0 row = 2200 col = 00000219 data = 2201
tb_g14_scale_n256_mig.gen_mem[0].u_comp_ddr3.data_task: at time 129940966.0 ps INFO: READ @ DQS= bank = 0 row = 2200 col = 0000021a data = 0086
tb_g14_scale_n256_mig.gen_mem[0].u_comp_ddr3.data_task: at time 129942466.0 ps INFO: READ @ DQS= bank = 0 row = 2200 col = 0000021b data = ddfe
tb_g14_scale_n256_mig.gen_mem[0].u_comp_ddr3.data_task: at time 129943966.0 ps INFO: READ @ DQS= bank = 0 row = 2200 col = 0000021c data = ff78
tb_g14_scale_n256_mig.gen_mem[0].u_comp_ddr3.data_task: at time 129945466.0 ps INFO: READ @ DQS= bank = 0 row = 2200 col = 0000021d data = 2201
tb_g14_scale_n256_mig.gen_mem[0].u_comp_ddr3.data_task: at time 129946966.0 ps INFO: READ @ DQS= bank = 0 row = 2200 col = 0000021e data = 0087
tb_g14_scale_n256_mig.gen_mem[0].u_comp_ddr3.data_task: at time 129948466.0 ps INFO: READ @ DQS= bank = 0 row = 2200 col = 0000021f data = ddfe
tb_g14_scale_n256_mig.gen_mem[0].u_comp_ddr3.cmd_task: at time 129948466.0 ps INFO: Write     bank 0 col 220, auto precharge 0
tb_g14_scale_n256_mig.gen_mem[0].u_comp_ddr3.main: at time 129954466.0 ps INFO: Sync On Die Termination Rtt_NOM =         40 Ohm
tb_g14_scale_n256_mig.gen_mem[0].u_comp_ddr3.cmd_task: at time 129960466.0 ps INFO: Write     bank 0 col 228, auto precharge 0
tb_g14_scale_n256_mig.gen_mem[0].u_comp_ddr3.data_task: at time 129964966.0 ps INFO: WRITE @ DQS= bank = 0 row = 2200 col = 00000220 data = ff77
tb_g14_scale_n256_mig.gen_mem[0].u_comp_ddr3.data_task: at time 129966466.0 ps INFO: WRITE @ DQS= bank = 0 row = 2200 col = 00000221 data = 2201
tb_g14_scale_n256_mig.gen_mem[0].u_comp_ddr3.data_task: at time 129967966.0 ps INFO: WRITE @ DQS= bank = 0 row = 2200 col = 00000222 data = 0088
tb_g14_scale_n256_mig.gen_mem[0].u_comp_ddr3.data_task: at time 129969466.0 ps INFO: WRITE @ DQS= bank = 0 row = 2200 col = 00000223 data = ddfe
tb_g14_scale_n256_mig.gen_mem[0].u_comp_ddr3.data_task: at time 129970966.0 ps INFO: WRITE @ DQS= bank = 0 row = 2200 col = 00000224 data = ff76
tb_g14_scale_n256_mig.gen_mem[0].u_comp_ddr3.data_task: at time 129972466.0 ps INFO: WRITE @ DQS= bank = 0 row = 2200 col = 00000225 data = 2201
tb_g14_scale_n256_mig.gen_mem[0].u_comp_ddr3.data_task: at time 129973966.0 ps INFO: WRITE @ DQS= bank = 0 row = 2200 col = 00000226 data = 0089
tb_g14_scale_n256_mig.gen_mem[0].u_comp_ddr3.data_task: at time 129975466.0 ps INFO: WRITE @ DQS= bank = 0 row = 2200 col = 00000227 data = ddfe
tb_g14_scale_n256_mig.gen_mem[0].u_comp_ddr3.data_task: at time 129976966.0 ps INFO: WRITE @ DQS= bank = 0 row = 2200 col = 00000228 data = ff75
tb_g14_scale_n256_mig.gen_mem[0].u_comp_ddr3.data_task: at time 129978466.0 ps INFO: WRITE @ DQS= bank = 0 row = 2200 col = 00000229 data = 2201
tb_g14_scale_n256_mig.gen_mem[0].u_comp_ddr3.data_task: at time 129979966.0 ps INFO: WRITE @ DQS= bank = 0 row = 2200 col = 0000022a data = 008a
tb_g14_scale_n256_mig.gen_mem[0].u_comp_ddr3.data_task: at time 129981466.0 ps INFO: WRITE @ DQS= bank = 0 row = 2200 col = 0000022b data = ddfe
tb_g14_scale_n256_mig.gen_mem[0].u_comp_ddr3.data_task: at time 129982966.0 ps INFO: WRITE @ DQS= bank = 0 row = 2200 col = 0000022c data = ff74
tb_g14_scale_n256_mig.gen_mem[0].u_comp_ddr3.data_task: at time 129984466.0 ps INFO: WRITE @ DQS= bank = 0 row = 2200 col = 0000022d data = 2201
tb_g14_scale_n256_mig.gen_mem[0].u_comp_ddr3.data_task: at time 129985966.0 ps INFO: WRITE @ DQS= bank = 0 row = 2200 col = 0000022e data = 008b
tb_g14_scale_n256_mig.gen_mem[0].u_comp_ddr3.data_task: at time 129987466.0 ps INFO: WRITE @ DQS= bank = 0 row = 2200 col = 0000022f data = ddfe
tb_g14_scale_n256_mig.gen_mem[0].u_comp_ddr3.main: at time 129990466.0 ps INFO: Sync On Die Termination Rtt_NOM =          0 Ohm
tb_g14_scale_n256_mig.gen_mem[0].u_comp_ddr3.cmd_task: at time 130008466.0 ps INFO: Write     bank 0 col 230, auto precharge 0
tb_g14_scale_n256_mig.gen_mem[0].u_comp_ddr3.main: at time 130014466.0 ps INFO: Sync On Die Termination Rtt_NOM =         40 Ohm
tb_g14_scale_n256_mig.gen_mem[0].u_comp_ddr3.data_task: at time 130024966.0 ps INFO: WRITE @ DQS= bank = 0 row = 2200 col = 00000230 data = ff73
tb_g14_scale_n256_mig.gen_mem[0].u_comp_ddr3.data_task: at time 130026466.0 ps INFO: WRITE @ DQS= bank = 0 row = 2200 col = 00000231 data = 2201
tb_g14_scale_n256_mig.gen_mem[0].u_comp_ddr3.data_task: at time 130027966.0 ps INFO: WRITE @ DQS= bank = 0 row = 2200 col = 00000232 data = 008c
tb_g14_scale_n256_mig.gen_mem[0].u_comp_ddr3.data_task: at time 130029466.0 ps INFO: WRITE @ DQS= bank = 0 row = 2200 col = 00000233 data = ddfe
tb_g14_scale_n256_mig.gen_mem[0].u_comp_ddr3.data_task: at time 130030966.0 ps INFO: WRITE @ DQS= bank = 0 row = 2200 col = 00000234 data = ff72
tb_g14_scale_n256_mig.gen_mem[0].u_comp_ddr3.data_task: at time 130032466.0 ps INFO: WRITE @ DQS= bank = 0 row = 2200 col = 00000235 data = 2201
tb_g14_scale_n256_mig.gen_mem[0].u_comp_ddr3.data_task: at time 130033966.0 ps INFO: WRITE @ DQS= bank = 0 row = 2200 col = 00000236 data = 008d
tb_g14_scale_n256_mig.gen_mem[0].u_comp_ddr3.data_task: at time 130035466.0 ps INFO: WRITE @ DQS= bank = 0 row = 2200 col = 00000237 data = ddfe
tb_g14_scale_n256_mig.gen_mem[0].u_comp_ddr3.main: at time 130038466.0 ps INFO: Sync On Die Termination Rtt_NOM =          0 Ohm
tb_g14_scale_n256_mig.gen_mem[0].u_comp_ddr3.cmd_task: at time 130056466.0 ps INFO: Write     bank 0 col 238, auto precharge 0
tb_g14_scale_n256_mig.gen_mem[0].u_comp_ddr3.main: at time 130062466.0 ps INFO: Sync On Die Termination Rtt_NOM =         40 Ohm
tb_g14_scale_n256_mig.gen_mem[0].u_comp_ddr3.data_task: at time 130072966.0 ps INFO: WRITE @ DQS= bank = 0 row = 2200 col = 00000238 data = ff71
tb_g14_scale_n256_mig.gen_mem[0].u_comp_ddr3.data_task: at time 130074466.0 ps INFO: WRITE @ DQS= bank = 0 row = 2200 col = 00000239 data = 2201
tb_g14_scale_n256_mig.gen_mem[0].u_comp_ddr3.data_task: at time 130075966.0 ps INFO: WRITE @ DQS= bank = 0 row = 2200 col = 0000023a data = 008e
tb_g14_scale_n256_mig.gen_mem[0].u_comp_ddr3.data_task: at time 130077466.0 ps INFO: WRITE @ DQS= bank = 0 row = 2200 col = 0000023b data = ddfe
tb_g14_scale_n256_mig.gen_mem[0].u_comp_ddr3.data_task: at time 130078966.0 ps INFO: WRITE @ DQS= bank = 0 row = 2200 col = 0000023c data = ff70
tb_g14_scale_n256_mig.gen_mem[0].u_comp_ddr3.data_task: at time 130080466.0 ps INFO: WRITE @ DQS= bank = 0 row = 2200 col = 0000023d data = 2201
tb_g14_scale_n256_mig.gen_mem[0].u_comp_ddr3.data_task: at time 130081966.0 ps INFO: WRITE @ DQS= bank = 0 row = 2200 col = 0000023e data = 008f
tb_g14_scale_n256_mig.gen_mem[0].u_comp_ddr3.data_task: at time 130083466.0 ps INFO: WRITE @ DQS= bank = 0 row = 2200 col = 0000023f data = ddfe
tb_g14_scale_n256_mig.gen_mem[0].u_comp_ddr3.main: at time 130086466.0 ps INFO: Sync On Die Termination Rtt_NOM =          0 Ohm
tb_g14_scale_n256_mig.gen_mem[0].u_comp_ddr3.cmd_task: at time 130119466.0 ps INFO: Precharge bank   0
tb_g14_scale_n256_mig.gen_mem[0].u_comp_ddr3.cmd_task: at time 130149466.0 ps INFO: Refresh  
tb_g14_scale_n256_mig.gen_mem[0].u_comp_ddr3.cmd_task: at time 130317466.0 ps INFO: Activate  bank 0 row 2200
tb_g14_scale_n256_mig.gen_mem[0].u_comp_ddr3.cmd_task: at time 130332466.0 ps INFO: Write     bank 0 col 240, auto precharge 0
tb_g14_scale_n256_mig.gen_mem[0].u_comp_ddr3.main: at time 130338466.0 ps INFO: Sync On Die Termination Rtt_NOM =         40 Ohm
tb_g14_scale_n256_mig.gen_mem[0].u_comp_ddr3.cmd_task: at time 130344466.0 ps INFO: Write     bank 0 col 248, auto precharge 0
tb_g14_scale_n256_mig.gen_mem[0].u_comp_ddr3.data_task: at time 130348966.0 ps INFO: WRITE @ DQS= bank = 0 row = 2200 col = 00000240 data = ff6f
tb_g14_scale_n256_mig.gen_mem[0].u_comp_ddr3.data_task: at time 130350466.0 ps INFO: WRITE @ DQS= bank = 0 row = 2200 col = 00000241 data = 2201
tb_g14_scale_n256_mig.gen_mem[0].u_comp_ddr3.data_task: at time 130351966.0 ps INFO: WRITE @ DQS= bank = 0 row = 2200 col = 00000242 data = 0090
tb_g14_scale_n256_mig.gen_mem[0].u_comp_ddr3.data_task: at time 130353466.0 ps INFO: WRITE @ DQS= bank = 0 row = 2200 col = 00000243 data = ddfe
tb_g14_scale_n256_mig.gen_mem[0].u_comp_ddr3.data_task: at time 130354966.0 ps INFO: WRITE @ DQS= bank = 0 row = 2200 col = 00000244 data = ff6e
tb_g14_scale_n256_mig.gen_mem[0].u_comp_ddr3.data_task: at time 130356466.0 ps INFO: WRITE @ DQS= bank = 0 row = 2200 col = 00000245 data = 2201
tb_g14_scale_n256_mig.gen_mem[0].u_comp_ddr3.cmd_task: at time 130356466.0 ps INFO: Write     bank 0 col 250, auto precharge 0
tb_g14_scale_n256_mig.gen_mem[0].u_comp_ddr3.data_task: at time 130357966.0 ps INFO: WRITE @ DQS= bank = 0 row = 2200 col = 00000246 data = 0091
tb_g14_scale_n256_mig.gen_mem[0].u_comp_ddr3.data_task: at time 130359466.0 ps INFO: WRITE @ DQS= bank = 0 row = 2200 col = 00000247 data = ddfe
tb_g14_scale_n256_mig.gen_mem[0].u_comp_ddr3.data_task: at time 130360966.0 ps INFO: WRITE @ DQS= bank = 0 row = 2200 col = 00000248 data = ff6d
tb_g14_scale_n256_mig.gen_mem[0].u_comp_ddr3.data_task: at time 130362466.0 ps INFO: WRITE @ DQS= bank = 0 row = 2200 col = 00000249 data = 2201
tb_g14_scale_n256_mig.gen_mem[0].u_comp_ddr3.data_task: at time 130363966.0 ps INFO: WRITE @ DQS= bank = 0 row = 2200 col = 0000024a data = 0092
tb_g14_scale_n256_mig.gen_mem[0].u_comp_ddr3.data_task: at time 130365466.0 ps INFO: WRITE @ DQS= bank = 0 row = 2200 col = 0000024b data = ddfe
tb_g14_scale_n256_mig.gen_mem[0].u_comp_ddr3.data_task: at time 130366966.0 ps INFO: WRITE @ DQS= bank = 0 row = 2200 col = 0000024c data = ff6c
tb_g14_scale_n256_mig.gen_mem[0].u_comp_ddr3.data_task: at time 130368466.0 ps INFO: WRITE @ DQS= bank = 0 row = 2200 col = 0000024d data = 2201
tb_g14_scale_n256_mig.gen_mem[0].u_comp_ddr3.cmd_task: at time 130368466.0 ps INFO: Write     bank 0 col 258, auto precharge 0
tb_g14_scale_n256_mig.gen_mem[0].u_comp_ddr3.data_task: at time 130369966.0 ps INFO: WRITE @ DQS= bank = 0 row = 2200 col = 0000024e data = 0093
tb_g14_scale_n256_mig.gen_mem[0].u_comp_ddr3.data_task: at time 130371466.0 ps INFO: WRITE @ DQS= bank = 0 row = 2200 col = 0000024f data = ddfe
tb_g14_scale_n256_mig.gen_mem[0].u_comp_ddr3.data_task: at time 130372966.0 ps INFO: WRITE @ DQS= bank = 0 row = 2200 col = 00000250 data = ff6b
tb_g14_scale_n256_mig.gen_mem[0].u_comp_ddr3.data_task: at time 130374466.0 ps INFO: WRITE @ DQS= bank = 0 row = 2200 col = 00000251 data = 2201
tb_g14_scale_n256_mig.gen_mem[0].u_comp_ddr3.data_task: at time 130375966.0 ps INFO: WRITE @ DQS= bank = 0 row = 2200 col = 00000252 data = 0094
tb_g14_scale_n256_mig.gen_mem[0].u_comp_ddr3.data_task: at time 130377466.0 ps INFO: WRITE @ DQS= bank = 0 row = 2200 col = 00000253 data = ddfe
tb_g14_scale_n256_mig.gen_mem[0].u_comp_ddr3.data_task: at time 130378966.0 ps INFO: WRITE @ DQS= bank = 0 row = 2200 col = 00000254 data = ff6a
tb_g14_scale_n256_mig.gen_mem[0].u_comp_ddr3.data_task: at time 130380466.0 ps INFO: WRITE @ DQS= bank = 0 row = 2200 col = 00000255 data = 2201
tb_g14_scale_n256_mig.gen_mem[0].u_comp_ddr3.data_task: at time 130381966.0 ps INFO: WRITE @ DQS= bank = 0 row = 2200 col = 00000256 data = 0095
tb_g14_scale_n256_mig.gen_mem[0].u_comp_ddr3.data_task: at time 130383466.0 ps INFO: WRITE @ DQS= bank = 0 row = 2200 col = 00000257 data = ddfe
tb_g14_scale_n256_mig.gen_mem[0].u_comp_ddr3.data_task: at time 130384966.0 ps INFO: WRITE @ DQS= bank = 0 row = 2200 col = 00000258 data = ff69
tb_g14_scale_n256_mig.gen_mem[0].u_comp_ddr3.data_task: at time 130386466.0 ps INFO: WRITE @ DQS= bank = 0 row = 2200 col = 00000259 data = 2201
tb_g14_scale_n256_mig.gen_mem[0].u_comp_ddr3.data_task: at time 130387966.0 ps INFO: WRITE @ DQS= bank = 0 row = 2200 col = 0000025a data = 0096
tb_g14_scale_n256_mig.gen_mem[0].u_comp_ddr3.data_task: at time 130389466.0 ps INFO: WRITE @ DQS= bank = 0 row = 2200 col = 0000025b data = ddfe
tb_g14_scale_n256_mig.gen_mem[0].u_comp_ddr3.data_task: at time 130390966.0 ps INFO: WRITE @ DQS= bank = 0 row = 2200 col = 0000025c data = ff68
tb_g14_scale_n256_mig.gen_mem[0].u_comp_ddr3.data_task: at time 130392466.0 ps INFO: WRITE @ DQS= bank = 0 row = 2200 col = 0000025d data = 2201
tb_g14_scale_n256_mig.gen_mem[0].u_comp_ddr3.cmd_task: at time 130392466.0 ps INFO: Write     bank 0 col 260, auto precharge 0
tb_g14_scale_n256_mig.gen_mem[0].u_comp_ddr3.data_task: at time 130393966.0 ps INFO: WRITE @ DQS= bank = 0 row = 2200 col = 0000025e data = 0097
tb_g14_scale_n256_mig.gen_mem[0].u_comp_ddr3.data_task: at time 130395466.0 ps INFO: WRITE @ DQS= bank = 0 row = 2200 col = 0000025f data = ddfe
tb_g14_scale_n256_mig.gen_mem[0].u_comp_ddr3.data_task: at time 130408966.0 ps INFO: WRITE @ DQS= bank = 0 row = 2200 col = 00000260 data = ff67
tb_g14_scale_n256_mig.gen_mem[0].u_comp_ddr3.data_task: at time 130410466.0 ps INFO: WRITE @ DQS= bank = 0 row = 2200 col = 00000261 data = 2201
tb_g14_scale_n256_mig.gen_mem[0].u_comp_ddr3.data_task: at time 130411966.0 ps INFO: WRITE @ DQS= bank = 0 row = 2200 col = 00000262 data = 0098
tb_g14_scale_n256_mig.gen_mem[0].u_comp_ddr3.data_task: at time 130413466.0 ps INFO: WRITE @ DQS= bank = 0 row = 2200 col = 00000263 data = ddfe
tb_g14_scale_n256_mig.gen_mem[0].u_comp_ddr3.data_task: at time 130414966.0 ps INFO: WRITE @ DQS= bank = 0 row = 2200 col = 00000264 data = ff66
tb_g14_scale_n256_mig.gen_mem[0].u_comp_ddr3.data_task: at time 130416466.0 ps INFO: WRITE @ DQS= bank = 0 row = 2200 col = 00000265 data = 2201
tb_g14_scale_n256_mig.gen_mem[0].u_comp_ddr3.data_task: at time 130417966.0 ps INFO: WRITE @ DQS= bank = 0 row = 2200 col = 00000266 data = 0099
tb_g14_scale_n256_mig.gen_mem[0].u_comp_ddr3.data_task: at time 130419466.0 ps INFO: WRITE @ DQS= bank = 0 row = 2200 col = 00000267 data = ddfe
tb_g14_scale_n256_mig.gen_mem[0].u_comp_ddr3.main: at time 130422466.0 ps INFO: Sync On Die Termination Rtt_NOM =          0 Ohm
tb_g14_scale_n256_mig.gen_mem[0].u_comp_ddr3.cmd_task: at time 130440466.0 ps INFO: Write     bank 0 col 268, auto precharge 0
tb_g14_scale_n256_mig.gen_mem[0].u_comp_ddr3.main: at time 130446466.0 ps INFO: Sync On Die Termination Rtt_NOM =         40 Ohm
tb_g14_scale_n256_mig.gen_mem[0].u_comp_ddr3.data_task: at time 130456966.0 ps INFO: WRITE @ DQS= bank = 0 row = 2200 col = 00000268 data = ff65
tb_g14_scale_n256_mig.gen_mem[0].u_comp_ddr3.data_task: at time 130458466.0 ps INFO: WRITE @ DQS= bank = 0 row = 2200 col = 00000269 data = 2201
tb_g14_scale_n256_mig.gen_mem[0].u_comp_ddr3.data_task: at time 130459966.0 ps INFO: WRITE @ DQS= bank = 0 row = 2200 col = 0000026a data = 009a
tb_g14_scale_n256_mig.gen_mem[0].u_comp_ddr3.data_task: at time 130461466.0 ps INFO: WRITE @ DQS= bank = 0 row = 2200 col = 0000026b data = ddfe
tb_g14_scale_n256_mig.gen_mem[0].u_comp_ddr3.data_task: at time 130462966.0 ps INFO: WRITE @ DQS= bank = 0 row = 2200 col = 0000026c data = ff64
tb_g14_scale_n256_mig.gen_mem[0].u_comp_ddr3.data_task: at time 130464466.0 ps INFO: WRITE @ DQS= bank = 0 row = 2200 col = 0000026d data = 2201
tb_g14_scale_n256_mig.gen_mem[0].u_comp_ddr3.data_task: at time 130465966.0 ps INFO: WRITE @ DQS= bank = 0 row = 2200 col = 0000026e data = 009b
tb_g14_scale_n256_mig.gen_mem[0].u_comp_ddr3.data_task: at time 130467466.0 ps INFO: WRITE @ DQS= bank = 0 row = 2200 col = 0000026f data = ddfe
tb_g14_scale_n256_mig.gen_mem[0].u_comp_ddr3.main: at time 130470466.0 ps INFO: Sync On Die Termination Rtt_NOM =          0 Ohm
tb_g14_scale_n256_mig.gen_mem[0].u_comp_ddr3.cmd_task: at time 130488466.0 ps INFO: Write     bank 0 col 270, auto precharge 0
tb_g14_scale_n256_mig.gen_mem[0].u_comp_ddr3.main: at time 130494466.0 ps INFO: Sync On Die Termination Rtt_NOM =         40 Ohm
tb_g14_scale_n256_mig.gen_mem[0].u_comp_ddr3.data_task: at time 130504966.0 ps INFO: WRITE @ DQS= bank = 0 row = 2200 col = 00000270 data = ff63
tb_g14_scale_n256_mig.gen_mem[0].u_comp_ddr3.data_task: at time 130506466.0 ps INFO: WRITE @ DQS= bank = 0 row = 2200 col = 00000271 data = 2201
tb_g14_scale_n256_mig.gen_mem[0].u_comp_ddr3.data_task: at time 130507966.0 ps INFO: WRITE @ DQS= bank = 0 row = 2200 col = 00000272 data = 009c
tb_g14_scale_n256_mig.gen_mem[0].u_comp_ddr3.data_task: at time 130509466.0 ps INFO: WRITE @ DQS= bank = 0 row = 2200 col = 00000273 data = ddfe
tb_g14_scale_n256_mig.gen_mem[0].u_comp_ddr3.data_task: at time 130510966.0 ps INFO: WRITE @ DQS= bank = 0 row = 2200 col = 00000274 data = ff62
tb_g14_scale_n256_mig.gen_mem[0].u_comp_ddr3.data_task: at time 130512466.0 ps INFO: WRITE @ DQS= bank = 0 row = 2200 col = 00000275 data = 2201
tb_g14_scale_n256_mig.gen_mem[0].u_comp_ddr3.data_task: at time 130513966.0 ps INFO: WRITE @ DQS= bank = 0 row = 2200 col = 00000276 data = 009d
tb_g14_scale_n256_mig.gen_mem[0].u_comp_ddr3.data_task: at time 130515466.0 ps INFO: WRITE @ DQS= bank = 0 row = 2200 col = 00000277 data = ddfe
tb_g14_scale_n256_mig.gen_mem[0].u_comp_ddr3.main: at time 130518466.0 ps INFO: Sync On Die Termination Rtt_NOM =          0 Ohm
tb_g14_scale_n256_mig.gen_mem[0].u_comp_ddr3.cmd_task: at time 130536466.0 ps INFO: Write     bank 0 col 278, auto precharge 0
tb_g14_scale_n256_mig.gen_mem[0].u_comp_ddr3.main: at time 130542466.0 ps INFO: Sync On Die Termination Rtt_NOM =         40 Ohm
tb_g14_scale_n256_mig.gen_mem[0].u_comp_ddr3.data_task: at time 130552966.0 ps INFO: WRITE @ DQS= bank = 0 row = 2200 col = 00000278 data = ff61
tb_g14_scale_n256_mig.gen_mem[0].u_comp_ddr3.data_task: at time 130554466.0 ps INFO: WRITE @ DQS= bank = 0 row = 2200 col = 00000279 data = 2201
tb_g14_scale_n256_mig.gen_mem[0].u_comp_ddr3.data_task: at time 130555966.0 ps INFO: WRITE @ DQS= bank = 0 row = 2200 col = 0000027a data = 009e
tb_g14_scale_n256_mig.gen_mem[0].u_comp_ddr3.data_task: at time 130557466.0 ps INFO: WRITE @ DQS= bank = 0 row = 2200 col = 0000027b data = ddfe
tb_g14_scale_n256_mig.gen_mem[0].u_comp_ddr3.data_task: at time 130558966.0 ps INFO: WRITE @ DQS= bank = 0 row = 2200 col = 0000027c data = ff60
tb_g14_scale_n256_mig.gen_mem[0].u_comp_ddr3.data_task: at time 130560466.0 ps INFO: WRITE @ DQS= bank = 0 row = 2200 col = 0000027d data = 2201
tb_g14_scale_n256_mig.gen_mem[0].u_comp_ddr3.data_task: at time 130561966.0 ps INFO: WRITE @ DQS= bank = 0 row = 2200 col = 0000027e data = 009f
tb_g14_scale_n256_mig.gen_mem[0].u_comp_ddr3.data_task: at time 130563466.0 ps INFO: WRITE @ DQS= bank = 0 row = 2200 col = 0000027f data = ddfe
tb_g14_scale_n256_mig.gen_mem[0].u_comp_ddr3.main: at time 130566466.0 ps INFO: Sync On Die Termination Rtt_NOM =          0 Ohm
tb_g14_scale_n256_mig.gen_mem[0].u_comp_ddr3.cmd_task: at time 130584466.0 ps INFO: Write     bank 0 col 280, auto precharge 0
tb_g14_scale_n256_mig.gen_mem[0].u_comp_ddr3.main: at time 130590466.0 ps INFO: Sync On Die Termination Rtt_NOM =         40 Ohm
tb_g14_scale_n256_mig.gen_mem[0].u_comp_ddr3.data_task: at time 130600966.0 ps INFO: WRITE @ DQS= bank = 0 row = 2200 col = 00000280 data = ff5f
tb_g14_scale_n256_mig.gen_mem[0].u_comp_ddr3.data_task: at time 130602466.0 ps INFO: WRITE @ DQS= bank = 0 row = 2200 col = 00000281 data = 2201
tb_g14_scale_n256_mig.gen_mem[0].u_comp_ddr3.data_task: at time 130603966.0 ps INFO: WRITE @ DQS= bank = 0 row = 2200 col = 00000282 data = 00a0
tb_g14_scale_n256_mig.gen_mem[0].u_comp_ddr3.data_task: at time 130605466.0 ps INFO: WRITE @ DQS= bank = 0 row = 2200 col = 00000283 data = ddfe
tb_g14_scale_n256_mig.gen_mem[0].u_comp_ddr3.data_task: at time 130606966.0 ps INFO: WRITE @ DQS= bank = 0 row = 2200 col = 00000284 data = ff5e
tb_g14_scale_n256_mig.gen_mem[0].u_comp_ddr3.data_task: at time 130608466.0 ps INFO: WRITE @ DQS= bank = 0 row = 2200 col = 00000285 data = 2201
tb_g14_scale_n256_mig.gen_mem[0].u_comp_ddr3.data_task: at time 130609966.0 ps INFO: WRITE @ DQS= bank = 0 row = 2200 col = 00000286 data = 00a1
tb_g14_scale_n256_mig.gen_mem[0].u_comp_ddr3.data_task: at time 130611466.0 ps INFO: WRITE @ DQS= bank = 0 row = 2200 col = 00000287 data = ddfe
tb_g14_scale_n256_mig.gen_mem[0].u_comp_ddr3.main: at time 130614466.0 ps INFO: Sync On Die Termination Rtt_NOM =          0 Ohm
tb_g14_scale_n256_mig.gen_mem[0].u_comp_ddr3.cmd_task: at time 130632466.0 ps INFO: Write     bank 0 col 288, auto precharge 0
tb_g14_scale_n256_mig.gen_mem[0].u_comp_ddr3.main: at time 130638466.0 ps INFO: Sync On Die Termination Rtt_NOM =         40 Ohm
tb_g14_scale_n256_mig.gen_mem[0].u_comp_ddr3.data_task: at time 130648966.0 ps INFO: WRITE @ DQS= bank = 0 row = 2200 col = 00000288 data = ff5d
tb_g14_scale_n256_mig.gen_mem[0].u_comp_ddr3.data_task: at time 130650466.0 ps INFO: WRITE @ DQS= bank = 0 row = 2200 col = 00000289 data = 2201
tb_g14_scale_n256_mig.gen_mem[0].u_comp_ddr3.data_task: at time 130651966.0 ps INFO: WRITE @ DQS= bank = 0 row = 2200 col = 0000028a data = 00a2
tb_g14_scale_n256_mig.gen_mem[0].u_comp_ddr3.data_task: at time 130653466.0 ps INFO: WRITE @ DQS= bank = 0 row = 2200 col = 0000028b data = ddfe
tb_g14_scale_n256_mig.gen_mem[0].u_comp_ddr3.data_task: at time 130654966.0 ps INFO: WRITE @ DQS= bank = 0 row = 2200 col = 0000028c data = ff5c
tb_g14_scale_n256_mig.gen_mem[0].u_comp_ddr3.data_task: at time 130656466.0 ps INFO: WRITE @ DQS= bank = 0 row = 2200 col = 0000028d data = 2201
tb_g14_scale_n256_mig.gen_mem[0].u_comp_ddr3.data_task: at time 130657966.0 ps INFO: WRITE @ DQS= bank = 0 row = 2200 col = 0000028e data = 00a3
tb_g14_scale_n256_mig.gen_mem[0].u_comp_ddr3.data_task: at time 130659466.0 ps INFO: WRITE @ DQS= bank = 0 row = 2200 col = 0000028f data = ddfe
tb_g14_scale_n256_mig.gen_mem[0].u_comp_ddr3.main: at time 130662466.0 ps INFO: Sync On Die Termination Rtt_NOM =          0 Ohm
tb_g14_scale_n256_mig.gen_mem[0].u_comp_ddr3.cmd_task: at time 130680466.0 ps INFO: Write     bank 0 col 290, auto precharge 0
tb_g14_scale_n256_mig.gen_mem[0].u_comp_ddr3.main: at time 130686466.0 ps INFO: Sync On Die Termination Rtt_NOM =         40 Ohm
tb_g14_scale_n256_mig.gen_mem[0].u_comp_ddr3.data_task: at time 130696966.0 ps INFO: WRITE @ DQS= bank = 0 row = 2200 col = 00000290 data = ff5b
tb_g14_scale_n256_mig.gen_mem[0].u_comp_ddr3.data_task: at time 130698466.0 ps INFO: WRITE @ DQS= bank = 0 row = 2200 col = 00000291 data = 2201
tb_g14_scale_n256_mig.gen_mem[0].u_comp_ddr3.data_task: at time 130699966.0 ps INFO: WRITE @ DQS= bank = 0 row = 2200 col = 00000292 data = 00a4
tb_g14_scale_n256_mig.gen_mem[0].u_comp_ddr3.data_task: at time 130701466.0 ps INFO: WRITE @ DQS= bank = 0 row = 2200 col = 00000293 data = ddfe
tb_g14_scale_n256_mig.gen_mem[0].u_comp_ddr3.data_task: at time 130702966.0 ps INFO: WRITE @ DQS= bank = 0 row = 2200 col = 00000294 data = ff5a
tb_g14_scale_n256_mig.gen_mem[0].u_comp_ddr3.data_task: at time 130704466.0 ps INFO: WRITE @ DQS= bank = 0 row = 2200 col = 00000295 data = 2201
tb_g14_scale_n256_mig.gen_mem[0].u_comp_ddr3.data_task: at time 130705966.0 ps INFO: WRITE @ DQS= bank = 0 row = 2200 col = 00000296 data = 00a5
tb_g14_scale_n256_mig.gen_mem[0].u_comp_ddr3.data_task: at time 130707466.0 ps INFO: WRITE @ DQS= bank = 0 row = 2200 col = 00000297 data = ddfe
tb_g14_scale_n256_mig.gen_mem[0].u_comp_ddr3.main: at time 130710466.0 ps INFO: Sync On Die Termination Rtt_NOM =          0 Ohm
tb_g14_scale_n256_mig.gen_mem[0].u_comp_ddr3.cmd_task: at time 130728466.0 ps INFO: Write     bank 0 col 298, auto precharge 0
tb_g14_scale_n256_mig.gen_mem[0].u_comp_ddr3.main: at time 130734466.0 ps INFO: Sync On Die Termination Rtt_NOM =         40 Ohm
tb_g14_scale_n256_mig.gen_mem[0].u_comp_ddr3.data_task: at time 130744966.0 ps INFO: WRITE @ DQS= bank = 0 row = 2200 col = 00000298 data = ff59
tb_g14_scale_n256_mig.gen_mem[0].u_comp_ddr3.data_task: at time 130746466.0 ps INFO: WRITE @ DQS= bank = 0 row = 2200 col = 00000299 data = 2201
tb_g14_scale_n256_mig.gen_mem[0].u_comp_ddr3.data_task: at time 130747966.0 ps INFO: WRITE @ DQS= bank = 0 row = 2200 col = 0000029a data = 00a6
tb_g14_scale_n256_mig.gen_mem[0].u_comp_ddr3.data_task: at time 130749466.0 ps INFO: WRITE @ DQS= bank = 0 row = 2200 col = 0000029b data = ddfe
tb_g14_scale_n256_mig.gen_mem[0].u_comp_ddr3.data_task: at time 130750966.0 ps INFO: WRITE @ DQS= bank = 0 row = 2200 col = 0000029c data = ff58
tb_g14_scale_n256_mig.gen_mem[0].u_comp_ddr3.data_task: at time 130752466.0 ps INFO: WRITE @ DQS= bank = 0 row = 2200 col = 0000029d data = 2201
tb_g14_scale_n256_mig.gen_mem[0].u_comp_ddr3.data_task: at time 130753966.0 ps INFO: WRITE @ DQS= bank = 0 row = 2200 col = 0000029e data = 00a7
tb_g14_scale_n256_mig.gen_mem[0].u_comp_ddr3.data_task: at time 130755466.0 ps INFO: WRITE @ DQS= bank = 0 row = 2200 col = 0000029f data = ddfe
tb_g14_scale_n256_mig.gen_mem[0].u_comp_ddr3.main: at time 130758466.0 ps INFO: Sync On Die Termination Rtt_NOM =          0 Ohm
tb_g14_scale_n256_mig.gen_mem[0].u_comp_ddr3.cmd_task: at time 130776466.0 ps INFO: Write     bank 0 col 2a0, auto precharge 0
tb_g14_scale_n256_mig.gen_mem[0].u_comp_ddr3.main: at time 130782466.0 ps INFO: Sync On Die Termination Rtt_NOM =         40 Ohm
tb_g14_scale_n256_mig.gen_mem[0].u_comp_ddr3.data_task: at time 130792966.0 ps INFO: WRITE @ DQS= bank = 0 row = 2200 col = 000002a0 data = ff57
tb_g14_scale_n256_mig.gen_mem[0].u_comp_ddr3.data_task: at time 130794466.0 ps INFO: WRITE @ DQS= bank = 0 row = 2200 col = 000002a1 data = 2201
tb_g14_scale_n256_mig.gen_mem[0].u_comp_ddr3.data_task: at time 130795966.0 ps INFO: WRITE @ DQS= bank = 0 row = 2200 col = 000002a2 data = 00a8
tb_g14_scale_n256_mig.gen_mem[0].u_comp_ddr3.data_task: at time 130797466.0 ps INFO: WRITE @ DQS= bank = 0 row = 2200 col = 000002a3 data = ddfe
tb_g14_scale_n256_mig.gen_mem[0].u_comp_ddr3.data_task: at time 130798966.0 ps INFO: WRITE @ DQS= bank = 0 row = 2200 col = 000002a4 data = ff56
tb_g14_scale_n256_mig.gen_mem[0].u_comp_ddr3.data_task: at time 130800466.0 ps INFO: WRITE @ DQS= bank = 0 row = 2200 col = 000002a5 data = 2201
tb_g14_scale_n256_mig.gen_mem[0].u_comp_ddr3.data_task: at time 130801966.0 ps INFO: WRITE @ DQS= bank = 0 row = 2200 col = 000002a6 data = 00a9
tb_g14_scale_n256_mig.gen_mem[0].u_comp_ddr3.data_task: at time 130803466.0 ps INFO: WRITE @ DQS= bank = 0 row = 2200 col = 000002a7 data = ddfe
tb_g14_scale_n256_mig.gen_mem[0].u_comp_ddr3.main: at time 130806466.0 ps INFO: Sync On Die Termination Rtt_NOM =          0 Ohm
tb_g14_scale_n256_mig.gen_mem[0].u_comp_ddr3.cmd_task: at time 130824466.0 ps INFO: Write     bank 0 col 2a8, auto precharge 0
tb_g14_scale_n256_mig.gen_mem[0].u_comp_ddr3.main: at time 130830466.0 ps INFO: Sync On Die Termination Rtt_NOM =         40 Ohm
tb_g14_scale_n256_mig.gen_mem[0].u_comp_ddr3.data_task: at time 130840966.0 ps INFO: WRITE @ DQS= bank = 0 row = 2200 col = 000002a8 data = ff55
tb_g14_scale_n256_mig.gen_mem[0].u_comp_ddr3.data_task: at time 130842466.0 ps INFO: WRITE @ DQS= bank = 0 row = 2200 col = 000002a9 data = 2201
tb_g14_scale_n256_mig.gen_mem[0].u_comp_ddr3.data_task: at time 130843966.0 ps INFO: WRITE @ DQS= bank = 0 row = 2200 col = 000002aa data = 00aa
tb_g14_scale_n256_mig.gen_mem[0].u_comp_ddr3.data_task: at time 130845466.0 ps INFO: WRITE @ DQS= bank = 0 row = 2200 col = 000002ab data = ddfe
tb_g14_scale_n256_mig.gen_mem[0].u_comp_ddr3.data_task: at time 130846966.0 ps INFO: WRITE @ DQS= bank = 0 row = 2200 col = 000002ac data = ff54
tb_g14_scale_n256_mig.gen_mem[0].u_comp_ddr3.data_task: at time 130848466.0 ps INFO: WRITE @ DQS= bank = 0 row = 2200 col = 000002ad data = 2201
tb_g14_scale_n256_mig.gen_mem[0].u_comp_ddr3.data_task: at time 130849966.0 ps INFO: WRITE @ DQS= bank = 0 row = 2200 col = 000002ae data = 00ab
tb_g14_scale_n256_mig.gen_mem[0].u_comp_ddr3.data_task: at time 130851466.0 ps INFO: WRITE @ DQS= bank = 0 row = 2200 col = 000002af data = ddfe
tb_g14_scale_n256_mig.gen_mem[0].u_comp_ddr3.main: at time 130854466.0 ps INFO: Sync On Die Termination Rtt_NOM =          0 Ohm
tb_g14_scale_n256_mig.gen_mem[0].u_comp_ddr3.cmd_task: at time 130872466.0 ps INFO: Read      bank 0 col 2a8, auto precharge 0
tb_g14_scale_n256_mig.gen_mem[0].u_comp_ddr3.cmd_task: at time 130884466.0 ps INFO: Read      bank 0 col 2a8, auto precharge 0
tb_g14_scale_n256_mig.gen_mem[0].u_comp_ddr3.data_task: at time 130885966.0 ps INFO: READ @ DQS= bank = 0 row = 2200 col = 000002a8 data = ff55
tb_g14_scale_n256_mig.gen_mem[0].u_comp_ddr3.data_task: at time 130887466.0 ps INFO: READ @ DQS= bank = 0 row = 2200 col = 000002a9 data = 2201
tb_g14_scale_n256_mig.gen_mem[0].u_comp_ddr3.data_task: at time 130888966.0 ps INFO: READ @ DQS= bank = 0 row = 2200 col = 000002aa data = 00aa
tb_g14_scale_n256_mig.gen_mem[0].u_comp_ddr3.data_task: at time 130890466.0 ps INFO: READ @ DQS= bank = 0 row = 2200 col = 000002ab data = ddfe
tb_g14_scale_n256_mig.gen_mem[0].u_comp_ddr3.data_task: at time 130891966.0 ps INFO: READ @ DQS= bank = 0 row = 2200 col = 000002ac data = ff54
tb_g14_scale_n256_mig.gen_mem[0].u_comp_ddr3.data_task: at time 130893466.0 ps INFO: READ @ DQS= bank = 0 row = 2200 col = 000002ad data = 2201
tb_g14_scale_n256_mig.gen_mem[0].u_comp_ddr3.data_task: at time 130894966.0 ps INFO: READ @ DQS= bank = 0 row = 2200 col = 000002ae data = 00ab
tb_g14_scale_n256_mig.gen_mem[0].u_comp_ddr3.data_task: at time 130896466.0 ps INFO: READ @ DQS= bank = 0 row = 2200 col = 000002af data = ddfe
tb_g14_scale_n256_mig.gen_mem[0].u_comp_ddr3.data_task: at time 130897966.0 ps INFO: READ @ DQS= bank = 0 row = 2200 col = 000002a8 data = ff55
tb_g14_scale_n256_mig.gen_mem[0].u_comp_ddr3.data_task: at time 130899466.0 ps INFO: READ @ DQS= bank = 0 row = 2200 col = 000002a9 data = 2201
tb_g14_scale_n256_mig.gen_mem[0].u_comp_ddr3.data_task: at time 130900966.0 ps INFO: READ @ DQS= bank = 0 row = 2200 col = 000002aa data = 00aa
tb_g14_scale_n256_mig.gen_mem[0].u_comp_ddr3.data_task: at time 130902466.0 ps INFO: READ @ DQS= bank = 0 row = 2200 col = 000002ab data = ddfe
tb_g14_scale_n256_mig.gen_mem[0].u_comp_ddr3.data_task: at time 130903966.0 ps INFO: READ @ DQS= bank = 0 row = 2200 col = 000002ac data = ff54
tb_g14_scale_n256_mig.gen_mem[0].u_comp_ddr3.data_task: at time 130905466.0 ps INFO: READ @ DQS= bank = 0 row = 2200 col = 000002ad data = 2201
tb_g14_scale_n256_mig.gen_mem[0].u_comp_ddr3.data_task: at time 130906966.0 ps INFO: READ @ DQS= bank = 0 row = 2200 col = 000002ae data = 00ab
tb_g14_scale_n256_mig.gen_mem[0].u_comp_ddr3.data_task: at time 130908466.0 ps INFO: READ @ DQS= bank = 0 row = 2200 col = 000002af data = ddfe
tb_g14_scale_n256_mig.gen_mem[0].u_comp_ddr3.cmd_task: at time 130908466.0 ps INFO: Write     bank 0 col 2b0, auto precharge 0
tb_g14_scale_n256_mig.gen_mem[0].u_comp_ddr3.main: at time 130914466.0 ps INFO: Sync On Die Termination Rtt_NOM =         40 Ohm
tb_g14_scale_n256_mig.gen_mem[0].u_comp_ddr3.cmd_task: at time 130920466.0 ps INFO: Write     bank 0 col 2b8, auto precharge 0
tb_g14_scale_n256_mig.gen_mem[0].u_comp_ddr3.data_task: at time 130924966.0 ps INFO: WRITE @ DQS= bank = 0 row = 2200 col = 000002b0 data = ff53
tb_g14_scale_n256_mig.gen_mem[0].u_comp_ddr3.data_task: at time 130926466.0 ps INFO: WRITE @ DQS= bank = 0 row = 2200 col = 000002b1 data = 2201
tb_g14_scale_n256_mig.gen_mem[0].u_comp_ddr3.data_task: at time 130927966.0 ps INFO: WRITE @ DQS= bank = 0 row = 2200 col = 000002b2 data = 00ac
tb_g14_scale_n256_mig.gen_mem[0].u_comp_ddr3.data_task: at time 130929466.0 ps INFO: WRITE @ DQS= bank = 0 row = 2200 col = 000002b3 data = ddfe
tb_g14_scale_n256_mig.gen_mem[0].u_comp_ddr3.data_task: at time 130930966.0 ps INFO: WRITE @ DQS= bank = 0 row = 2200 col = 000002b4 data = ff52
tb_g14_scale_n256_mig.gen_mem[0].u_comp_ddr3.data_task: at time 130932466.0 ps INFO: WRITE @ DQS= bank = 0 row = 2200 col = 000002b5 data = 2201
tb_g14_scale_n256_mig.gen_mem[0].u_comp_ddr3.data_task: at time 130933966.0 ps INFO: WRITE @ DQS= bank = 0 row = 2200 col = 000002b6 data = 00ad
tb_g14_scale_n256_mig.gen_mem[0].u_comp_ddr3.data_task: at time 130935466.0 ps INFO: WRITE @ DQS= bank = 0 row = 2200 col = 000002b7 data = ddfe
tb_g14_scale_n256_mig.gen_mem[0].u_comp_ddr3.data_task: at time 130936966.0 ps INFO: WRITE @ DQS= bank = 0 row = 2200 col = 000002b8 data = ff51
tb_g14_scale_n256_mig.gen_mem[0].u_comp_ddr3.data_task: at time 130938466.0 ps INFO: WRITE @ DQS= bank = 0 row = 2200 col = 000002b9 data = 2201
tb_g14_scale_n256_mig.gen_mem[0].u_comp_ddr3.data_task: at time 130939966.0 ps INFO: WRITE @ DQS= bank = 0 row = 2200 col = 000002ba data = 00ae
tb_g14_scale_n256_mig.gen_mem[0].u_comp_ddr3.data_task: at time 130941466.0 ps INFO: WRITE @ DQS= bank = 0 row = 2200 col = 000002bb data = ddfe
tb_g14_scale_n256_mig.gen_mem[0].u_comp_ddr3.data_task: at time 130942966.0 ps INFO: WRITE @ DQS= bank = 0 row = 2200 col = 000002bc data = ff50
tb_g14_scale_n256_mig.gen_mem[0].u_comp_ddr3.data_task: at time 130944466.0 ps INFO: WRITE @ DQS= bank = 0 row = 2200 col = 000002bd data = 2201
tb_g14_scale_n256_mig.gen_mem[0].u_comp_ddr3.data_task: at time 130945966.0 ps INFO: WRITE @ DQS= bank = 0 row = 2200 col = 000002be data = 00af
tb_g14_scale_n256_mig.gen_mem[0].u_comp_ddr3.data_task: at time 130947466.0 ps INFO: WRITE @ DQS= bank = 0 row = 2200 col = 000002bf data = ddfe
tb_g14_scale_n256_mig.gen_mem[0].u_comp_ddr3.main: at time 130950466.0 ps INFO: Sync On Die Termination Rtt_NOM =          0 Ohm
tb_g14_scale_n256_mig.gen_mem[0].u_comp_ddr3.cmd_task: at time 130968466.0 ps INFO: Write     bank 0 col 2c0, auto precharge 0
tb_g14_scale_n256_mig.gen_mem[0].u_comp_ddr3.main: at time 130974466.0 ps INFO: Sync On Die Termination Rtt_NOM =         40 Ohm
tb_g14_scale_n256_mig.gen_mem[0].u_comp_ddr3.data_task: at time 130984966.0 ps INFO: WRITE @ DQS= bank = 0 row = 2200 col = 000002c0 data = ff4f
tb_g14_scale_n256_mig.gen_mem[0].u_comp_ddr3.data_task: at time 130986466.0 ps INFO: WRITE @ DQS= bank = 0 row = 2200 col = 000002c1 data = 2201
tb_g14_scale_n256_mig.gen_mem[0].u_comp_ddr3.data_task: at time 130987966.0 ps INFO: WRITE @ DQS= bank = 0 row = 2200 col = 000002c2 data = 00b0
tb_g14_scale_n256_mig.gen_mem[0].u_comp_ddr3.data_task: at time 130989466.0 ps INFO: WRITE @ DQS= bank = 0 row = 2200 col = 000002c3 data = ddfe
tb_g14_scale_n256_mig.gen_mem[0].u_comp_ddr3.data_task: at time 130990966.0 ps INFO: WRITE @ DQS= bank = 0 row = 2200 col = 000002c4 data = ff4e
tb_g14_scale_n256_mig.gen_mem[0].u_comp_ddr3.data_task: at time 130992466.0 ps INFO: WRITE @ DQS= bank = 0 row = 2200 col = 000002c5 data = 2201
tb_g14_scale_n256_mig.gen_mem[0].u_comp_ddr3.data_task: at time 130993966.0 ps INFO: WRITE @ DQS= bank = 0 row = 2200 col = 000002c6 data = 00b1
tb_g14_scale_n256_mig.gen_mem[0].u_comp_ddr3.data_task: at time 130995466.0 ps INFO: WRITE @ DQS= bank = 0 row = 2200 col = 000002c7 data = ddfe
tb_g14_scale_n256_mig.gen_mem[0].u_comp_ddr3.main: at time 130998466.0 ps INFO: Sync On Die Termination Rtt_NOM =          0 Ohm
tb_g14_scale_n256_mig.gen_mem[0].u_comp_ddr3.cmd_task: at time 131016466.0 ps INFO: Write     bank 0 col 2c8, auto precharge 0
tb_g14_scale_n256_mig.gen_mem[0].u_comp_ddr3.main: at time 131022466.0 ps INFO: Sync On Die Termination Rtt_NOM =         40 Ohm
tb_g14_scale_n256_mig.gen_mem[0].u_comp_ddr3.data_task: at time 131032966.0 ps INFO: WRITE @ DQS= bank = 0 row = 2200 col = 000002c8 data = ff4d
tb_g14_scale_n256_mig.gen_mem[0].u_comp_ddr3.data_task: at time 131034466.0 ps INFO: WRITE @ DQS= bank = 0 row = 2200 col = 000002c9 data = 2201
tb_g14_scale_n256_mig.gen_mem[0].u_comp_ddr3.data_task: at time 131035966.0 ps INFO: WRITE @ DQS= bank = 0 row = 2200 col = 000002ca data = 00b2
tb_g14_scale_n256_mig.gen_mem[0].u_comp_ddr3.data_task: at time 131037466.0 ps INFO: WRITE @ DQS= bank = 0 row = 2200 col = 000002cb data = ddfe
tb_g14_scale_n256_mig.gen_mem[0].u_comp_ddr3.data_task: at time 131038966.0 ps INFO: WRITE @ DQS= bank = 0 row = 2200 col = 000002cc data = ff4c
tb_g14_scale_n256_mig.gen_mem[0].u_comp_ddr3.data_task: at time 131040466.0 ps INFO: WRITE @ DQS= bank = 0 row = 2200 col = 000002cd data = 2201
tb_g14_scale_n256_mig.gen_mem[0].u_comp_ddr3.data_task: at time 131041966.0 ps INFO: WRITE @ DQS= bank = 0 row = 2200 col = 000002ce data = 00b3
tb_g14_scale_n256_mig.gen_mem[0].u_comp_ddr3.data_task: at time 131043466.0 ps INFO: WRITE @ DQS= bank = 0 row = 2200 col = 000002cf data = ddfe
tb_g14_scale_n256_mig.gen_mem[0].u_comp_ddr3.main: at time 131046466.0 ps INFO: Sync On Die Termination Rtt_NOM =          0 Ohm
tb_g14_scale_n256_mig.gen_mem[0].u_comp_ddr3.cmd_task: at time 131064466.0 ps INFO: Write     bank 0 col 2d0, auto precharge 0
tb_g14_scale_n256_mig.gen_mem[0].u_comp_ddr3.main: at time 131070466.0 ps INFO: Sync On Die Termination Rtt_NOM =         40 Ohm
tb_g14_scale_n256_mig.gen_mem[0].u_comp_ddr3.data_task: at time 131080966.0 ps INFO: WRITE @ DQS= bank = 0 row = 2200 col = 000002d0 data = ff4b
tb_g14_scale_n256_mig.gen_mem[0].u_comp_ddr3.data_task: at time 131082466.0 ps INFO: WRITE @ DQS= bank = 0 row = 2200 col = 000002d1 data = 2201
tb_g14_scale_n256_mig.gen_mem[0].u_comp_ddr3.data_task: at time 131083966.0 ps INFO: WRITE @ DQS= bank = 0 row = 2200 col = 000002d2 data = 00b4
tb_g14_scale_n256_mig.gen_mem[0].u_comp_ddr3.data_task: at time 131085466.0 ps INFO: WRITE @ DQS= bank = 0 row = 2200 col = 000002d3 data = ddfe
tb_g14_scale_n256_mig.gen_mem[0].u_comp_ddr3.data_task: at time 131086966.0 ps INFO: WRITE @ DQS= bank = 0 row = 2200 col = 000002d4 data = ff4a
tb_g14_scale_n256_mig.gen_mem[0].u_comp_ddr3.data_task: at time 131088466.0 ps INFO: WRITE @ DQS= bank = 0 row = 2200 col = 000002d5 data = 2201
tb_g14_scale_n256_mig.gen_mem[0].u_comp_ddr3.data_task: at time 131089966.0 ps INFO: WRITE @ DQS= bank = 0 row = 2200 col = 000002d6 data = 00b5
tb_g14_scale_n256_mig.gen_mem[0].u_comp_ddr3.data_task: at time 131091466.0 ps INFO: WRITE @ DQS= bank = 0 row = 2200 col = 000002d7 data = ddfe
tb_g14_scale_n256_mig.gen_mem[0].u_comp_ddr3.main: at time 131094466.0 ps INFO: Sync On Die Termination Rtt_NOM =          0 Ohm
tb_g14_scale_n256_mig.gen_mem[0].u_comp_ddr3.cmd_task: at time 131112466.0 ps INFO: Write     bank 0 col 2d8, auto precharge 0
tb_g14_scale_n256_mig.gen_mem[0].u_comp_ddr3.main: at time 131118466.0 ps INFO: Sync On Die Termination Rtt_NOM =         40 Ohm
tb_g14_scale_n256_mig.gen_mem[0].u_comp_ddr3.data_task: at time 131128966.0 ps INFO: WRITE @ DQS= bank = 0 row = 2200 col = 000002d8 data = ff49
tb_g14_scale_n256_mig.gen_mem[0].u_comp_ddr3.data_task: at time 131130466.0 ps INFO: WRITE @ DQS= bank = 0 row = 2200 col = 000002d9 data = 2201
tb_g14_scale_n256_mig.gen_mem[0].u_comp_ddr3.data_task: at time 131131966.0 ps INFO: WRITE @ DQS= bank = 0 row = 2200 col = 000002da data = 00b6
tb_g14_scale_n256_mig.gen_mem[0].u_comp_ddr3.data_task: at time 131133466.0 ps INFO: WRITE @ DQS= bank = 0 row = 2200 col = 000002db data = ddfe
tb_g14_scale_n256_mig.gen_mem[0].u_comp_ddr3.data_task: at time 131134966.0 ps INFO: WRITE @ DQS= bank = 0 row = 2200 col = 000002dc data = ff48
tb_g14_scale_n256_mig.gen_mem[0].u_comp_ddr3.data_task: at time 131136466.0 ps INFO: WRITE @ DQS= bank = 0 row = 2200 col = 000002dd data = 2201
tb_g14_scale_n256_mig.gen_mem[0].u_comp_ddr3.data_task: at time 131137966.0 ps INFO: WRITE @ DQS= bank = 0 row = 2200 col = 000002de data = 00b7
tb_g14_scale_n256_mig.gen_mem[0].u_comp_ddr3.data_task: at time 131139466.0 ps INFO: WRITE @ DQS= bank = 0 row = 2200 col = 000002df data = ddfe
tb_g14_scale_n256_mig.gen_mem[0].u_comp_ddr3.main: at time 131142466.0 ps INFO: Sync On Die Termination Rtt_NOM =          0 Ohm
tb_g14_scale_n256_mig.gen_mem[0].u_comp_ddr3.cmd_task: at time 131160466.0 ps INFO: Write     bank 0 col 2e0, auto precharge 0
tb_g14_scale_n256_mig.gen_mem[0].u_comp_ddr3.main: at time 131166466.0 ps INFO: Sync On Die Termination Rtt_NOM =         40 Ohm
tb_g14_scale_n256_mig.gen_mem[0].u_comp_ddr3.data_task: at time 131176966.0 ps INFO: WRITE @ DQS= bank = 0 row = 2200 col = 000002e0 data = ff47
tb_g14_scale_n256_mig.gen_mem[0].u_comp_ddr3.data_task: at time 131178466.0 ps INFO: WRITE @ DQS= bank = 0 row = 2200 col = 000002e1 data = 2201
tb_g14_scale_n256_mig.gen_mem[0].u_comp_ddr3.data_task: at time 131179966.0 ps INFO: WRITE @ DQS= bank = 0 row = 2200 col = 000002e2 data = 00b8
tb_g14_scale_n256_mig.gen_mem[0].u_comp_ddr3.data_task: at time 131181466.0 ps INFO: WRITE @ DQS= bank = 0 row = 2200 col = 000002e3 data = ddfe
tb_g14_scale_n256_mig.gen_mem[0].u_comp_ddr3.data_task: at time 131182966.0 ps INFO: WRITE @ DQS= bank = 0 row = 2200 col = 000002e4 data = ff46
tb_g14_scale_n256_mig.gen_mem[0].u_comp_ddr3.data_task: at time 131184466.0 ps INFO: WRITE @ DQS= bank = 0 row = 2200 col = 000002e5 data = 2201
tb_g14_scale_n256_mig.gen_mem[0].u_comp_ddr3.data_task: at time 131185966.0 ps INFO: WRITE @ DQS= bank = 0 row = 2200 col = 000002e6 data = 00b9
tb_g14_scale_n256_mig.gen_mem[0].u_comp_ddr3.data_task: at time 131187466.0 ps INFO: WRITE @ DQS= bank = 0 row = 2200 col = 000002e7 data = ddfe
tb_g14_scale_n256_mig.gen_mem[0].u_comp_ddr3.main: at time 131190466.0 ps INFO: Sync On Die Termination Rtt_NOM =          0 Ohm
tb_g14_scale_n256_mig.gen_mem[0].u_comp_ddr3.cmd_task: at time 131208466.0 ps INFO: Write     bank 0 col 2e8, auto precharge 0
tb_g14_scale_n256_mig.gen_mem[0].u_comp_ddr3.main: at time 131214466.0 ps INFO: Sync On Die Termination Rtt_NOM =         40 Ohm
tb_g14_scale_n256_mig.gen_mem[0].u_comp_ddr3.data_task: at time 131224966.0 ps INFO: WRITE @ DQS= bank = 0 row = 2200 col = 000002e8 data = ff45
tb_g14_scale_n256_mig.gen_mem[0].u_comp_ddr3.data_task: at time 131226466.0 ps INFO: WRITE @ DQS= bank = 0 row = 2200 col = 000002e9 data = 2201
tb_g14_scale_n256_mig.gen_mem[0].u_comp_ddr3.data_task: at time 131227966.0 ps INFO: WRITE @ DQS= bank = 0 row = 2200 col = 000002ea data = 00ba
tb_g14_scale_n256_mig.gen_mem[0].u_comp_ddr3.data_task: at time 131229466.0 ps INFO: WRITE @ DQS= bank = 0 row = 2200 col = 000002eb data = ddfe
tb_g14_scale_n256_mig.gen_mem[0].u_comp_ddr3.data_task: at time 131230966.0 ps INFO: WRITE @ DQS= bank = 0 row = 2200 col = 000002ec data = ff44
tb_g14_scale_n256_mig.gen_mem[0].u_comp_ddr3.data_task: at time 131232466.0 ps INFO: WRITE @ DQS= bank = 0 row = 2200 col = 000002ed data = 2201
tb_g14_scale_n256_mig.gen_mem[0].u_comp_ddr3.data_task: at time 131233966.0 ps INFO: WRITE @ DQS= bank = 0 row = 2200 col = 000002ee data = 00bb
tb_g14_scale_n256_mig.gen_mem[0].u_comp_ddr3.data_task: at time 131235466.0 ps INFO: WRITE @ DQS= bank = 0 row = 2200 col = 000002ef data = ddfe
tb_g14_scale_n256_mig.gen_mem[0].u_comp_ddr3.main: at time 131238466.0 ps INFO: Sync On Die Termination Rtt_NOM =          0 Ohm
tb_g14_scale_n256_mig.gen_mem[0].u_comp_ddr3.cmd_task: at time 131256466.0 ps INFO: Write     bank 0 col 2f0, auto precharge 0
tb_g14_scale_n256_mig.gen_mem[0].u_comp_ddr3.main: at time 131262466.0 ps INFO: Sync On Die Termination Rtt_NOM =         40 Ohm
tb_g14_scale_n256_mig.gen_mem[0].u_comp_ddr3.data_task: at time 131272966.0 ps INFO: WRITE @ DQS= bank = 0 row = 2200 col = 000002f0 data = ff43
tb_g14_scale_n256_mig.gen_mem[0].u_comp_ddr3.data_task: at time 131274466.0 ps INFO: WRITE @ DQS= bank = 0 row = 2200 col = 000002f1 data = 2201
tb_g14_scale_n256_mig.gen_mem[0].u_comp_ddr3.data_task: at time 131275966.0 ps INFO: WRITE @ DQS= bank = 0 row = 2200 col = 000002f2 data = 00bc
tb_g14_scale_n256_mig.gen_mem[0].u_comp_ddr3.data_task: at time 131277466.0 ps INFO: WRITE @ DQS= bank = 0 row = 2200 col = 000002f3 data = ddfe
tb_g14_scale_n256_mig.gen_mem[0].u_comp_ddr3.data_task: at time 131278966.0 ps INFO: WRITE @ DQS= bank = 0 row = 2200 col = 000002f4 data = ff42
tb_g14_scale_n256_mig.gen_mem[0].u_comp_ddr3.data_task: at time 131280466.0 ps INFO: WRITE @ DQS= bank = 0 row = 2200 col = 000002f5 data = 2201
tb_g14_scale_n256_mig.gen_mem[0].u_comp_ddr3.data_task: at time 131281966.0 ps INFO: WRITE @ DQS= bank = 0 row = 2200 col = 000002f6 data = 00bd
tb_g14_scale_n256_mig.gen_mem[0].u_comp_ddr3.data_task: at time 131283466.0 ps INFO: WRITE @ DQS= bank = 0 row = 2200 col = 000002f7 data = ddfe
tb_g14_scale_n256_mig.gen_mem[0].u_comp_ddr3.main: at time 131286466.0 ps INFO: Sync On Die Termination Rtt_NOM =          0 Ohm
tb_g14_scale_n256_mig.gen_mem[0].u_comp_ddr3.cmd_task: at time 131304466.0 ps INFO: Write     bank 0 col 2f8, auto precharge 0
tb_g14_scale_n256_mig.gen_mem[0].u_comp_ddr3.main: at time 131310466.0 ps INFO: Sync On Die Termination Rtt_NOM =         40 Ohm
tb_g14_scale_n256_mig.gen_mem[0].u_comp_ddr3.data_task: at time 131320966.0 ps INFO: WRITE @ DQS= bank = 0 row = 2200 col = 000002f8 data = ff41
tb_g14_scale_n256_mig.gen_mem[0].u_comp_ddr3.data_task: at time 131322466.0 ps INFO: WRITE @ DQS= bank = 0 row = 2200 col = 000002f9 data = 2201
tb_g14_scale_n256_mig.gen_mem[0].u_comp_ddr3.data_task: at time 131323966.0 ps INFO: WRITE @ DQS= bank = 0 row = 2200 col = 000002fa data = 00be
tb_g14_scale_n256_mig.gen_mem[0].u_comp_ddr3.data_task: at time 131325466.0 ps INFO: WRITE @ DQS= bank = 0 row = 2200 col = 000002fb data = ddfe
tb_g14_scale_n256_mig.gen_mem[0].u_comp_ddr3.data_task: at time 131326966.0 ps INFO: WRITE @ DQS= bank = 0 row = 2200 col = 000002fc data = ff40
tb_g14_scale_n256_mig.gen_mem[0].u_comp_ddr3.data_task: at time 131328466.0 ps INFO: WRITE @ DQS= bank = 0 row = 2200 col = 000002fd data = 2201
tb_g14_scale_n256_mig.gen_mem[0].u_comp_ddr3.data_task: at time 131329966.0 ps INFO: WRITE @ DQS= bank = 0 row = 2200 col = 000002fe data = 00bf
tb_g14_scale_n256_mig.gen_mem[0].u_comp_ddr3.data_task: at time 131331466.0 ps INFO: WRITE @ DQS= bank = 0 row = 2200 col = 000002ff data = ddfe
tb_g14_scale_n256_mig.gen_mem[0].u_comp_ddr3.main: at time 131334466.0 ps INFO: Sync On Die Termination Rtt_NOM =          0 Ohm
tb_g14_scale_n256_mig.gen_mem[0].u_comp_ddr3.cmd_task: at time 131352466.0 ps INFO: Write     bank 0 col 300, auto precharge 0
tb_g14_scale_n256_mig.gen_mem[0].u_comp_ddr3.main: at time 131358466.0 ps INFO: Sync On Die Termination Rtt_NOM =         40 Ohm
tb_g14_scale_n256_mig.gen_mem[0].u_comp_ddr3.data_task: at time 131368966.0 ps INFO: WRITE @ DQS= bank = 0 row = 2200 col = 00000300 data = ff3f
tb_g14_scale_n256_mig.gen_mem[0].u_comp_ddr3.data_task: at time 131370466.0 ps INFO: WRITE @ DQS= bank = 0 row = 2200 col = 00000301 data = 2201
tb_g14_scale_n256_mig.gen_mem[0].u_comp_ddr3.data_task: at time 131371966.0 ps INFO: WRITE @ DQS= bank = 0 row = 2200 col = 00000302 data = 00c0
tb_g14_scale_n256_mig.gen_mem[0].u_comp_ddr3.data_task: at time 131373466.0 ps INFO: WRITE @ DQS= bank = 0 row = 2200 col = 00000303 data = ddfe
tb_g14_scale_n256_mig.gen_mem[0].u_comp_ddr3.data_task: at time 131374966.0 ps INFO: WRITE @ DQS= bank = 0 row = 2200 col = 00000304 data = ff3e
tb_g14_scale_n256_mig.gen_mem[0].u_comp_ddr3.data_task: at time 131376466.0 ps INFO: WRITE @ DQS= bank = 0 row = 2200 col = 00000305 data = 2201
tb_g14_scale_n256_mig.gen_mem[0].u_comp_ddr3.data_task: at time 131377966.0 ps INFO: WRITE @ DQS= bank = 0 row = 2200 col = 00000306 data = 00c1
tb_g14_scale_n256_mig.gen_mem[0].u_comp_ddr3.data_task: at time 131379466.0 ps INFO: WRITE @ DQS= bank = 0 row = 2200 col = 00000307 data = ddfe
tb_g14_scale_n256_mig.gen_mem[0].u_comp_ddr3.main: at time 131382466.0 ps INFO: Sync On Die Termination Rtt_NOM =          0 Ohm
tb_g14_scale_n256_mig.gen_mem[0].u_comp_ddr3.cmd_task: at time 131400466.0 ps INFO: Write     bank 0 col 308, auto precharge 0
tb_g14_scale_n256_mig.gen_mem[0].u_comp_ddr3.main: at time 131406466.0 ps INFO: Sync On Die Termination Rtt_NOM =         40 Ohm
tb_g14_scale_n256_mig.gen_mem[0].u_comp_ddr3.data_task: at time 131416966.0 ps INFO: WRITE @ DQS= bank = 0 row = 2200 col = 00000308 data = ff3d
tb_g14_scale_n256_mig.gen_mem[0].u_comp_ddr3.data_task: at time 131418466.0 ps INFO: WRITE @ DQS= bank = 0 row = 2200 col = 00000309 data = 2201
tb_g14_scale_n256_mig.gen_mem[0].u_comp_ddr3.data_task: at time 131419966.0 ps INFO: WRITE @ DQS= bank = 0 row = 2200 col = 0000030a data = 00c2
tb_g14_scale_n256_mig.gen_mem[0].u_comp_ddr3.data_task: at time 131421466.0 ps INFO: WRITE @ DQS= bank = 0 row = 2200 col = 0000030b data = ddfe
tb_g14_scale_n256_mig.gen_mem[0].u_comp_ddr3.data_task: at time 131422966.0 ps INFO: WRITE @ DQS= bank = 0 row = 2200 col = 0000030c data = ff3c
tb_g14_scale_n256_mig.gen_mem[0].u_comp_ddr3.data_task: at time 131424466.0 ps INFO: WRITE @ DQS= bank = 0 row = 2200 col = 0000030d data = 2201
tb_g14_scale_n256_mig.gen_mem[0].u_comp_ddr3.data_task: at time 131425966.0 ps INFO: WRITE @ DQS= bank = 0 row = 2200 col = 0000030e data = 00c3
tb_g14_scale_n256_mig.gen_mem[0].u_comp_ddr3.data_task: at time 131427466.0 ps INFO: WRITE @ DQS= bank = 0 row = 2200 col = 0000030f data = ddfe
tb_g14_scale_n256_mig.gen_mem[0].u_comp_ddr3.main: at time 131430466.0 ps INFO: Sync On Die Termination Rtt_NOM =          0 Ohm
tb_g14_scale_n256_mig.gen_mem[0].u_comp_ddr3.cmd_task: at time 131448466.0 ps INFO: Write     bank 0 col 310, auto precharge 0
tb_g14_scale_n256_mig.gen_mem[0].u_comp_ddr3.main: at time 131454466.0 ps INFO: Sync On Die Termination Rtt_NOM =         40 Ohm
tb_g14_scale_n256_mig.gen_mem[0].u_comp_ddr3.data_task: at time 131464966.0 ps INFO: WRITE @ DQS= bank = 0 row = 2200 col = 00000310 data = ff3b
tb_g14_scale_n256_mig.gen_mem[0].u_comp_ddr3.data_task: at time 131466466.0 ps INFO: WRITE @ DQS= bank = 0 row = 2200 col = 00000311 data = 2201
tb_g14_scale_n256_mig.gen_mem[0].u_comp_ddr3.data_task: at time 131467966.0 ps INFO: WRITE @ DQS= bank = 0 row = 2200 col = 00000312 data = 00c4
tb_g14_scale_n256_mig.gen_mem[0].u_comp_ddr3.data_task: at time 131469466.0 ps INFO: WRITE @ DQS= bank = 0 row = 2200 col = 00000313 data = ddfe
tb_g14_scale_n256_mig.gen_mem[0].u_comp_ddr3.data_task: at time 131470966.0 ps INFO: WRITE @ DQS= bank = 0 row = 2200 col = 00000314 data = ff3a
tb_g14_scale_n256_mig.gen_mem[0].u_comp_ddr3.data_task: at time 131472466.0 ps INFO: WRITE @ DQS= bank = 0 row = 2200 col = 00000315 data = 2201
tb_g14_scale_n256_mig.gen_mem[0].u_comp_ddr3.data_task: at time 131473966.0 ps INFO: WRITE @ DQS= bank = 0 row = 2200 col = 00000316 data = 00c5
tb_g14_scale_n256_mig.gen_mem[0].u_comp_ddr3.data_task: at time 131475466.0 ps INFO: WRITE @ DQS= bank = 0 row = 2200 col = 00000317 data = ddfe
tb_g14_scale_n256_mig.gen_mem[0].u_comp_ddr3.main: at time 131478466.0 ps INFO: Sync On Die Termination Rtt_NOM =          0 Ohm
tb_g14_scale_n256_mig.gen_mem[0].u_comp_ddr3.cmd_task: at time 131496466.0 ps INFO: Write     bank 0 col 318, auto precharge 0
tb_g14_scale_n256_mig.gen_mem[0].u_comp_ddr3.main: at time 131502466.0 ps INFO: Sync On Die Termination Rtt_NOM =         40 Ohm
tb_g14_scale_n256_mig.gen_mem[0].u_comp_ddr3.data_task: at time 131512966.0 ps INFO: WRITE @ DQS= bank = 0 row = 2200 col = 00000318 data = ff39
tb_g14_scale_n256_mig.gen_mem[0].u_comp_ddr3.data_task: at time 131514466.0 ps INFO: WRITE @ DQS= bank = 0 row = 2200 col = 00000319 data = 2201
tb_g14_scale_n256_mig.gen_mem[0].u_comp_ddr3.data_task: at time 131515966.0 ps INFO: WRITE @ DQS= bank = 0 row = 2200 col = 0000031a data = 00c6
tb_g14_scale_n256_mig.gen_mem[0].u_comp_ddr3.data_task: at time 131517466.0 ps INFO: WRITE @ DQS= bank = 0 row = 2200 col = 0000031b data = ddfe
tb_g14_scale_n256_mig.gen_mem[0].u_comp_ddr3.data_task: at time 131518966.0 ps INFO: WRITE @ DQS= bank = 0 row = 2200 col = 0000031c data = ff38
tb_g14_scale_n256_mig.gen_mem[0].u_comp_ddr3.data_task: at time 131520466.0 ps INFO: WRITE @ DQS= bank = 0 row = 2200 col = 0000031d data = 2201
tb_g14_scale_n256_mig.gen_mem[0].u_comp_ddr3.data_task: at time 131521966.0 ps INFO: WRITE @ DQS= bank = 0 row = 2200 col = 0000031e data = 00c7
tb_g14_scale_n256_mig.gen_mem[0].u_comp_ddr3.data_task: at time 131523466.0 ps INFO: WRITE @ DQS= bank = 0 row = 2200 col = 0000031f data = ddfe
tb_g14_scale_n256_mig.gen_mem[0].u_comp_ddr3.main: at time 131526466.0 ps INFO: Sync On Die Termination Rtt_NOM =          0 Ohm
tb_g14_scale_n256_mig.gen_mem[0].u_comp_ddr3.cmd_task: at time 131544466.0 ps INFO: Write     bank 0 col 320, auto precharge 0
tb_g14_scale_n256_mig.gen_mem[0].u_comp_ddr3.main: at time 131550466.0 ps INFO: Sync On Die Termination Rtt_NOM =         40 Ohm
tb_g14_scale_n256_mig.gen_mem[0].u_comp_ddr3.data_task: at time 131560966.0 ps INFO: WRITE @ DQS= bank = 0 row = 2200 col = 00000320 data = ff37
tb_g14_scale_n256_mig.gen_mem[0].u_comp_ddr3.data_task: at time 131562466.0 ps INFO: WRITE @ DQS= bank = 0 row = 2200 col = 00000321 data = 2201
tb_g14_scale_n256_mig.gen_mem[0].u_comp_ddr3.data_task: at time 131563966.0 ps INFO: WRITE @ DQS= bank = 0 row = 2200 col = 00000322 data = 00c8
tb_g14_scale_n256_mig.gen_mem[0].u_comp_ddr3.data_task: at time 131565466.0 ps INFO: WRITE @ DQS= bank = 0 row = 2200 col = 00000323 data = ddfe
tb_g14_scale_n256_mig.gen_mem[0].u_comp_ddr3.data_task: at time 131566966.0 ps INFO: WRITE @ DQS= bank = 0 row = 2200 col = 00000324 data = ff36
tb_g14_scale_n256_mig.gen_mem[0].u_comp_ddr3.data_task: at time 131568466.0 ps INFO: WRITE @ DQS= bank = 0 row = 2200 col = 00000325 data = 2201
tb_g14_scale_n256_mig.gen_mem[0].u_comp_ddr3.data_task: at time 131569966.0 ps INFO: WRITE @ DQS= bank = 0 row = 2200 col = 00000326 data = 00c9
tb_g14_scale_n256_mig.gen_mem[0].u_comp_ddr3.data_task: at time 131571466.0 ps INFO: WRITE @ DQS= bank = 0 row = 2200 col = 00000327 data = ddfe
tb_g14_scale_n256_mig.gen_mem[0].u_comp_ddr3.main: at time 131574466.0 ps INFO: Sync On Die Termination Rtt_NOM =          0 Ohm
tb_g14_scale_n256_mig.gen_mem[0].u_comp_ddr3.cmd_task: at time 131592466.0 ps INFO: Write     bank 0 col 328, auto precharge 0
tb_g14_scale_n256_mig.gen_mem[0].u_comp_ddr3.main: at time 131598466.0 ps INFO: Sync On Die Termination Rtt_NOM =         40 Ohm
tb_g14_scale_n256_mig.gen_mem[0].u_comp_ddr3.data_task: at time 131608966.0 ps INFO: WRITE @ DQS= bank = 0 row = 2200 col = 00000328 data = ff35
tb_g14_scale_n256_mig.gen_mem[0].u_comp_ddr3.data_task: at time 131610466.0 ps INFO: WRITE @ DQS= bank = 0 row = 2200 col = 00000329 data = 2201
tb_g14_scale_n256_mig.gen_mem[0].u_comp_ddr3.data_task: at time 131611966.0 ps INFO: WRITE @ DQS= bank = 0 row = 2200 col = 0000032a data = 00ca
tb_g14_scale_n256_mig.gen_mem[0].u_comp_ddr3.data_task: at time 131613466.0 ps INFO: WRITE @ DQS= bank = 0 row = 2200 col = 0000032b data = ddfe
tb_g14_scale_n256_mig.gen_mem[0].u_comp_ddr3.data_task: at time 131614966.0 ps INFO: WRITE @ DQS= bank = 0 row = 2200 col = 0000032c data = ff34
tb_g14_scale_n256_mig.gen_mem[0].u_comp_ddr3.data_task: at time 131616466.0 ps INFO: WRITE @ DQS= bank = 0 row = 2200 col = 0000032d data = 2201
tb_g14_scale_n256_mig.gen_mem[0].u_comp_ddr3.data_task: at time 131617966.0 ps INFO: WRITE @ DQS= bank = 0 row = 2200 col = 0000032e data = 00cb
tb_g14_scale_n256_mig.gen_mem[0].u_comp_ddr3.data_task: at time 131619466.0 ps INFO: WRITE @ DQS= bank = 0 row = 2200 col = 0000032f data = ddfe
tb_g14_scale_n256_mig.gen_mem[0].u_comp_ddr3.main: at time 131622466.0 ps INFO: Sync On Die Termination Rtt_NOM =          0 Ohm
tb_g14_scale_n256_mig.gen_mem[0].u_comp_ddr3.cmd_task: at time 131640466.0 ps INFO: Write     bank 0 col 330, auto precharge 0
tb_g14_scale_n256_mig.gen_mem[0].u_comp_ddr3.main: at time 131646466.0 ps INFO: Sync On Die Termination Rtt_NOM =         40 Ohm
tb_g14_scale_n256_mig.gen_mem[0].u_comp_ddr3.data_task: at time 131656966.0 ps INFO: WRITE @ DQS= bank = 0 row = 2200 col = 00000330 data = ff33
tb_g14_scale_n256_mig.gen_mem[0].u_comp_ddr3.data_task: at time 131658466.0 ps INFO: WRITE @ DQS= bank = 0 row = 2200 col = 00000331 data = 2201
tb_g14_scale_n256_mig.gen_mem[0].u_comp_ddr3.data_task: at time 131659966.0 ps INFO: WRITE @ DQS= bank = 0 row = 2200 col = 00000332 data = 00cc
tb_g14_scale_n256_mig.gen_mem[0].u_comp_ddr3.data_task: at time 131661466.0 ps INFO: WRITE @ DQS= bank = 0 row = 2200 col = 00000333 data = ddfe
tb_g14_scale_n256_mig.gen_mem[0].u_comp_ddr3.data_task: at time 131662966.0 ps INFO: WRITE @ DQS= bank = 0 row = 2200 col = 00000334 data = ff32
tb_g14_scale_n256_mig.gen_mem[0].u_comp_ddr3.data_task: at time 131664466.0 ps INFO: WRITE @ DQS= bank = 0 row = 2200 col = 00000335 data = 2201
tb_g14_scale_n256_mig.gen_mem[0].u_comp_ddr3.data_task: at time 131665966.0 ps INFO: WRITE @ DQS= bank = 0 row = 2200 col = 00000336 data = 00cd
tb_g14_scale_n256_mig.gen_mem[0].u_comp_ddr3.data_task: at time 131667466.0 ps INFO: WRITE @ DQS= bank = 0 row = 2200 col = 00000337 data = ddfe
tb_g14_scale_n256_mig.gen_mem[0].u_comp_ddr3.main: at time 131670466.0 ps INFO: Sync On Die Termination Rtt_NOM =          0 Ohm
tb_g14_scale_n256_mig.gen_mem[0].u_comp_ddr3.cmd_task: at time 131688466.0 ps INFO: Write     bank 0 col 338, auto precharge 0
tb_g14_scale_n256_mig.gen_mem[0].u_comp_ddr3.main: at time 131694466.0 ps INFO: Sync On Die Termination Rtt_NOM =         40 Ohm
tb_g14_scale_n256_mig.gen_mem[0].u_comp_ddr3.data_task: at time 131704966.0 ps INFO: WRITE @ DQS= bank = 0 row = 2200 col = 00000338 data = ff31
tb_g14_scale_n256_mig.gen_mem[0].u_comp_ddr3.data_task: at time 131706466.0 ps INFO: WRITE @ DQS= bank = 0 row = 2200 col = 00000339 data = 2201
tb_g14_scale_n256_mig.gen_mem[0].u_comp_ddr3.data_task: at time 131707966.0 ps INFO: WRITE @ DQS= bank = 0 row = 2200 col = 0000033a data = 00ce
tb_g14_scale_n256_mig.gen_mem[0].u_comp_ddr3.data_task: at time 131709466.0 ps INFO: WRITE @ DQS= bank = 0 row = 2200 col = 0000033b data = ddfe
tb_g14_scale_n256_mig.gen_mem[0].u_comp_ddr3.data_task: at time 131710966.0 ps INFO: WRITE @ DQS= bank = 0 row = 2200 col = 0000033c data = ff30
tb_g14_scale_n256_mig.gen_mem[0].u_comp_ddr3.data_task: at time 131712466.0 ps INFO: WRITE @ DQS= bank = 0 row = 2200 col = 0000033d data = 2201
tb_g14_scale_n256_mig.gen_mem[0].u_comp_ddr3.data_task: at time 131713966.0 ps INFO: WRITE @ DQS= bank = 0 row = 2200 col = 0000033e data = 00cf
tb_g14_scale_n256_mig.gen_mem[0].u_comp_ddr3.data_task: at time 131715466.0 ps INFO: WRITE @ DQS= bank = 0 row = 2200 col = 0000033f data = ddfe
tb_g14_scale_n256_mig.gen_mem[0].u_comp_ddr3.main: at time 131718466.0 ps INFO: Sync On Die Termination Rtt_NOM =          0 Ohm
tb_g14_scale_n256_mig.gen_mem[0].u_comp_ddr3.cmd_task: at time 131736466.0 ps INFO: Write     bank 0 col 340, auto precharge 0
tb_g14_scale_n256_mig.gen_mem[0].u_comp_ddr3.main: at time 131742466.0 ps INFO: Sync On Die Termination Rtt_NOM =         40 Ohm
tb_g14_scale_n256_mig.gen_mem[0].u_comp_ddr3.data_task: at time 131752966.0 ps INFO: WRITE @ DQS= bank = 0 row = 2200 col = 00000340 data = ff2f
tb_g14_scale_n256_mig.gen_mem[0].u_comp_ddr3.data_task: at time 131754466.0 ps INFO: WRITE @ DQS= bank = 0 row = 2200 col = 00000341 data = 2201
tb_g14_scale_n256_mig.gen_mem[0].u_comp_ddr3.data_task: at time 131755966.0 ps INFO: WRITE @ DQS= bank = 0 row = 2200 col = 00000342 data = 00d0
tb_g14_scale_n256_mig.gen_mem[0].u_comp_ddr3.data_task: at time 131757466.0 ps INFO: WRITE @ DQS= bank = 0 row = 2200 col = 00000343 data = ddfe
tb_g14_scale_n256_mig.gen_mem[0].u_comp_ddr3.data_task: at time 131758966.0 ps INFO: WRITE @ DQS= bank = 0 row = 2200 col = 00000344 data = ff2e
tb_g14_scale_n256_mig.gen_mem[0].u_comp_ddr3.data_task: at time 131760466.0 ps INFO: WRITE @ DQS= bank = 0 row = 2200 col = 00000345 data = 2201
tb_g14_scale_n256_mig.gen_mem[0].u_comp_ddr3.data_task: at time 131761966.0 ps INFO: WRITE @ DQS= bank = 0 row = 2200 col = 00000346 data = 00d1
tb_g14_scale_n256_mig.gen_mem[0].u_comp_ddr3.data_task: at time 131763466.0 ps INFO: WRITE @ DQS= bank = 0 row = 2200 col = 00000347 data = ddfe
tb_g14_scale_n256_mig.gen_mem[0].u_comp_ddr3.main: at time 131766466.0 ps INFO: Sync On Die Termination Rtt_NOM =          0 Ohm
tb_g14_scale_n256_mig.gen_mem[0].u_comp_ddr3.cmd_task: at time 131784466.0 ps INFO: Write     bank 0 col 348, auto precharge 0
tb_g14_scale_n256_mig.gen_mem[0].u_comp_ddr3.main: at time 131790466.0 ps INFO: Sync On Die Termination Rtt_NOM =         40 Ohm
tb_g14_scale_n256_mig.gen_mem[0].u_comp_ddr3.data_task: at time 131800966.0 ps INFO: WRITE @ DQS= bank = 0 row = 2200 col = 00000348 data = ff2d
tb_g14_scale_n256_mig.gen_mem[0].u_comp_ddr3.data_task: at time 131802466.0 ps INFO: WRITE @ DQS= bank = 0 row = 2200 col = 00000349 data = 2201
tb_g14_scale_n256_mig.gen_mem[0].u_comp_ddr3.data_task: at time 131803966.0 ps INFO: WRITE @ DQS= bank = 0 row = 2200 col = 0000034a data = 00d2
tb_g14_scale_n256_mig.gen_mem[0].u_comp_ddr3.data_task: at time 131805466.0 ps INFO: WRITE @ DQS= bank = 0 row = 2200 col = 0000034b data = ddfe
tb_g14_scale_n256_mig.gen_mem[0].u_comp_ddr3.data_task: at time 131806966.0 ps INFO: WRITE @ DQS= bank = 0 row = 2200 col = 0000034c data = ff2c
tb_g14_scale_n256_mig.gen_mem[0].u_comp_ddr3.data_task: at time 131808466.0 ps INFO: WRITE @ DQS= bank = 0 row = 2200 col = 0000034d data = 2201
tb_g14_scale_n256_mig.gen_mem[0].u_comp_ddr3.data_task: at time 131809966.0 ps INFO: WRITE @ DQS= bank = 0 row = 2200 col = 0000034e data = 00d3
tb_g14_scale_n256_mig.gen_mem[0].u_comp_ddr3.data_task: at time 131811466.0 ps INFO: WRITE @ DQS= bank = 0 row = 2200 col = 0000034f data = ddfe
tb_g14_scale_n256_mig.gen_mem[0].u_comp_ddr3.main: at time 131814466.0 ps INFO: Sync On Die Termination Rtt_NOM =          0 Ohm
tb_g14_scale_n256_mig.gen_mem[0].u_comp_ddr3.cmd_task: at time 131832466.0 ps INFO: Read      bank 0 col 348, auto precharge 0
tb_g14_scale_n256_mig.gen_mem[0].u_comp_ddr3.cmd_task: at time 131844466.0 ps INFO: Read      bank 0 col 348, auto precharge 0
tb_g14_scale_n256_mig.gen_mem[0].u_comp_ddr3.data_task: at time 131845966.0 ps INFO: READ @ DQS= bank = 0 row = 2200 col = 00000348 data = ff2d
tb_g14_scale_n256_mig.gen_mem[0].u_comp_ddr3.data_task: at time 131847466.0 ps INFO: READ @ DQS= bank = 0 row = 2200 col = 00000349 data = 2201
tb_g14_scale_n256_mig.gen_mem[0].u_comp_ddr3.data_task: at time 131848966.0 ps INFO: READ @ DQS= bank = 0 row = 2200 col = 0000034a data = 00d2
tb_g14_scale_n256_mig.gen_mem[0].u_comp_ddr3.data_task: at time 131850466.0 ps INFO: READ @ DQS= bank = 0 row = 2200 col = 0000034b data = ddfe
tb_g14_scale_n256_mig.gen_mem[0].u_comp_ddr3.data_task: at time 131851966.0 ps INFO: READ @ DQS= bank = 0 row = 2200 col = 0000034c data = ff2c
tb_g14_scale_n256_mig.gen_mem[0].u_comp_ddr3.data_task: at time 131853466.0 ps INFO: READ @ DQS= bank = 0 row = 2200 col = 0000034d data = 2201
tb_g14_scale_n256_mig.gen_mem[0].u_comp_ddr3.data_task: at time 131854966.0 ps INFO: READ @ DQS= bank = 0 row = 2200 col = 0000034e data = 00d3
tb_g14_scale_n256_mig.gen_mem[0].u_comp_ddr3.data_task: at time 131856466.0 ps INFO: READ @ DQS= bank = 0 row = 2200 col = 0000034f data = ddfe
tb_g14_scale_n256_mig.gen_mem[0].u_comp_ddr3.data_task: at time 131857966.0 ps INFO: READ @ DQS= bank = 0 row = 2200 col = 00000348 data = ff2d
tb_g14_scale_n256_mig.gen_mem[0].u_comp_ddr3.data_task: at time 131859466.0 ps INFO: READ @ DQS= bank = 0 row = 2200 col = 00000349 data = 2201
tb_g14_scale_n256_mig.gen_mem[0].u_comp_ddr3.data_task: at time 131860966.0 ps INFO: READ @ DQS= bank = 0 row = 2200 col = 0000034a data = 00d2
tb_g14_scale_n256_mig.gen_mem[0].u_comp_ddr3.data_task: at time 131862466.0 ps INFO: READ @ DQS= bank = 0 row = 2200 col = 0000034b data = ddfe
tb_g14_scale_n256_mig.gen_mem[0].u_comp_ddr3.data_task: at time 131863966.0 ps INFO: READ @ DQS= bank = 0 row = 2200 col = 0000034c data = ff2c
tb_g14_scale_n256_mig.gen_mem[0].u_comp_ddr3.data_task: at time 131865466.0 ps INFO: READ @ DQS= bank = 0 row = 2200 col = 0000034d data = 2201
tb_g14_scale_n256_mig.gen_mem[0].u_comp_ddr3.data_task: at time 131866966.0 ps INFO: READ @ DQS= bank = 0 row = 2200 col = 0000034e data = 00d3
tb_g14_scale_n256_mig.gen_mem[0].u_comp_ddr3.data_task: at time 131868466.0 ps INFO: READ @ DQS= bank = 0 row = 2200 col = 0000034f data = ddfe
tb_g14_scale_n256_mig.gen_mem[0].u_comp_ddr3.cmd_task: at time 131868466.0 ps INFO: Write     bank 0 col 350, auto precharge 0
tb_g14_scale_n256_mig.gen_mem[0].u_comp_ddr3.main: at time 131874466.0 ps INFO: Sync On Die Termination Rtt_NOM =         40 Ohm
tb_g14_scale_n256_mig.gen_mem[0].u_comp_ddr3.cmd_task: at time 131880466.0 ps INFO: Write     bank 0 col 358, auto precharge 0
tb_g14_scale_n256_mig.gen_mem[0].u_comp_ddr3.data_task: at time 131884966.0 ps INFO: WRITE @ DQS= bank = 0 row = 2200 col = 00000350 data = ff2b
tb_g14_scale_n256_mig.gen_mem[0].u_comp_ddr3.data_task: at time 131886466.0 ps INFO: WRITE @ DQS= bank = 0 row = 2200 col = 00000351 data = 2201
tb_g14_scale_n256_mig.gen_mem[0].u_comp_ddr3.data_task: at time 131887966.0 ps INFO: WRITE @ DQS= bank = 0 row = 2200 col = 00000352 data = 00d4
tb_g14_scale_n256_mig.gen_mem[0].u_comp_ddr3.data_task: at time 131889466.0 ps INFO: WRITE @ DQS= bank = 0 row = 2200 col = 00000353 data = ddfe
tb_g14_scale_n256_mig.gen_mem[0].u_comp_ddr3.data_task: at time 131890966.0 ps INFO: WRITE @ DQS= bank = 0 row = 2200 col = 00000354 data = ff2a
tb_g14_scale_n256_mig.gen_mem[0].u_comp_ddr3.data_task: at time 131892466.0 ps INFO: WRITE @ DQS= bank = 0 row = 2200 col = 00000355 data = 2201
tb_g14_scale_n256_mig.gen_mem[0].u_comp_ddr3.data_task: at time 131893966.0 ps INFO: WRITE @ DQS= bank = 0 row = 2200 col = 00000356 data = 00d5
tb_g14_scale_n256_mig.gen_mem[0].u_comp_ddr3.data_task: at time 131895466.0 ps INFO: WRITE @ DQS= bank = 0 row = 2200 col = 00000357 data = ddfe
tb_g14_scale_n256_mig.gen_mem[0].u_comp_ddr3.data_task: at time 131896966.0 ps INFO: WRITE @ DQS= bank = 0 row = 2200 col = 00000358 data = ff29
tb_g14_scale_n256_mig.gen_mem[0].u_comp_ddr3.data_task: at time 131898466.0 ps INFO: WRITE @ DQS= bank = 0 row = 2200 col = 00000359 data = 2201
tb_g14_scale_n256_mig.gen_mem[0].u_comp_ddr3.data_task: at time 131899966.0 ps INFO: WRITE @ DQS= bank = 0 row = 2200 col = 0000035a data = 00d6
tb_g14_scale_n256_mig.gen_mem[0].u_comp_ddr3.data_task: at time 131901466.0 ps INFO: WRITE @ DQS= bank = 0 row = 2200 col = 0000035b data = ddfe
tb_g14_scale_n256_mig.gen_mem[0].u_comp_ddr3.data_task: at time 131902966.0 ps INFO: WRITE @ DQS= bank = 0 row = 2200 col = 0000035c data = ff28
tb_g14_scale_n256_mig.gen_mem[0].u_comp_ddr3.data_task: at time 131904466.0 ps INFO: WRITE @ DQS= bank = 0 row = 2200 col = 0000035d data = 2201
tb_g14_scale_n256_mig.gen_mem[0].u_comp_ddr3.data_task: at time 131905966.0 ps INFO: WRITE @ DQS= bank = 0 row = 2200 col = 0000035e data = 00d7
tb_g14_scale_n256_mig.gen_mem[0].u_comp_ddr3.data_task: at time 131907466.0 ps INFO: WRITE @ DQS= bank = 0 row = 2200 col = 0000035f data = ddfe
tb_g14_scale_n256_mig.gen_mem[0].u_comp_ddr3.main: at time 131910466.0 ps INFO: Sync On Die Termination Rtt_NOM =          0 Ohm
tb_g14_scale_n256_mig.gen_mem[0].u_comp_ddr3.cmd_task: at time 131928466.0 ps INFO: Write     bank 0 col 360, auto precharge 0
tb_g14_scale_n256_mig.gen_mem[0].u_comp_ddr3.main: at time 131934466.0 ps INFO: Sync On Die Termination Rtt_NOM =         40 Ohm
tb_g14_scale_n256_mig.gen_mem[0].u_comp_ddr3.data_task: at time 131944966.0 ps INFO: WRITE @ DQS= bank = 0 row = 2200 col = 00000360 data = ff27
tb_g14_scale_n256_mig.gen_mem[0].u_comp_ddr3.data_task: at time 131946466.0 ps INFO: WRITE @ DQS= bank = 0 row = 2200 col = 00000361 data = 2201
tb_g14_scale_n256_mig.gen_mem[0].u_comp_ddr3.data_task: at time 131947966.0 ps INFO: WRITE @ DQS= bank = 0 row = 2200 col = 00000362 data = 00d8
tb_g14_scale_n256_mig.gen_mem[0].u_comp_ddr3.data_task: at time 131949466.0 ps INFO: WRITE @ DQS= bank = 0 row = 2200 col = 00000363 data = ddfe
tb_g14_scale_n256_mig.gen_mem[0].u_comp_ddr3.data_task: at time 131950966.0 ps INFO: WRITE @ DQS= bank = 0 row = 2200 col = 00000364 data = ff26
tb_g14_scale_n256_mig.gen_mem[0].u_comp_ddr3.data_task: at time 131952466.0 ps INFO: WRITE @ DQS= bank = 0 row = 2200 col = 00000365 data = 2201
tb_g14_scale_n256_mig.gen_mem[0].u_comp_ddr3.data_task: at time 131953966.0 ps INFO: WRITE @ DQS= bank = 0 row = 2200 col = 00000366 data = 00d9
tb_g14_scale_n256_mig.gen_mem[0].u_comp_ddr3.data_task: at time 131955466.0 ps INFO: WRITE @ DQS= bank = 0 row = 2200 col = 00000367 data = ddfe
tb_g14_scale_n256_mig.gen_mem[0].u_comp_ddr3.main: at time 131958466.0 ps INFO: Sync On Die Termination Rtt_NOM =          0 Ohm
tb_g14_scale_n256_mig.gen_mem[0].u_comp_ddr3.cmd_task: at time 131976466.0 ps INFO: Write     bank 0 col 368, auto precharge 0
tb_g14_scale_n256_mig.gen_mem[0].u_comp_ddr3.main: at time 131982466.0 ps INFO: Sync On Die Termination Rtt_NOM =         40 Ohm
tb_g14_scale_n256_mig.gen_mem[0].u_comp_ddr3.data_task: at time 131992966.0 ps INFO: WRITE @ DQS= bank = 0 row = 2200 col = 00000368 data = ff25
tb_g14_scale_n256_mig.gen_mem[0].u_comp_ddr3.data_task: at time 131994466.0 ps INFO: WRITE @ DQS= bank = 0 row = 2200 col = 00000369 data = 2201
tb_g14_scale_n256_mig.gen_mem[0].u_comp_ddr3.data_task: at time 131995966.0 ps INFO: WRITE @ DQS= bank = 0 row = 2200 col = 0000036a data = 00da
tb_g14_scale_n256_mig.gen_mem[0].u_comp_ddr3.data_task: at time 131997466.0 ps INFO: WRITE @ DQS= bank = 0 row = 2200 col = 0000036b data = ddfe
tb_g14_scale_n256_mig.gen_mem[0].u_comp_ddr3.data_task: at time 131998966.0 ps INFO: WRITE @ DQS= bank = 0 row = 2200 col = 0000036c data = ff24
tb_g14_scale_n256_mig.gen_mem[0].u_comp_ddr3.data_task: at time 132000466.0 ps INFO: WRITE @ DQS= bank = 0 row = 2200 col = 0000036d data = 2201
tb_g14_scale_n256_mig.gen_mem[0].u_comp_ddr3.data_task: at time 132001966.0 ps INFO: WRITE @ DQS= bank = 0 row = 2200 col = 0000036e data = 00db
tb_g14_scale_n256_mig.gen_mem[0].u_comp_ddr3.data_task: at time 132003466.0 ps INFO: WRITE @ DQS= bank = 0 row = 2200 col = 0000036f data = ddfe
tb_g14_scale_n256_mig.gen_mem[0].u_comp_ddr3.main: at time 132006466.0 ps INFO: Sync On Die Termination Rtt_NOM =          0 Ohm
tb_g14_scale_n256_mig.gen_mem[0].u_comp_ddr3.cmd_task: at time 132024466.0 ps INFO: Write     bank 0 col 370, auto precharge 0
tb_g14_scale_n256_mig.gen_mem[0].u_comp_ddr3.main: at time 132030466.0 ps INFO: Sync On Die Termination Rtt_NOM =         40 Ohm
tb_g14_scale_n256_mig.gen_mem[0].u_comp_ddr3.data_task: at time 132040966.0 ps INFO: WRITE @ DQS= bank = 0 row = 2200 col = 00000370 data = ff23
tb_g14_scale_n256_mig.gen_mem[0].u_comp_ddr3.data_task: at time 132042466.0 ps INFO: WRITE @ DQS= bank = 0 row = 2200 col = 00000371 data = 2201
tb_g14_scale_n256_mig.gen_mem[0].u_comp_ddr3.data_task: at time 132043966.0 ps INFO: WRITE @ DQS= bank = 0 row = 2200 col = 00000372 data = 00dc
tb_g14_scale_n256_mig.gen_mem[0].u_comp_ddr3.data_task: at time 132045466.0 ps INFO: WRITE @ DQS= bank = 0 row = 2200 col = 00000373 data = ddfe
tb_g14_scale_n256_mig.gen_mem[0].u_comp_ddr3.data_task: at time 132046966.0 ps INFO: WRITE @ DQS= bank = 0 row = 2200 col = 00000374 data = ff22
tb_g14_scale_n256_mig.gen_mem[0].u_comp_ddr3.data_task: at time 132048466.0 ps INFO: WRITE @ DQS= bank = 0 row = 2200 col = 00000375 data = 2201
tb_g14_scale_n256_mig.gen_mem[0].u_comp_ddr3.data_task: at time 132049966.0 ps INFO: WRITE @ DQS= bank = 0 row = 2200 col = 00000376 data = 00dd
tb_g14_scale_n256_mig.gen_mem[0].u_comp_ddr3.data_task: at time 132051466.0 ps INFO: WRITE @ DQS= bank = 0 row = 2200 col = 00000377 data = ddfe
tb_g14_scale_n256_mig.gen_mem[0].u_comp_ddr3.main: at time 132054466.0 ps INFO: Sync On Die Termination Rtt_NOM =          0 Ohm
tb_g14_scale_n256_mig.gen_mem[0].u_comp_ddr3.cmd_task: at time 132072466.0 ps INFO: Write     bank 0 col 378, auto precharge 0
tb_g14_scale_n256_mig.gen_mem[0].u_comp_ddr3.main: at time 132078466.0 ps INFO: Sync On Die Termination Rtt_NOM =         40 Ohm
tb_g14_scale_n256_mig.gen_mem[0].u_comp_ddr3.data_task: at time 132088966.0 ps INFO: WRITE @ DQS= bank = 0 row = 2200 col = 00000378 data = ff21
tb_g14_scale_n256_mig.gen_mem[0].u_comp_ddr3.data_task: at time 132090466.0 ps INFO: WRITE @ DQS= bank = 0 row = 2200 col = 00000379 data = 2201
tb_g14_scale_n256_mig.gen_mem[0].u_comp_ddr3.data_task: at time 132091966.0 ps INFO: WRITE @ DQS= bank = 0 row = 2200 col = 0000037a data = 00de
tb_g14_scale_n256_mig.gen_mem[0].u_comp_ddr3.data_task: at time 132093466.0 ps INFO: WRITE @ DQS= bank = 0 row = 2200 col = 0000037b data = ddfe
tb_g14_scale_n256_mig.gen_mem[0].u_comp_ddr3.data_task: at time 132094966.0 ps INFO: WRITE @ DQS= bank = 0 row = 2200 col = 0000037c data = ff20
tb_g14_scale_n256_mig.gen_mem[0].u_comp_ddr3.data_task: at time 132096466.0 ps INFO: WRITE @ DQS= bank = 0 row = 2200 col = 0000037d data = 2201
tb_g14_scale_n256_mig.gen_mem[0].u_comp_ddr3.data_task: at time 132097966.0 ps INFO: WRITE @ DQS= bank = 0 row = 2200 col = 0000037e data = 00df
tb_g14_scale_n256_mig.gen_mem[0].u_comp_ddr3.data_task: at time 132099466.0 ps INFO: WRITE @ DQS= bank = 0 row = 2200 col = 0000037f data = ddfe
tb_g14_scale_n256_mig.gen_mem[0].u_comp_ddr3.main: at time 132102466.0 ps INFO: Sync On Die Termination Rtt_NOM =          0 Ohm
tb_g14_scale_n256_mig.gen_mem[0].u_comp_ddr3.cmd_task: at time 132120466.0 ps INFO: Write     bank 0 col 380, auto precharge 0
tb_g14_scale_n256_mig.gen_mem[0].u_comp_ddr3.main: at time 132126466.0 ps INFO: Sync On Die Termination Rtt_NOM =         40 Ohm
tb_g14_scale_n256_mig.gen_mem[0].u_comp_ddr3.data_task: at time 132136966.0 ps INFO: WRITE @ DQS= bank = 0 row = 2200 col = 00000380 data = ff1f
tb_g14_scale_n256_mig.gen_mem[0].u_comp_ddr3.data_task: at time 132138466.0 ps INFO: WRITE @ DQS= bank = 0 row = 2200 col = 00000381 data = 2201
tb_g14_scale_n256_mig.gen_mem[0].u_comp_ddr3.data_task: at time 132139966.0 ps INFO: WRITE @ DQS= bank = 0 row = 2200 col = 00000382 data = 00e0
tb_g14_scale_n256_mig.gen_mem[0].u_comp_ddr3.data_task: at time 132141466.0 ps INFO: WRITE @ DQS= bank = 0 row = 2200 col = 00000383 data = ddfe
tb_g14_scale_n256_mig.gen_mem[0].u_comp_ddr3.data_task: at time 132142966.0 ps INFO: WRITE @ DQS= bank = 0 row = 2200 col = 00000384 data = ff1e
tb_g14_scale_n256_mig.gen_mem[0].u_comp_ddr3.data_task: at time 132144466.0 ps INFO: WRITE @ DQS= bank = 0 row = 2200 col = 00000385 data = 2201
tb_g14_scale_n256_mig.gen_mem[0].u_comp_ddr3.data_task: at time 132145966.0 ps INFO: WRITE @ DQS= bank = 0 row = 2200 col = 00000386 data = 00e1
tb_g14_scale_n256_mig.gen_mem[0].u_comp_ddr3.data_task: at time 132147466.0 ps INFO: WRITE @ DQS= bank = 0 row = 2200 col = 00000387 data = ddfe
tb_g14_scale_n256_mig.gen_mem[0].u_comp_ddr3.main: at time 132150466.0 ps INFO: Sync On Die Termination Rtt_NOM =          0 Ohm
tb_g14_scale_n256_mig.gen_mem[0].u_comp_ddr3.cmd_task: at time 132168466.0 ps INFO: Write     bank 0 col 388, auto precharge 0
tb_g14_scale_n256_mig.gen_mem[0].u_comp_ddr3.main: at time 132174466.0 ps INFO: Sync On Die Termination Rtt_NOM =         40 Ohm
tb_g14_scale_n256_mig.gen_mem[0].u_comp_ddr3.data_task: at time 132184966.0 ps INFO: WRITE @ DQS= bank = 0 row = 2200 col = 00000388 data = ff1d
tb_g14_scale_n256_mig.gen_mem[0].u_comp_ddr3.data_task: at time 132186466.0 ps INFO: WRITE @ DQS= bank = 0 row = 2200 col = 00000389 data = 2201
tb_g14_scale_n256_mig.gen_mem[0].u_comp_ddr3.data_task: at time 132187966.0 ps INFO: WRITE @ DQS= bank = 0 row = 2200 col = 0000038a data = 00e2
tb_g14_scale_n256_mig.gen_mem[0].u_comp_ddr3.data_task: at time 132189466.0 ps INFO: WRITE @ DQS= bank = 0 row = 2200 col = 0000038b data = ddfe
tb_g14_scale_n256_mig.gen_mem[0].u_comp_ddr3.data_task: at time 132190966.0 ps INFO: WRITE @ DQS= bank = 0 row = 2200 col = 0000038c data = ff1c
tb_g14_scale_n256_mig.gen_mem[0].u_comp_ddr3.data_task: at time 132192466.0 ps INFO: WRITE @ DQS= bank = 0 row = 2200 col = 0000038d data = 2201
tb_g14_scale_n256_mig.gen_mem[0].u_comp_ddr3.data_task: at time 132193966.0 ps INFO: WRITE @ DQS= bank = 0 row = 2200 col = 0000038e data = 00e3
tb_g14_scale_n256_mig.gen_mem[0].u_comp_ddr3.data_task: at time 132195466.0 ps INFO: WRITE @ DQS= bank = 0 row = 2200 col = 0000038f data = ddfe
tb_g14_scale_n256_mig.gen_mem[0].u_comp_ddr3.main: at time 132198466.0 ps INFO: Sync On Die Termination Rtt_NOM =          0 Ohm
tb_g14_scale_n256_mig.gen_mem[0].u_comp_ddr3.cmd_task: at time 132216466.0 ps INFO: Write     bank 0 col 390, auto precharge 0
tb_g14_scale_n256_mig.gen_mem[0].u_comp_ddr3.main: at time 132222466.0 ps INFO: Sync On Die Termination Rtt_NOM =         40 Ohm
tb_g14_scale_n256_mig.gen_mem[0].u_comp_ddr3.data_task: at time 132232966.0 ps INFO: WRITE @ DQS= bank = 0 row = 2200 col = 00000390 data = ff1b
tb_g14_scale_n256_mig.gen_mem[0].u_comp_ddr3.data_task: at time 132234466.0 ps INFO: WRITE @ DQS= bank = 0 row = 2200 col = 00000391 data = 2201
tb_g14_scale_n256_mig.gen_mem[0].u_comp_ddr3.data_task: at time 132235966.0 ps INFO: WRITE @ DQS= bank = 0 row = 2200 col = 00000392 data = 00e4
tb_g14_scale_n256_mig.gen_mem[0].u_comp_ddr3.data_task: at time 132237466.0 ps INFO: WRITE @ DQS= bank = 0 row = 2200 col = 00000393 data = ddfe
tb_g14_scale_n256_mig.gen_mem[0].u_comp_ddr3.data_task: at time 132238966.0 ps INFO: WRITE @ DQS= bank = 0 row = 2200 col = 00000394 data = ff1a
tb_g14_scale_n256_mig.gen_mem[0].u_comp_ddr3.data_task: at time 132240466.0 ps INFO: WRITE @ DQS= bank = 0 row = 2200 col = 00000395 data = 2201
tb_g14_scale_n256_mig.gen_mem[0].u_comp_ddr3.data_task: at time 132241966.0 ps INFO: WRITE @ DQS= bank = 0 row = 2200 col = 00000396 data = 00e5
tb_g14_scale_n256_mig.gen_mem[0].u_comp_ddr3.data_task: at time 132243466.0 ps INFO: WRITE @ DQS= bank = 0 row = 2200 col = 00000397 data = ddfe
tb_g14_scale_n256_mig.gen_mem[0].u_comp_ddr3.main: at time 132246466.0 ps INFO: Sync On Die Termination Rtt_NOM =          0 Ohm
tb_g14_scale_n256_mig.gen_mem[0].u_comp_ddr3.cmd_task: at time 132264466.0 ps INFO: Write     bank 0 col 398, auto precharge 0
tb_g14_scale_n256_mig.gen_mem[0].u_comp_ddr3.main: at time 132270466.0 ps INFO: Sync On Die Termination Rtt_NOM =         40 Ohm
tb_g14_scale_n256_mig.gen_mem[0].u_comp_ddr3.data_task: at time 132280966.0 ps INFO: WRITE @ DQS= bank = 0 row = 2200 col = 00000398 data = ff19
tb_g14_scale_n256_mig.gen_mem[0].u_comp_ddr3.data_task: at time 132282466.0 ps INFO: WRITE @ DQS= bank = 0 row = 2200 col = 00000399 data = 2201
tb_g14_scale_n256_mig.gen_mem[0].u_comp_ddr3.data_task: at time 132283966.0 ps INFO: WRITE @ DQS= bank = 0 row = 2200 col = 0000039a data = 00e6
tb_g14_scale_n256_mig.gen_mem[0].u_comp_ddr3.data_task: at time 132285466.0 ps INFO: WRITE @ DQS= bank = 0 row = 2200 col = 0000039b data = ddfe
tb_g14_scale_n256_mig.gen_mem[0].u_comp_ddr3.data_task: at time 132286966.0 ps INFO: WRITE @ DQS= bank = 0 row = 2200 col = 0000039c data = ff18
tb_g14_scale_n256_mig.gen_mem[0].u_comp_ddr3.data_task: at time 132288466.0 ps INFO: WRITE @ DQS= bank = 0 row = 2200 col = 0000039d data = 2201
tb_g14_scale_n256_mig.gen_mem[0].u_comp_ddr3.data_task: at time 132289966.0 ps INFO: WRITE @ DQS= bank = 0 row = 2200 col = 0000039e data = 00e7
tb_g14_scale_n256_mig.gen_mem[0].u_comp_ddr3.data_task: at time 132291466.0 ps INFO: WRITE @ DQS= bank = 0 row = 2200 col = 0000039f data = ddfe
tb_g14_scale_n256_mig.gen_mem[0].u_comp_ddr3.main: at time 132294466.0 ps INFO: Sync On Die Termination Rtt_NOM =          0 Ohm
tb_g14_scale_n256_mig.gen_mem[0].u_comp_ddr3.cmd_task: at time 132312466.0 ps INFO: Write     bank 0 col 3a0, auto precharge 0
tb_g14_scale_n256_mig.gen_mem[0].u_comp_ddr3.main: at time 132318466.0 ps INFO: Sync On Die Termination Rtt_NOM =         40 Ohm
tb_g14_scale_n256_mig.gen_mem[0].u_comp_ddr3.data_task: at time 132328966.0 ps INFO: WRITE @ DQS= bank = 0 row = 2200 col = 000003a0 data = ff17
tb_g14_scale_n256_mig.gen_mem[0].u_comp_ddr3.data_task: at time 132330466.0 ps INFO: WRITE @ DQS= bank = 0 row = 2200 col = 000003a1 data = 2201
tb_g14_scale_n256_mig.gen_mem[0].u_comp_ddr3.data_task: at time 132331966.0 ps INFO: WRITE @ DQS= bank = 0 row = 2200 col = 000003a2 data = 00e8
tb_g14_scale_n256_mig.gen_mem[0].u_comp_ddr3.data_task: at time 132333466.0 ps INFO: WRITE @ DQS= bank = 0 row = 2200 col = 000003a3 data = ddfe
tb_g14_scale_n256_mig.gen_mem[0].u_comp_ddr3.data_task: at time 132334966.0 ps INFO: WRITE @ DQS= bank = 0 row = 2200 col = 000003a4 data = ff16
tb_g14_scale_n256_mig.gen_mem[0].u_comp_ddr3.data_task: at time 132336466.0 ps INFO: WRITE @ DQS= bank = 0 row = 2200 col = 000003a5 data = 2201
tb_g14_scale_n256_mig.gen_mem[0].u_comp_ddr3.data_task: at time 132337966.0 ps INFO: WRITE @ DQS= bank = 0 row = 2200 col = 000003a6 data = 00e9
tb_g14_scale_n256_mig.gen_mem[0].u_comp_ddr3.data_task: at time 132339466.0 ps INFO: WRITE @ DQS= bank = 0 row = 2200 col = 000003a7 data = ddfe
tb_g14_scale_n256_mig.gen_mem[0].u_comp_ddr3.main: at time 132342466.0 ps INFO: Sync On Die Termination Rtt_NOM =          0 Ohm
tb_g14_scale_n256_mig.gen_mem[0].u_comp_ddr3.cmd_task: at time 132360466.0 ps INFO: Write     bank 0 col 3a8, auto precharge 0
tb_g14_scale_n256_mig.gen_mem[0].u_comp_ddr3.main: at time 132366466.0 ps INFO: Sync On Die Termination Rtt_NOM =         40 Ohm
tb_g14_scale_n256_mig.gen_mem[0].u_comp_ddr3.data_task: at time 132376966.0 ps INFO: WRITE @ DQS= bank = 0 row = 2200 col = 000003a8 data = ff15
tb_g14_scale_n256_mig.gen_mem[0].u_comp_ddr3.data_task: at time 132378466.0 ps INFO: WRITE @ DQS= bank = 0 row = 2200 col = 000003a9 data = 2201
tb_g14_scale_n256_mig.gen_mem[0].u_comp_ddr3.data_task: at time 132379966.0 ps INFO: WRITE @ DQS= bank = 0 row = 2200 col = 000003aa data = 00ea
tb_g14_scale_n256_mig.gen_mem[0].u_comp_ddr3.data_task: at time 132381466.0 ps INFO: WRITE @ DQS= bank = 0 row = 2200 col = 000003ab data = ddfe
tb_g14_scale_n256_mig.gen_mem[0].u_comp_ddr3.data_task: at time 132382966.0 ps INFO: WRITE @ DQS= bank = 0 row = 2200 col = 000003ac data = ff14
tb_g14_scale_n256_mig.gen_mem[0].u_comp_ddr3.data_task: at time 132384466.0 ps INFO: WRITE @ DQS= bank = 0 row = 2200 col = 000003ad data = 2201
tb_g14_scale_n256_mig.gen_mem[0].u_comp_ddr3.data_task: at time 132385966.0 ps INFO: WRITE @ DQS= bank = 0 row = 2200 col = 000003ae data = 00eb
tb_g14_scale_n256_mig.gen_mem[0].u_comp_ddr3.data_task: at time 132387466.0 ps INFO: WRITE @ DQS= bank = 0 row = 2200 col = 000003af data = ddfe
tb_g14_scale_n256_mig.gen_mem[0].u_comp_ddr3.main: at time 132390466.0 ps INFO: Sync On Die Termination Rtt_NOM =          0 Ohm
tb_g14_scale_n256_mig.gen_mem[0].u_comp_ddr3.cmd_task: at time 132408466.0 ps INFO: Write     bank 0 col 3b0, auto precharge 0
tb_g14_scale_n256_mig.gen_mem[0].u_comp_ddr3.main: at time 132414466.0 ps INFO: Sync On Die Termination Rtt_NOM =         40 Ohm
tb_g14_scale_n256_mig.gen_mem[0].u_comp_ddr3.data_task: at time 132424966.0 ps INFO: WRITE @ DQS= bank = 0 row = 2200 col = 000003b0 data = ff13
tb_g14_scale_n256_mig.gen_mem[0].u_comp_ddr3.data_task: at time 132426466.0 ps INFO: WRITE @ DQS= bank = 0 row = 2200 col = 000003b1 data = 2201
tb_g14_scale_n256_mig.gen_mem[0].u_comp_ddr3.data_task: at time 132427966.0 ps INFO: WRITE @ DQS= bank = 0 row = 2200 col = 000003b2 data = 00ec
tb_g14_scale_n256_mig.gen_mem[0].u_comp_ddr3.data_task: at time 132429466.0 ps INFO: WRITE @ DQS= bank = 0 row = 2200 col = 000003b3 data = ddfe
tb_g14_scale_n256_mig.gen_mem[0].u_comp_ddr3.data_task: at time 132430966.0 ps INFO: WRITE @ DQS= bank = 0 row = 2200 col = 000003b4 data = ff12
tb_g14_scale_n256_mig.gen_mem[0].u_comp_ddr3.data_task: at time 132432466.0 ps INFO: WRITE @ DQS= bank = 0 row = 2200 col = 000003b5 data = 2201
tb_g14_scale_n256_mig.gen_mem[0].u_comp_ddr3.data_task: at time 132433966.0 ps INFO: WRITE @ DQS= bank = 0 row = 2200 col = 000003b6 data = 00ed
tb_g14_scale_n256_mig.gen_mem[0].u_comp_ddr3.data_task: at time 132435466.0 ps INFO: WRITE @ DQS= bank = 0 row = 2200 col = 000003b7 data = ddfe
tb_g14_scale_n256_mig.gen_mem[0].u_comp_ddr3.main: at time 132438466.0 ps INFO: Sync On Die Termination Rtt_NOM =          0 Ohm
tb_g14_scale_n256_mig.gen_mem[0].u_comp_ddr3.cmd_task: at time 132456466.0 ps INFO: Write     bank 0 col 3b8, auto precharge 0
tb_g14_scale_n256_mig.gen_mem[0].u_comp_ddr3.main: at time 132462466.0 ps INFO: Sync On Die Termination Rtt_NOM =         40 Ohm
tb_g14_scale_n256_mig.gen_mem[0].u_comp_ddr3.data_task: at time 132472966.0 ps INFO: WRITE @ DQS= bank = 0 row = 2200 col = 000003b8 data = ff11
tb_g14_scale_n256_mig.gen_mem[0].u_comp_ddr3.data_task: at time 132474466.0 ps INFO: WRITE @ DQS= bank = 0 row = 2200 col = 000003b9 data = 2201
tb_g14_scale_n256_mig.gen_mem[0].u_comp_ddr3.data_task: at time 132475966.0 ps INFO: WRITE @ DQS= bank = 0 row = 2200 col = 000003ba data = 00ee
tb_g14_scale_n256_mig.gen_mem[0].u_comp_ddr3.data_task: at time 132477466.0 ps INFO: WRITE @ DQS= bank = 0 row = 2200 col = 000003bb data = ddfe
tb_g14_scale_n256_mig.gen_mem[0].u_comp_ddr3.data_task: at time 132478966.0 ps INFO: WRITE @ DQS= bank = 0 row = 2200 col = 000003bc data = ff10
tb_g14_scale_n256_mig.gen_mem[0].u_comp_ddr3.data_task: at time 132480466.0 ps INFO: WRITE @ DQS= bank = 0 row = 2200 col = 000003bd data = 2201
tb_g14_scale_n256_mig.gen_mem[0].u_comp_ddr3.data_task: at time 132481966.0 ps INFO: WRITE @ DQS= bank = 0 row = 2200 col = 000003be data = 00ef
tb_g14_scale_n256_mig.gen_mem[0].u_comp_ddr3.data_task: at time 132483466.0 ps INFO: WRITE @ DQS= bank = 0 row = 2200 col = 000003bf data = ddfe
tb_g14_scale_n256_mig.gen_mem[0].u_comp_ddr3.main: at time 132486466.0 ps INFO: Sync On Die Termination Rtt_NOM =          0 Ohm
tb_g14_scale_n256_mig.gen_mem[0].u_comp_ddr3.cmd_task: at time 132504466.0 ps INFO: Write     bank 0 col 3c0, auto precharge 0
tb_g14_scale_n256_mig.gen_mem[0].u_comp_ddr3.main: at time 132510466.0 ps INFO: Sync On Die Termination Rtt_NOM =         40 Ohm
tb_g14_scale_n256_mig.gen_mem[0].u_comp_ddr3.data_task: at time 132520966.0 ps INFO: WRITE @ DQS= bank = 0 row = 2200 col = 000003c0 data = ff0f
tb_g14_scale_n256_mig.gen_mem[0].u_comp_ddr3.data_task: at time 132522466.0 ps INFO: WRITE @ DQS= bank = 0 row = 2200 col = 000003c1 data = 2201
tb_g14_scale_n256_mig.gen_mem[0].u_comp_ddr3.data_task: at time 132523966.0 ps INFO: WRITE @ DQS= bank = 0 row = 2200 col = 000003c2 data = 00f0
tb_g14_scale_n256_mig.gen_mem[0].u_comp_ddr3.data_task: at time 132525466.0 ps INFO: WRITE @ DQS= bank = 0 row = 2200 col = 000003c3 data = ddfe
tb_g14_scale_n256_mig.gen_mem[0].u_comp_ddr3.data_task: at time 132526966.0 ps INFO: WRITE @ DQS= bank = 0 row = 2200 col = 000003c4 data = ff0e
tb_g14_scale_n256_mig.gen_mem[0].u_comp_ddr3.data_task: at time 132528466.0 ps INFO: WRITE @ DQS= bank = 0 row = 2200 col = 000003c5 data = 2201
tb_g14_scale_n256_mig.gen_mem[0].u_comp_ddr3.data_task: at time 132529966.0 ps INFO: WRITE @ DQS= bank = 0 row = 2200 col = 000003c6 data = 00f1
tb_g14_scale_n256_mig.gen_mem[0].u_comp_ddr3.data_task: at time 132531466.0 ps INFO: WRITE @ DQS= bank = 0 row = 2200 col = 000003c7 data = ddfe
tb_g14_scale_n256_mig.gen_mem[0].u_comp_ddr3.main: at time 132534466.0 ps INFO: Sync On Die Termination Rtt_NOM =          0 Ohm
tb_g14_scale_n256_mig.gen_mem[0].u_comp_ddr3.cmd_task: at time 132552466.0 ps INFO: Write     bank 0 col 3c8, auto precharge 0
tb_g14_scale_n256_mig.gen_mem[0].u_comp_ddr3.main: at time 132558466.0 ps INFO: Sync On Die Termination Rtt_NOM =         40 Ohm
tb_g14_scale_n256_mig.gen_mem[0].u_comp_ddr3.data_task: at time 132568966.0 ps INFO: WRITE @ DQS= bank = 0 row = 2200 col = 000003c8 data = ff0d
tb_g14_scale_n256_mig.gen_mem[0].u_comp_ddr3.data_task: at time 132570466.0 ps INFO: WRITE @ DQS= bank = 0 row = 2200 col = 000003c9 data = 2201
tb_g14_scale_n256_mig.gen_mem[0].u_comp_ddr3.data_task: at time 132571966.0 ps INFO: WRITE @ DQS= bank = 0 row = 2200 col = 000003ca data = 00f2
tb_g14_scale_n256_mig.gen_mem[0].u_comp_ddr3.data_task: at time 132573466.0 ps INFO: WRITE @ DQS= bank = 0 row = 2200 col = 000003cb data = ddfe
tb_g14_scale_n256_mig.gen_mem[0].u_comp_ddr3.data_task: at time 132574966.0 ps INFO: WRITE @ DQS= bank = 0 row = 2200 col = 000003cc data = ff0c
tb_g14_scale_n256_mig.gen_mem[0].u_comp_ddr3.data_task: at time 132576466.0 ps INFO: WRITE @ DQS= bank = 0 row = 2200 col = 000003cd data = 2201
tb_g14_scale_n256_mig.gen_mem[0].u_comp_ddr3.data_task: at time 132577966.0 ps INFO: WRITE @ DQS= bank = 0 row = 2200 col = 000003ce data = 00f3
tb_g14_scale_n256_mig.gen_mem[0].u_comp_ddr3.data_task: at time 132579466.0 ps INFO: WRITE @ DQS= bank = 0 row = 2200 col = 000003cf data = ddfe
tb_g14_scale_n256_mig.gen_mem[0].u_comp_ddr3.main: at time 132582466.0 ps INFO: Sync On Die Termination Rtt_NOM =          0 Ohm
tb_g14_scale_n256_mig.gen_mem[0].u_comp_ddr3.cmd_task: at time 132600466.0 ps INFO: Write     bank 0 col 3d0, auto precharge 0
tb_g14_scale_n256_mig.gen_mem[0].u_comp_ddr3.main: at time 132606466.0 ps INFO: Sync On Die Termination Rtt_NOM =         40 Ohm
tb_g14_scale_n256_mig.gen_mem[0].u_comp_ddr3.data_task: at time 132616966.0 ps INFO: WRITE @ DQS= bank = 0 row = 2200 col = 000003d0 data = ff0b
tb_g14_scale_n256_mig.gen_mem[0].u_comp_ddr3.data_task: at time 132618466.0 ps INFO: WRITE @ DQS= bank = 0 row = 2200 col = 000003d1 data = 2201
tb_g14_scale_n256_mig.gen_mem[0].u_comp_ddr3.data_task: at time 132619966.0 ps INFO: WRITE @ DQS= bank = 0 row = 2200 col = 000003d2 data = 00f4
tb_g14_scale_n256_mig.gen_mem[0].u_comp_ddr3.data_task: at time 132621466.0 ps INFO: WRITE @ DQS= bank = 0 row = 2200 col = 000003d3 data = ddfe
tb_g14_scale_n256_mig.gen_mem[0].u_comp_ddr3.data_task: at time 132622966.0 ps INFO: WRITE @ DQS= bank = 0 row = 2200 col = 000003d4 data = ff0a
tb_g14_scale_n256_mig.gen_mem[0].u_comp_ddr3.data_task: at time 132624466.0 ps INFO: WRITE @ DQS= bank = 0 row = 2200 col = 000003d5 data = 2201
tb_g14_scale_n256_mig.gen_mem[0].u_comp_ddr3.data_task: at time 132625966.0 ps INFO: WRITE @ DQS= bank = 0 row = 2200 col = 000003d6 data = 00f5
tb_g14_scale_n256_mig.gen_mem[0].u_comp_ddr3.data_task: at time 132627466.0 ps INFO: WRITE @ DQS= bank = 0 row = 2200 col = 000003d7 data = ddfe
tb_g14_scale_n256_mig.gen_mem[0].u_comp_ddr3.main: at time 132630466.0 ps INFO: Sync On Die Termination Rtt_NOM =          0 Ohm
tb_g14_scale_n256_mig.gen_mem[0].u_comp_ddr3.cmd_task: at time 132648466.0 ps INFO: Write     bank 0 col 3d8, auto precharge 0
tb_g14_scale_n256_mig.gen_mem[0].u_comp_ddr3.main: at time 132654466.0 ps INFO: Sync On Die Termination Rtt_NOM =         40 Ohm
tb_g14_scale_n256_mig.gen_mem[0].u_comp_ddr3.data_task: at time 132664966.0 ps INFO: WRITE @ DQS= bank = 0 row = 2200 col = 000003d8 data = ff09
tb_g14_scale_n256_mig.gen_mem[0].u_comp_ddr3.data_task: at time 132666466.0 ps INFO: WRITE @ DQS= bank = 0 row = 2200 col = 000003d9 data = 2201
tb_g14_scale_n256_mig.gen_mem[0].u_comp_ddr3.data_task: at time 132667966.0 ps INFO: WRITE @ DQS= bank = 0 row = 2200 col = 000003da data = 00f6
tb_g14_scale_n256_mig.gen_mem[0].u_comp_ddr3.data_task: at time 132669466.0 ps INFO: WRITE @ DQS= bank = 0 row = 2200 col = 000003db data = ddfe
tb_g14_scale_n256_mig.gen_mem[0].u_comp_ddr3.data_task: at time 132670966.0 ps INFO: WRITE @ DQS= bank = 0 row = 2200 col = 000003dc data = ff08
tb_g14_scale_n256_mig.gen_mem[0].u_comp_ddr3.data_task: at time 132672466.0 ps INFO: WRITE @ DQS= bank = 0 row = 2200 col = 000003dd data = 2201
tb_g14_scale_n256_mig.gen_mem[0].u_comp_ddr3.data_task: at time 132673966.0 ps INFO: WRITE @ DQS= bank = 0 row = 2200 col = 000003de data = 00f7
tb_g14_scale_n256_mig.gen_mem[0].u_comp_ddr3.data_task: at time 132675466.0 ps INFO: WRITE @ DQS= bank = 0 row = 2200 col = 000003df data = ddfe
tb_g14_scale_n256_mig.gen_mem[0].u_comp_ddr3.main: at time 132678466.0 ps INFO: Sync On Die Termination Rtt_NOM =          0 Ohm
tb_g14_scale_n256_mig.gen_mem[0].u_comp_ddr3.cmd_task: at time 132696466.0 ps INFO: Write     bank 0 col 3e0, auto precharge 0
tb_g14_scale_n256_mig.gen_mem[0].u_comp_ddr3.main: at time 132702466.0 ps INFO: Sync On Die Termination Rtt_NOM =         40 Ohm
tb_g14_scale_n256_mig.gen_mem[0].u_comp_ddr3.data_task: at time 132712966.0 ps INFO: WRITE @ DQS= bank = 0 row = 2200 col = 000003e0 data = ff07
tb_g14_scale_n256_mig.gen_mem[0].u_comp_ddr3.data_task: at time 132714466.0 ps INFO: WRITE @ DQS= bank = 0 row = 2200 col = 000003e1 data = 2201
tb_g14_scale_n256_mig.gen_mem[0].u_comp_ddr3.data_task: at time 132715966.0 ps INFO: WRITE @ DQS= bank = 0 row = 2200 col = 000003e2 data = 00f8
tb_g14_scale_n256_mig.gen_mem[0].u_comp_ddr3.data_task: at time 132717466.0 ps INFO: WRITE @ DQS= bank = 0 row = 2200 col = 000003e3 data = ddfe
tb_g14_scale_n256_mig.gen_mem[0].u_comp_ddr3.data_task: at time 132718966.0 ps INFO: WRITE @ DQS= bank = 0 row = 2200 col = 000003e4 data = ff06
tb_g14_scale_n256_mig.gen_mem[0].u_comp_ddr3.data_task: at time 132720466.0 ps INFO: WRITE @ DQS= bank = 0 row = 2200 col = 000003e5 data = 2201
tb_g14_scale_n256_mig.gen_mem[0].u_comp_ddr3.data_task: at time 132721966.0 ps INFO: WRITE @ DQS= bank = 0 row = 2200 col = 000003e6 data = 00f9
tb_g14_scale_n256_mig.gen_mem[0].u_comp_ddr3.data_task: at time 132723466.0 ps INFO: WRITE @ DQS= bank = 0 row = 2200 col = 000003e7 data = ddfe
tb_g14_scale_n256_mig.gen_mem[0].u_comp_ddr3.main: at time 132726466.0 ps INFO: Sync On Die Termination Rtt_NOM =          0 Ohm
tb_g14_scale_n256_mig.gen_mem[0].u_comp_ddr3.cmd_task: at time 132744466.0 ps INFO: Write     bank 0 col 3e8, auto precharge 0
tb_g14_scale_n256_mig.gen_mem[0].u_comp_ddr3.main: at time 132750466.0 ps INFO: Sync On Die Termination Rtt_NOM =         40 Ohm
tb_g14_scale_n256_mig.gen_mem[0].u_comp_ddr3.data_task: at time 132760966.0 ps INFO: WRITE @ DQS= bank = 0 row = 2200 col = 000003e8 data = ff05
tb_g14_scale_n256_mig.gen_mem[0].u_comp_ddr3.data_task: at time 132762466.0 ps INFO: WRITE @ DQS= bank = 0 row = 2200 col = 000003e9 data = 2201
tb_g14_scale_n256_mig.gen_mem[0].u_comp_ddr3.data_task: at time 132763966.0 ps INFO: WRITE @ DQS= bank = 0 row = 2200 col = 000003ea data = 00fa
tb_g14_scale_n256_mig.gen_mem[0].u_comp_ddr3.data_task: at time 132765466.0 ps INFO: WRITE @ DQS= bank = 0 row = 2200 col = 000003eb data = ddfe
tb_g14_scale_n256_mig.gen_mem[0].u_comp_ddr3.data_task: at time 132766966.0 ps INFO: WRITE @ DQS= bank = 0 row = 2200 col = 000003ec data = ff04
tb_g14_scale_n256_mig.gen_mem[0].u_comp_ddr3.data_task: at time 132768466.0 ps INFO: WRITE @ DQS= bank = 0 row = 2200 col = 000003ed data = 2201
tb_g14_scale_n256_mig.gen_mem[0].u_comp_ddr3.data_task: at time 132769966.0 ps INFO: WRITE @ DQS= bank = 0 row = 2200 col = 000003ee data = 00fb
tb_g14_scale_n256_mig.gen_mem[0].u_comp_ddr3.data_task: at time 132771466.0 ps INFO: WRITE @ DQS= bank = 0 row = 2200 col = 000003ef data = ddfe
tb_g14_scale_n256_mig.gen_mem[0].u_comp_ddr3.main: at time 132774466.0 ps INFO: Sync On Die Termination Rtt_NOM =          0 Ohm
tb_g14_scale_n256_mig.gen_mem[0].u_comp_ddr3.cmd_task: at time 132792466.0 ps INFO: Read      bank 0 col 3e8, auto precharge 0
tb_g14_scale_n256_mig.gen_mem[0].u_comp_ddr3.cmd_task: at time 132804466.0 ps INFO: Read      bank 0 col 3e8, auto precharge 0
tb_g14_scale_n256_mig.gen_mem[0].u_comp_ddr3.data_task: at time 132805966.0 ps INFO: READ @ DQS= bank = 0 row = 2200 col = 000003e8 data = ff05
tb_g14_scale_n256_mig.gen_mem[0].u_comp_ddr3.data_task: at time 132807466.0 ps INFO: READ @ DQS= bank = 0 row = 2200 col = 000003e9 data = 2201
tb_g14_scale_n256_mig.gen_mem[0].u_comp_ddr3.data_task: at time 132808966.0 ps INFO: READ @ DQS= bank = 0 row = 2200 col = 000003ea data = 00fa
tb_g14_scale_n256_mig.gen_mem[0].u_comp_ddr3.data_task: at time 132810466.0 ps INFO: READ @ DQS= bank = 0 row = 2200 col = 000003eb data = ddfe
tb_g14_scale_n256_mig.gen_mem[0].u_comp_ddr3.data_task: at time 132811966.0 ps INFO: READ @ DQS= bank = 0 row = 2200 col = 000003ec data = ff04
tb_g14_scale_n256_mig.gen_mem[0].u_comp_ddr3.data_task: at time 132813466.0 ps INFO: READ @ DQS= bank = 0 row = 2200 col = 000003ed data = 2201
tb_g14_scale_n256_mig.gen_mem[0].u_comp_ddr3.data_task: at time 132814966.0 ps INFO: READ @ DQS= bank = 0 row = 2200 col = 000003ee data = 00fb
tb_g14_scale_n256_mig.gen_mem[0].u_comp_ddr3.data_task: at time 132816466.0 ps INFO: READ @ DQS= bank = 0 row = 2200 col = 000003ef data = ddfe
tb_g14_scale_n256_mig.gen_mem[0].u_comp_ddr3.data_task: at time 132817966.0 ps INFO: READ @ DQS= bank = 0 row = 2200 col = 000003e8 data = ff05
tb_g14_scale_n256_mig.gen_mem[0].u_comp_ddr3.data_task: at time 132819466.0 ps INFO: READ @ DQS= bank = 0 row = 2200 col = 000003e9 data = 2201
tb_g14_scale_n256_mig.gen_mem[0].u_comp_ddr3.data_task: at time 132820966.0 ps INFO: READ @ DQS= bank = 0 row = 2200 col = 000003ea data = 00fa
tb_g14_scale_n256_mig.gen_mem[0].u_comp_ddr3.data_task: at time 132822466.0 ps INFO: READ @ DQS= bank = 0 row = 2200 col = 000003eb data = ddfe
tb_g14_scale_n256_mig.gen_mem[0].u_comp_ddr3.data_task: at time 132823966.0 ps INFO: READ @ DQS= bank = 0 row = 2200 col = 000003ec data = ff04
tb_g14_scale_n256_mig.gen_mem[0].u_comp_ddr3.data_task: at time 132825466.0 ps INFO: READ @ DQS= bank = 0 row = 2200 col = 000003ed data = 2201
tb_g14_scale_n256_mig.gen_mem[0].u_comp_ddr3.data_task: at time 132826966.0 ps INFO: READ @ DQS= bank = 0 row = 2200 col = 000003ee data = 00fb
tb_g14_scale_n256_mig.gen_mem[0].u_comp_ddr3.data_task: at time 132828466.0 ps INFO: READ @ DQS= bank = 0 row = 2200 col = 000003ef data = ddfe
tb_g14_scale_n256_mig.gen_mem[0].u_comp_ddr3.cmd_task: at time 132828466.0 ps INFO: Write     bank 0 col 3f0, auto precharge 0
tb_g14_scale_n256_mig.gen_mem[0].u_comp_ddr3.main: at time 132834466.0 ps INFO: Sync On Die Termination Rtt_NOM =         40 Ohm
tb_g14_scale_n256_mig.gen_mem[0].u_comp_ddr3.cmd_task: at time 132840466.0 ps INFO: Write     bank 0 col 3f8, auto precharge 0
tb_g14_scale_n256_mig.gen_mem[0].u_comp_ddr3.data_task: at time 132844966.0 ps INFO: WRITE @ DQS= bank = 0 row = 2200 col = 000003f0 data = ff03
tb_g14_scale_n256_mig.gen_mem[0].u_comp_ddr3.data_task: at time 132846466.0 ps INFO: WRITE @ DQS= bank = 0 row = 2200 col = 000003f1 data = 2201
tb_g14_scale_n256_mig.gen_mem[0].u_comp_ddr3.data_task: at time 132847966.0 ps INFO: WRITE @ DQS= bank = 0 row = 2200 col = 000003f2 data = 00fc
tb_g14_scale_n256_mig.gen_mem[0].u_comp_ddr3.data_task: at time 132849466.0 ps INFO: WRITE @ DQS= bank = 0 row = 2200 col = 000003f3 data = ddfe
tb_g14_scale_n256_mig.gen_mem[0].u_comp_ddr3.data_task: at time 132850966.0 ps INFO: WRITE @ DQS= bank = 0 row = 2200 col = 000003f4 data = ff02
tb_g14_scale_n256_mig.gen_mem[0].u_comp_ddr3.data_task: at time 132852466.0 ps INFO: WRITE @ DQS= bank = 0 row = 2200 col = 000003f5 data = 2201
tb_g14_scale_n256_mig.gen_mem[0].u_comp_ddr3.data_task: at time 132853966.0 ps INFO: WRITE @ DQS= bank = 0 row = 2200 col = 000003f6 data = 00fd
tb_g14_scale_n256_mig.gen_mem[0].u_comp_ddr3.data_task: at time 132855466.0 ps INFO: WRITE @ DQS= bank = 0 row = 2200 col = 000003f7 data = ddfe
tb_g14_scale_n256_mig.gen_mem[0].u_comp_ddr3.data_task: at time 132856966.0 ps INFO: WRITE @ DQS= bank = 0 row = 2200 col = 000003f8 data = ff01
tb_g14_scale_n256_mig.gen_mem[0].u_comp_ddr3.data_task: at time 132858466.0 ps INFO: WRITE @ DQS= bank = 0 row = 2200 col = 000003f9 data = 2201
tb_g14_scale_n256_mig.gen_mem[0].u_comp_ddr3.data_task: at time 132859966.0 ps INFO: WRITE @ DQS= bank = 0 row = 2200 col = 000003fa data = 00fe
tb_g14_scale_n256_mig.gen_mem[0].u_comp_ddr3.data_task: at time 132861466.0 ps INFO: WRITE @ DQS= bank = 0 row = 2200 col = 000003fb data = ddfe
tb_g14_scale_n256_mig.gen_mem[0].u_comp_ddr3.data_task: at time 132862966.0 ps INFO: WRITE @ DQS= bank = 0 row = 2200 col = 000003fc data = ff00
tb_g14_scale_n256_mig.gen_mem[0].u_comp_ddr3.data_task: at time 132864466.0 ps INFO: WRITE @ DQS= bank = 0 row = 2200 col = 000003fd data = 2201
tb_g14_scale_n256_mig.gen_mem[0].u_comp_ddr3.data_task: at time 132865966.0 ps INFO: WRITE @ DQS= bank = 0 row = 2200 col = 000003fe data = 00ff
tb_g14_scale_n256_mig.gen_mem[0].u_comp_ddr3.data_task: at time 132867466.0 ps INFO: WRITE @ DQS= bank = 0 row = 2200 col = 000003ff data = ddfe
tb_g14_scale_n256_mig.gen_mem[0].u_comp_ddr3.main: at time 132870466.0 ps INFO: Sync On Die Termination Rtt_NOM =          0 Ohm
tb_g14_scale_n256_mig.gen_mem[0].u_comp_ddr3.cmd_task: at time 132885466.0 ps INFO: Activate  bank 1 row 2000
tb_g14_scale_n256_mig.gen_mem[0].u_comp_ddr3.cmd_task: at time 132900466.0 ps INFO: Write     bank 1 col 000, auto precharge 0
tb_g14_scale_n256_mig.gen_mem[0].u_comp_ddr3.cmd_task: at time 132903466.0 ps INFO: Precharge bank   0
tb_g14_scale_n256_mig.gen_mem[0].u_comp_ddr3.main: at time 132906466.0 ps INFO: Sync On Die Termination Rtt_NOM =         40 Ohm
tb_g14_scale_n256_mig.gen_mem[0].u_comp_ddr3.data_task: at time 132916966.0 ps INFO: WRITE @ DQS= bank = 1 row = 2000 col = 00000000 data = 0101
tb_g14_scale_n256_mig.gen_mem[0].u_comp_ddr3.data_task: at time 132918466.0 ps INFO: WRITE @ DQS= bank = 1 row = 2000 col = 00000001 data = 0101
tb_g14_scale_n256_mig.gen_mem[0].u_comp_ddr3.data_task: at time 132919966.0 ps INFO: WRITE @ DQS= bank = 1 row = 2000 col = 00000002 data = 0101
tb_g14_scale_n256_mig.gen_mem[0].u_comp_ddr3.data_task: at time 132921466.0 ps INFO: WRITE @ DQS= bank = 1 row = 2000 col = 00000003 data = 0101
tb_g14_scale_n256_mig.gen_mem[0].u_comp_ddr3.data_task: at time 132922966.0 ps INFO: WRITE @ DQS= bank = 1 row = 2000 col = 00000004 data = 0101
tb_g14_scale_n256_mig.gen_mem[0].u_comp_ddr3.data_task: at time 132924466.0 ps INFO: WRITE @ DQS= bank = 1 row = 2000 col = 00000005 data = 0101
tb_g14_scale_n256_mig.gen_mem[0].u_comp_ddr3.data_task: at time 132925966.0 ps INFO: WRITE @ DQS= bank = 1 row = 2000 col = 00000006 data = 0101
tb_g14_scale_n256_mig.gen_mem[0].u_comp_ddr3.data_task: at time 132927466.0 ps INFO: WRITE @ DQS= bank = 1 row = 2000 col = 00000007 data = 0101
tb_g14_scale_n256_mig.gen_mem[0].u_comp_ddr3.main: at time 132930466.0 ps INFO: Sync On Die Termination Rtt_NOM =          0 Ohm
tb_g14_scale_n256_mig.gen_mem[0].u_comp_ddr3.cmd_task: at time 132936466.0 ps INFO: Write     bank 1 col 008, auto precharge 0
tb_g14_scale_n256_mig.gen_mem[0].u_comp_ddr3.main: at time 132942466.0 ps INFO: Sync On Die Termination Rtt_NOM =         40 Ohm
tb_g14_scale_n256_mig.gen_mem[0].u_comp_ddr3.data_task: at time 132952966.0 ps INFO: WRITE @ DQS= bank = 1 row = 2000 col = 00000008 data = 0101
tb_g14_scale_n256_mig.gen_mem[0].u_comp_ddr3.data_task: at time 132954466.0 ps INFO: WRITE @ DQS= bank = 1 row = 2000 col = 00000009 data = 0101
tb_g14_scale_n256_mig.gen_mem[0].u_comp_ddr3.data_task: at time 132955966.0 ps INFO: WRITE @ DQS= bank = 1 row = 2000 col = 0000000a data = 0101
tb_g14_scale_n256_mig.gen_mem[0].u_comp_ddr3.data_task: at time 132957466.0 ps INFO: WRITE @ DQS= bank = 1 row = 2000 col = 0000000b data = 0101
tb_g14_scale_n256_mig.gen_mem[0].u_comp_ddr3.data_task: at time 132958966.0 ps INFO: WRITE @ DQS= bank = 1 row = 2000 col = 0000000c data = 0101
tb_g14_scale_n256_mig.gen_mem[0].u_comp_ddr3.data_task: at time 132960466.0 ps INFO: WRITE @ DQS= bank = 1 row = 2000 col = 0000000d data = 0101
tb_g14_scale_n256_mig.gen_mem[0].u_comp_ddr3.data_task: at time 132961966.0 ps INFO: WRITE @ DQS= bank = 1 row = 2000 col = 0000000e data = 0101
tb_g14_scale_n256_mig.gen_mem[0].u_comp_ddr3.data_task: at time 132963466.0 ps INFO: WRITE @ DQS= bank = 1 row = 2000 col = 0000000f data = 0101
tb_g14_scale_n256_mig.gen_mem[0].u_comp_ddr3.main: at time 132966466.0 ps INFO: Sync On Die Termination Rtt_NOM =          0 Ohm
tb_g14_scale_n256_mig.gen_mem[0].u_comp_ddr3.cmd_task: at time 132984466.0 ps INFO: Write     bank 1 col 010, auto precharge 0
tb_g14_scale_n256_mig.gen_mem[0].u_comp_ddr3.main: at time 132990466.0 ps INFO: Sync On Die Termination Rtt_NOM =         40 Ohm
tb_g14_scale_n256_mig.gen_mem[0].u_comp_ddr3.data_task: at time 133000966.0 ps INFO: WRITE @ DQS= bank = 1 row = 2000 col = 00000010 data = 0101
tb_g14_scale_n256_mig.gen_mem[0].u_comp_ddr3.data_task: at time 133002466.0 ps INFO: WRITE @ DQS= bank = 1 row = 2000 col = 00000011 data = 0101
tb_g14_scale_n256_mig.gen_mem[0].u_comp_ddr3.data_task: at time 133003966.0 ps INFO: WRITE @ DQS= bank = 1 row = 2000 col = 00000012 data = 0101
tb_g14_scale_n256_mig.gen_mem[0].u_comp_ddr3.data_task: at time 133005466.0 ps INFO: WRITE @ DQS= bank = 1 row = 2000 col = 00000013 data = 0101
tb_g14_scale_n256_mig.gen_mem[0].u_comp_ddr3.data_task: at time 133006966.0 ps INFO: WRITE @ DQS= bank = 1 row = 2000 col = 00000014 data = 0101
tb_g14_scale_n256_mig.gen_mem[0].u_comp_ddr3.data_task: at time 133008466.0 ps INFO: WRITE @ DQS= bank = 1 row = 2000 col = 00000015 data = 0101
tb_g14_scale_n256_mig.gen_mem[0].u_comp_ddr3.data_task: at time 133009966.0 ps INFO: WRITE @ DQS= bank = 1 row = 2000 col = 00000016 data = 0101
tb_g14_scale_n256_mig.gen_mem[0].u_comp_ddr3.data_task: at time 133011466.0 ps INFO: WRITE @ DQS= bank = 1 row = 2000 col = 00000017 data = 0101
tb_g14_scale_n256_mig.gen_mem[0].u_comp_ddr3.main: at time 133014466.0 ps INFO: Sync On Die Termination Rtt_NOM =          0 Ohm
tb_g14_scale_n256_mig.gen_mem[0].u_comp_ddr3.cmd_task: at time 133032466.0 ps INFO: Write     bank 1 col 018, auto precharge 0
tb_g14_scale_n256_mig.gen_mem[0].u_comp_ddr3.main: at time 133038466.0 ps INFO: Sync On Die Termination Rtt_NOM =         40 Ohm
tb_g14_scale_n256_mig.gen_mem[0].u_comp_ddr3.data_task: at time 133048966.0 ps INFO: WRITE @ DQS= bank = 1 row = 2000 col = 00000018 data = 0101
tb_g14_scale_n256_mig.gen_mem[0].u_comp_ddr3.data_task: at time 133050466.0 ps INFO: WRITE @ DQS= bank = 1 row = 2000 col = 00000019 data = 0101
tb_g14_scale_n256_mig.gen_mem[0].u_comp_ddr3.data_task: at time 133051966.0 ps INFO: WRITE @ DQS= bank = 1 row = 2000 col = 0000001a data = 0101
tb_g14_scale_n256_mig.gen_mem[0].u_comp_ddr3.data_task: at time 133053466.0 ps INFO: WRITE @ DQS= bank = 1 row = 2000 col = 0000001b data = 0101
tb_g14_scale_n256_mig.gen_mem[0].u_comp_ddr3.data_task: at time 133054966.0 ps INFO: WRITE @ DQS= bank = 1 row = 2000 col = 0000001c data = 0101
tb_g14_scale_n256_mig.gen_mem[0].u_comp_ddr3.data_task: at time 133056466.0 ps INFO: WRITE @ DQS= bank = 1 row = 2000 col = 0000001d data = 0101
tb_g14_scale_n256_mig.gen_mem[0].u_comp_ddr3.data_task: at time 133057966.0 ps INFO: WRITE @ DQS= bank = 1 row = 2000 col = 0000001e data = 0101
tb_g14_scale_n256_mig.gen_mem[0].u_comp_ddr3.data_task: at time 133059466.0 ps INFO: WRITE @ DQS= bank = 1 row = 2000 col = 0000001f data = 0101
tb_g14_scale_n256_mig.gen_mem[0].u_comp_ddr3.main: at time 133062466.0 ps INFO: Sync On Die Termination Rtt_NOM =          0 Ohm
tb_g14_scale_n256_mig.gen_mem[0].u_comp_ddr3.cmd_task: at time 133080466.0 ps INFO: Write     bank 1 col 020, auto precharge 0
tb_g14_scale_n256_mig.gen_mem[0].u_comp_ddr3.main: at time 133086466.0 ps INFO: Sync On Die Termination Rtt_NOM =         40 Ohm
tb_g14_scale_n256_mig.gen_mem[0].u_comp_ddr3.data_task: at time 133096966.0 ps INFO: WRITE @ DQS= bank = 1 row = 2000 col = 00000020 data = 0101
tb_g14_scale_n256_mig.gen_mem[0].u_comp_ddr3.data_task: at time 133098466.0 ps INFO: WRITE @ DQS= bank = 1 row = 2000 col = 00000021 data = 0101
tb_g14_scale_n256_mig.gen_mem[0].u_comp_ddr3.data_task: at time 133099966.0 ps INFO: WRITE @ DQS= bank = 1 row = 2000 col = 00000022 data = 0101
tb_g14_scale_n256_mig.gen_mem[0].u_comp_ddr3.data_task: at time 133101466.0 ps INFO: WRITE @ DQS= bank = 1 row = 2000 col = 00000023 data = 0101
tb_g14_scale_n256_mig.gen_mem[0].u_comp_ddr3.data_task: at time 133102966.0 ps INFO: WRITE @ DQS= bank = 1 row = 2000 col = 00000024 data = 0101
tb_g14_scale_n256_mig.gen_mem[0].u_comp_ddr3.data_task: at time 133104466.0 ps INFO: WRITE @ DQS= bank = 1 row = 2000 col = 00000025 data = 0101
tb_g14_scale_n256_mig.gen_mem[0].u_comp_ddr3.data_task: at time 133105966.0 ps INFO: WRITE @ DQS= bank = 1 row = 2000 col = 00000026 data = 0101
tb_g14_scale_n256_mig.gen_mem[0].u_comp_ddr3.data_task: at time 133107466.0 ps INFO: WRITE @ DQS= bank = 1 row = 2000 col = 00000027 data = 0101
tb_g14_scale_n256_mig.gen_mem[0].u_comp_ddr3.main: at time 133110466.0 ps INFO: Sync On Die Termination Rtt_NOM =          0 Ohm
tb_g14_scale_n256_mig.gen_mem[0].u_comp_ddr3.cmd_task: at time 133128466.0 ps INFO: Write     bank 1 col 028, auto precharge 0
tb_g14_scale_n256_mig.gen_mem[0].u_comp_ddr3.main: at time 133134466.0 ps INFO: Sync On Die Termination Rtt_NOM =         40 Ohm
tb_g14_scale_n256_mig.gen_mem[0].u_comp_ddr3.data_task: at time 133144966.0 ps INFO: WRITE @ DQS= bank = 1 row = 2000 col = 00000028 data = 0101
tb_g14_scale_n256_mig.gen_mem[0].u_comp_ddr3.data_task: at time 133146466.0 ps INFO: WRITE @ DQS= bank = 1 row = 2000 col = 00000029 data = 0101
tb_g14_scale_n256_mig.gen_mem[0].u_comp_ddr3.data_task: at time 133147966.0 ps INFO: WRITE @ DQS= bank = 1 row = 2000 col = 0000002a data = 0101
tb_g14_scale_n256_mig.gen_mem[0].u_comp_ddr3.data_task: at time 133149466.0 ps INFO: WRITE @ DQS= bank = 1 row = 2000 col = 0000002b data = 0101
tb_g14_scale_n256_mig.gen_mem[0].u_comp_ddr3.data_task: at time 133150966.0 ps INFO: WRITE @ DQS= bank = 1 row = 2000 col = 0000002c data = 0101
tb_g14_scale_n256_mig.gen_mem[0].u_comp_ddr3.data_task: at time 133152466.0 ps INFO: WRITE @ DQS= bank = 1 row = 2000 col = 0000002d data = 0101
tb_g14_scale_n256_mig.gen_mem[0].u_comp_ddr3.data_task: at time 133153966.0 ps INFO: WRITE @ DQS= bank = 1 row = 2000 col = 0000002e data = 0101
tb_g14_scale_n256_mig.gen_mem[0].u_comp_ddr3.data_task: at time 133155466.0 ps INFO: WRITE @ DQS= bank = 1 row = 2000 col = 0000002f data = 0101
tb_g14_scale_n256_mig.gen_mem[0].u_comp_ddr3.main: at time 133158466.0 ps INFO: Sync On Die Termination Rtt_NOM =          0 Ohm
tb_g14_scale_n256_mig.gen_mem[0].u_comp_ddr3.cmd_task: at time 133176466.0 ps INFO: Write     bank 1 col 030, auto precharge 0
tb_g14_scale_n256_mig.gen_mem[0].u_comp_ddr3.main: at time 133182466.0 ps INFO: Sync On Die Termination Rtt_NOM =         40 Ohm
tb_g14_scale_n256_mig.gen_mem[0].u_comp_ddr3.data_task: at time 133192966.0 ps INFO: WRITE @ DQS= bank = 1 row = 2000 col = 00000030 data = 0101
tb_g14_scale_n256_mig.gen_mem[0].u_comp_ddr3.data_task: at time 133194466.0 ps INFO: WRITE @ DQS= bank = 1 row = 2000 col = 00000031 data = 0101
tb_g14_scale_n256_mig.gen_mem[0].u_comp_ddr3.data_task: at time 133195966.0 ps INFO: WRITE @ DQS= bank = 1 row = 2000 col = 00000032 data = 0101
tb_g14_scale_n256_mig.gen_mem[0].u_comp_ddr3.data_task: at time 133197466.0 ps INFO: WRITE @ DQS= bank = 1 row = 2000 col = 00000033 data = 0101
tb_g14_scale_n256_mig.gen_mem[0].u_comp_ddr3.data_task: at time 133198966.0 ps INFO: WRITE @ DQS= bank = 1 row = 2000 col = 00000034 data = 0101
tb_g14_scale_n256_mig.gen_mem[0].u_comp_ddr3.data_task: at time 133200466.0 ps INFO: WRITE @ DQS= bank = 1 row = 2000 col = 00000035 data = 0101
tb_g14_scale_n256_mig.gen_mem[0].u_comp_ddr3.data_task: at time 133201966.0 ps INFO: WRITE @ DQS= bank = 1 row = 2000 col = 00000036 data = 0101
tb_g14_scale_n256_mig.gen_mem[0].u_comp_ddr3.data_task: at time 133203466.0 ps INFO: WRITE @ DQS= bank = 1 row = 2000 col = 00000037 data = 0101
tb_g14_scale_n256_mig.gen_mem[0].u_comp_ddr3.main: at time 133206466.0 ps INFO: Sync On Die Termination Rtt_NOM =          0 Ohm
tb_g14_scale_n256_mig.gen_mem[0].u_comp_ddr3.cmd_task: at time 133224466.0 ps INFO: Write     bank 1 col 038, auto precharge 0
tb_g14_scale_n256_mig.gen_mem[0].u_comp_ddr3.main: at time 133230466.0 ps INFO: Sync On Die Termination Rtt_NOM =         40 Ohm
tb_g14_scale_n256_mig.gen_mem[0].u_comp_ddr3.data_task: at time 133240966.0 ps INFO: WRITE @ DQS= bank = 1 row = 2000 col = 00000038 data = 0101
tb_g14_scale_n256_mig.gen_mem[0].u_comp_ddr3.data_task: at time 133242466.0 ps INFO: WRITE @ DQS= bank = 1 row = 2000 col = 00000039 data = 0101
tb_g14_scale_n256_mig.gen_mem[0].u_comp_ddr3.data_task: at time 133243966.0 ps INFO: WRITE @ DQS= bank = 1 row = 2000 col = 0000003a data = 0101
tb_g14_scale_n256_mig.gen_mem[0].u_comp_ddr3.data_task: at time 133245466.0 ps INFO: WRITE @ DQS= bank = 1 row = 2000 col = 0000003b data = 0101
tb_g14_scale_n256_mig.gen_mem[0].u_comp_ddr3.data_task: at time 133246966.0 ps INFO: WRITE @ DQS= bank = 1 row = 2000 col = 0000003c data = 0101
tb_g14_scale_n256_mig.gen_mem[0].u_comp_ddr3.data_task: at time 133248466.0 ps INFO: WRITE @ DQS= bank = 1 row = 2000 col = 0000003d data = 0101
tb_g14_scale_n256_mig.gen_mem[0].u_comp_ddr3.data_task: at time 133249966.0 ps INFO: WRITE @ DQS= bank = 1 row = 2000 col = 0000003e data = 0101
tb_g14_scale_n256_mig.gen_mem[0].u_comp_ddr3.data_task: at time 133251466.0 ps INFO: WRITE @ DQS= bank = 1 row = 2000 col = 0000003f data = 0101
tb_g14_scale_n256_mig.gen_mem[0].u_comp_ddr3.main: at time 133254466.0 ps INFO: Sync On Die Termination Rtt_NOM =          0 Ohm
tb_g14_scale_n256_mig.gen_mem[0].u_comp_ddr3.cmd_task: at time 133272466.0 ps INFO: Write     bank 1 col 040, auto precharge 0
tb_g14_scale_n256_mig.gen_mem[0].u_comp_ddr3.main: at time 133278466.0 ps INFO: Sync On Die Termination Rtt_NOM =         40 Ohm
tb_g14_scale_n256_mig.gen_mem[0].u_comp_ddr3.data_task: at time 133288966.0 ps INFO: WRITE @ DQS= bank = 1 row = 2000 col = 00000040 data = 0101
tb_g14_scale_n256_mig.gen_mem[0].u_comp_ddr3.data_task: at time 133290466.0 ps INFO: WRITE @ DQS= bank = 1 row = 2000 col = 00000041 data = 0101
tb_g14_scale_n256_mig.gen_mem[0].u_comp_ddr3.data_task: at time 133291966.0 ps INFO: WRITE @ DQS= bank = 1 row = 2000 col = 00000042 data = 0101
tb_g14_scale_n256_mig.gen_mem[0].u_comp_ddr3.data_task: at time 133293466.0 ps INFO: WRITE @ DQS= bank = 1 row = 2000 col = 00000043 data = 0101
tb_g14_scale_n256_mig.gen_mem[0].u_comp_ddr3.data_task: at time 133294966.0 ps INFO: WRITE @ DQS= bank = 1 row = 2000 col = 00000044 data = 0101
tb_g14_scale_n256_mig.gen_mem[0].u_comp_ddr3.data_task: at time 133296466.0 ps INFO: WRITE @ DQS= bank = 1 row = 2000 col = 00000045 data = 0101
tb_g14_scale_n256_mig.gen_mem[0].u_comp_ddr3.data_task: at time 133297966.0 ps INFO: WRITE @ DQS= bank = 1 row = 2000 col = 00000046 data = 0101
tb_g14_scale_n256_mig.gen_mem[0].u_comp_ddr3.data_task: at time 133299466.0 ps INFO: WRITE @ DQS= bank = 1 row = 2000 col = 00000047 data = 0101
tb_g14_scale_n256_mig.gen_mem[0].u_comp_ddr3.main: at time 133302466.0 ps INFO: Sync On Die Termination Rtt_NOM =          0 Ohm
tb_g14_scale_n256_mig.gen_mem[0].u_comp_ddr3.cmd_task: at time 133320466.0 ps INFO: Write     bank 1 col 048, auto precharge 0
tb_g14_scale_n256_mig.gen_mem[0].u_comp_ddr3.main: at time 133326466.0 ps INFO: Sync On Die Termination Rtt_NOM =         40 Ohm
tb_g14_scale_n256_mig.gen_mem[0].u_comp_ddr3.data_task: at time 133336966.0 ps INFO: WRITE @ DQS= bank = 1 row = 2000 col = 00000048 data = 0101
tb_g14_scale_n256_mig.gen_mem[0].u_comp_ddr3.data_task: at time 133338466.0 ps INFO: WRITE @ DQS= bank = 1 row = 2000 col = 00000049 data = 0101
tb_g14_scale_n256_mig.gen_mem[0].u_comp_ddr3.data_task: at time 133339966.0 ps INFO: WRITE @ DQS= bank = 1 row = 2000 col = 0000004a data = 0101
tb_g14_scale_n256_mig.gen_mem[0].u_comp_ddr3.data_task: at time 133341466.0 ps INFO: WRITE @ DQS= bank = 1 row = 2000 col = 0000004b data = 0101
tb_g14_scale_n256_mig.gen_mem[0].u_comp_ddr3.data_task: at time 133342966.0 ps INFO: WRITE @ DQS= bank = 1 row = 2000 col = 0000004c data = 0101
tb_g14_scale_n256_mig.gen_mem[0].u_comp_ddr3.data_task: at time 133344466.0 ps INFO: WRITE @ DQS= bank = 1 row = 2000 col = 0000004d data = 0101
tb_g14_scale_n256_mig.gen_mem[0].u_comp_ddr3.data_task: at time 133345966.0 ps INFO: WRITE @ DQS= bank = 1 row = 2000 col = 0000004e data = 0101
tb_g14_scale_n256_mig.gen_mem[0].u_comp_ddr3.data_task: at time 133347466.0 ps INFO: WRITE @ DQS= bank = 1 row = 2000 col = 0000004f data = 0101
tb_g14_scale_n256_mig.gen_mem[0].u_comp_ddr3.main: at time 133350466.0 ps INFO: Sync On Die Termination Rtt_NOM =          0 Ohm
tb_g14_scale_n256_mig.gen_mem[0].u_comp_ddr3.cmd_task: at time 133368466.0 ps INFO: Write     bank 1 col 050, auto precharge 0
tb_g14_scale_n256_mig.gen_mem[0].u_comp_ddr3.main: at time 133374466.0 ps INFO: Sync On Die Termination Rtt_NOM =         40 Ohm
tb_g14_scale_n256_mig.gen_mem[0].u_comp_ddr3.data_task: at time 133384966.0 ps INFO: WRITE @ DQS= bank = 1 row = 2000 col = 00000050 data = 0101
tb_g14_scale_n256_mig.gen_mem[0].u_comp_ddr3.data_task: at time 133386466.0 ps INFO: WRITE @ DQS= bank = 1 row = 2000 col = 00000051 data = 0101
tb_g14_scale_n256_mig.gen_mem[0].u_comp_ddr3.data_task: at time 133387966.0 ps INFO: WRITE @ DQS= bank = 1 row = 2000 col = 00000052 data = 0101
tb_g14_scale_n256_mig.gen_mem[0].u_comp_ddr3.data_task: at time 133389466.0 ps INFO: WRITE @ DQS= bank = 1 row = 2000 col = 00000053 data = 0101
tb_g14_scale_n256_mig.gen_mem[0].u_comp_ddr3.data_task: at time 133390966.0 ps INFO: WRITE @ DQS= bank = 1 row = 2000 col = 00000054 data = 0101
tb_g14_scale_n256_mig.gen_mem[0].u_comp_ddr3.data_task: at time 133392466.0 ps INFO: WRITE @ DQS= bank = 1 row = 2000 col = 00000055 data = 0101
tb_g14_scale_n256_mig.gen_mem[0].u_comp_ddr3.data_task: at time 133393966.0 ps INFO: WRITE @ DQS= bank = 1 row = 2000 col = 00000056 data = 0101
tb_g14_scale_n256_mig.gen_mem[0].u_comp_ddr3.data_task: at time 133395466.0 ps INFO: WRITE @ DQS= bank = 1 row = 2000 col = 00000057 data = 0101
tb_g14_scale_n256_mig.gen_mem[0].u_comp_ddr3.main: at time 133398466.0 ps INFO: Sync On Die Termination Rtt_NOM =          0 Ohm
tb_g14_scale_n256_mig.gen_mem[0].u_comp_ddr3.cmd_task: at time 133416466.0 ps INFO: Write     bank 1 col 058, auto precharge 0
tb_g14_scale_n256_mig.gen_mem[0].u_comp_ddr3.main: at time 133422466.0 ps INFO: Sync On Die Termination Rtt_NOM =         40 Ohm
tb_g14_scale_n256_mig.gen_mem[0].u_comp_ddr3.data_task: at time 133432966.0 ps INFO: WRITE @ DQS= bank = 1 row = 2000 col = 00000058 data = 0101
tb_g14_scale_n256_mig.gen_mem[0].u_comp_ddr3.data_task: at time 133434466.0 ps INFO: WRITE @ DQS= bank = 1 row = 2000 col = 00000059 data = 0101
tb_g14_scale_n256_mig.gen_mem[0].u_comp_ddr3.data_task: at time 133435966.0 ps INFO: WRITE @ DQS= bank = 1 row = 2000 col = 0000005a data = 0101
tb_g14_scale_n256_mig.gen_mem[0].u_comp_ddr3.data_task: at time 133437466.0 ps INFO: WRITE @ DQS= bank = 1 row = 2000 col = 0000005b data = 0101
tb_g14_scale_n256_mig.gen_mem[0].u_comp_ddr3.data_task: at time 133438966.0 ps INFO: WRITE @ DQS= bank = 1 row = 2000 col = 0000005c data = 0101
tb_g14_scale_n256_mig.gen_mem[0].u_comp_ddr3.data_task: at time 133440466.0 ps INFO: WRITE @ DQS= bank = 1 row = 2000 col = 0000005d data = 0101
tb_g14_scale_n256_mig.gen_mem[0].u_comp_ddr3.data_task: at time 133441966.0 ps INFO: WRITE @ DQS= bank = 1 row = 2000 col = 0000005e data = 0101
tb_g14_scale_n256_mig.gen_mem[0].u_comp_ddr3.data_task: at time 133443466.0 ps INFO: WRITE @ DQS= bank = 1 row = 2000 col = 0000005f data = 0101
tb_g14_scale_n256_mig.gen_mem[0].u_comp_ddr3.main: at time 133446466.0 ps INFO: Sync On Die Termination Rtt_NOM =          0 Ohm
tb_g14_scale_n256_mig.gen_mem[0].u_comp_ddr3.cmd_task: at time 133464466.0 ps INFO: Write     bank 1 col 060, auto precharge 0
tb_g14_scale_n256_mig.gen_mem[0].u_comp_ddr3.main: at time 133470466.0 ps INFO: Sync On Die Termination Rtt_NOM =         40 Ohm
tb_g14_scale_n256_mig.gen_mem[0].u_comp_ddr3.data_task: at time 133480966.0 ps INFO: WRITE @ DQS= bank = 1 row = 2000 col = 00000060 data = 0101
tb_g14_scale_n256_mig.gen_mem[0].u_comp_ddr3.data_task: at time 133482466.0 ps INFO: WRITE @ DQS= bank = 1 row = 2000 col = 00000061 data = 0101
tb_g14_scale_n256_mig.gen_mem[0].u_comp_ddr3.data_task: at time 133483966.0 ps INFO: WRITE @ DQS= bank = 1 row = 2000 col = 00000062 data = 0101
tb_g14_scale_n256_mig.gen_mem[0].u_comp_ddr3.data_task: at time 133485466.0 ps INFO: WRITE @ DQS= bank = 1 row = 2000 col = 00000063 data = 0101
tb_g14_scale_n256_mig.gen_mem[0].u_comp_ddr3.data_task: at time 133486966.0 ps INFO: WRITE @ DQS= bank = 1 row = 2000 col = 00000064 data = 0101
tb_g14_scale_n256_mig.gen_mem[0].u_comp_ddr3.data_task: at time 133488466.0 ps INFO: WRITE @ DQS= bank = 1 row = 2000 col = 00000065 data = 0101
tb_g14_scale_n256_mig.gen_mem[0].u_comp_ddr3.data_task: at time 133489966.0 ps INFO: WRITE @ DQS= bank = 1 row = 2000 col = 00000066 data = 0101
SOA_PRELOAD_DONE planes id/cue64/prior candidates=256
tb_g14_scale_n256_mig.gen_mem[0].u_comp_ddr3.data_task: at time 133491466.0 ps INFO: WRITE @ DQS= bank = 1 row = 2000 col = 00000067 data = 0101
tb_g14_scale_n256_mig.gen_mem[0].u_comp_ddr3.main: at time 133494466.0 ps INFO: Sync On Die Termination Rtt_NOM =          0 Ohm
tb_g14_scale_n256_mig.gen_mem[0].u_comp_ddr3.cmd_task: at time 133512466.0 ps INFO: Write     bank 1 col 068, auto precharge 0
tb_g14_scale_n256_mig.gen_mem[0].u_comp_ddr3.main: at time 133518466.0 ps INFO: Sync On Die Termination Rtt_NOM =         40 Ohm
tb_g14_scale_n256_mig.gen_mem[0].u_comp_ddr3.data_task: at time 133528966.0 ps INFO: WRITE @ DQS= bank = 1 row = 2000 col = 00000068 data = 0101
tb_g14_scale_n256_mig.gen_mem[0].u_comp_ddr3.data_task: at time 133530466.0 ps INFO: WRITE @ DQS= bank = 1 row = 2000 col = 00000069 data = 0101
tb_g14_scale_n256_mig.gen_mem[0].u_comp_ddr3.data_task: at time 133531966.0 ps INFO: WRITE @ DQS= bank = 1 row = 2000 col = 0000006a data = 0101
tb_g14_scale_n256_mig.gen_mem[0].u_comp_ddr3.data_task: at time 133533466.0 ps INFO: WRITE @ DQS= bank = 1 row = 2000 col = 0000006b data = 0101
tb_g14_scale_n256_mig.gen_mem[0].u_comp_ddr3.data_task: at time 133534966.0 ps INFO: WRITE @ DQS= bank = 1 row = 2000 col = 0000006c data = 0101
tb_g14_scale_n256_mig.gen_mem[0].u_comp_ddr3.data_task: at time 133536466.0 ps INFO: WRITE @ DQS= bank = 1 row = 2000 col = 0000006d data = 0101
tb_g14_scale_n256_mig.gen_mem[0].u_comp_ddr3.data_task: at time 133537966.0 ps INFO: WRITE @ DQS= bank = 1 row = 2000 col = 0000006e data = 0101
tb_g14_scale_n256_mig.gen_mem[0].u_comp_ddr3.data_task: at time 133539466.0 ps INFO: WRITE @ DQS= bank = 1 row = 2000 col = 0000006f data = 0101
tb_g14_scale_n256_mig.gen_mem[0].u_comp_ddr3.main: at time 133542466.0 ps INFO: Sync On Die Termination Rtt_NOM =          0 Ohm
tb_g14_scale_n256_mig.gen_mem[0].u_comp_ddr3.cmd_task: at time 133560466.0 ps INFO: Write     bank 1 col 070, auto precharge 0
tb_g14_scale_n256_mig.gen_mem[0].u_comp_ddr3.main: at time 133566466.0 ps INFO: Sync On Die Termination Rtt_NOM =         40 Ohm
tb_g14_scale_n256_mig.gen_mem[0].u_comp_ddr3.data_task: at time 133576966.0 ps INFO: WRITE @ DQS= bank = 1 row = 2000 col = 00000070 data = 0101
tb_g14_scale_n256_mig.gen_mem[0].u_comp_ddr3.data_task: at time 133578466.0 ps INFO: WRITE @ DQS= bank = 1 row = 2000 col = 00000071 data = 0101
tb_g14_scale_n256_mig.gen_mem[0].u_comp_ddr3.data_task: at time 133579966.0 ps INFO: WRITE @ DQS= bank = 1 row = 2000 col = 00000072 data = 0101
tb_g14_scale_n256_mig.gen_mem[0].u_comp_ddr3.data_task: at time 133581466.0 ps INFO: WRITE @ DQS= bank = 1 row = 2000 col = 00000073 data = 0101
tb_g14_scale_n256_mig.gen_mem[0].u_comp_ddr3.data_task: at time 133582966.0 ps INFO: WRITE @ DQS= bank = 1 row = 2000 col = 00000074 data = 0101
tb_g14_scale_n256_mig.gen_mem[0].u_comp_ddr3.data_task: at time 133584466.0 ps INFO: WRITE @ DQS= bank = 1 row = 2000 col = 00000075 data = 0101
tb_g14_scale_n256_mig.gen_mem[0].u_comp_ddr3.data_task: at time 133585966.0 ps INFO: WRITE @ DQS= bank = 1 row = 2000 col = 00000076 data = 0101
tb_g14_scale_n256_mig.gen_mem[0].u_comp_ddr3.data_task: at time 133587466.0 ps INFO: WRITE @ DQS= bank = 1 row = 2000 col = 00000077 data = 0101
tb_g14_scale_n256_mig.gen_mem[0].u_comp_ddr3.main: at time 133590466.0 ps INFO: Sync On Die Termination Rtt_NOM =          0 Ohm
tb_g14_scale_n256_mig.gen_mem[0].u_comp_ddr3.cmd_task: at time 133608466.0 ps INFO: Write     bank 1 col 078, auto precharge 0
tb_g14_scale_n256_mig.gen_mem[0].u_comp_ddr3.main: at time 133614466.0 ps INFO: Sync On Die Termination Rtt_NOM =         40 Ohm
tb_g14_scale_n256_mig.gen_mem[0].u_comp_ddr3.data_task: at time 133624966.0 ps INFO: WRITE @ DQS= bank = 1 row = 2000 col = 00000078 data = 0101
tb_g14_scale_n256_mig.gen_mem[0].u_comp_ddr3.data_task: at time 133626466.0 ps INFO: WRITE @ DQS= bank = 1 row = 2000 col = 00000079 data = 0101
tb_g14_scale_n256_mig.gen_mem[0].u_comp_ddr3.data_task: at time 133627966.0 ps INFO: WRITE @ DQS= bank = 1 row = 2000 col = 0000007a data = 0101
tb_g14_scale_n256_mig.gen_mem[0].u_comp_ddr3.data_task: at time 133629466.0 ps INFO: WRITE @ DQS= bank = 1 row = 2000 col = 0000007b data = 0101
tb_g14_scale_n256_mig.gen_mem[0].u_comp_ddr3.data_task: at time 133630966.0 ps INFO: WRITE @ DQS= bank = 1 row = 2000 col = 0000007c data = 0101
tb_g14_scale_n256_mig.gen_mem[0].u_comp_ddr3.data_task: at time 133632466.0 ps INFO: WRITE @ DQS= bank = 1 row = 2000 col = 0000007d data = 0101
tb_g14_scale_n256_mig.gen_mem[0].u_comp_ddr3.data_task: at time 133633966.0 ps INFO: WRITE @ DQS= bank = 1 row = 2000 col = 0000007e data = 0101
tb_g14_scale_n256_mig.gen_mem[0].u_comp_ddr3.data_task: at time 133635466.0 ps INFO: WRITE @ DQS= bank = 1 row = 2000 col = 0000007f data = 0101
tb_g14_scale_n256_mig.gen_mem[0].u_comp_ddr3.main: at time 133638466.0 ps INFO: Sync On Die Termination Rtt_NOM =          0 Ohm
tb_g14_scale_n256_mig.gen_mem[0].u_comp_ddr3.cmd_task: at time 133671466.0 ps INFO: Precharge bank   1
tb_g14_scale_n256_mig.gen_mem[0].u_comp_ddr3.cmd_task: at time 133737466.0 ps INFO: Activate  bank 1 row 2000
tb_g14_scale_n256_mig.gen_mem[0].u_comp_ddr3.cmd_task: at time 133752466.0 ps INFO: Read      bank 1 col 078, auto precharge 0
tb_g14_scale_n256_mig.gen_mem[0].u_comp_ddr3.cmd_task: at time 133764466.0 ps INFO: Read      bank 1 col 078, auto precharge 0
tb_g14_scale_n256_mig.gen_mem[0].u_comp_ddr3.data_task: at time 133765966.0 ps INFO: READ @ DQS= bank = 1 row = 2000 col = 00000078 data = 0101
tb_g14_scale_n256_mig.gen_mem[0].u_comp_ddr3.data_task: at time 133767466.0 ps INFO: READ @ DQS= bank = 1 row = 2000 col = 00000079 data = 0101
tb_g14_scale_n256_mig.gen_mem[0].u_comp_ddr3.data_task: at time 133768966.0 ps INFO: READ @ DQS= bank = 1 row = 2000 col = 0000007a data = 0101
tb_g14_scale_n256_mig.gen_mem[0].u_comp_ddr3.data_task: at time 133770466.0 ps INFO: READ @ DQS= bank = 1 row = 2000 col = 0000007b data = 0101
tb_g14_scale_n256_mig.gen_mem[0].u_comp_ddr3.data_task: at time 133771966.0 ps INFO: READ @ DQS= bank = 1 row = 2000 col = 0000007c data = 0101
tb_g14_scale_n256_mig.gen_mem[0].u_comp_ddr3.data_task: at time 133773466.0 ps INFO: READ @ DQS= bank = 1 row = 2000 col = 0000007d data = 0101
tb_g14_scale_n256_mig.gen_mem[0].u_comp_ddr3.data_task: at time 133774966.0 ps INFO: READ @ DQS= bank = 1 row = 2000 col = 0000007e data = 0101
tb_g14_scale_n256_mig.gen_mem[0].u_comp_ddr3.data_task: at time 133776466.0 ps INFO: READ @ DQS= bank = 1 row = 2000 col = 0000007f data = 0101
tb_g14_scale_n256_mig.gen_mem[0].u_comp_ddr3.data_task: at time 133777966.0 ps INFO: READ @ DQS= bank = 1 row = 2000 col = 00000078 data = 0101
tb_g14_scale_n256_mig.gen_mem[0].u_comp_ddr3.data_task: at time 133779466.0 ps INFO: READ @ DQS= bank = 1 row = 2000 col = 00000079 data = 0101
tb_g14_scale_n256_mig.gen_mem[0].u_comp_ddr3.data_task: at time 133780966.0 ps INFO: READ @ DQS= bank = 1 row = 2000 col = 0000007a data = 0101
tb_g14_scale_n256_mig.gen_mem[0].u_comp_ddr3.data_task: at time 133782466.0 ps INFO: READ @ DQS= bank = 1 row = 2000 col = 0000007b data = 0101
tb_g14_scale_n256_mig.gen_mem[0].u_comp_ddr3.data_task: at time 133783966.0 ps INFO: READ @ DQS= bank = 1 row = 2000 col = 0000007c data = 0101
tb_g14_scale_n256_mig.gen_mem[0].u_comp_ddr3.data_task: at time 133785466.0 ps INFO: READ @ DQS= bank = 1 row = 2000 col = 0000007d data = 0101
tb_g14_scale_n256_mig.gen_mem[0].u_comp_ddr3.data_task: at time 133786966.0 ps INFO: READ @ DQS= bank = 1 row = 2000 col = 0000007e data = 0101
tb_g14_scale_n256_mig.gen_mem[0].u_comp_ddr3.data_task: at time 133788466.0 ps INFO: READ @ DQS= bank = 1 row = 2000 col = 0000007f data = 0101
tb_g14_scale_n256_mig.gen_mem[0].u_comp_ddr3.cmd_task: at time 133815466.0 ps INFO: Precharge bank   1
SOA_PRELOAD_DRAIN quiet=32 guard=32
SOA_OWNER_READY ok cycles=0
SCALE_N=256 PHYS=4 burst=16 out=4
tb_g14_scale_n256_mig.gen_mem[0].u_comp_ddr3.cmd_task: at time 134541466.0 ps INFO: Activate  bank 0 row 2000
tb_g14_scale_n256_mig.gen_mem[0].u_comp_ddr3.cmd_task: at time 134556466.0 ps INFO: Read      bank 0 col 000, auto precharge 0
tb_g14_scale_n256_mig.gen_mem[0].u_comp_ddr3.cmd_task: at time 134568466.0 ps INFO: Read      bank 0 col 008, auto precharge 0
tb_g14_scale_n256_mig.gen_mem[0].u_comp_ddr3.data_task: at time 134569966.0 ps INFO: READ @ DQS= bank = 0 row = 2000 col = 00000000 data = 0000
tb_g14_scale_n256_mig.gen_mem[0].u_comp_ddr3.data_task: at time 134571466.0 ps INFO: READ @ DQS= bank = 0 row = 2000 col = 00000001 data = 0000
tb_g14_scale_n256_mig.gen_mem[0].u_comp_ddr3.data_task: at time 134572966.0 ps INFO: READ @ DQS= bank = 0 row = 2000 col = 00000002 data = 0001
tb_g14_scale_n256_mig.gen_mem[0].u_comp_ddr3.data_task: at time 134574466.0 ps INFO: READ @ DQS= bank = 0 row = 2000 col = 00000003 data = 0000
tb_g14_scale_n256_mig.gen_mem[0].u_comp_ddr3.data_task: at time 134575966.0 ps INFO: READ @ DQS= bank = 0 row = 2000 col = 00000004 data = 0002
tb_g14_scale_n256_mig.gen_mem[0].u_comp_ddr3.data_task: at time 134577466.0 ps INFO: READ @ DQS= bank = 0 row = 2000 col = 00000005 data = 0000
tb_g14_scale_n256_mig.gen_mem[0].u_comp_ddr3.data_task: at time 134578966.0 ps INFO: READ @ DQS= bank = 0 row = 2000 col = 00000006 data = 0003
tb_g14_scale_n256_mig.gen_mem[0].u_comp_ddr3.data_task: at time 134580466.0 ps INFO: READ @ DQS= bank = 0 row = 2000 col = 00000007 data = 0000
tb_g14_scale_n256_mig.gen_mem[0].u_comp_ddr3.cmd_task: at time 134580466.0 ps INFO: Read      bank 0 col 010, auto precharge 0
tb_g14_scale_n256_mig.gen_mem[0].u_comp_ddr3.data_task: at time 134581966.0 ps INFO: READ @ DQS= bank = 0 row = 2000 col = 00000008 data = 0004
tb_g14_scale_n256_mig.gen_mem[0].u_comp_ddr3.data_task: at time 134583466.0 ps INFO: READ @ DQS= bank = 0 row = 2000 col = 00000009 data = 0000
tb_g14_scale_n256_mig.gen_mem[0].u_comp_ddr3.data_task: at time 134584966.0 ps INFO: READ @ DQS= bank = 0 row = 2000 col = 0000000a data = 0005
tb_g14_scale_n256_mig.gen_mem[0].u_comp_ddr3.data_task: at time 134586466.0 ps INFO: READ @ DQS= bank = 0 row = 2000 col = 0000000b data = 0000
tb_g14_scale_n256_mig.gen_mem[0].u_comp_ddr3.data_task: at time 134587966.0 ps INFO: READ @ DQS= bank = 0 row = 2000 col = 0000000c data = 0006
tb_g14_scale_n256_mig.gen_mem[0].u_comp_ddr3.data_task: at time 134589466.0 ps INFO: READ @ DQS= bank = 0 row = 2000 col = 0000000d data = 0000
tb_g14_scale_n256_mig.gen_mem[0].u_comp_ddr3.data_task: at time 134590966.0 ps INFO: READ @ DQS= bank = 0 row = 2000 col = 0000000e data = 0007
tb_g14_scale_n256_mig.gen_mem[0].u_comp_ddr3.data_task: at time 134592466.0 ps INFO: READ @ DQS= bank = 0 row = 2000 col = 0000000f data = 0000
tb_g14_scale_n256_mig.gen_mem[0].u_comp_ddr3.cmd_task: at time 134592466.0 ps INFO: Read      bank 0 col 018, auto precharge 0
tb_g14_scale_n256_mig.gen_mem[0].u_comp_ddr3.data_task: at time 134593966.0 ps INFO: READ @ DQS= bank = 0 row = 2000 col = 00000010 data = 0008
tb_g14_scale_n256_mig.gen_mem[0].u_comp_ddr3.data_task: at time 134595466.0 ps INFO: READ @ DQS= bank = 0 row = 2000 col = 00000011 data = 0000
tb_g14_scale_n256_mig.gen_mem[0].u_comp_ddr3.data_task: at time 134596966.0 ps INFO: READ @ DQS= bank = 0 row = 2000 col = 00000012 data = 0009
tb_g14_scale_n256_mig.gen_mem[0].u_comp_ddr3.data_task: at time 134598466.0 ps INFO: READ @ DQS= bank = 0 row = 2000 col = 00000013 data = 0000
tb_g14_scale_n256_mig.gen_mem[0].u_comp_ddr3.data_task: at time 134599966.0 ps INFO: READ @ DQS= bank = 0 row = 2000 col = 00000014 data = 000a
tb_g14_scale_n256_mig.gen_mem[0].u_comp_ddr3.data_task: at time 134601466.0 ps INFO: READ @ DQS= bank = 0 row = 2000 col = 00000015 data = 0000
tb_g14_scale_n256_mig.gen_mem[0].u_comp_ddr3.data_task: at time 134602966.0 ps INFO: READ @ DQS= bank = 0 row = 2000 col = 00000016 data = 000b
tb_g14_scale_n256_mig.gen_mem[0].u_comp_ddr3.data_task: at time 134604466.0 ps INFO: READ @ DQS= bank = 0 row = 2000 col = 00000017 data = 0000
tb_g14_scale_n256_mig.gen_mem[0].u_comp_ddr3.cmd_task: at time 134604466.0 ps INFO: Read      bank 0 col 020, auto precharge 0
tb_g14_scale_n256_mig.gen_mem[0].u_comp_ddr3.data_task: at time 134605966.0 ps INFO: READ @ DQS= bank = 0 row = 2000 col = 00000018 data = 000c
tb_g14_scale_n256_mig.gen_mem[0].u_comp_ddr3.data_task: at time 134607466.0 ps INFO: READ @ DQS= bank = 0 row = 2000 col = 00000019 data = 0000
tb_g14_scale_n256_mig.gen_mem[0].u_comp_ddr3.data_task: at time 134608966.0 ps INFO: READ @ DQS= bank = 0 row = 2000 col = 0000001a data = 000d
tb_g14_scale_n256_mig.gen_mem[0].u_comp_ddr3.data_task: at time 134610466.0 ps INFO: READ @ DQS= bank = 0 row = 2000 col = 0000001b data = 0000
tb_g14_scale_n256_mig.gen_mem[0].u_comp_ddr3.data_task: at time 134611966.0 ps INFO: READ @ DQS= bank = 0 row = 2000 col = 0000001c data = 000e
tb_g14_scale_n256_mig.gen_mem[0].u_comp_ddr3.data_task: at time 134613466.0 ps INFO: READ @ DQS= bank = 0 row = 2000 col = 0000001d data = 0000
tb_g14_scale_n256_mig.gen_mem[0].u_comp_ddr3.data_task: at time 134614966.0 ps INFO: READ @ DQS= bank = 0 row = 2000 col = 0000001e data = 000f
tb_g14_scale_n256_mig.gen_mem[0].u_comp_ddr3.data_task: at time 134616466.0 ps INFO: READ @ DQS= bank = 0 row = 2000 col = 0000001f data = 0000
tb_g14_scale_n256_mig.gen_mem[0].u_comp_ddr3.cmd_task: at time 134616466.0 ps INFO: Read      bank 0 col 028, auto precharge 0
tb_g14_scale_n256_mig.gen_mem[0].u_comp_ddr3.data_task: at time 134617966.0 ps INFO: READ @ DQS= bank = 0 row = 2000 col = 00000020 data = 0010
tb_g14_scale_n256_mig.gen_mem[0].u_comp_ddr3.data_task: at time 134619466.0 ps INFO: READ @ DQS= bank = 0 row = 2000 col = 00000021 data = 0000
tb_g14_scale_n256_mig.gen_mem[0].u_comp_ddr3.data_task: at time 134620966.0 ps INFO: READ @ DQS= bank = 0 row = 2000 col = 00000022 data = 0011
tb_g14_scale_n256_mig.gen_mem[0].u_comp_ddr3.data_task: at time 134622466.0 ps INFO: READ @ DQS= bank = 0 row = 2000 col = 00000023 data = 0000
tb_g14_scale_n256_mig.gen_mem[0].u_comp_ddr3.data_task: at time 134623966.0 ps INFO: READ @ DQS= bank = 0 row = 2000 col = 00000024 data = 0012
tb_g14_scale_n256_mig.gen_mem[0].u_comp_ddr3.data_task: at time 134625466.0 ps INFO: READ @ DQS= bank = 0 row = 2000 col = 00000025 data = 0000
tb_g14_scale_n256_mig.gen_mem[0].u_comp_ddr3.data_task: at time 134626966.0 ps INFO: READ @ DQS= bank = 0 row = 2000 col = 00000026 data = 0013
tb_g14_scale_n256_mig.gen_mem[0].u_comp_ddr3.data_task: at time 134628466.0 ps INFO: READ @ DQS= bank = 0 row = 2000 col = 00000027 data = 0000
tb_g14_scale_n256_mig.gen_mem[0].u_comp_ddr3.cmd_task: at time 134628466.0 ps INFO: Read      bank 0 col 030, auto precharge 0
tb_g14_scale_n256_mig.gen_mem[0].u_comp_ddr3.data_task: at time 134629966.0 ps INFO: READ @ DQS= bank = 0 row = 2000 col = 00000028 data = 0014
tb_g14_scale_n256_mig.gen_mem[0].u_comp_ddr3.data_task: at time 134631466.0 ps INFO: READ @ DQS= bank = 0 row = 2000 col = 00000029 data = 0000
tb_g14_scale_n256_mig.gen_mem[0].u_comp_ddr3.data_task: at time 134632966.0 ps INFO: READ @ DQS= bank = 0 row = 2000 col = 0000002a data = 0015
tb_g14_scale_n256_mig.gen_mem[0].u_comp_ddr3.data_task: at time 134634466.0 ps INFO: READ @ DQS= bank = 0 row = 2000 col = 0000002b data = 0000
tb_g14_scale_n256_mig.gen_mem[0].u_comp_ddr3.data_task: at time 134635966.0 ps INFO: READ @ DQS= bank = 0 row = 2000 col = 0000002c data = 0016
tb_g14_scale_n256_mig.gen_mem[0].u_comp_ddr3.data_task: at time 134637466.0 ps INFO: READ @ DQS= bank = 0 row = 2000 col = 0000002d data = 0000
tb_g14_scale_n256_mig.gen_mem[0].u_comp_ddr3.data_task: at time 134638966.0 ps INFO: READ @ DQS= bank = 0 row = 2000 col = 0000002e data = 0017
tb_g14_scale_n256_mig.gen_mem[0].u_comp_ddr3.data_task: at time 134640466.0 ps INFO: READ @ DQS= bank = 0 row = 2000 col = 0000002f data = 0000
tb_g14_scale_n256_mig.gen_mem[0].u_comp_ddr3.cmd_task: at time 134640466.0 ps INFO: Read      bank 0 col 038, auto precharge 0
tb_g14_scale_n256_mig.gen_mem[0].u_comp_ddr3.data_task: at time 134641966.0 ps INFO: READ @ DQS= bank = 0 row = 2000 col = 00000030 data = 0018
tb_g14_scale_n256_mig.gen_mem[0].u_comp_ddr3.data_task: at time 134643466.0 ps INFO: READ @ DQS= bank = 0 row = 2000 col = 00000031 data = 0000
tb_g14_scale_n256_mig.gen_mem[0].u_comp_ddr3.data_task: at time 134644966.0 ps INFO: READ @ DQS= bank = 0 row = 2000 col = 00000032 data = 0019
tb_g14_scale_n256_mig.gen_mem[0].u_comp_ddr3.data_task: at time 134646466.0 ps INFO: READ @ DQS= bank = 0 row = 2000 col = 00000033 data = 0000
tb_g14_scale_n256_mig.gen_mem[0].u_comp_ddr3.data_task: at time 134647966.0 ps INFO: READ @ DQS= bank = 0 row = 2000 col = 00000034 data = 001a
tb_g14_scale_n256_mig.gen_mem[0].u_comp_ddr3.data_task: at time 134649466.0 ps INFO: READ @ DQS= bank = 0 row = 2000 col = 00000035 data = 0000
tb_g14_scale_n256_mig.gen_mem[0].u_comp_ddr3.data_task: at time 134650966.0 ps INFO: READ @ DQS= bank = 0 row = 2000 col = 00000036 data = 001b
tb_g14_scale_n256_mig.gen_mem[0].u_comp_ddr3.data_task: at time 134652466.0 ps INFO: READ @ DQS= bank = 0 row = 2000 col = 00000037 data = 0000
tb_g14_scale_n256_mig.gen_mem[0].u_comp_ddr3.cmd_task: at time 134652466.0 ps INFO: Read      bank 0 col 040, auto precharge 0
tb_g14_scale_n256_mig.gen_mem[0].u_comp_ddr3.data_task: at time 134653966.0 ps INFO: READ @ DQS= bank = 0 row = 2000 col = 00000038 data = 001c
tb_g14_scale_n256_mig.gen_mem[0].u_comp_ddr3.data_task: at time 134655466.0 ps INFO: READ @ DQS= bank = 0 row = 2000 col = 00000039 data = 0000
tb_g14_scale_n256_mig.gen_mem[0].u_comp_ddr3.data_task: at time 134656966.0 ps INFO: READ @ DQS= bank = 0 row = 2000 col = 0000003a data = 001d
tb_g14_scale_n256_mig.gen_mem[0].u_comp_ddr3.data_task: at time 134658466.0 ps INFO: READ @ DQS= bank = 0 row = 2000 col = 0000003b data = 0000
tb_g14_scale_n256_mig.gen_mem[0].u_comp_ddr3.data_task: at time 134659966.0 ps INFO: READ @ DQS= bank = 0 row = 2000 col = 0000003c data = 001e
tb_g14_scale_n256_mig.gen_mem[0].u_comp_ddr3.data_task: at time 134661466.0 ps INFO: READ @ DQS= bank = 0 row = 2000 col = 0000003d data = 0000
tb_g14_scale_n256_mig.gen_mem[0].u_comp_ddr3.data_task: at time 134662966.0 ps INFO: READ @ DQS= bank = 0 row = 2000 col = 0000003e data = 001f
tb_g14_scale_n256_mig.gen_mem[0].u_comp_ddr3.data_task: at time 134664466.0 ps INFO: READ @ DQS= bank = 0 row = 2000 col = 0000003f data = 0000
tb_g14_scale_n256_mig.gen_mem[0].u_comp_ddr3.cmd_task: at time 134664466.0 ps INFO: Read      bank 0 col 048, auto precharge 0
tb_g14_scale_n256_mig.gen_mem[0].u_comp_ddr3.data_task: at time 134665966.0 ps INFO: READ @ DQS= bank = 0 row = 2000 col = 00000040 data = 0020
tb_g14_scale_n256_mig.gen_mem[0].u_comp_ddr3.data_task: at time 134667466.0 ps INFO: READ @ DQS= bank = 0 row = 2000 col = 00000041 data = 0000
tb_g14_scale_n256_mig.gen_mem[0].u_comp_ddr3.data_task: at time 134668966.0 ps INFO: READ @ DQS= bank = 0 row = 2000 col = 00000042 data = 0021
tb_g14_scale_n256_mig.gen_mem[0].u_comp_ddr3.data_task: at time 134670466.0 ps INFO: READ @ DQS= bank = 0 row = 2000 col = 00000043 data = 0000
tb_g14_scale_n256_mig.gen_mem[0].u_comp_ddr3.data_task: at time 134671966.0 ps INFO: READ @ DQS= bank = 0 row = 2000 col = 00000044 data = 0022
tb_g14_scale_n256_mig.gen_mem[0].u_comp_ddr3.data_task: at time 134673466.0 ps INFO: READ @ DQS= bank = 0 row = 2000 col = 00000045 data = 0000
tb_g14_scale_n256_mig.gen_mem[0].u_comp_ddr3.data_task: at time 134674966.0 ps INFO: READ @ DQS= bank = 0 row = 2000 col = 00000046 data = 0023
tb_g14_scale_n256_mig.gen_mem[0].u_comp_ddr3.data_task: at time 134676466.0 ps INFO: READ @ DQS= bank = 0 row = 2000 col = 00000047 data = 0000
tb_g14_scale_n256_mig.gen_mem[0].u_comp_ddr3.cmd_task: at time 134676466.0 ps INFO: Read      bank 0 col 050, auto precharge 0
tb_g14_scale_n256_mig.gen_mem[0].u_comp_ddr3.data_task: at time 134677966.0 ps INFO: READ @ DQS= bank = 0 row = 2000 col = 00000048 data = 0024
tb_g14_scale_n256_mig.gen_mem[0].u_comp_ddr3.data_task: at time 134679466.0 ps INFO: READ @ DQS= bank = 0 row = 2000 col = 00000049 data = 0000
tb_g14_scale_n256_mig.gen_mem[0].u_comp_ddr3.data_task: at time 134680966.0 ps INFO: READ @ DQS= bank = 0 row = 2000 col = 0000004a data = 0025
tb_g14_scale_n256_mig.gen_mem[0].u_comp_ddr3.data_task: at time 134682466.0 ps INFO: READ @ DQS= bank = 0 row = 2000 col = 0000004b data = 0000
tb_g14_scale_n256_mig.gen_mem[0].u_comp_ddr3.data_task: at time 134683966.0 ps INFO: READ @ DQS= bank = 0 row = 2000 col = 0000004c data = 0026
tb_g14_scale_n256_mig.gen_mem[0].u_comp_ddr3.data_task: at time 134685466.0 ps INFO: READ @ DQS= bank = 0 row = 2000 col = 0000004d data = 0000
tb_g14_scale_n256_mig.gen_mem[0].u_comp_ddr3.data_task: at time 134686966.0 ps INFO: READ @ DQS= bank = 0 row = 2000 col = 0000004e data = 0027
tb_g14_scale_n256_mig.gen_mem[0].u_comp_ddr3.data_task: at time 134688466.0 ps INFO: READ @ DQS= bank = 0 row = 2000 col = 0000004f data = 0000
tb_g14_scale_n256_mig.gen_mem[0].u_comp_ddr3.cmd_task: at time 134688466.0 ps INFO: Read      bank 0 col 058, auto precharge 0
tb_g14_scale_n256_mig.gen_mem[0].u_comp_ddr3.data_task: at time 134689966.0 ps INFO: READ @ DQS= bank = 0 row = 2000 col = 00000050 data = 0028
tb_g14_scale_n256_mig.gen_mem[0].u_comp_ddr3.data_task: at time 134691466.0 ps INFO: READ @ DQS= bank = 0 row = 2000 col = 00000051 data = 0000
tb_g14_scale_n256_mig.gen_mem[0].u_comp_ddr3.data_task: at time 134692966.0 ps INFO: READ @ DQS= bank = 0 row = 2000 col = 00000052 data = 0029
tb_g14_scale_n256_mig.gen_mem[0].u_comp_ddr3.data_task: at time 134694466.0 ps INFO: READ @ DQS= bank = 0 row = 2000 col = 00000053 data = 0000
tb_g14_scale_n256_mig.gen_mem[0].u_comp_ddr3.data_task: at time 134695966.0 ps INFO: READ @ DQS= bank = 0 row = 2000 col = 00000054 data = 002a
tb_g14_scale_n256_mig.gen_mem[0].u_comp_ddr3.data_task: at time 134697466.0 ps INFO: READ @ DQS= bank = 0 row = 2000 col = 00000055 data = 0000
tb_g14_scale_n256_mig.gen_mem[0].u_comp_ddr3.data_task: at time 134698966.0 ps INFO: READ @ DQS= bank = 0 row = 2000 col = 00000056 data = 002b
tb_g14_scale_n256_mig.gen_mem[0].u_comp_ddr3.data_task: at time 134700466.0 ps INFO: READ @ DQS= bank = 0 row = 2000 col = 00000057 data = 0000
tb_g14_scale_n256_mig.gen_mem[0].u_comp_ddr3.cmd_task: at time 134700466.0 ps INFO: Read      bank 0 col 060, auto precharge 0
tb_g14_scale_n256_mig.gen_mem[0].u_comp_ddr3.data_task: at time 134701966.0 ps INFO: READ @ DQS= bank = 0 row = 2000 col = 00000058 data = 002c
tb_g14_scale_n256_mig.gen_mem[0].u_comp_ddr3.data_task: at time 134703466.0 ps INFO: READ @ DQS= bank = 0 row = 2000 col = 00000059 data = 0000
tb_g14_scale_n256_mig.gen_mem[0].u_comp_ddr3.data_task: at time 134704966.0 ps INFO: READ @ DQS= bank = 0 row = 2000 col = 0000005a data = 002d
tb_g14_scale_n256_mig.gen_mem[0].u_comp_ddr3.data_task: at time 134706466.0 ps INFO: READ @ DQS= bank = 0 row = 2000 col = 0000005b data = 0000
tb_g14_scale_n256_mig.gen_mem[0].u_comp_ddr3.data_task: at time 134707966.0 ps INFO: READ @ DQS= bank = 0 row = 2000 col = 0000005c data = 002e
tb_g14_scale_n256_mig.gen_mem[0].u_comp_ddr3.data_task: at time 134709466.0 ps INFO: READ @ DQS= bank = 0 row = 2000 col = 0000005d data = 0000
tb_g14_scale_n256_mig.gen_mem[0].u_comp_ddr3.data_task: at time 134710966.0 ps INFO: READ @ DQS= bank = 0 row = 2000 col = 0000005e data = 002f
tb_g14_scale_n256_mig.gen_mem[0].u_comp_ddr3.data_task: at time 134712466.0 ps INFO: READ @ DQS= bank = 0 row = 2000 col = 0000005f data = 0000
tb_g14_scale_n256_mig.gen_mem[0].u_comp_ddr3.cmd_task: at time 134712466.0 ps INFO: Read      bank 0 col 068, auto precharge 0
tb_g14_scale_n256_mig.gen_mem[0].u_comp_ddr3.data_task: at time 134713966.0 ps INFO: READ @ DQS= bank = 0 row = 2000 col = 00000060 data = 0030
tb_g14_scale_n256_mig.gen_mem[0].u_comp_ddr3.data_task: at time 134715466.0 ps INFO: READ @ DQS= bank = 0 row = 2000 col = 00000061 data = 0000
tb_g14_scale_n256_mig.gen_mem[0].u_comp_ddr3.data_task: at time 134716966.0 ps INFO: READ @ DQS= bank = 0 row = 2000 col = 00000062 data = 0031
tb_g14_scale_n256_mig.gen_mem[0].u_comp_ddr3.data_task: at time 134718466.0 ps INFO: READ @ DQS= bank = 0 row = 2000 col = 00000063 data = 0000
tb_g14_scale_n256_mig.gen_mem[0].u_comp_ddr3.data_task: at time 134719966.0 ps INFO: READ @ DQS= bank = 0 row = 2000 col = 00000064 data = 0032
tb_g14_scale_n256_mig.gen_mem[0].u_comp_ddr3.data_task: at time 134721466.0 ps INFO: READ @ DQS= bank = 0 row = 2000 col = 00000065 data = 0000
tb_g14_scale_n256_mig.gen_mem[0].u_comp_ddr3.data_task: at time 134722966.0 ps INFO: READ @ DQS= bank = 0 row = 2000 col = 00000066 data = 0033
tb_g14_scale_n256_mig.gen_mem[0].u_comp_ddr3.data_task: at time 134724466.0 ps INFO: READ @ DQS= bank = 0 row = 2000 col = 00000067 data = 0000
tb_g14_scale_n256_mig.gen_mem[0].u_comp_ddr3.cmd_task: at time 134724466.0 ps INFO: Read      bank 0 col 070, auto precharge 0
tb_g14_scale_n256_mig.gen_mem[0].u_comp_ddr3.data_task: at time 134725966.0 ps INFO: READ @ DQS= bank = 0 row = 2000 col = 00000068 data = 0034
tb_g14_scale_n256_mig.gen_mem[0].u_comp_ddr3.data_task: at time 134727466.0 ps INFO: READ @ DQS= bank = 0 row = 2000 col = 00000069 data = 0000
tb_g14_scale_n256_mig.gen_mem[0].u_comp_ddr3.data_task: at time 134728966.0 ps INFO: READ @ DQS= bank = 0 row = 2000 col = 0000006a data = 0035
tb_g14_scale_n256_mig.gen_mem[0].u_comp_ddr3.data_task: at time 134730466.0 ps INFO: READ @ DQS= bank = 0 row = 2000 col = 0000006b data = 0000
tb_g14_scale_n256_mig.gen_mem[0].u_comp_ddr3.data_task: at time 134731966.0 ps INFO: READ @ DQS= bank = 0 row = 2000 col = 0000006c data = 0036
tb_g14_scale_n256_mig.gen_mem[0].u_comp_ddr3.data_task: at time 134733466.0 ps INFO: READ @ DQS= bank = 0 row = 2000 col = 0000006d data = 0000
tb_g14_scale_n256_mig.gen_mem[0].u_comp_ddr3.data_task: at time 134734966.0 ps INFO: READ @ DQS= bank = 0 row = 2000 col = 0000006e data = 0037
tb_g14_scale_n256_mig.gen_mem[0].u_comp_ddr3.data_task: at time 134736466.0 ps INFO: READ @ DQS= bank = 0 row = 2000 col = 0000006f data = 0000
tb_g14_scale_n256_mig.gen_mem[0].u_comp_ddr3.cmd_task: at time 134736466.0 ps INFO: Read      bank 0 col 078, auto precharge 0
tb_g14_scale_n256_mig.gen_mem[0].u_comp_ddr3.data_task: at time 134737966.0 ps INFO: READ @ DQS= bank = 0 row = 2000 col = 00000070 data = 0038
tb_g14_scale_n256_mig.gen_mem[0].u_comp_ddr3.data_task: at time 134739466.0 ps INFO: READ @ DQS= bank = 0 row = 2000 col = 00000071 data = 0000
tb_g14_scale_n256_mig.gen_mem[0].u_comp_ddr3.data_task: at time 134740966.0 ps INFO: READ @ DQS= bank = 0 row = 2000 col = 00000072 data = 0039
tb_g14_scale_n256_mig.gen_mem[0].u_comp_ddr3.data_task: at time 134742466.0 ps INFO: READ @ DQS= bank = 0 row = 2000 col = 00000073 data = 0000
tb_g14_scale_n256_mig.gen_mem[0].u_comp_ddr3.data_task: at time 134743966.0 ps INFO: READ @ DQS= bank = 0 row = 2000 col = 00000074 data = 003a
tb_g14_scale_n256_mig.gen_mem[0].u_comp_ddr3.data_task: at time 134745466.0 ps INFO: READ @ DQS= bank = 0 row = 2000 col = 00000075 data = 0000
tb_g14_scale_n256_mig.gen_mem[0].u_comp_ddr3.data_task: at time 134746966.0 ps INFO: READ @ DQS= bank = 0 row = 2000 col = 00000076 data = 003b
tb_g14_scale_n256_mig.gen_mem[0].u_comp_ddr3.data_task: at time 134748466.0 ps INFO: READ @ DQS= bank = 0 row = 2000 col = 00000077 data = 0000
tb_g14_scale_n256_mig.gen_mem[0].u_comp_ddr3.data_task: at time 134749966.0 ps INFO: READ @ DQS= bank = 0 row = 2000 col = 00000078 data = 003c
tb_g14_scale_n256_mig.gen_mem[0].u_comp_ddr3.data_task: at time 134751466.0 ps INFO: READ @ DQS= bank = 0 row = 2000 col = 00000079 data = 0000
tb_g14_scale_n256_mig.gen_mem[0].u_comp_ddr3.data_task: at time 134752966.0 ps INFO: READ @ DQS= bank = 0 row = 2000 col = 0000007a data = 003d
tb_g14_scale_n256_mig.gen_mem[0].u_comp_ddr3.data_task: at time 134754466.0 ps INFO: READ @ DQS= bank = 0 row = 2000 col = 0000007b data = 0000
tb_g14_scale_n256_mig.gen_mem[0].u_comp_ddr3.data_task: at time 134755966.0 ps INFO: READ @ DQS= bank = 0 row = 2000 col = 0000007c data = 003e
tb_g14_scale_n256_mig.gen_mem[0].u_comp_ddr3.data_task: at time 134757466.0 ps INFO: READ @ DQS= bank = 0 row = 2000 col = 0000007d data = 0000
tb_g14_scale_n256_mig.gen_mem[0].u_comp_ddr3.data_task: at time 134758966.0 ps INFO: READ @ DQS= bank = 0 row = 2000 col = 0000007e data = 003f
tb_g14_scale_n256_mig.gen_mem[0].u_comp_ddr3.data_task: at time 134760466.0 ps INFO: READ @ DQS= bank = 0 row = 2000 col = 0000007f data = 0000
tb_g14_scale_n256_mig.gen_mem[0].u_comp_ddr3.cmd_task: at time 134787466.0 ps INFO: Precharge bank   0
tb_g14_scale_n256_mig.gen_mem[0].u_comp_ddr3.cmd_task: at time 135081466.0 ps INFO: Activate  bank 0 row 2000
tb_g14_scale_n256_mig.gen_mem[0].u_comp_ddr3.cmd_task: at time 135096466.0 ps INFO: Read      bank 0 col 080, auto precharge 0
tb_g14_scale_n256_mig.gen_mem[0].u_comp_ddr3.cmd_task: at time 135108466.0 ps INFO: Read      bank 0 col 088, auto precharge 0
tb_g14_scale_n256_mig.gen_mem[0].u_comp_ddr3.data_task: at time 135109966.0 ps INFO: READ @ DQS= bank = 0 row = 2000 col = 00000080 data = 0040
tb_g14_scale_n256_mig.gen_mem[0].u_comp_ddr3.data_task: at time 135111466.0 ps INFO: READ @ DQS= bank = 0 row = 2000 col = 00000081 data = 0000
tb_g14_scale_n256_mig.gen_mem[0].u_comp_ddr3.data_task: at time 135112966.0 ps INFO: READ @ DQS= bank = 0 row = 2000 col = 00000082 data = 0041
tb_g14_scale_n256_mig.gen_mem[0].u_comp_ddr3.data_task: at time 135114466.0 ps INFO: READ @ DQS= bank = 0 row = 2000 col = 00000083 data = 0000
tb_g14_scale_n256_mig.gen_mem[0].u_comp_ddr3.data_task: at time 135115966.0 ps INFO: READ @ DQS= bank = 0 row = 2000 col = 00000084 data = 0042
tb_g14_scale_n256_mig.gen_mem[0].u_comp_ddr3.data_task: at time 135117466.0 ps INFO: READ @ DQS= bank = 0 row = 2000 col = 00000085 data = 0000
tb_g14_scale_n256_mig.gen_mem[0].u_comp_ddr3.data_task: at time 135118966.0 ps INFO: READ @ DQS= bank = 0 row = 2000 col = 00000086 data = 0043
tb_g14_scale_n256_mig.gen_mem[0].u_comp_ddr3.data_task: at time 135120466.0 ps INFO: READ @ DQS= bank = 0 row = 2000 col = 00000087 data = 0000
tb_g14_scale_n256_mig.gen_mem[0].u_comp_ddr3.cmd_task: at time 135120466.0 ps INFO: Read      bank 0 col 090, auto precharge 0
tb_g14_scale_n256_mig.gen_mem[0].u_comp_ddr3.data_task: at time 135121966.0 ps INFO: READ @ DQS= bank = 0 row = 2000 col = 00000088 data = 0044
tb_g14_scale_n256_mig.gen_mem[0].u_comp_ddr3.data_task: at time 135123466.0 ps INFO: READ @ DQS= bank = 0 row = 2000 col = 00000089 data = 0000
tb_g14_scale_n256_mig.gen_mem[0].u_comp_ddr3.data_task: at time 135124966.0 ps INFO: READ @ DQS= bank = 0 row = 2000 col = 0000008a data = 0045
tb_g14_scale_n256_mig.gen_mem[0].u_comp_ddr3.data_task: at time 135126466.0 ps INFO: READ @ DQS= bank = 0 row = 2000 col = 0000008b data = 0000
tb_g14_scale_n256_mig.gen_mem[0].u_comp_ddr3.data_task: at time 135127966.0 ps INFO: READ @ DQS= bank = 0 row = 2000 col = 0000008c data = 0046
tb_g14_scale_n256_mig.gen_mem[0].u_comp_ddr3.data_task: at time 135129466.0 ps INFO: READ @ DQS= bank = 0 row = 2000 col = 0000008d data = 0000
tb_g14_scale_n256_mig.gen_mem[0].u_comp_ddr3.data_task: at time 135130966.0 ps INFO: READ @ DQS= bank = 0 row = 2000 col = 0000008e data = 0047
tb_g14_scale_n256_mig.gen_mem[0].u_comp_ddr3.data_task: at time 135132466.0 ps INFO: READ @ DQS= bank = 0 row = 2000 col = 0000008f data = 0000
tb_g14_scale_n256_mig.gen_mem[0].u_comp_ddr3.cmd_task: at time 135132466.0 ps INFO: Read      bank 0 col 098, auto precharge 0
tb_g14_scale_n256_mig.gen_mem[0].u_comp_ddr3.data_task: at time 135133966.0 ps INFO: READ @ DQS= bank = 0 row = 2000 col = 00000090 data = 0048
tb_g14_scale_n256_mig.gen_mem[0].u_comp_ddr3.data_task: at time 135135466.0 ps INFO: READ @ DQS= bank = 0 row = 2000 col = 00000091 data = 0000
tb_g14_scale_n256_mig.gen_mem[0].u_comp_ddr3.data_task: at time 135136966.0 ps INFO: READ @ DQS= bank = 0 row = 2000 col = 00000092 data = 0049
tb_g14_scale_n256_mig.gen_mem[0].u_comp_ddr3.data_task: at time 135138466.0 ps INFO: READ @ DQS= bank = 0 row = 2000 col = 00000093 data = 0000
tb_g14_scale_n256_mig.gen_mem[0].u_comp_ddr3.data_task: at time 135139966.0 ps INFO: READ @ DQS= bank = 0 row = 2000 col = 00000094 data = 004a
tb_g14_scale_n256_mig.gen_mem[0].u_comp_ddr3.data_task: at time 135141466.0 ps INFO: READ @ DQS= bank = 0 row = 2000 col = 00000095 data = 0000
tb_g14_scale_n256_mig.gen_mem[0].u_comp_ddr3.data_task: at time 135142966.0 ps INFO: READ @ DQS= bank = 0 row = 2000 col = 00000096 data = 004b
tb_g14_scale_n256_mig.gen_mem[0].u_comp_ddr3.data_task: at time 135144466.0 ps INFO: READ @ DQS= bank = 0 row = 2000 col = 00000097 data = 0000
tb_g14_scale_n256_mig.gen_mem[0].u_comp_ddr3.cmd_task: at time 135144466.0 ps INFO: Read      bank 0 col 0a0, auto precharge 0
tb_g14_scale_n256_mig.gen_mem[0].u_comp_ddr3.data_task: at time 135145966.0 ps INFO: READ @ DQS= bank = 0 row = 2000 col = 00000098 data = 004c
tb_g14_scale_n256_mig.gen_mem[0].u_comp_ddr3.data_task: at time 135147466.0 ps INFO: READ @ DQS= bank = 0 row = 2000 col = 00000099 data = 0000
tb_g14_scale_n256_mig.gen_mem[0].u_comp_ddr3.data_task: at time 135148966.0 ps INFO: READ @ DQS= bank = 0 row = 2000 col = 0000009a data = 004d
tb_g14_scale_n256_mig.gen_mem[0].u_comp_ddr3.data_task: at time 135150466.0 ps INFO: READ @ DQS= bank = 0 row = 2000 col = 0000009b data = 0000
tb_g14_scale_n256_mig.gen_mem[0].u_comp_ddr3.data_task: at time 135151966.0 ps INFO: READ @ DQS= bank = 0 row = 2000 col = 0000009c data = 004e
tb_g14_scale_n256_mig.gen_mem[0].u_comp_ddr3.data_task: at time 135153466.0 ps INFO: READ @ DQS= bank = 0 row = 2000 col = 0000009d data = 0000
tb_g14_scale_n256_mig.gen_mem[0].u_comp_ddr3.data_task: at time 135154966.0 ps INFO: READ @ DQS= bank = 0 row = 2000 col = 0000009e data = 004f
tb_g14_scale_n256_mig.gen_mem[0].u_comp_ddr3.data_task: at time 135156466.0 ps INFO: READ @ DQS= bank = 0 row = 2000 col = 0000009f data = 0000
tb_g14_scale_n256_mig.gen_mem[0].u_comp_ddr3.cmd_task: at time 135156466.0 ps INFO: Read      bank 0 col 0a8, auto precharge 0
tb_g14_scale_n256_mig.gen_mem[0].u_comp_ddr3.data_task: at time 135157966.0 ps INFO: READ @ DQS= bank = 0 row = 2000 col = 000000a0 data = 0050
tb_g14_scale_n256_mig.gen_mem[0].u_comp_ddr3.data_task: at time 135159466.0 ps INFO: READ @ DQS= bank = 0 row = 2000 col = 000000a1 data = 0000
tb_g14_scale_n256_mig.gen_mem[0].u_comp_ddr3.data_task: at time 135160966.0 ps INFO: READ @ DQS= bank = 0 row = 2000 col = 000000a2 data = 0051
tb_g14_scale_n256_mig.gen_mem[0].u_comp_ddr3.data_task: at time 135162466.0 ps INFO: READ @ DQS= bank = 0 row = 2000 col = 000000a3 data = 0000
tb_g14_scale_n256_mig.gen_mem[0].u_comp_ddr3.data_task: at time 135163966.0 ps INFO: READ @ DQS= bank = 0 row = 2000 col = 000000a4 data = 0052
tb_g14_scale_n256_mig.gen_mem[0].u_comp_ddr3.data_task: at time 135165466.0 ps INFO: READ @ DQS= bank = 0 row = 2000 col = 000000a5 data = 0000
tb_g14_scale_n256_mig.gen_mem[0].u_comp_ddr3.data_task: at time 135166966.0 ps INFO: READ @ DQS= bank = 0 row = 2000 col = 000000a6 data = 0053
tb_g14_scale_n256_mig.gen_mem[0].u_comp_ddr3.data_task: at time 135168466.0 ps INFO: READ @ DQS= bank = 0 row = 2000 col = 000000a7 data = 0000
tb_g14_scale_n256_mig.gen_mem[0].u_comp_ddr3.cmd_task: at time 135168466.0 ps INFO: Read      bank 0 col 0b0, auto precharge 0
tb_g14_scale_n256_mig.gen_mem[0].u_comp_ddr3.data_task: at time 135169966.0 ps INFO: READ @ DQS= bank = 0 row = 2000 col = 000000a8 data = 0054
tb_g14_scale_n256_mig.gen_mem[0].u_comp_ddr3.data_task: at time 135171466.0 ps INFO: READ @ DQS= bank = 0 row = 2000 col = 000000a9 data = 0000
tb_g14_scale_n256_mig.gen_mem[0].u_comp_ddr3.data_task: at time 135172966.0 ps INFO: READ @ DQS= bank = 0 row = 2000 col = 000000aa data = 0055
tb_g14_scale_n256_mig.gen_mem[0].u_comp_ddr3.data_task: at time 135174466.0 ps INFO: READ @ DQS= bank = 0 row = 2000 col = 000000ab data = 0000
tb_g14_scale_n256_mig.gen_mem[0].u_comp_ddr3.data_task: at time 135175966.0 ps INFO: READ @ DQS= bank = 0 row = 2000 col = 000000ac data = 0056
tb_g14_scale_n256_mig.gen_mem[0].u_comp_ddr3.data_task: at time 135177466.0 ps INFO: READ @ DQS= bank = 0 row = 2000 col = 000000ad data = 0000
tb_g14_scale_n256_mig.gen_mem[0].u_comp_ddr3.data_task: at time 135178966.0 ps INFO: READ @ DQS= bank = 0 row = 2000 col = 000000ae data = 0057
tb_g14_scale_n256_mig.gen_mem[0].u_comp_ddr3.data_task: at time 135180466.0 ps INFO: READ @ DQS= bank = 0 row = 2000 col = 000000af data = 0000
tb_g14_scale_n256_mig.gen_mem[0].u_comp_ddr3.cmd_task: at time 135180466.0 ps INFO: Read      bank 0 col 0b8, auto precharge 0
tb_g14_scale_n256_mig.gen_mem[0].u_comp_ddr3.data_task: at time 135181966.0 ps INFO: READ @ DQS= bank = 0 row = 2000 col = 000000b0 data = 0058
tb_g14_scale_n256_mig.gen_mem[0].u_comp_ddr3.data_task: at time 135183466.0 ps INFO: READ @ DQS= bank = 0 row = 2000 col = 000000b1 data = 0000
tb_g14_scale_n256_mig.gen_mem[0].u_comp_ddr3.data_task: at time 135184966.0 ps INFO: READ @ DQS= bank = 0 row = 2000 col = 000000b2 data = 0059
tb_g14_scale_n256_mig.gen_mem[0].u_comp_ddr3.data_task: at time 135186466.0 ps INFO: READ @ DQS= bank = 0 row = 2000 col = 000000b3 data = 0000
tb_g14_scale_n256_mig.gen_mem[0].u_comp_ddr3.data_task: at time 135187966.0 ps INFO: READ @ DQS= bank = 0 row = 2000 col = 000000b4 data = 005a
tb_g14_scale_n256_mig.gen_mem[0].u_comp_ddr3.data_task: at time 135189466.0 ps INFO: READ @ DQS= bank = 0 row = 2000 col = 000000b5 data = 0000
tb_g14_scale_n256_mig.gen_mem[0].u_comp_ddr3.data_task: at time 135190966.0 ps INFO: READ @ DQS= bank = 0 row = 2000 col = 000000b6 data = 005b
tb_g14_scale_n256_mig.gen_mem[0].u_comp_ddr3.data_task: at time 135192466.0 ps INFO: READ @ DQS= bank = 0 row = 2000 col = 000000b7 data = 0000
tb_g14_scale_n256_mig.gen_mem[0].u_comp_ddr3.cmd_task: at time 135192466.0 ps INFO: Read      bank 0 col 0c0, auto precharge 0
tb_g14_scale_n256_mig.gen_mem[0].u_comp_ddr3.data_task: at time 135193966.0 ps INFO: READ @ DQS= bank = 0 row = 2000 col = 000000b8 data = 005c
tb_g14_scale_n256_mig.gen_mem[0].u_comp_ddr3.data_task: at time 135195466.0 ps INFO: READ @ DQS= bank = 0 row = 2000 col = 000000b9 data = 0000
tb_g14_scale_n256_mig.gen_mem[0].u_comp_ddr3.data_task: at time 135196966.0 ps INFO: READ @ DQS= bank = 0 row = 2000 col = 000000ba data = 005d
tb_g14_scale_n256_mig.gen_mem[0].u_comp_ddr3.data_task: at time 135198466.0 ps INFO: READ @ DQS= bank = 0 row = 2000 col = 000000bb data = 0000
tb_g14_scale_n256_mig.gen_mem[0].u_comp_ddr3.data_task: at time 135199966.0 ps INFO: READ @ DQS= bank = 0 row = 2000 col = 000000bc data = 005e
tb_g14_scale_n256_mig.gen_mem[0].u_comp_ddr3.data_task: at time 135201466.0 ps INFO: READ @ DQS= bank = 0 row = 2000 col = 000000bd data = 0000
tb_g14_scale_n256_mig.gen_mem[0].u_comp_ddr3.data_task: at time 135202966.0 ps INFO: READ @ DQS= bank = 0 row = 2000 col = 000000be data = 005f
tb_g14_scale_n256_mig.gen_mem[0].u_comp_ddr3.data_task: at time 135204466.0 ps INFO: READ @ DQS= bank = 0 row = 2000 col = 000000bf data = 0000
tb_g14_scale_n256_mig.gen_mem[0].u_comp_ddr3.cmd_task: at time 135204466.0 ps INFO: Read      bank 0 col 0c8, auto precharge 0
tb_g14_scale_n256_mig.gen_mem[0].u_comp_ddr3.data_task: at time 135205966.0 ps INFO: READ @ DQS= bank = 0 row = 2000 col = 000000c0 data = 0060
tb_g14_scale_n256_mig.gen_mem[0].u_comp_ddr3.data_task: at time 135207466.0 ps INFO: READ @ DQS= bank = 0 row = 2000 col = 000000c1 data = 0000
tb_g14_scale_n256_mig.gen_mem[0].u_comp_ddr3.data_task: at time 135208966.0 ps INFO: READ @ DQS= bank = 0 row = 2000 col = 000000c2 data = 0061
tb_g14_scale_n256_mig.gen_mem[0].u_comp_ddr3.data_task: at time 135210466.0 ps INFO: READ @ DQS= bank = 0 row = 2000 col = 000000c3 data = 0000
tb_g14_scale_n256_mig.gen_mem[0].u_comp_ddr3.data_task: at time 135211966.0 ps INFO: READ @ DQS= bank = 0 row = 2000 col = 000000c4 data = 0062
tb_g14_scale_n256_mig.gen_mem[0].u_comp_ddr3.data_task: at time 135213466.0 ps INFO: READ @ DQS= bank = 0 row = 2000 col = 000000c5 data = 0000
tb_g14_scale_n256_mig.gen_mem[0].u_comp_ddr3.data_task: at time 135214966.0 ps INFO: READ @ DQS= bank = 0 row = 2000 col = 000000c6 data = 0063
tb_g14_scale_n256_mig.gen_mem[0].u_comp_ddr3.data_task: at time 135216466.0 ps INFO: READ @ DQS= bank = 0 row = 2000 col = 000000c7 data = 0000
tb_g14_scale_n256_mig.gen_mem[0].u_comp_ddr3.cmd_task: at time 135216466.0 ps INFO: Read      bank 0 col 0d0, auto precharge 0
tb_g14_scale_n256_mig.gen_mem[0].u_comp_ddr3.data_task: at time 135217966.0 ps INFO: READ @ DQS= bank = 0 row = 2000 col = 000000c8 data = 0064
tb_g14_scale_n256_mig.gen_mem[0].u_comp_ddr3.data_task: at time 135219466.0 ps INFO: READ @ DQS= bank = 0 row = 2000 col = 000000c9 data = 0000
tb_g14_scale_n256_mig.gen_mem[0].u_comp_ddr3.data_task: at time 135220966.0 ps INFO: READ @ DQS= bank = 0 row = 2000 col = 000000ca data = 0065
tb_g14_scale_n256_mig.gen_mem[0].u_comp_ddr3.data_task: at time 135222466.0 ps INFO: READ @ DQS= bank = 0 row = 2000 col = 000000cb data = 0000
tb_g14_scale_n256_mig.gen_mem[0].u_comp_ddr3.data_task: at time 135223966.0 ps INFO: READ @ DQS= bank = 0 row = 2000 col = 000000cc data = 0066
tb_g14_scale_n256_mig.gen_mem[0].u_comp_ddr3.data_task: at time 135225466.0 ps INFO: READ @ DQS= bank = 0 row = 2000 col = 000000cd data = 0000
tb_g14_scale_n256_mig.gen_mem[0].u_comp_ddr3.data_task: at time 135226966.0 ps INFO: READ @ DQS= bank = 0 row = 2000 col = 000000ce data = 0067
tb_g14_scale_n256_mig.gen_mem[0].u_comp_ddr3.data_task: at time 135228466.0 ps INFO: READ @ DQS= bank = 0 row = 2000 col = 000000cf data = 0000
tb_g14_scale_n256_mig.gen_mem[0].u_comp_ddr3.cmd_task: at time 135228466.0 ps INFO: Read      bank 0 col 0d8, auto precharge 0
tb_g14_scale_n256_mig.gen_mem[0].u_comp_ddr3.data_task: at time 135229966.0 ps INFO: READ @ DQS= bank = 0 row = 2000 col = 000000d0 data = 0068
tb_g14_scale_n256_mig.gen_mem[0].u_comp_ddr3.data_task: at time 135231466.0 ps INFO: READ @ DQS= bank = 0 row = 2000 col = 000000d1 data = 0000
tb_g14_scale_n256_mig.gen_mem[0].u_comp_ddr3.data_task: at time 135232966.0 ps INFO: READ @ DQS= bank = 0 row = 2000 col = 000000d2 data = 0069
tb_g14_scale_n256_mig.gen_mem[0].u_comp_ddr3.data_task: at time 135234466.0 ps INFO: READ @ DQS= bank = 0 row = 2000 col = 000000d3 data = 0000
tb_g14_scale_n256_mig.gen_mem[0].u_comp_ddr3.data_task: at time 135235966.0 ps INFO: READ @ DQS= bank = 0 row = 2000 col = 000000d4 data = 006a
tb_g14_scale_n256_mig.gen_mem[0].u_comp_ddr3.data_task: at time 135237466.0 ps INFO: READ @ DQS= bank = 0 row = 2000 col = 000000d5 data = 0000
tb_g14_scale_n256_mig.gen_mem[0].u_comp_ddr3.data_task: at time 135238966.0 ps INFO: READ @ DQS= bank = 0 row = 2000 col = 000000d6 data = 006b
tb_g14_scale_n256_mig.gen_mem[0].u_comp_ddr3.data_task: at time 135240466.0 ps INFO: READ @ DQS= bank = 0 row = 2000 col = 000000d7 data = 0000
tb_g14_scale_n256_mig.gen_mem[0].u_comp_ddr3.cmd_task: at time 135240466.0 ps INFO: Read      bank 0 col 0e0, auto precharge 0
tb_g14_scale_n256_mig.gen_mem[0].u_comp_ddr3.data_task: at time 135241966.0 ps INFO: READ @ DQS= bank = 0 row = 2000 col = 000000d8 data = 006c
tb_g14_scale_n256_mig.gen_mem[0].u_comp_ddr3.data_task: at time 135243466.0 ps INFO: READ @ DQS= bank = 0 row = 2000 col = 000000d9 data = 0000
tb_g14_scale_n256_mig.gen_mem[0].u_comp_ddr3.data_task: at time 135244966.0 ps INFO: READ @ DQS= bank = 0 row = 2000 col = 000000da data = 006d
tb_g14_scale_n256_mig.gen_mem[0].u_comp_ddr3.data_task: at time 135246466.0 ps INFO: READ @ DQS= bank = 0 row = 2000 col = 000000db data = 0000
tb_g14_scale_n256_mig.gen_mem[0].u_comp_ddr3.data_task: at time 135247966.0 ps INFO: READ @ DQS= bank = 0 row = 2000 col = 000000dc data = 006e
tb_g14_scale_n256_mig.gen_mem[0].u_comp_ddr3.data_task: at time 135249466.0 ps INFO: READ @ DQS= bank = 0 row = 2000 col = 000000dd data = 0000
tb_g14_scale_n256_mig.gen_mem[0].u_comp_ddr3.data_task: at time 135250966.0 ps INFO: READ @ DQS= bank = 0 row = 2000 col = 000000de data = 006f
tb_g14_scale_n256_mig.gen_mem[0].u_comp_ddr3.data_task: at time 135252466.0 ps INFO: READ @ DQS= bank = 0 row = 2000 col = 000000df data = 0000
tb_g14_scale_n256_mig.gen_mem[0].u_comp_ddr3.cmd_task: at time 135252466.0 ps INFO: Read      bank 0 col 0e8, auto precharge 0
tb_g14_scale_n256_mig.gen_mem[0].u_comp_ddr3.data_task: at time 135253966.0 ps INFO: READ @ DQS= bank = 0 row = 2000 col = 000000e0 data = 0070
tb_g14_scale_n256_mig.gen_mem[0].u_comp_ddr3.data_task: at time 135255466.0 ps INFO: READ @ DQS= bank = 0 row = 2000 col = 000000e1 data = 0000
tb_g14_scale_n256_mig.gen_mem[0].u_comp_ddr3.data_task: at time 135256966.0 ps INFO: READ @ DQS= bank = 0 row = 2000 col = 000000e2 data = 0071
tb_g14_scale_n256_mig.gen_mem[0].u_comp_ddr3.data_task: at time 135258466.0 ps INFO: READ @ DQS= bank = 0 row = 2000 col = 000000e3 data = 0000
tb_g14_scale_n256_mig.gen_mem[0].u_comp_ddr3.data_task: at time 135259966.0 ps INFO: READ @ DQS= bank = 0 row = 2000 col = 000000e4 data = 0072
tb_g14_scale_n256_mig.gen_mem[0].u_comp_ddr3.data_task: at time 135261466.0 ps INFO: READ @ DQS= bank = 0 row = 2000 col = 000000e5 data = 0000
tb_g14_scale_n256_mig.gen_mem[0].u_comp_ddr3.data_task: at time 135262966.0 ps INFO: READ @ DQS= bank = 0 row = 2000 col = 000000e6 data = 0073
tb_g14_scale_n256_mig.gen_mem[0].u_comp_ddr3.data_task: at time 135264466.0 ps INFO: READ @ DQS= bank = 0 row = 2000 col = 000000e7 data = 0000
tb_g14_scale_n256_mig.gen_mem[0].u_comp_ddr3.cmd_task: at time 135264466.0 ps INFO: Read      bank 0 col 0f0, auto precharge 0
tb_g14_scale_n256_mig.gen_mem[0].u_comp_ddr3.data_task: at time 135265966.0 ps INFO: READ @ DQS= bank = 0 row = 2000 col = 000000e8 data = 0074
tb_g14_scale_n256_mig.gen_mem[0].u_comp_ddr3.data_task: at time 135267466.0 ps INFO: READ @ DQS= bank = 0 row = 2000 col = 000000e9 data = 0000
tb_g14_scale_n256_mig.gen_mem[0].u_comp_ddr3.data_task: at time 135268966.0 ps INFO: READ @ DQS= bank = 0 row = 2000 col = 000000ea data = 0075
tb_g14_scale_n256_mig.gen_mem[0].u_comp_ddr3.data_task: at time 135270466.0 ps INFO: READ @ DQS= bank = 0 row = 2000 col = 000000eb data = 0000
tb_g14_scale_n256_mig.gen_mem[0].u_comp_ddr3.data_task: at time 135271966.0 ps INFO: READ @ DQS= bank = 0 row = 2000 col = 000000ec data = 0076
tb_g14_scale_n256_mig.gen_mem[0].u_comp_ddr3.data_task: at time 135273466.0 ps INFO: READ @ DQS= bank = 0 row = 2000 col = 000000ed data = 0000
tb_g14_scale_n256_mig.gen_mem[0].u_comp_ddr3.data_task: at time 135274966.0 ps INFO: READ @ DQS= bank = 0 row = 2000 col = 000000ee data = 0077
tb_g14_scale_n256_mig.gen_mem[0].u_comp_ddr3.data_task: at time 135276466.0 ps INFO: READ @ DQS= bank = 0 row = 2000 col = 000000ef data = 0000
tb_g14_scale_n256_mig.gen_mem[0].u_comp_ddr3.cmd_task: at time 135276466.0 ps INFO: Read      bank 0 col 0f8, auto precharge 0
tb_g14_scale_n256_mig.gen_mem[0].u_comp_ddr3.data_task: at time 135277966.0 ps INFO: READ @ DQS= bank = 0 row = 2000 col = 000000f0 data = 0078
tb_g14_scale_n256_mig.gen_mem[0].u_comp_ddr3.data_task: at time 135279466.0 ps INFO: READ @ DQS= bank = 0 row = 2000 col = 000000f1 data = 0000
tb_g14_scale_n256_mig.gen_mem[0].u_comp_ddr3.data_task: at time 135280966.0 ps INFO: READ @ DQS= bank = 0 row = 2000 col = 000000f2 data = 0079
tb_g14_scale_n256_mig.gen_mem[0].u_comp_ddr3.data_task: at time 135282466.0 ps INFO: READ @ DQS= bank = 0 row = 2000 col = 000000f3 data = 0000
tb_g14_scale_n256_mig.gen_mem[0].u_comp_ddr3.data_task: at time 135283966.0 ps INFO: READ @ DQS= bank = 0 row = 2000 col = 000000f4 data = 007a
tb_g14_scale_n256_mig.gen_mem[0].u_comp_ddr3.data_task: at time 135285466.0 ps INFO: READ @ DQS= bank = 0 row = 2000 col = 000000f5 data = 0000
tb_g14_scale_n256_mig.gen_mem[0].u_comp_ddr3.data_task: at time 135286966.0 ps INFO: READ @ DQS= bank = 0 row = 2000 col = 000000f6 data = 007b
tb_g14_scale_n256_mig.gen_mem[0].u_comp_ddr3.data_task: at time 135288466.0 ps INFO: READ @ DQS= bank = 0 row = 2000 col = 000000f7 data = 0000
tb_g14_scale_n256_mig.gen_mem[0].u_comp_ddr3.data_task: at time 135289966.0 ps INFO: READ @ DQS= bank = 0 row = 2000 col = 000000f8 data = 007c
tb_g14_scale_n256_mig.gen_mem[0].u_comp_ddr3.data_task: at time 135291466.0 ps INFO: READ @ DQS= bank = 0 row = 2000 col = 000000f9 data = 0000
tb_g14_scale_n256_mig.gen_mem[0].u_comp_ddr3.data_task: at time 135292966.0 ps INFO: READ @ DQS= bank = 0 row = 2000 col = 000000fa data = 007d
tb_g14_scale_n256_mig.gen_mem[0].u_comp_ddr3.data_task: at time 135294466.0 ps INFO: READ @ DQS= bank = 0 row = 2000 col = 000000fb data = 0000
tb_g14_scale_n256_mig.gen_mem[0].u_comp_ddr3.data_task: at time 135295966.0 ps INFO: READ @ DQS= bank = 0 row = 2000 col = 000000fc data = 007e
tb_g14_scale_n256_mig.gen_mem[0].u_comp_ddr3.data_task: at time 135297466.0 ps INFO: READ @ DQS= bank = 0 row = 2000 col = 000000fd data = 0000
tb_g14_scale_n256_mig.gen_mem[0].u_comp_ddr3.data_task: at time 135298966.0 ps INFO: READ @ DQS= bank = 0 row = 2000 col = 000000fe data = 007f
tb_g14_scale_n256_mig.gen_mem[0].u_comp_ddr3.data_task: at time 135300466.0 ps INFO: READ @ DQS= bank = 0 row = 2000 col = 000000ff data = 0000
tb_g14_scale_n256_mig.gen_mem[0].u_comp_ddr3.cmd_task: at time 135327466.0 ps INFO: Precharge bank   0
tb_g14_scale_n256_mig.gen_mem[0].u_comp_ddr3.cmd_task: at time 136233466.0 ps INFO: Activate  bank 0 row 2000
tb_g14_scale_n256_mig.gen_mem[0].u_comp_ddr3.cmd_task: at time 136248466.0 ps INFO: Read      bank 0 col 0f8, auto precharge 0
tb_g14_scale_n256_mig.gen_mem[0].u_comp_ddr3.cmd_task: at time 136260466.0 ps INFO: Read      bank 0 col 0f8, auto precharge 0
tb_g14_scale_n256_mig.gen_mem[0].u_comp_ddr3.data_task: at time 136261966.0 ps INFO: READ @ DQS= bank = 0 row = 2000 col = 000000f8 data = 007c
tb_g14_scale_n256_mig.gen_mem[0].u_comp_ddr3.data_task: at time 136263466.0 ps INFO: READ @ DQS= bank = 0 row = 2000 col = 000000f9 data = 0000
tb_g14_scale_n256_mig.gen_mem[0].u_comp_ddr3.data_task: at time 136264966.0 ps INFO: READ @ DQS= bank = 0 row = 2000 col = 000000fa data = 007d
tb_g14_scale_n256_mig.gen_mem[0].u_comp_ddr3.data_task: at time 136266466.0 ps INFO: READ @ DQS= bank = 0 row = 2000 col = 000000fb data = 0000
tb_g14_scale_n256_mig.gen_mem[0].u_comp_ddr3.data_task: at time 136267966.0 ps INFO: READ @ DQS= bank = 0 row = 2000 col = 000000fc data = 007e
tb_g14_scale_n256_mig.gen_mem[0].u_comp_ddr3.data_task: at time 136269466.0 ps INFO: READ @ DQS= bank = 0 row = 2000 col = 000000fd data = 0000
tb_g14_scale_n256_mig.gen_mem[0].u_comp_ddr3.data_task: at time 136270966.0 ps INFO: READ @ DQS= bank = 0 row = 2000 col = 000000fe data = 007f
tb_g14_scale_n256_mig.gen_mem[0].u_comp_ddr3.data_task: at time 136272466.0 ps INFO: READ @ DQS= bank = 0 row = 2000 col = 000000ff data = 0000
tb_g14_scale_n256_mig.gen_mem[0].u_comp_ddr3.data_task: at time 136273966.0 ps INFO: READ @ DQS= bank = 0 row = 2000 col = 000000f8 data = 007c
tb_g14_scale_n256_mig.gen_mem[0].u_comp_ddr3.data_task: at time 136275466.0 ps INFO: READ @ DQS= bank = 0 row = 2000 col = 000000f9 data = 0000
tb_g14_scale_n256_mig.gen_mem[0].u_comp_ddr3.data_task: at time 136276966.0 ps INFO: READ @ DQS= bank = 0 row = 2000 col = 000000fa data = 007d
tb_g14_scale_n256_mig.gen_mem[0].u_comp_ddr3.data_task: at time 136278466.0 ps INFO: READ @ DQS= bank = 0 row = 2000 col = 000000fb data = 0000
tb_g14_scale_n256_mig.gen_mem[0].u_comp_ddr3.data_task: at time 136279966.0 ps INFO: READ @ DQS= bank = 0 row = 2000 col = 000000fc data = 007e
tb_g14_scale_n256_mig.gen_mem[0].u_comp_ddr3.data_task: at time 136281466.0 ps INFO: READ @ DQS= bank = 0 row = 2000 col = 000000fd data = 0000
tb_g14_scale_n256_mig.gen_mem[0].u_comp_ddr3.data_task: at time 136282966.0 ps INFO: READ @ DQS= bank = 0 row = 2000 col = 000000fe data = 007f
tb_g14_scale_n256_mig.gen_mem[0].u_comp_ddr3.data_task: at time 136284466.0 ps INFO: READ @ DQS= bank = 0 row = 2000 col = 000000ff data = 0000
tb_g14_scale_n256_mig.gen_mem[0].u_comp_ddr3.cmd_task: at time 136311466.0 ps INFO: Precharge bank   0
tb_g14_scale_n256_mig.gen_mem[0].u_comp_ddr3.cmd_task: at time 137193466.0 ps INFO: Refresh  
tb_g14_scale_n256_mig.gen_mem[0].u_comp_ddr3.cmd_task: at time 137361466.0 ps INFO: Activate  bank 0 row 2000
tb_g14_scale_n256_mig.gen_mem[0].u_comp_ddr3.cmd_task: at time 137376466.0 ps INFO: Read      bank 0 col 0f8, auto precharge 0
tb_g14_scale_n256_mig.gen_mem[0].u_comp_ddr3.cmd_task: at time 137388466.0 ps INFO: Read      bank 0 col 0f8, auto precharge 0
tb_g14_scale_n256_mig.gen_mem[0].u_comp_ddr3.data_task: at time 137389966.0 ps INFO: READ @ DQS= bank = 0 row = 2000 col = 000000f8 data = 007c
tb_g14_scale_n256_mig.gen_mem[0].u_comp_ddr3.data_task: at time 137391466.0 ps INFO: READ @ DQS= bank = 0 row = 2000 col = 000000f9 data = 0000
tb_g14_scale_n256_mig.gen_mem[0].u_comp_ddr3.data_task: at time 137392966.0 ps INFO: READ @ DQS= bank = 0 row = 2000 col = 000000fa data = 007d
tb_g14_scale_n256_mig.gen_mem[0].u_comp_ddr3.data_task: at time 137394466.0 ps INFO: READ @ DQS= bank = 0 row = 2000 col = 000000fb data = 0000
tb_g14_scale_n256_mig.gen_mem[0].u_comp_ddr3.data_task: at time 137395966.0 ps INFO: READ @ DQS= bank = 0 row = 2000 col = 000000fc data = 007e
tb_g14_scale_n256_mig.gen_mem[0].u_comp_ddr3.data_task: at time 137397466.0 ps INFO: READ @ DQS= bank = 0 row = 2000 col = 000000fd data = 0000
tb_g14_scale_n256_mig.gen_mem[0].u_comp_ddr3.data_task: at time 137398966.0 ps INFO: READ @ DQS= bank = 0 row = 2000 col = 000000fe data = 007f
tb_g14_scale_n256_mig.gen_mem[0].u_comp_ddr3.data_task: at time 137400466.0 ps INFO: READ @ DQS= bank = 0 row = 2000 col = 000000ff data = 0000
tb_g14_scale_n256_mig.gen_mem[0].u_comp_ddr3.data_task: at time 137401966.0 ps INFO: READ @ DQS= bank = 0 row = 2000 col = 000000f8 data = 007c
tb_g14_scale_n256_mig.gen_mem[0].u_comp_ddr3.data_task: at time 137403466.0 ps INFO: READ @ DQS= bank = 0 row = 2000 col = 000000f9 data = 0000
tb_g14_scale_n256_mig.gen_mem[0].u_comp_ddr3.data_task: at time 137404966.0 ps INFO: READ @ DQS= bank = 0 row = 2000 col = 000000fa data = 007d
tb_g14_scale_n256_mig.gen_mem[0].u_comp_ddr3.data_task: at time 137406466.0 ps INFO: READ @ DQS= bank = 0 row = 2000 col = 000000fb data = 0000
tb_g14_scale_n256_mig.gen_mem[0].u_comp_ddr3.data_task: at time 137407966.0 ps INFO: READ @ DQS= bank = 0 row = 2000 col = 000000fc data = 007e
tb_g14_scale_n256_mig.gen_mem[0].u_comp_ddr3.data_task: at time 137409466.0 ps INFO: READ @ DQS= bank = 0 row = 2000 col = 000000fd data = 0000
tb_g14_scale_n256_mig.gen_mem[0].u_comp_ddr3.data_task: at time 137410966.0 ps INFO: READ @ DQS= bank = 0 row = 2000 col = 000000fe data = 007f
tb_g14_scale_n256_mig.gen_mem[0].u_comp_ddr3.data_task: at time 137412466.0 ps INFO: READ @ DQS= bank = 0 row = 2000 col = 000000ff data = 0000
tb_g14_scale_n256_mig.gen_mem[0].u_comp_ddr3.cmd_task: at time 137439466.0 ps INFO: Precharge bank   0
tb_g14_scale_n256_mig.gen_mem[0].u_comp_ddr3.cmd_task: at time 138285466.0 ps INFO: Activate  bank 0 row 2000
tb_g14_scale_n256_mig.gen_mem[0].u_comp_ddr3.cmd_task: at time 138300466.0 ps INFO: Read      bank 0 col 100, auto precharge 0
tb_g14_scale_n256_mig.gen_mem[0].u_comp_ddr3.cmd_task: at time 138312466.0 ps INFO: Read      bank 0 col 108, auto precharge 0
tb_g14_scale_n256_mig.gen_mem[0].u_comp_ddr3.data_task: at time 138313966.0 ps INFO: READ @ DQS= bank = 0 row = 2000 col = 00000100 data = 0080
tb_g14_scale_n256_mig.gen_mem[0].u_comp_ddr3.data_task: at time 138315466.0 ps INFO: READ @ DQS= bank = 0 row = 2000 col = 00000101 data = 0000
tb_g14_scale_n256_mig.gen_mem[0].u_comp_ddr3.data_task: at time 138316966.0 ps INFO: READ @ DQS= bank = 0 row = 2000 col = 00000102 data = 0081
tb_g14_scale_n256_mig.gen_mem[0].u_comp_ddr3.data_task: at time 138318466.0 ps INFO: READ @ DQS= bank = 0 row = 2000 col = 00000103 data = 0000
tb_g14_scale_n256_mig.gen_mem[0].u_comp_ddr3.data_task: at time 138319966.0 ps INFO: READ @ DQS= bank = 0 row = 2000 col = 00000104 data = 0082
tb_g14_scale_n256_mig.gen_mem[0].u_comp_ddr3.data_task: at time 138321466.0 ps INFO: READ @ DQS= bank = 0 row = 2000 col = 00000105 data = 0000
tb_g14_scale_n256_mig.gen_mem[0].u_comp_ddr3.data_task: at time 138322966.0 ps INFO: READ @ DQS= bank = 0 row = 2000 col = 00000106 data = 0083
tb_g14_scale_n256_mig.gen_mem[0].u_comp_ddr3.data_task: at time 138324466.0 ps INFO: READ @ DQS= bank = 0 row = 2000 col = 00000107 data = 0000
tb_g14_scale_n256_mig.gen_mem[0].u_comp_ddr3.cmd_task: at time 138324466.0 ps INFO: Read      bank 0 col 110, auto precharge 0
tb_g14_scale_n256_mig.gen_mem[0].u_comp_ddr3.data_task: at time 138325966.0 ps INFO: READ @ DQS= bank = 0 row = 2000 col = 00000108 data = 0084
tb_g14_scale_n256_mig.gen_mem[0].u_comp_ddr3.data_task: at time 138327466.0 ps INFO: READ @ DQS= bank = 0 row = 2000 col = 00000109 data = 0000
tb_g14_scale_n256_mig.gen_mem[0].u_comp_ddr3.data_task: at time 138328966.0 ps INFO: READ @ DQS= bank = 0 row = 2000 col = 0000010a data = 0085
tb_g14_scale_n256_mig.gen_mem[0].u_comp_ddr3.data_task: at time 138330466.0 ps INFO: READ @ DQS= bank = 0 row = 2000 col = 0000010b data = 0000
tb_g14_scale_n256_mig.gen_mem[0].u_comp_ddr3.data_task: at time 138331966.0 ps INFO: READ @ DQS= bank = 0 row = 2000 col = 0000010c data = 0086
tb_g14_scale_n256_mig.gen_mem[0].u_comp_ddr3.data_task: at time 138333466.0 ps INFO: READ @ DQS= bank = 0 row = 2000 col = 0000010d data = 0000
tb_g14_scale_n256_mig.gen_mem[0].u_comp_ddr3.data_task: at time 138334966.0 ps INFO: READ @ DQS= bank = 0 row = 2000 col = 0000010e data = 0087
tb_g14_scale_n256_mig.gen_mem[0].u_comp_ddr3.data_task: at time 138336466.0 ps INFO: READ @ DQS= bank = 0 row = 2000 col = 0000010f data = 0000
tb_g14_scale_n256_mig.gen_mem[0].u_comp_ddr3.cmd_task: at time 138336466.0 ps INFO: Read      bank 0 col 118, auto precharge 0
tb_g14_scale_n256_mig.gen_mem[0].u_comp_ddr3.data_task: at time 138337966.0 ps INFO: READ @ DQS= bank = 0 row = 2000 col = 00000110 data = 0088
tb_g14_scale_n256_mig.gen_mem[0].u_comp_ddr3.data_task: at time 138339466.0 ps INFO: READ @ DQS= bank = 0 row = 2000 col = 00000111 data = 0000
tb_g14_scale_n256_mig.gen_mem[0].u_comp_ddr3.data_task: at time 138340966.0 ps INFO: READ @ DQS= bank = 0 row = 2000 col = 00000112 data = 0089
tb_g14_scale_n256_mig.gen_mem[0].u_comp_ddr3.data_task: at time 138342466.0 ps INFO: READ @ DQS= bank = 0 row = 2000 col = 00000113 data = 0000
tb_g14_scale_n256_mig.gen_mem[0].u_comp_ddr3.data_task: at time 138343966.0 ps INFO: READ @ DQS= bank = 0 row = 2000 col = 00000114 data = 008a
tb_g14_scale_n256_mig.gen_mem[0].u_comp_ddr3.data_task: at time 138345466.0 ps INFO: READ @ DQS= bank = 0 row = 2000 col = 00000115 data = 0000
tb_g14_scale_n256_mig.gen_mem[0].u_comp_ddr3.data_task: at time 138346966.0 ps INFO: READ @ DQS= bank = 0 row = 2000 col = 00000116 data = 008b
tb_g14_scale_n256_mig.gen_mem[0].u_comp_ddr3.data_task: at time 138348466.0 ps INFO: READ @ DQS= bank = 0 row = 2000 col = 00000117 data = 0000
tb_g14_scale_n256_mig.gen_mem[0].u_comp_ddr3.cmd_task: at time 138348466.0 ps INFO: Read      bank 0 col 120, auto precharge 0
tb_g14_scale_n256_mig.gen_mem[0].u_comp_ddr3.data_task: at time 138349966.0 ps INFO: READ @ DQS= bank = 0 row = 2000 col = 00000118 data = 008c
tb_g14_scale_n256_mig.gen_mem[0].u_comp_ddr3.data_task: at time 138351466.0 ps INFO: READ @ DQS= bank = 0 row = 2000 col = 00000119 data = 0000
tb_g14_scale_n256_mig.gen_mem[0].u_comp_ddr3.data_task: at time 138352966.0 ps INFO: READ @ DQS= bank = 0 row = 2000 col = 0000011a data = 008d
tb_g14_scale_n256_mig.gen_mem[0].u_comp_ddr3.data_task: at time 138354466.0 ps INFO: READ @ DQS= bank = 0 row = 2000 col = 0000011b data = 0000
tb_g14_scale_n256_mig.gen_mem[0].u_comp_ddr3.data_task: at time 138355966.0 ps INFO: READ @ DQS= bank = 0 row = 2000 col = 0000011c data = 008e
tb_g14_scale_n256_mig.gen_mem[0].u_comp_ddr3.data_task: at time 138357466.0 ps INFO: READ @ DQS= bank = 0 row = 2000 col = 0000011d data = 0000
tb_g14_scale_n256_mig.gen_mem[0].u_comp_ddr3.data_task: at time 138358966.0 ps INFO: READ @ DQS= bank = 0 row = 2000 col = 0000011e data = 008f
tb_g14_scale_n256_mig.gen_mem[0].u_comp_ddr3.data_task: at time 138360466.0 ps INFO: READ @ DQS= bank = 0 row = 2000 col = 0000011f data = 0000
tb_g14_scale_n256_mig.gen_mem[0].u_comp_ddr3.cmd_task: at time 138360466.0 ps INFO: Read      bank 0 col 128, auto precharge 0
tb_g14_scale_n256_mig.gen_mem[0].u_comp_ddr3.data_task: at time 138361966.0 ps INFO: READ @ DQS= bank = 0 row = 2000 col = 00000120 data = 0090
tb_g14_scale_n256_mig.gen_mem[0].u_comp_ddr3.data_task: at time 138363466.0 ps INFO: READ @ DQS= bank = 0 row = 2000 col = 00000121 data = 0000
tb_g14_scale_n256_mig.gen_mem[0].u_comp_ddr3.data_task: at time 138364966.0 ps INFO: READ @ DQS= bank = 0 row = 2000 col = 00000122 data = 0091
tb_g14_scale_n256_mig.gen_mem[0].u_comp_ddr3.data_task: at time 138366466.0 ps INFO: READ @ DQS= bank = 0 row = 2000 col = 00000123 data = 0000
tb_g14_scale_n256_mig.gen_mem[0].u_comp_ddr3.data_task: at time 138367966.0 ps INFO: READ @ DQS= bank = 0 row = 2000 col = 00000124 data = 0092
tb_g14_scale_n256_mig.gen_mem[0].u_comp_ddr3.data_task: at time 138369466.0 ps INFO: READ @ DQS= bank = 0 row = 2000 col = 00000125 data = 0000
tb_g14_scale_n256_mig.gen_mem[0].u_comp_ddr3.data_task: at time 138370966.0 ps INFO: READ @ DQS= bank = 0 row = 2000 col = 00000126 data = 0093
tb_g14_scale_n256_mig.gen_mem[0].u_comp_ddr3.data_task: at time 138372466.0 ps INFO: READ @ DQS= bank = 0 row = 2000 col = 00000127 data = 0000
tb_g14_scale_n256_mig.gen_mem[0].u_comp_ddr3.cmd_task: at time 138372466.0 ps INFO: Read      bank 0 col 128, auto precharge 0
tb_g14_scale_n256_mig.gen_mem[0].u_comp_ddr3.data_task: at time 138373966.0 ps INFO: READ @ DQS= bank = 0 row = 2000 col = 00000128 data = 0094
tb_g14_scale_n256_mig.gen_mem[0].u_comp_ddr3.data_task: at time 138375466.0 ps INFO: READ @ DQS= bank = 0 row = 2000 col = 00000129 data = 0000
tb_g14_scale_n256_mig.gen_mem[0].u_comp_ddr3.data_task: at time 138376966.0 ps INFO: READ @ DQS= bank = 0 row = 2000 col = 0000012a data = 0095
tb_g14_scale_n256_mig.gen_mem[0].u_comp_ddr3.data_task: at time 138378466.0 ps INFO: READ @ DQS= bank = 0 row = 2000 col = 0000012b data = 0000
tb_g14_scale_n256_mig.gen_mem[0].u_comp_ddr3.data_task: at time 138379966.0 ps INFO: READ @ DQS= bank = 0 row = 2000 col = 0000012c data = 0096
tb_g14_scale_n256_mig.gen_mem[0].u_comp_ddr3.data_task: at time 138381466.0 ps INFO: READ @ DQS= bank = 0 row = 2000 col = 0000012d data = 0000
tb_g14_scale_n256_mig.gen_mem[0].u_comp_ddr3.data_task: at time 138382966.0 ps INFO: READ @ DQS= bank = 0 row = 2000 col = 0000012e data = 0097
tb_g14_scale_n256_mig.gen_mem[0].u_comp_ddr3.data_task: at time 138384466.0 ps INFO: READ @ DQS= bank = 0 row = 2000 col = 0000012f data = 0000
tb_g14_scale_n256_mig.gen_mem[0].u_comp_ddr3.cmd_task: at time 138384466.0 ps INFO: Read      bank 0 col 128, auto precharge 0
tb_g14_scale_n256_mig.gen_mem[0].u_comp_ddr3.data_task: at time 138385966.0 ps INFO: READ @ DQS= bank = 0 row = 2000 col = 00000128 data = 0094
tb_g14_scale_n256_mig.gen_mem[0].u_comp_ddr3.data_task: at time 138387466.0 ps INFO: READ @ DQS= bank = 0 row = 2000 col = 00000129 data = 0000
tb_g14_scale_n256_mig.gen_mem[0].u_comp_ddr3.data_task: at time 138388966.0 ps INFO: READ @ DQS= bank = 0 row = 2000 col = 0000012a data = 0095
tb_g14_scale_n256_mig.gen_mem[0].u_comp_ddr3.data_task: at time 138390466.0 ps INFO: READ @ DQS= bank = 0 row = 2000 col = 0000012b data = 0000
tb_g14_scale_n256_mig.gen_mem[0].u_comp_ddr3.data_task: at time 138391966.0 ps INFO: READ @ DQS= bank = 0 row = 2000 col = 0000012c data = 0096
tb_g14_scale_n256_mig.gen_mem[0].u_comp_ddr3.data_task: at time 138393466.0 ps INFO: READ @ DQS= bank = 0 row = 2000 col = 0000012d data = 0000
tb_g14_scale_n256_mig.gen_mem[0].u_comp_ddr3.data_task: at time 138394966.0 ps INFO: READ @ DQS= bank = 0 row = 2000 col = 0000012e data = 0097
tb_g14_scale_n256_mig.gen_mem[0].u_comp_ddr3.data_task: at time 138396466.0 ps INFO: READ @ DQS= bank = 0 row = 2000 col = 0000012f data = 0000
tb_g14_scale_n256_mig.gen_mem[0].u_comp_ddr3.cmd_task: at time 138396466.0 ps INFO: Read      bank 0 col 130, auto precharge 0
tb_g14_scale_n256_mig.gen_mem[0].u_comp_ddr3.data_task: at time 138397966.0 ps INFO: READ @ DQS= bank = 0 row = 2000 col = 00000128 data = 0094
tb_g14_scale_n256_mig.gen_mem[0].u_comp_ddr3.data_task: at time 138399466.0 ps INFO: READ @ DQS= bank = 0 row = 2000 col = 00000129 data = 0000
tb_g14_scale_n256_mig.gen_mem[0].u_comp_ddr3.data_task: at time 138400966.0 ps INFO: READ @ DQS= bank = 0 row = 2000 col = 0000012a data = 0095
tb_g14_scale_n256_mig.gen_mem[0].u_comp_ddr3.data_task: at time 138402466.0 ps INFO: READ @ DQS= bank = 0 row = 2000 col = 0000012b data = 0000
tb_g14_scale_n256_mig.gen_mem[0].u_comp_ddr3.data_task: at time 138403966.0 ps INFO: READ @ DQS= bank = 0 row = 2000 col = 0000012c data = 0096
tb_g14_scale_n256_mig.gen_mem[0].u_comp_ddr3.data_task: at time 138405466.0 ps INFO: READ @ DQS= bank = 0 row = 2000 col = 0000012d data = 0000
tb_g14_scale_n256_mig.gen_mem[0].u_comp_ddr3.data_task: at time 138406966.0 ps INFO: READ @ DQS= bank = 0 row = 2000 col = 0000012e data = 0097
tb_g14_scale_n256_mig.gen_mem[0].u_comp_ddr3.data_task: at time 138408466.0 ps INFO: READ @ DQS= bank = 0 row = 2000 col = 0000012f data = 0000
tb_g14_scale_n256_mig.gen_mem[0].u_comp_ddr3.cmd_task: at time 138408466.0 ps INFO: Read      bank 0 col 138, auto precharge 0
tb_g14_scale_n256_mig.gen_mem[0].u_comp_ddr3.data_task: at time 138409966.0 ps INFO: READ @ DQS= bank = 0 row = 2000 col = 00000130 data = 0098
tb_g14_scale_n256_mig.gen_mem[0].u_comp_ddr3.data_task: at time 138411466.0 ps INFO: READ @ DQS= bank = 0 row = 2000 col = 00000131 data = 0000
tb_g14_scale_n256_mig.gen_mem[0].u_comp_ddr3.data_task: at time 138412966.0 ps INFO: READ @ DQS= bank = 0 row = 2000 col = 00000132 data = 0099
tb_g14_scale_n256_mig.gen_mem[0].u_comp_ddr3.data_task: at time 138414466.0 ps INFO: READ @ DQS= bank = 0 row = 2000 col = 00000133 data = 0000
tb_g14_scale_n256_mig.gen_mem[0].u_comp_ddr3.data_task: at time 138415966.0 ps INFO: READ @ DQS= bank = 0 row = 2000 col = 00000134 data = 009a
tb_g14_scale_n256_mig.gen_mem[0].u_comp_ddr3.data_task: at time 138417466.0 ps INFO: READ @ DQS= bank = 0 row = 2000 col = 00000135 data = 0000
tb_g14_scale_n256_mig.gen_mem[0].u_comp_ddr3.data_task: at time 138418966.0 ps INFO: READ @ DQS= bank = 0 row = 2000 col = 00000136 data = 009b
tb_g14_scale_n256_mig.gen_mem[0].u_comp_ddr3.data_task: at time 138420466.0 ps INFO: READ @ DQS= bank = 0 row = 2000 col = 00000137 data = 0000
tb_g14_scale_n256_mig.gen_mem[0].u_comp_ddr3.cmd_task: at time 138420466.0 ps INFO: Read      bank 0 col 140, auto precharge 0
tb_g14_scale_n256_mig.gen_mem[0].u_comp_ddr3.data_task: at time 138421966.0 ps INFO: READ @ DQS= bank = 0 row = 2000 col = 00000138 data = 009c
tb_g14_scale_n256_mig.gen_mem[0].u_comp_ddr3.data_task: at time 138423466.0 ps INFO: READ @ DQS= bank = 0 row = 2000 col = 00000139 data = 0000
tb_g14_scale_n256_mig.gen_mem[0].u_comp_ddr3.data_task: at time 138424966.0 ps INFO: READ @ DQS= bank = 0 row = 2000 col = 0000013a data = 009d
tb_g14_scale_n256_mig.gen_mem[0].u_comp_ddr3.data_task: at time 138426466.0 ps INFO: READ @ DQS= bank = 0 row = 2000 col = 0000013b data = 0000
tb_g14_scale_n256_mig.gen_mem[0].u_comp_ddr3.data_task: at time 138427966.0 ps INFO: READ @ DQS= bank = 0 row = 2000 col = 0000013c data = 009e
tb_g14_scale_n256_mig.gen_mem[0].u_comp_ddr3.data_task: at time 138429466.0 ps INFO: READ @ DQS= bank = 0 row = 2000 col = 0000013d data = 0000
tb_g14_scale_n256_mig.gen_mem[0].u_comp_ddr3.data_task: at time 138430966.0 ps INFO: READ @ DQS= bank = 0 row = 2000 col = 0000013e data = 009f
tb_g14_scale_n256_mig.gen_mem[0].u_comp_ddr3.data_task: at time 138432466.0 ps INFO: READ @ DQS= bank = 0 row = 2000 col = 0000013f data = 0000
tb_g14_scale_n256_mig.gen_mem[0].u_comp_ddr3.cmd_task: at time 138432466.0 ps INFO: Read      bank 0 col 148, auto precharge 0
tb_g14_scale_n256_mig.gen_mem[0].u_comp_ddr3.data_task: at time 138433966.0 ps INFO: READ @ DQS= bank = 0 row = 2000 col = 00000140 data = 00a0
tb_g14_scale_n256_mig.gen_mem[0].u_comp_ddr3.data_task: at time 138435466.0 ps INFO: READ @ DQS= bank = 0 row = 2000 col = 00000141 data = 0000
tb_g14_scale_n256_mig.gen_mem[0].u_comp_ddr3.data_task: at time 138436966.0 ps INFO: READ @ DQS= bank = 0 row = 2000 col = 00000142 data = 00a1
tb_g14_scale_n256_mig.gen_mem[0].u_comp_ddr3.data_task: at time 138438466.0 ps INFO: READ @ DQS= bank = 0 row = 2000 col = 00000143 data = 0000
tb_g14_scale_n256_mig.gen_mem[0].u_comp_ddr3.data_task: at time 138439966.0 ps INFO: READ @ DQS= bank = 0 row = 2000 col = 00000144 data = 00a2
tb_g14_scale_n256_mig.gen_mem[0].u_comp_ddr3.data_task: at time 138441466.0 ps INFO: READ @ DQS= bank = 0 row = 2000 col = 00000145 data = 0000
tb_g14_scale_n256_mig.gen_mem[0].u_comp_ddr3.data_task: at time 138442966.0 ps INFO: READ @ DQS= bank = 0 row = 2000 col = 00000146 data = 00a3
tb_g14_scale_n256_mig.gen_mem[0].u_comp_ddr3.data_task: at time 138444466.0 ps INFO: READ @ DQS= bank = 0 row = 2000 col = 00000147 data = 0000
tb_g14_scale_n256_mig.gen_mem[0].u_comp_ddr3.cmd_task: at time 138444466.0 ps INFO: Read      bank 0 col 150, auto precharge 0
tb_g14_scale_n256_mig.gen_mem[0].u_comp_ddr3.data_task: at time 138445966.0 ps INFO: READ @ DQS= bank = 0 row = 2000 col = 00000148 data = 00a4
tb_g14_scale_n256_mig.gen_mem[0].u_comp_ddr3.data_task: at time 138447466.0 ps INFO: READ @ DQS= bank = 0 row = 2000 col = 00000149 data = 0000
tb_g14_scale_n256_mig.gen_mem[0].u_comp_ddr3.data_task: at time 138448966.0 ps INFO: READ @ DQS= bank = 0 row = 2000 col = 0000014a data = 00a5
tb_g14_scale_n256_mig.gen_mem[0].u_comp_ddr3.data_task: at time 138450466.0 ps INFO: READ @ DQS= bank = 0 row = 2000 col = 0000014b data = 0000
tb_g14_scale_n256_mig.gen_mem[0].u_comp_ddr3.data_task: at time 138451966.0 ps INFO: READ @ DQS= bank = 0 row = 2000 col = 0000014c data = 00a6
tb_g14_scale_n256_mig.gen_mem[0].u_comp_ddr3.data_task: at time 138453466.0 ps INFO: READ @ DQS= bank = 0 row = 2000 col = 0000014d data = 0000
tb_g14_scale_n256_mig.gen_mem[0].u_comp_ddr3.data_task: at time 138454966.0 ps INFO: READ @ DQS= bank = 0 row = 2000 col = 0000014e data = 00a7
tb_g14_scale_n256_mig.gen_mem[0].u_comp_ddr3.data_task: at time 138456466.0 ps INFO: READ @ DQS= bank = 0 row = 2000 col = 0000014f data = 0000
tb_g14_scale_n256_mig.gen_mem[0].u_comp_ddr3.cmd_task: at time 138456466.0 ps INFO: Read      bank 0 col 158, auto precharge 0
tb_g14_scale_n256_mig.gen_mem[0].u_comp_ddr3.data_task: at time 138457966.0 ps INFO: READ @ DQS= bank = 0 row = 2000 col = 00000150 data = 00a8
tb_g14_scale_n256_mig.gen_mem[0].u_comp_ddr3.data_task: at time 138459466.0 ps INFO: READ @ DQS= bank = 0 row = 2000 col = 00000151 data = 0000
tb_g14_scale_n256_mig.gen_mem[0].u_comp_ddr3.data_task: at time 138460966.0 ps INFO: READ @ DQS= bank = 0 row = 2000 col = 00000152 data = 00a9
tb_g14_scale_n256_mig.gen_mem[0].u_comp_ddr3.data_task: at time 138462466.0 ps INFO: READ @ DQS= bank = 0 row = 2000 col = 00000153 data = 0000
tb_g14_scale_n256_mig.gen_mem[0].u_comp_ddr3.data_task: at time 138463966.0 ps INFO: READ @ DQS= bank = 0 row = 2000 col = 00000154 data = 00aa
tb_g14_scale_n256_mig.gen_mem[0].u_comp_ddr3.data_task: at time 138465466.0 ps INFO: READ @ DQS= bank = 0 row = 2000 col = 00000155 data = 0000
tb_g14_scale_n256_mig.gen_mem[0].u_comp_ddr3.data_task: at time 138466966.0 ps INFO: READ @ DQS= bank = 0 row = 2000 col = 00000156 data = 00ab
tb_g14_scale_n256_mig.gen_mem[0].u_comp_ddr3.data_task: at time 138468466.0 ps INFO: READ @ DQS= bank = 0 row = 2000 col = 00000157 data = 0000
tb_g14_scale_n256_mig.gen_mem[0].u_comp_ddr3.cmd_task: at time 138468466.0 ps INFO: Read      bank 0 col 160, auto precharge 0
tb_g14_scale_n256_mig.gen_mem[0].u_comp_ddr3.data_task: at time 138469966.0 ps INFO: READ @ DQS= bank = 0 row = 2000 col = 00000158 data = 00ac
tb_g14_scale_n256_mig.gen_mem[0].u_comp_ddr3.data_task: at time 138471466.0 ps INFO: READ @ DQS= bank = 0 row = 2000 col = 00000159 data = 0000
tb_g14_scale_n256_mig.gen_mem[0].u_comp_ddr3.data_task: at time 138472966.0 ps INFO: READ @ DQS= bank = 0 row = 2000 col = 0000015a data = 00ad
tb_g14_scale_n256_mig.gen_mem[0].u_comp_ddr3.data_task: at time 138474466.0 ps INFO: READ @ DQS= bank = 0 row = 2000 col = 0000015b data = 0000
tb_g14_scale_n256_mig.gen_mem[0].u_comp_ddr3.data_task: at time 138475966.0 ps INFO: READ @ DQS= bank = 0 row = 2000 col = 0000015c data = 00ae
tb_g14_scale_n256_mig.gen_mem[0].u_comp_ddr3.data_task: at time 138477466.0 ps INFO: READ @ DQS= bank = 0 row = 2000 col = 0000015d data = 0000
tb_g14_scale_n256_mig.gen_mem[0].u_comp_ddr3.data_task: at time 138478966.0 ps INFO: READ @ DQS= bank = 0 row = 2000 col = 0000015e data = 00af
tb_g14_scale_n256_mig.gen_mem[0].u_comp_ddr3.data_task: at time 138480466.0 ps INFO: READ @ DQS= bank = 0 row = 2000 col = 0000015f data = 0000
tb_g14_scale_n256_mig.gen_mem[0].u_comp_ddr3.cmd_task: at time 138480466.0 ps INFO: Read      bank 0 col 168, auto precharge 0
tb_g14_scale_n256_mig.gen_mem[0].u_comp_ddr3.data_task: at time 138481966.0 ps INFO: READ @ DQS= bank = 0 row = 2000 col = 00000160 data = 00b0
tb_g14_scale_n256_mig.gen_mem[0].u_comp_ddr3.data_task: at time 138483466.0 ps INFO: READ @ DQS= bank = 0 row = 2000 col = 00000161 data = 0000
tb_g14_scale_n256_mig.gen_mem[0].u_comp_ddr3.data_task: at time 138484966.0 ps INFO: READ @ DQS= bank = 0 row = 2000 col = 00000162 data = 00b1
tb_g14_scale_n256_mig.gen_mem[0].u_comp_ddr3.data_task: at time 138486466.0 ps INFO: READ @ DQS= bank = 0 row = 2000 col = 00000163 data = 0000
tb_g14_scale_n256_mig.gen_mem[0].u_comp_ddr3.data_task: at time 138487966.0 ps INFO: READ @ DQS= bank = 0 row = 2000 col = 00000164 data = 00b2
tb_g14_scale_n256_mig.gen_mem[0].u_comp_ddr3.data_task: at time 138489466.0 ps INFO: READ @ DQS= bank = 0 row = 2000 col = 00000165 data = 0000
tb_g14_scale_n256_mig.gen_mem[0].u_comp_ddr3.data_task: at time 138490966.0 ps INFO: READ @ DQS= bank = 0 row = 2000 col = 00000166 data = 00b3
tb_g14_scale_n256_mig.gen_mem[0].u_comp_ddr3.data_task: at time 138492466.0 ps INFO: READ @ DQS= bank = 0 row = 2000 col = 00000167 data = 0000
tb_g14_scale_n256_mig.gen_mem[0].u_comp_ddr3.cmd_task: at time 138492466.0 ps INFO: Read      bank 0 col 170, auto precharge 0
tb_g14_scale_n256_mig.gen_mem[0].u_comp_ddr3.data_task: at time 138493966.0 ps INFO: READ @ DQS= bank = 0 row = 2000 col = 00000168 data = 00b4
tb_g14_scale_n256_mig.gen_mem[0].u_comp_ddr3.data_task: at time 138495466.0 ps INFO: READ @ DQS= bank = 0 row = 2000 col = 00000169 data = 0000
tb_g14_scale_n256_mig.gen_mem[0].u_comp_ddr3.data_task: at time 138496966.0 ps INFO: READ @ DQS= bank = 0 row = 2000 col = 0000016a data = 00b5
tb_g14_scale_n256_mig.gen_mem[0].u_comp_ddr3.data_task: at time 138498466.0 ps INFO: READ @ DQS= bank = 0 row = 2000 col = 0000016b data = 0000
tb_g14_scale_n256_mig.gen_mem[0].u_comp_ddr3.data_task: at time 138499966.0 ps INFO: READ @ DQS= bank = 0 row = 2000 col = 0000016c data = 00b6
tb_g14_scale_n256_mig.gen_mem[0].u_comp_ddr3.data_task: at time 138501466.0 ps INFO: READ @ DQS= bank = 0 row = 2000 col = 0000016d data = 0000
tb_g14_scale_n256_mig.gen_mem[0].u_comp_ddr3.data_task: at time 138502966.0 ps INFO: READ @ DQS= bank = 0 row = 2000 col = 0000016e data = 00b7
tb_g14_scale_n256_mig.gen_mem[0].u_comp_ddr3.data_task: at time 138504466.0 ps INFO: READ @ DQS= bank = 0 row = 2000 col = 0000016f data = 0000
tb_g14_scale_n256_mig.gen_mem[0].u_comp_ddr3.cmd_task: at time 138504466.0 ps INFO: Read      bank 0 col 178, auto precharge 0
tb_g14_scale_n256_mig.gen_mem[0].u_comp_ddr3.data_task: at time 138505966.0 ps INFO: READ @ DQS= bank = 0 row = 2000 col = 00000170 data = 00b8
tb_g14_scale_n256_mig.gen_mem[0].u_comp_ddr3.data_task: at time 138507466.0 ps INFO: READ @ DQS= bank = 0 row = 2000 col = 00000171 data = 0000
tb_g14_scale_n256_mig.gen_mem[0].u_comp_ddr3.data_task: at time 138508966.0 ps INFO: READ @ DQS= bank = 0 row = 2000 col = 00000172 data = 00b9
tb_g14_scale_n256_mig.gen_mem[0].u_comp_ddr3.data_task: at time 138510466.0 ps INFO: READ @ DQS= bank = 0 row = 2000 col = 00000173 data = 0000
tb_g14_scale_n256_mig.gen_mem[0].u_comp_ddr3.data_task: at time 138511966.0 ps INFO: READ @ DQS= bank = 0 row = 2000 col = 00000174 data = 00ba
tb_g14_scale_n256_mig.gen_mem[0].u_comp_ddr3.data_task: at time 138513466.0 ps INFO: READ @ DQS= bank = 0 row = 2000 col = 00000175 data = 0000
tb_g14_scale_n256_mig.gen_mem[0].u_comp_ddr3.data_task: at time 138514966.0 ps INFO: READ @ DQS= bank = 0 row = 2000 col = 00000176 data = 00bb
tb_g14_scale_n256_mig.gen_mem[0].u_comp_ddr3.data_task: at time 138516466.0 ps INFO: READ @ DQS= bank = 0 row = 2000 col = 00000177 data = 0000
tb_g14_scale_n256_mig.gen_mem[0].u_comp_ddr3.data_task: at time 138517966.0 ps INFO: READ @ DQS= bank = 0 row = 2000 col = 00000178 data = 00bc
tb_g14_scale_n256_mig.gen_mem[0].u_comp_ddr3.data_task: at time 138519466.0 ps INFO: READ @ DQS= bank = 0 row = 2000 col = 00000179 data = 0000
tb_g14_scale_n256_mig.gen_mem[0].u_comp_ddr3.data_task: at time 138520966.0 ps INFO: READ @ DQS= bank = 0 row = 2000 col = 0000017a data = 00bd
tb_g14_scale_n256_mig.gen_mem[0].u_comp_ddr3.data_task: at time 138522466.0 ps INFO: READ @ DQS= bank = 0 row = 2000 col = 0000017b data = 0000
tb_g14_scale_n256_mig.gen_mem[0].u_comp_ddr3.data_task: at time 138523966.0 ps INFO: READ @ DQS= bank = 0 row = 2000 col = 0000017c data = 00be
tb_g14_scale_n256_mig.gen_mem[0].u_comp_ddr3.data_task: at time 138525466.0 ps INFO: READ @ DQS= bank = 0 row = 2000 col = 0000017d data = 0000
tb_g14_scale_n256_mig.gen_mem[0].u_comp_ddr3.data_task: at time 138526966.0 ps INFO: READ @ DQS= bank = 0 row = 2000 col = 0000017e data = 00bf
tb_g14_scale_n256_mig.gen_mem[0].u_comp_ddr3.data_task: at time 138528466.0 ps INFO: READ @ DQS= bank = 0 row = 2000 col = 0000017f data = 0000
tb_g14_scale_n256_mig.gen_mem[0].u_comp_ddr3.cmd_task: at time 138555466.0 ps INFO: Precharge bank   0
tb_g14_scale_n256_mig.gen_mem[0].u_comp_ddr3.cmd_task: at time 139497466.0 ps INFO: Activate  bank 0 row 2000
tb_g14_scale_n256_mig.gen_mem[0].u_comp_ddr3.cmd_task: at time 139512466.0 ps INFO: Read      bank 0 col 178, auto precharge 0
tb_g14_scale_n256_mig.gen_mem[0].u_comp_ddr3.cmd_task: at time 139524466.0 ps INFO: Read      bank 0 col 178, auto precharge 0
tb_g14_scale_n256_mig.gen_mem[0].u_comp_ddr3.data_task: at time 139525966.0 ps INFO: READ @ DQS= bank = 0 row = 2000 col = 00000178 data = 00bc
tb_g14_scale_n256_mig.gen_mem[0].u_comp_ddr3.data_task: at time 139527466.0 ps INFO: READ @ DQS= bank = 0 row = 2000 col = 00000179 data = 0000
tb_g14_scale_n256_mig.gen_mem[0].u_comp_ddr3.data_task: at time 139528966.0 ps INFO: READ @ DQS= bank = 0 row = 2000 col = 0000017a data = 00bd
tb_g14_scale_n256_mig.gen_mem[0].u_comp_ddr3.data_task: at time 139530466.0 ps INFO: READ @ DQS= bank = 0 row = 2000 col = 0000017b data = 0000
tb_g14_scale_n256_mig.gen_mem[0].u_comp_ddr3.data_task: at time 139531966.0 ps INFO: READ @ DQS= bank = 0 row = 2000 col = 0000017c data = 00be
tb_g14_scale_n256_mig.gen_mem[0].u_comp_ddr3.data_task: at time 139533466.0 ps INFO: READ @ DQS= bank = 0 row = 2000 col = 0000017d data = 0000
tb_g14_scale_n256_mig.gen_mem[0].u_comp_ddr3.data_task: at time 139534966.0 ps INFO: READ @ DQS= bank = 0 row = 2000 col = 0000017e data = 00bf
tb_g14_scale_n256_mig.gen_mem[0].u_comp_ddr3.data_task: at time 139536466.0 ps INFO: READ @ DQS= bank = 0 row = 2000 col = 0000017f data = 0000
tb_g14_scale_n256_mig.gen_mem[0].u_comp_ddr3.data_task: at time 139537966.0 ps INFO: READ @ DQS= bank = 0 row = 2000 col = 00000178 data = 00bc
tb_g14_scale_n256_mig.gen_mem[0].u_comp_ddr3.data_task: at time 139539466.0 ps INFO: READ @ DQS= bank = 0 row = 2000 col = 00000179 data = 0000
tb_g14_scale_n256_mig.gen_mem[0].u_comp_ddr3.data_task: at time 139540966.0 ps INFO: READ @ DQS= bank = 0 row = 2000 col = 0000017a data = 00bd
tb_g14_scale_n256_mig.gen_mem[0].u_comp_ddr3.data_task: at time 139542466.0 ps INFO: READ @ DQS= bank = 0 row = 2000 col = 0000017b data = 0000
tb_g14_scale_n256_mig.gen_mem[0].u_comp_ddr3.data_task: at time 139543966.0 ps INFO: READ @ DQS= bank = 0 row = 2000 col = 0000017c data = 00be
tb_g14_scale_n256_mig.gen_mem[0].u_comp_ddr3.data_task: at time 139545466.0 ps INFO: READ @ DQS= bank = 0 row = 2000 col = 0000017d data = 0000
tb_g14_scale_n256_mig.gen_mem[0].u_comp_ddr3.data_task: at time 139546966.0 ps INFO: READ @ DQS= bank = 0 row = 2000 col = 0000017e data = 00bf
tb_g14_scale_n256_mig.gen_mem[0].u_comp_ddr3.data_task: at time 139548466.0 ps INFO: READ @ DQS= bank = 0 row = 2000 col = 0000017f data = 0000
tb_g14_scale_n256_mig.gen_mem[0].u_comp_ddr3.cmd_task: at time 139575466.0 ps INFO: Precharge bank   0
tb_g14_scale_n256_mig.gen_mem[0].u_comp_ddr3.cmd_task: at time 140457466.0 ps INFO: Activate  bank 0 row 2000
tb_g14_scale_n256_mig.gen_mem[0].u_comp_ddr3.cmd_task: at time 140472466.0 ps INFO: Read      bank 0 col 178, auto precharge 0
tb_g14_scale_n256_mig.gen_mem[0].u_comp_ddr3.cmd_task: at time 140484466.0 ps INFO: Read      bank 0 col 178, auto precharge 0
tb_g14_scale_n256_mig.gen_mem[0].u_comp_ddr3.data_task: at time 140485966.0 ps INFO: READ @ DQS= bank = 0 row = 2000 col = 00000178 data = 00bc
tb_g14_scale_n256_mig.gen_mem[0].u_comp_ddr3.data_task: at time 140487466.0 ps INFO: READ @ DQS= bank = 0 row = 2000 col = 00000179 data = 0000
tb_g14_scale_n256_mig.gen_mem[0].u_comp_ddr3.data_task: at time 140488966.0 ps INFO: READ @ DQS= bank = 0 row = 2000 col = 0000017a data = 00bd
tb_g14_scale_n256_mig.gen_mem[0].u_comp_ddr3.data_task: at time 140490466.0 ps INFO: READ @ DQS= bank = 0 row = 2000 col = 0000017b data = 0000
tb_g14_scale_n256_mig.gen_mem[0].u_comp_ddr3.data_task: at time 140491966.0 ps INFO: READ @ DQS= bank = 0 row = 2000 col = 0000017c data = 00be
tb_g14_scale_n256_mig.gen_mem[0].u_comp_ddr3.data_task: at time 140493466.0 ps INFO: READ @ DQS= bank = 0 row = 2000 col = 0000017d data = 0000
tb_g14_scale_n256_mig.gen_mem[0].u_comp_ddr3.data_task: at time 140494966.0 ps INFO: READ @ DQS= bank = 0 row = 2000 col = 0000017e data = 00bf
tb_g14_scale_n256_mig.gen_mem[0].u_comp_ddr3.data_task: at time 140496466.0 ps INFO: READ @ DQS= bank = 0 row = 2000 col = 0000017f data = 0000
tb_g14_scale_n256_mig.gen_mem[0].u_comp_ddr3.data_task: at time 140497966.0 ps INFO: READ @ DQS= bank = 0 row = 2000 col = 00000178 data = 00bc
tb_g14_scale_n256_mig.gen_mem[0].u_comp_ddr3.data_task: at time 140499466.0 ps INFO: READ @ DQS= bank = 0 row = 2000 col = 00000179 data = 0000
tb_g14_scale_n256_mig.gen_mem[0].u_comp_ddr3.data_task: at time 140500966.0 ps INFO: READ @ DQS= bank = 0 row = 2000 col = 0000017a data = 00bd
tb_g14_scale_n256_mig.gen_mem[0].u_comp_ddr3.data_task: at time 140502466.0 ps INFO: READ @ DQS= bank = 0 row = 2000 col = 0000017b data = 0000
tb_g14_scale_n256_mig.gen_mem[0].u_comp_ddr3.data_task: at time 140503966.0 ps INFO: READ @ DQS= bank = 0 row = 2000 col = 0000017c data = 00be
tb_g14_scale_n256_mig.gen_mem[0].u_comp_ddr3.data_task: at time 140505466.0 ps INFO: READ @ DQS= bank = 0 row = 2000 col = 0000017d data = 0000
tb_g14_scale_n256_mig.gen_mem[0].u_comp_ddr3.data_task: at time 140506966.0 ps INFO: READ @ DQS= bank = 0 row = 2000 col = 0000017e data = 00bf
tb_g14_scale_n256_mig.gen_mem[0].u_comp_ddr3.data_task: at time 140508466.0 ps INFO: READ @ DQS= bank = 0 row = 2000 col = 0000017f data = 0000
tb_g14_scale_n256_mig.gen_mem[0].u_comp_ddr3.cmd_task: at time 140535466.0 ps INFO: Precharge bank   0
tb_g14_scale_n256_mig.gen_mem[0].u_comp_ddr3.cmd_task: at time 141417466.0 ps INFO: Activate  bank 0 row 2000
tb_g14_scale_n256_mig.gen_mem[0].u_comp_ddr3.cmd_task: at time 141432466.0 ps INFO: Read      bank 0 col 178, auto precharge 0
tb_g14_scale_n256_mig.gen_mem[0].u_comp_ddr3.cmd_task: at time 141444466.0 ps INFO: Read      bank 0 col 178, auto precharge 0
tb_g14_scale_n256_mig.gen_mem[0].u_comp_ddr3.data_task: at time 141445966.0 ps INFO: READ @ DQS= bank = 0 row = 2000 col = 00000178 data = 00bc
tb_g14_scale_n256_mig.gen_mem[0].u_comp_ddr3.data_task: at time 141447466.0 ps INFO: READ @ DQS= bank = 0 row = 2000 col = 00000179 data = 0000
tb_g14_scale_n256_mig.gen_mem[0].u_comp_ddr3.data_task: at time 141448966.0 ps INFO: READ @ DQS= bank = 0 row = 2000 col = 0000017a data = 00bd
tb_g14_scale_n256_mig.gen_mem[0].u_comp_ddr3.data_task: at time 141450466.0 ps INFO: READ @ DQS= bank = 0 row = 2000 col = 0000017b data = 0000
tb_g14_scale_n256_mig.gen_mem[0].u_comp_ddr3.data_task: at time 141451966.0 ps INFO: READ @ DQS= bank = 0 row = 2000 col = 0000017c data = 00be
tb_g14_scale_n256_mig.gen_mem[0].u_comp_ddr3.data_task: at time 141453466.0 ps INFO: READ @ DQS= bank = 0 row = 2000 col = 0000017d data = 0000
tb_g14_scale_n256_mig.gen_mem[0].u_comp_ddr3.data_task: at time 141454966.0 ps INFO: READ @ DQS= bank = 0 row = 2000 col = 0000017e data = 00bf
tb_g14_scale_n256_mig.gen_mem[0].u_comp_ddr3.data_task: at time 141456466.0 ps INFO: READ @ DQS= bank = 0 row = 2000 col = 0000017f data = 0000
tb_g14_scale_n256_mig.gen_mem[0].u_comp_ddr3.data_task: at time 141457966.0 ps INFO: READ @ DQS= bank = 0 row = 2000 col = 00000178 data = 00bc
tb_g14_scale_n256_mig.gen_mem[0].u_comp_ddr3.data_task: at time 141459466.0 ps INFO: READ @ DQS= bank = 0 row = 2000 col = 00000179 data = 0000
tb_g14_scale_n256_mig.gen_mem[0].u_comp_ddr3.data_task: at time 141460966.0 ps INFO: READ @ DQS= bank = 0 row = 2000 col = 0000017a data = 00bd
tb_g14_scale_n256_mig.gen_mem[0].u_comp_ddr3.data_task: at time 141462466.0 ps INFO: READ @ DQS= bank = 0 row = 2000 col = 0000017b data = 0000
tb_g14_scale_n256_mig.gen_mem[0].u_comp_ddr3.data_task: at time 141463966.0 ps INFO: READ @ DQS= bank = 0 row = 2000 col = 0000017c data = 00be
tb_g14_scale_n256_mig.gen_mem[0].u_comp_ddr3.data_task: at time 141465466.0 ps INFO: READ @ DQS= bank = 0 row = 2000 col = 0000017d data = 0000
tb_g14_scale_n256_mig.gen_mem[0].u_comp_ddr3.data_task: at time 141466966.0 ps INFO: READ @ DQS= bank = 0 row = 2000 col = 0000017e data = 00bf
tb_g14_scale_n256_mig.gen_mem[0].u_comp_ddr3.data_task: at time 141468466.0 ps INFO: READ @ DQS= bank = 0 row = 2000 col = 0000017f data = 0000
tb_g14_scale_n256_mig.gen_mem[0].u_comp_ddr3.cmd_task: at time 141495466.0 ps INFO: Precharge bank   0
tb_g14_scale_n256_mig.gen_mem[0].u_comp_ddr3.cmd_task: at time 141525466.0 ps INFO: Activate  bank 0 row 2000
tb_g14_scale_n256_mig.gen_mem[0].u_comp_ddr3.cmd_task: at time 141540466.0 ps INFO: Read      bank 0 col 180, auto precharge 0
tb_g14_scale_n256_mig.gen_mem[0].u_comp_ddr3.cmd_task: at time 141552466.0 ps INFO: Read      bank 0 col 188, auto precharge 0
tb_g14_scale_n256_mig.gen_mem[0].u_comp_ddr3.data_task: at time 141553966.0 ps INFO: READ @ DQS= bank = 0 row = 2000 col = 00000180 data = 00c0
tb_g14_scale_n256_mig.gen_mem[0].u_comp_ddr3.data_task: at time 141555466.0 ps INFO: READ @ DQS= bank = 0 row = 2000 col = 00000181 data = 0000
tb_g14_scale_n256_mig.gen_mem[0].u_comp_ddr3.data_task: at time 141556966.0 ps INFO: READ @ DQS= bank = 0 row = 2000 col = 00000182 data = 00c1
tb_g14_scale_n256_mig.gen_mem[0].u_comp_ddr3.data_task: at time 141558466.0 ps INFO: READ @ DQS= bank = 0 row = 2000 col = 00000183 data = 0000
tb_g14_scale_n256_mig.gen_mem[0].u_comp_ddr3.data_task: at time 141559966.0 ps INFO: READ @ DQS= bank = 0 row = 2000 col = 00000184 data = 00c2
tb_g14_scale_n256_mig.gen_mem[0].u_comp_ddr3.data_task: at time 141561466.0 ps INFO: READ @ DQS= bank = 0 row = 2000 col = 00000185 data = 0000
tb_g14_scale_n256_mig.gen_mem[0].u_comp_ddr3.data_task: at time 141562966.0 ps INFO: READ @ DQS= bank = 0 row = 2000 col = 00000186 data = 00c3
tb_g14_scale_n256_mig.gen_mem[0].u_comp_ddr3.data_task: at time 141564466.0 ps INFO: READ @ DQS= bank = 0 row = 2000 col = 00000187 data = 0000
tb_g14_scale_n256_mig.gen_mem[0].u_comp_ddr3.cmd_task: at time 141564466.0 ps INFO: Read      bank 0 col 190, auto precharge 0
tb_g14_scale_n256_mig.gen_mem[0].u_comp_ddr3.data_task: at time 141565966.0 ps INFO: READ @ DQS= bank = 0 row = 2000 col = 00000188 data = 00c4
tb_g14_scale_n256_mig.gen_mem[0].u_comp_ddr3.data_task: at time 141567466.0 ps INFO: READ @ DQS= bank = 0 row = 2000 col = 00000189 data = 0000
tb_g14_scale_n256_mig.gen_mem[0].u_comp_ddr3.data_task: at time 141568966.0 ps INFO: READ @ DQS= bank = 0 row = 2000 col = 0000018a data = 00c5
tb_g14_scale_n256_mig.gen_mem[0].u_comp_ddr3.data_task: at time 141570466.0 ps INFO: READ @ DQS= bank = 0 row = 2000 col = 0000018b data = 0000
tb_g14_scale_n256_mig.gen_mem[0].u_comp_ddr3.data_task: at time 141571966.0 ps INFO: READ @ DQS= bank = 0 row = 2000 col = 0000018c data = 00c6
tb_g14_scale_n256_mig.gen_mem[0].u_comp_ddr3.data_task: at time 141573466.0 ps INFO: READ @ DQS= bank = 0 row = 2000 col = 0000018d data = 0000
tb_g14_scale_n256_mig.gen_mem[0].u_comp_ddr3.data_task: at time 141574966.0 ps INFO: READ @ DQS= bank = 0 row = 2000 col = 0000018e data = 00c7
tb_g14_scale_n256_mig.gen_mem[0].u_comp_ddr3.data_task: at time 141576466.0 ps INFO: READ @ DQS= bank = 0 row = 2000 col = 0000018f data = 0000
tb_g14_scale_n256_mig.gen_mem[0].u_comp_ddr3.cmd_task: at time 141576466.0 ps INFO: Read      bank 0 col 198, auto precharge 0
tb_g14_scale_n256_mig.gen_mem[0].u_comp_ddr3.data_task: at time 141577966.0 ps INFO: READ @ DQS= bank = 0 row = 2000 col = 00000190 data = 00c8
tb_g14_scale_n256_mig.gen_mem[0].u_comp_ddr3.data_task: at time 141579466.0 ps INFO: READ @ DQS= bank = 0 row = 2000 col = 00000191 data = 0000
tb_g14_scale_n256_mig.gen_mem[0].u_comp_ddr3.data_task: at time 141580966.0 ps INFO: READ @ DQS= bank = 0 row = 2000 col = 00000192 data = 00c9
tb_g14_scale_n256_mig.gen_mem[0].u_comp_ddr3.data_task: at time 141582466.0 ps INFO: READ @ DQS= bank = 0 row = 2000 col = 00000193 data = 0000
tb_g14_scale_n256_mig.gen_mem[0].u_comp_ddr3.data_task: at time 141583966.0 ps INFO: READ @ DQS= bank = 0 row = 2000 col = 00000194 data = 00ca
tb_g14_scale_n256_mig.gen_mem[0].u_comp_ddr3.data_task: at time 141585466.0 ps INFO: READ @ DQS= bank = 0 row = 2000 col = 00000195 data = 0000
tb_g14_scale_n256_mig.gen_mem[0].u_comp_ddr3.data_task: at time 141586966.0 ps INFO: READ @ DQS= bank = 0 row = 2000 col = 00000196 data = 00cb
tb_g14_scale_n256_mig.gen_mem[0].u_comp_ddr3.data_task: at time 141588466.0 ps INFO: READ @ DQS= bank = 0 row = 2000 col = 00000197 data = 0000
tb_g14_scale_n256_mig.gen_mem[0].u_comp_ddr3.cmd_task: at time 141588466.0 ps INFO: Read      bank 0 col 1a0, auto precharge 0
tb_g14_scale_n256_mig.gen_mem[0].u_comp_ddr3.data_task: at time 141589966.0 ps INFO: READ @ DQS= bank = 0 row = 2000 col = 00000198 data = 00cc
tb_g14_scale_n256_mig.gen_mem[0].u_comp_ddr3.data_task: at time 141591466.0 ps INFO: READ @ DQS= bank = 0 row = 2000 col = 00000199 data = 0000
tb_g14_scale_n256_mig.gen_mem[0].u_comp_ddr3.data_task: at time 141592966.0 ps INFO: READ @ DQS= bank = 0 row = 2000 col = 0000019a data = 00cd
tb_g14_scale_n256_mig.gen_mem[0].u_comp_ddr3.data_task: at time 141594466.0 ps INFO: READ @ DQS= bank = 0 row = 2000 col = 0000019b data = 0000
tb_g14_scale_n256_mig.gen_mem[0].u_comp_ddr3.data_task: at time 141595966.0 ps INFO: READ @ DQS= bank = 0 row = 2000 col = 0000019c data = 00ce
tb_g14_scale_n256_mig.gen_mem[0].u_comp_ddr3.data_task: at time 141597466.0 ps INFO: READ @ DQS= bank = 0 row = 2000 col = 0000019d data = 0000
tb_g14_scale_n256_mig.gen_mem[0].u_comp_ddr3.data_task: at time 141598966.0 ps INFO: READ @ DQS= bank = 0 row = 2000 col = 0000019e data = 00cf
tb_g14_scale_n256_mig.gen_mem[0].u_comp_ddr3.data_task: at time 141600466.0 ps INFO: READ @ DQS= bank = 0 row = 2000 col = 0000019f data = 0000
tb_g14_scale_n256_mig.gen_mem[0].u_comp_ddr3.cmd_task: at time 141600466.0 ps INFO: Read      bank 0 col 1a8, auto precharge 0
tb_g14_scale_n256_mig.gen_mem[0].u_comp_ddr3.data_task: at time 141601966.0 ps INFO: READ @ DQS= bank = 0 row = 2000 col = 000001a0 data = 00d0
tb_g14_scale_n256_mig.gen_mem[0].u_comp_ddr3.data_task: at time 141603466.0 ps INFO: READ @ DQS= bank = 0 row = 2000 col = 000001a1 data = 0000
tb_g14_scale_n256_mig.gen_mem[0].u_comp_ddr3.data_task: at time 141604966.0 ps INFO: READ @ DQS= bank = 0 row = 2000 col = 000001a2 data = 00d1
tb_g14_scale_n256_mig.gen_mem[0].u_comp_ddr3.data_task: at time 141606466.0 ps INFO: READ @ DQS= bank = 0 row = 2000 col = 000001a3 data = 0000
tb_g14_scale_n256_mig.gen_mem[0].u_comp_ddr3.data_task: at time 141607966.0 ps INFO: READ @ DQS= bank = 0 row = 2000 col = 000001a4 data = 00d2
tb_g14_scale_n256_mig.gen_mem[0].u_comp_ddr3.data_task: at time 141609466.0 ps INFO: READ @ DQS= bank = 0 row = 2000 col = 000001a5 data = 0000
tb_g14_scale_n256_mig.gen_mem[0].u_comp_ddr3.data_task: at time 141610966.0 ps INFO: READ @ DQS= bank = 0 row = 2000 col = 000001a6 data = 00d3
tb_g14_scale_n256_mig.gen_mem[0].u_comp_ddr3.data_task: at time 141612466.0 ps INFO: READ @ DQS= bank = 0 row = 2000 col = 000001a7 data = 0000
tb_g14_scale_n256_mig.gen_mem[0].u_comp_ddr3.cmd_task: at time 141612466.0 ps INFO: Read      bank 0 col 1b0, auto precharge 0
tb_g14_scale_n256_mig.gen_mem[0].u_comp_ddr3.data_task: at time 141613966.0 ps INFO: READ @ DQS= bank = 0 row = 2000 col = 000001a8 data = 00d4
tb_g14_scale_n256_mig.gen_mem[0].u_comp_ddr3.data_task: at time 141615466.0 ps INFO: READ @ DQS= bank = 0 row = 2000 col = 000001a9 data = 0000
tb_g14_scale_n256_mig.gen_mem[0].u_comp_ddr3.data_task: at time 141616966.0 ps INFO: READ @ DQS= bank = 0 row = 2000 col = 000001aa data = 00d5
tb_g14_scale_n256_mig.gen_mem[0].u_comp_ddr3.data_task: at time 141618466.0 ps INFO: READ @ DQS= bank = 0 row = 2000 col = 000001ab data = 0000
tb_g14_scale_n256_mig.gen_mem[0].u_comp_ddr3.data_task: at time 141619966.0 ps INFO: READ @ DQS= bank = 0 row = 2000 col = 000001ac data = 00d6
tb_g14_scale_n256_mig.gen_mem[0].u_comp_ddr3.data_task: at time 141621466.0 ps INFO: READ @ DQS= bank = 0 row = 2000 col = 000001ad data = 0000
tb_g14_scale_n256_mig.gen_mem[0].u_comp_ddr3.data_task: at time 141622966.0 ps INFO: READ @ DQS= bank = 0 row = 2000 col = 000001ae data = 00d7
tb_g14_scale_n256_mig.gen_mem[0].u_comp_ddr3.data_task: at time 141624466.0 ps INFO: READ @ DQS= bank = 0 row = 2000 col = 000001af data = 0000
tb_g14_scale_n256_mig.gen_mem[0].u_comp_ddr3.cmd_task: at time 141624466.0 ps INFO: Read      bank 0 col 1b8, auto precharge 0
tb_g14_scale_n256_mig.gen_mem[0].u_comp_ddr3.data_task: at time 141625966.0 ps INFO: READ @ DQS= bank = 0 row = 2000 col = 000001b0 data = 00d8
tb_g14_scale_n256_mig.gen_mem[0].u_comp_ddr3.data_task: at time 141627466.0 ps INFO: READ @ DQS= bank = 0 row = 2000 col = 000001b1 data = 0000
tb_g14_scale_n256_mig.gen_mem[0].u_comp_ddr3.data_task: at time 141628966.0 ps INFO: READ @ DQS= bank = 0 row = 2000 col = 000001b2 data = 00d9
tb_g14_scale_n256_mig.gen_mem[0].u_comp_ddr3.data_task: at time 141630466.0 ps INFO: READ @ DQS= bank = 0 row = 2000 col = 000001b3 data = 0000
tb_g14_scale_n256_mig.gen_mem[0].u_comp_ddr3.data_task: at time 141631966.0 ps INFO: READ @ DQS= bank = 0 row = 2000 col = 000001b4 data = 00da
tb_g14_scale_n256_mig.gen_mem[0].u_comp_ddr3.data_task: at time 141633466.0 ps INFO: READ @ DQS= bank = 0 row = 2000 col = 000001b5 data = 0000
tb_g14_scale_n256_mig.gen_mem[0].u_comp_ddr3.data_task: at time 141634966.0 ps INFO: READ @ DQS= bank = 0 row = 2000 col = 000001b6 data = 00db
tb_g14_scale_n256_mig.gen_mem[0].u_comp_ddr3.data_task: at time 141636466.0 ps INFO: READ @ DQS= bank = 0 row = 2000 col = 000001b7 data = 0000
tb_g14_scale_n256_mig.gen_mem[0].u_comp_ddr3.cmd_task: at time 141636466.0 ps INFO: Read      bank 0 col 1c0, auto precharge 0
tb_g14_scale_n256_mig.gen_mem[0].u_comp_ddr3.data_task: at time 141637966.0 ps INFO: READ @ DQS= bank = 0 row = 2000 col = 000001b8 data = 00dc
tb_g14_scale_n256_mig.gen_mem[0].u_comp_ddr3.data_task: at time 141639466.0 ps INFO: READ @ DQS= bank = 0 row = 2000 col = 000001b9 data = 0000
tb_g14_scale_n256_mig.gen_mem[0].u_comp_ddr3.data_task: at time 141640966.0 ps INFO: READ @ DQS= bank = 0 row = 2000 col = 000001ba data = 00dd
tb_g14_scale_n256_mig.gen_mem[0].u_comp_ddr3.data_task: at time 141642466.0 ps INFO: READ @ DQS= bank = 0 row = 2000 col = 000001bb data = 0000
tb_g14_scale_n256_mig.gen_mem[0].u_comp_ddr3.data_task: at time 141643966.0 ps INFO: READ @ DQS= bank = 0 row = 2000 col = 000001bc data = 00de
tb_g14_scale_n256_mig.gen_mem[0].u_comp_ddr3.data_task: at time 141645466.0 ps INFO: READ @ DQS= bank = 0 row = 2000 col = 000001bd data = 0000
tb_g14_scale_n256_mig.gen_mem[0].u_comp_ddr3.data_task: at time 141646966.0 ps INFO: READ @ DQS= bank = 0 row = 2000 col = 000001be data = 00df
tb_g14_scale_n256_mig.gen_mem[0].u_comp_ddr3.data_task: at time 141648466.0 ps INFO: READ @ DQS= bank = 0 row = 2000 col = 000001bf data = 0000
tb_g14_scale_n256_mig.gen_mem[0].u_comp_ddr3.cmd_task: at time 141648466.0 ps INFO: Read      bank 0 col 1c8, auto precharge 0
tb_g14_scale_n256_mig.gen_mem[0].u_comp_ddr3.data_task: at time 141649966.0 ps INFO: READ @ DQS= bank = 0 row = 2000 col = 000001c0 data = 00e0
tb_g14_scale_n256_mig.gen_mem[0].u_comp_ddr3.data_task: at time 141651466.0 ps INFO: READ @ DQS= bank = 0 row = 2000 col = 000001c1 data = 0000
tb_g14_scale_n256_mig.gen_mem[0].u_comp_ddr3.data_task: at time 141652966.0 ps INFO: READ @ DQS= bank = 0 row = 2000 col = 000001c2 data = 00e1
tb_g14_scale_n256_mig.gen_mem[0].u_comp_ddr3.data_task: at time 141654466.0 ps INFO: READ @ DQS= bank = 0 row = 2000 col = 000001c3 data = 0000
tb_g14_scale_n256_mig.gen_mem[0].u_comp_ddr3.data_task: at time 141655966.0 ps INFO: READ @ DQS= bank = 0 row = 2000 col = 000001c4 data = 00e2
tb_g14_scale_n256_mig.gen_mem[0].u_comp_ddr3.data_task: at time 141657466.0 ps INFO: READ @ DQS= bank = 0 row = 2000 col = 000001c5 data = 0000
tb_g14_scale_n256_mig.gen_mem[0].u_comp_ddr3.data_task: at time 141658966.0 ps INFO: READ @ DQS= bank = 0 row = 2000 col = 000001c6 data = 00e3
tb_g14_scale_n256_mig.gen_mem[0].u_comp_ddr3.data_task: at time 141660466.0 ps INFO: READ @ DQS= bank = 0 row = 2000 col = 000001c7 data = 0000
tb_g14_scale_n256_mig.gen_mem[0].u_comp_ddr3.cmd_task: at time 141660466.0 ps INFO: Read      bank 0 col 1d0, auto precharge 0
tb_g14_scale_n256_mig.gen_mem[0].u_comp_ddr3.data_task: at time 141661966.0 ps INFO: READ @ DQS= bank = 0 row = 2000 col = 000001c8 data = 00e4
tb_g14_scale_n256_mig.gen_mem[0].u_comp_ddr3.data_task: at time 141663466.0 ps INFO: READ @ DQS= bank = 0 row = 2000 col = 000001c9 data = 0000
tb_g14_scale_n256_mig.gen_mem[0].u_comp_ddr3.data_task: at time 141664966.0 ps INFO: READ @ DQS= bank = 0 row = 2000 col = 000001ca data = 00e5
tb_g14_scale_n256_mig.gen_mem[0].u_comp_ddr3.data_task: at time 141666466.0 ps INFO: READ @ DQS= bank = 0 row = 2000 col = 000001cb data = 0000
tb_g14_scale_n256_mig.gen_mem[0].u_comp_ddr3.data_task: at time 141667966.0 ps INFO: READ @ DQS= bank = 0 row = 2000 col = 000001cc data = 00e6
tb_g14_scale_n256_mig.gen_mem[0].u_comp_ddr3.data_task: at time 141669466.0 ps INFO: READ @ DQS= bank = 0 row = 2000 col = 000001cd data = 0000
tb_g14_scale_n256_mig.gen_mem[0].u_comp_ddr3.data_task: at time 141670966.0 ps INFO: READ @ DQS= bank = 0 row = 2000 col = 000001ce data = 00e7
tb_g14_scale_n256_mig.gen_mem[0].u_comp_ddr3.data_task: at time 141672466.0 ps INFO: READ @ DQS= bank = 0 row = 2000 col = 000001cf data = 0000
tb_g14_scale_n256_mig.gen_mem[0].u_comp_ddr3.cmd_task: at time 141672466.0 ps INFO: Read      bank 0 col 1d8, auto precharge 0
tb_g14_scale_n256_mig.gen_mem[0].u_comp_ddr3.data_task: at time 141673966.0 ps INFO: READ @ DQS= bank = 0 row = 2000 col = 000001d0 data = 00e8
tb_g14_scale_n256_mig.gen_mem[0].u_comp_ddr3.data_task: at time 141675466.0 ps INFO: READ @ DQS= bank = 0 row = 2000 col = 000001d1 data = 0000
tb_g14_scale_n256_mig.gen_mem[0].u_comp_ddr3.data_task: at time 141676966.0 ps INFO: READ @ DQS= bank = 0 row = 2000 col = 000001d2 data = 00e9
tb_g14_scale_n256_mig.gen_mem[0].u_comp_ddr3.data_task: at time 141678466.0 ps INFO: READ @ DQS= bank = 0 row = 2000 col = 000001d3 data = 0000
tb_g14_scale_n256_mig.gen_mem[0].u_comp_ddr3.data_task: at time 141679966.0 ps INFO: READ @ DQS= bank = 0 row = 2000 col = 000001d4 data = 00ea
tb_g14_scale_n256_mig.gen_mem[0].u_comp_ddr3.data_task: at time 141681466.0 ps INFO: READ @ DQS= bank = 0 row = 2000 col = 000001d5 data = 0000
tb_g14_scale_n256_mig.gen_mem[0].u_comp_ddr3.data_task: at time 141682966.0 ps INFO: READ @ DQS= bank = 0 row = 2000 col = 000001d6 data = 00eb
tb_g14_scale_n256_mig.gen_mem[0].u_comp_ddr3.data_task: at time 141684466.0 ps INFO: READ @ DQS= bank = 0 row = 2000 col = 000001d7 data = 0000
tb_g14_scale_n256_mig.gen_mem[0].u_comp_ddr3.cmd_task: at time 141684466.0 ps INFO: Read      bank 0 col 1e0, auto precharge 0
tb_g14_scale_n256_mig.gen_mem[0].u_comp_ddr3.data_task: at time 141685966.0 ps INFO: READ @ DQS= bank = 0 row = 2000 col = 000001d8 data = 00ec
tb_g14_scale_n256_mig.gen_mem[0].u_comp_ddr3.data_task: at time 141687466.0 ps INFO: READ @ DQS= bank = 0 row = 2000 col = 000001d9 data = 0000
tb_g14_scale_n256_mig.gen_mem[0].u_comp_ddr3.data_task: at time 141688966.0 ps INFO: READ @ DQS= bank = 0 row = 2000 col = 000001da data = 00ed
tb_g14_scale_n256_mig.gen_mem[0].u_comp_ddr3.data_task: at time 141690466.0 ps INFO: READ @ DQS= bank = 0 row = 2000 col = 000001db data = 0000
tb_g14_scale_n256_mig.gen_mem[0].u_comp_ddr3.data_task: at time 141691966.0 ps INFO: READ @ DQS= bank = 0 row = 2000 col = 000001dc data = 00ee
tb_g14_scale_n256_mig.gen_mem[0].u_comp_ddr3.data_task: at time 141693466.0 ps INFO: READ @ DQS= bank = 0 row = 2000 col = 000001dd data = 0000
tb_g14_scale_n256_mig.gen_mem[0].u_comp_ddr3.data_task: at time 141694966.0 ps INFO: READ @ DQS= bank = 0 row = 2000 col = 000001de data = 00ef
tb_g14_scale_n256_mig.gen_mem[0].u_comp_ddr3.data_task: at time 141696466.0 ps INFO: READ @ DQS= bank = 0 row = 2000 col = 000001df data = 0000
tb_g14_scale_n256_mig.gen_mem[0].u_comp_ddr3.cmd_task: at time 141696466.0 ps INFO: Read      bank 0 col 1e8, auto precharge 0
tb_g14_scale_n256_mig.gen_mem[0].u_comp_ddr3.data_task: at time 141697966.0 ps INFO: READ @ DQS= bank = 0 row = 2000 col = 000001e0 data = 00f0
tb_g14_scale_n256_mig.gen_mem[0].u_comp_ddr3.data_task: at time 141699466.0 ps INFO: READ @ DQS= bank = 0 row = 2000 col = 000001e1 data = 0000
tb_g14_scale_n256_mig.gen_mem[0].u_comp_ddr3.data_task: at time 141700966.0 ps INFO: READ @ DQS= bank = 0 row = 2000 col = 000001e2 data = 00f1
tb_g14_scale_n256_mig.gen_mem[0].u_comp_ddr3.data_task: at time 141702466.0 ps INFO: READ @ DQS= bank = 0 row = 2000 col = 000001e3 data = 0000
tb_g14_scale_n256_mig.gen_mem[0].u_comp_ddr3.data_task: at time 141703966.0 ps INFO: READ @ DQS= bank = 0 row = 2000 col = 000001e4 data = 00f2
tb_g14_scale_n256_mig.gen_mem[0].u_comp_ddr3.data_task: at time 141705466.0 ps INFO: READ @ DQS= bank = 0 row = 2000 col = 000001e5 data = 0000
tb_g14_scale_n256_mig.gen_mem[0].u_comp_ddr3.data_task: at time 141706966.0 ps INFO: READ @ DQS= bank = 0 row = 2000 col = 000001e6 data = 00f3
tb_g14_scale_n256_mig.gen_mem[0].u_comp_ddr3.data_task: at time 141708466.0 ps INFO: READ @ DQS= bank = 0 row = 2000 col = 000001e7 data = 0000
tb_g14_scale_n256_mig.gen_mem[0].u_comp_ddr3.cmd_task: at time 141708466.0 ps INFO: Read      bank 0 col 1f0, auto precharge 0
tb_g14_scale_n256_mig.gen_mem[0].u_comp_ddr3.data_task: at time 141709966.0 ps INFO: READ @ DQS= bank = 0 row = 2000 col = 000001e8 data = 00f4
tb_g14_scale_n256_mig.gen_mem[0].u_comp_ddr3.data_task: at time 141711466.0 ps INFO: READ @ DQS= bank = 0 row = 2000 col = 000001e9 data = 0000
tb_g14_scale_n256_mig.gen_mem[0].u_comp_ddr3.data_task: at time 141712966.0 ps INFO: READ @ DQS= bank = 0 row = 2000 col = 000001ea data = 00f5
tb_g14_scale_n256_mig.gen_mem[0].u_comp_ddr3.data_task: at time 141714466.0 ps INFO: READ @ DQS= bank = 0 row = 2000 col = 000001eb data = 0000
tb_g14_scale_n256_mig.gen_mem[0].u_comp_ddr3.data_task: at time 141715966.0 ps INFO: READ @ DQS= bank = 0 row = 2000 col = 000001ec data = 00f6
tb_g14_scale_n256_mig.gen_mem[0].u_comp_ddr3.data_task: at time 141717466.0 ps INFO: READ @ DQS= bank = 0 row = 2000 col = 000001ed data = 0000
tb_g14_scale_n256_mig.gen_mem[0].u_comp_ddr3.data_task: at time 141718966.0 ps INFO: READ @ DQS= bank = 0 row = 2000 col = 000001ee data = 00f7
tb_g14_scale_n256_mig.gen_mem[0].u_comp_ddr3.data_task: at time 141720466.0 ps INFO: READ @ DQS= bank = 0 row = 2000 col = 000001ef data = 0000
tb_g14_scale_n256_mig.gen_mem[0].u_comp_ddr3.cmd_task: at time 141720466.0 ps INFO: Read      bank 0 col 1f8, auto precharge 0
tb_g14_scale_n256_mig.gen_mem[0].u_comp_ddr3.data_task: at time 141721966.0 ps INFO: READ @ DQS= bank = 0 row = 2000 col = 000001f0 data = 00f8
tb_g14_scale_n256_mig.gen_mem[0].u_comp_ddr3.data_task: at time 141723466.0 ps INFO: READ @ DQS= bank = 0 row = 2000 col = 000001f1 data = 0000
tb_g14_scale_n256_mig.gen_mem[0].u_comp_ddr3.data_task: at time 141724966.0 ps INFO: READ @ DQS= bank = 0 row = 2000 col = 000001f2 data = 00f9
tb_g14_scale_n256_mig.gen_mem[0].u_comp_ddr3.data_task: at time 141726466.0 ps INFO: READ @ DQS= bank = 0 row = 2000 col = 000001f3 data = 0000
tb_g14_scale_n256_mig.gen_mem[0].u_comp_ddr3.data_task: at time 141727966.0 ps INFO: READ @ DQS= bank = 0 row = 2000 col = 000001f4 data = 00fa
tb_g14_scale_n256_mig.gen_mem[0].u_comp_ddr3.data_task: at time 141729466.0 ps INFO: READ @ DQS= bank = 0 row = 2000 col = 000001f5 data = 0000
tb_g14_scale_n256_mig.gen_mem[0].u_comp_ddr3.data_task: at time 141730966.0 ps INFO: READ @ DQS= bank = 0 row = 2000 col = 000001f6 data = 00fb
tb_g14_scale_n256_mig.gen_mem[0].u_comp_ddr3.data_task: at time 141732466.0 ps INFO: READ @ DQS= bank = 0 row = 2000 col = 000001f7 data = 0000
tb_g14_scale_n256_mig.gen_mem[0].u_comp_ddr3.data_task: at time 141733966.0 ps INFO: READ @ DQS= bank = 0 row = 2000 col = 000001f8 data = 00fc
tb_g14_scale_n256_mig.gen_mem[0].u_comp_ddr3.data_task: at time 141735466.0 ps INFO: READ @ DQS= bank = 0 row = 2000 col = 000001f9 data = 0000
tb_g14_scale_n256_mig.gen_mem[0].u_comp_ddr3.data_task: at time 141736966.0 ps INFO: READ @ DQS= bank = 0 row = 2000 col = 000001fa data = 00fd
tb_g14_scale_n256_mig.gen_mem[0].u_comp_ddr3.data_task: at time 141738466.0 ps INFO: READ @ DQS= bank = 0 row = 2000 col = 000001fb data = 0000
tb_g14_scale_n256_mig.gen_mem[0].u_comp_ddr3.data_task: at time 141739966.0 ps INFO: READ @ DQS= bank = 0 row = 2000 col = 000001fc data = 00fe
tb_g14_scale_n256_mig.gen_mem[0].u_comp_ddr3.data_task: at time 141741466.0 ps INFO: READ @ DQS= bank = 0 row = 2000 col = 000001fd data = 0000
tb_g14_scale_n256_mig.gen_mem[0].u_comp_ddr3.data_task: at time 141742966.0 ps INFO: READ @ DQS= bank = 0 row = 2000 col = 000001fe data = 00ff
tb_g14_scale_n256_mig.gen_mem[0].u_comp_ddr3.data_task: at time 141744466.0 ps INFO: READ @ DQS= bank = 0 row = 2000 col = 000001ff data = 0000
tb_g14_scale_n256_mig.gen_mem[0].u_comp_ddr3.cmd_task: at time 141771466.0 ps INFO: Precharge bank   0
tb_g14_scale_n256_mig.gen_mem[0].u_comp_ddr3.cmd_task: at time 142569466.0 ps INFO: Activate  bank 0 row 2000
tb_g14_scale_n256_mig.gen_mem[0].u_comp_ddr3.cmd_task: at time 142584466.0 ps INFO: Read      bank 0 col 1f8, auto precharge 0
tb_g14_scale_n256_mig.gen_mem[0].u_comp_ddr3.cmd_task: at time 142596466.0 ps INFO: Read      bank 0 col 1f8, auto precharge 0
tb_g14_scale_n256_mig.gen_mem[0].u_comp_ddr3.data_task: at time 142597966.0 ps INFO: READ @ DQS= bank = 0 row = 2000 col = 000001f8 data = 00fc
tb_g14_scale_n256_mig.gen_mem[0].u_comp_ddr3.data_task: at time 142599466.0 ps INFO: READ @ DQS= bank = 0 row = 2000 col = 000001f9 data = 0000
tb_g14_scale_n256_mig.gen_mem[0].u_comp_ddr3.data_task: at time 142600966.0 ps INFO: READ @ DQS= bank = 0 row = 2000 col = 000001fa data = 00fd
tb_g14_scale_n256_mig.gen_mem[0].u_comp_ddr3.data_task: at time 142602466.0 ps INFO: READ @ DQS= bank = 0 row = 2000 col = 000001fb data = 0000
tb_g14_scale_n256_mig.gen_mem[0].u_comp_ddr3.data_task: at time 142603966.0 ps INFO: READ @ DQS= bank = 0 row = 2000 col = 000001fc data = 00fe
tb_g14_scale_n256_mig.gen_mem[0].u_comp_ddr3.data_task: at time 142605466.0 ps INFO: READ @ DQS= bank = 0 row = 2000 col = 000001fd data = 0000
tb_g14_scale_n256_mig.gen_mem[0].u_comp_ddr3.data_task: at time 142606966.0 ps INFO: READ @ DQS= bank = 0 row = 2000 col = 000001fe data = 00ff
tb_g14_scale_n256_mig.gen_mem[0].u_comp_ddr3.data_task: at time 142608466.0 ps INFO: READ @ DQS= bank = 0 row = 2000 col = 000001ff data = 0000
tb_g14_scale_n256_mig.gen_mem[0].u_comp_ddr3.data_task: at time 142609966.0 ps INFO: READ @ DQS= bank = 0 row = 2000 col = 000001f8 data = 00fc
tb_g14_scale_n256_mig.gen_mem[0].u_comp_ddr3.data_task: at time 142611466.0 ps INFO: READ @ DQS= bank = 0 row = 2000 col = 000001f9 data = 0000
tb_g14_scale_n256_mig.gen_mem[0].u_comp_ddr3.data_task: at time 142612966.0 ps INFO: READ @ DQS= bank = 0 row = 2000 col = 000001fa data = 00fd
tb_g14_scale_n256_mig.gen_mem[0].u_comp_ddr3.data_task: at time 142614466.0 ps INFO: READ @ DQS= bank = 0 row = 2000 col = 000001fb data = 0000
tb_g14_scale_n256_mig.gen_mem[0].u_comp_ddr3.data_task: at time 142615966.0 ps INFO: READ @ DQS= bank = 0 row = 2000 col = 000001fc data = 00fe
tb_g14_scale_n256_mig.gen_mem[0].u_comp_ddr3.data_task: at time 142617466.0 ps INFO: READ @ DQS= bank = 0 row = 2000 col = 000001fd data = 0000
tb_g14_scale_n256_mig.gen_mem[0].u_comp_ddr3.data_task: at time 142618966.0 ps INFO: READ @ DQS= bank = 0 row = 2000 col = 000001fe data = 00ff
tb_g14_scale_n256_mig.gen_mem[0].u_comp_ddr3.data_task: at time 142620466.0 ps INFO: READ @ DQS= bank = 0 row = 2000 col = 000001ff data = 0000
tb_g14_scale_n256_mig.gen_mem[0].u_comp_ddr3.cmd_task: at time 142647466.0 ps INFO: Precharge bank   0
tb_g14_scale_n256_mig.gen_mem[0].u_comp_ddr3.cmd_task: at time 143529466.0 ps INFO: Activate  bank 0 row 2000
tb_g14_scale_n256_mig.gen_mem[0].u_comp_ddr3.cmd_task: at time 143544466.0 ps INFO: Read      bank 0 col 1f8, auto precharge 0
tb_g14_scale_n256_mig.gen_mem[0].u_comp_ddr3.cmd_task: at time 143556466.0 ps INFO: Read      bank 0 col 1f8, auto precharge 0
tb_g14_scale_n256_mig.gen_mem[0].u_comp_ddr3.data_task: at time 143557966.0 ps INFO: READ @ DQS= bank = 0 row = 2000 col = 000001f8 data = 00fc
tb_g14_scale_n256_mig.gen_mem[0].u_comp_ddr3.data_task: at time 143559466.0 ps INFO: READ @ DQS= bank = 0 row = 2000 col = 000001f9 data = 0000
tb_g14_scale_n256_mig.gen_mem[0].u_comp_ddr3.data_task: at time 143560966.0 ps INFO: READ @ DQS= bank = 0 row = 2000 col = 000001fa data = 00fd
tb_g14_scale_n256_mig.gen_mem[0].u_comp_ddr3.data_task: at time 143562466.0 ps INFO: READ @ DQS= bank = 0 row = 2000 col = 000001fb data = 0000
tb_g14_scale_n256_mig.gen_mem[0].u_comp_ddr3.data_task: at time 143563966.0 ps INFO: READ @ DQS= bank = 0 row = 2000 col = 000001fc data = 00fe
tb_g14_scale_n256_mig.gen_mem[0].u_comp_ddr3.data_task: at time 143565466.0 ps INFO: READ @ DQS= bank = 0 row = 2000 col = 000001fd data = 0000
tb_g14_scale_n256_mig.gen_mem[0].u_comp_ddr3.data_task: at time 143566966.0 ps INFO: READ @ DQS= bank = 0 row = 2000 col = 000001fe data = 00ff
tb_g14_scale_n256_mig.gen_mem[0].u_comp_ddr3.data_task: at time 143568466.0 ps INFO: READ @ DQS= bank = 0 row = 2000 col = 000001ff data = 0000
tb_g14_scale_n256_mig.gen_mem[0].u_comp_ddr3.data_task: at time 143569966.0 ps INFO: READ @ DQS= bank = 0 row = 2000 col = 000001f8 data = 00fc
tb_g14_scale_n256_mig.gen_mem[0].u_comp_ddr3.data_task: at time 143571466.0 ps INFO: READ @ DQS= bank = 0 row = 2000 col = 000001f9 data = 0000
tb_g14_scale_n256_mig.gen_mem[0].u_comp_ddr3.data_task: at time 143572966.0 ps INFO: READ @ DQS= bank = 0 row = 2000 col = 000001fa data = 00fd
tb_g14_scale_n256_mig.gen_mem[0].u_comp_ddr3.data_task: at time 143574466.0 ps INFO: READ @ DQS= bank = 0 row = 2000 col = 000001fb data = 0000
tb_g14_scale_n256_mig.gen_mem[0].u_comp_ddr3.data_task: at time 143575966.0 ps INFO: READ @ DQS= bank = 0 row = 2000 col = 000001fc data = 00fe
tb_g14_scale_n256_mig.gen_mem[0].u_comp_ddr3.data_task: at time 143577466.0 ps INFO: READ @ DQS= bank = 0 row = 2000 col = 000001fd data = 0000
tb_g14_scale_n256_mig.gen_mem[0].u_comp_ddr3.data_task: at time 143578966.0 ps INFO: READ @ DQS= bank = 0 row = 2000 col = 000001fe data = 00ff
tb_g14_scale_n256_mig.gen_mem[0].u_comp_ddr3.data_task: at time 143580466.0 ps INFO: READ @ DQS= bank = 0 row = 2000 col = 000001ff data = 0000
tb_g14_scale_n256_mig.gen_mem[0].u_comp_ddr3.cmd_task: at time 143607466.0 ps INFO: Precharge bank   0
tb_g14_scale_n256_mig.gen_mem[0].u_comp_ddr3.cmd_task: at time 144297466.0 ps INFO: Refresh  
tb_g14_scale_n256_mig.gen_mem[0].u_comp_ddr3.cmd_task: at time 144465466.0 ps INFO: Activate  bank 0 row 2000
tb_g14_scale_n256_mig.gen_mem[0].u_comp_ddr3.cmd_task: at time 144480466.0 ps INFO: Read      bank 0 col 200, auto precharge 0
tb_g14_scale_n256_mig.gen_mem[0].u_comp_ddr3.cmd_task: at time 144492466.0 ps INFO: Read      bank 0 col 208, auto precharge 0
tb_g14_scale_n256_mig.gen_mem[0].u_comp_ddr3.data_task: at time 144493966.0 ps INFO: READ @ DQS= bank = 0 row = 2000 col = 00000200 data = xxxx
tb_g14_scale_n256_mig.gen_mem[0].u_comp_ddr3.data_task: at time 144495466.0 ps INFO: READ @ DQS= bank = 0 row = 2000 col = 00000201 data = xxxx
tb_g14_scale_n256_mig.gen_mem[0].u_comp_ddr3.data_task: at time 144496966.0 ps INFO: READ @ DQS= bank = 0 row = 2000 col = 00000202 data = xxxx
tb_g14_scale_n256_mig.gen_mem[0].u_comp_ddr3.data_task: at time 144498466.0 ps INFO: READ @ DQS= bank = 0 row = 2000 col = 00000203 data = xxxx
tb_g14_scale_n256_mig.gen_mem[0].u_comp_ddr3.data_task: at time 144499966.0 ps INFO: READ @ DQS= bank = 0 row = 2000 col = 00000204 data = xxxx
tb_g14_scale_n256_mig.gen_mem[0].u_comp_ddr3.data_task: at time 144501466.0 ps INFO: READ @ DQS= bank = 0 row = 2000 col = 00000205 data = xxxx
tb_g14_scale_n256_mig.gen_mem[0].u_comp_ddr3.data_task: at time 144502966.0 ps INFO: READ @ DQS= bank = 0 row = 2000 col = 00000206 data = xxxx
tb_g14_scale_n256_mig.gen_mem[0].u_comp_ddr3.data_task: at time 144504466.0 ps INFO: READ @ DQS= bank = 0 row = 2000 col = 00000207 data = xxxx
tb_g14_scale_n256_mig.gen_mem[0].u_comp_ddr3.cmd_task: at time 144504466.0 ps INFO: Read      bank 0 col 210, auto precharge 0
tb_g14_scale_n256_mig.gen_mem[0].u_comp_ddr3.data_task: at time 144505966.0 ps INFO: READ @ DQS= bank = 0 row = 2000 col = 00000208 data = xxxx
tb_g14_scale_n256_mig.gen_mem[0].u_comp_ddr3.data_task: at time 144507466.0 ps INFO: READ @ DQS= bank = 0 row = 2000 col = 00000209 data = xxxx
tb_g14_scale_n256_mig.gen_mem[0].u_comp_ddr3.data_task: at time 144508966.0 ps INFO: READ @ DQS= bank = 0 row = 2000 col = 0000020a data = xxxx
tb_g14_scale_n256_mig.gen_mem[0].u_comp_ddr3.data_task: at time 144510466.0 ps INFO: READ @ DQS= bank = 0 row = 2000 col = 0000020b data = xxxx
tb_g14_scale_n256_mig.gen_mem[0].u_comp_ddr3.data_task: at time 144511966.0 ps INFO: READ @ DQS= bank = 0 row = 2000 col = 0000020c data = xxxx
tb_g14_scale_n256_mig.gen_mem[0].u_comp_ddr3.data_task: at time 144513466.0 ps INFO: READ @ DQS= bank = 0 row = 2000 col = 0000020d data = xxxx
tb_g14_scale_n256_mig.gen_mem[0].u_comp_ddr3.data_task: at time 144514966.0 ps INFO: READ @ DQS= bank = 0 row = 2000 col = 0000020e data = xxxx
tb_g14_scale_n256_mig.gen_mem[0].u_comp_ddr3.data_task: at time 144516466.0 ps INFO: READ @ DQS= bank = 0 row = 2000 col = 0000020f data = xxxx
tb_g14_scale_n256_mig.gen_mem[0].u_comp_ddr3.cmd_task: at time 144516466.0 ps INFO: Read      bank 0 col 210, auto precharge 0
tb_g14_scale_n256_mig.gen_mem[0].u_comp_ddr3.data_task: at time 144517966.0 ps INFO: READ @ DQS= bank = 0 row = 2000 col = 00000210 data = xxxx
tb_g14_scale_n256_mig.gen_mem[0].u_comp_ddr3.data_task: at time 144519466.0 ps INFO: READ @ DQS= bank = 0 row = 2000 col = 00000211 data = xxxx
tb_g14_scale_n256_mig.gen_mem[0].u_comp_ddr3.data_task: at time 144520966.0 ps INFO: READ @ DQS= bank = 0 row = 2000 col = 00000212 data = xxxx
tb_g14_scale_n256_mig.gen_mem[0].u_comp_ddr3.data_task: at time 144522466.0 ps INFO: READ @ DQS= bank = 0 row = 2000 col = 00000213 data = xxxx
tb_g14_scale_n256_mig.gen_mem[0].u_comp_ddr3.data_task: at time 144523966.0 ps INFO: READ @ DQS= bank = 0 row = 2000 col = 00000214 data = xxxx
tb_g14_scale_n256_mig.gen_mem[0].u_comp_ddr3.data_task: at time 144525466.0 ps INFO: READ @ DQS= bank = 0 row = 2000 col = 00000215 data = xxxx
tb_g14_scale_n256_mig.gen_mem[0].u_comp_ddr3.data_task: at time 144526966.0 ps INFO: READ @ DQS= bank = 0 row = 2000 col = 00000216 data = xxxx
tb_g14_scale_n256_mig.gen_mem[0].u_comp_ddr3.data_task: at time 144528466.0 ps INFO: READ @ DQS= bank = 0 row = 2000 col = 00000217 data = xxxx
tb_g14_scale_n256_mig.gen_mem[0].u_comp_ddr3.cmd_task: at time 144528466.0 ps INFO: Read      bank 0 col 210, auto precharge 0
tb_g14_scale_n256_mig.gen_mem[0].u_comp_ddr3.data_task: at time 144529966.0 ps INFO: READ @ DQS= bank = 0 row = 2000 col = 00000210 data = xxxx
tb_g14_scale_n256_mig.gen_mem[0].u_comp_ddr3.data_task: at time 144531466.0 ps INFO: READ @ DQS= bank = 0 row = 2000 col = 00000211 data = xxxx
tb_g14_scale_n256_mig.gen_mem[0].u_comp_ddr3.data_task: at time 144532966.0 ps INFO: READ @ DQS= bank = 0 row = 2000 col = 00000212 data = xxxx
tb_g14_scale_n256_mig.gen_mem[0].u_comp_ddr3.data_task: at time 144534466.0 ps INFO: READ @ DQS= bank = 0 row = 2000 col = 00000213 data = xxxx
tb_g14_scale_n256_mig.gen_mem[0].u_comp_ddr3.data_task: at time 144535966.0 ps INFO: READ @ DQS= bank = 0 row = 2000 col = 00000214 data = xxxx
tb_g14_scale_n256_mig.gen_mem[0].u_comp_ddr3.data_task: at time 144537466.0 ps INFO: READ @ DQS= bank = 0 row = 2000 col = 00000215 data = xxxx
tb_g14_scale_n256_mig.gen_mem[0].u_comp_ddr3.data_task: at time 144538966.0 ps INFO: READ @ DQS= bank = 0 row = 2000 col = 00000216 data = xxxx
tb_g14_scale_n256_mig.gen_mem[0].u_comp_ddr3.data_task: at time 144540466.0 ps INFO: READ @ DQS= bank = 0 row = 2000 col = 00000217 data = xxxx
tb_g14_scale_n256_mig.gen_mem[0].u_comp_ddr3.cmd_task: at time 144540466.0 ps INFO: Read      bank 0 col 218, auto precharge 0
tb_g14_scale_n256_mig.gen_mem[0].u_comp_ddr3.data_task: at time 144541966.0 ps INFO: READ @ DQS= bank = 0 row = 2000 col = 00000210 data = xxxx
tb_g14_scale_n256_mig.gen_mem[0].u_comp_ddr3.data_task: at time 144543466.0 ps INFO: READ @ DQS= bank = 0 row = 2000 col = 00000211 data = xxxx
tb_g14_scale_n256_mig.gen_mem[0].u_comp_ddr3.data_task: at time 144544966.0 ps INFO: READ @ DQS= bank = 0 row = 2000 col = 00000212 data = xxxx
tb_g14_scale_n256_mig.gen_mem[0].u_comp_ddr3.data_task: at time 144546466.0 ps INFO: READ @ DQS= bank = 0 row = 2000 col = 00000213 data = xxxx
tb_g14_scale_n256_mig.gen_mem[0].u_comp_ddr3.data_task: at time 144547966.0 ps INFO: READ @ DQS= bank = 0 row = 2000 col = 00000214 data = xxxx
tb_g14_scale_n256_mig.gen_mem[0].u_comp_ddr3.data_task: at time 144549466.0 ps INFO: READ @ DQS= bank = 0 row = 2000 col = 00000215 data = xxxx
tb_g14_scale_n256_mig.gen_mem[0].u_comp_ddr3.data_task: at time 144550966.0 ps INFO: READ @ DQS= bank = 0 row = 2000 col = 00000216 data = xxxx
tb_g14_scale_n256_mig.gen_mem[0].u_comp_ddr3.data_task: at time 144552466.0 ps INFO: READ @ DQS= bank = 0 row = 2000 col = 00000217 data = xxxx
tb_g14_scale_n256_mig.gen_mem[0].u_comp_ddr3.cmd_task: at time 144552466.0 ps INFO: Read      bank 0 col 220, auto precharge 0
tb_g14_scale_n256_mig.gen_mem[0].u_comp_ddr3.data_task: at time 144553966.0 ps INFO: READ @ DQS= bank = 0 row = 2000 col = 00000218 data = xxxx
tb_g14_scale_n256_mig.gen_mem[0].u_comp_ddr3.data_task: at time 144555466.0 ps INFO: READ @ DQS= bank = 0 row = 2000 col = 00000219 data = xxxx
tb_g14_scale_n256_mig.gen_mem[0].u_comp_ddr3.data_task: at time 144556966.0 ps INFO: READ @ DQS= bank = 0 row = 2000 col = 0000021a data = xxxx
tb_g14_scale_n256_mig.gen_mem[0].u_comp_ddr3.data_task: at time 144558466.0 ps INFO: READ @ DQS= bank = 0 row = 2000 col = 0000021b data = xxxx
tb_g14_scale_n256_mig.gen_mem[0].u_comp_ddr3.data_task: at time 144559966.0 ps INFO: READ @ DQS= bank = 0 row = 2000 col = 0000021c data = xxxx
tb_g14_scale_n256_mig.gen_mem[0].u_comp_ddr3.data_task: at time 144561466.0 ps INFO: READ @ DQS= bank = 0 row = 2000 col = 0000021d data = xxxx
tb_g14_scale_n256_mig.gen_mem[0].u_comp_ddr3.data_task: at time 144562966.0 ps INFO: READ @ DQS= bank = 0 row = 2000 col = 0000021e data = xxxx
tb_g14_scale_n256_mig.gen_mem[0].u_comp_ddr3.data_task: at time 144564466.0 ps INFO: READ @ DQS= bank = 0 row = 2000 col = 0000021f data = xxxx
tb_g14_scale_n256_mig.gen_mem[0].u_comp_ddr3.cmd_task: at time 144564466.0 ps INFO: Read      bank 0 col 228, auto precharge 0
tb_g14_scale_n256_mig.gen_mem[0].u_comp_ddr3.data_task: at time 144565966.0 ps INFO: READ @ DQS= bank = 0 row = 2000 col = 00000220 data = xxxx
tb_g14_scale_n256_mig.gen_mem[0].u_comp_ddr3.data_task: at time 144567466.0 ps INFO: READ @ DQS= bank = 0 row = 2000 col = 00000221 data = xxxx
tb_g14_scale_n256_mig.gen_mem[0].u_comp_ddr3.data_task: at time 144568966.0 ps INFO: READ @ DQS= bank = 0 row = 2000 col = 00000222 data = xxxx
tb_g14_scale_n256_mig.gen_mem[0].u_comp_ddr3.data_task: at time 144570466.0 ps INFO: READ @ DQS= bank = 0 row = 2000 col = 00000223 data = xxxx
tb_g14_scale_n256_mig.gen_mem[0].u_comp_ddr3.data_task: at time 144571966.0 ps INFO: READ @ DQS= bank = 0 row = 2000 col = 00000224 data = xxxx
tb_g14_scale_n256_mig.gen_mem[0].u_comp_ddr3.data_task: at time 144573466.0 ps INFO: READ @ DQS= bank = 0 row = 2000 col = 00000225 data = xxxx
tb_g14_scale_n256_mig.gen_mem[0].u_comp_ddr3.data_task: at time 144574966.0 ps INFO: READ @ DQS= bank = 0 row = 2000 col = 00000226 data = xxxx
tb_g14_scale_n256_mig.gen_mem[0].u_comp_ddr3.data_task: at time 144576466.0 ps INFO: READ @ DQS= bank = 0 row = 2000 col = 00000227 data = xxxx
tb_g14_scale_n256_mig.gen_mem[0].u_comp_ddr3.cmd_task: at time 144576466.0 ps INFO: Read      bank 0 col 230, auto precharge 0
tb_g14_scale_n256_mig.gen_mem[0].u_comp_ddr3.data_task: at time 144577966.0 ps INFO: READ @ DQS= bank = 0 row = 2000 col = 00000228 data = xxxx
tb_g14_scale_n256_mig.gen_mem[0].u_comp_ddr3.data_task: at time 144579466.0 ps INFO: READ @ DQS= bank = 0 row = 2000 col = 00000229 data = xxxx
tb_g14_scale_n256_mig.gen_mem[0].u_comp_ddr3.data_task: at time 144580966.0 ps INFO: READ @ DQS= bank = 0 row = 2000 col = 0000022a data = xxxx
tb_g14_scale_n256_mig.gen_mem[0].u_comp_ddr3.data_task: at time 144582466.0 ps INFO: READ @ DQS= bank = 0 row = 2000 col = 0000022b data = xxxx
tb_g14_scale_n256_mig.gen_mem[0].u_comp_ddr3.data_task: at time 144583966.0 ps INFO: READ @ DQS= bank = 0 row = 2000 col = 0000022c data = xxxx
tb_g14_scale_n256_mig.gen_mem[0].u_comp_ddr3.data_task: at time 144585466.0 ps INFO: READ @ DQS= bank = 0 row = 2000 col = 0000022d data = xxxx
tb_g14_scale_n256_mig.gen_mem[0].u_comp_ddr3.data_task: at time 144586966.0 ps INFO: READ @ DQS= bank = 0 row = 2000 col = 0000022e data = xxxx
tb_g14_scale_n256_mig.gen_mem[0].u_comp_ddr3.data_task: at time 144588466.0 ps INFO: READ @ DQS= bank = 0 row = 2000 col = 0000022f data = xxxx
tb_g14_scale_n256_mig.gen_mem[0].u_comp_ddr3.cmd_task: at time 144588466.0 ps INFO: Read      bank 0 col 238, auto precharge 0
tb_g14_scale_n256_mig.gen_mem[0].u_comp_ddr3.data_task: at time 144589966.0 ps INFO: READ @ DQS= bank = 0 row = 2000 col = 00000230 data = xxxx
tb_g14_scale_n256_mig.gen_mem[0].u_comp_ddr3.data_task: at time 144591466.0 ps INFO: READ @ DQS= bank = 0 row = 2000 col = 00000231 data = xxxx
tb_g14_scale_n256_mig.gen_mem[0].u_comp_ddr3.data_task: at time 144592966.0 ps INFO: READ @ DQS= bank = 0 row = 2000 col = 00000232 data = xxxx
tb_g14_scale_n256_mig.gen_mem[0].u_comp_ddr3.data_task: at time 144594466.0 ps INFO: READ @ DQS= bank = 0 row = 2000 col = 00000233 data = xxxx
tb_g14_scale_n256_mig.gen_mem[0].u_comp_ddr3.data_task: at time 144595966.0 ps INFO: READ @ DQS= bank = 0 row = 2000 col = 00000234 data = xxxx
tb_g14_scale_n256_mig.gen_mem[0].u_comp_ddr3.data_task: at time 144597466.0 ps INFO: READ @ DQS= bank = 0 row = 2000 col = 00000235 data = xxxx
tb_g14_scale_n256_mig.gen_mem[0].u_comp_ddr3.data_task: at time 144598966.0 ps INFO: READ @ DQS= bank = 0 row = 2000 col = 00000236 data = xxxx
tb_g14_scale_n256_mig.gen_mem[0].u_comp_ddr3.data_task: at time 144600466.0 ps INFO: READ @ DQS= bank = 0 row = 2000 col = 00000237 data = xxxx
tb_g14_scale_n256_mig.gen_mem[0].u_comp_ddr3.cmd_task: at time 144600466.0 ps INFO: Read      bank 0 col 240, auto precharge 0
tb_g14_scale_n256_mig.gen_mem[0].u_comp_ddr3.data_task: at time 144601966.0 ps INFO: READ @ DQS= bank = 0 row = 2000 col = 00000238 data = xxxx
tb_g14_scale_n256_mig.gen_mem[0].u_comp_ddr3.data_task: at time 144603466.0 ps INFO: READ @ DQS= bank = 0 row = 2000 col = 00000239 data = xxxx
tb_g14_scale_n256_mig.gen_mem[0].u_comp_ddr3.data_task: at time 144604966.0 ps INFO: READ @ DQS= bank = 0 row = 2000 col = 0000023a data = xxxx
tb_g14_scale_n256_mig.gen_mem[0].u_comp_ddr3.data_task: at time 144606466.0 ps INFO: READ @ DQS= bank = 0 row = 2000 col = 0000023b data = xxxx
tb_g14_scale_n256_mig.gen_mem[0].u_comp_ddr3.data_task: at time 144607966.0 ps INFO: READ @ DQS= bank = 0 row = 2000 col = 0000023c data = xxxx
tb_g14_scale_n256_mig.gen_mem[0].u_comp_ddr3.data_task: at time 144609466.0 ps INFO: READ @ DQS= bank = 0 row = 2000 col = 0000023d data = xxxx
tb_g14_scale_n256_mig.gen_mem[0].u_comp_ddr3.data_task: at time 144610966.0 ps INFO: READ @ DQS= bank = 0 row = 2000 col = 0000023e data = xxxx
tb_g14_scale_n256_mig.gen_mem[0].u_comp_ddr3.data_task: at time 144612466.0 ps INFO: READ @ DQS= bank = 0 row = 2000 col = 0000023f data = xxxx
tb_g14_scale_n256_mig.gen_mem[0].u_comp_ddr3.cmd_task: at time 144612466.0 ps INFO: Read      bank 0 col 248, auto precharge 0
tb_g14_scale_n256_mig.gen_mem[0].u_comp_ddr3.data_task: at time 144613966.0 ps INFO: READ @ DQS= bank = 0 row = 2000 col = 00000240 data = xxxx
tb_g14_scale_n256_mig.gen_mem[0].u_comp_ddr3.data_task: at time 144615466.0 ps INFO: READ @ DQS= bank = 0 row = 2000 col = 00000241 data = xxxx
tb_g14_scale_n256_mig.gen_mem[0].u_comp_ddr3.data_task: at time 144616966.0 ps INFO: READ @ DQS= bank = 0 row = 2000 col = 00000242 data = xxxx
tb_g14_scale_n256_mig.gen_mem[0].u_comp_ddr3.data_task: at time 144618466.0 ps INFO: READ @ DQS= bank = 0 row = 2000 col = 00000243 data = xxxx
tb_g14_scale_n256_mig.gen_mem[0].u_comp_ddr3.data_task: at time 144619966.0 ps INFO: READ @ DQS= bank = 0 row = 2000 col = 00000244 data = xxxx
tb_g14_scale_n256_mig.gen_mem[0].u_comp_ddr3.data_task: at time 144621466.0 ps INFO: READ @ DQS= bank = 0 row = 2000 col = 00000245 data = xxxx
tb_g14_scale_n256_mig.gen_mem[0].u_comp_ddr3.data_task: at time 144622966.0 ps INFO: READ @ DQS= bank = 0 row = 2000 col = 00000246 data = xxxx
tb_g14_scale_n256_mig.gen_mem[0].u_comp_ddr3.data_task: at time 144624466.0 ps INFO: READ @ DQS= bank = 0 row = 2000 col = 00000247 data = xxxx
tb_g14_scale_n256_mig.gen_mem[0].u_comp_ddr3.cmd_task: at time 144624466.0 ps INFO: Read      bank 0 col 250, auto precharge 0
tb_g14_scale_n256_mig.gen_mem[0].u_comp_ddr3.data_task: at time 144625966.0 ps INFO: READ @ DQS= bank = 0 row = 2000 col = 00000248 data = xxxx
tb_g14_scale_n256_mig.gen_mem[0].u_comp_ddr3.data_task: at time 144627466.0 ps INFO: READ @ DQS= bank = 0 row = 2000 col = 00000249 data = xxxx
tb_g14_scale_n256_mig.gen_mem[0].u_comp_ddr3.data_task: at time 144628966.0 ps INFO: READ @ DQS= bank = 0 row = 2000 col = 0000024a data = xxxx
tb_g14_scale_n256_mig.gen_mem[0].u_comp_ddr3.data_task: at time 144630466.0 ps INFO: READ @ DQS= bank = 0 row = 2000 col = 0000024b data = xxxx
tb_g14_scale_n256_mig.gen_mem[0].u_comp_ddr3.data_task: at time 144631966.0 ps INFO: READ @ DQS= bank = 0 row = 2000 col = 0000024c data = xxxx
tb_g14_scale_n256_mig.gen_mem[0].u_comp_ddr3.data_task: at time 144633466.0 ps INFO: READ @ DQS= bank = 0 row = 2000 col = 0000024d data = xxxx
tb_g14_scale_n256_mig.gen_mem[0].u_comp_ddr3.data_task: at time 144634966.0 ps INFO: READ @ DQS= bank = 0 row = 2000 col = 0000024e data = xxxx
tb_g14_scale_n256_mig.gen_mem[0].u_comp_ddr3.data_task: at time 144636466.0 ps INFO: READ @ DQS= bank = 0 row = 2000 col = 0000024f data = xxxx
tb_g14_scale_n256_mig.gen_mem[0].u_comp_ddr3.cmd_task: at time 144636466.0 ps INFO: Read      bank 0 col 258, auto precharge 0
tb_g14_scale_n256_mig.gen_mem[0].u_comp_ddr3.data_task: at time 144637966.0 ps INFO: READ @ DQS= bank = 0 row = 2000 col = 00000250 data = xxxx
tb_g14_scale_n256_mig.gen_mem[0].u_comp_ddr3.data_task: at time 144639466.0 ps INFO: READ @ DQS= bank = 0 row = 2000 col = 00000251 data = xxxx
tb_g14_scale_n256_mig.gen_mem[0].u_comp_ddr3.data_task: at time 144640966.0 ps INFO: READ @ DQS= bank = 0 row = 2000 col = 00000252 data = xxxx
tb_g14_scale_n256_mig.gen_mem[0].u_comp_ddr3.data_task: at time 144642466.0 ps INFO: READ @ DQS= bank = 0 row = 2000 col = 00000253 data = xxxx
tb_g14_scale_n256_mig.gen_mem[0].u_comp_ddr3.data_task: at time 144643966.0 ps INFO: READ @ DQS= bank = 0 row = 2000 col = 00000254 data = xxxx
tb_g14_scale_n256_mig.gen_mem[0].u_comp_ddr3.data_task: at time 144645466.0 ps INFO: READ @ DQS= bank = 0 row = 2000 col = 00000255 data = xxxx
tb_g14_scale_n256_mig.gen_mem[0].u_comp_ddr3.data_task: at time 144646966.0 ps INFO: READ @ DQS= bank = 0 row = 2000 col = 00000256 data = xxxx
tb_g14_scale_n256_mig.gen_mem[0].u_comp_ddr3.data_task: at time 144648466.0 ps INFO: READ @ DQS= bank = 0 row = 2000 col = 00000257 data = xxxx
tb_g14_scale_n256_mig.gen_mem[0].u_comp_ddr3.cmd_task: at time 144648466.0 ps INFO: Read      bank 0 col 260, auto precharge 0
tb_g14_scale_n256_mig.gen_mem[0].u_comp_ddr3.data_task: at time 144649966.0 ps INFO: READ @ DQS= bank = 0 row = 2000 col = 00000258 data = xxxx
tb_g14_scale_n256_mig.gen_mem[0].u_comp_ddr3.data_task: at time 144651466.0 ps INFO: READ @ DQS= bank = 0 row = 2000 col = 00000259 data = xxxx
tb_g14_scale_n256_mig.gen_mem[0].u_comp_ddr3.data_task: at time 144652966.0 ps INFO: READ @ DQS= bank = 0 row = 2000 col = 0000025a data = xxxx
tb_g14_scale_n256_mig.gen_mem[0].u_comp_ddr3.data_task: at time 144654466.0 ps INFO: READ @ DQS= bank = 0 row = 2000 col = 0000025b data = xxxx
tb_g14_scale_n256_mig.gen_mem[0].u_comp_ddr3.data_task: at time 144655966.0 ps INFO: READ @ DQS= bank = 0 row = 2000 col = 0000025c data = xxxx
tb_g14_scale_n256_mig.gen_mem[0].u_comp_ddr3.data_task: at time 144657466.0 ps INFO: READ @ DQS= bank = 0 row = 2000 col = 0000025d data = xxxx
tb_g14_scale_n256_mig.gen_mem[0].u_comp_ddr3.data_task: at time 144658966.0 ps INFO: READ @ DQS= bank = 0 row = 2000 col = 0000025e data = xxxx
tb_g14_scale_n256_mig.gen_mem[0].u_comp_ddr3.data_task: at time 144660466.0 ps INFO: READ @ DQS= bank = 0 row = 2000 col = 0000025f data = xxxx
tb_g14_scale_n256_mig.gen_mem[0].u_comp_ddr3.cmd_task: at time 144660466.0 ps INFO: Read      bank 0 col 268, auto precharge 0
tb_g14_scale_n256_mig.gen_mem[0].u_comp_ddr3.data_task: at time 144661966.0 ps INFO: READ @ DQS= bank = 0 row = 2000 col = 00000260 data = xxxx
tb_g14_scale_n256_mig.gen_mem[0].u_comp_ddr3.data_task: at time 144663466.0 ps INFO: READ @ DQS= bank = 0 row = 2000 col = 00000261 data = xxxx
tb_g14_scale_n256_mig.gen_mem[0].u_comp_ddr3.data_task: at time 144664966.0 ps INFO: READ @ DQS= bank = 0 row = 2000 col = 00000262 data = xxxx
tb_g14_scale_n256_mig.gen_mem[0].u_comp_ddr3.data_task: at time 144666466.0 ps INFO: READ @ DQS= bank = 0 row = 2000 col = 00000263 data = xxxx
tb_g14_scale_n256_mig.gen_mem[0].u_comp_ddr3.data_task: at time 144667966.0 ps INFO: READ @ DQS= bank = 0 row = 2000 col = 00000264 data = xxxx
tb_g14_scale_n256_mig.gen_mem[0].u_comp_ddr3.data_task: at time 144669466.0 ps INFO: READ @ DQS= bank = 0 row = 2000 col = 00000265 data = xxxx
tb_g14_scale_n256_mig.gen_mem[0].u_comp_ddr3.data_task: at time 144670966.0 ps INFO: READ @ DQS= bank = 0 row = 2000 col = 00000266 data = xxxx
tb_g14_scale_n256_mig.gen_mem[0].u_comp_ddr3.data_task: at time 144672466.0 ps INFO: READ @ DQS= bank = 0 row = 2000 col = 00000267 data = xxxx
tb_g14_scale_n256_mig.gen_mem[0].u_comp_ddr3.cmd_task: at time 144672466.0 ps INFO: Read      bank 0 col 270, auto precharge 0
tb_g14_scale_n256_mig.gen_mem[0].u_comp_ddr3.data_task: at time 144673966.0 ps INFO: READ @ DQS= bank = 0 row = 2000 col = 00000268 data = xxxx
tb_g14_scale_n256_mig.gen_mem[0].u_comp_ddr3.data_task: at time 144675466.0 ps INFO: READ @ DQS= bank = 0 row = 2000 col = 00000269 data = xxxx
tb_g14_scale_n256_mig.gen_mem[0].u_comp_ddr3.data_task: at time 144676966.0 ps INFO: READ @ DQS= bank = 0 row = 2000 col = 0000026a data = xxxx
tb_g14_scale_n256_mig.gen_mem[0].u_comp_ddr3.data_task: at time 144678466.0 ps INFO: READ @ DQS= bank = 0 row = 2000 col = 0000026b data = xxxx
tb_g14_scale_n256_mig.gen_mem[0].u_comp_ddr3.data_task: at time 144679966.0 ps INFO: READ @ DQS= bank = 0 row = 2000 col = 0000026c data = xxxx
tb_g14_scale_n256_mig.gen_mem[0].u_comp_ddr3.data_task: at time 144681466.0 ps INFO: READ @ DQS= bank = 0 row = 2000 col = 0000026d data = xxxx
tb_g14_scale_n256_mig.gen_mem[0].u_comp_ddr3.data_task: at time 144682966.0 ps INFO: READ @ DQS= bank = 0 row = 2000 col = 0000026e data = xxxx
tb_g14_scale_n256_mig.gen_mem[0].u_comp_ddr3.data_task: at time 144684466.0 ps INFO: READ @ DQS= bank = 0 row = 2000 col = 0000026f data = xxxx
tb_g14_scale_n256_mig.gen_mem[0].u_comp_ddr3.cmd_task: at time 144684466.0 ps INFO: Read      bank 0 col 278, auto precharge 0
tb_g14_scale_n256_mig.gen_mem[0].u_comp_ddr3.data_task: at time 144685966.0 ps INFO: READ @ DQS= bank = 0 row = 2000 col = 00000270 data = xxxx
tb_g14_scale_n256_mig.gen_mem[0].u_comp_ddr3.data_task: at time 144687466.0 ps INFO: READ @ DQS= bank = 0 row = 2000 col = 00000271 data = xxxx
tb_g14_scale_n256_mig.gen_mem[0].u_comp_ddr3.data_task: at time 144688966.0 ps INFO: READ @ DQS= bank = 0 row = 2000 col = 00000272 data = xxxx
tb_g14_scale_n256_mig.gen_mem[0].u_comp_ddr3.data_task: at time 144690466.0 ps INFO: READ @ DQS= bank = 0 row = 2000 col = 00000273 data = xxxx
tb_g14_scale_n256_mig.gen_mem[0].u_comp_ddr3.data_task: at time 144691966.0 ps INFO: READ @ DQS= bank = 0 row = 2000 col = 00000274 data = xxxx
tb_g14_scale_n256_mig.gen_mem[0].u_comp_ddr3.data_task: at time 144693466.0 ps INFO: READ @ DQS= bank = 0 row = 2000 col = 00000275 data = xxxx
tb_g14_scale_n256_mig.gen_mem[0].u_comp_ddr3.data_task: at time 144694966.0 ps INFO: READ @ DQS= bank = 0 row = 2000 col = 00000276 data = xxxx
tb_g14_scale_n256_mig.gen_mem[0].u_comp_ddr3.data_task: at time 144696466.0 ps INFO: READ @ DQS= bank = 0 row = 2000 col = 00000277 data = xxxx
tb_g14_scale_n256_mig.gen_mem[0].u_comp_ddr3.data_task: at time 144697966.0 ps INFO: READ @ DQS= bank = 0 row = 2000 col = 00000278 data = xxxx
tb_g14_scale_n256_mig.gen_mem[0].u_comp_ddr3.data_task: at time 144699466.0 ps INFO: READ @ DQS= bank = 0 row = 2000 col = 00000279 data = xxxx
tb_g14_scale_n256_mig.gen_mem[0].u_comp_ddr3.data_task: at time 144700966.0 ps INFO: READ @ DQS= bank = 0 row = 2000 col = 0000027a data = xxxx
tb_g14_scale_n256_mig.gen_mem[0].u_comp_ddr3.data_task: at time 144702466.0 ps INFO: READ @ DQS= bank = 0 row = 2000 col = 0000027b data = xxxx
tb_g14_scale_n256_mig.gen_mem[0].u_comp_ddr3.data_task: at time 144703966.0 ps INFO: READ @ DQS= bank = 0 row = 2000 col = 0000027c data = xxxx
tb_g14_scale_n256_mig.gen_mem[0].u_comp_ddr3.data_task: at time 144705466.0 ps INFO: READ @ DQS= bank = 0 row = 2000 col = 0000027d data = xxxx
tb_g14_scale_n256_mig.gen_mem[0].u_comp_ddr3.data_task: at time 144706966.0 ps INFO: READ @ DQS= bank = 0 row = 2000 col = 0000027e data = xxxx
tb_g14_scale_n256_mig.gen_mem[0].u_comp_ddr3.data_task: at time 144708466.0 ps INFO: READ @ DQS= bank = 0 row = 2000 col = 0000027f data = xxxx
tb_g14_scale_n256_mig.gen_mem[0].u_comp_ddr3.cmd_task: at time 144735466.0 ps INFO: Precharge bank   0
tb_g14_scale_n256_mig.gen_mem[0].u_comp_ddr3.cmd_task: at time 145641466.0 ps INFO: Activate  bank 0 row 2000
tb_g14_scale_n256_mig.gen_mem[0].u_comp_ddr3.cmd_task: at time 145656466.0 ps INFO: Read      bank 0 col 278, auto precharge 0
tb_g14_scale_n256_mig.gen_mem[0].u_comp_ddr3.cmd_task: at time 145668466.0 ps INFO: Read      bank 0 col 278, auto precharge 0
tb_g14_scale_n256_mig.gen_mem[0].u_comp_ddr3.data_task: at time 145669966.0 ps INFO: READ @ DQS= bank = 0 row = 2000 col = 00000278 data = xxxx
tb_g14_scale_n256_mig.gen_mem[0].u_comp_ddr3.data_task: at time 145671466.0 ps INFO: READ @ DQS= bank = 0 row = 2000 col = 00000279 data = xxxx
tb_g14_scale_n256_mig.gen_mem[0].u_comp_ddr3.data_task: at time 145672966.0 ps INFO: READ @ DQS= bank = 0 row = 2000 col = 0000027a data = xxxx
tb_g14_scale_n256_mig.gen_mem[0].u_comp_ddr3.data_task: at time 145674466.0 ps INFO: READ @ DQS= bank = 0 row = 2000 col = 0000027b data = xxxx
tb_g14_scale_n256_mig.gen_mem[0].u_comp_ddr3.data_task: at time 145675966.0 ps INFO: READ @ DQS= bank = 0 row = 2000 col = 0000027c data = xxxx
tb_g14_scale_n256_mig.gen_mem[0].u_comp_ddr3.data_task: at time 145677466.0 ps INFO: READ @ DQS= bank = 0 row = 2000 col = 0000027d data = xxxx
tb_g14_scale_n256_mig.gen_mem[0].u_comp_ddr3.data_task: at time 145678966.0 ps INFO: READ @ DQS= bank = 0 row = 2000 col = 0000027e data = xxxx
tb_g14_scale_n256_mig.gen_mem[0].u_comp_ddr3.data_task: at time 145680466.0 ps INFO: READ @ DQS= bank = 0 row = 2000 col = 0000027f data = xxxx
tb_g14_scale_n256_mig.gen_mem[0].u_comp_ddr3.data_task: at time 145681966.0 ps INFO: READ @ DQS= bank = 0 row = 2000 col = 00000278 data = xxxx
tb_g14_scale_n256_mig.gen_mem[0].u_comp_ddr3.data_task: at time 145683466.0 ps INFO: READ @ DQS= bank = 0 row = 2000 col = 00000279 data = xxxx
tb_g14_scale_n256_mig.gen_mem[0].u_comp_ddr3.data_task: at time 145684966.0 ps INFO: READ @ DQS= bank = 0 row = 2000 col = 0000027a data = xxxx
tb_g14_scale_n256_mig.gen_mem[0].u_comp_ddr3.data_task: at time 145686466.0 ps INFO: READ @ DQS= bank = 0 row = 2000 col = 0000027b data = xxxx
tb_g14_scale_n256_mig.gen_mem[0].u_comp_ddr3.data_task: at time 145687966.0 ps INFO: READ @ DQS= bank = 0 row = 2000 col = 0000027c data = xxxx
tb_g14_scale_n256_mig.gen_mem[0].u_comp_ddr3.data_task: at time 145689466.0 ps INFO: READ @ DQS= bank = 0 row = 2000 col = 0000027d data = xxxx
tb_g14_scale_n256_mig.gen_mem[0].u_comp_ddr3.data_task: at time 145690966.0 ps INFO: READ @ DQS= bank = 0 row = 2000 col = 0000027e data = xxxx
tb_g14_scale_n256_mig.gen_mem[0].u_comp_ddr3.data_task: at time 145692466.0 ps INFO: READ @ DQS= bank = 0 row = 2000 col = 0000027f data = xxxx
tb_g14_scale_n256_mig.gen_mem[0].u_comp_ddr3.cmd_task: at time 145719466.0 ps INFO: Precharge bank   0
tb_g14_scale_n256_mig.gen_mem[0].u_comp_ddr3.cmd_task: at time 146601466.0 ps INFO: Activate  bank 0 row 2000
tb_g14_scale_n256_mig.gen_mem[0].u_comp_ddr3.cmd_task: at time 146616466.0 ps INFO: Read      bank 0 col 278, auto precharge 0
tb_g14_scale_n256_mig.gen_mem[0].u_comp_ddr3.cmd_task: at time 146628466.0 ps INFO: Read      bank 0 col 278, auto precharge 0
tb_g14_scale_n256_mig.gen_mem[0].u_comp_ddr3.data_task: at time 146629966.0 ps INFO: READ @ DQS= bank = 0 row = 2000 col = 00000278 data = xxxx
tb_g14_scale_n256_mig.gen_mem[0].u_comp_ddr3.data_task: at time 146631466.0 ps INFO: READ @ DQS= bank = 0 row = 2000 col = 00000279 data = xxxx
tb_g14_scale_n256_mig.gen_mem[0].u_comp_ddr3.data_task: at time 146632966.0 ps INFO: READ @ DQS= bank = 0 row = 2000 col = 0000027a data = xxxx
tb_g14_scale_n256_mig.gen_mem[0].u_comp_ddr3.data_task: at time 146634466.0 ps INFO: READ @ DQS= bank = 0 row = 2000 col = 0000027b data = xxxx
tb_g14_scale_n256_mig.gen_mem[0].u_comp_ddr3.data_task: at time 146635966.0 ps INFO: READ @ DQS= bank = 0 row = 2000 col = 0000027c data = xxxx
tb_g14_scale_n256_mig.gen_mem[0].u_comp_ddr3.data_task: at time 146637466.0 ps INFO: READ @ DQS= bank = 0 row = 2000 col = 0000027d data = xxxx
tb_g14_scale_n256_mig.gen_mem[0].u_comp_ddr3.data_task: at time 146638966.0 ps INFO: READ @ DQS= bank = 0 row = 2000 col = 0000027e data = xxxx
tb_g14_scale_n256_mig.gen_mem[0].u_comp_ddr3.data_task: at time 146640466.0 ps INFO: READ @ DQS= bank = 0 row = 2000 col = 0000027f data = xxxx
tb_g14_scale_n256_mig.gen_mem[0].u_comp_ddr3.data_task: at time 146641966.0 ps INFO: READ @ DQS= bank = 0 row = 2000 col = 00000278 data = xxxx
tb_g14_scale_n256_mig.gen_mem[0].u_comp_ddr3.data_task: at time 146643466.0 ps INFO: READ @ DQS= bank = 0 row = 2000 col = 00000279 data = xxxx
tb_g14_scale_n256_mig.gen_mem[0].u_comp_ddr3.data_task: at time 146644966.0 ps INFO: READ @ DQS= bank = 0 row = 2000 col = 0000027a data = xxxx
tb_g14_scale_n256_mig.gen_mem[0].u_comp_ddr3.data_task: at time 146646466.0 ps INFO: READ @ DQS= bank = 0 row = 2000 col = 0000027b data = xxxx
tb_g14_scale_n256_mig.gen_mem[0].u_comp_ddr3.data_task: at time 146647966.0 ps INFO: READ @ DQS= bank = 0 row = 2000 col = 0000027c data = xxxx
tb_g14_scale_n256_mig.gen_mem[0].u_comp_ddr3.data_task: at time 146649466.0 ps INFO: READ @ DQS= bank = 0 row = 2000 col = 0000027d data = xxxx
tb_g14_scale_n256_mig.gen_mem[0].u_comp_ddr3.data_task: at time 146650966.0 ps INFO: READ @ DQS= bank = 0 row = 2000 col = 0000027e data = xxxx
tb_g14_scale_n256_mig.gen_mem[0].u_comp_ddr3.data_task: at time 146652466.0 ps INFO: READ @ DQS= bank = 0 row = 2000 col = 0000027f data = xxxx
tb_g14_scale_n256_mig.gen_mem[0].u_comp_ddr3.cmd_task: at time 146679466.0 ps INFO: Precharge bank   0
tb_g14_scale_n256_mig.gen_mem[0].u_comp_ddr3.cmd_task: at time 147429466.0 ps INFO: Activate  bank 0 row 2000
tb_g14_scale_n256_mig.gen_mem[0].u_comp_ddr3.cmd_task: at time 147444466.0 ps INFO: Read      bank 0 col 280, auto precharge 0
tb_g14_scale_n256_mig.gen_mem[0].u_comp_ddr3.cmd_task: at time 147456466.0 ps INFO: Read      bank 0 col 288, auto precharge 0
tb_g14_scale_n256_mig.gen_mem[0].u_comp_ddr3.data_task: at time 147457966.0 ps INFO: READ @ DQS= bank = 0 row = 2000 col = 00000280 data = xxxx
tb_g14_scale_n256_mig.gen_mem[0].u_comp_ddr3.data_task: at time 147459466.0 ps INFO: READ @ DQS= bank = 0 row = 2000 col = 00000281 data = xxxx
tb_g14_scale_n256_mig.gen_mem[0].u_comp_ddr3.data_task: at time 147460966.0 ps INFO: READ @ DQS= bank = 0 row = 2000 col = 00000282 data = xxxx
tb_g14_scale_n256_mig.gen_mem[0].u_comp_ddr3.data_task: at time 147462466.0 ps INFO: READ @ DQS= bank = 0 row = 2000 col = 00000283 data = xxxx
tb_g14_scale_n256_mig.gen_mem[0].u_comp_ddr3.data_task: at time 147463966.0 ps INFO: READ @ DQS= bank = 0 row = 2000 col = 00000284 data = xxxx
tb_g14_scale_n256_mig.gen_mem[0].u_comp_ddr3.data_task: at time 147465466.0 ps INFO: READ @ DQS= bank = 0 row = 2000 col = 00000285 data = xxxx
tb_g14_scale_n256_mig.gen_mem[0].u_comp_ddr3.data_task: at time 147466966.0 ps INFO: READ @ DQS= bank = 0 row = 2000 col = 00000286 data = xxxx
tb_g14_scale_n256_mig.gen_mem[0].u_comp_ddr3.data_task: at time 147468466.0 ps INFO: READ @ DQS= bank = 0 row = 2000 col = 00000287 data = xxxx
tb_g14_scale_n256_mig.gen_mem[0].u_comp_ddr3.cmd_task: at time 147468466.0 ps INFO: Read      bank 0 col 290, auto precharge 0
tb_g14_scale_n256_mig.gen_mem[0].u_comp_ddr3.data_task: at time 147469966.0 ps INFO: READ @ DQS= bank = 0 row = 2000 col = 00000288 data = xxxx
tb_g14_scale_n256_mig.gen_mem[0].u_comp_ddr3.data_task: at time 147471466.0 ps INFO: READ @ DQS= bank = 0 row = 2000 col = 00000289 data = xxxx
tb_g14_scale_n256_mig.gen_mem[0].u_comp_ddr3.data_task: at time 147472966.0 ps INFO: READ @ DQS= bank = 0 row = 2000 col = 0000028a data = xxxx
tb_g14_scale_n256_mig.gen_mem[0].u_comp_ddr3.data_task: at time 147474466.0 ps INFO: READ @ DQS= bank = 0 row = 2000 col = 0000028b data = xxxx
tb_g14_scale_n256_mig.gen_mem[0].u_comp_ddr3.data_task: at time 147475966.0 ps INFO: READ @ DQS= bank = 0 row = 2000 col = 0000028c data = xxxx
tb_g14_scale_n256_mig.gen_mem[0].u_comp_ddr3.data_task: at time 147477466.0 ps INFO: READ @ DQS= bank = 0 row = 2000 col = 0000028d data = xxxx
tb_g14_scale_n256_mig.gen_mem[0].u_comp_ddr3.data_task: at time 147478966.0 ps INFO: READ @ DQS= bank = 0 row = 2000 col = 0000028e data = xxxx
tb_g14_scale_n256_mig.gen_mem[0].u_comp_ddr3.data_task: at time 147480466.0 ps INFO: READ @ DQS= bank = 0 row = 2000 col = 0000028f data = xxxx
tb_g14_scale_n256_mig.gen_mem[0].u_comp_ddr3.cmd_task: at time 147480466.0 ps INFO: Read      bank 0 col 298, auto precharge 0
tb_g14_scale_n256_mig.gen_mem[0].u_comp_ddr3.data_task: at time 147481966.0 ps INFO: READ @ DQS= bank = 0 row = 2000 col = 00000290 data = xxxx
tb_g14_scale_n256_mig.gen_mem[0].u_comp_ddr3.data_task: at time 147483466.0 ps INFO: READ @ DQS= bank = 0 row = 2000 col = 00000291 data = xxxx
tb_g14_scale_n256_mig.gen_mem[0].u_comp_ddr3.data_task: at time 147484966.0 ps INFO: READ @ DQS= bank = 0 row = 2000 col = 00000292 data = xxxx
tb_g14_scale_n256_mig.gen_mem[0].u_comp_ddr3.data_task: at time 147486466.0 ps INFO: READ @ DQS= bank = 0 row = 2000 col = 00000293 data = xxxx
tb_g14_scale_n256_mig.gen_mem[0].u_comp_ddr3.data_task: at time 147487966.0 ps INFO: READ @ DQS= bank = 0 row = 2000 col = 00000294 data = xxxx
tb_g14_scale_n256_mig.gen_mem[0].u_comp_ddr3.data_task: at time 147489466.0 ps INFO: READ @ DQS= bank = 0 row = 2000 col = 00000295 data = xxxx
tb_g14_scale_n256_mig.gen_mem[0].u_comp_ddr3.data_task: at time 147490966.0 ps INFO: READ @ DQS= bank = 0 row = 2000 col = 00000296 data = xxxx
tb_g14_scale_n256_mig.gen_mem[0].u_comp_ddr3.data_task: at time 147492466.0 ps INFO: READ @ DQS= bank = 0 row = 2000 col = 00000297 data = xxxx
tb_g14_scale_n256_mig.gen_mem[0].u_comp_ddr3.cmd_task: at time 147492466.0 ps INFO: Read      bank 0 col 2a0, auto precharge 0
tb_g14_scale_n256_mig.gen_mem[0].u_comp_ddr3.data_task: at time 147493966.0 ps INFO: READ @ DQS= bank = 0 row = 2000 col = 00000298 data = xxxx
tb_g14_scale_n256_mig.gen_mem[0].u_comp_ddr3.data_task: at time 147495466.0 ps INFO: READ @ DQS= bank = 0 row = 2000 col = 00000299 data = xxxx
tb_g14_scale_n256_mig.gen_mem[0].u_comp_ddr3.data_task: at time 147496966.0 ps INFO: READ @ DQS= bank = 0 row = 2000 col = 0000029a data = xxxx
tb_g14_scale_n256_mig.gen_mem[0].u_comp_ddr3.data_task: at time 147498466.0 ps INFO: READ @ DQS= bank = 0 row = 2000 col = 0000029b data = xxxx
tb_g14_scale_n256_mig.gen_mem[0].u_comp_ddr3.data_task: at time 147499966.0 ps INFO: READ @ DQS= bank = 0 row = 2000 col = 0000029c data = xxxx
tb_g14_scale_n256_mig.gen_mem[0].u_comp_ddr3.data_task: at time 147501466.0 ps INFO: READ @ DQS= bank = 0 row = 2000 col = 0000029d data = xxxx
tb_g14_scale_n256_mig.gen_mem[0].u_comp_ddr3.data_task: at time 147502966.0 ps INFO: READ @ DQS= bank = 0 row = 2000 col = 0000029e data = xxxx
tb_g14_scale_n256_mig.gen_mem[0].u_comp_ddr3.data_task: at time 147504466.0 ps INFO: READ @ DQS= bank = 0 row = 2000 col = 0000029f data = xxxx
tb_g14_scale_n256_mig.gen_mem[0].u_comp_ddr3.cmd_task: at time 147504466.0 ps INFO: Read      bank 0 col 2a8, auto precharge 0
tb_g14_scale_n256_mig.gen_mem[0].u_comp_ddr3.data_task: at time 147505966.0 ps INFO: READ @ DQS= bank = 0 row = 2000 col = 000002a0 data = xxxx
tb_g14_scale_n256_mig.gen_mem[0].u_comp_ddr3.data_task: at time 147507466.0 ps INFO: READ @ DQS= bank = 0 row = 2000 col = 000002a1 data = xxxx
tb_g14_scale_n256_mig.gen_mem[0].u_comp_ddr3.data_task: at time 147508966.0 ps INFO: READ @ DQS= bank = 0 row = 2000 col = 000002a2 data = xxxx
tb_g14_scale_n256_mig.gen_mem[0].u_comp_ddr3.data_task: at time 147510466.0 ps INFO: READ @ DQS= bank = 0 row = 2000 col = 000002a3 data = xxxx
tb_g14_scale_n256_mig.gen_mem[0].u_comp_ddr3.data_task: at time 147511966.0 ps INFO: READ @ DQS= bank = 0 row = 2000 col = 000002a4 data = xxxx
tb_g14_scale_n256_mig.gen_mem[0].u_comp_ddr3.data_task: at time 147513466.0 ps INFO: READ @ DQS= bank = 0 row = 2000 col = 000002a5 data = xxxx
tb_g14_scale_n256_mig.gen_mem[0].u_comp_ddr3.data_task: at time 147514966.0 ps INFO: READ @ DQS= bank = 0 row = 2000 col = 000002a6 data = xxxx
tb_g14_scale_n256_mig.gen_mem[0].u_comp_ddr3.data_task: at time 147516466.0 ps INFO: READ @ DQS= bank = 0 row = 2000 col = 000002a7 data = xxxx
tb_g14_scale_n256_mig.gen_mem[0].u_comp_ddr3.cmd_task: at time 147516466.0 ps INFO: Read      bank 0 col 2b0, auto precharge 0
tb_g14_scale_n256_mig.gen_mem[0].u_comp_ddr3.data_task: at time 147517966.0 ps INFO: READ @ DQS= bank = 0 row = 2000 col = 000002a8 data = xxxx
tb_g14_scale_n256_mig.gen_mem[0].u_comp_ddr3.data_task: at time 147519466.0 ps INFO: READ @ DQS= bank = 0 row = 2000 col = 000002a9 data = xxxx
tb_g14_scale_n256_mig.gen_mem[0].u_comp_ddr3.data_task: at time 147520966.0 ps INFO: READ @ DQS= bank = 0 row = 2000 col = 000002aa data = xxxx
tb_g14_scale_n256_mig.gen_mem[0].u_comp_ddr3.data_task: at time 147522466.0 ps INFO: READ @ DQS= bank = 0 row = 2000 col = 000002ab data = xxxx
tb_g14_scale_n256_mig.gen_mem[0].u_comp_ddr3.data_task: at time 147523966.0 ps INFO: READ @ DQS= bank = 0 row = 2000 col = 000002ac data = xxxx
tb_g14_scale_n256_mig.gen_mem[0].u_comp_ddr3.data_task: at time 147525466.0 ps INFO: READ @ DQS= bank = 0 row = 2000 col = 000002ad data = xxxx
tb_g14_scale_n256_mig.gen_mem[0].u_comp_ddr3.data_task: at time 147526966.0 ps INFO: READ @ DQS= bank = 0 row = 2000 col = 000002ae data = xxxx
tb_g14_scale_n256_mig.gen_mem[0].u_comp_ddr3.data_task: at time 147528466.0 ps INFO: READ @ DQS= bank = 0 row = 2000 col = 000002af data = xxxx
tb_g14_scale_n256_mig.gen_mem[0].u_comp_ddr3.cmd_task: at time 147528466.0 ps INFO: Read      bank 0 col 2b8, auto precharge 0
tb_g14_scale_n256_mig.gen_mem[0].u_comp_ddr3.data_task: at time 147529966.0 ps INFO: READ @ DQS= bank = 0 row = 2000 col = 000002b0 data = xxxx
tb_g14_scale_n256_mig.gen_mem[0].u_comp_ddr3.data_task: at time 147531466.0 ps INFO: READ @ DQS= bank = 0 row = 2000 col = 000002b1 data = xxxx
tb_g14_scale_n256_mig.gen_mem[0].u_comp_ddr3.data_task: at time 147532966.0 ps INFO: READ @ DQS= bank = 0 row = 2000 col = 000002b2 data = xxxx
tb_g14_scale_n256_mig.gen_mem[0].u_comp_ddr3.data_task: at time 147534466.0 ps INFO: READ @ DQS= bank = 0 row = 2000 col = 000002b3 data = xxxx
tb_g14_scale_n256_mig.gen_mem[0].u_comp_ddr3.data_task: at time 147535966.0 ps INFO: READ @ DQS= bank = 0 row = 2000 col = 000002b4 data = xxxx
tb_g14_scale_n256_mig.gen_mem[0].u_comp_ddr3.data_task: at time 147537466.0 ps INFO: READ @ DQS= bank = 0 row = 2000 col = 000002b5 data = xxxx
tb_g14_scale_n256_mig.gen_mem[0].u_comp_ddr3.data_task: at time 147538966.0 ps INFO: READ @ DQS= bank = 0 row = 2000 col = 000002b6 data = xxxx
tb_g14_scale_n256_mig.gen_mem[0].u_comp_ddr3.data_task: at time 147540466.0 ps INFO: READ @ DQS= bank = 0 row = 2000 col = 000002b7 data = xxxx
tb_g14_scale_n256_mig.gen_mem[0].u_comp_ddr3.cmd_task: at time 147540466.0 ps INFO: Read      bank 0 col 2c0, auto precharge 0
tb_g14_scale_n256_mig.gen_mem[0].u_comp_ddr3.data_task: at time 147541966.0 ps INFO: READ @ DQS= bank = 0 row = 2000 col = 000002b8 data = xxxx
tb_g14_scale_n256_mig.gen_mem[0].u_comp_ddr3.data_task: at time 147543466.0 ps INFO: READ @ DQS= bank = 0 row = 2000 col = 000002b9 data = xxxx
tb_g14_scale_n256_mig.gen_mem[0].u_comp_ddr3.data_task: at time 147544966.0 ps INFO: READ @ DQS= bank = 0 row = 2000 col = 000002ba data = xxxx
tb_g14_scale_n256_mig.gen_mem[0].u_comp_ddr3.data_task: at time 147546466.0 ps INFO: READ @ DQS= bank = 0 row = 2000 col = 000002bb data = xxxx
tb_g14_scale_n256_mig.gen_mem[0].u_comp_ddr3.data_task: at time 147547966.0 ps INFO: READ @ DQS= bank = 0 row = 2000 col = 000002bc data = xxxx
tb_g14_scale_n256_mig.gen_mem[0].u_comp_ddr3.data_task: at time 147549466.0 ps INFO: READ @ DQS= bank = 0 row = 2000 col = 000002bd data = xxxx
tb_g14_scale_n256_mig.gen_mem[0].u_comp_ddr3.data_task: at time 147550966.0 ps INFO: READ @ DQS= bank = 0 row = 2000 col = 000002be data = xxxx
tb_g14_scale_n256_mig.gen_mem[0].u_comp_ddr3.data_task: at time 147552466.0 ps INFO: READ @ DQS= bank = 0 row = 2000 col = 000002bf data = xxxx
tb_g14_scale_n256_mig.gen_mem[0].u_comp_ddr3.cmd_task: at time 147552466.0 ps INFO: Read      bank 0 col 2c8, auto precharge 0
tb_g14_scale_n256_mig.gen_mem[0].u_comp_ddr3.data_task: at time 147553966.0 ps INFO: READ @ DQS= bank = 0 row = 2000 col = 000002c0 data = xxxx
tb_g14_scale_n256_mig.gen_mem[0].u_comp_ddr3.data_task: at time 147555466.0 ps INFO: READ @ DQS= bank = 0 row = 2000 col = 000002c1 data = xxxx
tb_g14_scale_n256_mig.gen_mem[0].u_comp_ddr3.data_task: at time 147556966.0 ps INFO: READ @ DQS= bank = 0 row = 2000 col = 000002c2 data = xxxx
tb_g14_scale_n256_mig.gen_mem[0].u_comp_ddr3.data_task: at time 147558466.0 ps INFO: READ @ DQS= bank = 0 row = 2000 col = 000002c3 data = xxxx
tb_g14_scale_n256_mig.gen_mem[0].u_comp_ddr3.data_task: at time 147559966.0 ps INFO: READ @ DQS= bank = 0 row = 2000 col = 000002c4 data = xxxx
tb_g14_scale_n256_mig.gen_mem[0].u_comp_ddr3.data_task: at time 147561466.0 ps INFO: READ @ DQS= bank = 0 row = 2000 col = 000002c5 data = xxxx
tb_g14_scale_n256_mig.gen_mem[0].u_comp_ddr3.data_task: at time 147562966.0 ps INFO: READ @ DQS= bank = 0 row = 2000 col = 000002c6 data = xxxx
tb_g14_scale_n256_mig.gen_mem[0].u_comp_ddr3.data_task: at time 147564466.0 ps INFO: READ @ DQS= bank = 0 row = 2000 col = 000002c7 data = xxxx
tb_g14_scale_n256_mig.gen_mem[0].u_comp_ddr3.cmd_task: at time 147564466.0 ps INFO: Read      bank 0 col 2d0, auto precharge 0
tb_g14_scale_n256_mig.gen_mem[0].u_comp_ddr3.data_task: at time 147565966.0 ps INFO: READ @ DQS= bank = 0 row = 2000 col = 000002c8 data = xxxx
tb_g14_scale_n256_mig.gen_mem[0].u_comp_ddr3.data_task: at time 147567466.0 ps INFO: READ @ DQS= bank = 0 row = 2000 col = 000002c9 data = xxxx
tb_g14_scale_n256_mig.gen_mem[0].u_comp_ddr3.data_task: at time 147568966.0 ps INFO: READ @ DQS= bank = 0 row = 2000 col = 000002ca data = xxxx
tb_g14_scale_n256_mig.gen_mem[0].u_comp_ddr3.data_task: at time 147570466.0 ps INFO: READ @ DQS= bank = 0 row = 2000 col = 000002cb data = xxxx
tb_g14_scale_n256_mig.gen_mem[0].u_comp_ddr3.data_task: at time 147571966.0 ps INFO: READ @ DQS= bank = 0 row = 2000 col = 000002cc data = xxxx
tb_g14_scale_n256_mig.gen_mem[0].u_comp_ddr3.data_task: at time 147573466.0 ps INFO: READ @ DQS= bank = 0 row = 2000 col = 000002cd data = xxxx
tb_g14_scale_n256_mig.gen_mem[0].u_comp_ddr3.data_task: at time 147574966.0 ps INFO: READ @ DQS= bank = 0 row = 2000 col = 000002ce data = xxxx
tb_g14_scale_n256_mig.gen_mem[0].u_comp_ddr3.data_task: at time 147576466.0 ps INFO: READ @ DQS= bank = 0 row = 2000 col = 000002cf data = xxxx
tb_g14_scale_n256_mig.gen_mem[0].u_comp_ddr3.cmd_task: at time 147576466.0 ps INFO: Read      bank 0 col 2d8, auto precharge 0
tb_g14_scale_n256_mig.gen_mem[0].u_comp_ddr3.data_task: at time 147577966.0 ps INFO: READ @ DQS= bank = 0 row = 2000 col = 000002d0 data = xxxx
tb_g14_scale_n256_mig.gen_mem[0].u_comp_ddr3.data_task: at time 147579466.0 ps INFO: READ @ DQS= bank = 0 row = 2000 col = 000002d1 data = xxxx
tb_g14_scale_n256_mig.gen_mem[0].u_comp_ddr3.data_task: at time 147580966.0 ps INFO: READ @ DQS= bank = 0 row = 2000 col = 000002d2 data = xxxx
tb_g14_scale_n256_mig.gen_mem[0].u_comp_ddr3.data_task: at time 147582466.0 ps INFO: READ @ DQS= bank = 0 row = 2000 col = 000002d3 data = xxxx
tb_g14_scale_n256_mig.gen_mem[0].u_comp_ddr3.data_task: at time 147583966.0 ps INFO: READ @ DQS= bank = 0 row = 2000 col = 000002d4 data = xxxx
tb_g14_scale_n256_mig.gen_mem[0].u_comp_ddr3.data_task: at time 147585466.0 ps INFO: READ @ DQS= bank = 0 row = 2000 col = 000002d5 data = xxxx
tb_g14_scale_n256_mig.gen_mem[0].u_comp_ddr3.data_task: at time 147586966.0 ps INFO: READ @ DQS= bank = 0 row = 2000 col = 000002d6 data = xxxx
tb_g14_scale_n256_mig.gen_mem[0].u_comp_ddr3.data_task: at time 147588466.0 ps INFO: READ @ DQS= bank = 0 row = 2000 col = 000002d7 data = xxxx
tb_g14_scale_n256_mig.gen_mem[0].u_comp_ddr3.cmd_task: at time 147588466.0 ps INFO: Read      bank 0 col 2e0, auto precharge 0
tb_g14_scale_n256_mig.gen_mem[0].u_comp_ddr3.data_task: at time 147589966.0 ps INFO: READ @ DQS= bank = 0 row = 2000 col = 000002d8 data = xxxx
tb_g14_scale_n256_mig.gen_mem[0].u_comp_ddr3.data_task: at time 147591466.0 ps INFO: READ @ DQS= bank = 0 row = 2000 col = 000002d9 data = xxxx
tb_g14_scale_n256_mig.gen_mem[0].u_comp_ddr3.data_task: at time 147592966.0 ps INFO: READ @ DQS= bank = 0 row = 2000 col = 000002da data = xxxx
tb_g14_scale_n256_mig.gen_mem[0].u_comp_ddr3.data_task: at time 147594466.0 ps INFO: READ @ DQS= bank = 0 row = 2000 col = 000002db data = xxxx
tb_g14_scale_n256_mig.gen_mem[0].u_comp_ddr3.data_task: at time 147595966.0 ps INFO: READ @ DQS= bank = 0 row = 2000 col = 000002dc data = xxxx
tb_g14_scale_n256_mig.gen_mem[0].u_comp_ddr3.data_task: at time 147597466.0 ps INFO: READ @ DQS= bank = 0 row = 2000 col = 000002dd data = xxxx
tb_g14_scale_n256_mig.gen_mem[0].u_comp_ddr3.data_task: at time 147598966.0 ps INFO: READ @ DQS= bank = 0 row = 2000 col = 000002de data = xxxx
tb_g14_scale_n256_mig.gen_mem[0].u_comp_ddr3.data_task: at time 147600466.0 ps INFO: READ @ DQS= bank = 0 row = 2000 col = 000002df data = xxxx
tb_g14_scale_n256_mig.gen_mem[0].u_comp_ddr3.cmd_task: at time 147600466.0 ps INFO: Read      bank 0 col 2e8, auto precharge 0
tb_g14_scale_n256_mig.gen_mem[0].u_comp_ddr3.data_task: at time 147601966.0 ps INFO: READ @ DQS= bank = 0 row = 2000 col = 000002e0 data = xxxx
tb_g14_scale_n256_mig.gen_mem[0].u_comp_ddr3.data_task: at time 147603466.0 ps INFO: READ @ DQS= bank = 0 row = 2000 col = 000002e1 data = xxxx
tb_g14_scale_n256_mig.gen_mem[0].u_comp_ddr3.data_task: at time 147604966.0 ps INFO: READ @ DQS= bank = 0 row = 2000 col = 000002e2 data = xxxx
tb_g14_scale_n256_mig.gen_mem[0].u_comp_ddr3.data_task: at time 147606466.0 ps INFO: READ @ DQS= bank = 0 row = 2000 col = 000002e3 data = xxxx
tb_g14_scale_n256_mig.gen_mem[0].u_comp_ddr3.data_task: at time 147607966.0 ps INFO: READ @ DQS= bank = 0 row = 2000 col = 000002e4 data = xxxx
tb_g14_scale_n256_mig.gen_mem[0].u_comp_ddr3.data_task: at time 147609466.0 ps INFO: READ @ DQS= bank = 0 row = 2000 col = 000002e5 data = xxxx
tb_g14_scale_n256_mig.gen_mem[0].u_comp_ddr3.data_task: at time 147610966.0 ps INFO: READ @ DQS= bank = 0 row = 2000 col = 000002e6 data = xxxx
tb_g14_scale_n256_mig.gen_mem[0].u_comp_ddr3.data_task: at time 147612466.0 ps INFO: READ @ DQS= bank = 0 row = 2000 col = 000002e7 data = xxxx
tb_g14_scale_n256_mig.gen_mem[0].u_comp_ddr3.cmd_task: at time 147612466.0 ps INFO: Read      bank 0 col 2f0, auto precharge 0
tb_g14_scale_n256_mig.gen_mem[0].u_comp_ddr3.data_task: at time 147613966.0 ps INFO: READ @ DQS= bank = 0 row = 2000 col = 000002e8 data = xxxx
tb_g14_scale_n256_mig.gen_mem[0].u_comp_ddr3.data_task: at time 147615466.0 ps INFO: READ @ DQS= bank = 0 row = 2000 col = 000002e9 data = xxxx
tb_g14_scale_n256_mig.gen_mem[0].u_comp_ddr3.data_task: at time 147616966.0 ps INFO: READ @ DQS= bank = 0 row = 2000 col = 000002ea data = xxxx
tb_g14_scale_n256_mig.gen_mem[0].u_comp_ddr3.data_task: at time 147618466.0 ps INFO: READ @ DQS= bank = 0 row = 2000 col = 000002eb data = xxxx
tb_g14_scale_n256_mig.gen_mem[0].u_comp_ddr3.data_task: at time 147619966.0 ps INFO: READ @ DQS= bank = 0 row = 2000 col = 000002ec data = xxxx
tb_g14_scale_n256_mig.gen_mem[0].u_comp_ddr3.data_task: at time 147621466.0 ps INFO: READ @ DQS= bank = 0 row = 2000 col = 000002ed data = xxxx
tb_g14_scale_n256_mig.gen_mem[0].u_comp_ddr3.data_task: at time 147622966.0 ps INFO: READ @ DQS= bank = 0 row = 2000 col = 000002ee data = xxxx
tb_g14_scale_n256_mig.gen_mem[0].u_comp_ddr3.data_task: at time 147624466.0 ps INFO: READ @ DQS= bank = 0 row = 2000 col = 000002ef data = xxxx
tb_g14_scale_n256_mig.gen_mem[0].u_comp_ddr3.cmd_task: at time 147624466.0 ps INFO: Read      bank 0 col 2f8, auto precharge 0
tb_g14_scale_n256_mig.gen_mem[0].u_comp_ddr3.data_task: at time 147625966.0 ps INFO: READ @ DQS= bank = 0 row = 2000 col = 000002f0 data = xxxx
tb_g14_scale_n256_mig.gen_mem[0].u_comp_ddr3.data_task: at time 147627466.0 ps INFO: READ @ DQS= bank = 0 row = 2000 col = 000002f1 data = xxxx
tb_g14_scale_n256_mig.gen_mem[0].u_comp_ddr3.data_task: at time 147628966.0 ps INFO: READ @ DQS= bank = 0 row = 2000 col = 000002f2 data = xxxx
tb_g14_scale_n256_mig.gen_mem[0].u_comp_ddr3.data_task: at time 147630466.0 ps INFO: READ @ DQS= bank = 0 row = 2000 col = 000002f3 data = xxxx
tb_g14_scale_n256_mig.gen_mem[0].u_comp_ddr3.data_task: at time 147631966.0 ps INFO: READ @ DQS= bank = 0 row = 2000 col = 000002f4 data = xxxx
tb_g14_scale_n256_mig.gen_mem[0].u_comp_ddr3.data_task: at time 147633466.0 ps INFO: READ @ DQS= bank = 0 row = 2000 col = 000002f5 data = xxxx
tb_g14_scale_n256_mig.gen_mem[0].u_comp_ddr3.data_task: at time 147634966.0 ps INFO: READ @ DQS= bank = 0 row = 2000 col = 000002f6 data = xxxx
tb_g14_scale_n256_mig.gen_mem[0].u_comp_ddr3.data_task: at time 147636466.0 ps INFO: READ @ DQS= bank = 0 row = 2000 col = 000002f7 data = xxxx
tb_g14_scale_n256_mig.gen_mem[0].u_comp_ddr3.data_task: at time 147637966.0 ps INFO: READ @ DQS= bank = 0 row = 2000 col = 000002f8 data = xxxx
tb_g14_scale_n256_mig.gen_mem[0].u_comp_ddr3.data_task: at time 147639466.0 ps INFO: READ @ DQS= bank = 0 row = 2000 col = 000002f9 data = xxxx
tb_g14_scale_n256_mig.gen_mem[0].u_comp_ddr3.data_task: at time 147640966.0 ps INFO: READ @ DQS= bank = 0 row = 2000 col = 000002fa data = xxxx
tb_g14_scale_n256_mig.gen_mem[0].u_comp_ddr3.data_task: at time 147642466.0 ps INFO: READ @ DQS= bank = 0 row = 2000 col = 000002fb data = xxxx
tb_g14_scale_n256_mig.gen_mem[0].u_comp_ddr3.data_task: at time 147643966.0 ps INFO: READ @ DQS= bank = 0 row = 2000 col = 000002fc data = xxxx
tb_g14_scale_n256_mig.gen_mem[0].u_comp_ddr3.data_task: at time 147645466.0 ps INFO: READ @ DQS= bank = 0 row = 2000 col = 000002fd data = xxxx
tb_g14_scale_n256_mig.gen_mem[0].u_comp_ddr3.data_task: at time 147646966.0 ps INFO: READ @ DQS= bank = 0 row = 2000 col = 000002fe data = xxxx
tb_g14_scale_n256_mig.gen_mem[0].u_comp_ddr3.data_task: at time 147648466.0 ps INFO: READ @ DQS= bank = 0 row = 2000 col = 000002ff data = xxxx
tb_g14_scale_n256_mig.gen_mem[0].u_comp_ddr3.cmd_task: at time 147675466.0 ps INFO: Precharge bank   0
tb_g14_scale_n256_mig.gen_mem[0].u_comp_ddr3.cmd_task: at time 148521466.0 ps INFO: Activate  bank 0 row 2000
tb_g14_scale_n256_mig.gen_mem[0].u_comp_ddr3.cmd_task: at time 148536466.0 ps INFO: Read      bank 0 col 2f8, auto precharge 0
tb_g14_scale_n256_mig.gen_mem[0].u_comp_ddr3.cmd_task: at time 148548466.0 ps INFO: Read      bank 0 col 2f8, auto precharge 0
tb_g14_scale_n256_mig.gen_mem[0].u_comp_ddr3.data_task: at time 148549966.0 ps INFO: READ @ DQS= bank = 0 row = 2000 col = 000002f8 data = xxxx
tb_g14_scale_n256_mig.gen_mem[0].u_comp_ddr3.data_task: at time 148551466.0 ps INFO: READ @ DQS= bank = 0 row = 2000 col = 000002f9 data = xxxx
tb_g14_scale_n256_mig.gen_mem[0].u_comp_ddr3.data_task: at time 148552966.0 ps INFO: READ @ DQS= bank = 0 row = 2000 col = 000002fa data = xxxx
tb_g14_scale_n256_mig.gen_mem[0].u_comp_ddr3.data_task: at time 148554466.0 ps INFO: READ @ DQS= bank = 0 row = 2000 col = 000002fb data = xxxx
tb_g14_scale_n256_mig.gen_mem[0].u_comp_ddr3.data_task: at time 148555966.0 ps INFO: READ @ DQS= bank = 0 row = 2000 col = 000002fc data = xxxx
tb_g14_scale_n256_mig.gen_mem[0].u_comp_ddr3.data_task: at time 148557466.0 ps INFO: READ @ DQS= bank = 0 row = 2000 col = 000002fd data = xxxx
tb_g14_scale_n256_mig.gen_mem[0].u_comp_ddr3.data_task: at time 148558966.0 ps INFO: READ @ DQS= bank = 0 row = 2000 col = 000002fe data = xxxx
tb_g14_scale_n256_mig.gen_mem[0].u_comp_ddr3.data_task: at time 148560466.0 ps INFO: READ @ DQS= bank = 0 row = 2000 col = 000002ff data = xxxx
tb_g14_scale_n256_mig.gen_mem[0].u_comp_ddr3.data_task: at time 148561966.0 ps INFO: READ @ DQS= bank = 0 row = 2000 col = 000002f8 data = xxxx
tb_g14_scale_n256_mig.gen_mem[0].u_comp_ddr3.data_task: at time 148563466.0 ps INFO: READ @ DQS= bank = 0 row = 2000 col = 000002f9 data = xxxx
tb_g14_scale_n256_mig.gen_mem[0].u_comp_ddr3.data_task: at time 148564966.0 ps INFO: READ @ DQS= bank = 0 row = 2000 col = 000002fa data = xxxx
tb_g14_scale_n256_mig.gen_mem[0].u_comp_ddr3.data_task: at time 148566466.0 ps INFO: READ @ DQS= bank = 0 row = 2000 col = 000002fb data = xxxx
tb_g14_scale_n256_mig.gen_mem[0].u_comp_ddr3.data_task: at time 148567966.0 ps INFO: READ @ DQS= bank = 0 row = 2000 col = 000002fc data = xxxx
tb_g14_scale_n256_mig.gen_mem[0].u_comp_ddr3.data_task: at time 148569466.0 ps INFO: READ @ DQS= bank = 0 row = 2000 col = 000002fd data = xxxx
tb_g14_scale_n256_mig.gen_mem[0].u_comp_ddr3.data_task: at time 148570966.0 ps INFO: READ @ DQS= bank = 0 row = 2000 col = 000002fe data = xxxx
tb_g14_scale_n256_mig.gen_mem[0].u_comp_ddr3.data_task: at time 148572466.0 ps INFO: READ @ DQS= bank = 0 row = 2000 col = 000002ff data = xxxx
tb_g14_scale_n256_mig.gen_mem[0].u_comp_ddr3.cmd_task: at time 148599466.0 ps INFO: Precharge bank   0
tb_g14_scale_n256_mig.gen_mem[0].u_comp_ddr3.cmd_task: at time 149481466.0 ps INFO: Activate  bank 0 row 2000
tb_g14_scale_n256_mig.gen_mem[0].u_comp_ddr3.cmd_task: at time 149496466.0 ps INFO: Read      bank 0 col 2f8, auto precharge 0
tb_g14_scale_n256_mig.gen_mem[0].u_comp_ddr3.cmd_task: at time 149508466.0 ps INFO: Read      bank 0 col 2f8, auto precharge 0
tb_g14_scale_n256_mig.gen_mem[0].u_comp_ddr3.data_task: at time 149509966.0 ps INFO: READ @ DQS= bank = 0 row = 2000 col = 000002f8 data = xxxx
tb_g14_scale_n256_mig.gen_mem[0].u_comp_ddr3.data_task: at time 149511466.0 ps INFO: READ @ DQS= bank = 0 row = 2000 col = 000002f9 data = xxxx
tb_g14_scale_n256_mig.gen_mem[0].u_comp_ddr3.data_task: at time 149512966.0 ps INFO: READ @ DQS= bank = 0 row = 2000 col = 000002fa data = xxxx
tb_g14_scale_n256_mig.gen_mem[0].u_comp_ddr3.data_task: at time 149514466.0 ps INFO: READ @ DQS= bank = 0 row = 2000 col = 000002fb data = xxxx
tb_g14_scale_n256_mig.gen_mem[0].u_comp_ddr3.data_task: at time 149515966.0 ps INFO: READ @ DQS= bank = 0 row = 2000 col = 000002fc data = xxxx
tb_g14_scale_n256_mig.gen_mem[0].u_comp_ddr3.data_task: at time 149517466.0 ps INFO: READ @ DQS= bank = 0 row = 2000 col = 000002fd data = xxxx
tb_g14_scale_n256_mig.gen_mem[0].u_comp_ddr3.data_task: at time 149518966.0 ps INFO: READ @ DQS= bank = 0 row = 2000 col = 000002fe data = xxxx
tb_g14_scale_n256_mig.gen_mem[0].u_comp_ddr3.data_task: at time 149520466.0 ps INFO: READ @ DQS= bank = 0 row = 2000 col = 000002ff data = xxxx
tb_g14_scale_n256_mig.gen_mem[0].u_comp_ddr3.data_task: at time 149521966.0 ps INFO: READ @ DQS= bank = 0 row = 2000 col = 000002f8 data = xxxx
tb_g14_scale_n256_mig.gen_mem[0].u_comp_ddr3.data_task: at time 149523466.0 ps INFO: READ @ DQS= bank = 0 row = 2000 col = 000002f9 data = xxxx
tb_g14_scale_n256_mig.gen_mem[0].u_comp_ddr3.data_task: at time 149524966.0 ps INFO: READ @ DQS= bank = 0 row = 2000 col = 000002fa data = xxxx
tb_g14_scale_n256_mig.gen_mem[0].u_comp_ddr3.data_task: at time 149526466.0 ps INFO: READ @ DQS= bank = 0 row = 2000 col = 000002fb data = xxxx
tb_g14_scale_n256_mig.gen_mem[0].u_comp_ddr3.data_task: at time 149527966.0 ps INFO: READ @ DQS= bank = 0 row = 2000 col = 000002fc data = xxxx
tb_g14_scale_n256_mig.gen_mem[0].u_comp_ddr3.data_task: at time 149529466.0 ps INFO: READ @ DQS= bank = 0 row = 2000 col = 000002fd data = xxxx
tb_g14_scale_n256_mig.gen_mem[0].u_comp_ddr3.data_task: at time 149530966.0 ps INFO: READ @ DQS= bank = 0 row = 2000 col = 000002fe data = xxxx
tb_g14_scale_n256_mig.gen_mem[0].u_comp_ddr3.data_task: at time 149532466.0 ps INFO: READ @ DQS= bank = 0 row = 2000 col = 000002ff data = xxxx
tb_g14_scale_n256_mig.gen_mem[0].u_comp_ddr3.cmd_task: at time 149559466.0 ps INFO: Precharge bank   0
tb_g14_scale_n256_mig.gen_mem[0].u_comp_ddr3.cmd_task: at time 150213466.0 ps INFO: Activate  bank 0 row 2000
tb_g14_scale_n256_mig.gen_mem[0].u_comp_ddr3.cmd_task: at time 150228466.0 ps INFO: Read      bank 0 col 300, auto precharge 0
tb_g14_scale_n256_mig.gen_mem[0].u_comp_ddr3.cmd_task: at time 150240466.0 ps INFO: Read      bank 0 col 308, auto precharge 0
tb_g14_scale_n256_mig.gen_mem[0].u_comp_ddr3.data_task: at time 150241966.0 ps INFO: READ @ DQS= bank = 0 row = 2000 col = 00000300 data = xxxx
tb_g14_scale_n256_mig.gen_mem[0].u_comp_ddr3.data_task: at time 150243466.0 ps INFO: READ @ DQS= bank = 0 row = 2000 col = 00000301 data = xxxx
tb_g14_scale_n256_mig.gen_mem[0].u_comp_ddr3.data_task: at time 150244966.0 ps INFO: READ @ DQS= bank = 0 row = 2000 col = 00000302 data = xxxx
tb_g14_scale_n256_mig.gen_mem[0].u_comp_ddr3.data_task: at time 150246466.0 ps INFO: READ @ DQS= bank = 0 row = 2000 col = 00000303 data = xxxx
tb_g14_scale_n256_mig.gen_mem[0].u_comp_ddr3.data_task: at time 150247966.0 ps INFO: READ @ DQS= bank = 0 row = 2000 col = 00000304 data = xxxx
tb_g14_scale_n256_mig.gen_mem[0].u_comp_ddr3.data_task: at time 150249466.0 ps INFO: READ @ DQS= bank = 0 row = 2000 col = 00000305 data = xxxx
tb_g14_scale_n256_mig.gen_mem[0].u_comp_ddr3.data_task: at time 150250966.0 ps INFO: READ @ DQS= bank = 0 row = 2000 col = 00000306 data = xxxx
tb_g14_scale_n256_mig.gen_mem[0].u_comp_ddr3.data_task: at time 150252466.0 ps INFO: READ @ DQS= bank = 0 row = 2000 col = 00000307 data = xxxx
tb_g14_scale_n256_mig.gen_mem[0].u_comp_ddr3.cmd_task: at time 150252466.0 ps INFO: Read      bank 0 col 310, auto precharge 0
tb_g14_scale_n256_mig.gen_mem[0].u_comp_ddr3.data_task: at time 150253966.0 ps INFO: READ @ DQS= bank = 0 row = 2000 col = 00000308 data = xxxx
tb_g14_scale_n256_mig.gen_mem[0].u_comp_ddr3.data_task: at time 150255466.0 ps INFO: READ @ DQS= bank = 0 row = 2000 col = 00000309 data = xxxx
tb_g14_scale_n256_mig.gen_mem[0].u_comp_ddr3.data_task: at time 150256966.0 ps INFO: READ @ DQS= bank = 0 row = 2000 col = 0000030a data = xxxx
tb_g14_scale_n256_mig.gen_mem[0].u_comp_ddr3.data_task: at time 150258466.0 ps INFO: READ @ DQS= bank = 0 row = 2000 col = 0000030b data = xxxx
tb_g14_scale_n256_mig.gen_mem[0].u_comp_ddr3.data_task: at time 150259966.0 ps INFO: READ @ DQS= bank = 0 row = 2000 col = 0000030c data = xxxx
tb_g14_scale_n256_mig.gen_mem[0].u_comp_ddr3.data_task: at time 150261466.0 ps INFO: READ @ DQS= bank = 0 row = 2000 col = 0000030d data = xxxx
tb_g14_scale_n256_mig.gen_mem[0].u_comp_ddr3.data_task: at time 150262966.0 ps INFO: READ @ DQS= bank = 0 row = 2000 col = 0000030e data = xxxx
tb_g14_scale_n256_mig.gen_mem[0].u_comp_ddr3.data_task: at time 150264466.0 ps INFO: READ @ DQS= bank = 0 row = 2000 col = 0000030f data = xxxx
tb_g14_scale_n256_mig.gen_mem[0].u_comp_ddr3.cmd_task: at time 150264466.0 ps INFO: Read      bank 0 col 318, auto precharge 0
tb_g14_scale_n256_mig.gen_mem[0].u_comp_ddr3.data_task: at time 150265966.0 ps INFO: READ @ DQS= bank = 0 row = 2000 col = 00000310 data = xxxx
tb_g14_scale_n256_mig.gen_mem[0].u_comp_ddr3.data_task: at time 150267466.0 ps INFO: READ @ DQS= bank = 0 row = 2000 col = 00000311 data = xxxx
tb_g14_scale_n256_mig.gen_mem[0].u_comp_ddr3.data_task: at time 150268966.0 ps INFO: READ @ DQS= bank = 0 row = 2000 col = 00000312 data = xxxx
tb_g14_scale_n256_mig.gen_mem[0].u_comp_ddr3.data_task: at time 150270466.0 ps INFO: READ @ DQS= bank = 0 row = 2000 col = 00000313 data = xxxx
tb_g14_scale_n256_mig.gen_mem[0].u_comp_ddr3.data_task: at time 150271966.0 ps INFO: READ @ DQS= bank = 0 row = 2000 col = 00000314 data = xxxx
tb_g14_scale_n256_mig.gen_mem[0].u_comp_ddr3.data_task: at time 150273466.0 ps INFO: READ @ DQS= bank = 0 row = 2000 col = 00000315 data = xxxx
tb_g14_scale_n256_mig.gen_mem[0].u_comp_ddr3.data_task: at time 150274966.0 ps INFO: READ @ DQS= bank = 0 row = 2000 col = 00000316 data = xxxx
tb_g14_scale_n256_mig.gen_mem[0].u_comp_ddr3.data_task: at time 150276466.0 ps INFO: READ @ DQS= bank = 0 row = 2000 col = 00000317 data = xxxx
tb_g14_scale_n256_mig.gen_mem[0].u_comp_ddr3.cmd_task: at time 150276466.0 ps INFO: Read      bank 0 col 320, auto precharge 0
tb_g14_scale_n256_mig.gen_mem[0].u_comp_ddr3.data_task: at time 150277966.0 ps INFO: READ @ DQS= bank = 0 row = 2000 col = 00000318 data = xxxx
tb_g14_scale_n256_mig.gen_mem[0].u_comp_ddr3.data_task: at time 150279466.0 ps INFO: READ @ DQS= bank = 0 row = 2000 col = 00000319 data = xxxx
tb_g14_scale_n256_mig.gen_mem[0].u_comp_ddr3.data_task: at time 150280966.0 ps INFO: READ @ DQS= bank = 0 row = 2000 col = 0000031a data = xxxx
tb_g14_scale_n256_mig.gen_mem[0].u_comp_ddr3.data_task: at time 150282466.0 ps INFO: READ @ DQS= bank = 0 row = 2000 col = 0000031b data = xxxx
tb_g14_scale_n256_mig.gen_mem[0].u_comp_ddr3.data_task: at time 150283966.0 ps INFO: READ @ DQS= bank = 0 row = 2000 col = 0000031c data = xxxx
tb_g14_scale_n256_mig.gen_mem[0].u_comp_ddr3.data_task: at time 150285466.0 ps INFO: READ @ DQS= bank = 0 row = 2000 col = 0000031d data = xxxx
tb_g14_scale_n256_mig.gen_mem[0].u_comp_ddr3.data_task: at time 150286966.0 ps INFO: READ @ DQS= bank = 0 row = 2000 col = 0000031e data = xxxx
tb_g14_scale_n256_mig.gen_mem[0].u_comp_ddr3.data_task: at time 150288466.0 ps INFO: READ @ DQS= bank = 0 row = 2000 col = 0000031f data = xxxx
tb_g14_scale_n256_mig.gen_mem[0].u_comp_ddr3.cmd_task: at time 150288466.0 ps INFO: Read      bank 0 col 328, auto precharge 0
tb_g14_scale_n256_mig.gen_mem[0].u_comp_ddr3.data_task: at time 150289966.0 ps INFO: READ @ DQS= bank = 0 row = 2000 col = 00000320 data = xxxx
tb_g14_scale_n256_mig.gen_mem[0].u_comp_ddr3.data_task: at time 150291466.0 ps INFO: READ @ DQS= bank = 0 row = 2000 col = 00000321 data = xxxx
tb_g14_scale_n256_mig.gen_mem[0].u_comp_ddr3.data_task: at time 150292966.0 ps INFO: READ @ DQS= bank = 0 row = 2000 col = 00000322 data = xxxx
tb_g14_scale_n256_mig.gen_mem[0].u_comp_ddr3.data_task: at time 150294466.0 ps INFO: READ @ DQS= bank = 0 row = 2000 col = 00000323 data = xxxx
tb_g14_scale_n256_mig.gen_mem[0].u_comp_ddr3.data_task: at time 150295966.0 ps INFO: READ @ DQS= bank = 0 row = 2000 col = 00000324 data = xxxx
tb_g14_scale_n256_mig.gen_mem[0].u_comp_ddr3.data_task: at time 150297466.0 ps INFO: READ @ DQS= bank = 0 row = 2000 col = 00000325 data = xxxx
tb_g14_scale_n256_mig.gen_mem[0].u_comp_ddr3.data_task: at time 150298966.0 ps INFO: READ @ DQS= bank = 0 row = 2000 col = 00000326 data = xxxx
tb_g14_scale_n256_mig.gen_mem[0].u_comp_ddr3.data_task: at time 150300466.0 ps INFO: READ @ DQS= bank = 0 row = 2000 col = 00000327 data = xxxx
tb_g14_scale_n256_mig.gen_mem[0].u_comp_ddr3.cmd_task: at time 150300466.0 ps INFO: Read      bank 0 col 330, auto precharge 0
tb_g14_scale_n256_mig.gen_mem[0].u_comp_ddr3.data_task: at time 150301966.0 ps INFO: READ @ DQS= bank = 0 row = 2000 col = 00000328 data = xxxx
tb_g14_scale_n256_mig.gen_mem[0].u_comp_ddr3.data_task: at time 150303466.0 ps INFO: READ @ DQS= bank = 0 row = 2000 col = 00000329 data = xxxx
tb_g14_scale_n256_mig.gen_mem[0].u_comp_ddr3.data_task: at time 150304966.0 ps INFO: READ @ DQS= bank = 0 row = 2000 col = 0000032a data = xxxx
tb_g14_scale_n256_mig.gen_mem[0].u_comp_ddr3.data_task: at time 150306466.0 ps INFO: READ @ DQS= bank = 0 row = 2000 col = 0000032b data = xxxx
tb_g14_scale_n256_mig.gen_mem[0].u_comp_ddr3.data_task: at time 150307966.0 ps INFO: READ @ DQS= bank = 0 row = 2000 col = 0000032c data = xxxx
tb_g14_scale_n256_mig.gen_mem[0].u_comp_ddr3.data_task: at time 150309466.0 ps INFO: READ @ DQS= bank = 0 row = 2000 col = 0000032d data = xxxx
tb_g14_scale_n256_mig.gen_mem[0].u_comp_ddr3.data_task: at time 150310966.0 ps INFO: READ @ DQS= bank = 0 row = 2000 col = 0000032e data = xxxx
tb_g14_scale_n256_mig.gen_mem[0].u_comp_ddr3.data_task: at time 150312466.0 ps INFO: READ @ DQS= bank = 0 row = 2000 col = 0000032f data = xxxx
tb_g14_scale_n256_mig.gen_mem[0].u_comp_ddr3.cmd_task: at time 150312466.0 ps INFO: Read      bank 0 col 338, auto precharge 0
tb_g14_scale_n256_mig.gen_mem[0].u_comp_ddr3.data_task: at time 150313966.0 ps INFO: READ @ DQS= bank = 0 row = 2000 col = 00000330 data = xxxx
tb_g14_scale_n256_mig.gen_mem[0].u_comp_ddr3.data_task: at time 150315466.0 ps INFO: READ @ DQS= bank = 0 row = 2000 col = 00000331 data = xxxx
tb_g14_scale_n256_mig.gen_mem[0].u_comp_ddr3.data_task: at time 150316966.0 ps INFO: READ @ DQS= bank = 0 row = 2000 col = 00000332 data = xxxx
tb_g14_scale_n256_mig.gen_mem[0].u_comp_ddr3.data_task: at time 150318466.0 ps INFO: READ @ DQS= bank = 0 row = 2000 col = 00000333 data = xxxx
tb_g14_scale_n256_mig.gen_mem[0].u_comp_ddr3.data_task: at time 150319966.0 ps INFO: READ @ DQS= bank = 0 row = 2000 col = 00000334 data = xxxx
tb_g14_scale_n256_mig.gen_mem[0].u_comp_ddr3.data_task: at time 150321466.0 ps INFO: READ @ DQS= bank = 0 row = 2000 col = 00000335 data = xxxx
tb_g14_scale_n256_mig.gen_mem[0].u_comp_ddr3.data_task: at time 150322966.0 ps INFO: READ @ DQS= bank = 0 row = 2000 col = 00000336 data = xxxx
tb_g14_scale_n256_mig.gen_mem[0].u_comp_ddr3.data_task: at time 150324466.0 ps INFO: READ @ DQS= bank = 0 row = 2000 col = 00000337 data = xxxx
tb_g14_scale_n256_mig.gen_mem[0].u_comp_ddr3.cmd_task: at time 150324466.0 ps INFO: Read      bank 0 col 340, auto precharge 0
tb_g14_scale_n256_mig.gen_mem[0].u_comp_ddr3.data_task: at time 150325966.0 ps INFO: READ @ DQS= bank = 0 row = 2000 col = 00000338 data = xxxx
tb_g14_scale_n256_mig.gen_mem[0].u_comp_ddr3.data_task: at time 150327466.0 ps INFO: READ @ DQS= bank = 0 row = 2000 col = 00000339 data = xxxx
tb_g14_scale_n256_mig.gen_mem[0].u_comp_ddr3.data_task: at time 150328966.0 ps INFO: READ @ DQS= bank = 0 row = 2000 col = 0000033a data = xxxx
tb_g14_scale_n256_mig.gen_mem[0].u_comp_ddr3.data_task: at time 150330466.0 ps INFO: READ @ DQS= bank = 0 row = 2000 col = 0000033b data = xxxx
tb_g14_scale_n256_mig.gen_mem[0].u_comp_ddr3.data_task: at time 150331966.0 ps INFO: READ @ DQS= bank = 0 row = 2000 col = 0000033c data = xxxx
tb_g14_scale_n256_mig.gen_mem[0].u_comp_ddr3.data_task: at time 150333466.0 ps INFO: READ @ DQS= bank = 0 row = 2000 col = 0000033d data = xxxx
tb_g14_scale_n256_mig.gen_mem[0].u_comp_ddr3.data_task: at time 150334966.0 ps INFO: READ @ DQS= bank = 0 row = 2000 col = 0000033e data = xxxx
tb_g14_scale_n256_mig.gen_mem[0].u_comp_ddr3.data_task: at time 150336466.0 ps INFO: READ @ DQS= bank = 0 row = 2000 col = 0000033f data = xxxx
tb_g14_scale_n256_mig.gen_mem[0].u_comp_ddr3.cmd_task: at time 150336466.0 ps INFO: Read      bank 0 col 348, auto precharge 0
tb_g14_scale_n256_mig.gen_mem[0].u_comp_ddr3.data_task: at time 150337966.0 ps INFO: READ @ DQS= bank = 0 row = 2000 col = 00000340 data = xxxx
tb_g14_scale_n256_mig.gen_mem[0].u_comp_ddr3.data_task: at time 150339466.0 ps INFO: READ @ DQS= bank = 0 row = 2000 col = 00000341 data = xxxx
tb_g14_scale_n256_mig.gen_mem[0].u_comp_ddr3.data_task: at time 150340966.0 ps INFO: READ @ DQS= bank = 0 row = 2000 col = 00000342 data = xxxx
tb_g14_scale_n256_mig.gen_mem[0].u_comp_ddr3.data_task: at time 150342466.0 ps INFO: READ @ DQS= bank = 0 row = 2000 col = 00000343 data = xxxx
tb_g14_scale_n256_mig.gen_mem[0].u_comp_ddr3.data_task: at time 150343966.0 ps INFO: READ @ DQS= bank = 0 row = 2000 col = 00000344 data = xxxx
tb_g14_scale_n256_mig.gen_mem[0].u_comp_ddr3.data_task: at time 150345466.0 ps INFO: READ @ DQS= bank = 0 row = 2000 col = 00000345 data = xxxx
tb_g14_scale_n256_mig.gen_mem[0].u_comp_ddr3.data_task: at time 150346966.0 ps INFO: READ @ DQS= bank = 0 row = 2000 col = 00000346 data = xxxx
tb_g14_scale_n256_mig.gen_mem[0].u_comp_ddr3.data_task: at time 150348466.0 ps INFO: READ @ DQS= bank = 0 row = 2000 col = 00000347 data = xxxx
tb_g14_scale_n256_mig.gen_mem[0].u_comp_ddr3.cmd_task: at time 150348466.0 ps INFO: Read      bank 0 col 350, auto precharge 0
tb_g14_scale_n256_mig.gen_mem[0].u_comp_ddr3.data_task: at time 150349966.0 ps INFO: READ @ DQS= bank = 0 row = 2000 col = 00000348 data = xxxx
tb_g14_scale_n256_mig.gen_mem[0].u_comp_ddr3.data_task: at time 150351466.0 ps INFO: READ @ DQS= bank = 0 row = 2000 col = 00000349 data = xxxx
tb_g14_scale_n256_mig.gen_mem[0].u_comp_ddr3.data_task: at time 150352966.0 ps INFO: READ @ DQS= bank = 0 row = 2000 col = 0000034a data = xxxx
tb_g14_scale_n256_mig.gen_mem[0].u_comp_ddr3.data_task: at time 150354466.0 ps INFO: READ @ DQS= bank = 0 row = 2000 col = 0000034b data = xxxx
tb_g14_scale_n256_mig.gen_mem[0].u_comp_ddr3.data_task: at time 150355966.0 ps INFO: READ @ DQS= bank = 0 row = 2000 col = 0000034c data = xxxx
tb_g14_scale_n256_mig.gen_mem[0].u_comp_ddr3.data_task: at time 150357466.0 ps INFO: READ @ DQS= bank = 0 row = 2000 col = 0000034d data = xxxx
tb_g14_scale_n256_mig.gen_mem[0].u_comp_ddr3.data_task: at time 150358966.0 ps INFO: READ @ DQS= bank = 0 row = 2000 col = 0000034e data = xxxx
tb_g14_scale_n256_mig.gen_mem[0].u_comp_ddr3.data_task: at time 150360466.0 ps INFO: READ @ DQS= bank = 0 row = 2000 col = 0000034f data = xxxx
tb_g14_scale_n256_mig.gen_mem[0].u_comp_ddr3.cmd_task: at time 150360466.0 ps INFO: Read      bank 0 col 358, auto precharge 0
tb_g14_scale_n256_mig.gen_mem[0].u_comp_ddr3.data_task: at time 150361966.0 ps INFO: READ @ DQS= bank = 0 row = 2000 col = 00000350 data = xxxx
tb_g14_scale_n256_mig.gen_mem[0].u_comp_ddr3.data_task: at time 150363466.0 ps INFO: READ @ DQS= bank = 0 row = 2000 col = 00000351 data = xxxx
tb_g14_scale_n256_mig.gen_mem[0].u_comp_ddr3.data_task: at time 150364966.0 ps INFO: READ @ DQS= bank = 0 row = 2000 col = 00000352 data = xxxx
tb_g14_scale_n256_mig.gen_mem[0].u_comp_ddr3.data_task: at time 150366466.0 ps INFO: READ @ DQS= bank = 0 row = 2000 col = 00000353 data = xxxx
tb_g14_scale_n256_mig.gen_mem[0].u_comp_ddr3.data_task: at time 150367966.0 ps INFO: READ @ DQS= bank = 0 row = 2000 col = 00000354 data = xxxx
tb_g14_scale_n256_mig.gen_mem[0].u_comp_ddr3.data_task: at time 150369466.0 ps INFO: READ @ DQS= bank = 0 row = 2000 col = 00000355 data = xxxx
tb_g14_scale_n256_mig.gen_mem[0].u_comp_ddr3.data_task: at time 150370966.0 ps INFO: READ @ DQS= bank = 0 row = 2000 col = 00000356 data = xxxx
tb_g14_scale_n256_mig.gen_mem[0].u_comp_ddr3.data_task: at time 150372466.0 ps INFO: READ @ DQS= bank = 0 row = 2000 col = 00000357 data = xxxx
tb_g14_scale_n256_mig.gen_mem[0].u_comp_ddr3.cmd_task: at time 150372466.0 ps INFO: Read      bank 0 col 360, auto precharge 0
tb_g14_scale_n256_mig.gen_mem[0].u_comp_ddr3.data_task: at time 150373966.0 ps INFO: READ @ DQS= bank = 0 row = 2000 col = 00000358 data = xxxx
tb_g14_scale_n256_mig.gen_mem[0].u_comp_ddr3.data_task: at time 150375466.0 ps INFO: READ @ DQS= bank = 0 row = 2000 col = 00000359 data = xxxx
tb_g14_scale_n256_mig.gen_mem[0].u_comp_ddr3.data_task: at time 150376966.0 ps INFO: READ @ DQS= bank = 0 row = 2000 col = 0000035a data = xxxx
tb_g14_scale_n256_mig.gen_mem[0].u_comp_ddr3.data_task: at time 150378466.0 ps INFO: READ @ DQS= bank = 0 row = 2000 col = 0000035b data = xxxx
tb_g14_scale_n256_mig.gen_mem[0].u_comp_ddr3.data_task: at time 150379966.0 ps INFO: READ @ DQS= bank = 0 row = 2000 col = 0000035c data = xxxx
tb_g14_scale_n256_mig.gen_mem[0].u_comp_ddr3.data_task: at time 150381466.0 ps INFO: READ @ DQS= bank = 0 row = 2000 col = 0000035d data = xxxx
tb_g14_scale_n256_mig.gen_mem[0].u_comp_ddr3.data_task: at time 150382966.0 ps INFO: READ @ DQS= bank = 0 row = 2000 col = 0000035e data = xxxx
tb_g14_scale_n256_mig.gen_mem[0].u_comp_ddr3.data_task: at time 150384466.0 ps INFO: READ @ DQS= bank = 0 row = 2000 col = 0000035f data = xxxx
tb_g14_scale_n256_mig.gen_mem[0].u_comp_ddr3.cmd_task: at time 150384466.0 ps INFO: Read      bank 0 col 368, auto precharge 0
tb_g14_scale_n256_mig.gen_mem[0].u_comp_ddr3.data_task: at time 150385966.0 ps INFO: READ @ DQS= bank = 0 row = 2000 col = 00000360 data = xxxx
tb_g14_scale_n256_mig.gen_mem[0].u_comp_ddr3.data_task: at time 150387466.0 ps INFO: READ @ DQS= bank = 0 row = 2000 col = 00000361 data = xxxx
tb_g14_scale_n256_mig.gen_mem[0].u_comp_ddr3.data_task: at time 150388966.0 ps INFO: READ @ DQS= bank = 0 row = 2000 col = 00000362 data = xxxx
tb_g14_scale_n256_mig.gen_mem[0].u_comp_ddr3.data_task: at time 150390466.0 ps INFO: READ @ DQS= bank = 0 row = 2000 col = 00000363 data = xxxx
tb_g14_scale_n256_mig.gen_mem[0].u_comp_ddr3.data_task: at time 150391966.0 ps INFO: READ @ DQS= bank = 0 row = 2000 col = 00000364 data = xxxx
tb_g14_scale_n256_mig.gen_mem[0].u_comp_ddr3.data_task: at time 150393466.0 ps INFO: READ @ DQS= bank = 0 row = 2000 col = 00000365 data = xxxx
tb_g14_scale_n256_mig.gen_mem[0].u_comp_ddr3.data_task: at time 150394966.0 ps INFO: READ @ DQS= bank = 0 row = 2000 col = 00000366 data = xxxx
tb_g14_scale_n256_mig.gen_mem[0].u_comp_ddr3.data_task: at time 150396466.0 ps INFO: READ @ DQS= bank = 0 row = 2000 col = 00000367 data = xxxx
tb_g14_scale_n256_mig.gen_mem[0].u_comp_ddr3.cmd_task: at time 150396466.0 ps INFO: Read      bank 0 col 370, auto precharge 0
tb_g14_scale_n256_mig.gen_mem[0].u_comp_ddr3.data_task: at time 150397966.0 ps INFO: READ @ DQS= bank = 0 row = 2000 col = 00000368 data = xxxx
tb_g14_scale_n256_mig.gen_mem[0].u_comp_ddr3.data_task: at time 150399466.0 ps INFO: READ @ DQS= bank = 0 row = 2000 col = 00000369 data = xxxx
tb_g14_scale_n256_mig.gen_mem[0].u_comp_ddr3.data_task: at time 150400966.0 ps INFO: READ @ DQS= bank = 0 row = 2000 col = 0000036a data = xxxx
tb_g14_scale_n256_mig.gen_mem[0].u_comp_ddr3.data_task: at time 150402466.0 ps INFO: READ @ DQS= bank = 0 row = 2000 col = 0000036b data = xxxx
tb_g14_scale_n256_mig.gen_mem[0].u_comp_ddr3.data_task: at time 150403966.0 ps INFO: READ @ DQS= bank = 0 row = 2000 col = 0000036c data = xxxx
tb_g14_scale_n256_mig.gen_mem[0].u_comp_ddr3.data_task: at time 150405466.0 ps INFO: READ @ DQS= bank = 0 row = 2000 col = 0000036d data = xxxx
tb_g14_scale_n256_mig.gen_mem[0].u_comp_ddr3.data_task: at time 150406966.0 ps INFO: READ @ DQS= bank = 0 row = 2000 col = 0000036e data = xxxx
tb_g14_scale_n256_mig.gen_mem[0].u_comp_ddr3.data_task: at time 150408466.0 ps INFO: READ @ DQS= bank = 0 row = 2000 col = 0000036f data = xxxx
tb_g14_scale_n256_mig.gen_mem[0].u_comp_ddr3.cmd_task: at time 150408466.0 ps INFO: Read      bank 0 col 378, auto precharge 0
tb_g14_scale_n256_mig.gen_mem[0].u_comp_ddr3.data_task: at time 150409966.0 ps INFO: READ @ DQS= bank = 0 row = 2000 col = 00000370 data = xxxx
tb_g14_scale_n256_mig.gen_mem[0].u_comp_ddr3.data_task: at time 150411466.0 ps INFO: READ @ DQS= bank = 0 row = 2000 col = 00000371 data = xxxx
tb_g14_scale_n256_mig.gen_mem[0].u_comp_ddr3.data_task: at time 150412966.0 ps INFO: READ @ DQS= bank = 0 row = 2000 col = 00000372 data = xxxx
tb_g14_scale_n256_mig.gen_mem[0].u_comp_ddr3.data_task: at time 150414466.0 ps INFO: READ @ DQS= bank = 0 row = 2000 col = 00000373 data = xxxx
tb_g14_scale_n256_mig.gen_mem[0].u_comp_ddr3.data_task: at time 150415966.0 ps INFO: READ @ DQS= bank = 0 row = 2000 col = 00000374 data = xxxx
tb_g14_scale_n256_mig.gen_mem[0].u_comp_ddr3.data_task: at time 150417466.0 ps INFO: READ @ DQS= bank = 0 row = 2000 col = 00000375 data = xxxx
tb_g14_scale_n256_mig.gen_mem[0].u_comp_ddr3.data_task: at time 150418966.0 ps INFO: READ @ DQS= bank = 0 row = 2000 col = 00000376 data = xxxx
tb_g14_scale_n256_mig.gen_mem[0].u_comp_ddr3.data_task: at time 150420466.0 ps INFO: READ @ DQS= bank = 0 row = 2000 col = 00000377 data = xxxx
tb_g14_scale_n256_mig.gen_mem[0].u_comp_ddr3.data_task: at time 150421966.0 ps INFO: READ @ DQS= bank = 0 row = 2000 col = 00000378 data = xxxx
tb_g14_scale_n256_mig.gen_mem[0].u_comp_ddr3.data_task: at time 150423466.0 ps INFO: READ @ DQS= bank = 0 row = 2000 col = 00000379 data = xxxx
tb_g14_scale_n256_mig.gen_mem[0].u_comp_ddr3.data_task: at time 150424966.0 ps INFO: READ @ DQS= bank = 0 row = 2000 col = 0000037a data = xxxx
tb_g14_scale_n256_mig.gen_mem[0].u_comp_ddr3.data_task: at time 150426466.0 ps INFO: READ @ DQS= bank = 0 row = 2000 col = 0000037b data = xxxx
tb_g14_scale_n256_mig.gen_mem[0].u_comp_ddr3.data_task: at time 150427966.0 ps INFO: READ @ DQS= bank = 0 row = 2000 col = 0000037c data = xxxx
tb_g14_scale_n256_mig.gen_mem[0].u_comp_ddr3.data_task: at time 150429466.0 ps INFO: READ @ DQS= bank = 0 row = 2000 col = 0000037d data = xxxx
tb_g14_scale_n256_mig.gen_mem[0].u_comp_ddr3.data_task: at time 150430966.0 ps INFO: READ @ DQS= bank = 0 row = 2000 col = 0000037e data = xxxx
tb_g14_scale_n256_mig.gen_mem[0].u_comp_ddr3.data_task: at time 150432466.0 ps INFO: READ @ DQS= bank = 0 row = 2000 col = 0000037f data = xxxx
tb_g14_scale_n256_mig.gen_mem[0].u_comp_ddr3.cmd_task: at time 150459466.0 ps INFO: Precharge bank   0
tb_g14_scale_n256_mig.gen_mem[0].u_comp_ddr3.cmd_task: at time 151401466.0 ps INFO: Refresh  
tb_g14_scale_n256_mig.gen_mem[0].u_comp_ddr3.cmd_task: at time 151569466.0 ps INFO: Activate  bank 0 row 2000
tb_g14_scale_n256_mig.gen_mem[0].u_comp_ddr3.cmd_task: at time 151584466.0 ps INFO: Read      bank 0 col 378, auto precharge 0
tb_g14_scale_n256_mig.gen_mem[0].u_comp_ddr3.cmd_task: at time 151596466.0 ps INFO: Read      bank 0 col 378, auto precharge 0
tb_g14_scale_n256_mig.gen_mem[0].u_comp_ddr3.data_task: at time 151597966.0 ps INFO: READ @ DQS= bank = 0 row = 2000 col = 00000378 data = xxxx
tb_g14_scale_n256_mig.gen_mem[0].u_comp_ddr3.data_task: at time 151599466.0 ps INFO: READ @ DQS= bank = 0 row = 2000 col = 00000379 data = xxxx
tb_g14_scale_n256_mig.gen_mem[0].u_comp_ddr3.data_task: at time 151600966.0 ps INFO: READ @ DQS= bank = 0 row = 2000 col = 0000037a data = xxxx
tb_g14_scale_n256_mig.gen_mem[0].u_comp_ddr3.data_task: at time 151602466.0 ps INFO: READ @ DQS= bank = 0 row = 2000 col = 0000037b data = xxxx
tb_g14_scale_n256_mig.gen_mem[0].u_comp_ddr3.data_task: at time 151603966.0 ps INFO: READ @ DQS= bank = 0 row = 2000 col = 0000037c data = xxxx
tb_g14_scale_n256_mig.gen_mem[0].u_comp_ddr3.data_task: at time 151605466.0 ps INFO: READ @ DQS= bank = 0 row = 2000 col = 0000037d data = xxxx
tb_g14_scale_n256_mig.gen_mem[0].u_comp_ddr3.data_task: at time 151606966.0 ps INFO: READ @ DQS= bank = 0 row = 2000 col = 0000037e data = xxxx
tb_g14_scale_n256_mig.gen_mem[0].u_comp_ddr3.data_task: at time 151608466.0 ps INFO: READ @ DQS= bank = 0 row = 2000 col = 0000037f data = xxxx
tb_g14_scale_n256_mig.gen_mem[0].u_comp_ddr3.data_task: at time 151609966.0 ps INFO: READ @ DQS= bank = 0 row = 2000 col = 00000378 data = xxxx
tb_g14_scale_n256_mig.gen_mem[0].u_comp_ddr3.data_task: at time 151611466.0 ps INFO: READ @ DQS= bank = 0 row = 2000 col = 00000379 data = xxxx
tb_g14_scale_n256_mig.gen_mem[0].u_comp_ddr3.data_task: at time 151612966.0 ps INFO: READ @ DQS= bank = 0 row = 2000 col = 0000037a data = xxxx
tb_g14_scale_n256_mig.gen_mem[0].u_comp_ddr3.data_task: at time 151614466.0 ps INFO: READ @ DQS= bank = 0 row = 2000 col = 0000037b data = xxxx
tb_g14_scale_n256_mig.gen_mem[0].u_comp_ddr3.data_task: at time 151615966.0 ps INFO: READ @ DQS= bank = 0 row = 2000 col = 0000037c data = xxxx
tb_g14_scale_n256_mig.gen_mem[0].u_comp_ddr3.data_task: at time 151617466.0 ps INFO: READ @ DQS= bank = 0 row = 2000 col = 0000037d data = xxxx
tb_g14_scale_n256_mig.gen_mem[0].u_comp_ddr3.data_task: at time 151618966.0 ps INFO: READ @ DQS= bank = 0 row = 2000 col = 0000037e data = xxxx
tb_g14_scale_n256_mig.gen_mem[0].u_comp_ddr3.data_task: at time 151620466.0 ps INFO: READ @ DQS= bank = 0 row = 2000 col = 0000037f data = xxxx
tb_g14_scale_n256_mig.gen_mem[0].u_comp_ddr3.cmd_task: at time 151647466.0 ps INFO: Precharge bank   0
tb_g14_scale_n256_mig.gen_mem[0].u_comp_ddr3.cmd_task: at time 152553466.0 ps INFO: Activate  bank 0 row 2000
tb_g14_scale_n256_mig.gen_mem[0].u_comp_ddr3.cmd_task: at time 152568466.0 ps INFO: Read      bank 0 col 378, auto precharge 0
tb_g14_scale_n256_mig.gen_mem[0].u_comp_ddr3.cmd_task: at time 152580466.0 ps INFO: Read      bank 0 col 378, auto precharge 0
tb_g14_scale_n256_mig.gen_mem[0].u_comp_ddr3.data_task: at time 152581966.0 ps INFO: READ @ DQS= bank = 0 row = 2000 col = 00000378 data = xxxx
tb_g14_scale_n256_mig.gen_mem[0].u_comp_ddr3.data_task: at time 152583466.0 ps INFO: READ @ DQS= bank = 0 row = 2000 col = 00000379 data = xxxx
tb_g14_scale_n256_mig.gen_mem[0].u_comp_ddr3.data_task: at time 152584966.0 ps INFO: READ @ DQS= bank = 0 row = 2000 col = 0000037a data = xxxx
tb_g14_scale_n256_mig.gen_mem[0].u_comp_ddr3.data_task: at time 152586466.0 ps INFO: READ @ DQS= bank = 0 row = 2000 col = 0000037b data = xxxx
tb_g14_scale_n256_mig.gen_mem[0].u_comp_ddr3.data_task: at time 152587966.0 ps INFO: READ @ DQS= bank = 0 row = 2000 col = 0000037c data = xxxx
tb_g14_scale_n256_mig.gen_mem[0].u_comp_ddr3.data_task: at time 152589466.0 ps INFO: READ @ DQS= bank = 0 row = 2000 col = 0000037d data = xxxx
tb_g14_scale_n256_mig.gen_mem[0].u_comp_ddr3.data_task: at time 152590966.0 ps INFO: READ @ DQS= bank = 0 row = 2000 col = 0000037e data = xxxx
tb_g14_scale_n256_mig.gen_mem[0].u_comp_ddr3.data_task: at time 152592466.0 ps INFO: READ @ DQS= bank = 0 row = 2000 col = 0000037f data = xxxx
tb_g14_scale_n256_mig.gen_mem[0].u_comp_ddr3.data_task: at time 152593966.0 ps INFO: READ @ DQS= bank = 0 row = 2000 col = 00000378 data = xxxx
tb_g14_scale_n256_mig.gen_mem[0].u_comp_ddr3.data_task: at time 152595466.0 ps INFO: READ @ DQS= bank = 0 row = 2000 col = 00000379 data = xxxx
tb_g14_scale_n256_mig.gen_mem[0].u_comp_ddr3.data_task: at time 152596966.0 ps INFO: READ @ DQS= bank = 0 row = 2000 col = 0000037a data = xxxx
tb_g14_scale_n256_mig.gen_mem[0].u_comp_ddr3.data_task: at time 152598466.0 ps INFO: READ @ DQS= bank = 0 row = 2000 col = 0000037b data = xxxx
tb_g14_scale_n256_mig.gen_mem[0].u_comp_ddr3.data_task: at time 152599966.0 ps INFO: READ @ DQS= bank = 0 row = 2000 col = 0000037c data = xxxx
tb_g14_scale_n256_mig.gen_mem[0].u_comp_ddr3.data_task: at time 152601466.0 ps INFO: READ @ DQS= bank = 0 row = 2000 col = 0000037d data = xxxx
tb_g14_scale_n256_mig.gen_mem[0].u_comp_ddr3.data_task: at time 152602966.0 ps INFO: READ @ DQS= bank = 0 row = 2000 col = 0000037e data = xxxx
tb_g14_scale_n256_mig.gen_mem[0].u_comp_ddr3.data_task: at time 152604466.0 ps INFO: READ @ DQS= bank = 0 row = 2000 col = 0000037f data = xxxx
tb_g14_scale_n256_mig.gen_mem[0].u_comp_ddr3.cmd_task: at time 152631466.0 ps INFO: Precharge bank   0
tb_g14_scale_n256_mig.gen_mem[0].u_comp_ddr3.cmd_task: at time 153033466.0 ps INFO: Activate  bank 0 row 2000
tb_g14_scale_n256_mig.gen_mem[0].u_comp_ddr3.cmd_task: at time 153048466.0 ps INFO: Read      bank 0 col 380, auto precharge 0
tb_g14_scale_n256_mig.gen_mem[0].u_comp_ddr3.cmd_task: at time 153060466.0 ps INFO: Read      bank 0 col 388, auto precharge 0
tb_g14_scale_n256_mig.gen_mem[0].u_comp_ddr3.data_task: at time 153061966.0 ps INFO: READ @ DQS= bank = 0 row = 2000 col = 00000380 data = xxxx
tb_g14_scale_n256_mig.gen_mem[0].u_comp_ddr3.data_task: at time 153063466.0 ps INFO: READ @ DQS= bank = 0 row = 2000 col = 00000381 data = xxxx
tb_g14_scale_n256_mig.gen_mem[0].u_comp_ddr3.data_task: at time 153064966.0 ps INFO: READ @ DQS= bank = 0 row = 2000 col = 00000382 data = xxxx
tb_g14_scale_n256_mig.gen_mem[0].u_comp_ddr3.data_task: at time 153066466.0 ps INFO: READ @ DQS= bank = 0 row = 2000 col = 00000383 data = xxxx
tb_g14_scale_n256_mig.gen_mem[0].u_comp_ddr3.data_task: at time 153067966.0 ps INFO: READ @ DQS= bank = 0 row = 2000 col = 00000384 data = xxxx
tb_g14_scale_n256_mig.gen_mem[0].u_comp_ddr3.data_task: at time 153069466.0 ps INFO: READ @ DQS= bank = 0 row = 2000 col = 00000385 data = xxxx
tb_g14_scale_n256_mig.gen_mem[0].u_comp_ddr3.data_task: at time 153070966.0 ps INFO: READ @ DQS= bank = 0 row = 2000 col = 00000386 data = xxxx
tb_g14_scale_n256_mig.gen_mem[0].u_comp_ddr3.data_task: at time 153072466.0 ps INFO: READ @ DQS= bank = 0 row = 2000 col = 00000387 data = xxxx
tb_g14_scale_n256_mig.gen_mem[0].u_comp_ddr3.cmd_task: at time 153072466.0 ps INFO: Read      bank 0 col 390, auto precharge 0
tb_g14_scale_n256_mig.gen_mem[0].u_comp_ddr3.data_task: at time 153073966.0 ps INFO: READ @ DQS= bank = 0 row = 2000 col = 00000388 data = xxxx
tb_g14_scale_n256_mig.gen_mem[0].u_comp_ddr3.data_task: at time 153075466.0 ps INFO: READ @ DQS= bank = 0 row = 2000 col = 00000389 data = xxxx
tb_g14_scale_n256_mig.gen_mem[0].u_comp_ddr3.data_task: at time 153076966.0 ps INFO: READ @ DQS= bank = 0 row = 2000 col = 0000038a data = xxxx
tb_g14_scale_n256_mig.gen_mem[0].u_comp_ddr3.data_task: at time 153078466.0 ps INFO: READ @ DQS= bank = 0 row = 2000 col = 0000038b data = xxxx
tb_g14_scale_n256_mig.gen_mem[0].u_comp_ddr3.data_task: at time 153079966.0 ps INFO: READ @ DQS= bank = 0 row = 2000 col = 0000038c data = xxxx
tb_g14_scale_n256_mig.gen_mem[0].u_comp_ddr3.data_task: at time 153081466.0 ps INFO: READ @ DQS= bank = 0 row = 2000 col = 0000038d data = xxxx
tb_g14_scale_n256_mig.gen_mem[0].u_comp_ddr3.data_task: at time 153082966.0 ps INFO: READ @ DQS= bank = 0 row = 2000 col = 0000038e data = xxxx
tb_g14_scale_n256_mig.gen_mem[0].u_comp_ddr3.data_task: at time 153084466.0 ps INFO: READ @ DQS= bank = 0 row = 2000 col = 0000038f data = xxxx
tb_g14_scale_n256_mig.gen_mem[0].u_comp_ddr3.cmd_task: at time 153084466.0 ps INFO: Read      bank 0 col 398, auto precharge 0
tb_g14_scale_n256_mig.gen_mem[0].u_comp_ddr3.data_task: at time 153085966.0 ps INFO: READ @ DQS= bank = 0 row = 2000 col = 00000390 data = xxxx
tb_g14_scale_n256_mig.gen_mem[0].u_comp_ddr3.data_task: at time 153087466.0 ps INFO: READ @ DQS= bank = 0 row = 2000 col = 00000391 data = xxxx
tb_g14_scale_n256_mig.gen_mem[0].u_comp_ddr3.data_task: at time 153088966.0 ps INFO: READ @ DQS= bank = 0 row = 2000 col = 00000392 data = xxxx
tb_g14_scale_n256_mig.gen_mem[0].u_comp_ddr3.data_task: at time 153090466.0 ps INFO: READ @ DQS= bank = 0 row = 2000 col = 00000393 data = xxxx
tb_g14_scale_n256_mig.gen_mem[0].u_comp_ddr3.data_task: at time 153091966.0 ps INFO: READ @ DQS= bank = 0 row = 2000 col = 00000394 data = xxxx
tb_g14_scale_n256_mig.gen_mem[0].u_comp_ddr3.data_task: at time 153093466.0 ps INFO: READ @ DQS= bank = 0 row = 2000 col = 00000395 data = xxxx
tb_g14_scale_n256_mig.gen_mem[0].u_comp_ddr3.data_task: at time 153094966.0 ps INFO: READ @ DQS= bank = 0 row = 2000 col = 00000396 data = xxxx
tb_g14_scale_n256_mig.gen_mem[0].u_comp_ddr3.data_task: at time 153096466.0 ps INFO: READ @ DQS= bank = 0 row = 2000 col = 00000397 data = xxxx
tb_g14_scale_n256_mig.gen_mem[0].u_comp_ddr3.cmd_task: at time 153096466.0 ps INFO: Read      bank 0 col 3a0, auto precharge 0
tb_g14_scale_n256_mig.gen_mem[0].u_comp_ddr3.data_task: at time 153097966.0 ps INFO: READ @ DQS= bank = 0 row = 2000 col = 00000398 data = xxxx
tb_g14_scale_n256_mig.gen_mem[0].u_comp_ddr3.data_task: at time 153099466.0 ps INFO: READ @ DQS= bank = 0 row = 2000 col = 00000399 data = xxxx
tb_g14_scale_n256_mig.gen_mem[0].u_comp_ddr3.data_task: at time 153100966.0 ps INFO: READ @ DQS= bank = 0 row = 2000 col = 0000039a data = xxxx
tb_g14_scale_n256_mig.gen_mem[0].u_comp_ddr3.data_task: at time 153102466.0 ps INFO: READ @ DQS= bank = 0 row = 2000 col = 0000039b data = xxxx
tb_g14_scale_n256_mig.gen_mem[0].u_comp_ddr3.data_task: at time 153103966.0 ps INFO: READ @ DQS= bank = 0 row = 2000 col = 0000039c data = xxxx
tb_g14_scale_n256_mig.gen_mem[0].u_comp_ddr3.data_task: at time 153105466.0 ps INFO: READ @ DQS= bank = 0 row = 2000 col = 0000039d data = xxxx
tb_g14_scale_n256_mig.gen_mem[0].u_comp_ddr3.data_task: at time 153106966.0 ps INFO: READ @ DQS= bank = 0 row = 2000 col = 0000039e data = xxxx
tb_g14_scale_n256_mig.gen_mem[0].u_comp_ddr3.data_task: at time 153108466.0 ps INFO: READ @ DQS= bank = 0 row = 2000 col = 0000039f data = xxxx
tb_g14_scale_n256_mig.gen_mem[0].u_comp_ddr3.cmd_task: at time 153108466.0 ps INFO: Read      bank 0 col 3a8, auto precharge 0
tb_g14_scale_n256_mig.gen_mem[0].u_comp_ddr3.data_task: at time 153109966.0 ps INFO: READ @ DQS= bank = 0 row = 2000 col = 000003a0 data = xxxx
tb_g14_scale_n256_mig.gen_mem[0].u_comp_ddr3.data_task: at time 153111466.0 ps INFO: READ @ DQS= bank = 0 row = 2000 col = 000003a1 data = xxxx
tb_g14_scale_n256_mig.gen_mem[0].u_comp_ddr3.data_task: at time 153112966.0 ps INFO: READ @ DQS= bank = 0 row = 2000 col = 000003a2 data = xxxx
tb_g14_scale_n256_mig.gen_mem[0].u_comp_ddr3.data_task: at time 153114466.0 ps INFO: READ @ DQS= bank = 0 row = 2000 col = 000003a3 data = xxxx
tb_g14_scale_n256_mig.gen_mem[0].u_comp_ddr3.data_task: at time 153115966.0 ps INFO: READ @ DQS= bank = 0 row = 2000 col = 000003a4 data = xxxx
tb_g14_scale_n256_mig.gen_mem[0].u_comp_ddr3.data_task: at time 153117466.0 ps INFO: READ @ DQS= bank = 0 row = 2000 col = 000003a5 data = xxxx
tb_g14_scale_n256_mig.gen_mem[0].u_comp_ddr3.data_task: at time 153118966.0 ps INFO: READ @ DQS= bank = 0 row = 2000 col = 000003a6 data = xxxx
tb_g14_scale_n256_mig.gen_mem[0].u_comp_ddr3.data_task: at time 153120466.0 ps INFO: READ @ DQS= bank = 0 row = 2000 col = 000003a7 data = xxxx
tb_g14_scale_n256_mig.gen_mem[0].u_comp_ddr3.cmd_task: at time 153120466.0 ps INFO: Read      bank 0 col 3b0, auto precharge 0
tb_g14_scale_n256_mig.gen_mem[0].u_comp_ddr3.data_task: at time 153121966.0 ps INFO: READ @ DQS= bank = 0 row = 2000 col = 000003a8 data = xxxx
tb_g14_scale_n256_mig.gen_mem[0].u_comp_ddr3.data_task: at time 153123466.0 ps INFO: READ @ DQS= bank = 0 row = 2000 col = 000003a9 data = xxxx
tb_g14_scale_n256_mig.gen_mem[0].u_comp_ddr3.data_task: at time 153124966.0 ps INFO: READ @ DQS= bank = 0 row = 2000 col = 000003aa data = xxxx
tb_g14_scale_n256_mig.gen_mem[0].u_comp_ddr3.data_task: at time 153126466.0 ps INFO: READ @ DQS= bank = 0 row = 2000 col = 000003ab data = xxxx
tb_g14_scale_n256_mig.gen_mem[0].u_comp_ddr3.data_task: at time 153127966.0 ps INFO: READ @ DQS= bank = 0 row = 2000 col = 000003ac data = xxxx
tb_g14_scale_n256_mig.gen_mem[0].u_comp_ddr3.data_task: at time 153129466.0 ps INFO: READ @ DQS= bank = 0 row = 2000 col = 000003ad data = xxxx
tb_g14_scale_n256_mig.gen_mem[0].u_comp_ddr3.data_task: at time 153130966.0 ps INFO: READ @ DQS= bank = 0 row = 2000 col = 000003ae data = xxxx
tb_g14_scale_n256_mig.gen_mem[0].u_comp_ddr3.data_task: at time 153132466.0 ps INFO: READ @ DQS= bank = 0 row = 2000 col = 000003af data = xxxx
tb_g14_scale_n256_mig.gen_mem[0].u_comp_ddr3.cmd_task: at time 153132466.0 ps INFO: Read      bank 0 col 3b8, auto precharge 0
tb_g14_scale_n256_mig.gen_mem[0].u_comp_ddr3.data_task: at time 153133966.0 ps INFO: READ @ DQS= bank = 0 row = 2000 col = 000003b0 data = xxxx
tb_g14_scale_n256_mig.gen_mem[0].u_comp_ddr3.data_task: at time 153135466.0 ps INFO: READ @ DQS= bank = 0 row = 2000 col = 000003b1 data = xxxx
tb_g14_scale_n256_mig.gen_mem[0].u_comp_ddr3.data_task: at time 153136966.0 ps INFO: READ @ DQS= bank = 0 row = 2000 col = 000003b2 data = xxxx
tb_g14_scale_n256_mig.gen_mem[0].u_comp_ddr3.data_task: at time 153138466.0 ps INFO: READ @ DQS= bank = 0 row = 2000 col = 000003b3 data = xxxx
tb_g14_scale_n256_mig.gen_mem[0].u_comp_ddr3.data_task: at time 153139966.0 ps INFO: READ @ DQS= bank = 0 row = 2000 col = 000003b4 data = xxxx
tb_g14_scale_n256_mig.gen_mem[0].u_comp_ddr3.data_task: at time 153141466.0 ps INFO: READ @ DQS= bank = 0 row = 2000 col = 000003b5 data = xxxx
tb_g14_scale_n256_mig.gen_mem[0].u_comp_ddr3.data_task: at time 153142966.0 ps INFO: READ @ DQS= bank = 0 row = 2000 col = 000003b6 data = xxxx
tb_g14_scale_n256_mig.gen_mem[0].u_comp_ddr3.data_task: at time 153144466.0 ps INFO: READ @ DQS= bank = 0 row = 2000 col = 000003b7 data = xxxx
tb_g14_scale_n256_mig.gen_mem[0].u_comp_ddr3.cmd_task: at time 153144466.0 ps INFO: Read      bank 0 col 3c0, auto precharge 0
tb_g14_scale_n256_mig.gen_mem[0].u_comp_ddr3.data_task: at time 153145966.0 ps INFO: READ @ DQS= bank = 0 row = 2000 col = 000003b8 data = xxxx
tb_g14_scale_n256_mig.gen_mem[0].u_comp_ddr3.data_task: at time 153147466.0 ps INFO: READ @ DQS= bank = 0 row = 2000 col = 000003b9 data = xxxx
tb_g14_scale_n256_mig.gen_mem[0].u_comp_ddr3.data_task: at time 153148966.0 ps INFO: READ @ DQS= bank = 0 row = 2000 col = 000003ba data = xxxx
tb_g14_scale_n256_mig.gen_mem[0].u_comp_ddr3.data_task: at time 153150466.0 ps INFO: READ @ DQS= bank = 0 row = 2000 col = 000003bb data = xxxx
tb_g14_scale_n256_mig.gen_mem[0].u_comp_ddr3.data_task: at time 153151966.0 ps INFO: READ @ DQS= bank = 0 row = 2000 col = 000003bc data = xxxx
tb_g14_scale_n256_mig.gen_mem[0].u_comp_ddr3.data_task: at time 153153466.0 ps INFO: READ @ DQS= bank = 0 row = 2000 col = 000003bd data = xxxx
tb_g14_scale_n256_mig.gen_mem[0].u_comp_ddr3.data_task: at time 153154966.0 ps INFO: READ @ DQS= bank = 0 row = 2000 col = 000003be data = xxxx
tb_g14_scale_n256_mig.gen_mem[0].u_comp_ddr3.data_task: at time 153156466.0 ps INFO: READ @ DQS= bank = 0 row = 2000 col = 000003bf data = xxxx
tb_g14_scale_n256_mig.gen_mem[0].u_comp_ddr3.cmd_task: at time 153156466.0 ps INFO: Read      bank 0 col 3c8, auto precharge 0
tb_g14_scale_n256_mig.gen_mem[0].u_comp_ddr3.data_task: at time 153157966.0 ps INFO: READ @ DQS= bank = 0 row = 2000 col = 000003c0 data = xxxx
tb_g14_scale_n256_mig.gen_mem[0].u_comp_ddr3.data_task: at time 153159466.0 ps INFO: READ @ DQS= bank = 0 row = 2000 col = 000003c1 data = xxxx
tb_g14_scale_n256_mig.gen_mem[0].u_comp_ddr3.data_task: at time 153160966.0 ps INFO: READ @ DQS= bank = 0 row = 2000 col = 000003c2 data = xxxx
tb_g14_scale_n256_mig.gen_mem[0].u_comp_ddr3.data_task: at time 153162466.0 ps INFO: READ @ DQS= bank = 0 row = 2000 col = 000003c3 data = xxxx
tb_g14_scale_n256_mig.gen_mem[0].u_comp_ddr3.data_task: at time 153163966.0 ps INFO: READ @ DQS= bank = 0 row = 2000 col = 000003c4 data = xxxx
tb_g14_scale_n256_mig.gen_mem[0].u_comp_ddr3.data_task: at time 153165466.0 ps INFO: READ @ DQS= bank = 0 row = 2000 col = 000003c5 data = xxxx
tb_g14_scale_n256_mig.gen_mem[0].u_comp_ddr3.data_task: at time 153166966.0 ps INFO: READ @ DQS= bank = 0 row = 2000 col = 000003c6 data = xxxx
tb_g14_scale_n256_mig.gen_mem[0].u_comp_ddr3.data_task: at time 153168466.0 ps INFO: READ @ DQS= bank = 0 row = 2000 col = 000003c7 data = xxxx
tb_g14_scale_n256_mig.gen_mem[0].u_comp_ddr3.cmd_task: at time 153168466.0 ps INFO: Read      bank 0 col 3d0, auto precharge 0
tb_g14_scale_n256_mig.gen_mem[0].u_comp_ddr3.data_task: at time 153169966.0 ps INFO: READ @ DQS= bank = 0 row = 2000 col = 000003c8 data = xxxx
tb_g14_scale_n256_mig.gen_mem[0].u_comp_ddr3.data_task: at time 153171466.0 ps INFO: READ @ DQS= bank = 0 row = 2000 col = 000003c9 data = xxxx
tb_g14_scale_n256_mig.gen_mem[0].u_comp_ddr3.data_task: at time 153172966.0 ps INFO: READ @ DQS= bank = 0 row = 2000 col = 000003ca data = xxxx
tb_g14_scale_n256_mig.gen_mem[0].u_comp_ddr3.data_task: at time 153174466.0 ps INFO: READ @ DQS= bank = 0 row = 2000 col = 000003cb data = xxxx
tb_g14_scale_n256_mig.gen_mem[0].u_comp_ddr3.data_task: at time 153175966.0 ps INFO: READ @ DQS= bank = 0 row = 2000 col = 000003cc data = xxxx
tb_g14_scale_n256_mig.gen_mem[0].u_comp_ddr3.data_task: at time 153177466.0 ps INFO: READ @ DQS= bank = 0 row = 2000 col = 000003cd data = xxxx
tb_g14_scale_n256_mig.gen_mem[0].u_comp_ddr3.data_task: at time 153178966.0 ps INFO: READ @ DQS= bank = 0 row = 2000 col = 000003ce data = xxxx
tb_g14_scale_n256_mig.gen_mem[0].u_comp_ddr3.data_task: at time 153180466.0 ps INFO: READ @ DQS= bank = 0 row = 2000 col = 000003cf data = xxxx
tb_g14_scale_n256_mig.gen_mem[0].u_comp_ddr3.cmd_task: at time 153180466.0 ps INFO: Read      bank 0 col 3d8, auto precharge 0
tb_g14_scale_n256_mig.gen_mem[0].u_comp_ddr3.data_task: at time 153181966.0 ps INFO: READ @ DQS= bank = 0 row = 2000 col = 000003d0 data = xxxx
tb_g14_scale_n256_mig.gen_mem[0].u_comp_ddr3.data_task: at time 153183466.0 ps INFO: READ @ DQS= bank = 0 row = 2000 col = 000003d1 data = xxxx
tb_g14_scale_n256_mig.gen_mem[0].u_comp_ddr3.data_task: at time 153184966.0 ps INFO: READ @ DQS= bank = 0 row = 2000 col = 000003d2 data = xxxx
tb_g14_scale_n256_mig.gen_mem[0].u_comp_ddr3.data_task: at time 153186466.0 ps INFO: READ @ DQS= bank = 0 row = 2000 col = 000003d3 data = xxxx
tb_g14_scale_n256_mig.gen_mem[0].u_comp_ddr3.data_task: at time 153187966.0 ps INFO: READ @ DQS= bank = 0 row = 2000 col = 000003d4 data = xxxx
tb_g14_scale_n256_mig.gen_mem[0].u_comp_ddr3.data_task: at time 153189466.0 ps INFO: READ @ DQS= bank = 0 row = 2000 col = 000003d5 data = xxxx
tb_g14_scale_n256_mig.gen_mem[0].u_comp_ddr3.data_task: at time 153190966.0 ps INFO: READ @ DQS= bank = 0 row = 2000 col = 000003d6 data = xxxx
tb_g14_scale_n256_mig.gen_mem[0].u_comp_ddr3.data_task: at time 153192466.0 ps INFO: READ @ DQS= bank = 0 row = 2000 col = 000003d7 data = xxxx
tb_g14_scale_n256_mig.gen_mem[0].u_comp_ddr3.cmd_task: at time 153192466.0 ps INFO: Read      bank 0 col 3e0, auto precharge 0
tb_g14_scale_n256_mig.gen_mem[0].u_comp_ddr3.data_task: at time 153193966.0 ps INFO: READ @ DQS= bank = 0 row = 2000 col = 000003d8 data = xxxx
tb_g14_scale_n256_mig.gen_mem[0].u_comp_ddr3.data_task: at time 153195466.0 ps INFO: READ @ DQS= bank = 0 row = 2000 col = 000003d9 data = xxxx
tb_g14_scale_n256_mig.gen_mem[0].u_comp_ddr3.data_task: at time 153196966.0 ps INFO: READ @ DQS= bank = 0 row = 2000 col = 000003da data = xxxx
tb_g14_scale_n256_mig.gen_mem[0].u_comp_ddr3.data_task: at time 153198466.0 ps INFO: READ @ DQS= bank = 0 row = 2000 col = 000003db data = xxxx
tb_g14_scale_n256_mig.gen_mem[0].u_comp_ddr3.data_task: at time 153199966.0 ps INFO: READ @ DQS= bank = 0 row = 2000 col = 000003dc data = xxxx
tb_g14_scale_n256_mig.gen_mem[0].u_comp_ddr3.data_task: at time 153201466.0 ps INFO: READ @ DQS= bank = 0 row = 2000 col = 000003dd data = xxxx
tb_g14_scale_n256_mig.gen_mem[0].u_comp_ddr3.data_task: at time 153202966.0 ps INFO: READ @ DQS= bank = 0 row = 2000 col = 000003de data = xxxx
tb_g14_scale_n256_mig.gen_mem[0].u_comp_ddr3.data_task: at time 153204466.0 ps INFO: READ @ DQS= bank = 0 row = 2000 col = 000003df data = xxxx
tb_g14_scale_n256_mig.gen_mem[0].u_comp_ddr3.cmd_task: at time 153204466.0 ps INFO: Read      bank 0 col 3e8, auto precharge 0
tb_g14_scale_n256_mig.gen_mem[0].u_comp_ddr3.data_task: at time 153205966.0 ps INFO: READ @ DQS= bank = 0 row = 2000 col = 000003e0 data = xxxx
tb_g14_scale_n256_mig.gen_mem[0].u_comp_ddr3.data_task: at time 153207466.0 ps INFO: READ @ DQS= bank = 0 row = 2000 col = 000003e1 data = xxxx
tb_g14_scale_n256_mig.gen_mem[0].u_comp_ddr3.data_task: at time 153208966.0 ps INFO: READ @ DQS= bank = 0 row = 2000 col = 000003e2 data = xxxx
tb_g14_scale_n256_mig.gen_mem[0].u_comp_ddr3.data_task: at time 153210466.0 ps INFO: READ @ DQS= bank = 0 row = 2000 col = 000003e3 data = xxxx
tb_g14_scale_n256_mig.gen_mem[0].u_comp_ddr3.data_task: at time 153211966.0 ps INFO: READ @ DQS= bank = 0 row = 2000 col = 000003e4 data = xxxx
tb_g14_scale_n256_mig.gen_mem[0].u_comp_ddr3.data_task: at time 153213466.0 ps INFO: READ @ DQS= bank = 0 row = 2000 col = 000003e5 data = xxxx
tb_g14_scale_n256_mig.gen_mem[0].u_comp_ddr3.data_task: at time 153214966.0 ps INFO: READ @ DQS= bank = 0 row = 2000 col = 000003e6 data = xxxx
tb_g14_scale_n256_mig.gen_mem[0].u_comp_ddr3.data_task: at time 153216466.0 ps INFO: READ @ DQS= bank = 0 row = 2000 col = 000003e7 data = xxxx
tb_g14_scale_n256_mig.gen_mem[0].u_comp_ddr3.cmd_task: at time 153216466.0 ps INFO: Read      bank 0 col 3f0, auto precharge 0
tb_g14_scale_n256_mig.gen_mem[0].u_comp_ddr3.data_task: at time 153217966.0 ps INFO: READ @ DQS= bank = 0 row = 2000 col = 000003e8 data = xxxx
tb_g14_scale_n256_mig.gen_mem[0].u_comp_ddr3.data_task: at time 153219466.0 ps INFO: READ @ DQS= bank = 0 row = 2000 col = 000003e9 data = xxxx
tb_g14_scale_n256_mig.gen_mem[0].u_comp_ddr3.data_task: at time 153220966.0 ps INFO: READ @ DQS= bank = 0 row = 2000 col = 000003ea data = xxxx
tb_g14_scale_n256_mig.gen_mem[0].u_comp_ddr3.data_task: at time 153222466.0 ps INFO: READ @ DQS= bank = 0 row = 2000 col = 000003eb data = xxxx
tb_g14_scale_n256_mig.gen_mem[0].u_comp_ddr3.data_task: at time 153223966.0 ps INFO: READ @ DQS= bank = 0 row = 2000 col = 000003ec data = xxxx
tb_g14_scale_n256_mig.gen_mem[0].u_comp_ddr3.data_task: at time 153225466.0 ps INFO: READ @ DQS= bank = 0 row = 2000 col = 000003ed data = xxxx
tb_g14_scale_n256_mig.gen_mem[0].u_comp_ddr3.data_task: at time 153226966.0 ps INFO: READ @ DQS= bank = 0 row = 2000 col = 000003ee data = xxxx
tb_g14_scale_n256_mig.gen_mem[0].u_comp_ddr3.data_task: at time 153228466.0 ps INFO: READ @ DQS= bank = 0 row = 2000 col = 000003ef data = xxxx
tb_g14_scale_n256_mig.gen_mem[0].u_comp_ddr3.cmd_task: at time 153228466.0 ps INFO: Read      bank 0 col 3f8, auto precharge 0
tb_g14_scale_n256_mig.gen_mem[0].u_comp_ddr3.data_task: at time 153229966.0 ps INFO: READ @ DQS= bank = 0 row = 2000 col = 000003f0 data = xxxx
tb_g14_scale_n256_mig.gen_mem[0].u_comp_ddr3.data_task: at time 153231466.0 ps INFO: READ @ DQS= bank = 0 row = 2000 col = 000003f1 data = xxxx
tb_g14_scale_n256_mig.gen_mem[0].u_comp_ddr3.data_task: at time 153232966.0 ps INFO: READ @ DQS= bank = 0 row = 2000 col = 000003f2 data = xxxx
tb_g14_scale_n256_mig.gen_mem[0].u_comp_ddr3.data_task: at time 153234466.0 ps INFO: READ @ DQS= bank = 0 row = 2000 col = 000003f3 data = xxxx
tb_g14_scale_n256_mig.gen_mem[0].u_comp_ddr3.data_task: at time 153235966.0 ps INFO: READ @ DQS= bank = 0 row = 2000 col = 000003f4 data = xxxx
tb_g14_scale_n256_mig.gen_mem[0].u_comp_ddr3.data_task: at time 153237466.0 ps INFO: READ @ DQS= bank = 0 row = 2000 col = 000003f5 data = xxxx
tb_g14_scale_n256_mig.gen_mem[0].u_comp_ddr3.data_task: at time 153238966.0 ps INFO: READ @ DQS= bank = 0 row = 2000 col = 000003f6 data = xxxx
tb_g14_scale_n256_mig.gen_mem[0].u_comp_ddr3.data_task: at time 153240466.0 ps INFO: READ @ DQS= bank = 0 row = 2000 col = 000003f7 data = xxxx
tb_g14_scale_n256_mig.gen_mem[0].u_comp_ddr3.data_task: at time 153241966.0 ps INFO: READ @ DQS= bank = 0 row = 2000 col = 000003f8 data = xxxx
tb_g14_scale_n256_mig.gen_mem[0].u_comp_ddr3.data_task: at time 153243466.0 ps INFO: READ @ DQS= bank = 0 row = 2000 col = 000003f9 data = xxxx
tb_g14_scale_n256_mig.gen_mem[0].u_comp_ddr3.data_task: at time 153244966.0 ps INFO: READ @ DQS= bank = 0 row = 2000 col = 000003fa data = xxxx
tb_g14_scale_n256_mig.gen_mem[0].u_comp_ddr3.data_task: at time 153246466.0 ps INFO: READ @ DQS= bank = 0 row = 2000 col = 000003fb data = xxxx
tb_g14_scale_n256_mig.gen_mem[0].u_comp_ddr3.data_task: at time 153247966.0 ps INFO: READ @ DQS= bank = 0 row = 2000 col = 000003fc data = xxxx
tb_g14_scale_n256_mig.gen_mem[0].u_comp_ddr3.data_task: at time 153249466.0 ps INFO: READ @ DQS= bank = 0 row = 2000 col = 000003fd data = xxxx
tb_g14_scale_n256_mig.gen_mem[0].u_comp_ddr3.data_task: at time 153250966.0 ps INFO: READ @ DQS= bank = 0 row = 2000 col = 000003fe data = xxxx
tb_g14_scale_n256_mig.gen_mem[0].u_comp_ddr3.data_task: at time 153252466.0 ps INFO: READ @ DQS= bank = 0 row = 2000 col = 000003ff data = xxxx
tb_g14_scale_n256_mig.gen_mem[0].u_comp_ddr3.cmd_task: at time 153279466.0 ps INFO: Precharge bank   0
tb_g14_scale_n256_mig.gen_mem[0].u_comp_ddr3.cmd_task: at time 154089466.0 ps INFO: Activate  bank 0 row 2000
tb_g14_scale_n256_mig.gen_mem[0].u_comp_ddr3.cmd_task: at time 154104466.0 ps INFO: Read      bank 0 col 3f8, auto precharge 0
tb_g14_scale_n256_mig.gen_mem[0].u_comp_ddr3.cmd_task: at time 154116466.0 ps INFO: Read      bank 0 col 3f8, auto precharge 0
tb_g14_scale_n256_mig.gen_mem[0].u_comp_ddr3.data_task: at time 154117966.0 ps INFO: READ @ DQS= bank = 0 row = 2000 col = 000003f8 data = xxxx
tb_g14_scale_n256_mig.gen_mem[0].u_comp_ddr3.data_task: at time 154119466.0 ps INFO: READ @ DQS= bank = 0 row = 2000 col = 000003f9 data = xxxx
tb_g14_scale_n256_mig.gen_mem[0].u_comp_ddr3.data_task: at time 154120966.0 ps INFO: READ @ DQS= bank = 0 row = 2000 col = 000003fa data = xxxx
tb_g14_scale_n256_mig.gen_mem[0].u_comp_ddr3.data_task: at time 154122466.0 ps INFO: READ @ DQS= bank = 0 row = 2000 col = 000003fb data = xxxx
tb_g14_scale_n256_mig.gen_mem[0].u_comp_ddr3.data_task: at time 154123966.0 ps INFO: READ @ DQS= bank = 0 row = 2000 col = 000003fc data = xxxx
tb_g14_scale_n256_mig.gen_mem[0].u_comp_ddr3.data_task: at time 154125466.0 ps INFO: READ @ DQS= bank = 0 row = 2000 col = 000003fd data = xxxx
tb_g14_scale_n256_mig.gen_mem[0].u_comp_ddr3.data_task: at time 154126966.0 ps INFO: READ @ DQS= bank = 0 row = 2000 col = 000003fe data = xxxx
tb_g14_scale_n256_mig.gen_mem[0].u_comp_ddr3.data_task: at time 154128466.0 ps INFO: READ @ DQS= bank = 0 row = 2000 col = 000003ff data = xxxx
tb_g14_scale_n256_mig.gen_mem[0].u_comp_ddr3.data_task: at time 154129966.0 ps INFO: READ @ DQS= bank = 0 row = 2000 col = 000003f8 data = xxxx
tb_g14_scale_n256_mig.gen_mem[0].u_comp_ddr3.data_task: at time 154131466.0 ps INFO: READ @ DQS= bank = 0 row = 2000 col = 000003f9 data = xxxx
tb_g14_scale_n256_mig.gen_mem[0].u_comp_ddr3.data_task: at time 154132966.0 ps INFO: READ @ DQS= bank = 0 row = 2000 col = 000003fa data = xxxx
tb_g14_scale_n256_mig.gen_mem[0].u_comp_ddr3.data_task: at time 154134466.0 ps INFO: READ @ DQS= bank = 0 row = 2000 col = 000003fb data = xxxx
tb_g14_scale_n256_mig.gen_mem[0].u_comp_ddr3.data_task: at time 154135966.0 ps INFO: READ @ DQS= bank = 0 row = 2000 col = 000003fc data = xxxx
tb_g14_scale_n256_mig.gen_mem[0].u_comp_ddr3.data_task: at time 154137466.0 ps INFO: READ @ DQS= bank = 0 row = 2000 col = 000003fd data = xxxx
tb_g14_scale_n256_mig.gen_mem[0].u_comp_ddr3.data_task: at time 154138966.0 ps INFO: READ @ DQS= bank = 0 row = 2000 col = 000003fe data = xxxx
tb_g14_scale_n256_mig.gen_mem[0].u_comp_ddr3.data_task: at time 154140466.0 ps INFO: READ @ DQS= bank = 0 row = 2000 col = 000003ff data = xxxx
tb_g14_scale_n256_mig.gen_mem[0].u_comp_ddr3.cmd_task: at time 154167466.0 ps INFO: Precharge bank   0
tb_g14_scale_n256_mig.gen_mem[0].u_comp_ddr3.cmd_task: at time 155049466.0 ps INFO: Activate  bank 0 row 2000
tb_g14_scale_n256_mig.gen_mem[0].u_comp_ddr3.cmd_task: at time 155064466.0 ps INFO: Read      bank 0 col 3f8, auto precharge 0
tb_g14_scale_n256_mig.gen_mem[0].u_comp_ddr3.cmd_task: at time 155076466.0 ps INFO: Read      bank 0 col 3f8, auto precharge 0
tb_g14_scale_n256_mig.gen_mem[0].u_comp_ddr3.data_task: at time 155077966.0 ps INFO: READ @ DQS= bank = 0 row = 2000 col = 000003f8 data = xxxx
tb_g14_scale_n256_mig.gen_mem[0].u_comp_ddr3.data_task: at time 155079466.0 ps INFO: READ @ DQS= bank = 0 row = 2000 col = 000003f9 data = xxxx
tb_g14_scale_n256_mig.gen_mem[0].u_comp_ddr3.data_task: at time 155080966.0 ps INFO: READ @ DQS= bank = 0 row = 2000 col = 000003fa data = xxxx
tb_g14_scale_n256_mig.gen_mem[0].u_comp_ddr3.data_task: at time 155082466.0 ps INFO: READ @ DQS= bank = 0 row = 2000 col = 000003fb data = xxxx
tb_g14_scale_n256_mig.gen_mem[0].u_comp_ddr3.data_task: at time 155083966.0 ps INFO: READ @ DQS= bank = 0 row = 2000 col = 000003fc data = xxxx
tb_g14_scale_n256_mig.gen_mem[0].u_comp_ddr3.data_task: at time 155085466.0 ps INFO: READ @ DQS= bank = 0 row = 2000 col = 000003fd data = xxxx
tb_g14_scale_n256_mig.gen_mem[0].u_comp_ddr3.data_task: at time 155086966.0 ps INFO: READ @ DQS= bank = 0 row = 2000 col = 000003fe data = xxxx
tb_g14_scale_n256_mig.gen_mem[0].u_comp_ddr3.data_task: at time 155088466.0 ps INFO: READ @ DQS= bank = 0 row = 2000 col = 000003ff data = xxxx
tb_g14_scale_n256_mig.gen_mem[0].u_comp_ddr3.data_task: at time 155089966.0 ps INFO: READ @ DQS= bank = 0 row = 2000 col = 000003f8 data = xxxx
tb_g14_scale_n256_mig.gen_mem[0].u_comp_ddr3.data_task: at time 155091466.0 ps INFO: READ @ DQS= bank = 0 row = 2000 col = 000003f9 data = xxxx
tb_g14_scale_n256_mig.gen_mem[0].u_comp_ddr3.data_task: at time 155092966.0 ps INFO: READ @ DQS= bank = 0 row = 2000 col = 000003fa data = xxxx
tb_g14_scale_n256_mig.gen_mem[0].u_comp_ddr3.data_task: at time 155094466.0 ps INFO: READ @ DQS= bank = 0 row = 2000 col = 000003fb data = xxxx
tb_g14_scale_n256_mig.gen_mem[0].u_comp_ddr3.data_task: at time 155095966.0 ps INFO: READ @ DQS= bank = 0 row = 2000 col = 000003fc data = xxxx
tb_g14_scale_n256_mig.gen_mem[0].u_comp_ddr3.data_task: at time 155097466.0 ps INFO: READ @ DQS= bank = 0 row = 2000 col = 000003fd data = xxxx
tb_g14_scale_n256_mig.gen_mem[0].u_comp_ddr3.data_task: at time 155098966.0 ps INFO: READ @ DQS= bank = 0 row = 2000 col = 000003fe data = xxxx
tb_g14_scale_n256_mig.gen_mem[0].u_comp_ddr3.data_task: at time 155100466.0 ps INFO: READ @ DQS= bank = 0 row = 2000 col = 000003ff data = xxxx
tb_g14_scale_n256_mig.gen_mem[0].u_comp_ddr3.cmd_task: at time 155127466.0 ps INFO: Precharge bank   0
tb_g14_scale_n256_mig.gen_mem[0].u_comp_ddr3.cmd_task: at time 155817466.0 ps INFO: Activate  bank 0 row 2001
tb_g14_scale_n256_mig.gen_mem[0].u_comp_ddr3.cmd_task: at time 155832466.0 ps INFO: Read      bank 0 col 000, auto precharge 0
tb_g14_scale_n256_mig.gen_mem[0].u_comp_ddr3.cmd_task: at time 155844466.0 ps INFO: Read      bank 0 col 008, auto precharge 0
tb_g14_scale_n256_mig.gen_mem[0].u_comp_ddr3.data_task: at time 155845966.0 ps INFO: READ @ DQS= bank = 0 row = 2001 col = 00000000 data = xxxx
tb_g14_scale_n256_mig.gen_mem[0].u_comp_ddr3.data_task: at time 155847466.0 ps INFO: READ @ DQS= bank = 0 row = 2001 col = 00000001 data = xxxx
tb_g14_scale_n256_mig.gen_mem[0].u_comp_ddr3.data_task: at time 155848966.0 ps INFO: READ @ DQS= bank = 0 row = 2001 col = 00000002 data = xxxx
tb_g14_scale_n256_mig.gen_mem[0].u_comp_ddr3.data_task: at time 155850466.0 ps INFO: READ @ DQS= bank = 0 row = 2001 col = 00000003 data = xxxx
tb_g14_scale_n256_mig.gen_mem[0].u_comp_ddr3.data_task: at time 155851966.0 ps INFO: READ @ DQS= bank = 0 row = 2001 col = 00000004 data = xxxx
tb_g14_scale_n256_mig.gen_mem[0].u_comp_ddr3.data_task: at time 155853466.0 ps INFO: READ @ DQS= bank = 0 row = 2001 col = 00000005 data = xxxx
tb_g14_scale_n256_mig.gen_mem[0].u_comp_ddr3.data_task: at time 155854966.0 ps INFO: READ @ DQS= bank = 0 row = 2001 col = 00000006 data = xxxx
tb_g14_scale_n256_mig.gen_mem[0].u_comp_ddr3.data_task: at time 155856466.0 ps INFO: READ @ DQS= bank = 0 row = 2001 col = 00000007 data = xxxx
tb_g14_scale_n256_mig.gen_mem[0].u_comp_ddr3.cmd_task: at time 155856466.0 ps INFO: Read      bank 0 col 010, auto precharge 0
tb_g14_scale_n256_mig.gen_mem[0].u_comp_ddr3.data_task: at time 155857966.0 ps INFO: READ @ DQS= bank = 0 row = 2001 col = 00000008 data = xxxx
tb_g14_scale_n256_mig.gen_mem[0].u_comp_ddr3.data_task: at time 155859466.0 ps INFO: READ @ DQS= bank = 0 row = 2001 col = 00000009 data = xxxx
tb_g14_scale_n256_mig.gen_mem[0].u_comp_ddr3.data_task: at time 155860966.0 ps INFO: READ @ DQS= bank = 0 row = 2001 col = 0000000a data = xxxx
tb_g14_scale_n256_mig.gen_mem[0].u_comp_ddr3.data_task: at time 155862466.0 ps INFO: READ @ DQS= bank = 0 row = 2001 col = 0000000b data = xxxx
tb_g14_scale_n256_mig.gen_mem[0].u_comp_ddr3.data_task: at time 155863966.0 ps INFO: READ @ DQS= bank = 0 row = 2001 col = 0000000c data = xxxx
tb_g14_scale_n256_mig.gen_mem[0].u_comp_ddr3.data_task: at time 155865466.0 ps INFO: READ @ DQS= bank = 0 row = 2001 col = 0000000d data = xxxx
tb_g14_scale_n256_mig.gen_mem[0].u_comp_ddr3.data_task: at time 155866966.0 ps INFO: READ @ DQS= bank = 0 row = 2001 col = 0000000e data = xxxx
tb_g14_scale_n256_mig.gen_mem[0].u_comp_ddr3.data_task: at time 155868466.0 ps INFO: READ @ DQS= bank = 0 row = 2001 col = 0000000f data = xxxx
tb_g14_scale_n256_mig.gen_mem[0].u_comp_ddr3.cmd_task: at time 155868466.0 ps INFO: Read      bank 0 col 018, auto precharge 0
tb_g14_scale_n256_mig.gen_mem[0].u_comp_ddr3.data_task: at time 155869966.0 ps INFO: READ @ DQS= bank = 0 row = 2001 col = 00000010 data = xxxx
tb_g14_scale_n256_mig.gen_mem[0].u_comp_ddr3.data_task: at time 155871466.0 ps INFO: READ @ DQS= bank = 0 row = 2001 col = 00000011 data = xxxx
tb_g14_scale_n256_mig.gen_mem[0].u_comp_ddr3.data_task: at time 155872966.0 ps INFO: READ @ DQS= bank = 0 row = 2001 col = 00000012 data = xxxx
tb_g14_scale_n256_mig.gen_mem[0].u_comp_ddr3.data_task: at time 155874466.0 ps INFO: READ @ DQS= bank = 0 row = 2001 col = 00000013 data = xxxx
tb_g14_scale_n256_mig.gen_mem[0].u_comp_ddr3.data_task: at time 155875966.0 ps INFO: READ @ DQS= bank = 0 row = 2001 col = 00000014 data = xxxx
tb_g14_scale_n256_mig.gen_mem[0].u_comp_ddr3.data_task: at time 155877466.0 ps INFO: READ @ DQS= bank = 0 row = 2001 col = 00000015 data = xxxx
tb_g14_scale_n256_mig.gen_mem[0].u_comp_ddr3.data_task: at time 155878966.0 ps INFO: READ @ DQS= bank = 0 row = 2001 col = 00000016 data = xxxx
tb_g14_scale_n256_mig.gen_mem[0].u_comp_ddr3.data_task: at time 155880466.0 ps INFO: READ @ DQS= bank = 0 row = 2001 col = 00000017 data = xxxx
tb_g14_scale_n256_mig.gen_mem[0].u_comp_ddr3.cmd_task: at time 155880466.0 ps INFO: Read      bank 0 col 020, auto precharge 0
tb_g14_scale_n256_mig.gen_mem[0].u_comp_ddr3.data_task: at time 155881966.0 ps INFO: READ @ DQS= bank = 0 row = 2001 col = 00000018 data = xxxx
tb_g14_scale_n256_mig.gen_mem[0].u_comp_ddr3.data_task: at time 155883466.0 ps INFO: READ @ DQS= bank = 0 row = 2001 col = 00000019 data = xxxx
tb_g14_scale_n256_mig.gen_mem[0].u_comp_ddr3.data_task: at time 155884966.0 ps INFO: READ @ DQS= bank = 0 row = 2001 col = 0000001a data = xxxx
tb_g14_scale_n256_mig.gen_mem[0].u_comp_ddr3.data_task: at time 155886466.0 ps INFO: READ @ DQS= bank = 0 row = 2001 col = 0000001b data = xxxx
tb_g14_scale_n256_mig.gen_mem[0].u_comp_ddr3.data_task: at time 155887966.0 ps INFO: READ @ DQS= bank = 0 row = 2001 col = 0000001c data = xxxx
tb_g14_scale_n256_mig.gen_mem[0].u_comp_ddr3.data_task: at time 155889466.0 ps INFO: READ @ DQS= bank = 0 row = 2001 col = 0000001d data = xxxx
tb_g14_scale_n256_mig.gen_mem[0].u_comp_ddr3.data_task: at time 155890966.0 ps INFO: READ @ DQS= bank = 0 row = 2001 col = 0000001e data = xxxx
tb_g14_scale_n256_mig.gen_mem[0].u_comp_ddr3.data_task: at time 155892466.0 ps INFO: READ @ DQS= bank = 0 row = 2001 col = 0000001f data = xxxx
tb_g14_scale_n256_mig.gen_mem[0].u_comp_ddr3.cmd_task: at time 155892466.0 ps INFO: Read      bank 0 col 028, auto precharge 0
tb_g14_scale_n256_mig.gen_mem[0].u_comp_ddr3.data_task: at time 155893966.0 ps INFO: READ @ DQS= bank = 0 row = 2001 col = 00000020 data = xxxx
tb_g14_scale_n256_mig.gen_mem[0].u_comp_ddr3.data_task: at time 155895466.0 ps INFO: READ @ DQS= bank = 0 row = 2001 col = 00000021 data = xxxx
tb_g14_scale_n256_mig.gen_mem[0].u_comp_ddr3.data_task: at time 155896966.0 ps INFO: READ @ DQS= bank = 0 row = 2001 col = 00000022 data = xxxx
tb_g14_scale_n256_mig.gen_mem[0].u_comp_ddr3.data_task: at time 155898466.0 ps INFO: READ @ DQS= bank = 0 row = 2001 col = 00000023 data = xxxx
tb_g14_scale_n256_mig.gen_mem[0].u_comp_ddr3.data_task: at time 155899966.0 ps INFO: READ @ DQS= bank = 0 row = 2001 col = 00000024 data = xxxx
tb_g14_scale_n256_mig.gen_mem[0].u_comp_ddr3.data_task: at time 155901466.0 ps INFO: READ @ DQS= bank = 0 row = 2001 col = 00000025 data = xxxx
tb_g14_scale_n256_mig.gen_mem[0].u_comp_ddr3.data_task: at time 155902966.0 ps INFO: READ @ DQS= bank = 0 row = 2001 col = 00000026 data = xxxx
tb_g14_scale_n256_mig.gen_mem[0].u_comp_ddr3.data_task: at time 155904466.0 ps INFO: READ @ DQS= bank = 0 row = 2001 col = 00000027 data = xxxx
tb_g14_scale_n256_mig.gen_mem[0].u_comp_ddr3.cmd_task: at time 155904466.0 ps INFO: Read      bank 0 col 030, auto precharge 0
tb_g14_scale_n256_mig.gen_mem[0].u_comp_ddr3.data_task: at time 155905966.0 ps INFO: READ @ DQS= bank = 0 row = 2001 col = 00000028 data = xxxx
tb_g14_scale_n256_mig.gen_mem[0].u_comp_ddr3.data_task: at time 155907466.0 ps INFO: READ @ DQS= bank = 0 row = 2001 col = 00000029 data = xxxx
tb_g14_scale_n256_mig.gen_mem[0].u_comp_ddr3.data_task: at time 155908966.0 ps INFO: READ @ DQS= bank = 0 row = 2001 col = 0000002a data = xxxx
tb_g14_scale_n256_mig.gen_mem[0].u_comp_ddr3.data_task: at time 155910466.0 ps INFO: READ @ DQS= bank = 0 row = 2001 col = 0000002b data = xxxx
tb_g14_scale_n256_mig.gen_mem[0].u_comp_ddr3.data_task: at time 155911966.0 ps INFO: READ @ DQS= bank = 0 row = 2001 col = 0000002c data = xxxx
tb_g14_scale_n256_mig.gen_mem[0].u_comp_ddr3.data_task: at time 155913466.0 ps INFO: READ @ DQS= bank = 0 row = 2001 col = 0000002d data = xxxx
tb_g14_scale_n256_mig.gen_mem[0].u_comp_ddr3.data_task: at time 155914966.0 ps INFO: READ @ DQS= bank = 0 row = 2001 col = 0000002e data = xxxx
tb_g14_scale_n256_mig.gen_mem[0].u_comp_ddr3.data_task: at time 155916466.0 ps INFO: READ @ DQS= bank = 0 row = 2001 col = 0000002f data = xxxx
tb_g14_scale_n256_mig.gen_mem[0].u_comp_ddr3.cmd_task: at time 155916466.0 ps INFO: Read      bank 0 col 038, auto precharge 0
tb_g14_scale_n256_mig.gen_mem[0].u_comp_ddr3.data_task: at time 155917966.0 ps INFO: READ @ DQS= bank = 0 row = 2001 col = 00000030 data = xxxx
tb_g14_scale_n256_mig.gen_mem[0].u_comp_ddr3.data_task: at time 155919466.0 ps INFO: READ @ DQS= bank = 0 row = 2001 col = 00000031 data = xxxx
tb_g14_scale_n256_mig.gen_mem[0].u_comp_ddr3.data_task: at time 155920966.0 ps INFO: READ @ DQS= bank = 0 row = 2001 col = 00000032 data = xxxx
tb_g14_scale_n256_mig.gen_mem[0].u_comp_ddr3.data_task: at time 155922466.0 ps INFO: READ @ DQS= bank = 0 row = 2001 col = 00000033 data = xxxx
tb_g14_scale_n256_mig.gen_mem[0].u_comp_ddr3.data_task: at time 155923966.0 ps INFO: READ @ DQS= bank = 0 row = 2001 col = 00000034 data = xxxx
tb_g14_scale_n256_mig.gen_mem[0].u_comp_ddr3.data_task: at time 155925466.0 ps INFO: READ @ DQS= bank = 0 row = 2001 col = 00000035 data = xxxx
tb_g14_scale_n256_mig.gen_mem[0].u_comp_ddr3.data_task: at time 155926966.0 ps INFO: READ @ DQS= bank = 0 row = 2001 col = 00000036 data = xxxx
tb_g14_scale_n256_mig.gen_mem[0].u_comp_ddr3.data_task: at time 155928466.0 ps INFO: READ @ DQS= bank = 0 row = 2001 col = 00000037 data = xxxx
tb_g14_scale_n256_mig.gen_mem[0].u_comp_ddr3.cmd_task: at time 155928466.0 ps INFO: Read      bank 0 col 040, auto precharge 0
tb_g14_scale_n256_mig.gen_mem[0].u_comp_ddr3.data_task: at time 155929966.0 ps INFO: READ @ DQS= bank = 0 row = 2001 col = 00000038 data = xxxx
tb_g14_scale_n256_mig.gen_mem[0].u_comp_ddr3.data_task: at time 155931466.0 ps INFO: READ @ DQS= bank = 0 row = 2001 col = 00000039 data = xxxx
tb_g14_scale_n256_mig.gen_mem[0].u_comp_ddr3.data_task: at time 155932966.0 ps INFO: READ @ DQS= bank = 0 row = 2001 col = 0000003a data = xxxx
tb_g14_scale_n256_mig.gen_mem[0].u_comp_ddr3.data_task: at time 155934466.0 ps INFO: READ @ DQS= bank = 0 row = 2001 col = 0000003b data = xxxx
tb_g14_scale_n256_mig.gen_mem[0].u_comp_ddr3.data_task: at time 155935966.0 ps INFO: READ @ DQS= bank = 0 row = 2001 col = 0000003c data = xxxx
tb_g14_scale_n256_mig.gen_mem[0].u_comp_ddr3.data_task: at time 155937466.0 ps INFO: READ @ DQS= bank = 0 row = 2001 col = 0000003d data = xxxx
tb_g14_scale_n256_mig.gen_mem[0].u_comp_ddr3.data_task: at time 155938966.0 ps INFO: READ @ DQS= bank = 0 row = 2001 col = 0000003e data = xxxx
tb_g14_scale_n256_mig.gen_mem[0].u_comp_ddr3.data_task: at time 155940466.0 ps INFO: READ @ DQS= bank = 0 row = 2001 col = 0000003f data = xxxx
tb_g14_scale_n256_mig.gen_mem[0].u_comp_ddr3.cmd_task: at time 155940466.0 ps INFO: Read      bank 0 col 048, auto precharge 0
tb_g14_scale_n256_mig.gen_mem[0].u_comp_ddr3.data_task: at time 155941966.0 ps INFO: READ @ DQS= bank = 0 row = 2001 col = 00000040 data = xxxx
tb_g14_scale_n256_mig.gen_mem[0].u_comp_ddr3.data_task: at time 155943466.0 ps INFO: READ @ DQS= bank = 0 row = 2001 col = 00000041 data = xxxx
tb_g14_scale_n256_mig.gen_mem[0].u_comp_ddr3.data_task: at time 155944966.0 ps INFO: READ @ DQS= bank = 0 row = 2001 col = 00000042 data = xxxx
tb_g14_scale_n256_mig.gen_mem[0].u_comp_ddr3.data_task: at time 155946466.0 ps INFO: READ @ DQS= bank = 0 row = 2001 col = 00000043 data = xxxx
tb_g14_scale_n256_mig.gen_mem[0].u_comp_ddr3.data_task: at time 155947966.0 ps INFO: READ @ DQS= bank = 0 row = 2001 col = 00000044 data = xxxx
tb_g14_scale_n256_mig.gen_mem[0].u_comp_ddr3.data_task: at time 155949466.0 ps INFO: READ @ DQS= bank = 0 row = 2001 col = 00000045 data = xxxx
tb_g14_scale_n256_mig.gen_mem[0].u_comp_ddr3.data_task: at time 155950966.0 ps INFO: READ @ DQS= bank = 0 row = 2001 col = 00000046 data = xxxx
tb_g14_scale_n256_mig.gen_mem[0].u_comp_ddr3.data_task: at time 155952466.0 ps INFO: READ @ DQS= bank = 0 row = 2001 col = 00000047 data = xxxx
tb_g14_scale_n256_mig.gen_mem[0].u_comp_ddr3.cmd_task: at time 155952466.0 ps INFO: Read      bank 0 col 050, auto precharge 0
tb_g14_scale_n256_mig.gen_mem[0].u_comp_ddr3.data_task: at time 155953966.0 ps INFO: READ @ DQS= bank = 0 row = 2001 col = 00000048 data = xxxx
tb_g14_scale_n256_mig.gen_mem[0].u_comp_ddr3.data_task: at time 155955466.0 ps INFO: READ @ DQS= bank = 0 row = 2001 col = 00000049 data = xxxx
tb_g14_scale_n256_mig.gen_mem[0].u_comp_ddr3.data_task: at time 155956966.0 ps INFO: READ @ DQS= bank = 0 row = 2001 col = 0000004a data = xxxx
tb_g14_scale_n256_mig.gen_mem[0].u_comp_ddr3.data_task: at time 155958466.0 ps INFO: READ @ DQS= bank = 0 row = 2001 col = 0000004b data = xxxx
tb_g14_scale_n256_mig.gen_mem[0].u_comp_ddr3.data_task: at time 155959966.0 ps INFO: READ @ DQS= bank = 0 row = 2001 col = 0000004c data = xxxx
tb_g14_scale_n256_mig.gen_mem[0].u_comp_ddr3.data_task: at time 155961466.0 ps INFO: READ @ DQS= bank = 0 row = 2001 col = 0000004d data = xxxx
tb_g14_scale_n256_mig.gen_mem[0].u_comp_ddr3.data_task: at time 155962966.0 ps INFO: READ @ DQS= bank = 0 row = 2001 col = 0000004e data = xxxx
tb_g14_scale_n256_mig.gen_mem[0].u_comp_ddr3.data_task: at time 155964466.0 ps INFO: READ @ DQS= bank = 0 row = 2001 col = 0000004f data = xxxx
tb_g14_scale_n256_mig.gen_mem[0].u_comp_ddr3.cmd_task: at time 155964466.0 ps INFO: Read      bank 0 col 058, auto precharge 0
tb_g14_scale_n256_mig.gen_mem[0].u_comp_ddr3.data_task: at time 155965966.0 ps INFO: READ @ DQS= bank = 0 row = 2001 col = 00000050 data = xxxx
tb_g14_scale_n256_mig.gen_mem[0].u_comp_ddr3.data_task: at time 155967466.0 ps INFO: READ @ DQS= bank = 0 row = 2001 col = 00000051 data = xxxx
tb_g14_scale_n256_mig.gen_mem[0].u_comp_ddr3.data_task: at time 155968966.0 ps INFO: READ @ DQS= bank = 0 row = 2001 col = 00000052 data = xxxx
tb_g14_scale_n256_mig.gen_mem[0].u_comp_ddr3.data_task: at time 155970466.0 ps INFO: READ @ DQS= bank = 0 row = 2001 col = 00000053 data = xxxx
tb_g14_scale_n256_mig.gen_mem[0].u_comp_ddr3.data_task: at time 155971966.0 ps INFO: READ @ DQS= bank = 0 row = 2001 col = 00000054 data = xxxx
tb_g14_scale_n256_mig.gen_mem[0].u_comp_ddr3.data_task: at time 155973466.0 ps INFO: READ @ DQS= bank = 0 row = 2001 col = 00000055 data = xxxx
tb_g14_scale_n256_mig.gen_mem[0].u_comp_ddr3.data_task: at time 155974966.0 ps INFO: READ @ DQS= bank = 0 row = 2001 col = 00000056 data = xxxx
tb_g14_scale_n256_mig.gen_mem[0].u_comp_ddr3.data_task: at time 155976466.0 ps INFO: READ @ DQS= bank = 0 row = 2001 col = 00000057 data = xxxx
tb_g14_scale_n256_mig.gen_mem[0].u_comp_ddr3.cmd_task: at time 155976466.0 ps INFO: Read      bank 0 col 060, auto precharge 0
tb_g14_scale_n256_mig.gen_mem[0].u_comp_ddr3.data_task: at time 155977966.0 ps INFO: READ @ DQS= bank = 0 row = 2001 col = 00000058 data = xxxx
tb_g14_scale_n256_mig.gen_mem[0].u_comp_ddr3.data_task: at time 155979466.0 ps INFO: READ @ DQS= bank = 0 row = 2001 col = 00000059 data = xxxx
tb_g14_scale_n256_mig.gen_mem[0].u_comp_ddr3.data_task: at time 155980966.0 ps INFO: READ @ DQS= bank = 0 row = 2001 col = 0000005a data = xxxx
tb_g14_scale_n256_mig.gen_mem[0].u_comp_ddr3.data_task: at time 155982466.0 ps INFO: READ @ DQS= bank = 0 row = 2001 col = 0000005b data = xxxx
tb_g14_scale_n256_mig.gen_mem[0].u_comp_ddr3.data_task: at time 155983966.0 ps INFO: READ @ DQS= bank = 0 row = 2001 col = 0000005c data = xxxx
tb_g14_scale_n256_mig.gen_mem[0].u_comp_ddr3.data_task: at time 155985466.0 ps INFO: READ @ DQS= bank = 0 row = 2001 col = 0000005d data = xxxx
tb_g14_scale_n256_mig.gen_mem[0].u_comp_ddr3.data_task: at time 155986966.0 ps INFO: READ @ DQS= bank = 0 row = 2001 col = 0000005e data = xxxx
tb_g14_scale_n256_mig.gen_mem[0].u_comp_ddr3.data_task: at time 155988466.0 ps INFO: READ @ DQS= bank = 0 row = 2001 col = 0000005f data = xxxx
tb_g14_scale_n256_mig.gen_mem[0].u_comp_ddr3.cmd_task: at time 155988466.0 ps INFO: Read      bank 0 col 068, auto precharge 0
tb_g14_scale_n256_mig.gen_mem[0].u_comp_ddr3.data_task: at time 155989966.0 ps INFO: READ @ DQS= bank = 0 row = 2001 col = 00000060 data = xxxx
tb_g14_scale_n256_mig.gen_mem[0].u_comp_ddr3.data_task: at time 155991466.0 ps INFO: READ @ DQS= bank = 0 row = 2001 col = 00000061 data = xxxx
tb_g14_scale_n256_mig.gen_mem[0].u_comp_ddr3.data_task: at time 155992966.0 ps INFO: READ @ DQS= bank = 0 row = 2001 col = 00000062 data = xxxx
tb_g14_scale_n256_mig.gen_mem[0].u_comp_ddr3.data_task: at time 155994466.0 ps INFO: READ @ DQS= bank = 0 row = 2001 col = 00000063 data = xxxx
tb_g14_scale_n256_mig.gen_mem[0].u_comp_ddr3.data_task: at time 155995966.0 ps INFO: READ @ DQS= bank = 0 row = 2001 col = 00000064 data = xxxx
tb_g14_scale_n256_mig.gen_mem[0].u_comp_ddr3.data_task: at time 155997466.0 ps INFO: READ @ DQS= bank = 0 row = 2001 col = 00000065 data = xxxx
tb_g14_scale_n256_mig.gen_mem[0].u_comp_ddr3.data_task: at time 155998966.0 ps INFO: READ @ DQS= bank = 0 row = 2001 col = 00000066 data = xxxx
tb_g14_scale_n256_mig.gen_mem[0].u_comp_ddr3.data_task: at time 156000466.0 ps INFO: READ @ DQS= bank = 0 row = 2001 col = 00000067 data = xxxx
tb_g14_scale_n256_mig.gen_mem[0].u_comp_ddr3.cmd_task: at time 156000466.0 ps INFO: Read      bank 0 col 070, auto precharge 0
tb_g14_scale_n256_mig.gen_mem[0].u_comp_ddr3.data_task: at time 156001966.0 ps INFO: READ @ DQS= bank = 0 row = 2001 col = 00000068 data = xxxx
tb_g14_scale_n256_mig.gen_mem[0].u_comp_ddr3.data_task: at time 156003466.0 ps INFO: READ @ DQS= bank = 0 row = 2001 col = 00000069 data = xxxx
tb_g14_scale_n256_mig.gen_mem[0].u_comp_ddr3.data_task: at time 156004966.0 ps INFO: READ @ DQS= bank = 0 row = 2001 col = 0000006a data = xxxx
tb_g14_scale_n256_mig.gen_mem[0].u_comp_ddr3.data_task: at time 156006466.0 ps INFO: READ @ DQS= bank = 0 row = 2001 col = 0000006b data = xxxx
tb_g14_scale_n256_mig.gen_mem[0].u_comp_ddr3.data_task: at time 156007966.0 ps INFO: READ @ DQS= bank = 0 row = 2001 col = 0000006c data = xxxx
tb_g14_scale_n256_mig.gen_mem[0].u_comp_ddr3.data_task: at time 156009466.0 ps INFO: READ @ DQS= bank = 0 row = 2001 col = 0000006d data = xxxx
tb_g14_scale_n256_mig.gen_mem[0].u_comp_ddr3.data_task: at time 156010966.0 ps INFO: READ @ DQS= bank = 0 row = 2001 col = 0000006e data = xxxx
tb_g14_scale_n256_mig.gen_mem[0].u_comp_ddr3.data_task: at time 156012466.0 ps INFO: READ @ DQS= bank = 0 row = 2001 col = 0000006f data = xxxx
tb_g14_scale_n256_mig.gen_mem[0].u_comp_ddr3.cmd_task: at time 156012466.0 ps INFO: Read      bank 0 col 078, auto precharge 0
tb_g14_scale_n256_mig.gen_mem[0].u_comp_ddr3.data_task: at time 156013966.0 ps INFO: READ @ DQS= bank = 0 row = 2001 col = 00000070 data = xxxx
tb_g14_scale_n256_mig.gen_mem[0].u_comp_ddr3.data_task: at time 156015466.0 ps INFO: READ @ DQS= bank = 0 row = 2001 col = 00000071 data = xxxx
tb_g14_scale_n256_mig.gen_mem[0].u_comp_ddr3.data_task: at time 156016966.0 ps INFO: READ @ DQS= bank = 0 row = 2001 col = 00000072 data = xxxx
tb_g14_scale_n256_mig.gen_mem[0].u_comp_ddr3.data_task: at time 156018466.0 ps INFO: READ @ DQS= bank = 0 row = 2001 col = 00000073 data = xxxx
tb_g14_scale_n256_mig.gen_mem[0].u_comp_ddr3.data_task: at time 156019966.0 ps INFO: READ @ DQS= bank = 0 row = 2001 col = 00000074 data = xxxx
tb_g14_scale_n256_mig.gen_mem[0].u_comp_ddr3.data_task: at time 156021466.0 ps INFO: READ @ DQS= bank = 0 row = 2001 col = 00000075 data = xxxx
tb_g14_scale_n256_mig.gen_mem[0].u_comp_ddr3.data_task: at time 156022966.0 ps INFO: READ @ DQS= bank = 0 row = 2001 col = 00000076 data = xxxx
tb_g14_scale_n256_mig.gen_mem[0].u_comp_ddr3.data_task: at time 156024466.0 ps INFO: READ @ DQS= bank = 0 row = 2001 col = 00000077 data = xxxx
tb_g14_scale_n256_mig.gen_mem[0].u_comp_ddr3.data_task: at time 156025966.0 ps INFO: READ @ DQS= bank = 0 row = 2001 col = 00000078 data = xxxx
tb_g14_scale_n256_mig.gen_mem[0].u_comp_ddr3.data_task: at time 156027466.0 ps INFO: READ @ DQS= bank = 0 row = 2001 col = 00000079 data = xxxx
tb_g14_scale_n256_mig.gen_mem[0].u_comp_ddr3.data_task: at time 156028966.0 ps INFO: READ @ DQS= bank = 0 row = 2001 col = 0000007a data = xxxx
tb_g14_scale_n256_mig.gen_mem[0].u_comp_ddr3.data_task: at time 156030466.0 ps INFO: READ @ DQS= bank = 0 row = 2001 col = 0000007b data = xxxx
tb_g14_scale_n256_mig.gen_mem[0].u_comp_ddr3.data_task: at time 156031966.0 ps INFO: READ @ DQS= bank = 0 row = 2001 col = 0000007c data = xxxx
tb_g14_scale_n256_mig.gen_mem[0].u_comp_ddr3.data_task: at time 156033466.0 ps INFO: READ @ DQS= bank = 0 row = 2001 col = 0000007d data = xxxx
tb_g14_scale_n256_mig.gen_mem[0].u_comp_ddr3.data_task: at time 156034966.0 ps INFO: READ @ DQS= bank = 0 row = 2001 col = 0000007e data = xxxx
tb_g14_scale_n256_mig.gen_mem[0].u_comp_ddr3.data_task: at time 156036466.0 ps INFO: READ @ DQS= bank = 0 row = 2001 col = 0000007f data = xxxx
tb_g14_scale_n256_mig.gen_mem[0].u_comp_ddr3.cmd_task: at time 156063466.0 ps INFO: Precharge bank   0
tb_g14_scale_n256_mig.gen_mem[0].u_comp_ddr3.cmd_task: at time 156969466.0 ps INFO: Activate  bank 0 row 2001
tb_g14_scale_n256_mig.gen_mem[0].u_comp_ddr3.cmd_task: at time 156984466.0 ps INFO: Read      bank 0 col 078, auto precharge 0
tb_g14_scale_n256_mig.gen_mem[0].u_comp_ddr3.cmd_task: at time 156996466.0 ps INFO: Read      bank 0 col 078, auto precharge 0
tb_g14_scale_n256_mig.gen_mem[0].u_comp_ddr3.data_task: at time 156997966.0 ps INFO: READ @ DQS= bank = 0 row = 2001 col = 00000078 data = xxxx
tb_g14_scale_n256_mig.gen_mem[0].u_comp_ddr3.data_task: at time 156999466.0 ps INFO: READ @ DQS= bank = 0 row = 2001 col = 00000079 data = xxxx
tb_g14_scale_n256_mig.gen_mem[0].u_comp_ddr3.data_task: at time 157000966.0 ps INFO: READ @ DQS= bank = 0 row = 2001 col = 0000007a data = xxxx
tb_g14_scale_n256_mig.gen_mem[0].u_comp_ddr3.data_task: at time 157002466.0 ps INFO: READ @ DQS= bank = 0 row = 2001 col = 0000007b data = xxxx
tb_g14_scale_n256_mig.gen_mem[0].u_comp_ddr3.data_task: at time 157003966.0 ps INFO: READ @ DQS= bank = 0 row = 2001 col = 0000007c data = xxxx
tb_g14_scale_n256_mig.gen_mem[0].u_comp_ddr3.data_task: at time 157005466.0 ps INFO: READ @ DQS= bank = 0 row = 2001 col = 0000007d data = xxxx
tb_g14_scale_n256_mig.gen_mem[0].u_comp_ddr3.data_task: at time 157006966.0 ps INFO: READ @ DQS= bank = 0 row = 2001 col = 0000007e data = xxxx
tb_g14_scale_n256_mig.gen_mem[0].u_comp_ddr3.data_task: at time 157008466.0 ps INFO: READ @ DQS= bank = 0 row = 2001 col = 0000007f data = xxxx
tb_g14_scale_n256_mig.gen_mem[0].u_comp_ddr3.data_task: at time 157009966.0 ps INFO: READ @ DQS= bank = 0 row = 2001 col = 00000078 data = xxxx
tb_g14_scale_n256_mig.gen_mem[0].u_comp_ddr3.data_task: at time 157011466.0 ps INFO: READ @ DQS= bank = 0 row = 2001 col = 00000079 data = xxxx
tb_g14_scale_n256_mig.gen_mem[0].u_comp_ddr3.data_task: at time 157012966.0 ps INFO: READ @ DQS= bank = 0 row = 2001 col = 0000007a data = xxxx
tb_g14_scale_n256_mig.gen_mem[0].u_comp_ddr3.data_task: at time 157014466.0 ps INFO: READ @ DQS= bank = 0 row = 2001 col = 0000007b data = xxxx
tb_g14_scale_n256_mig.gen_mem[0].u_comp_ddr3.data_task: at time 157015966.0 ps INFO: READ @ DQS= bank = 0 row = 2001 col = 0000007c data = xxxx
tb_g14_scale_n256_mig.gen_mem[0].u_comp_ddr3.data_task: at time 157017466.0 ps INFO: READ @ DQS= bank = 0 row = 2001 col = 0000007d data = xxxx
tb_g14_scale_n256_mig.gen_mem[0].u_comp_ddr3.data_task: at time 157018966.0 ps INFO: READ @ DQS= bank = 0 row = 2001 col = 0000007e data = xxxx
tb_g14_scale_n256_mig.gen_mem[0].u_comp_ddr3.data_task: at time 157020466.0 ps INFO: READ @ DQS= bank = 0 row = 2001 col = 0000007f data = xxxx
tb_g14_scale_n256_mig.gen_mem[0].u_comp_ddr3.cmd_task: at time 157047466.0 ps INFO: Precharge bank   0
tb_g14_scale_n256_mig.gen_mem[0].u_comp_ddr3.cmd_task: at time 157929466.0 ps INFO: Activate  bank 0 row 2001
tb_g14_scale_n256_mig.gen_mem[0].u_comp_ddr3.cmd_task: at time 157944466.0 ps INFO: Read      bank 0 col 078, auto precharge 0
tb_g14_scale_n256_mig.gen_mem[0].u_comp_ddr3.cmd_task: at time 157956466.0 ps INFO: Read      bank 0 col 078, auto precharge 0
tb_g14_scale_n256_mig.gen_mem[0].u_comp_ddr3.data_task: at time 157957966.0 ps INFO: READ @ DQS= bank = 0 row = 2001 col = 00000078 data = xxxx
tb_g14_scale_n256_mig.gen_mem[0].u_comp_ddr3.data_task: at time 157959466.0 ps INFO: READ @ DQS= bank = 0 row = 2001 col = 00000079 data = xxxx
tb_g14_scale_n256_mig.gen_mem[0].u_comp_ddr3.data_task: at time 157960966.0 ps INFO: READ @ DQS= bank = 0 row = 2001 col = 0000007a data = xxxx
tb_g14_scale_n256_mig.gen_mem[0].u_comp_ddr3.data_task: at time 157962466.0 ps INFO: READ @ DQS= bank = 0 row = 2001 col = 0000007b data = xxxx
tb_g14_scale_n256_mig.gen_mem[0].u_comp_ddr3.data_task: at time 157963966.0 ps INFO: READ @ DQS= bank = 0 row = 2001 col = 0000007c data = xxxx
tb_g14_scale_n256_mig.gen_mem[0].u_comp_ddr3.data_task: at time 157965466.0 ps INFO: READ @ DQS= bank = 0 row = 2001 col = 0000007d data = xxxx
tb_g14_scale_n256_mig.gen_mem[0].u_comp_ddr3.data_task: at time 157966966.0 ps INFO: READ @ DQS= bank = 0 row = 2001 col = 0000007e data = xxxx
tb_g14_scale_n256_mig.gen_mem[0].u_comp_ddr3.data_task: at time 157968466.0 ps INFO: READ @ DQS= bank = 0 row = 2001 col = 0000007f data = xxxx
tb_g14_scale_n256_mig.gen_mem[0].u_comp_ddr3.data_task: at time 157969966.0 ps INFO: READ @ DQS= bank = 0 row = 2001 col = 00000078 data = xxxx
tb_g14_scale_n256_mig.gen_mem[0].u_comp_ddr3.data_task: at time 157971466.0 ps INFO: READ @ DQS= bank = 0 row = 2001 col = 00000079 data = xxxx
tb_g14_scale_n256_mig.gen_mem[0].u_comp_ddr3.data_task: at time 157972966.0 ps INFO: READ @ DQS= bank = 0 row = 2001 col = 0000007a data = xxxx
tb_g14_scale_n256_mig.gen_mem[0].u_comp_ddr3.data_task: at time 157974466.0 ps INFO: READ @ DQS= bank = 0 row = 2001 col = 0000007b data = xxxx
tb_g14_scale_n256_mig.gen_mem[0].u_comp_ddr3.data_task: at time 157975966.0 ps INFO: READ @ DQS= bank = 0 row = 2001 col = 0000007c data = xxxx
tb_g14_scale_n256_mig.gen_mem[0].u_comp_ddr3.data_task: at time 157977466.0 ps INFO: READ @ DQS= bank = 0 row = 2001 col = 0000007d data = xxxx
tb_g14_scale_n256_mig.gen_mem[0].u_comp_ddr3.data_task: at time 157978966.0 ps INFO: READ @ DQS= bank = 0 row = 2001 col = 0000007e data = xxxx
tb_g14_scale_n256_mig.gen_mem[0].u_comp_ddr3.data_task: at time 157980466.0 ps INFO: READ @ DQS= bank = 0 row = 2001 col = 0000007f data = xxxx
tb_g14_scale_n256_mig.gen_mem[0].u_comp_ddr3.cmd_task: at time 158007466.0 ps INFO: Precharge bank   0
tb_g14_scale_n256_mig.gen_mem[0].u_comp_ddr3.cmd_task: at time 158505466.0 ps INFO: Refresh  
tb_g14_scale_n256_mig.gen_mem[0].u_comp_ddr3.cmd_task: at time 158673466.0 ps INFO: Activate  bank 0 row 2001
tb_g14_scale_n256_mig.gen_mem[0].u_comp_ddr3.cmd_task: at time 158688466.0 ps INFO: Read      bank 0 col 080, auto precharge 0
tb_g14_scale_n256_mig.gen_mem[0].u_comp_ddr3.cmd_task: at time 158700466.0 ps INFO: Read      bank 0 col 088, auto precharge 0
tb_g14_scale_n256_mig.gen_mem[0].u_comp_ddr3.data_task: at time 158701966.0 ps INFO: READ @ DQS= bank = 0 row = 2001 col = 00000080 data = xxxx
tb_g14_scale_n256_mig.gen_mem[0].u_comp_ddr3.data_task: at time 158703466.0 ps INFO: READ @ DQS= bank = 0 row = 2001 col = 00000081 data = xxxx
tb_g14_scale_n256_mig.gen_mem[0].u_comp_ddr3.data_task: at time 158704966.0 ps INFO: READ @ DQS= bank = 0 row = 2001 col = 00000082 data = xxxx
tb_g14_scale_n256_mig.gen_mem[0].u_comp_ddr3.data_task: at time 158706466.0 ps INFO: READ @ DQS= bank = 0 row = 2001 col = 00000083 data = xxxx
tb_g14_scale_n256_mig.gen_mem[0].u_comp_ddr3.data_task: at time 158707966.0 ps INFO: READ @ DQS= bank = 0 row = 2001 col = 00000084 data = xxxx
tb_g14_scale_n256_mig.gen_mem[0].u_comp_ddr3.data_task: at time 158709466.0 ps INFO: READ @ DQS= bank = 0 row = 2001 col = 00000085 data = xxxx
tb_g14_scale_n256_mig.gen_mem[0].u_comp_ddr3.data_task: at time 158710966.0 ps INFO: READ @ DQS= bank = 0 row = 2001 col = 00000086 data = xxxx
tb_g14_scale_n256_mig.gen_mem[0].u_comp_ddr3.data_task: at time 158712466.0 ps INFO: READ @ DQS= bank = 0 row = 2001 col = 00000087 data = xxxx
tb_g14_scale_n256_mig.gen_mem[0].u_comp_ddr3.cmd_task: at time 158712466.0 ps INFO: Read      bank 0 col 090, auto precharge 0
tb_g14_scale_n256_mig.gen_mem[0].u_comp_ddr3.data_task: at time 158713966.0 ps INFO: READ @ DQS= bank = 0 row = 2001 col = 00000088 data = xxxx
tb_g14_scale_n256_mig.gen_mem[0].u_comp_ddr3.data_task: at time 158715466.0 ps INFO: READ @ DQS= bank = 0 row = 2001 col = 00000089 data = xxxx
tb_g14_scale_n256_mig.gen_mem[0].u_comp_ddr3.data_task: at time 158716966.0 ps INFO: READ @ DQS= bank = 0 row = 2001 col = 0000008a data = xxxx
tb_g14_scale_n256_mig.gen_mem[0].u_comp_ddr3.data_task: at time 158718466.0 ps INFO: READ @ DQS= bank = 0 row = 2001 col = 0000008b data = xxxx
tb_g14_scale_n256_mig.gen_mem[0].u_comp_ddr3.data_task: at time 158719966.0 ps INFO: READ @ DQS= bank = 0 row = 2001 col = 0000008c data = xxxx
tb_g14_scale_n256_mig.gen_mem[0].u_comp_ddr3.data_task: at time 158721466.0 ps INFO: READ @ DQS= bank = 0 row = 2001 col = 0000008d data = xxxx
tb_g14_scale_n256_mig.gen_mem[0].u_comp_ddr3.data_task: at time 158722966.0 ps INFO: READ @ DQS= bank = 0 row = 2001 col = 0000008e data = xxxx
tb_g14_scale_n256_mig.gen_mem[0].u_comp_ddr3.data_task: at time 158724466.0 ps INFO: READ @ DQS= bank = 0 row = 2001 col = 0000008f data = xxxx
tb_g14_scale_n256_mig.gen_mem[0].u_comp_ddr3.cmd_task: at time 158724466.0 ps INFO: Read      bank 0 col 098, auto precharge 0
tb_g14_scale_n256_mig.gen_mem[0].u_comp_ddr3.data_task: at time 158725966.0 ps INFO: READ @ DQS= bank = 0 row = 2001 col = 00000090 data = xxxx
tb_g14_scale_n256_mig.gen_mem[0].u_comp_ddr3.data_task: at time 158727466.0 ps INFO: READ @ DQS= bank = 0 row = 2001 col = 00000091 data = xxxx
tb_g14_scale_n256_mig.gen_mem[0].u_comp_ddr3.data_task: at time 158728966.0 ps INFO: READ @ DQS= bank = 0 row = 2001 col = 00000092 data = xxxx
tb_g14_scale_n256_mig.gen_mem[0].u_comp_ddr3.data_task: at time 158730466.0 ps INFO: READ @ DQS= bank = 0 row = 2001 col = 00000093 data = xxxx
tb_g14_scale_n256_mig.gen_mem[0].u_comp_ddr3.data_task: at time 158731966.0 ps INFO: READ @ DQS= bank = 0 row = 2001 col = 00000094 data = xxxx
tb_g14_scale_n256_mig.gen_mem[0].u_comp_ddr3.data_task: at time 158733466.0 ps INFO: READ @ DQS= bank = 0 row = 2001 col = 00000095 data = xxxx
tb_g14_scale_n256_mig.gen_mem[0].u_comp_ddr3.data_task: at time 158734966.0 ps INFO: READ @ DQS= bank = 0 row = 2001 col = 00000096 data = xxxx
tb_g14_scale_n256_mig.gen_mem[0].u_comp_ddr3.data_task: at time 158736466.0 ps INFO: READ @ DQS= bank = 0 row = 2001 col = 00000097 data = xxxx
tb_g14_scale_n256_mig.gen_mem[0].u_comp_ddr3.cmd_task: at time 158736466.0 ps INFO: Read      bank 0 col 0a0, auto precharge 0
tb_g14_scale_n256_mig.gen_mem[0].u_comp_ddr3.data_task: at time 158737966.0 ps INFO: READ @ DQS= bank = 0 row = 2001 col = 00000098 data = xxxx
tb_g14_scale_n256_mig.gen_mem[0].u_comp_ddr3.data_task: at time 158739466.0 ps INFO: READ @ DQS= bank = 0 row = 2001 col = 00000099 data = xxxx
tb_g14_scale_n256_mig.gen_mem[0].u_comp_ddr3.data_task: at time 158740966.0 ps INFO: READ @ DQS= bank = 0 row = 2001 col = 0000009a data = xxxx
tb_g14_scale_n256_mig.gen_mem[0].u_comp_ddr3.data_task: at time 158742466.0 ps INFO: READ @ DQS= bank = 0 row = 2001 col = 0000009b data = xxxx
tb_g14_scale_n256_mig.gen_mem[0].u_comp_ddr3.data_task: at time 158743966.0 ps INFO: READ @ DQS= bank = 0 row = 2001 col = 0000009c data = xxxx
tb_g14_scale_n256_mig.gen_mem[0].u_comp_ddr3.data_task: at time 158745466.0 ps INFO: READ @ DQS= bank = 0 row = 2001 col = 0000009d data = xxxx
tb_g14_scale_n256_mig.gen_mem[0].u_comp_ddr3.data_task: at time 158746966.0 ps INFO: READ @ DQS= bank = 0 row = 2001 col = 0000009e data = xxxx
tb_g14_scale_n256_mig.gen_mem[0].u_comp_ddr3.data_task: at time 158748466.0 ps INFO: READ @ DQS= bank = 0 row = 2001 col = 0000009f data = xxxx
tb_g14_scale_n256_mig.gen_mem[0].u_comp_ddr3.cmd_task: at time 158748466.0 ps INFO: Read      bank 0 col 0a8, auto precharge 0
tb_g14_scale_n256_mig.gen_mem[0].u_comp_ddr3.data_task: at time 158749966.0 ps INFO: READ @ DQS= bank = 0 row = 2001 col = 000000a0 data = xxxx
tb_g14_scale_n256_mig.gen_mem[0].u_comp_ddr3.data_task: at time 158751466.0 ps INFO: READ @ DQS= bank = 0 row = 2001 col = 000000a1 data = xxxx
tb_g14_scale_n256_mig.gen_mem[0].u_comp_ddr3.data_task: at time 158752966.0 ps INFO: READ @ DQS= bank = 0 row = 2001 col = 000000a2 data = xxxx
tb_g14_scale_n256_mig.gen_mem[0].u_comp_ddr3.data_task: at time 158754466.0 ps INFO: READ @ DQS= bank = 0 row = 2001 col = 000000a3 data = xxxx
tb_g14_scale_n256_mig.gen_mem[0].u_comp_ddr3.data_task: at time 158755966.0 ps INFO: READ @ DQS= bank = 0 row = 2001 col = 000000a4 data = xxxx
tb_g14_scale_n256_mig.gen_mem[0].u_comp_ddr3.data_task: at time 158757466.0 ps INFO: READ @ DQS= bank = 0 row = 2001 col = 000000a5 data = xxxx
tb_g14_scale_n256_mig.gen_mem[0].u_comp_ddr3.data_task: at time 158758966.0 ps INFO: READ @ DQS= bank = 0 row = 2001 col = 000000a6 data = xxxx
tb_g14_scale_n256_mig.gen_mem[0].u_comp_ddr3.data_task: at time 158760466.0 ps INFO: READ @ DQS= bank = 0 row = 2001 col = 000000a7 data = xxxx
tb_g14_scale_n256_mig.gen_mem[0].u_comp_ddr3.cmd_task: at time 158760466.0 ps INFO: Read      bank 0 col 0b0, auto precharge 0
tb_g14_scale_n256_mig.gen_mem[0].u_comp_ddr3.data_task: at time 158761966.0 ps INFO: READ @ DQS= bank = 0 row = 2001 col = 000000a8 data = xxxx
tb_g14_scale_n256_mig.gen_mem[0].u_comp_ddr3.data_task: at time 158763466.0 ps INFO: READ @ DQS= bank = 0 row = 2001 col = 000000a9 data = xxxx
tb_g14_scale_n256_mig.gen_mem[0].u_comp_ddr3.data_task: at time 158764966.0 ps INFO: READ @ DQS= bank = 0 row = 2001 col = 000000aa data = xxxx
tb_g14_scale_n256_mig.gen_mem[0].u_comp_ddr3.data_task: at time 158766466.0 ps INFO: READ @ DQS= bank = 0 row = 2001 col = 000000ab data = xxxx
tb_g14_scale_n256_mig.gen_mem[0].u_comp_ddr3.data_task: at time 158767966.0 ps INFO: READ @ DQS= bank = 0 row = 2001 col = 000000ac data = xxxx
tb_g14_scale_n256_mig.gen_mem[0].u_comp_ddr3.data_task: at time 158769466.0 ps INFO: READ @ DQS= bank = 0 row = 2001 col = 000000ad data = xxxx
tb_g14_scale_n256_mig.gen_mem[0].u_comp_ddr3.data_task: at time 158770966.0 ps INFO: READ @ DQS= bank = 0 row = 2001 col = 000000ae data = xxxx
tb_g14_scale_n256_mig.gen_mem[0].u_comp_ddr3.data_task: at time 158772466.0 ps INFO: READ @ DQS= bank = 0 row = 2001 col = 000000af data = xxxx
tb_g14_scale_n256_mig.gen_mem[0].u_comp_ddr3.cmd_task: at time 158772466.0 ps INFO: Read      bank 0 col 0b8, auto precharge 0
tb_g14_scale_n256_mig.gen_mem[0].u_comp_ddr3.data_task: at time 158773966.0 ps INFO: READ @ DQS= bank = 0 row = 2001 col = 000000b0 data = xxxx
tb_g14_scale_n256_mig.gen_mem[0].u_comp_ddr3.data_task: at time 158775466.0 ps INFO: READ @ DQS= bank = 0 row = 2001 col = 000000b1 data = xxxx
tb_g14_scale_n256_mig.gen_mem[0].u_comp_ddr3.data_task: at time 158776966.0 ps INFO: READ @ DQS= bank = 0 row = 2001 col = 000000b2 data = xxxx
tb_g14_scale_n256_mig.gen_mem[0].u_comp_ddr3.data_task: at time 158778466.0 ps INFO: READ @ DQS= bank = 0 row = 2001 col = 000000b3 data = xxxx
tb_g14_scale_n256_mig.gen_mem[0].u_comp_ddr3.data_task: at time 158779966.0 ps INFO: READ @ DQS= bank = 0 row = 2001 col = 000000b4 data = xxxx
tb_g14_scale_n256_mig.gen_mem[0].u_comp_ddr3.data_task: at time 158781466.0 ps INFO: READ @ DQS= bank = 0 row = 2001 col = 000000b5 data = xxxx
tb_g14_scale_n256_mig.gen_mem[0].u_comp_ddr3.data_task: at time 158782966.0 ps INFO: READ @ DQS= bank = 0 row = 2001 col = 000000b6 data = xxxx
tb_g14_scale_n256_mig.gen_mem[0].u_comp_ddr3.data_task: at time 158784466.0 ps INFO: READ @ DQS= bank = 0 row = 2001 col = 000000b7 data = xxxx
tb_g14_scale_n256_mig.gen_mem[0].u_comp_ddr3.cmd_task: at time 158784466.0 ps INFO: Read      bank 0 col 0c0, auto precharge 0
tb_g14_scale_n256_mig.gen_mem[0].u_comp_ddr3.data_task: at time 158785966.0 ps INFO: READ @ DQS= bank = 0 row = 2001 col = 000000b8 data = xxxx
tb_g14_scale_n256_mig.gen_mem[0].u_comp_ddr3.data_task: at time 158787466.0 ps INFO: READ @ DQS= bank = 0 row = 2001 col = 000000b9 data = xxxx
tb_g14_scale_n256_mig.gen_mem[0].u_comp_ddr3.data_task: at time 158788966.0 ps INFO: READ @ DQS= bank = 0 row = 2001 col = 000000ba data = xxxx
tb_g14_scale_n256_mig.gen_mem[0].u_comp_ddr3.data_task: at time 158790466.0 ps INFO: READ @ DQS= bank = 0 row = 2001 col = 000000bb data = xxxx
tb_g14_scale_n256_mig.gen_mem[0].u_comp_ddr3.data_task: at time 158791966.0 ps INFO: READ @ DQS= bank = 0 row = 2001 col = 000000bc data = xxxx
tb_g14_scale_n256_mig.gen_mem[0].u_comp_ddr3.data_task: at time 158793466.0 ps INFO: READ @ DQS= bank = 0 row = 2001 col = 000000bd data = xxxx
tb_g14_scale_n256_mig.gen_mem[0].u_comp_ddr3.data_task: at time 158794966.0 ps INFO: READ @ DQS= bank = 0 row = 2001 col = 000000be data = xxxx
tb_g14_scale_n256_mig.gen_mem[0].u_comp_ddr3.data_task: at time 158796466.0 ps INFO: READ @ DQS= bank = 0 row = 2001 col = 000000bf data = xxxx
tb_g14_scale_n256_mig.gen_mem[0].u_comp_ddr3.cmd_task: at time 158796466.0 ps INFO: Read      bank 0 col 0c8, auto precharge 0
tb_g14_scale_n256_mig.gen_mem[0].u_comp_ddr3.data_task: at time 158797966.0 ps INFO: READ @ DQS= bank = 0 row = 2001 col = 000000c0 data = xxxx
tb_g14_scale_n256_mig.gen_mem[0].u_comp_ddr3.data_task: at time 158799466.0 ps INFO: READ @ DQS= bank = 0 row = 2001 col = 000000c1 data = xxxx
tb_g14_scale_n256_mig.gen_mem[0].u_comp_ddr3.data_task: at time 158800966.0 ps INFO: READ @ DQS= bank = 0 row = 2001 col = 000000c2 data = xxxx
tb_g14_scale_n256_mig.gen_mem[0].u_comp_ddr3.data_task: at time 158802466.0 ps INFO: READ @ DQS= bank = 0 row = 2001 col = 000000c3 data = xxxx
tb_g14_scale_n256_mig.gen_mem[0].u_comp_ddr3.data_task: at time 158803966.0 ps INFO: READ @ DQS= bank = 0 row = 2001 col = 000000c4 data = xxxx
tb_g14_scale_n256_mig.gen_mem[0].u_comp_ddr3.data_task: at time 158805466.0 ps INFO: READ @ DQS= bank = 0 row = 2001 col = 000000c5 data = xxxx
tb_g14_scale_n256_mig.gen_mem[0].u_comp_ddr3.data_task: at time 158806966.0 ps INFO: READ @ DQS= bank = 0 row = 2001 col = 000000c6 data = xxxx
tb_g14_scale_n256_mig.gen_mem[0].u_comp_ddr3.data_task: at time 158808466.0 ps INFO: READ @ DQS= bank = 0 row = 2001 col = 000000c7 data = xxxx
tb_g14_scale_n256_mig.gen_mem[0].u_comp_ddr3.cmd_task: at time 158808466.0 ps INFO: Read      bank 0 col 0d0, auto precharge 0
tb_g14_scale_n256_mig.gen_mem[0].u_comp_ddr3.data_task: at time 158809966.0 ps INFO: READ @ DQS= bank = 0 row = 2001 col = 000000c8 data = xxxx
tb_g14_scale_n256_mig.gen_mem[0].u_comp_ddr3.data_task: at time 158811466.0 ps INFO: READ @ DQS= bank = 0 row = 2001 col = 000000c9 data = xxxx
tb_g14_scale_n256_mig.gen_mem[0].u_comp_ddr3.data_task: at time 158812966.0 ps INFO: READ @ DQS= bank = 0 row = 2001 col = 000000ca data = xxxx
tb_g14_scale_n256_mig.gen_mem[0].u_comp_ddr3.data_task: at time 158814466.0 ps INFO: READ @ DQS= bank = 0 row = 2001 col = 000000cb data = xxxx
tb_g14_scale_n256_mig.gen_mem[0].u_comp_ddr3.data_task: at time 158815966.0 ps INFO: READ @ DQS= bank = 0 row = 2001 col = 000000cc data = xxxx
tb_g14_scale_n256_mig.gen_mem[0].u_comp_ddr3.data_task: at time 158817466.0 ps INFO: READ @ DQS= bank = 0 row = 2001 col = 000000cd data = xxxx
tb_g14_scale_n256_mig.gen_mem[0].u_comp_ddr3.data_task: at time 158818966.0 ps INFO: READ @ DQS= bank = 0 row = 2001 col = 000000ce data = xxxx
tb_g14_scale_n256_mig.gen_mem[0].u_comp_ddr3.data_task: at time 158820466.0 ps INFO: READ @ DQS= bank = 0 row = 2001 col = 000000cf data = xxxx
tb_g14_scale_n256_mig.gen_mem[0].u_comp_ddr3.cmd_task: at time 158820466.0 ps INFO: Read      bank 0 col 0d8, auto precharge 0
tb_g14_scale_n256_mig.gen_mem[0].u_comp_ddr3.data_task: at time 158821966.0 ps INFO: READ @ DQS= bank = 0 row = 2001 col = 000000d0 data = xxxx
tb_g14_scale_n256_mig.gen_mem[0].u_comp_ddr3.data_task: at time 158823466.0 ps INFO: READ @ DQS= bank = 0 row = 2001 col = 000000d1 data = xxxx
tb_g14_scale_n256_mig.gen_mem[0].u_comp_ddr3.data_task: at time 158824966.0 ps INFO: READ @ DQS= bank = 0 row = 2001 col = 000000d2 data = xxxx
tb_g14_scale_n256_mig.gen_mem[0].u_comp_ddr3.data_task: at time 158826466.0 ps INFO: READ @ DQS= bank = 0 row = 2001 col = 000000d3 data = xxxx
tb_g14_scale_n256_mig.gen_mem[0].u_comp_ddr3.data_task: at time 158827966.0 ps INFO: READ @ DQS= bank = 0 row = 2001 col = 000000d4 data = xxxx
tb_g14_scale_n256_mig.gen_mem[0].u_comp_ddr3.data_task: at time 158829466.0 ps INFO: READ @ DQS= bank = 0 row = 2001 col = 000000d5 data = xxxx
tb_g14_scale_n256_mig.gen_mem[0].u_comp_ddr3.data_task: at time 158830966.0 ps INFO: READ @ DQS= bank = 0 row = 2001 col = 000000d6 data = xxxx
tb_g14_scale_n256_mig.gen_mem[0].u_comp_ddr3.data_task: at time 158832466.0 ps INFO: READ @ DQS= bank = 0 row = 2001 col = 000000d7 data = xxxx
tb_g14_scale_n256_mig.gen_mem[0].u_comp_ddr3.cmd_task: at time 158832466.0 ps INFO: Read      bank 0 col 0e0, auto precharge 0
tb_g14_scale_n256_mig.gen_mem[0].u_comp_ddr3.data_task: at time 158833966.0 ps INFO: READ @ DQS= bank = 0 row = 2001 col = 000000d8 data = xxxx
tb_g14_scale_n256_mig.gen_mem[0].u_comp_ddr3.data_task: at time 158835466.0 ps INFO: READ @ DQS= bank = 0 row = 2001 col = 000000d9 data = xxxx
tb_g14_scale_n256_mig.gen_mem[0].u_comp_ddr3.data_task: at time 158836966.0 ps INFO: READ @ DQS= bank = 0 row = 2001 col = 000000da data = xxxx
tb_g14_scale_n256_mig.gen_mem[0].u_comp_ddr3.data_task: at time 158838466.0 ps INFO: READ @ DQS= bank = 0 row = 2001 col = 000000db data = xxxx
tb_g14_scale_n256_mig.gen_mem[0].u_comp_ddr3.data_task: at time 158839966.0 ps INFO: READ @ DQS= bank = 0 row = 2001 col = 000000dc data = xxxx
tb_g14_scale_n256_mig.gen_mem[0].u_comp_ddr3.data_task: at time 158841466.0 ps INFO: READ @ DQS= bank = 0 row = 2001 col = 000000dd data = xxxx
tb_g14_scale_n256_mig.gen_mem[0].u_comp_ddr3.data_task: at time 158842966.0 ps INFO: READ @ DQS= bank = 0 row = 2001 col = 000000de data = xxxx
tb_g14_scale_n256_mig.gen_mem[0].u_comp_ddr3.data_task: at time 158844466.0 ps INFO: READ @ DQS= bank = 0 row = 2001 col = 000000df data = xxxx
tb_g14_scale_n256_mig.gen_mem[0].u_comp_ddr3.cmd_task: at time 158844466.0 ps INFO: Read      bank 0 col 0e8, auto precharge 0
tb_g14_scale_n256_mig.gen_mem[0].u_comp_ddr3.data_task: at time 158845966.0 ps INFO: READ @ DQS= bank = 0 row = 2001 col = 000000e0 data = xxxx
tb_g14_scale_n256_mig.gen_mem[0].u_comp_ddr3.data_task: at time 158847466.0 ps INFO: READ @ DQS= bank = 0 row = 2001 col = 000000e1 data = xxxx
tb_g14_scale_n256_mig.gen_mem[0].u_comp_ddr3.data_task: at time 158848966.0 ps INFO: READ @ DQS= bank = 0 row = 2001 col = 000000e2 data = xxxx
tb_g14_scale_n256_mig.gen_mem[0].u_comp_ddr3.data_task: at time 158850466.0 ps INFO: READ @ DQS= bank = 0 row = 2001 col = 000000e3 data = xxxx
tb_g14_scale_n256_mig.gen_mem[0].u_comp_ddr3.data_task: at time 158851966.0 ps INFO: READ @ DQS= bank = 0 row = 2001 col = 000000e4 data = xxxx
tb_g14_scale_n256_mig.gen_mem[0].u_comp_ddr3.data_task: at time 158853466.0 ps INFO: READ @ DQS= bank = 0 row = 2001 col = 000000e5 data = xxxx
tb_g14_scale_n256_mig.gen_mem[0].u_comp_ddr3.data_task: at time 158854966.0 ps INFO: READ @ DQS= bank = 0 row = 2001 col = 000000e6 data = xxxx
tb_g14_scale_n256_mig.gen_mem[0].u_comp_ddr3.data_task: at time 158856466.0 ps INFO: READ @ DQS= bank = 0 row = 2001 col = 000000e7 data = xxxx
tb_g14_scale_n256_mig.gen_mem[0].u_comp_ddr3.cmd_task: at time 158856466.0 ps INFO: Read      bank 0 col 0f0, auto precharge 0
tb_g14_scale_n256_mig.gen_mem[0].u_comp_ddr3.data_task: at time 158857966.0 ps INFO: READ @ DQS= bank = 0 row = 2001 col = 000000e8 data = xxxx
tb_g14_scale_n256_mig.gen_mem[0].u_comp_ddr3.data_task: at time 158859466.0 ps INFO: READ @ DQS= bank = 0 row = 2001 col = 000000e9 data = xxxx
tb_g14_scale_n256_mig.gen_mem[0].u_comp_ddr3.data_task: at time 158860966.0 ps INFO: READ @ DQS= bank = 0 row = 2001 col = 000000ea data = xxxx
tb_g14_scale_n256_mig.gen_mem[0].u_comp_ddr3.data_task: at time 158862466.0 ps INFO: READ @ DQS= bank = 0 row = 2001 col = 000000eb data = xxxx
tb_g14_scale_n256_mig.gen_mem[0].u_comp_ddr3.data_task: at time 158863966.0 ps INFO: READ @ DQS= bank = 0 row = 2001 col = 000000ec data = xxxx
tb_g14_scale_n256_mig.gen_mem[0].u_comp_ddr3.data_task: at time 158865466.0 ps INFO: READ @ DQS= bank = 0 row = 2001 col = 000000ed data = xxxx
tb_g14_scale_n256_mig.gen_mem[0].u_comp_ddr3.data_task: at time 158866966.0 ps INFO: READ @ DQS= bank = 0 row = 2001 col = 000000ee data = xxxx
tb_g14_scale_n256_mig.gen_mem[0].u_comp_ddr3.data_task: at time 158868466.0 ps INFO: READ @ DQS= bank = 0 row = 2001 col = 000000ef data = xxxx
tb_g14_scale_n256_mig.gen_mem[0].u_comp_ddr3.cmd_task: at time 158868466.0 ps INFO: Read      bank 0 col 0f8, auto precharge 0
tb_g14_scale_n256_mig.gen_mem[0].u_comp_ddr3.data_task: at time 158869966.0 ps INFO: READ @ DQS= bank = 0 row = 2001 col = 000000f0 data = xxxx
tb_g14_scale_n256_mig.gen_mem[0].u_comp_ddr3.data_task: at time 158871466.0 ps INFO: READ @ DQS= bank = 0 row = 2001 col = 000000f1 data = xxxx
tb_g14_scale_n256_mig.gen_mem[0].u_comp_ddr3.data_task: at time 158872966.0 ps INFO: READ @ DQS= bank = 0 row = 2001 col = 000000f2 data = xxxx
tb_g14_scale_n256_mig.gen_mem[0].u_comp_ddr3.data_task: at time 158874466.0 ps INFO: READ @ DQS= bank = 0 row = 2001 col = 000000f3 data = xxxx
tb_g14_scale_n256_mig.gen_mem[0].u_comp_ddr3.data_task: at time 158875966.0 ps INFO: READ @ DQS= bank = 0 row = 2001 col = 000000f4 data = xxxx
tb_g14_scale_n256_mig.gen_mem[0].u_comp_ddr3.data_task: at time 158877466.0 ps INFO: READ @ DQS= bank = 0 row = 2001 col = 000000f5 data = xxxx
tb_g14_scale_n256_mig.gen_mem[0].u_comp_ddr3.data_task: at time 158878966.0 ps INFO: READ @ DQS= bank = 0 row = 2001 col = 000000f6 data = xxxx
tb_g14_scale_n256_mig.gen_mem[0].u_comp_ddr3.data_task: at time 158880466.0 ps INFO: READ @ DQS= bank = 0 row = 2001 col = 000000f7 data = xxxx
tb_g14_scale_n256_mig.gen_mem[0].u_comp_ddr3.data_task: at time 158881966.0 ps INFO: READ @ DQS= bank = 0 row = 2001 col = 000000f8 data = xxxx
tb_g14_scale_n256_mig.gen_mem[0].u_comp_ddr3.data_task: at time 158883466.0 ps INFO: READ @ DQS= bank = 0 row = 2001 col = 000000f9 data = xxxx
tb_g14_scale_n256_mig.gen_mem[0].u_comp_ddr3.data_task: at time 158884966.0 ps INFO: READ @ DQS= bank = 0 row = 2001 col = 000000fa data = xxxx
tb_g14_scale_n256_mig.gen_mem[0].u_comp_ddr3.data_task: at time 158886466.0 ps INFO: READ @ DQS= bank = 0 row = 2001 col = 000000fb data = xxxx
tb_g14_scale_n256_mig.gen_mem[0].u_comp_ddr3.data_task: at time 158887966.0 ps INFO: READ @ DQS= bank = 0 row = 2001 col = 000000fc data = xxxx
tb_g14_scale_n256_mig.gen_mem[0].u_comp_ddr3.data_task: at time 158889466.0 ps INFO: READ @ DQS= bank = 0 row = 2001 col = 000000fd data = xxxx
tb_g14_scale_n256_mig.gen_mem[0].u_comp_ddr3.data_task: at time 158890966.0 ps INFO: READ @ DQS= bank = 0 row = 2001 col = 000000fe data = xxxx
tb_g14_scale_n256_mig.gen_mem[0].u_comp_ddr3.data_task: at time 158892466.0 ps INFO: READ @ DQS= bank = 0 row = 2001 col = 000000ff data = xxxx
tb_g14_scale_n256_mig.gen_mem[0].u_comp_ddr3.cmd_task: at time 158919466.0 ps INFO: Precharge bank   0
tb_g14_scale_n256_mig.gen_mem[0].u_comp_ddr3.cmd_task: at time 159849466.0 ps INFO: Activate  bank 0 row 2001
tb_g14_scale_n256_mig.gen_mem[0].u_comp_ddr3.cmd_task: at time 159864466.0 ps INFO: Read      bank 0 col 0f8, auto precharge 0
tb_g14_scale_n256_mig.gen_mem[0].u_comp_ddr3.cmd_task: at time 159876466.0 ps INFO: Read      bank 0 col 0f8, auto precharge 0
tb_g14_scale_n256_mig.gen_mem[0].u_comp_ddr3.data_task: at time 159877966.0 ps INFO: READ @ DQS= bank = 0 row = 2001 col = 000000f8 data = xxxx
tb_g14_scale_n256_mig.gen_mem[0].u_comp_ddr3.data_task: at time 159879466.0 ps INFO: READ @ DQS= bank = 0 row = 2001 col = 000000f9 data = xxxx
tb_g14_scale_n256_mig.gen_mem[0].u_comp_ddr3.data_task: at time 159880966.0 ps INFO: READ @ DQS= bank = 0 row = 2001 col = 000000fa data = xxxx
tb_g14_scale_n256_mig.gen_mem[0].u_comp_ddr3.data_task: at time 159882466.0 ps INFO: READ @ DQS= bank = 0 row = 2001 col = 000000fb data = xxxx
tb_g14_scale_n256_mig.gen_mem[0].u_comp_ddr3.data_task: at time 159883966.0 ps INFO: READ @ DQS= bank = 0 row = 2001 col = 000000fc data = xxxx
tb_g14_scale_n256_mig.gen_mem[0].u_comp_ddr3.data_task: at time 159885466.0 ps INFO: READ @ DQS= bank = 0 row = 2001 col = 000000fd data = xxxx
tb_g14_scale_n256_mig.gen_mem[0].u_comp_ddr3.data_task: at time 159886966.0 ps INFO: READ @ DQS= bank = 0 row = 2001 col = 000000fe data = xxxx
tb_g14_scale_n256_mig.gen_mem[0].u_comp_ddr3.data_task: at time 159888466.0 ps INFO: READ @ DQS= bank = 0 row = 2001 col = 000000ff data = xxxx
tb_g14_scale_n256_mig.gen_mem[0].u_comp_ddr3.data_task: at time 159889966.0 ps INFO: READ @ DQS= bank = 0 row = 2001 col = 000000f8 data = xxxx
tb_g14_scale_n256_mig.gen_mem[0].u_comp_ddr3.data_task: at time 159891466.0 ps INFO: READ @ DQS= bank = 0 row = 2001 col = 000000f9 data = xxxx
tb_g14_scale_n256_mig.gen_mem[0].u_comp_ddr3.data_task: at time 159892966.0 ps INFO: READ @ DQS= bank = 0 row = 2001 col = 000000fa data = xxxx
tb_g14_scale_n256_mig.gen_mem[0].u_comp_ddr3.data_task: at time 159894466.0 ps INFO: READ @ DQS= bank = 0 row = 2001 col = 000000fb data = xxxx
tb_g14_scale_n256_mig.gen_mem[0].u_comp_ddr3.data_task: at time 159895966.0 ps INFO: READ @ DQS= bank = 0 row = 2001 col = 000000fc data = xxxx
tb_g14_scale_n256_mig.gen_mem[0].u_comp_ddr3.data_task: at time 159897466.0 ps INFO: READ @ DQS= bank = 0 row = 2001 col = 000000fd data = xxxx
tb_g14_scale_n256_mig.gen_mem[0].u_comp_ddr3.data_task: at time 159898966.0 ps INFO: READ @ DQS= bank = 0 row = 2001 col = 000000fe data = xxxx
tb_g14_scale_n256_mig.gen_mem[0].u_comp_ddr3.data_task: at time 159900466.0 ps INFO: READ @ DQS= bank = 0 row = 2001 col = 000000ff data = xxxx
tb_g14_scale_n256_mig.gen_mem[0].u_comp_ddr3.cmd_task: at time 159927466.0 ps INFO: Precharge bank   0
tb_g14_scale_n256_mig.gen_mem[0].u_comp_ddr3.cmd_task: at time 160809466.0 ps INFO: Activate  bank 0 row 2001
tb_g14_scale_n256_mig.gen_mem[0].u_comp_ddr3.cmd_task: at time 160824466.0 ps INFO: Read      bank 0 col 0f8, auto precharge 0
tb_g14_scale_n256_mig.gen_mem[0].u_comp_ddr3.cmd_task: at time 160836466.0 ps INFO: Read      bank 0 col 0f8, auto precharge 0
tb_g14_scale_n256_mig.gen_mem[0].u_comp_ddr3.data_task: at time 160837966.0 ps INFO: READ @ DQS= bank = 0 row = 2001 col = 000000f8 data = xxxx
tb_g14_scale_n256_mig.gen_mem[0].u_comp_ddr3.data_task: at time 160839466.0 ps INFO: READ @ DQS= bank = 0 row = 2001 col = 000000f9 data = xxxx
tb_g14_scale_n256_mig.gen_mem[0].u_comp_ddr3.data_task: at time 160840966.0 ps INFO: READ @ DQS= bank = 0 row = 2001 col = 000000fa data = xxxx
tb_g14_scale_n256_mig.gen_mem[0].u_comp_ddr3.data_task: at time 160842466.0 ps INFO: READ @ DQS= bank = 0 row = 2001 col = 000000fb data = xxxx
tb_g14_scale_n256_mig.gen_mem[0].u_comp_ddr3.data_task: at time 160843966.0 ps INFO: READ @ DQS= bank = 0 row = 2001 col = 000000fc data = xxxx
tb_g14_scale_n256_mig.gen_mem[0].u_comp_ddr3.data_task: at time 160845466.0 ps INFO: READ @ DQS= bank = 0 row = 2001 col = 000000fd data = xxxx
tb_g14_scale_n256_mig.gen_mem[0].u_comp_ddr3.data_task: at time 160846966.0 ps INFO: READ @ DQS= bank = 0 row = 2001 col = 000000fe data = xxxx
tb_g14_scale_n256_mig.gen_mem[0].u_comp_ddr3.data_task: at time 160848466.0 ps INFO: READ @ DQS= bank = 0 row = 2001 col = 000000ff data = xxxx
tb_g14_scale_n256_mig.gen_mem[0].u_comp_ddr3.data_task: at time 160849966.0 ps INFO: READ @ DQS= bank = 0 row = 2001 col = 000000f8 data = xxxx
tb_g14_scale_n256_mig.gen_mem[0].u_comp_ddr3.data_task: at time 160851466.0 ps INFO: READ @ DQS= bank = 0 row = 2001 col = 000000f9 data = xxxx
tb_g14_scale_n256_mig.gen_mem[0].u_comp_ddr3.data_task: at time 160852966.0 ps INFO: READ @ DQS= bank = 0 row = 2001 col = 000000fa data = xxxx
tb_g14_scale_n256_mig.gen_mem[0].u_comp_ddr3.data_task: at time 160854466.0 ps INFO: READ @ DQS= bank = 0 row = 2001 col = 000000fb data = xxxx
tb_g14_scale_n256_mig.gen_mem[0].u_comp_ddr3.data_task: at time 160855966.0 ps INFO: READ @ DQS= bank = 0 row = 2001 col = 000000fc data = xxxx
tb_g14_scale_n256_mig.gen_mem[0].u_comp_ddr3.data_task: at time 160857466.0 ps INFO: READ @ DQS= bank = 0 row = 2001 col = 000000fd data = xxxx
tb_g14_scale_n256_mig.gen_mem[0].u_comp_ddr3.data_task: at time 160858966.0 ps INFO: READ @ DQS= bank = 0 row = 2001 col = 000000fe data = xxxx
tb_g14_scale_n256_mig.gen_mem[0].u_comp_ddr3.data_task: at time 160860466.0 ps INFO: READ @ DQS= bank = 0 row = 2001 col = 000000ff data = xxxx
tb_g14_scale_n256_mig.gen_mem[0].u_comp_ddr3.cmd_task: at time 160887466.0 ps INFO: Precharge bank   0
tb_g14_scale_n256_mig.gen_mem[0].u_comp_ddr3.cmd_task: at time 161385466.0 ps INFO: Activate  bank 0 row 2001
tb_g14_scale_n256_mig.gen_mem[0].u_comp_ddr3.cmd_task: at time 161400466.0 ps INFO: Read      bank 0 col 100, auto precharge 0
tb_g14_scale_n256_mig.gen_mem[0].u_comp_ddr3.cmd_task: at time 161412466.0 ps INFO: Read      bank 0 col 108, auto precharge 0
tb_g14_scale_n256_mig.gen_mem[0].u_comp_ddr3.data_task: at time 161413966.0 ps INFO: READ @ DQS= bank = 0 row = 2001 col = 00000100 data = xxxx
tb_g14_scale_n256_mig.gen_mem[0].u_comp_ddr3.data_task: at time 161415466.0 ps INFO: READ @ DQS= bank = 0 row = 2001 col = 00000101 data = xxxx
tb_g14_scale_n256_mig.gen_mem[0].u_comp_ddr3.data_task: at time 161416966.0 ps INFO: READ @ DQS= bank = 0 row = 2001 col = 00000102 data = xxxx
tb_g14_scale_n256_mig.gen_mem[0].u_comp_ddr3.data_task: at time 161418466.0 ps INFO: READ @ DQS= bank = 0 row = 2001 col = 00000103 data = xxxx
tb_g14_scale_n256_mig.gen_mem[0].u_comp_ddr3.data_task: at time 161419966.0 ps INFO: READ @ DQS= bank = 0 row = 2001 col = 00000104 data = xxxx
tb_g14_scale_n256_mig.gen_mem[0].u_comp_ddr3.data_task: at time 161421466.0 ps INFO: READ @ DQS= bank = 0 row = 2001 col = 00000105 data = xxxx
tb_g14_scale_n256_mig.gen_mem[0].u_comp_ddr3.data_task: at time 161422966.0 ps INFO: READ @ DQS= bank = 0 row = 2001 col = 00000106 data = xxxx
tb_g14_scale_n256_mig.gen_mem[0].u_comp_ddr3.data_task: at time 161424466.0 ps INFO: READ @ DQS= bank = 0 row = 2001 col = 00000107 data = xxxx
tb_g14_scale_n256_mig.gen_mem[0].u_comp_ddr3.cmd_task: at time 161424466.0 ps INFO: Read      bank 0 col 110, auto precharge 0
tb_g14_scale_n256_mig.gen_mem[0].u_comp_ddr3.data_task: at time 161425966.0 ps INFO: READ @ DQS= bank = 0 row = 2001 col = 00000108 data = xxxx
tb_g14_scale_n256_mig.gen_mem[0].u_comp_ddr3.data_task: at time 161427466.0 ps INFO: READ @ DQS= bank = 0 row = 2001 col = 00000109 data = xxxx
tb_g14_scale_n256_mig.gen_mem[0].u_comp_ddr3.data_task: at time 161428966.0 ps INFO: READ @ DQS= bank = 0 row = 2001 col = 0000010a data = xxxx
tb_g14_scale_n256_mig.gen_mem[0].u_comp_ddr3.data_task: at time 161430466.0 ps INFO: READ @ DQS= bank = 0 row = 2001 col = 0000010b data = xxxx
tb_g14_scale_n256_mig.gen_mem[0].u_comp_ddr3.data_task: at time 161431966.0 ps INFO: READ @ DQS= bank = 0 row = 2001 col = 0000010c data = xxxx
tb_g14_scale_n256_mig.gen_mem[0].u_comp_ddr3.data_task: at time 161433466.0 ps INFO: READ @ DQS= bank = 0 row = 2001 col = 0000010d data = xxxx
tb_g14_scale_n256_mig.gen_mem[0].u_comp_ddr3.data_task: at time 161434966.0 ps INFO: READ @ DQS= bank = 0 row = 2001 col = 0000010e data = xxxx
tb_g14_scale_n256_mig.gen_mem[0].u_comp_ddr3.data_task: at time 161436466.0 ps INFO: READ @ DQS= bank = 0 row = 2001 col = 0000010f data = xxxx
tb_g14_scale_n256_mig.gen_mem[0].u_comp_ddr3.cmd_task: at time 161436466.0 ps INFO: Read      bank 0 col 118, auto precharge 0
tb_g14_scale_n256_mig.gen_mem[0].u_comp_ddr3.data_task: at time 161437966.0 ps INFO: READ @ DQS= bank = 0 row = 2001 col = 00000110 data = xxxx
tb_g14_scale_n256_mig.gen_mem[0].u_comp_ddr3.data_task: at time 161439466.0 ps INFO: READ @ DQS= bank = 0 row = 2001 col = 00000111 data = xxxx
tb_g14_scale_n256_mig.gen_mem[0].u_comp_ddr3.data_task: at time 161440966.0 ps INFO: READ @ DQS= bank = 0 row = 2001 col = 00000112 data = xxxx
tb_g14_scale_n256_mig.gen_mem[0].u_comp_ddr3.data_task: at time 161442466.0 ps INFO: READ @ DQS= bank = 0 row = 2001 col = 00000113 data = xxxx
tb_g14_scale_n256_mig.gen_mem[0].u_comp_ddr3.data_task: at time 161443966.0 ps INFO: READ @ DQS= bank = 0 row = 2001 col = 00000114 data = xxxx
tb_g14_scale_n256_mig.gen_mem[0].u_comp_ddr3.data_task: at time 161445466.0 ps INFO: READ @ DQS= bank = 0 row = 2001 col = 00000115 data = xxxx
tb_g14_scale_n256_mig.gen_mem[0].u_comp_ddr3.data_task: at time 161446966.0 ps INFO: READ @ DQS= bank = 0 row = 2001 col = 00000116 data = xxxx
tb_g14_scale_n256_mig.gen_mem[0].u_comp_ddr3.data_task: at time 161448466.0 ps INFO: READ @ DQS= bank = 0 row = 2001 col = 00000117 data = xxxx
tb_g14_scale_n256_mig.gen_mem[0].u_comp_ddr3.cmd_task: at time 161448466.0 ps INFO: Read      bank 0 col 120, auto precharge 0
tb_g14_scale_n256_mig.gen_mem[0].u_comp_ddr3.data_task: at time 161449966.0 ps INFO: READ @ DQS= bank = 0 row = 2001 col = 00000118 data = xxxx
tb_g14_scale_n256_mig.gen_mem[0].u_comp_ddr3.data_task: at time 161451466.0 ps INFO: READ @ DQS= bank = 0 row = 2001 col = 00000119 data = xxxx
tb_g14_scale_n256_mig.gen_mem[0].u_comp_ddr3.data_task: at time 161452966.0 ps INFO: READ @ DQS= bank = 0 row = 2001 col = 0000011a data = xxxx
tb_g14_scale_n256_mig.gen_mem[0].u_comp_ddr3.data_task: at time 161454466.0 ps INFO: READ @ DQS= bank = 0 row = 2001 col = 0000011b data = xxxx
tb_g14_scale_n256_mig.gen_mem[0].u_comp_ddr3.data_task: at time 161455966.0 ps INFO: READ @ DQS= bank = 0 row = 2001 col = 0000011c data = xxxx
tb_g14_scale_n256_mig.gen_mem[0].u_comp_ddr3.data_task: at time 161457466.0 ps INFO: READ @ DQS= bank = 0 row = 2001 col = 0000011d data = xxxx
tb_g14_scale_n256_mig.gen_mem[0].u_comp_ddr3.data_task: at time 161458966.0 ps INFO: READ @ DQS= bank = 0 row = 2001 col = 0000011e data = xxxx
tb_g14_scale_n256_mig.gen_mem[0].u_comp_ddr3.data_task: at time 161460466.0 ps INFO: READ @ DQS= bank = 0 row = 2001 col = 0000011f data = xxxx
tb_g14_scale_n256_mig.gen_mem[0].u_comp_ddr3.cmd_task: at time 161460466.0 ps INFO: Read      bank 0 col 128, auto precharge 0
tb_g14_scale_n256_mig.gen_mem[0].u_comp_ddr3.data_task: at time 161461966.0 ps INFO: READ @ DQS= bank = 0 row = 2001 col = 00000120 data = xxxx
tb_g14_scale_n256_mig.gen_mem[0].u_comp_ddr3.data_task: at time 161463466.0 ps INFO: READ @ DQS= bank = 0 row = 2001 col = 00000121 data = xxxx
tb_g14_scale_n256_mig.gen_mem[0].u_comp_ddr3.data_task: at time 161464966.0 ps INFO: READ @ DQS= bank = 0 row = 2001 col = 00000122 data = xxxx
tb_g14_scale_n256_mig.gen_mem[0].u_comp_ddr3.data_task: at time 161466466.0 ps INFO: READ @ DQS= bank = 0 row = 2001 col = 00000123 data = xxxx
tb_g14_scale_n256_mig.gen_mem[0].u_comp_ddr3.data_task: at time 161467966.0 ps INFO: READ @ DQS= bank = 0 row = 2001 col = 00000124 data = xxxx
tb_g14_scale_n256_mig.gen_mem[0].u_comp_ddr3.data_task: at time 161469466.0 ps INFO: READ @ DQS= bank = 0 row = 2001 col = 00000125 data = xxxx
tb_g14_scale_n256_mig.gen_mem[0].u_comp_ddr3.data_task: at time 161470966.0 ps INFO: READ @ DQS= bank = 0 row = 2001 col = 00000126 data = xxxx
tb_g14_scale_n256_mig.gen_mem[0].u_comp_ddr3.data_task: at time 161472466.0 ps INFO: READ @ DQS= bank = 0 row = 2001 col = 00000127 data = xxxx
tb_g14_scale_n256_mig.gen_mem[0].u_comp_ddr3.cmd_task: at time 161472466.0 ps INFO: Read      bank 0 col 130, auto precharge 0
tb_g14_scale_n256_mig.gen_mem[0].u_comp_ddr3.data_task: at time 161473966.0 ps INFO: READ @ DQS= bank = 0 row = 2001 col = 00000128 data = xxxx
tb_g14_scale_n256_mig.gen_mem[0].u_comp_ddr3.data_task: at time 161475466.0 ps INFO: READ @ DQS= bank = 0 row = 2001 col = 00000129 data = xxxx
tb_g14_scale_n256_mig.gen_mem[0].u_comp_ddr3.data_task: at time 161476966.0 ps INFO: READ @ DQS= bank = 0 row = 2001 col = 0000012a data = xxxx
tb_g14_scale_n256_mig.gen_mem[0].u_comp_ddr3.data_task: at time 161478466.0 ps INFO: READ @ DQS= bank = 0 row = 2001 col = 0000012b data = xxxx
tb_g14_scale_n256_mig.gen_mem[0].u_comp_ddr3.data_task: at time 161479966.0 ps INFO: READ @ DQS= bank = 0 row = 2001 col = 0000012c data = xxxx
tb_g14_scale_n256_mig.gen_mem[0].u_comp_ddr3.data_task: at time 161481466.0 ps INFO: READ @ DQS= bank = 0 row = 2001 col = 0000012d data = xxxx
tb_g14_scale_n256_mig.gen_mem[0].u_comp_ddr3.data_task: at time 161482966.0 ps INFO: READ @ DQS= bank = 0 row = 2001 col = 0000012e data = xxxx
tb_g14_scale_n256_mig.gen_mem[0].u_comp_ddr3.data_task: at time 161484466.0 ps INFO: READ @ DQS= bank = 0 row = 2001 col = 0000012f data = xxxx
tb_g14_scale_n256_mig.gen_mem[0].u_comp_ddr3.cmd_task: at time 161484466.0 ps INFO: Read      bank 0 col 138, auto precharge 0
tb_g14_scale_n256_mig.gen_mem[0].u_comp_ddr3.data_task: at time 161485966.0 ps INFO: READ @ DQS= bank = 0 row = 2001 col = 00000130 data = xxxx
tb_g14_scale_n256_mig.gen_mem[0].u_comp_ddr3.data_task: at time 161487466.0 ps INFO: READ @ DQS= bank = 0 row = 2001 col = 00000131 data = xxxx
tb_g14_scale_n256_mig.gen_mem[0].u_comp_ddr3.data_task: at time 161488966.0 ps INFO: READ @ DQS= bank = 0 row = 2001 col = 00000132 data = xxxx
tb_g14_scale_n256_mig.gen_mem[0].u_comp_ddr3.data_task: at time 161490466.0 ps INFO: READ @ DQS= bank = 0 row = 2001 col = 00000133 data = xxxx
tb_g14_scale_n256_mig.gen_mem[0].u_comp_ddr3.data_task: at time 161491966.0 ps INFO: READ @ DQS= bank = 0 row = 2001 col = 00000134 data = xxxx
tb_g14_scale_n256_mig.gen_mem[0].u_comp_ddr3.data_task: at time 161493466.0 ps INFO: READ @ DQS= bank = 0 row = 2001 col = 00000135 data = xxxx
tb_g14_scale_n256_mig.gen_mem[0].u_comp_ddr3.data_task: at time 161494966.0 ps INFO: READ @ DQS= bank = 0 row = 2001 col = 00000136 data = xxxx
tb_g14_scale_n256_mig.gen_mem[0].u_comp_ddr3.data_task: at time 161496466.0 ps INFO: READ @ DQS= bank = 0 row = 2001 col = 00000137 data = xxxx
tb_g14_scale_n256_mig.gen_mem[0].u_comp_ddr3.cmd_task: at time 161496466.0 ps INFO: Read      bank 0 col 140, auto precharge 0
tb_g14_scale_n256_mig.gen_mem[0].u_comp_ddr3.data_task: at time 161497966.0 ps INFO: READ @ DQS= bank = 0 row = 2001 col = 00000138 data = xxxx
tb_g14_scale_n256_mig.gen_mem[0].u_comp_ddr3.data_task: at time 161499466.0 ps INFO: READ @ DQS= bank = 0 row = 2001 col = 00000139 data = xxxx
tb_g14_scale_n256_mig.gen_mem[0].u_comp_ddr3.data_task: at time 161500966.0 ps INFO: READ @ DQS= bank = 0 row = 2001 col = 0000013a data = xxxx
tb_g14_scale_n256_mig.gen_mem[0].u_comp_ddr3.data_task: at time 161502466.0 ps INFO: READ @ DQS= bank = 0 row = 2001 col = 0000013b data = xxxx
tb_g14_scale_n256_mig.gen_mem[0].u_comp_ddr3.data_task: at time 161503966.0 ps INFO: READ @ DQS= bank = 0 row = 2001 col = 0000013c data = xxxx
tb_g14_scale_n256_mig.gen_mem[0].u_comp_ddr3.data_task: at time 161505466.0 ps INFO: READ @ DQS= bank = 0 row = 2001 col = 0000013d data = xxxx
tb_g14_scale_n256_mig.gen_mem[0].u_comp_ddr3.data_task: at time 161506966.0 ps INFO: READ @ DQS= bank = 0 row = 2001 col = 0000013e data = xxxx
tb_g14_scale_n256_mig.gen_mem[0].u_comp_ddr3.data_task: at time 161508466.0 ps INFO: READ @ DQS= bank = 0 row = 2001 col = 0000013f data = xxxx
tb_g14_scale_n256_mig.gen_mem[0].u_comp_ddr3.cmd_task: at time 161508466.0 ps INFO: Read      bank 0 col 148, auto precharge 0
tb_g14_scale_n256_mig.gen_mem[0].u_comp_ddr3.data_task: at time 161509966.0 ps INFO: READ @ DQS= bank = 0 row = 2001 col = 00000140 data = xxxx
tb_g14_scale_n256_mig.gen_mem[0].u_comp_ddr3.data_task: at time 161511466.0 ps INFO: READ @ DQS= bank = 0 row = 2001 col = 00000141 data = xxxx
tb_g14_scale_n256_mig.gen_mem[0].u_comp_ddr3.data_task: at time 161512966.0 ps INFO: READ @ DQS= bank = 0 row = 2001 col = 00000142 data = xxxx
tb_g14_scale_n256_mig.gen_mem[0].u_comp_ddr3.data_task: at time 161514466.0 ps INFO: READ @ DQS= bank = 0 row = 2001 col = 00000143 data = xxxx
tb_g14_scale_n256_mig.gen_mem[0].u_comp_ddr3.data_task: at time 161515966.0 ps INFO: READ @ DQS= bank = 0 row = 2001 col = 00000144 data = xxxx
tb_g14_scale_n256_mig.gen_mem[0].u_comp_ddr3.data_task: at time 161517466.0 ps INFO: READ @ DQS= bank = 0 row = 2001 col = 00000145 data = xxxx
tb_g14_scale_n256_mig.gen_mem[0].u_comp_ddr3.data_task: at time 161518966.0 ps INFO: READ @ DQS= bank = 0 row = 2001 col = 00000146 data = xxxx
tb_g14_scale_n256_mig.gen_mem[0].u_comp_ddr3.data_task: at time 161520466.0 ps INFO: READ @ DQS= bank = 0 row = 2001 col = 00000147 data = xxxx
tb_g14_scale_n256_mig.gen_mem[0].u_comp_ddr3.cmd_task: at time 161520466.0 ps INFO: Read      bank 0 col 150, auto precharge 0
tb_g14_scale_n256_mig.gen_mem[0].u_comp_ddr3.data_task: at time 161521966.0 ps INFO: READ @ DQS= bank = 0 row = 2001 col = 00000148 data = xxxx
tb_g14_scale_n256_mig.gen_mem[0].u_comp_ddr3.data_task: at time 161523466.0 ps INFO: READ @ DQS= bank = 0 row = 2001 col = 00000149 data = xxxx
tb_g14_scale_n256_mig.gen_mem[0].u_comp_ddr3.data_task: at time 161524966.0 ps INFO: READ @ DQS= bank = 0 row = 2001 col = 0000014a data = xxxx
tb_g14_scale_n256_mig.gen_mem[0].u_comp_ddr3.data_task: at time 161526466.0 ps INFO: READ @ DQS= bank = 0 row = 2001 col = 0000014b data = xxxx
tb_g14_scale_n256_mig.gen_mem[0].u_comp_ddr3.data_task: at time 161527966.0 ps INFO: READ @ DQS= bank = 0 row = 2001 col = 0000014c data = xxxx
tb_g14_scale_n256_mig.gen_mem[0].u_comp_ddr3.data_task: at time 161529466.0 ps INFO: READ @ DQS= bank = 0 row = 2001 col = 0000014d data = xxxx
tb_g14_scale_n256_mig.gen_mem[0].u_comp_ddr3.data_task: at time 161530966.0 ps INFO: READ @ DQS= bank = 0 row = 2001 col = 0000014e data = xxxx
tb_g14_scale_n256_mig.gen_mem[0].u_comp_ddr3.data_task: at time 161532466.0 ps INFO: READ @ DQS= bank = 0 row = 2001 col = 0000014f data = xxxx
tb_g14_scale_n256_mig.gen_mem[0].u_comp_ddr3.cmd_task: at time 161532466.0 ps INFO: Read      bank 0 col 158, auto precharge 0
tb_g14_scale_n256_mig.gen_mem[0].u_comp_ddr3.data_task: at time 161533966.0 ps INFO: READ @ DQS= bank = 0 row = 2001 col = 00000150 data = xxxx
tb_g14_scale_n256_mig.gen_mem[0].u_comp_ddr3.data_task: at time 161535466.0 ps INFO: READ @ DQS= bank = 0 row = 2001 col = 00000151 data = xxxx
tb_g14_scale_n256_mig.gen_mem[0].u_comp_ddr3.data_task: at time 161536966.0 ps INFO: READ @ DQS= bank = 0 row = 2001 col = 00000152 data = xxxx
tb_g14_scale_n256_mig.gen_mem[0].u_comp_ddr3.data_task: at time 161538466.0 ps INFO: READ @ DQS= bank = 0 row = 2001 col = 00000153 data = xxxx
tb_g14_scale_n256_mig.gen_mem[0].u_comp_ddr3.data_task: at time 161539966.0 ps INFO: READ @ DQS= bank = 0 row = 2001 col = 00000154 data = xxxx
tb_g14_scale_n256_mig.gen_mem[0].u_comp_ddr3.data_task: at time 161541466.0 ps INFO: READ @ DQS= bank = 0 row = 2001 col = 00000155 data = xxxx
tb_g14_scale_n256_mig.gen_mem[0].u_comp_ddr3.data_task: at time 161542966.0 ps INFO: READ @ DQS= bank = 0 row = 2001 col = 00000156 data = xxxx
tb_g14_scale_n256_mig.gen_mem[0].u_comp_ddr3.data_task: at time 161544466.0 ps INFO: READ @ DQS= bank = 0 row = 2001 col = 00000157 data = xxxx
tb_g14_scale_n256_mig.gen_mem[0].u_comp_ddr3.cmd_task: at time 161544466.0 ps INFO: Read      bank 0 col 160, auto precharge 0
tb_g14_scale_n256_mig.gen_mem[0].u_comp_ddr3.data_task: at time 161545966.0 ps INFO: READ @ DQS= bank = 0 row = 2001 col = 00000158 data = xxxx
tb_g14_scale_n256_mig.gen_mem[0].u_comp_ddr3.data_task: at time 161547466.0 ps INFO: READ @ DQS= bank = 0 row = 2001 col = 00000159 data = xxxx
tb_g14_scale_n256_mig.gen_mem[0].u_comp_ddr3.data_task: at time 161548966.0 ps INFO: READ @ DQS= bank = 0 row = 2001 col = 0000015a data = xxxx
tb_g14_scale_n256_mig.gen_mem[0].u_comp_ddr3.data_task: at time 161550466.0 ps INFO: READ @ DQS= bank = 0 row = 2001 col = 0000015b data = xxxx
tb_g14_scale_n256_mig.gen_mem[0].u_comp_ddr3.data_task: at time 161551966.0 ps INFO: READ @ DQS= bank = 0 row = 2001 col = 0000015c data = xxxx
tb_g14_scale_n256_mig.gen_mem[0].u_comp_ddr3.data_task: at time 161553466.0 ps INFO: READ @ DQS= bank = 0 row = 2001 col = 0000015d data = xxxx
tb_g14_scale_n256_mig.gen_mem[0].u_comp_ddr3.data_task: at time 161554966.0 ps INFO: READ @ DQS= bank = 0 row = 2001 col = 0000015e data = xxxx
tb_g14_scale_n256_mig.gen_mem[0].u_comp_ddr3.data_task: at time 161556466.0 ps INFO: READ @ DQS= bank = 0 row = 2001 col = 0000015f data = xxxx
tb_g14_scale_n256_mig.gen_mem[0].u_comp_ddr3.cmd_task: at time 161556466.0 ps INFO: Read      bank 0 col 168, auto precharge 0
tb_g14_scale_n256_mig.gen_mem[0].u_comp_ddr3.data_task: at time 161557966.0 ps INFO: READ @ DQS= bank = 0 row = 2001 col = 00000160 data = xxxx
tb_g14_scale_n256_mig.gen_mem[0].u_comp_ddr3.data_task: at time 161559466.0 ps INFO: READ @ DQS= bank = 0 row = 2001 col = 00000161 data = xxxx
tb_g14_scale_n256_mig.gen_mem[0].u_comp_ddr3.data_task: at time 161560966.0 ps INFO: READ @ DQS= bank = 0 row = 2001 col = 00000162 data = xxxx
tb_g14_scale_n256_mig.gen_mem[0].u_comp_ddr3.data_task: at time 161562466.0 ps INFO: READ @ DQS= bank = 0 row = 2001 col = 00000163 data = xxxx
tb_g14_scale_n256_mig.gen_mem[0].u_comp_ddr3.data_task: at time 161563966.0 ps INFO: READ @ DQS= bank = 0 row = 2001 col = 00000164 data = xxxx
tb_g14_scale_n256_mig.gen_mem[0].u_comp_ddr3.data_task: at time 161565466.0 ps INFO: READ @ DQS= bank = 0 row = 2001 col = 00000165 data = xxxx
tb_g14_scale_n256_mig.gen_mem[0].u_comp_ddr3.data_task: at time 161566966.0 ps INFO: READ @ DQS= bank = 0 row = 2001 col = 00000166 data = xxxx
tb_g14_scale_n256_mig.gen_mem[0].u_comp_ddr3.data_task: at time 161568466.0 ps INFO: READ @ DQS= bank = 0 row = 2001 col = 00000167 data = xxxx
tb_g14_scale_n256_mig.gen_mem[0].u_comp_ddr3.cmd_task: at time 161568466.0 ps INFO: Read      bank 0 col 170, auto precharge 0
tb_g14_scale_n256_mig.gen_mem[0].u_comp_ddr3.data_task: at time 161569966.0 ps INFO: READ @ DQS= bank = 0 row = 2001 col = 00000168 data = xxxx
tb_g14_scale_n256_mig.gen_mem[0].u_comp_ddr3.data_task: at time 161571466.0 ps INFO: READ @ DQS= bank = 0 row = 2001 col = 00000169 data = xxxx
tb_g14_scale_n256_mig.gen_mem[0].u_comp_ddr3.data_task: at time 161572966.0 ps INFO: READ @ DQS= bank = 0 row = 2001 col = 0000016a data = xxxx
tb_g14_scale_n256_mig.gen_mem[0].u_comp_ddr3.data_task: at time 161574466.0 ps INFO: READ @ DQS= bank = 0 row = 2001 col = 0000016b data = xxxx
tb_g14_scale_n256_mig.gen_mem[0].u_comp_ddr3.data_task: at time 161575966.0 ps INFO: READ @ DQS= bank = 0 row = 2001 col = 0000016c data = xxxx
tb_g14_scale_n256_mig.gen_mem[0].u_comp_ddr3.data_task: at time 161577466.0 ps INFO: READ @ DQS= bank = 0 row = 2001 col = 0000016d data = xxxx
tb_g14_scale_n256_mig.gen_mem[0].u_comp_ddr3.data_task: at time 161578966.0 ps INFO: READ @ DQS= bank = 0 row = 2001 col = 0000016e data = xxxx
tb_g14_scale_n256_mig.gen_mem[0].u_comp_ddr3.data_task: at time 161580466.0 ps INFO: READ @ DQS= bank = 0 row = 2001 col = 0000016f data = xxxx
tb_g14_scale_n256_mig.gen_mem[0].u_comp_ddr3.cmd_task: at time 161580466.0 ps INFO: Read      bank 0 col 178, auto precharge 0
tb_g14_scale_n256_mig.gen_mem[0].u_comp_ddr3.data_task: at time 161581966.0 ps INFO: READ @ DQS= bank = 0 row = 2001 col = 00000170 data = xxxx
tb_g14_scale_n256_mig.gen_mem[0].u_comp_ddr3.data_task: at time 161583466.0 ps INFO: READ @ DQS= bank = 0 row = 2001 col = 00000171 data = xxxx
tb_g14_scale_n256_mig.gen_mem[0].u_comp_ddr3.data_task: at time 161584966.0 ps INFO: READ @ DQS= bank = 0 row = 2001 col = 00000172 data = xxxx
tb_g14_scale_n256_mig.gen_mem[0].u_comp_ddr3.data_task: at time 161586466.0 ps INFO: READ @ DQS= bank = 0 row = 2001 col = 00000173 data = xxxx
tb_g14_scale_n256_mig.gen_mem[0].u_comp_ddr3.data_task: at time 161587966.0 ps INFO: READ @ DQS= bank = 0 row = 2001 col = 00000174 data = xxxx
tb_g14_scale_n256_mig.gen_mem[0].u_comp_ddr3.data_task: at time 161589466.0 ps INFO: READ @ DQS= bank = 0 row = 2001 col = 00000175 data = xxxx
tb_g14_scale_n256_mig.gen_mem[0].u_comp_ddr3.data_task: at time 161590966.0 ps INFO: READ @ DQS= bank = 0 row = 2001 col = 00000176 data = xxxx
tb_g14_scale_n256_mig.gen_mem[0].u_comp_ddr3.data_task: at time 161592466.0 ps INFO: READ @ DQS= bank = 0 row = 2001 col = 00000177 data = xxxx
tb_g14_scale_n256_mig.gen_mem[0].u_comp_ddr3.data_task: at time 161593966.0 ps INFO: READ @ DQS= bank = 0 row = 2001 col = 00000178 data = xxxx
tb_g14_scale_n256_mig.gen_mem[0].u_comp_ddr3.data_task: at time 161595466.0 ps INFO: READ @ DQS= bank = 0 row = 2001 col = 00000179 data = xxxx
tb_g14_scale_n256_mig.gen_mem[0].u_comp_ddr3.data_task: at time 161596966.0 ps INFO: READ @ DQS= bank = 0 row = 2001 col = 0000017a data = xxxx
tb_g14_scale_n256_mig.gen_mem[0].u_comp_ddr3.data_task: at time 161598466.0 ps INFO: READ @ DQS= bank = 0 row = 2001 col = 0000017b data = xxxx
tb_g14_scale_n256_mig.gen_mem[0].u_comp_ddr3.data_task: at time 161599966.0 ps INFO: READ @ DQS= bank = 0 row = 2001 col = 0000017c data = xxxx
tb_g14_scale_n256_mig.gen_mem[0].u_comp_ddr3.data_task: at time 161601466.0 ps INFO: READ @ DQS= bank = 0 row = 2001 col = 0000017d data = xxxx
tb_g14_scale_n256_mig.gen_mem[0].u_comp_ddr3.data_task: at time 161602966.0 ps INFO: READ @ DQS= bank = 0 row = 2001 col = 0000017e data = xxxx
tb_g14_scale_n256_mig.gen_mem[0].u_comp_ddr3.data_task: at time 161604466.0 ps INFO: READ @ DQS= bank = 0 row = 2001 col = 0000017f data = xxxx
tb_g14_scale_n256_mig.gen_mem[0].u_comp_ddr3.cmd_task: at time 161631466.0 ps INFO: Precharge bank   0
tb_g14_scale_n256_mig.gen_mem[0].u_comp_ddr3.cmd_task: at time 162537466.0 ps INFO: Activate  bank 0 row 2001
tb_g14_scale_n256_mig.gen_mem[0].u_comp_ddr3.cmd_task: at time 162552466.0 ps INFO: Read      bank 0 col 178, auto precharge 0
tb_g14_scale_n256_mig.gen_mem[0].u_comp_ddr3.cmd_task: at time 162564466.0 ps INFO: Read      bank 0 col 178, auto precharge 0
tb_g14_scale_n256_mig.gen_mem[0].u_comp_ddr3.data_task: at time 162565966.0 ps INFO: READ @ DQS= bank = 0 row = 2001 col = 00000178 data = xxxx
tb_g14_scale_n256_mig.gen_mem[0].u_comp_ddr3.data_task: at time 162567466.0 ps INFO: READ @ DQS= bank = 0 row = 2001 col = 00000179 data = xxxx
tb_g14_scale_n256_mig.gen_mem[0].u_comp_ddr3.data_task: at time 162568966.0 ps INFO: READ @ DQS= bank = 0 row = 2001 col = 0000017a data = xxxx
tb_g14_scale_n256_mig.gen_mem[0].u_comp_ddr3.data_task: at time 162570466.0 ps INFO: READ @ DQS= bank = 0 row = 2001 col = 0000017b data = xxxx
tb_g14_scale_n256_mig.gen_mem[0].u_comp_ddr3.data_task: at time 162571966.0 ps INFO: READ @ DQS= bank = 0 row = 2001 col = 0000017c data = xxxx
tb_g14_scale_n256_mig.gen_mem[0].u_comp_ddr3.data_task: at time 162573466.0 ps INFO: READ @ DQS= bank = 0 row = 2001 col = 0000017d data = xxxx
tb_g14_scale_n256_mig.gen_mem[0].u_comp_ddr3.data_task: at time 162574966.0 ps INFO: READ @ DQS= bank = 0 row = 2001 col = 0000017e data = xxxx
tb_g14_scale_n256_mig.gen_mem[0].u_comp_ddr3.data_task: at time 162576466.0 ps INFO: READ @ DQS= bank = 0 row = 2001 col = 0000017f data = xxxx
tb_g14_scale_n256_mig.gen_mem[0].u_comp_ddr3.data_task: at time 162577966.0 ps INFO: READ @ DQS= bank = 0 row = 2001 col = 00000178 data = xxxx
tb_g14_scale_n256_mig.gen_mem[0].u_comp_ddr3.data_task: at time 162579466.0 ps INFO: READ @ DQS= bank = 0 row = 2001 col = 00000179 data = xxxx
tb_g14_scale_n256_mig.gen_mem[0].u_comp_ddr3.data_task: at time 162580966.0 ps INFO: READ @ DQS= bank = 0 row = 2001 col = 0000017a data = xxxx
tb_g14_scale_n256_mig.gen_mem[0].u_comp_ddr3.data_task: at time 162582466.0 ps INFO: READ @ DQS= bank = 0 row = 2001 col = 0000017b data = xxxx
tb_g14_scale_n256_mig.gen_mem[0].u_comp_ddr3.data_task: at time 162583966.0 ps INFO: READ @ DQS= bank = 0 row = 2001 col = 0000017c data = xxxx
tb_g14_scale_n256_mig.gen_mem[0].u_comp_ddr3.data_task: at time 162585466.0 ps INFO: READ @ DQS= bank = 0 row = 2001 col = 0000017d data = xxxx
tb_g14_scale_n256_mig.gen_mem[0].u_comp_ddr3.data_task: at time 162586966.0 ps INFO: READ @ DQS= bank = 0 row = 2001 col = 0000017e data = xxxx
tb_g14_scale_n256_mig.gen_mem[0].u_comp_ddr3.data_task: at time 162588466.0 ps INFO: READ @ DQS= bank = 0 row = 2001 col = 0000017f data = xxxx
tb_g14_scale_n256_mig.gen_mem[0].u_comp_ddr3.cmd_task: at time 162615466.0 ps INFO: Precharge bank   0
tb_g14_scale_n256_mig.gen_mem[0].u_comp_ddr3.cmd_task: at time 163497466.0 ps INFO: Activate  bank 0 row 2001
tb_g14_scale_n256_mig.gen_mem[0].u_comp_ddr3.cmd_task: at time 163512466.0 ps INFO: Read      bank 0 col 178, auto precharge 0
tb_g14_scale_n256_mig.gen_mem[0].u_comp_ddr3.cmd_task: at time 163524466.0 ps INFO: Read      bank 0 col 178, auto precharge 0
tb_g14_scale_n256_mig.gen_mem[0].u_comp_ddr3.data_task: at time 163525966.0 ps INFO: READ @ DQS= bank = 0 row = 2001 col = 00000178 data = xxxx
tb_g14_scale_n256_mig.gen_mem[0].u_comp_ddr3.data_task: at time 163527466.0 ps INFO: READ @ DQS= bank = 0 row = 2001 col = 00000179 data = xxxx
tb_g14_scale_n256_mig.gen_mem[0].u_comp_ddr3.data_task: at time 163528966.0 ps INFO: READ @ DQS= bank = 0 row = 2001 col = 0000017a data = xxxx
tb_g14_scale_n256_mig.gen_mem[0].u_comp_ddr3.data_task: at time 163530466.0 ps INFO: READ @ DQS= bank = 0 row = 2001 col = 0000017b data = xxxx
tb_g14_scale_n256_mig.gen_mem[0].u_comp_ddr3.data_task: at time 163531966.0 ps INFO: READ @ DQS= bank = 0 row = 2001 col = 0000017c data = xxxx
tb_g14_scale_n256_mig.gen_mem[0].u_comp_ddr3.data_task: at time 163533466.0 ps INFO: READ @ DQS= bank = 0 row = 2001 col = 0000017d data = xxxx
tb_g14_scale_n256_mig.gen_mem[0].u_comp_ddr3.data_task: at time 163534966.0 ps INFO: READ @ DQS= bank = 0 row = 2001 col = 0000017e data = xxxx
tb_g14_scale_n256_mig.gen_mem[0].u_comp_ddr3.data_task: at time 163536466.0 ps INFO: READ @ DQS= bank = 0 row = 2001 col = 0000017f data = xxxx
tb_g14_scale_n256_mig.gen_mem[0].u_comp_ddr3.data_task: at time 163537966.0 ps INFO: READ @ DQS= bank = 0 row = 2001 col = 00000178 data = xxxx
tb_g14_scale_n256_mig.gen_mem[0].u_comp_ddr3.data_task: at time 163539466.0 ps INFO: READ @ DQS= bank = 0 row = 2001 col = 00000179 data = xxxx
tb_g14_scale_n256_mig.gen_mem[0].u_comp_ddr3.data_task: at time 163540966.0 ps INFO: READ @ DQS= bank = 0 row = 2001 col = 0000017a data = xxxx
tb_g14_scale_n256_mig.gen_mem[0].u_comp_ddr3.data_task: at time 163542466.0 ps INFO: READ @ DQS= bank = 0 row = 2001 col = 0000017b data = xxxx
tb_g14_scale_n256_mig.gen_mem[0].u_comp_ddr3.data_task: at time 163543966.0 ps INFO: READ @ DQS= bank = 0 row = 2001 col = 0000017c data = xxxx
tb_g14_scale_n256_mig.gen_mem[0].u_comp_ddr3.data_task: at time 163545466.0 ps INFO: READ @ DQS= bank = 0 row = 2001 col = 0000017d data = xxxx
tb_g14_scale_n256_mig.gen_mem[0].u_comp_ddr3.data_task: at time 163546966.0 ps INFO: READ @ DQS= bank = 0 row = 2001 col = 0000017e data = xxxx
tb_g14_scale_n256_mig.gen_mem[0].u_comp_ddr3.data_task: at time 163548466.0 ps INFO: READ @ DQS= bank = 0 row = 2001 col = 0000017f data = xxxx
tb_g14_scale_n256_mig.gen_mem[0].u_comp_ddr3.cmd_task: at time 163575466.0 ps INFO: Precharge bank   0
tb_g14_scale_n256_mig.gen_mem[0].u_comp_ddr3.cmd_task: at time 164169466.0 ps INFO: Activate  bank 0 row 2001
tb_g14_scale_n256_mig.gen_mem[0].u_comp_ddr3.cmd_task: at time 164184466.0 ps INFO: Read      bank 0 col 180, auto precharge 0
tb_g14_scale_n256_mig.gen_mem[0].u_comp_ddr3.cmd_task: at time 164196466.0 ps INFO: Read      bank 0 col 188, auto precharge 0
tb_g14_scale_n256_mig.gen_mem[0].u_comp_ddr3.data_task: at time 164197966.0 ps INFO: READ @ DQS= bank = 0 row = 2001 col = 00000180 data = xxxx
tb_g14_scale_n256_mig.gen_mem[0].u_comp_ddr3.data_task: at time 164199466.0 ps INFO: READ @ DQS= bank = 0 row = 2001 col = 00000181 data = xxxx
tb_g14_scale_n256_mig.gen_mem[0].u_comp_ddr3.data_task: at time 164200966.0 ps INFO: READ @ DQS= bank = 0 row = 2001 col = 00000182 data = xxxx
tb_g14_scale_n256_mig.gen_mem[0].u_comp_ddr3.data_task: at time 164202466.0 ps INFO: READ @ DQS= bank = 0 row = 2001 col = 00000183 data = xxxx
tb_g14_scale_n256_mig.gen_mem[0].u_comp_ddr3.data_task: at time 164203966.0 ps INFO: READ @ DQS= bank = 0 row = 2001 col = 00000184 data = xxxx
tb_g14_scale_n256_mig.gen_mem[0].u_comp_ddr3.data_task: at time 164205466.0 ps INFO: READ @ DQS= bank = 0 row = 2001 col = 00000185 data = xxxx
tb_g14_scale_n256_mig.gen_mem[0].u_comp_ddr3.data_task: at time 164206966.0 ps INFO: READ @ DQS= bank = 0 row = 2001 col = 00000186 data = xxxx
tb_g14_scale_n256_mig.gen_mem[0].u_comp_ddr3.data_task: at time 164208466.0 ps INFO: READ @ DQS= bank = 0 row = 2001 col = 00000187 data = xxxx
tb_g14_scale_n256_mig.gen_mem[0].u_comp_ddr3.cmd_task: at time 164208466.0 ps INFO: Read      bank 0 col 190, auto precharge 0
tb_g14_scale_n256_mig.gen_mem[0].u_comp_ddr3.data_task: at time 164209966.0 ps INFO: READ @ DQS= bank = 0 row = 2001 col = 00000188 data = xxxx
tb_g14_scale_n256_mig.gen_mem[0].u_comp_ddr3.data_task: at time 164211466.0 ps INFO: READ @ DQS= bank = 0 row = 2001 col = 00000189 data = xxxx
tb_g14_scale_n256_mig.gen_mem[0].u_comp_ddr3.data_task: at time 164212966.0 ps INFO: READ @ DQS= bank = 0 row = 2001 col = 0000018a data = xxxx
tb_g14_scale_n256_mig.gen_mem[0].u_comp_ddr3.data_task: at time 164214466.0 ps INFO: READ @ DQS= bank = 0 row = 2001 col = 0000018b data = xxxx
tb_g14_scale_n256_mig.gen_mem[0].u_comp_ddr3.data_task: at time 164215966.0 ps INFO: READ @ DQS= bank = 0 row = 2001 col = 0000018c data = xxxx
tb_g14_scale_n256_mig.gen_mem[0].u_comp_ddr3.data_task: at time 164217466.0 ps INFO: READ @ DQS= bank = 0 row = 2001 col = 0000018d data = xxxx
tb_g14_scale_n256_mig.gen_mem[0].u_comp_ddr3.data_task: at time 164218966.0 ps INFO: READ @ DQS= bank = 0 row = 2001 col = 0000018e data = xxxx
tb_g14_scale_n256_mig.gen_mem[0].u_comp_ddr3.data_task: at time 164220466.0 ps INFO: READ @ DQS= bank = 0 row = 2001 col = 0000018f data = xxxx
tb_g14_scale_n256_mig.gen_mem[0].u_comp_ddr3.cmd_task: at time 164220466.0 ps INFO: Read      bank 0 col 198, auto precharge 0
tb_g14_scale_n256_mig.gen_mem[0].u_comp_ddr3.data_task: at time 164221966.0 ps INFO: READ @ DQS= bank = 0 row = 2001 col = 00000190 data = xxxx
tb_g14_scale_n256_mig.gen_mem[0].u_comp_ddr3.data_task: at time 164223466.0 ps INFO: READ @ DQS= bank = 0 row = 2001 col = 00000191 data = xxxx
tb_g14_scale_n256_mig.gen_mem[0].u_comp_ddr3.data_task: at time 164224966.0 ps INFO: READ @ DQS= bank = 0 row = 2001 col = 00000192 data = xxxx
tb_g14_scale_n256_mig.gen_mem[0].u_comp_ddr3.data_task: at time 164226466.0 ps INFO: READ @ DQS= bank = 0 row = 2001 col = 00000193 data = xxxx
tb_g14_scale_n256_mig.gen_mem[0].u_comp_ddr3.data_task: at time 164227966.0 ps INFO: READ @ DQS= bank = 0 row = 2001 col = 00000194 data = xxxx
tb_g14_scale_n256_mig.gen_mem[0].u_comp_ddr3.data_task: at time 164229466.0 ps INFO: READ @ DQS= bank = 0 row = 2001 col = 00000195 data = xxxx
tb_g14_scale_n256_mig.gen_mem[0].u_comp_ddr3.data_task: at time 164230966.0 ps INFO: READ @ DQS= bank = 0 row = 2001 col = 00000196 data = xxxx
tb_g14_scale_n256_mig.gen_mem[0].u_comp_ddr3.data_task: at time 164232466.0 ps INFO: READ @ DQS= bank = 0 row = 2001 col = 00000197 data = xxxx
tb_g14_scale_n256_mig.gen_mem[0].u_comp_ddr3.cmd_task: at time 164232466.0 ps INFO: Read      bank 0 col 1a0, auto precharge 0
tb_g14_scale_n256_mig.gen_mem[0].u_comp_ddr3.data_task: at time 164233966.0 ps INFO: READ @ DQS= bank = 0 row = 2001 col = 00000198 data = xxxx
tb_g14_scale_n256_mig.gen_mem[0].u_comp_ddr3.data_task: at time 164235466.0 ps INFO: READ @ DQS= bank = 0 row = 2001 col = 00000199 data = xxxx
tb_g14_scale_n256_mig.gen_mem[0].u_comp_ddr3.data_task: at time 164236966.0 ps INFO: READ @ DQS= bank = 0 row = 2001 col = 0000019a data = xxxx
tb_g14_scale_n256_mig.gen_mem[0].u_comp_ddr3.data_task: at time 164238466.0 ps INFO: READ @ DQS= bank = 0 row = 2001 col = 0000019b data = xxxx
tb_g14_scale_n256_mig.gen_mem[0].u_comp_ddr3.data_task: at time 164239966.0 ps INFO: READ @ DQS= bank = 0 row = 2001 col = 0000019c data = xxxx
tb_g14_scale_n256_mig.gen_mem[0].u_comp_ddr3.data_task: at time 164241466.0 ps INFO: READ @ DQS= bank = 0 row = 2001 col = 0000019d data = xxxx
tb_g14_scale_n256_mig.gen_mem[0].u_comp_ddr3.data_task: at time 164242966.0 ps INFO: READ @ DQS= bank = 0 row = 2001 col = 0000019e data = xxxx
tb_g14_scale_n256_mig.gen_mem[0].u_comp_ddr3.data_task: at time 164244466.0 ps INFO: READ @ DQS= bank = 0 row = 2001 col = 0000019f data = xxxx
tb_g14_scale_n256_mig.gen_mem[0].u_comp_ddr3.cmd_task: at time 164244466.0 ps INFO: Read      bank 0 col 1a8, auto precharge 0
tb_g14_scale_n256_mig.gen_mem[0].u_comp_ddr3.data_task: at time 164245966.0 ps INFO: READ @ DQS= bank = 0 row = 2001 col = 000001a0 data = xxxx
tb_g14_scale_n256_mig.gen_mem[0].u_comp_ddr3.data_task: at time 164247466.0 ps INFO: READ @ DQS= bank = 0 row = 2001 col = 000001a1 data = xxxx
tb_g14_scale_n256_mig.gen_mem[0].u_comp_ddr3.data_task: at time 164248966.0 ps INFO: READ @ DQS= bank = 0 row = 2001 col = 000001a2 data = xxxx
tb_g14_scale_n256_mig.gen_mem[0].u_comp_ddr3.data_task: at time 164250466.0 ps INFO: READ @ DQS= bank = 0 row = 2001 col = 000001a3 data = xxxx
tb_g14_scale_n256_mig.gen_mem[0].u_comp_ddr3.data_task: at time 164251966.0 ps INFO: READ @ DQS= bank = 0 row = 2001 col = 000001a4 data = xxxx
tb_g14_scale_n256_mig.gen_mem[0].u_comp_ddr3.data_task: at time 164253466.0 ps INFO: READ @ DQS= bank = 0 row = 2001 col = 000001a5 data = xxxx
tb_g14_scale_n256_mig.gen_mem[0].u_comp_ddr3.data_task: at time 164254966.0 ps INFO: READ @ DQS= bank = 0 row = 2001 col = 000001a6 data = xxxx
tb_g14_scale_n256_mig.gen_mem[0].u_comp_ddr3.data_task: at time 164256466.0 ps INFO: READ @ DQS= bank = 0 row = 2001 col = 000001a7 data = xxxx
tb_g14_scale_n256_mig.gen_mem[0].u_comp_ddr3.cmd_task: at time 164256466.0 ps INFO: Read      bank 0 col 1b0, auto precharge 0
tb_g14_scale_n256_mig.gen_mem[0].u_comp_ddr3.data_task: at time 164257966.0 ps INFO: READ @ DQS= bank = 0 row = 2001 col = 000001a8 data = xxxx
tb_g14_scale_n256_mig.gen_mem[0].u_comp_ddr3.data_task: at time 164259466.0 ps INFO: READ @ DQS= bank = 0 row = 2001 col = 000001a9 data = xxxx
tb_g14_scale_n256_mig.gen_mem[0].u_comp_ddr3.data_task: at time 164260966.0 ps INFO: READ @ DQS= bank = 0 row = 2001 col = 000001aa data = xxxx
tb_g14_scale_n256_mig.gen_mem[0].u_comp_ddr3.data_task: at time 164262466.0 ps INFO: READ @ DQS= bank = 0 row = 2001 col = 000001ab data = xxxx
tb_g14_scale_n256_mig.gen_mem[0].u_comp_ddr3.data_task: at time 164263966.0 ps INFO: READ @ DQS= bank = 0 row = 2001 col = 000001ac data = xxxx
tb_g14_scale_n256_mig.gen_mem[0].u_comp_ddr3.data_task: at time 164265466.0 ps INFO: READ @ DQS= bank = 0 row = 2001 col = 000001ad data = xxxx
tb_g14_scale_n256_mig.gen_mem[0].u_comp_ddr3.data_task: at time 164266966.0 ps INFO: READ @ DQS= bank = 0 row = 2001 col = 000001ae data = xxxx
tb_g14_scale_n256_mig.gen_mem[0].u_comp_ddr3.data_task: at time 164268466.0 ps INFO: READ @ DQS= bank = 0 row = 2001 col = 000001af data = xxxx
tb_g14_scale_n256_mig.gen_mem[0].u_comp_ddr3.cmd_task: at time 164268466.0 ps INFO: Read      bank 0 col 1b8, auto precharge 0
tb_g14_scale_n256_mig.gen_mem[0].u_comp_ddr3.data_task: at time 164269966.0 ps INFO: READ @ DQS= bank = 0 row = 2001 col = 000001b0 data = xxxx
tb_g14_scale_n256_mig.gen_mem[0].u_comp_ddr3.data_task: at time 164271466.0 ps INFO: READ @ DQS= bank = 0 row = 2001 col = 000001b1 data = xxxx
tb_g14_scale_n256_mig.gen_mem[0].u_comp_ddr3.data_task: at time 164272966.0 ps INFO: READ @ DQS= bank = 0 row = 2001 col = 000001b2 data = xxxx
tb_g14_scale_n256_mig.gen_mem[0].u_comp_ddr3.data_task: at time 164274466.0 ps INFO: READ @ DQS= bank = 0 row = 2001 col = 000001b3 data = xxxx
tb_g14_scale_n256_mig.gen_mem[0].u_comp_ddr3.data_task: at time 164275966.0 ps INFO: READ @ DQS= bank = 0 row = 2001 col = 000001b4 data = xxxx
tb_g14_scale_n256_mig.gen_mem[0].u_comp_ddr3.data_task: at time 164277466.0 ps INFO: READ @ DQS= bank = 0 row = 2001 col = 000001b5 data = xxxx
tb_g14_scale_n256_mig.gen_mem[0].u_comp_ddr3.data_task: at time 164278966.0 ps INFO: READ @ DQS= bank = 0 row = 2001 col = 000001b6 data = xxxx
tb_g14_scale_n256_mig.gen_mem[0].u_comp_ddr3.data_task: at time 164280466.0 ps INFO: READ @ DQS= bank = 0 row = 2001 col = 000001b7 data = xxxx
tb_g14_scale_n256_mig.gen_mem[0].u_comp_ddr3.cmd_task: at time 164280466.0 ps INFO: Read      bank 0 col 1c0, auto precharge 0
tb_g14_scale_n256_mig.gen_mem[0].u_comp_ddr3.data_task: at time 164281966.0 ps INFO: READ @ DQS= bank = 0 row = 2001 col = 000001b8 data = xxxx
tb_g14_scale_n256_mig.gen_mem[0].u_comp_ddr3.data_task: at time 164283466.0 ps INFO: READ @ DQS= bank = 0 row = 2001 col = 000001b9 data = xxxx
tb_g14_scale_n256_mig.gen_mem[0].u_comp_ddr3.data_task: at time 164284966.0 ps INFO: READ @ DQS= bank = 0 row = 2001 col = 000001ba data = xxxx
tb_g14_scale_n256_mig.gen_mem[0].u_comp_ddr3.data_task: at time 164286466.0 ps INFO: READ @ DQS= bank = 0 row = 2001 col = 000001bb data = xxxx
tb_g14_scale_n256_mig.gen_mem[0].u_comp_ddr3.data_task: at time 164287966.0 ps INFO: READ @ DQS= bank = 0 row = 2001 col = 000001bc data = xxxx
tb_g14_scale_n256_mig.gen_mem[0].u_comp_ddr3.data_task: at time 164289466.0 ps INFO: READ @ DQS= bank = 0 row = 2001 col = 000001bd data = xxxx
tb_g14_scale_n256_mig.gen_mem[0].u_comp_ddr3.data_task: at time 164290966.0 ps INFO: READ @ DQS= bank = 0 row = 2001 col = 000001be data = xxxx
tb_g14_scale_n256_mig.gen_mem[0].u_comp_ddr3.data_task: at time 164292466.0 ps INFO: READ @ DQS= bank = 0 row = 2001 col = 000001bf data = xxxx
tb_g14_scale_n256_mig.gen_mem[0].u_comp_ddr3.cmd_task: at time 164292466.0 ps INFO: Read      bank 0 col 1c8, auto precharge 0
tb_g14_scale_n256_mig.gen_mem[0].u_comp_ddr3.data_task: at time 164293966.0 ps INFO: READ @ DQS= bank = 0 row = 2001 col = 000001c0 data = xxxx
tb_g14_scale_n256_mig.gen_mem[0].u_comp_ddr3.data_task: at time 164295466.0 ps INFO: READ @ DQS= bank = 0 row = 2001 col = 000001c1 data = xxxx
tb_g14_scale_n256_mig.gen_mem[0].u_comp_ddr3.data_task: at time 164296966.0 ps INFO: READ @ DQS= bank = 0 row = 2001 col = 000001c2 data = xxxx
tb_g14_scale_n256_mig.gen_mem[0].u_comp_ddr3.data_task: at time 164298466.0 ps INFO: READ @ DQS= bank = 0 row = 2001 col = 000001c3 data = xxxx
tb_g14_scale_n256_mig.gen_mem[0].u_comp_ddr3.data_task: at time 164299966.0 ps INFO: READ @ DQS= bank = 0 row = 2001 col = 000001c4 data = xxxx
tb_g14_scale_n256_mig.gen_mem[0].u_comp_ddr3.data_task: at time 164301466.0 ps INFO: READ @ DQS= bank = 0 row = 2001 col = 000001c5 data = xxxx
tb_g14_scale_n256_mig.gen_mem[0].u_comp_ddr3.data_task: at time 164302966.0 ps INFO: READ @ DQS= bank = 0 row = 2001 col = 000001c6 data = xxxx
tb_g14_scale_n256_mig.gen_mem[0].u_comp_ddr3.data_task: at time 164304466.0 ps INFO: READ @ DQS= bank = 0 row = 2001 col = 000001c7 data = xxxx
tb_g14_scale_n256_mig.gen_mem[0].u_comp_ddr3.cmd_task: at time 164304466.0 ps INFO: Read      bank 0 col 1d0, auto precharge 0
tb_g14_scale_n256_mig.gen_mem[0].u_comp_ddr3.data_task: at time 164305966.0 ps INFO: READ @ DQS= bank = 0 row = 2001 col = 000001c8 data = xxxx
tb_g14_scale_n256_mig.gen_mem[0].u_comp_ddr3.data_task: at time 164307466.0 ps INFO: READ @ DQS= bank = 0 row = 2001 col = 000001c9 data = xxxx
tb_g14_scale_n256_mig.gen_mem[0].u_comp_ddr3.data_task: at time 164308966.0 ps INFO: READ @ DQS= bank = 0 row = 2001 col = 000001ca data = xxxx
tb_g14_scale_n256_mig.gen_mem[0].u_comp_ddr3.data_task: at time 164310466.0 ps INFO: READ @ DQS= bank = 0 row = 2001 col = 000001cb data = xxxx
tb_g14_scale_n256_mig.gen_mem[0].u_comp_ddr3.data_task: at time 164311966.0 ps INFO: READ @ DQS= bank = 0 row = 2001 col = 000001cc data = xxxx
tb_g14_scale_n256_mig.gen_mem[0].u_comp_ddr3.data_task: at time 164313466.0 ps INFO: READ @ DQS= bank = 0 row = 2001 col = 000001cd data = xxxx
tb_g14_scale_n256_mig.gen_mem[0].u_comp_ddr3.data_task: at time 164314966.0 ps INFO: READ @ DQS= bank = 0 row = 2001 col = 000001ce data = xxxx
tb_g14_scale_n256_mig.gen_mem[0].u_comp_ddr3.data_task: at time 164316466.0 ps INFO: READ @ DQS= bank = 0 row = 2001 col = 000001cf data = xxxx
tb_g14_scale_n256_mig.gen_mem[0].u_comp_ddr3.cmd_task: at time 164316466.0 ps INFO: Read      bank 0 col 1d8, auto precharge 0
tb_g14_scale_n256_mig.gen_mem[0].u_comp_ddr3.data_task: at time 164317966.0 ps INFO: READ @ DQS= bank = 0 row = 2001 col = 000001d0 data = xxxx
tb_g14_scale_n256_mig.gen_mem[0].u_comp_ddr3.data_task: at time 164319466.0 ps INFO: READ @ DQS= bank = 0 row = 2001 col = 000001d1 data = xxxx
tb_g14_scale_n256_mig.gen_mem[0].u_comp_ddr3.data_task: at time 164320966.0 ps INFO: READ @ DQS= bank = 0 row = 2001 col = 000001d2 data = xxxx
tb_g14_scale_n256_mig.gen_mem[0].u_comp_ddr3.data_task: at time 164322466.0 ps INFO: READ @ DQS= bank = 0 row = 2001 col = 000001d3 data = xxxx
tb_g14_scale_n256_mig.gen_mem[0].u_comp_ddr3.data_task: at time 164323966.0 ps INFO: READ @ DQS= bank = 0 row = 2001 col = 000001d4 data = xxxx
tb_g14_scale_n256_mig.gen_mem[0].u_comp_ddr3.data_task: at time 164325466.0 ps INFO: READ @ DQS= bank = 0 row = 2001 col = 000001d5 data = xxxx
tb_g14_scale_n256_mig.gen_mem[0].u_comp_ddr3.data_task: at time 164326966.0 ps INFO: READ @ DQS= bank = 0 row = 2001 col = 000001d6 data = xxxx
tb_g14_scale_n256_mig.gen_mem[0].u_comp_ddr3.data_task: at time 164328466.0 ps INFO: READ @ DQS= bank = 0 row = 2001 col = 000001d7 data = xxxx
tb_g14_scale_n256_mig.gen_mem[0].u_comp_ddr3.cmd_task: at time 164328466.0 ps INFO: Read      bank 0 col 1e0, auto precharge 0
tb_g14_scale_n256_mig.gen_mem[0].u_comp_ddr3.data_task: at time 164329966.0 ps INFO: READ @ DQS= bank = 0 row = 2001 col = 000001d8 data = xxxx
tb_g14_scale_n256_mig.gen_mem[0].u_comp_ddr3.data_task: at time 164331466.0 ps INFO: READ @ DQS= bank = 0 row = 2001 col = 000001d9 data = xxxx
tb_g14_scale_n256_mig.gen_mem[0].u_comp_ddr3.data_task: at time 164332966.0 ps INFO: READ @ DQS= bank = 0 row = 2001 col = 000001da data = xxxx
tb_g14_scale_n256_mig.gen_mem[0].u_comp_ddr3.data_task: at time 164334466.0 ps INFO: READ @ DQS= bank = 0 row = 2001 col = 000001db data = xxxx
tb_g14_scale_n256_mig.gen_mem[0].u_comp_ddr3.data_task: at time 164335966.0 ps INFO: READ @ DQS= bank = 0 row = 2001 col = 000001dc data = xxxx
tb_g14_scale_n256_mig.gen_mem[0].u_comp_ddr3.data_task: at time 164337466.0 ps INFO: READ @ DQS= bank = 0 row = 2001 col = 000001dd data = xxxx
tb_g14_scale_n256_mig.gen_mem[0].u_comp_ddr3.data_task: at time 164338966.0 ps INFO: READ @ DQS= bank = 0 row = 2001 col = 000001de data = xxxx
tb_g14_scale_n256_mig.gen_mem[0].u_comp_ddr3.data_task: at time 164340466.0 ps INFO: READ @ DQS= bank = 0 row = 2001 col = 000001df data = xxxx
tb_g14_scale_n256_mig.gen_mem[0].u_comp_ddr3.cmd_task: at time 164340466.0 ps INFO: Read      bank 0 col 1e8, auto precharge 0
tb_g14_scale_n256_mig.gen_mem[0].u_comp_ddr3.data_task: at time 164341966.0 ps INFO: READ @ DQS= bank = 0 row = 2001 col = 000001e0 data = xxxx
tb_g14_scale_n256_mig.gen_mem[0].u_comp_ddr3.data_task: at time 164343466.0 ps INFO: READ @ DQS= bank = 0 row = 2001 col = 000001e1 data = xxxx
tb_g14_scale_n256_mig.gen_mem[0].u_comp_ddr3.data_task: at time 164344966.0 ps INFO: READ @ DQS= bank = 0 row = 2001 col = 000001e2 data = xxxx
tb_g14_scale_n256_mig.gen_mem[0].u_comp_ddr3.data_task: at time 164346466.0 ps INFO: READ @ DQS= bank = 0 row = 2001 col = 000001e3 data = xxxx
tb_g14_scale_n256_mig.gen_mem[0].u_comp_ddr3.data_task: at time 164347966.0 ps INFO: READ @ DQS= bank = 0 row = 2001 col = 000001e4 data = xxxx
tb_g14_scale_n256_mig.gen_mem[0].u_comp_ddr3.data_task: at time 164349466.0 ps INFO: READ @ DQS= bank = 0 row = 2001 col = 000001e5 data = xxxx
tb_g14_scale_n256_mig.gen_mem[0].u_comp_ddr3.data_task: at time 164350966.0 ps INFO: READ @ DQS= bank = 0 row = 2001 col = 000001e6 data = xxxx
tb_g14_scale_n256_mig.gen_mem[0].u_comp_ddr3.data_task: at time 164352466.0 ps INFO: READ @ DQS= bank = 0 row = 2001 col = 000001e7 data = xxxx
tb_g14_scale_n256_mig.gen_mem[0].u_comp_ddr3.cmd_task: at time 164352466.0 ps INFO: Read      bank 0 col 1f0, auto precharge 0
tb_g14_scale_n256_mig.gen_mem[0].u_comp_ddr3.data_task: at time 164353966.0 ps INFO: READ @ DQS= bank = 0 row = 2001 col = 000001e8 data = xxxx
tb_g14_scale_n256_mig.gen_mem[0].u_comp_ddr3.data_task: at time 164355466.0 ps INFO: READ @ DQS= bank = 0 row = 2001 col = 000001e9 data = xxxx
tb_g14_scale_n256_mig.gen_mem[0].u_comp_ddr3.data_task: at time 164356966.0 ps INFO: READ @ DQS= bank = 0 row = 2001 col = 000001ea data = xxxx
tb_g14_scale_n256_mig.gen_mem[0].u_comp_ddr3.data_task: at time 164358466.0 ps INFO: READ @ DQS= bank = 0 row = 2001 col = 000001eb data = xxxx
tb_g14_scale_n256_mig.gen_mem[0].u_comp_ddr3.data_task: at time 164359966.0 ps INFO: READ @ DQS= bank = 0 row = 2001 col = 000001ec data = xxxx
tb_g14_scale_n256_mig.gen_mem[0].u_comp_ddr3.data_task: at time 164361466.0 ps INFO: READ @ DQS= bank = 0 row = 2001 col = 000001ed data = xxxx
tb_g14_scale_n256_mig.gen_mem[0].u_comp_ddr3.data_task: at time 164362966.0 ps INFO: READ @ DQS= bank = 0 row = 2001 col = 000001ee data = xxxx
tb_g14_scale_n256_mig.gen_mem[0].u_comp_ddr3.data_task: at time 164364466.0 ps INFO: READ @ DQS= bank = 0 row = 2001 col = 000001ef data = xxxx
tb_g14_scale_n256_mig.gen_mem[0].u_comp_ddr3.cmd_task: at time 164364466.0 ps INFO: Read      bank 0 col 1f8, auto precharge 0
tb_g14_scale_n256_mig.gen_mem[0].u_comp_ddr3.data_task: at time 164365966.0 ps INFO: READ @ DQS= bank = 0 row = 2001 col = 000001f0 data = xxxx
tb_g14_scale_n256_mig.gen_mem[0].u_comp_ddr3.data_task: at time 164367466.0 ps INFO: READ @ DQS= bank = 0 row = 2001 col = 000001f1 data = xxxx
tb_g14_scale_n256_mig.gen_mem[0].u_comp_ddr3.data_task: at time 164368966.0 ps INFO: READ @ DQS= bank = 0 row = 2001 col = 000001f2 data = xxxx
tb_g14_scale_n256_mig.gen_mem[0].u_comp_ddr3.data_task: at time 164370466.0 ps INFO: READ @ DQS= bank = 0 row = 2001 col = 000001f3 data = xxxx
tb_g14_scale_n256_mig.gen_mem[0].u_comp_ddr3.data_task: at time 164371966.0 ps INFO: READ @ DQS= bank = 0 row = 2001 col = 000001f4 data = xxxx
tb_g14_scale_n256_mig.gen_mem[0].u_comp_ddr3.data_task: at time 164373466.0 ps INFO: READ @ DQS= bank = 0 row = 2001 col = 000001f5 data = xxxx
tb_g14_scale_n256_mig.gen_mem[0].u_comp_ddr3.data_task: at time 164374966.0 ps INFO: READ @ DQS= bank = 0 row = 2001 col = 000001f6 data = xxxx
tb_g14_scale_n256_mig.gen_mem[0].u_comp_ddr3.data_task: at time 164376466.0 ps INFO: READ @ DQS= bank = 0 row = 2001 col = 000001f7 data = xxxx
tb_g14_scale_n256_mig.gen_mem[0].u_comp_ddr3.data_task: at time 164377966.0 ps INFO: READ @ DQS= bank = 0 row = 2001 col = 000001f8 data = xxxx
tb_g14_scale_n256_mig.gen_mem[0].u_comp_ddr3.data_task: at time 164379466.0 ps INFO: READ @ DQS= bank = 0 row = 2001 col = 000001f9 data = xxxx
tb_g14_scale_n256_mig.gen_mem[0].u_comp_ddr3.data_task: at time 164380966.0 ps INFO: READ @ DQS= bank = 0 row = 2001 col = 000001fa data = xxxx
tb_g14_scale_n256_mig.gen_mem[0].u_comp_ddr3.data_task: at time 164382466.0 ps INFO: READ @ DQS= bank = 0 row = 2001 col = 000001fb data = xxxx
tb_g14_scale_n256_mig.gen_mem[0].u_comp_ddr3.data_task: at time 164383966.0 ps INFO: READ @ DQS= bank = 0 row = 2001 col = 000001fc data = xxxx
tb_g14_scale_n256_mig.gen_mem[0].u_comp_ddr3.data_task: at time 164385466.0 ps INFO: READ @ DQS= bank = 0 row = 2001 col = 000001fd data = xxxx
tb_g14_scale_n256_mig.gen_mem[0].u_comp_ddr3.data_task: at time 164386966.0 ps INFO: READ @ DQS= bank = 0 row = 2001 col = 000001fe data = xxxx
tb_g14_scale_n256_mig.gen_mem[0].u_comp_ddr3.data_task: at time 164388466.0 ps INFO: READ @ DQS= bank = 0 row = 2001 col = 000001ff data = xxxx
tb_g14_scale_n256_mig.gen_mem[0].u_comp_ddr3.cmd_task: at time 164415466.0 ps INFO: Precharge bank   0
tb_g14_scale_n256_mig.gen_mem[0].u_comp_ddr3.cmd_task: at time 165225466.0 ps INFO: Activate  bank 0 row 2001
tb_g14_scale_n256_mig.gen_mem[0].u_comp_ddr3.cmd_task: at time 165240466.0 ps INFO: Read      bank 0 col 1f8, auto precharge 0
tb_g14_scale_n256_mig.gen_mem[0].u_comp_ddr3.cmd_task: at time 165252466.0 ps INFO: Read      bank 0 col 1f8, auto precharge 0
tb_g14_scale_n256_mig.gen_mem[0].u_comp_ddr3.data_task: at time 165253966.0 ps INFO: READ @ DQS= bank = 0 row = 2001 col = 000001f8 data = xxxx
tb_g14_scale_n256_mig.gen_mem[0].u_comp_ddr3.data_task: at time 165255466.0 ps INFO: READ @ DQS= bank = 0 row = 2001 col = 000001f9 data = xxxx
tb_g14_scale_n256_mig.gen_mem[0].u_comp_ddr3.data_task: at time 165256966.0 ps INFO: READ @ DQS= bank = 0 row = 2001 col = 000001fa data = xxxx
tb_g14_scale_n256_mig.gen_mem[0].u_comp_ddr3.data_task: at time 165258466.0 ps INFO: READ @ DQS= bank = 0 row = 2001 col = 000001fb data = xxxx
tb_g14_scale_n256_mig.gen_mem[0].u_comp_ddr3.data_task: at time 165259966.0 ps INFO: READ @ DQS= bank = 0 row = 2001 col = 000001fc data = xxxx
tb_g14_scale_n256_mig.gen_mem[0].u_comp_ddr3.data_task: at time 165261466.0 ps INFO: READ @ DQS= bank = 0 row = 2001 col = 000001fd data = xxxx
tb_g14_scale_n256_mig.gen_mem[0].u_comp_ddr3.data_task: at time 165262966.0 ps INFO: READ @ DQS= bank = 0 row = 2001 col = 000001fe data = xxxx
tb_g14_scale_n256_mig.gen_mem[0].u_comp_ddr3.data_task: at time 165264466.0 ps INFO: READ @ DQS= bank = 0 row = 2001 col = 000001ff data = xxxx
tb_g14_scale_n256_mig.gen_mem[0].u_comp_ddr3.data_task: at time 165265966.0 ps INFO: READ @ DQS= bank = 0 row = 2001 col = 000001f8 data = xxxx
tb_g14_scale_n256_mig.gen_mem[0].u_comp_ddr3.data_task: at time 165267466.0 ps INFO: READ @ DQS= bank = 0 row = 2001 col = 000001f9 data = xxxx
tb_g14_scale_n256_mig.gen_mem[0].u_comp_ddr3.data_task: at time 165268966.0 ps INFO: READ @ DQS= bank = 0 row = 2001 col = 000001fa data = xxxx
tb_g14_scale_n256_mig.gen_mem[0].u_comp_ddr3.data_task: at time 165270466.0 ps INFO: READ @ DQS= bank = 0 row = 2001 col = 000001fb data = xxxx
tb_g14_scale_n256_mig.gen_mem[0].u_comp_ddr3.data_task: at time 165271966.0 ps INFO: READ @ DQS= bank = 0 row = 2001 col = 000001fc data = xxxx
tb_g14_scale_n256_mig.gen_mem[0].u_comp_ddr3.data_task: at time 165273466.0 ps INFO: READ @ DQS= bank = 0 row = 2001 col = 000001fd data = xxxx
tb_g14_scale_n256_mig.gen_mem[0].u_comp_ddr3.data_task: at time 165274966.0 ps INFO: READ @ DQS= bank = 0 row = 2001 col = 000001fe data = xxxx
tb_g14_scale_n256_mig.gen_mem[0].u_comp_ddr3.data_task: at time 165276466.0 ps INFO: READ @ DQS= bank = 0 row = 2001 col = 000001ff data = xxxx
tb_g14_scale_n256_mig.gen_mem[0].u_comp_ddr3.cmd_task: at time 165303466.0 ps INFO: Precharge bank   0
tb_g14_scale_n256_mig.gen_mem[0].u_comp_ddr3.cmd_task: at time 165609466.0 ps INFO: Refresh  
tb_g14_scale_n256_mig.gen_mem[0].u_comp_ddr3.cmd_task: at time 166185466.0 ps INFO: Activate  bank 0 row 2001
tb_g14_scale_n256_mig.gen_mem[0].u_comp_ddr3.cmd_task: at time 166200466.0 ps INFO: Read      bank 0 col 1f8, auto precharge 0
tb_g14_scale_n256_mig.gen_mem[0].u_comp_ddr3.cmd_task: at time 166212466.0 ps INFO: Read      bank 0 col 1f8, auto precharge 0
tb_g14_scale_n256_mig.gen_mem[0].u_comp_ddr3.data_task: at time 166213966.0 ps INFO: READ @ DQS= bank = 0 row = 2001 col = 000001f8 data = xxxx
tb_g14_scale_n256_mig.gen_mem[0].u_comp_ddr3.data_task: at time 166215466.0 ps INFO: READ @ DQS= bank = 0 row = 2001 col = 000001f9 data = xxxx
tb_g14_scale_n256_mig.gen_mem[0].u_comp_ddr3.data_task: at time 166216966.0 ps INFO: READ @ DQS= bank = 0 row = 2001 col = 000001fa data = xxxx
tb_g14_scale_n256_mig.gen_mem[0].u_comp_ddr3.data_task: at time 166218466.0 ps INFO: READ @ DQS= bank = 0 row = 2001 col = 000001fb data = xxxx
tb_g14_scale_n256_mig.gen_mem[0].u_comp_ddr3.data_task: at time 166219966.0 ps INFO: READ @ DQS= bank = 0 row = 2001 col = 000001fc data = xxxx
tb_g14_scale_n256_mig.gen_mem[0].u_comp_ddr3.data_task: at time 166221466.0 ps INFO: READ @ DQS= bank = 0 row = 2001 col = 000001fd data = xxxx
tb_g14_scale_n256_mig.gen_mem[0].u_comp_ddr3.data_task: at time 166222966.0 ps INFO: READ @ DQS= bank = 0 row = 2001 col = 000001fe data = xxxx
tb_g14_scale_n256_mig.gen_mem[0].u_comp_ddr3.data_task: at time 166224466.0 ps INFO: READ @ DQS= bank = 0 row = 2001 col = 000001ff data = xxxx
tb_g14_scale_n256_mig.gen_mem[0].u_comp_ddr3.data_task: at time 166225966.0 ps INFO: READ @ DQS= bank = 0 row = 2001 col = 000001f8 data = xxxx
tb_g14_scale_n256_mig.gen_mem[0].u_comp_ddr3.data_task: at time 166227466.0 ps INFO: READ @ DQS= bank = 0 row = 2001 col = 000001f9 data = xxxx
tb_g14_scale_n256_mig.gen_mem[0].u_comp_ddr3.data_task: at time 166228966.0 ps INFO: READ @ DQS= bank = 0 row = 2001 col = 000001fa data = xxxx
tb_g14_scale_n256_mig.gen_mem[0].u_comp_ddr3.data_task: at time 166230466.0 ps INFO: READ @ DQS= bank = 0 row = 2001 col = 000001fb data = xxxx
tb_g14_scale_n256_mig.gen_mem[0].u_comp_ddr3.data_task: at time 166231966.0 ps INFO: READ @ DQS= bank = 0 row = 2001 col = 000001fc data = xxxx
tb_g14_scale_n256_mig.gen_mem[0].u_comp_ddr3.data_task: at time 166233466.0 ps INFO: READ @ DQS= bank = 0 row = 2001 col = 000001fd data = xxxx
tb_g14_scale_n256_mig.gen_mem[0].u_comp_ddr3.data_task: at time 166234966.0 ps INFO: READ @ DQS= bank = 0 row = 2001 col = 000001fe data = xxxx
tb_g14_scale_n256_mig.gen_mem[0].u_comp_ddr3.data_task: at time 166236466.0 ps INFO: READ @ DQS= bank = 0 row = 2001 col = 000001ff data = xxxx
tb_g14_scale_n256_mig.gen_mem[0].u_comp_ddr3.cmd_task: at time 166263466.0 ps INFO: Precharge bank   0
tb_g14_scale_n256_mig.gen_mem[0].u_comp_ddr3.cmd_task: at time 166953466.0 ps INFO: Activate  bank 0 row 2001
tb_g14_scale_n256_mig.gen_mem[0].u_comp_ddr3.cmd_task: at time 166968466.0 ps INFO: Read      bank 0 col 200, auto precharge 0
tb_g14_scale_n256_mig.gen_mem[0].u_comp_ddr3.cmd_task: at time 166980466.0 ps INFO: Read      bank 0 col 208, auto precharge 0
tb_g14_scale_n256_mig.gen_mem[0].u_comp_ddr3.data_task: at time 166981966.0 ps INFO: READ @ DQS= bank = 0 row = 2001 col = 00000200 data = xxxx
tb_g14_scale_n256_mig.gen_mem[0].u_comp_ddr3.data_task: at time 166983466.0 ps INFO: READ @ DQS= bank = 0 row = 2001 col = 00000201 data = xxxx
tb_g14_scale_n256_mig.gen_mem[0].u_comp_ddr3.data_task: at time 166984966.0 ps INFO: READ @ DQS= bank = 0 row = 2001 col = 00000202 data = xxxx
tb_g14_scale_n256_mig.gen_mem[0].u_comp_ddr3.data_task: at time 166986466.0 ps INFO: READ @ DQS= bank = 0 row = 2001 col = 00000203 data = xxxx
tb_g14_scale_n256_mig.gen_mem[0].u_comp_ddr3.data_task: at time 166987966.0 ps INFO: READ @ DQS= bank = 0 row = 2001 col = 00000204 data = xxxx
tb_g14_scale_n256_mig.gen_mem[0].u_comp_ddr3.data_task: at time 166989466.0 ps INFO: READ @ DQS= bank = 0 row = 2001 col = 00000205 data = xxxx
tb_g14_scale_n256_mig.gen_mem[0].u_comp_ddr3.data_task: at time 166990966.0 ps INFO: READ @ DQS= bank = 0 row = 2001 col = 00000206 data = xxxx
tb_g14_scale_n256_mig.gen_mem[0].u_comp_ddr3.data_task: at time 166992466.0 ps INFO: READ @ DQS= bank = 0 row = 2001 col = 00000207 data = xxxx
tb_g14_scale_n256_mig.gen_mem[0].u_comp_ddr3.cmd_task: at time 166992466.0 ps INFO: Read      bank 0 col 210, auto precharge 0
tb_g14_scale_n256_mig.gen_mem[0].u_comp_ddr3.data_task: at time 166993966.0 ps INFO: READ @ DQS= bank = 0 row = 2001 col = 00000208 data = xxxx
tb_g14_scale_n256_mig.gen_mem[0].u_comp_ddr3.data_task: at time 166995466.0 ps INFO: READ @ DQS= bank = 0 row = 2001 col = 00000209 data = xxxx
tb_g14_scale_n256_mig.gen_mem[0].u_comp_ddr3.data_task: at time 166996966.0 ps INFO: READ @ DQS= bank = 0 row = 2001 col = 0000020a data = xxxx
tb_g14_scale_n256_mig.gen_mem[0].u_comp_ddr3.data_task: at time 166998466.0 ps INFO: READ @ DQS= bank = 0 row = 2001 col = 0000020b data = xxxx
tb_g14_scale_n256_mig.gen_mem[0].u_comp_ddr3.data_task: at time 166999966.0 ps INFO: READ @ DQS= bank = 0 row = 2001 col = 0000020c data = xxxx
tb_g14_scale_n256_mig.gen_mem[0].u_comp_ddr3.data_task: at time 167001466.0 ps INFO: READ @ DQS= bank = 0 row = 2001 col = 0000020d data = xxxx
tb_g14_scale_n256_mig.gen_mem[0].u_comp_ddr3.data_task: at time 167002966.0 ps INFO: READ @ DQS= bank = 0 row = 2001 col = 0000020e data = xxxx
tb_g14_scale_n256_mig.gen_mem[0].u_comp_ddr3.data_task: at time 167004466.0 ps INFO: READ @ DQS= bank = 0 row = 2001 col = 0000020f data = xxxx
tb_g14_scale_n256_mig.gen_mem[0].u_comp_ddr3.cmd_task: at time 167004466.0 ps INFO: Read      bank 0 col 218, auto precharge 0
tb_g14_scale_n256_mig.gen_mem[0].u_comp_ddr3.data_task: at time 167005966.0 ps INFO: READ @ DQS= bank = 0 row = 2001 col = 00000210 data = xxxx
tb_g14_scale_n256_mig.gen_mem[0].u_comp_ddr3.data_task: at time 167007466.0 ps INFO: READ @ DQS= bank = 0 row = 2001 col = 00000211 data = xxxx
tb_g14_scale_n256_mig.gen_mem[0].u_comp_ddr3.data_task: at time 167008966.0 ps INFO: READ @ DQS= bank = 0 row = 2001 col = 00000212 data = xxxx
tb_g14_scale_n256_mig.gen_mem[0].u_comp_ddr3.data_task: at time 167010466.0 ps INFO: READ @ DQS= bank = 0 row = 2001 col = 00000213 data = xxxx
tb_g14_scale_n256_mig.gen_mem[0].u_comp_ddr3.data_task: at time 167011966.0 ps INFO: READ @ DQS= bank = 0 row = 2001 col = 00000214 data = xxxx
tb_g14_scale_n256_mig.gen_mem[0].u_comp_ddr3.data_task: at time 167013466.0 ps INFO: READ @ DQS= bank = 0 row = 2001 col = 00000215 data = xxxx
tb_g14_scale_n256_mig.gen_mem[0].u_comp_ddr3.data_task: at time 167014966.0 ps INFO: READ @ DQS= bank = 0 row = 2001 col = 00000216 data = xxxx
tb_g14_scale_n256_mig.gen_mem[0].u_comp_ddr3.data_task: at time 167016466.0 ps INFO: READ @ DQS= bank = 0 row = 2001 col = 00000217 data = xxxx
tb_g14_scale_n256_mig.gen_mem[0].u_comp_ddr3.cmd_task: at time 167016466.0 ps INFO: Read      bank 0 col 220, auto precharge 0
tb_g14_scale_n256_mig.gen_mem[0].u_comp_ddr3.data_task: at time 167017966.0 ps INFO: READ @ DQS= bank = 0 row = 2001 col = 00000218 data = xxxx
tb_g14_scale_n256_mig.gen_mem[0].u_comp_ddr3.data_task: at time 167019466.0 ps INFO: READ @ DQS= bank = 0 row = 2001 col = 00000219 data = xxxx
tb_g14_scale_n256_mig.gen_mem[0].u_comp_ddr3.data_task: at time 167020966.0 ps INFO: READ @ DQS= bank = 0 row = 2001 col = 0000021a data = xxxx
tb_g14_scale_n256_mig.gen_mem[0].u_comp_ddr3.data_task: at time 167022466.0 ps INFO: READ @ DQS= bank = 0 row = 2001 col = 0000021b data = xxxx
tb_g14_scale_n256_mig.gen_mem[0].u_comp_ddr3.data_task: at time 167023966.0 ps INFO: READ @ DQS= bank = 0 row = 2001 col = 0000021c data = xxxx
tb_g14_scale_n256_mig.gen_mem[0].u_comp_ddr3.data_task: at time 167025466.0 ps INFO: READ @ DQS= bank = 0 row = 2001 col = 0000021d data = xxxx
tb_g14_scale_n256_mig.gen_mem[0].u_comp_ddr3.data_task: at time 167026966.0 ps INFO: READ @ DQS= bank = 0 row = 2001 col = 0000021e data = xxxx
tb_g14_scale_n256_mig.gen_mem[0].u_comp_ddr3.data_task: at time 167028466.0 ps INFO: READ @ DQS= bank = 0 row = 2001 col = 0000021f data = xxxx
tb_g14_scale_n256_mig.gen_mem[0].u_comp_ddr3.cmd_task: at time 167028466.0 ps INFO: Read      bank 0 col 228, auto precharge 0
tb_g14_scale_n256_mig.gen_mem[0].u_comp_ddr3.data_task: at time 167029966.0 ps INFO: READ @ DQS= bank = 0 row = 2001 col = 00000220 data = xxxx
tb_g14_scale_n256_mig.gen_mem[0].u_comp_ddr3.data_task: at time 167031466.0 ps INFO: READ @ DQS= bank = 0 row = 2001 col = 00000221 data = xxxx
tb_g14_scale_n256_mig.gen_mem[0].u_comp_ddr3.data_task: at time 167032966.0 ps INFO: READ @ DQS= bank = 0 row = 2001 col = 00000222 data = xxxx
tb_g14_scale_n256_mig.gen_mem[0].u_comp_ddr3.data_task: at time 167034466.0 ps INFO: READ @ DQS= bank = 0 row = 2001 col = 00000223 data = xxxx
tb_g14_scale_n256_mig.gen_mem[0].u_comp_ddr3.data_task: at time 167035966.0 ps INFO: READ @ DQS= bank = 0 row = 2001 col = 00000224 data = xxxx
tb_g14_scale_n256_mig.gen_mem[0].u_comp_ddr3.data_task: at time 167037466.0 ps INFO: READ @ DQS= bank = 0 row = 2001 col = 00000225 data = xxxx
tb_g14_scale_n256_mig.gen_mem[0].u_comp_ddr3.data_task: at time 167038966.0 ps INFO: READ @ DQS= bank = 0 row = 2001 col = 00000226 data = xxxx
tb_g14_scale_n256_mig.gen_mem[0].u_comp_ddr3.data_task: at time 167040466.0 ps INFO: READ @ DQS= bank = 0 row = 2001 col = 00000227 data = xxxx
tb_g14_scale_n256_mig.gen_mem[0].u_comp_ddr3.cmd_task: at time 167040466.0 ps INFO: Read      bank 0 col 230, auto precharge 0
tb_g14_scale_n256_mig.gen_mem[0].u_comp_ddr3.data_task: at time 167041966.0 ps INFO: READ @ DQS= bank = 0 row = 2001 col = 00000228 data = xxxx
tb_g14_scale_n256_mig.gen_mem[0].u_comp_ddr3.data_task: at time 167043466.0 ps INFO: READ @ DQS= bank = 0 row = 2001 col = 00000229 data = xxxx
tb_g14_scale_n256_mig.gen_mem[0].u_comp_ddr3.data_task: at time 167044966.0 ps INFO: READ @ DQS= bank = 0 row = 2001 col = 0000022a data = xxxx
tb_g14_scale_n256_mig.gen_mem[0].u_comp_ddr3.data_task: at time 167046466.0 ps INFO: READ @ DQS= bank = 0 row = 2001 col = 0000022b data = xxxx
tb_g14_scale_n256_mig.gen_mem[0].u_comp_ddr3.data_task: at time 167047966.0 ps INFO: READ @ DQS= bank = 0 row = 2001 col = 0000022c data = xxxx
tb_g14_scale_n256_mig.gen_mem[0].u_comp_ddr3.data_task: at time 167049466.0 ps INFO: READ @ DQS= bank = 0 row = 2001 col = 0000022d data = xxxx
tb_g14_scale_n256_mig.gen_mem[0].u_comp_ddr3.data_task: at time 167050966.0 ps INFO: READ @ DQS= bank = 0 row = 2001 col = 0000022e data = xxxx
tb_g14_scale_n256_mig.gen_mem[0].u_comp_ddr3.data_task: at time 167052466.0 ps INFO: READ @ DQS= bank = 0 row = 2001 col = 0000022f data = xxxx
tb_g14_scale_n256_mig.gen_mem[0].u_comp_ddr3.cmd_task: at time 167052466.0 ps INFO: Read      bank 0 col 238, auto precharge 0
tb_g14_scale_n256_mig.gen_mem[0].u_comp_ddr3.data_task: at time 167053966.0 ps INFO: READ @ DQS= bank = 0 row = 2001 col = 00000230 data = xxxx
tb_g14_scale_n256_mig.gen_mem[0].u_comp_ddr3.data_task: at time 167055466.0 ps INFO: READ @ DQS= bank = 0 row = 2001 col = 00000231 data = xxxx
tb_g14_scale_n256_mig.gen_mem[0].u_comp_ddr3.data_task: at time 167056966.0 ps INFO: READ @ DQS= bank = 0 row = 2001 col = 00000232 data = xxxx
tb_g14_scale_n256_mig.gen_mem[0].u_comp_ddr3.data_task: at time 167058466.0 ps INFO: READ @ DQS= bank = 0 row = 2001 col = 00000233 data = xxxx
tb_g14_scale_n256_mig.gen_mem[0].u_comp_ddr3.data_task: at time 167059966.0 ps INFO: READ @ DQS= bank = 0 row = 2001 col = 00000234 data = xxxx
tb_g14_scale_n256_mig.gen_mem[0].u_comp_ddr3.data_task: at time 167061466.0 ps INFO: READ @ DQS= bank = 0 row = 2001 col = 00000235 data = xxxx
tb_g14_scale_n256_mig.gen_mem[0].u_comp_ddr3.data_task: at time 167062966.0 ps INFO: READ @ DQS= bank = 0 row = 2001 col = 00000236 data = xxxx
tb_g14_scale_n256_mig.gen_mem[0].u_comp_ddr3.data_task: at time 167064466.0 ps INFO: READ @ DQS= bank = 0 row = 2001 col = 00000237 data = xxxx
tb_g14_scale_n256_mig.gen_mem[0].u_comp_ddr3.cmd_task: at time 167064466.0 ps INFO: Read      bank 0 col 240, auto precharge 0
tb_g14_scale_n256_mig.gen_mem[0].u_comp_ddr3.data_task: at time 167065966.0 ps INFO: READ @ DQS= bank = 0 row = 2001 col = 00000238 data = xxxx
tb_g14_scale_n256_mig.gen_mem[0].u_comp_ddr3.data_task: at time 167067466.0 ps INFO: READ @ DQS= bank = 0 row = 2001 col = 00000239 data = xxxx
tb_g14_scale_n256_mig.gen_mem[0].u_comp_ddr3.data_task: at time 167068966.0 ps INFO: READ @ DQS= bank = 0 row = 2001 col = 0000023a data = xxxx
tb_g14_scale_n256_mig.gen_mem[0].u_comp_ddr3.data_task: at time 167070466.0 ps INFO: READ @ DQS= bank = 0 row = 2001 col = 0000023b data = xxxx
tb_g14_scale_n256_mig.gen_mem[0].u_comp_ddr3.data_task: at time 167071966.0 ps INFO: READ @ DQS= bank = 0 row = 2001 col = 0000023c data = xxxx
tb_g14_scale_n256_mig.gen_mem[0].u_comp_ddr3.data_task: at time 167073466.0 ps INFO: READ @ DQS= bank = 0 row = 2001 col = 0000023d data = xxxx
tb_g14_scale_n256_mig.gen_mem[0].u_comp_ddr3.data_task: at time 167074966.0 ps INFO: READ @ DQS= bank = 0 row = 2001 col = 0000023e data = xxxx
tb_g14_scale_n256_mig.gen_mem[0].u_comp_ddr3.data_task: at time 167076466.0 ps INFO: READ @ DQS= bank = 0 row = 2001 col = 0000023f data = xxxx
tb_g14_scale_n256_mig.gen_mem[0].u_comp_ddr3.cmd_task: at time 167076466.0 ps INFO: Read      bank 0 col 248, auto precharge 0
tb_g14_scale_n256_mig.gen_mem[0].u_comp_ddr3.data_task: at time 167077966.0 ps INFO: READ @ DQS= bank = 0 row = 2001 col = 00000240 data = xxxx
tb_g14_scale_n256_mig.gen_mem[0].u_comp_ddr3.data_task: at time 167079466.0 ps INFO: READ @ DQS= bank = 0 row = 2001 col = 00000241 data = xxxx
tb_g14_scale_n256_mig.gen_mem[0].u_comp_ddr3.data_task: at time 167080966.0 ps INFO: READ @ DQS= bank = 0 row = 2001 col = 00000242 data = xxxx
tb_g14_scale_n256_mig.gen_mem[0].u_comp_ddr3.data_task: at time 167082466.0 ps INFO: READ @ DQS= bank = 0 row = 2001 col = 00000243 data = xxxx
tb_g14_scale_n256_mig.gen_mem[0].u_comp_ddr3.data_task: at time 167083966.0 ps INFO: READ @ DQS= bank = 0 row = 2001 col = 00000244 data = xxxx
tb_g14_scale_n256_mig.gen_mem[0].u_comp_ddr3.data_task: at time 167085466.0 ps INFO: READ @ DQS= bank = 0 row = 2001 col = 00000245 data = xxxx
tb_g14_scale_n256_mig.gen_mem[0].u_comp_ddr3.data_task: at time 167086966.0 ps INFO: READ @ DQS= bank = 0 row = 2001 col = 00000246 data = xxxx
tb_g14_scale_n256_mig.gen_mem[0].u_comp_ddr3.data_task: at time 167088466.0 ps INFO: READ @ DQS= bank = 0 row = 2001 col = 00000247 data = xxxx
tb_g14_scale_n256_mig.gen_mem[0].u_comp_ddr3.cmd_task: at time 167088466.0 ps INFO: Read      bank 0 col 250, auto precharge 0
tb_g14_scale_n256_mig.gen_mem[0].u_comp_ddr3.data_task: at time 167089966.0 ps INFO: READ @ DQS= bank = 0 row = 2001 col = 00000248 data = xxxx
tb_g14_scale_n256_mig.gen_mem[0].u_comp_ddr3.data_task: at time 167091466.0 ps INFO: READ @ DQS= bank = 0 row = 2001 col = 00000249 data = xxxx
tb_g14_scale_n256_mig.gen_mem[0].u_comp_ddr3.data_task: at time 167092966.0 ps INFO: READ @ DQS= bank = 0 row = 2001 col = 0000024a data = xxxx
tb_g14_scale_n256_mig.gen_mem[0].u_comp_ddr3.data_task: at time 167094466.0 ps INFO: READ @ DQS= bank = 0 row = 2001 col = 0000024b data = xxxx
tb_g14_scale_n256_mig.gen_mem[0].u_comp_ddr3.data_task: at time 167095966.0 ps INFO: READ @ DQS= bank = 0 row = 2001 col = 0000024c data = xxxx
tb_g14_scale_n256_mig.gen_mem[0].u_comp_ddr3.data_task: at time 167097466.0 ps INFO: READ @ DQS= bank = 0 row = 2001 col = 0000024d data = xxxx
tb_g14_scale_n256_mig.gen_mem[0].u_comp_ddr3.data_task: at time 167098966.0 ps INFO: READ @ DQS= bank = 0 row = 2001 col = 0000024e data = xxxx
tb_g14_scale_n256_mig.gen_mem[0].u_comp_ddr3.data_task: at time 167100466.0 ps INFO: READ @ DQS= bank = 0 row = 2001 col = 0000024f data = xxxx
tb_g14_scale_n256_mig.gen_mem[0].u_comp_ddr3.cmd_task: at time 167100466.0 ps INFO: Read      bank 0 col 258, auto precharge 0
tb_g14_scale_n256_mig.gen_mem[0].u_comp_ddr3.data_task: at time 167101966.0 ps INFO: READ @ DQS= bank = 0 row = 2001 col = 00000250 data = xxxx
tb_g14_scale_n256_mig.gen_mem[0].u_comp_ddr3.data_task: at time 167103466.0 ps INFO: READ @ DQS= bank = 0 row = 2001 col = 00000251 data = xxxx
tb_g14_scale_n256_mig.gen_mem[0].u_comp_ddr3.data_task: at time 167104966.0 ps INFO: READ @ DQS= bank = 0 row = 2001 col = 00000252 data = xxxx
tb_g14_scale_n256_mig.gen_mem[0].u_comp_ddr3.data_task: at time 167106466.0 ps INFO: READ @ DQS= bank = 0 row = 2001 col = 00000253 data = xxxx
tb_g14_scale_n256_mig.gen_mem[0].u_comp_ddr3.data_task: at time 167107966.0 ps INFO: READ @ DQS= bank = 0 row = 2001 col = 00000254 data = xxxx
tb_g14_scale_n256_mig.gen_mem[0].u_comp_ddr3.data_task: at time 167109466.0 ps INFO: READ @ DQS= bank = 0 row = 2001 col = 00000255 data = xxxx
tb_g14_scale_n256_mig.gen_mem[0].u_comp_ddr3.data_task: at time 167110966.0 ps INFO: READ @ DQS= bank = 0 row = 2001 col = 00000256 data = xxxx
tb_g14_scale_n256_mig.gen_mem[0].u_comp_ddr3.data_task: at time 167112466.0 ps INFO: READ @ DQS= bank = 0 row = 2001 col = 00000257 data = xxxx
tb_g14_scale_n256_mig.gen_mem[0].u_comp_ddr3.cmd_task: at time 167112466.0 ps INFO: Read      bank 0 col 260, auto precharge 0
tb_g14_scale_n256_mig.gen_mem[0].u_comp_ddr3.data_task: at time 167113966.0 ps INFO: READ @ DQS= bank = 0 row = 2001 col = 00000258 data = xxxx
tb_g14_scale_n256_mig.gen_mem[0].u_comp_ddr3.data_task: at time 167115466.0 ps INFO: READ @ DQS= bank = 0 row = 2001 col = 00000259 data = xxxx
tb_g14_scale_n256_mig.gen_mem[0].u_comp_ddr3.data_task: at time 167116966.0 ps INFO: READ @ DQS= bank = 0 row = 2001 col = 0000025a data = xxxx
tb_g14_scale_n256_mig.gen_mem[0].u_comp_ddr3.data_task: at time 167118466.0 ps INFO: READ @ DQS= bank = 0 row = 2001 col = 0000025b data = xxxx
tb_g14_scale_n256_mig.gen_mem[0].u_comp_ddr3.data_task: at time 167119966.0 ps INFO: READ @ DQS= bank = 0 row = 2001 col = 0000025c data = xxxx
tb_g14_scale_n256_mig.gen_mem[0].u_comp_ddr3.data_task: at time 167121466.0 ps INFO: READ @ DQS= bank = 0 row = 2001 col = 0000025d data = xxxx
tb_g14_scale_n256_mig.gen_mem[0].u_comp_ddr3.data_task: at time 167122966.0 ps INFO: READ @ DQS= bank = 0 row = 2001 col = 0000025e data = xxxx
tb_g14_scale_n256_mig.gen_mem[0].u_comp_ddr3.data_task: at time 167124466.0 ps INFO: READ @ DQS= bank = 0 row = 2001 col = 0000025f data = xxxx
tb_g14_scale_n256_mig.gen_mem[0].u_comp_ddr3.cmd_task: at time 167124466.0 ps INFO: Read      bank 0 col 268, auto precharge 0
tb_g14_scale_n256_mig.gen_mem[0].u_comp_ddr3.data_task: at time 167125966.0 ps INFO: READ @ DQS= bank = 0 row = 2001 col = 00000260 data = xxxx
tb_g14_scale_n256_mig.gen_mem[0].u_comp_ddr3.data_task: at time 167127466.0 ps INFO: READ @ DQS= bank = 0 row = 2001 col = 00000261 data = xxxx
tb_g14_scale_n256_mig.gen_mem[0].u_comp_ddr3.data_task: at time 167128966.0 ps INFO: READ @ DQS= bank = 0 row = 2001 col = 00000262 data = xxxx
tb_g14_scale_n256_mig.gen_mem[0].u_comp_ddr3.data_task: at time 167130466.0 ps INFO: READ @ DQS= bank = 0 row = 2001 col = 00000263 data = xxxx
tb_g14_scale_n256_mig.gen_mem[0].u_comp_ddr3.data_task: at time 167131966.0 ps INFO: READ @ DQS= bank = 0 row = 2001 col = 00000264 data = xxxx
tb_g14_scale_n256_mig.gen_mem[0].u_comp_ddr3.data_task: at time 167133466.0 ps INFO: READ @ DQS= bank = 0 row = 2001 col = 00000265 data = xxxx
tb_g14_scale_n256_mig.gen_mem[0].u_comp_ddr3.data_task: at time 167134966.0 ps INFO: READ @ DQS= bank = 0 row = 2001 col = 00000266 data = xxxx
tb_g14_scale_n256_mig.gen_mem[0].u_comp_ddr3.data_task: at time 167136466.0 ps INFO: READ @ DQS= bank = 0 row = 2001 col = 00000267 data = xxxx
tb_g14_scale_n256_mig.gen_mem[0].u_comp_ddr3.cmd_task: at time 167136466.0 ps INFO: Read      bank 0 col 270, auto precharge 0
tb_g14_scale_n256_mig.gen_mem[0].u_comp_ddr3.data_task: at time 167137966.0 ps INFO: READ @ DQS= bank = 0 row = 2001 col = 00000268 data = xxxx
tb_g14_scale_n256_mig.gen_mem[0].u_comp_ddr3.data_task: at time 167139466.0 ps INFO: READ @ DQS= bank = 0 row = 2001 col = 00000269 data = xxxx
tb_g14_scale_n256_mig.gen_mem[0].u_comp_ddr3.data_task: at time 167140966.0 ps INFO: READ @ DQS= bank = 0 row = 2001 col = 0000026a data = xxxx
tb_g14_scale_n256_mig.gen_mem[0].u_comp_ddr3.data_task: at time 167142466.0 ps INFO: READ @ DQS= bank = 0 row = 2001 col = 0000026b data = xxxx
tb_g14_scale_n256_mig.gen_mem[0].u_comp_ddr3.data_task: at time 167143966.0 ps INFO: READ @ DQS= bank = 0 row = 2001 col = 0000026c data = xxxx
tb_g14_scale_n256_mig.gen_mem[0].u_comp_ddr3.data_task: at time 167145466.0 ps INFO: READ @ DQS= bank = 0 row = 2001 col = 0000026d data = xxxx
tb_g14_scale_n256_mig.gen_mem[0].u_comp_ddr3.data_task: at time 167146966.0 ps INFO: READ @ DQS= bank = 0 row = 2001 col = 0000026e data = xxxx
tb_g14_scale_n256_mig.gen_mem[0].u_comp_ddr3.data_task: at time 167148466.0 ps INFO: READ @ DQS= bank = 0 row = 2001 col = 0000026f data = xxxx
tb_g14_scale_n256_mig.gen_mem[0].u_comp_ddr3.cmd_task: at time 167148466.0 ps INFO: Read      bank 0 col 278, auto precharge 0
tb_g14_scale_n256_mig.gen_mem[0].u_comp_ddr3.data_task: at time 167149966.0 ps INFO: READ @ DQS= bank = 0 row = 2001 col = 00000270 data = xxxx
tb_g14_scale_n256_mig.gen_mem[0].u_comp_ddr3.data_task: at time 167151466.0 ps INFO: READ @ DQS= bank = 0 row = 2001 col = 00000271 data = xxxx
tb_g14_scale_n256_mig.gen_mem[0].u_comp_ddr3.data_task: at time 167152966.0 ps INFO: READ @ DQS= bank = 0 row = 2001 col = 00000272 data = xxxx
tb_g14_scale_n256_mig.gen_mem[0].u_comp_ddr3.data_task: at time 167154466.0 ps INFO: READ @ DQS= bank = 0 row = 2001 col = 00000273 data = xxxx
tb_g14_scale_n256_mig.gen_mem[0].u_comp_ddr3.data_task: at time 167155966.0 ps INFO: READ @ DQS= bank = 0 row = 2001 col = 00000274 data = xxxx
tb_g14_scale_n256_mig.gen_mem[0].u_comp_ddr3.data_task: at time 167157466.0 ps INFO: READ @ DQS= bank = 0 row = 2001 col = 00000275 data = xxxx
tb_g14_scale_n256_mig.gen_mem[0].u_comp_ddr3.data_task: at time 167158966.0 ps INFO: READ @ DQS= bank = 0 row = 2001 col = 00000276 data = xxxx
tb_g14_scale_n256_mig.gen_mem[0].u_comp_ddr3.data_task: at time 167160466.0 ps INFO: READ @ DQS= bank = 0 row = 2001 col = 00000277 data = xxxx
tb_g14_scale_n256_mig.gen_mem[0].u_comp_ddr3.data_task: at time 167161966.0 ps INFO: READ @ DQS= bank = 0 row = 2001 col = 00000278 data = xxxx
tb_g14_scale_n256_mig.gen_mem[0].u_comp_ddr3.data_task: at time 167163466.0 ps INFO: READ @ DQS= bank = 0 row = 2001 col = 00000279 data = xxxx
tb_g14_scale_n256_mig.gen_mem[0].u_comp_ddr3.data_task: at time 167164966.0 ps INFO: READ @ DQS= bank = 0 row = 2001 col = 0000027a data = xxxx
tb_g14_scale_n256_mig.gen_mem[0].u_comp_ddr3.data_task: at time 167166466.0 ps INFO: READ @ DQS= bank = 0 row = 2001 col = 0000027b data = xxxx
tb_g14_scale_n256_mig.gen_mem[0].u_comp_ddr3.data_task: at time 167167966.0 ps INFO: READ @ DQS= bank = 0 row = 2001 col = 0000027c data = xxxx
tb_g14_scale_n256_mig.gen_mem[0].u_comp_ddr3.data_task: at time 167169466.0 ps INFO: READ @ DQS= bank = 0 row = 2001 col = 0000027d data = xxxx
tb_g14_scale_n256_mig.gen_mem[0].u_comp_ddr3.data_task: at time 167170966.0 ps INFO: READ @ DQS= bank = 0 row = 2001 col = 0000027e data = xxxx
tb_g14_scale_n256_mig.gen_mem[0].u_comp_ddr3.data_task: at time 167172466.0 ps INFO: READ @ DQS= bank = 0 row = 2001 col = 0000027f data = xxxx
tb_g14_scale_n256_mig.gen_mem[0].u_comp_ddr3.cmd_task: at time 167199466.0 ps INFO: Precharge bank   0
tb_g14_scale_n256_mig.gen_mem[0].u_comp_ddr3.cmd_task: at time 168105466.0 ps INFO: Activate  bank 0 row 2001
tb_g14_scale_n256_mig.gen_mem[0].u_comp_ddr3.cmd_task: at time 168120466.0 ps INFO: Read      bank 0 col 278, auto precharge 0
tb_g14_scale_n256_mig.gen_mem[0].u_comp_ddr3.cmd_task: at time 168132466.0 ps INFO: Read      bank 0 col 278, auto precharge 0
tb_g14_scale_n256_mig.gen_mem[0].u_comp_ddr3.data_task: at time 168133966.0 ps INFO: READ @ DQS= bank = 0 row = 2001 col = 00000278 data = xxxx
tb_g14_scale_n256_mig.gen_mem[0].u_comp_ddr3.data_task: at time 168135466.0 ps INFO: READ @ DQS= bank = 0 row = 2001 col = 00000279 data = xxxx
tb_g14_scale_n256_mig.gen_mem[0].u_comp_ddr3.data_task: at time 168136966.0 ps INFO: READ @ DQS= bank = 0 row = 2001 col = 0000027a data = xxxx
tb_g14_scale_n256_mig.gen_mem[0].u_comp_ddr3.data_task: at time 168138466.0 ps INFO: READ @ DQS= bank = 0 row = 2001 col = 0000027b data = xxxx
tb_g14_scale_n256_mig.gen_mem[0].u_comp_ddr3.data_task: at time 168139966.0 ps INFO: READ @ DQS= bank = 0 row = 2001 col = 0000027c data = xxxx
tb_g14_scale_n256_mig.gen_mem[0].u_comp_ddr3.data_task: at time 168141466.0 ps INFO: READ @ DQS= bank = 0 row = 2001 col = 0000027d data = xxxx
tb_g14_scale_n256_mig.gen_mem[0].u_comp_ddr3.data_task: at time 168142966.0 ps INFO: READ @ DQS= bank = 0 row = 2001 col = 0000027e data = xxxx
tb_g14_scale_n256_mig.gen_mem[0].u_comp_ddr3.data_task: at time 168144466.0 ps INFO: READ @ DQS= bank = 0 row = 2001 col = 0000027f data = xxxx
tb_g14_scale_n256_mig.gen_mem[0].u_comp_ddr3.data_task: at time 168145966.0 ps INFO: READ @ DQS= bank = 0 row = 2001 col = 00000278 data = xxxx
tb_g14_scale_n256_mig.gen_mem[0].u_comp_ddr3.data_task: at time 168147466.0 ps INFO: READ @ DQS= bank = 0 row = 2001 col = 00000279 data = xxxx
tb_g14_scale_n256_mig.gen_mem[0].u_comp_ddr3.data_task: at time 168148966.0 ps INFO: READ @ DQS= bank = 0 row = 2001 col = 0000027a data = xxxx
tb_g14_scale_n256_mig.gen_mem[0].u_comp_ddr3.data_task: at time 168150466.0 ps INFO: READ @ DQS= bank = 0 row = 2001 col = 0000027b data = xxxx
tb_g14_scale_n256_mig.gen_mem[0].u_comp_ddr3.data_task: at time 168151966.0 ps INFO: READ @ DQS= bank = 0 row = 2001 col = 0000027c data = xxxx
tb_g14_scale_n256_mig.gen_mem[0].u_comp_ddr3.data_task: at time 168153466.0 ps INFO: READ @ DQS= bank = 0 row = 2001 col = 0000027d data = xxxx
tb_g14_scale_n256_mig.gen_mem[0].u_comp_ddr3.data_task: at time 168154966.0 ps INFO: READ @ DQS= bank = 0 row = 2001 col = 0000027e data = xxxx
tb_g14_scale_n256_mig.gen_mem[0].u_comp_ddr3.data_task: at time 168156466.0 ps INFO: READ @ DQS= bank = 0 row = 2001 col = 0000027f data = xxxx
tb_g14_scale_n256_mig.gen_mem[0].u_comp_ddr3.cmd_task: at time 168183466.0 ps INFO: Precharge bank   0
tb_g14_scale_n256_mig.gen_mem[0].u_comp_ddr3.cmd_task: at time 169065466.0 ps INFO: Activate  bank 0 row 2001
tb_g14_scale_n256_mig.gen_mem[0].u_comp_ddr3.cmd_task: at time 169080466.0 ps INFO: Read      bank 0 col 278, auto precharge 0
tb_g14_scale_n256_mig.gen_mem[0].u_comp_ddr3.cmd_task: at time 169092466.0 ps INFO: Read      bank 0 col 278, auto precharge 0
tb_g14_scale_n256_mig.gen_mem[0].u_comp_ddr3.data_task: at time 169093966.0 ps INFO: READ @ DQS= bank = 0 row = 2001 col = 00000278 data = xxxx
tb_g14_scale_n256_mig.gen_mem[0].u_comp_ddr3.data_task: at time 169095466.0 ps INFO: READ @ DQS= bank = 0 row = 2001 col = 00000279 data = xxxx
tb_g14_scale_n256_mig.gen_mem[0].u_comp_ddr3.data_task: at time 169096966.0 ps INFO: READ @ DQS= bank = 0 row = 2001 col = 0000027a data = xxxx
tb_g14_scale_n256_mig.gen_mem[0].u_comp_ddr3.data_task: at time 169098466.0 ps INFO: READ @ DQS= bank = 0 row = 2001 col = 0000027b data = xxxx
tb_g14_scale_n256_mig.gen_mem[0].u_comp_ddr3.data_task: at time 169099966.0 ps INFO: READ @ DQS= bank = 0 row = 2001 col = 0000027c data = xxxx
tb_g14_scale_n256_mig.gen_mem[0].u_comp_ddr3.data_task: at time 169101466.0 ps INFO: READ @ DQS= bank = 0 row = 2001 col = 0000027d data = xxxx
tb_g14_scale_n256_mig.gen_mem[0].u_comp_ddr3.data_task: at time 169102966.0 ps INFO: READ @ DQS= bank = 0 row = 2001 col = 0000027e data = xxxx
tb_g14_scale_n256_mig.gen_mem[0].u_comp_ddr3.data_task: at time 169104466.0 ps INFO: READ @ DQS= bank = 0 row = 2001 col = 0000027f data = xxxx
tb_g14_scale_n256_mig.gen_mem[0].u_comp_ddr3.data_task: at time 169105966.0 ps INFO: READ @ DQS= bank = 0 row = 2001 col = 00000278 data = xxxx
tb_g14_scale_n256_mig.gen_mem[0].u_comp_ddr3.data_task: at time 169107466.0 ps INFO: READ @ DQS= bank = 0 row = 2001 col = 00000279 data = xxxx
tb_g14_scale_n256_mig.gen_mem[0].u_comp_ddr3.data_task: at time 169108966.0 ps INFO: READ @ DQS= bank = 0 row = 2001 col = 0000027a data = xxxx
tb_g14_scale_n256_mig.gen_mem[0].u_comp_ddr3.data_task: at time 169110466.0 ps INFO: READ @ DQS= bank = 0 row = 2001 col = 0000027b data = xxxx
tb_g14_scale_n256_mig.gen_mem[0].u_comp_ddr3.data_task: at time 169111966.0 ps INFO: READ @ DQS= bank = 0 row = 2001 col = 0000027c data = xxxx
tb_g14_scale_n256_mig.gen_mem[0].u_comp_ddr3.data_task: at time 169113466.0 ps INFO: READ @ DQS= bank = 0 row = 2001 col = 0000027d data = xxxx
tb_g14_scale_n256_mig.gen_mem[0].u_comp_ddr3.data_task: at time 169114966.0 ps INFO: READ @ DQS= bank = 0 row = 2001 col = 0000027e data = xxxx
tb_g14_scale_n256_mig.gen_mem[0].u_comp_ddr3.data_task: at time 169116466.0 ps INFO: READ @ DQS= bank = 0 row = 2001 col = 0000027f data = xxxx
tb_g14_scale_n256_mig.gen_mem[0].u_comp_ddr3.cmd_task: at time 169143466.0 ps INFO: Precharge bank   0
tb_g14_scale_n256_mig.gen_mem[0].u_comp_ddr3.cmd_task: at time 169737466.0 ps INFO: Activate  bank 0 row 2001
tb_g14_scale_n256_mig.gen_mem[0].u_comp_ddr3.cmd_task: at time 169752466.0 ps INFO: Read      bank 0 col 280, auto precharge 0
tb_g14_scale_n256_mig.gen_mem[0].u_comp_ddr3.cmd_task: at time 169764466.0 ps INFO: Read      bank 0 col 288, auto precharge 0
tb_g14_scale_n256_mig.gen_mem[0].u_comp_ddr3.data_task: at time 169765966.0 ps INFO: READ @ DQS= bank = 0 row = 2001 col = 00000280 data = xxxx
tb_g14_scale_n256_mig.gen_mem[0].u_comp_ddr3.data_task: at time 169767466.0 ps INFO: READ @ DQS= bank = 0 row = 2001 col = 00000281 data = xxxx
tb_g14_scale_n256_mig.gen_mem[0].u_comp_ddr3.data_task: at time 169768966.0 ps INFO: READ @ DQS= bank = 0 row = 2001 col = 00000282 data = xxxx
tb_g14_scale_n256_mig.gen_mem[0].u_comp_ddr3.data_task: at time 169770466.0 ps INFO: READ @ DQS= bank = 0 row = 2001 col = 00000283 data = xxxx
tb_g14_scale_n256_mig.gen_mem[0].u_comp_ddr3.data_task: at time 169771966.0 ps INFO: READ @ DQS= bank = 0 row = 2001 col = 00000284 data = xxxx
tb_g14_scale_n256_mig.gen_mem[0].u_comp_ddr3.data_task: at time 169773466.0 ps INFO: READ @ DQS= bank = 0 row = 2001 col = 00000285 data = xxxx
tb_g14_scale_n256_mig.gen_mem[0].u_comp_ddr3.data_task: at time 169774966.0 ps INFO: READ @ DQS= bank = 0 row = 2001 col = 00000286 data = xxxx
tb_g14_scale_n256_mig.gen_mem[0].u_comp_ddr3.data_task: at time 169776466.0 ps INFO: READ @ DQS= bank = 0 row = 2001 col = 00000287 data = xxxx
tb_g14_scale_n256_mig.gen_mem[0].u_comp_ddr3.cmd_task: at time 169776466.0 ps INFO: Read      bank 0 col 290, auto precharge 0
tb_g14_scale_n256_mig.gen_mem[0].u_comp_ddr3.data_task: at time 169777966.0 ps INFO: READ @ DQS= bank = 0 row = 2001 col = 00000288 data = xxxx
tb_g14_scale_n256_mig.gen_mem[0].u_comp_ddr3.data_task: at time 169779466.0 ps INFO: READ @ DQS= bank = 0 row = 2001 col = 00000289 data = xxxx
tb_g14_scale_n256_mig.gen_mem[0].u_comp_ddr3.data_task: at time 169780966.0 ps INFO: READ @ DQS= bank = 0 row = 2001 col = 0000028a data = xxxx
tb_g14_scale_n256_mig.gen_mem[0].u_comp_ddr3.data_task: at time 169782466.0 ps INFO: READ @ DQS= bank = 0 row = 2001 col = 0000028b data = xxxx
tb_g14_scale_n256_mig.gen_mem[0].u_comp_ddr3.data_task: at time 169783966.0 ps INFO: READ @ DQS= bank = 0 row = 2001 col = 0000028c data = xxxx
tb_g14_scale_n256_mig.gen_mem[0].u_comp_ddr3.data_task: at time 169785466.0 ps INFO: READ @ DQS= bank = 0 row = 2001 col = 0000028d data = xxxx
tb_g14_scale_n256_mig.gen_mem[0].u_comp_ddr3.data_task: at time 169786966.0 ps INFO: READ @ DQS= bank = 0 row = 2001 col = 0000028e data = xxxx
tb_g14_scale_n256_mig.gen_mem[0].u_comp_ddr3.data_task: at time 169788466.0 ps INFO: READ @ DQS= bank = 0 row = 2001 col = 0000028f data = xxxx
tb_g14_scale_n256_mig.gen_mem[0].u_comp_ddr3.cmd_task: at time 169788466.0 ps INFO: Read      bank 0 col 298, auto precharge 0
tb_g14_scale_n256_mig.gen_mem[0].u_comp_ddr3.data_task: at time 169789966.0 ps INFO: READ @ DQS= bank = 0 row = 2001 col = 00000290 data = xxxx
tb_g14_scale_n256_mig.gen_mem[0].u_comp_ddr3.data_task: at time 169791466.0 ps INFO: READ @ DQS= bank = 0 row = 2001 col = 00000291 data = xxxx
tb_g14_scale_n256_mig.gen_mem[0].u_comp_ddr3.data_task: at time 169792966.0 ps INFO: READ @ DQS= bank = 0 row = 2001 col = 00000292 data = xxxx
tb_g14_scale_n256_mig.gen_mem[0].u_comp_ddr3.data_task: at time 169794466.0 ps INFO: READ @ DQS= bank = 0 row = 2001 col = 00000293 data = xxxx
tb_g14_scale_n256_mig.gen_mem[0].u_comp_ddr3.data_task: at time 169795966.0 ps INFO: READ @ DQS= bank = 0 row = 2001 col = 00000294 data = xxxx
tb_g14_scale_n256_mig.gen_mem[0].u_comp_ddr3.data_task: at time 169797466.0 ps INFO: READ @ DQS= bank = 0 row = 2001 col = 00000295 data = xxxx
tb_g14_scale_n256_mig.gen_mem[0].u_comp_ddr3.data_task: at time 169798966.0 ps INFO: READ @ DQS= bank = 0 row = 2001 col = 00000296 data = xxxx
tb_g14_scale_n256_mig.gen_mem[0].u_comp_ddr3.data_task: at time 169800466.0 ps INFO: READ @ DQS= bank = 0 row = 2001 col = 00000297 data = xxxx
tb_g14_scale_n256_mig.gen_mem[0].u_comp_ddr3.cmd_task: at time 169800466.0 ps INFO: Read      bank 0 col 2a0, auto precharge 0
tb_g14_scale_n256_mig.gen_mem[0].u_comp_ddr3.data_task: at time 169801966.0 ps INFO: READ @ DQS= bank = 0 row = 2001 col = 00000298 data = xxxx
tb_g14_scale_n256_mig.gen_mem[0].u_comp_ddr3.data_task: at time 169803466.0 ps INFO: READ @ DQS= bank = 0 row = 2001 col = 00000299 data = xxxx
tb_g14_scale_n256_mig.gen_mem[0].u_comp_ddr3.data_task: at time 169804966.0 ps INFO: READ @ DQS= bank = 0 row = 2001 col = 0000029a data = xxxx
tb_g14_scale_n256_mig.gen_mem[0].u_comp_ddr3.data_task: at time 169806466.0 ps INFO: READ @ DQS= bank = 0 row = 2001 col = 0000029b data = xxxx
tb_g14_scale_n256_mig.gen_mem[0].u_comp_ddr3.data_task: at time 169807966.0 ps INFO: READ @ DQS= bank = 0 row = 2001 col = 0000029c data = xxxx
tb_g14_scale_n256_mig.gen_mem[0].u_comp_ddr3.data_task: at time 169809466.0 ps INFO: READ @ DQS= bank = 0 row = 2001 col = 0000029d data = xxxx
tb_g14_scale_n256_mig.gen_mem[0].u_comp_ddr3.data_task: at time 169810966.0 ps INFO: READ @ DQS= bank = 0 row = 2001 col = 0000029e data = xxxx
tb_g14_scale_n256_mig.gen_mem[0].u_comp_ddr3.data_task: at time 169812466.0 ps INFO: READ @ DQS= bank = 0 row = 2001 col = 0000029f data = xxxx
tb_g14_scale_n256_mig.gen_mem[0].u_comp_ddr3.cmd_task: at time 169812466.0 ps INFO: Read      bank 0 col 2a8, auto precharge 0
tb_g14_scale_n256_mig.gen_mem[0].u_comp_ddr3.data_task: at time 169813966.0 ps INFO: READ @ DQS= bank = 0 row = 2001 col = 000002a0 data = xxxx
tb_g14_scale_n256_mig.gen_mem[0].u_comp_ddr3.data_task: at time 169815466.0 ps INFO: READ @ DQS= bank = 0 row = 2001 col = 000002a1 data = xxxx
tb_g14_scale_n256_mig.gen_mem[0].u_comp_ddr3.data_task: at time 169816966.0 ps INFO: READ @ DQS= bank = 0 row = 2001 col = 000002a2 data = xxxx
tb_g14_scale_n256_mig.gen_mem[0].u_comp_ddr3.data_task: at time 169818466.0 ps INFO: READ @ DQS= bank = 0 row = 2001 col = 000002a3 data = xxxx
tb_g14_scale_n256_mig.gen_mem[0].u_comp_ddr3.data_task: at time 169819966.0 ps INFO: READ @ DQS= bank = 0 row = 2001 col = 000002a4 data = xxxx
tb_g14_scale_n256_mig.gen_mem[0].u_comp_ddr3.data_task: at time 169821466.0 ps INFO: READ @ DQS= bank = 0 row = 2001 col = 000002a5 data = xxxx
tb_g14_scale_n256_mig.gen_mem[0].u_comp_ddr3.data_task: at time 169822966.0 ps INFO: READ @ DQS= bank = 0 row = 2001 col = 000002a6 data = xxxx
tb_g14_scale_n256_mig.gen_mem[0].u_comp_ddr3.data_task: at time 169824466.0 ps INFO: READ @ DQS= bank = 0 row = 2001 col = 000002a7 data = xxxx
tb_g14_scale_n256_mig.gen_mem[0].u_comp_ddr3.cmd_task: at time 169824466.0 ps INFO: Read      bank 0 col 2b0, auto precharge 0
tb_g14_scale_n256_mig.gen_mem[0].u_comp_ddr3.data_task: at time 169825966.0 ps INFO: READ @ DQS= bank = 0 row = 2001 col = 000002a8 data = xxxx
tb_g14_scale_n256_mig.gen_mem[0].u_comp_ddr3.data_task: at time 169827466.0 ps INFO: READ @ DQS= bank = 0 row = 2001 col = 000002a9 data = xxxx
tb_g14_scale_n256_mig.gen_mem[0].u_comp_ddr3.data_task: at time 169828966.0 ps INFO: READ @ DQS= bank = 0 row = 2001 col = 000002aa data = xxxx
tb_g14_scale_n256_mig.gen_mem[0].u_comp_ddr3.data_task: at time 169830466.0 ps INFO: READ @ DQS= bank = 0 row = 2001 col = 000002ab data = xxxx
tb_g14_scale_n256_mig.gen_mem[0].u_comp_ddr3.data_task: at time 169831966.0 ps INFO: READ @ DQS= bank = 0 row = 2001 col = 000002ac data = xxxx
tb_g14_scale_n256_mig.gen_mem[0].u_comp_ddr3.data_task: at time 169833466.0 ps INFO: READ @ DQS= bank = 0 row = 2001 col = 000002ad data = xxxx
tb_g14_scale_n256_mig.gen_mem[0].u_comp_ddr3.data_task: at time 169834966.0 ps INFO: READ @ DQS= bank = 0 row = 2001 col = 000002ae data = xxxx
tb_g14_scale_n256_mig.gen_mem[0].u_comp_ddr3.data_task: at time 169836466.0 ps INFO: READ @ DQS= bank = 0 row = 2001 col = 000002af data = xxxx
tb_g14_scale_n256_mig.gen_mem[0].u_comp_ddr3.cmd_task: at time 169836466.0 ps INFO: Read      bank 0 col 2b8, auto precharge 0
tb_g14_scale_n256_mig.gen_mem[0].u_comp_ddr3.data_task: at time 169837966.0 ps INFO: READ @ DQS= bank = 0 row = 2001 col = 000002b0 data = xxxx
tb_g14_scale_n256_mig.gen_mem[0].u_comp_ddr3.data_task: at time 169839466.0 ps INFO: READ @ DQS= bank = 0 row = 2001 col = 000002b1 data = xxxx
tb_g14_scale_n256_mig.gen_mem[0].u_comp_ddr3.data_task: at time 169840966.0 ps INFO: READ @ DQS= bank = 0 row = 2001 col = 000002b2 data = xxxx
tb_g14_scale_n256_mig.gen_mem[0].u_comp_ddr3.data_task: at time 169842466.0 ps INFO: READ @ DQS= bank = 0 row = 2001 col = 000002b3 data = xxxx
tb_g14_scale_n256_mig.gen_mem[0].u_comp_ddr3.data_task: at time 169843966.0 ps INFO: READ @ DQS= bank = 0 row = 2001 col = 000002b4 data = xxxx
tb_g14_scale_n256_mig.gen_mem[0].u_comp_ddr3.data_task: at time 169845466.0 ps INFO: READ @ DQS= bank = 0 row = 2001 col = 000002b5 data = xxxx
tb_g14_scale_n256_mig.gen_mem[0].u_comp_ddr3.data_task: at time 169846966.0 ps INFO: READ @ DQS= bank = 0 row = 2001 col = 000002b6 data = xxxx
tb_g14_scale_n256_mig.gen_mem[0].u_comp_ddr3.data_task: at time 169848466.0 ps INFO: READ @ DQS= bank = 0 row = 2001 col = 000002b7 data = xxxx
tb_g14_scale_n256_mig.gen_mem[0].u_comp_ddr3.cmd_task: at time 169848466.0 ps INFO: Read      bank 0 col 2c0, auto precharge 0
tb_g14_scale_n256_mig.gen_mem[0].u_comp_ddr3.data_task: at time 169849966.0 ps INFO: READ @ DQS= bank = 0 row = 2001 col = 000002b8 data = xxxx
tb_g14_scale_n256_mig.gen_mem[0].u_comp_ddr3.data_task: at time 169851466.0 ps INFO: READ @ DQS= bank = 0 row = 2001 col = 000002b9 data = xxxx
tb_g14_scale_n256_mig.gen_mem[0].u_comp_ddr3.data_task: at time 169852966.0 ps INFO: READ @ DQS= bank = 0 row = 2001 col = 000002ba data = xxxx
tb_g14_scale_n256_mig.gen_mem[0].u_comp_ddr3.data_task: at time 169854466.0 ps INFO: READ @ DQS= bank = 0 row = 2001 col = 000002bb data = xxxx
tb_g14_scale_n256_mig.gen_mem[0].u_comp_ddr3.data_task: at time 169855966.0 ps INFO: READ @ DQS= bank = 0 row = 2001 col = 000002bc data = xxxx
tb_g14_scale_n256_mig.gen_mem[0].u_comp_ddr3.data_task: at time 169857466.0 ps INFO: READ @ DQS= bank = 0 row = 2001 col = 000002bd data = xxxx
tb_g14_scale_n256_mig.gen_mem[0].u_comp_ddr3.data_task: at time 169858966.0 ps INFO: READ @ DQS= bank = 0 row = 2001 col = 000002be data = xxxx
tb_g14_scale_n256_mig.gen_mem[0].u_comp_ddr3.data_task: at time 169860466.0 ps INFO: READ @ DQS= bank = 0 row = 2001 col = 000002bf data = xxxx
tb_g14_scale_n256_mig.gen_mem[0].u_comp_ddr3.cmd_task: at time 169860466.0 ps INFO: Read      bank 0 col 2c8, auto precharge 0
tb_g14_scale_n256_mig.gen_mem[0].u_comp_ddr3.data_task: at time 169861966.0 ps INFO: READ @ DQS= bank = 0 row = 2001 col = 000002c0 data = xxxx
tb_g14_scale_n256_mig.gen_mem[0].u_comp_ddr3.data_task: at time 169863466.0 ps INFO: READ @ DQS= bank = 0 row = 2001 col = 000002c1 data = xxxx
tb_g14_scale_n256_mig.gen_mem[0].u_comp_ddr3.data_task: at time 169864966.0 ps INFO: READ @ DQS= bank = 0 row = 2001 col = 000002c2 data = xxxx
tb_g14_scale_n256_mig.gen_mem[0].u_comp_ddr3.data_task: at time 169866466.0 ps INFO: READ @ DQS= bank = 0 row = 2001 col = 000002c3 data = xxxx
tb_g14_scale_n256_mig.gen_mem[0].u_comp_ddr3.data_task: at time 169867966.0 ps INFO: READ @ DQS= bank = 0 row = 2001 col = 000002c4 data = xxxx
tb_g14_scale_n256_mig.gen_mem[0].u_comp_ddr3.data_task: at time 169869466.0 ps INFO: READ @ DQS= bank = 0 row = 2001 col = 000002c5 data = xxxx
tb_g14_scale_n256_mig.gen_mem[0].u_comp_ddr3.data_task: at time 169870966.0 ps INFO: READ @ DQS= bank = 0 row = 2001 col = 000002c6 data = xxxx
tb_g14_scale_n256_mig.gen_mem[0].u_comp_ddr3.data_task: at time 169872466.0 ps INFO: READ @ DQS= bank = 0 row = 2001 col = 000002c7 data = xxxx
tb_g14_scale_n256_mig.gen_mem[0].u_comp_ddr3.cmd_task: at time 169872466.0 ps INFO: Read      bank 0 col 2d0, auto precharge 0
tb_g14_scale_n256_mig.gen_mem[0].u_comp_ddr3.data_task: at time 169873966.0 ps INFO: READ @ DQS= bank = 0 row = 2001 col = 000002c8 data = xxxx
tb_g14_scale_n256_mig.gen_mem[0].u_comp_ddr3.data_task: at time 169875466.0 ps INFO: READ @ DQS= bank = 0 row = 2001 col = 000002c9 data = xxxx
tb_g14_scale_n256_mig.gen_mem[0].u_comp_ddr3.data_task: at time 169876966.0 ps INFO: READ @ DQS= bank = 0 row = 2001 col = 000002ca data = xxxx
tb_g14_scale_n256_mig.gen_mem[0].u_comp_ddr3.data_task: at time 169878466.0 ps INFO: READ @ DQS= bank = 0 row = 2001 col = 000002cb data = xxxx
tb_g14_scale_n256_mig.gen_mem[0].u_comp_ddr3.data_task: at time 169879966.0 ps INFO: READ @ DQS= bank = 0 row = 2001 col = 000002cc data = xxxx
tb_g14_scale_n256_mig.gen_mem[0].u_comp_ddr3.data_task: at time 169881466.0 ps INFO: READ @ DQS= bank = 0 row = 2001 col = 000002cd data = xxxx
tb_g14_scale_n256_mig.gen_mem[0].u_comp_ddr3.data_task: at time 169882966.0 ps INFO: READ @ DQS= bank = 0 row = 2001 col = 000002ce data = xxxx
tb_g14_scale_n256_mig.gen_mem[0].u_comp_ddr3.data_task: at time 169884466.0 ps INFO: READ @ DQS= bank = 0 row = 2001 col = 000002cf data = xxxx
tb_g14_scale_n256_mig.gen_mem[0].u_comp_ddr3.cmd_task: at time 169884466.0 ps INFO: Read      bank 0 col 2d8, auto precharge 0
tb_g14_scale_n256_mig.gen_mem[0].u_comp_ddr3.data_task: at time 169885966.0 ps INFO: READ @ DQS= bank = 0 row = 2001 col = 000002d0 data = xxxx
tb_g14_scale_n256_mig.gen_mem[0].u_comp_ddr3.data_task: at time 169887466.0 ps INFO: READ @ DQS= bank = 0 row = 2001 col = 000002d1 data = xxxx
tb_g14_scale_n256_mig.gen_mem[0].u_comp_ddr3.data_task: at time 169888966.0 ps INFO: READ @ DQS= bank = 0 row = 2001 col = 000002d2 data = xxxx
tb_g14_scale_n256_mig.gen_mem[0].u_comp_ddr3.data_task: at time 169890466.0 ps INFO: READ @ DQS= bank = 0 row = 2001 col = 000002d3 data = xxxx
tb_g14_scale_n256_mig.gen_mem[0].u_comp_ddr3.data_task: at time 169891966.0 ps INFO: READ @ DQS= bank = 0 row = 2001 col = 000002d4 data = xxxx
tb_g14_scale_n256_mig.gen_mem[0].u_comp_ddr3.data_task: at time 169893466.0 ps INFO: READ @ DQS= bank = 0 row = 2001 col = 000002d5 data = xxxx
tb_g14_scale_n256_mig.gen_mem[0].u_comp_ddr3.data_task: at time 169894966.0 ps INFO: READ @ DQS= bank = 0 row = 2001 col = 000002d6 data = xxxx
tb_g14_scale_n256_mig.gen_mem[0].u_comp_ddr3.data_task: at time 169896466.0 ps INFO: READ @ DQS= bank = 0 row = 2001 col = 000002d7 data = xxxx
tb_g14_scale_n256_mig.gen_mem[0].u_comp_ddr3.cmd_task: at time 169896466.0 ps INFO: Read      bank 0 col 2e0, auto precharge 0
tb_g14_scale_n256_mig.gen_mem[0].u_comp_ddr3.data_task: at time 169897966.0 ps INFO: READ @ DQS= bank = 0 row = 2001 col = 000002d8 data = xxxx
tb_g14_scale_n256_mig.gen_mem[0].u_comp_ddr3.data_task: at time 169899466.0 ps INFO: READ @ DQS= bank = 0 row = 2001 col = 000002d9 data = xxxx
tb_g14_scale_n256_mig.gen_mem[0].u_comp_ddr3.data_task: at time 169900966.0 ps INFO: READ @ DQS= bank = 0 row = 2001 col = 000002da data = xxxx
tb_g14_scale_n256_mig.gen_mem[0].u_comp_ddr3.data_task: at time 169902466.0 ps INFO: READ @ DQS= bank = 0 row = 2001 col = 000002db data = xxxx
tb_g14_scale_n256_mig.gen_mem[0].u_comp_ddr3.data_task: at time 169903966.0 ps INFO: READ @ DQS= bank = 0 row = 2001 col = 000002dc data = xxxx
tb_g14_scale_n256_mig.gen_mem[0].u_comp_ddr3.data_task: at time 169905466.0 ps INFO: READ @ DQS= bank = 0 row = 2001 col = 000002dd data = xxxx
tb_g14_scale_n256_mig.gen_mem[0].u_comp_ddr3.data_task: at time 169906966.0 ps INFO: READ @ DQS= bank = 0 row = 2001 col = 000002de data = xxxx
tb_g14_scale_n256_mig.gen_mem[0].u_comp_ddr3.data_task: at time 169908466.0 ps INFO: READ @ DQS= bank = 0 row = 2001 col = 000002df data = xxxx
tb_g14_scale_n256_mig.gen_mem[0].u_comp_ddr3.cmd_task: at time 169908466.0 ps INFO: Read      bank 0 col 2e8, auto precharge 0
tb_g14_scale_n256_mig.gen_mem[0].u_comp_ddr3.data_task: at time 169909966.0 ps INFO: READ @ DQS= bank = 0 row = 2001 col = 000002e0 data = xxxx
tb_g14_scale_n256_mig.gen_mem[0].u_comp_ddr3.data_task: at time 169911466.0 ps INFO: READ @ DQS= bank = 0 row = 2001 col = 000002e1 data = xxxx
tb_g14_scale_n256_mig.gen_mem[0].u_comp_ddr3.data_task: at time 169912966.0 ps INFO: READ @ DQS= bank = 0 row = 2001 col = 000002e2 data = xxxx
tb_g14_scale_n256_mig.gen_mem[0].u_comp_ddr3.data_task: at time 169914466.0 ps INFO: READ @ DQS= bank = 0 row = 2001 col = 000002e3 data = xxxx
tb_g14_scale_n256_mig.gen_mem[0].u_comp_ddr3.data_task: at time 169915966.0 ps INFO: READ @ DQS= bank = 0 row = 2001 col = 000002e4 data = xxxx
tb_g14_scale_n256_mig.gen_mem[0].u_comp_ddr3.data_task: at time 169917466.0 ps INFO: READ @ DQS= bank = 0 row = 2001 col = 000002e5 data = xxxx
tb_g14_scale_n256_mig.gen_mem[0].u_comp_ddr3.data_task: at time 169918966.0 ps INFO: READ @ DQS= bank = 0 row = 2001 col = 000002e6 data = xxxx
tb_g14_scale_n256_mig.gen_mem[0].u_comp_ddr3.data_task: at time 169920466.0 ps INFO: READ @ DQS= bank = 0 row = 2001 col = 000002e7 data = xxxx
tb_g14_scale_n256_mig.gen_mem[0].u_comp_ddr3.cmd_task: at time 169920466.0 ps INFO: Read      bank 0 col 2f0, auto precharge 0
tb_g14_scale_n256_mig.gen_mem[0].u_comp_ddr3.data_task: at time 169921966.0 ps INFO: READ @ DQS= bank = 0 row = 2001 col = 000002e8 data = xxxx
tb_g14_scale_n256_mig.gen_mem[0].u_comp_ddr3.data_task: at time 169923466.0 ps INFO: READ @ DQS= bank = 0 row = 2001 col = 000002e9 data = xxxx
tb_g14_scale_n256_mig.gen_mem[0].u_comp_ddr3.data_task: at time 169924966.0 ps INFO: READ @ DQS= bank = 0 row = 2001 col = 000002ea data = xxxx
tb_g14_scale_n256_mig.gen_mem[0].u_comp_ddr3.data_task: at time 169926466.0 ps INFO: READ @ DQS= bank = 0 row = 2001 col = 000002eb data = xxxx
tb_g14_scale_n256_mig.gen_mem[0].u_comp_ddr3.data_task: at time 169927966.0 ps INFO: READ @ DQS= bank = 0 row = 2001 col = 000002ec data = xxxx
tb_g14_scale_n256_mig.gen_mem[0].u_comp_ddr3.data_task: at time 169929466.0 ps INFO: READ @ DQS= bank = 0 row = 2001 col = 000002ed data = xxxx
tb_g14_scale_n256_mig.gen_mem[0].u_comp_ddr3.data_task: at time 169930966.0 ps INFO: READ @ DQS= bank = 0 row = 2001 col = 000002ee data = xxxx
tb_g14_scale_n256_mig.gen_mem[0].u_comp_ddr3.data_task: at time 169932466.0 ps INFO: READ @ DQS= bank = 0 row = 2001 col = 000002ef data = xxxx
tb_g14_scale_n256_mig.gen_mem[0].u_comp_ddr3.cmd_task: at time 169932466.0 ps INFO: Read      bank 0 col 2f8, auto precharge 0
tb_g14_scale_n256_mig.gen_mem[0].u_comp_ddr3.data_task: at time 169933966.0 ps INFO: READ @ DQS= bank = 0 row = 2001 col = 000002f0 data = xxxx
tb_g14_scale_n256_mig.gen_mem[0].u_comp_ddr3.data_task: at time 169935466.0 ps INFO: READ @ DQS= bank = 0 row = 2001 col = 000002f1 data = xxxx
tb_g14_scale_n256_mig.gen_mem[0].u_comp_ddr3.data_task: at time 169936966.0 ps INFO: READ @ DQS= bank = 0 row = 2001 col = 000002f2 data = xxxx
tb_g14_scale_n256_mig.gen_mem[0].u_comp_ddr3.data_task: at time 169938466.0 ps INFO: READ @ DQS= bank = 0 row = 2001 col = 000002f3 data = xxxx
tb_g14_scale_n256_mig.gen_mem[0].u_comp_ddr3.data_task: at time 169939966.0 ps INFO: READ @ DQS= bank = 0 row = 2001 col = 000002f4 data = xxxx
tb_g14_scale_n256_mig.gen_mem[0].u_comp_ddr3.data_task: at time 169941466.0 ps INFO: READ @ DQS= bank = 0 row = 2001 col = 000002f5 data = xxxx
tb_g14_scale_n256_mig.gen_mem[0].u_comp_ddr3.data_task: at time 169942966.0 ps INFO: READ @ DQS= bank = 0 row = 2001 col = 000002f6 data = xxxx
tb_g14_scale_n256_mig.gen_mem[0].u_comp_ddr3.data_task: at time 169944466.0 ps INFO: READ @ DQS= bank = 0 row = 2001 col = 000002f7 data = xxxx
tb_g14_scale_n256_mig.gen_mem[0].u_comp_ddr3.data_task: at time 169945966.0 ps INFO: READ @ DQS= bank = 0 row = 2001 col = 000002f8 data = xxxx
tb_g14_scale_n256_mig.gen_mem[0].u_comp_ddr3.data_task: at time 169947466.0 ps INFO: READ @ DQS= bank = 0 row = 2001 col = 000002f9 data = xxxx
tb_g14_scale_n256_mig.gen_mem[0].u_comp_ddr3.data_task: at time 169948966.0 ps INFO: READ @ DQS= bank = 0 row = 2001 col = 000002fa data = xxxx
tb_g14_scale_n256_mig.gen_mem[0].u_comp_ddr3.data_task: at time 169950466.0 ps INFO: READ @ DQS= bank = 0 row = 2001 col = 000002fb data = xxxx
tb_g14_scale_n256_mig.gen_mem[0].u_comp_ddr3.data_task: at time 169951966.0 ps INFO: READ @ DQS= bank = 0 row = 2001 col = 000002fc data = xxxx
tb_g14_scale_n256_mig.gen_mem[0].u_comp_ddr3.data_task: at time 169953466.0 ps INFO: READ @ DQS= bank = 0 row = 2001 col = 000002fd data = xxxx
tb_g14_scale_n256_mig.gen_mem[0].u_comp_ddr3.data_task: at time 169954966.0 ps INFO: READ @ DQS= bank = 0 row = 2001 col = 000002fe data = xxxx
tb_g14_scale_n256_mig.gen_mem[0].u_comp_ddr3.data_task: at time 169956466.0 ps INFO: READ @ DQS= bank = 0 row = 2001 col = 000002ff data = xxxx
tb_g14_scale_n256_mig.gen_mem[0].u_comp_ddr3.cmd_task: at time 169983466.0 ps INFO: Precharge bank   0
tb_g14_scale_n256_mig.gen_mem[0].u_comp_ddr3.cmd_task: at time 170793466.0 ps INFO: Activate  bank 0 row 2001
tb_g14_scale_n256_mig.gen_mem[0].u_comp_ddr3.cmd_task: at time 170808466.0 ps INFO: Read      bank 0 col 2f8, auto precharge 0
tb_g14_scale_n256_mig.gen_mem[0].u_comp_ddr3.cmd_task: at time 170820466.0 ps INFO: Read      bank 0 col 2f8, auto precharge 0
tb_g14_scale_n256_mig.gen_mem[0].u_comp_ddr3.data_task: at time 170821966.0 ps INFO: READ @ DQS= bank = 0 row = 2001 col = 000002f8 data = xxxx
tb_g14_scale_n256_mig.gen_mem[0].u_comp_ddr3.data_task: at time 170823466.0 ps INFO: READ @ DQS= bank = 0 row = 2001 col = 000002f9 data = xxxx
tb_g14_scale_n256_mig.gen_mem[0].u_comp_ddr3.data_task: at time 170824966.0 ps INFO: READ @ DQS= bank = 0 row = 2001 col = 000002fa data = xxxx
tb_g14_scale_n256_mig.gen_mem[0].u_comp_ddr3.data_task: at time 170826466.0 ps INFO: READ @ DQS= bank = 0 row = 2001 col = 000002fb data = xxxx
tb_g14_scale_n256_mig.gen_mem[0].u_comp_ddr3.data_task: at time 170827966.0 ps INFO: READ @ DQS= bank = 0 row = 2001 col = 000002fc data = xxxx
tb_g14_scale_n256_mig.gen_mem[0].u_comp_ddr3.data_task: at time 170829466.0 ps INFO: READ @ DQS= bank = 0 row = 2001 col = 000002fd data = xxxx
tb_g14_scale_n256_mig.gen_mem[0].u_comp_ddr3.data_task: at time 170830966.0 ps INFO: READ @ DQS= bank = 0 row = 2001 col = 000002fe data = xxxx
tb_g14_scale_n256_mig.gen_mem[0].u_comp_ddr3.data_task: at time 170832466.0 ps INFO: READ @ DQS= bank = 0 row = 2001 col = 000002ff data = xxxx
tb_g14_scale_n256_mig.gen_mem[0].u_comp_ddr3.data_task: at time 170833966.0 ps INFO: READ @ DQS= bank = 0 row = 2001 col = 000002f8 data = xxxx
tb_g14_scale_n256_mig.gen_mem[0].u_comp_ddr3.data_task: at time 170835466.0 ps INFO: READ @ DQS= bank = 0 row = 2001 col = 000002f9 data = xxxx
tb_g14_scale_n256_mig.gen_mem[0].u_comp_ddr3.data_task: at time 170836966.0 ps INFO: READ @ DQS= bank = 0 row = 2001 col = 000002fa data = xxxx
tb_g14_scale_n256_mig.gen_mem[0].u_comp_ddr3.data_task: at time 170838466.0 ps INFO: READ @ DQS= bank = 0 row = 2001 col = 000002fb data = xxxx
tb_g14_scale_n256_mig.gen_mem[0].u_comp_ddr3.data_task: at time 170839966.0 ps INFO: READ @ DQS= bank = 0 row = 2001 col = 000002fc data = xxxx
tb_g14_scale_n256_mig.gen_mem[0].u_comp_ddr3.data_task: at time 170841466.0 ps INFO: READ @ DQS= bank = 0 row = 2001 col = 000002fd data = xxxx
tb_g14_scale_n256_mig.gen_mem[0].u_comp_ddr3.data_task: at time 170842966.0 ps INFO: READ @ DQS= bank = 0 row = 2001 col = 000002fe data = xxxx
tb_g14_scale_n256_mig.gen_mem[0].u_comp_ddr3.data_task: at time 170844466.0 ps INFO: READ @ DQS= bank = 0 row = 2001 col = 000002ff data = xxxx
tb_g14_scale_n256_mig.gen_mem[0].u_comp_ddr3.cmd_task: at time 170871466.0 ps INFO: Precharge bank   0
tb_g14_scale_n256_mig.gen_mem[0].u_comp_ddr3.cmd_task: at time 171753466.0 ps INFO: Activate  bank 0 row 2001
tb_g14_scale_n256_mig.gen_mem[0].u_comp_ddr3.cmd_task: at time 171768466.0 ps INFO: Read      bank 0 col 2f8, auto precharge 0
tb_g14_scale_n256_mig.gen_mem[0].u_comp_ddr3.cmd_task: at time 171780466.0 ps INFO: Read      bank 0 col 2f8, auto precharge 0
tb_g14_scale_n256_mig.gen_mem[0].u_comp_ddr3.data_task: at time 171781966.0 ps INFO: READ @ DQS= bank = 0 row = 2001 col = 000002f8 data = xxxx
tb_g14_scale_n256_mig.gen_mem[0].u_comp_ddr3.data_task: at time 171783466.0 ps INFO: READ @ DQS= bank = 0 row = 2001 col = 000002f9 data = xxxx
tb_g14_scale_n256_mig.gen_mem[0].u_comp_ddr3.data_task: at time 171784966.0 ps INFO: READ @ DQS= bank = 0 row = 2001 col = 000002fa data = xxxx
tb_g14_scale_n256_mig.gen_mem[0].u_comp_ddr3.data_task: at time 171786466.0 ps INFO: READ @ DQS= bank = 0 row = 2001 col = 000002fb data = xxxx
tb_g14_scale_n256_mig.gen_mem[0].u_comp_ddr3.data_task: at time 171787966.0 ps INFO: READ @ DQS= bank = 0 row = 2001 col = 000002fc data = xxxx
tb_g14_scale_n256_mig.gen_mem[0].u_comp_ddr3.data_task: at time 171789466.0 ps INFO: READ @ DQS= bank = 0 row = 2001 col = 000002fd data = xxxx
tb_g14_scale_n256_mig.gen_mem[0].u_comp_ddr3.data_task: at time 171790966.0 ps INFO: READ @ DQS= bank = 0 row = 2001 col = 000002fe data = xxxx
tb_g14_scale_n256_mig.gen_mem[0].u_comp_ddr3.data_task: at time 171792466.0 ps INFO: READ @ DQS= bank = 0 row = 2001 col = 000002ff data = xxxx
tb_g14_scale_n256_mig.gen_mem[0].u_comp_ddr3.data_task: at time 171793966.0 ps INFO: READ @ DQS= bank = 0 row = 2001 col = 000002f8 data = xxxx
tb_g14_scale_n256_mig.gen_mem[0].u_comp_ddr3.data_task: at time 171795466.0 ps INFO: READ @ DQS= bank = 0 row = 2001 col = 000002f9 data = xxxx
tb_g14_scale_n256_mig.gen_mem[0].u_comp_ddr3.data_task: at time 171796966.0 ps INFO: READ @ DQS= bank = 0 row = 2001 col = 000002fa data = xxxx
tb_g14_scale_n256_mig.gen_mem[0].u_comp_ddr3.data_task: at time 171798466.0 ps INFO: READ @ DQS= bank = 0 row = 2001 col = 000002fb data = xxxx
tb_g14_scale_n256_mig.gen_mem[0].u_comp_ddr3.data_task: at time 171799966.0 ps INFO: READ @ DQS= bank = 0 row = 2001 col = 000002fc data = xxxx
tb_g14_scale_n256_mig.gen_mem[0].u_comp_ddr3.data_task: at time 171801466.0 ps INFO: READ @ DQS= bank = 0 row = 2001 col = 000002fd data = xxxx
tb_g14_scale_n256_mig.gen_mem[0].u_comp_ddr3.data_task: at time 171802966.0 ps INFO: READ @ DQS= bank = 0 row = 2001 col = 000002fe data = xxxx
tb_g14_scale_n256_mig.gen_mem[0].u_comp_ddr3.data_task: at time 171804466.0 ps INFO: READ @ DQS= bank = 0 row = 2001 col = 000002ff data = xxxx
tb_g14_scale_n256_mig.gen_mem[0].u_comp_ddr3.cmd_task: at time 171831466.0 ps INFO: Precharge bank   0
tb_g14_scale_n256_mig.gen_mem[0].u_comp_ddr3.cmd_task: at time 172521466.0 ps INFO: Activate  bank 0 row 2001
tb_g14_scale_n256_mig.gen_mem[0].u_comp_ddr3.cmd_task: at time 172536466.0 ps INFO: Read      bank 0 col 300, auto precharge 0
tb_g14_scale_n256_mig.gen_mem[0].u_comp_ddr3.cmd_task: at time 172548466.0 ps INFO: Read      bank 0 col 308, auto precharge 0
tb_g14_scale_n256_mig.gen_mem[0].u_comp_ddr3.data_task: at time 172549966.0 ps INFO: READ @ DQS= bank = 0 row = 2001 col = 00000300 data = xxxx
tb_g14_scale_n256_mig.gen_mem[0].u_comp_ddr3.data_task: at time 172551466.0 ps INFO: READ @ DQS= bank = 0 row = 2001 col = 00000301 data = xxxx
tb_g14_scale_n256_mig.gen_mem[0].u_comp_ddr3.data_task: at time 172552966.0 ps INFO: READ @ DQS= bank = 0 row = 2001 col = 00000302 data = xxxx
tb_g14_scale_n256_mig.gen_mem[0].u_comp_ddr3.data_task: at time 172554466.0 ps INFO: READ @ DQS= bank = 0 row = 2001 col = 00000303 data = xxxx
tb_g14_scale_n256_mig.gen_mem[0].u_comp_ddr3.data_task: at time 172555966.0 ps INFO: READ @ DQS= bank = 0 row = 2001 col = 00000304 data = xxxx
tb_g14_scale_n256_mig.gen_mem[0].u_comp_ddr3.data_task: at time 172557466.0 ps INFO: READ @ DQS= bank = 0 row = 2001 col = 00000305 data = xxxx
tb_g14_scale_n256_mig.gen_mem[0].u_comp_ddr3.data_task: at time 172558966.0 ps INFO: READ @ DQS= bank = 0 row = 2001 col = 00000306 data = xxxx
tb_g14_scale_n256_mig.gen_mem[0].u_comp_ddr3.data_task: at time 172560466.0 ps INFO: READ @ DQS= bank = 0 row = 2001 col = 00000307 data = xxxx
tb_g14_scale_n256_mig.gen_mem[0].u_comp_ddr3.cmd_task: at time 172560466.0 ps INFO: Read      bank 0 col 310, auto precharge 0
tb_g14_scale_n256_mig.gen_mem[0].u_comp_ddr3.data_task: at time 172561966.0 ps INFO: READ @ DQS= bank = 0 row = 2001 col = 00000308 data = xxxx
tb_g14_scale_n256_mig.gen_mem[0].u_comp_ddr3.data_task: at time 172563466.0 ps INFO: READ @ DQS= bank = 0 row = 2001 col = 00000309 data = xxxx
tb_g14_scale_n256_mig.gen_mem[0].u_comp_ddr3.data_task: at time 172564966.0 ps INFO: READ @ DQS= bank = 0 row = 2001 col = 0000030a data = xxxx
tb_g14_scale_n256_mig.gen_mem[0].u_comp_ddr3.data_task: at time 172566466.0 ps INFO: READ @ DQS= bank = 0 row = 2001 col = 0000030b data = xxxx
tb_g14_scale_n256_mig.gen_mem[0].u_comp_ddr3.data_task: at time 172567966.0 ps INFO: READ @ DQS= bank = 0 row = 2001 col = 0000030c data = xxxx
tb_g14_scale_n256_mig.gen_mem[0].u_comp_ddr3.data_task: at time 172569466.0 ps INFO: READ @ DQS= bank = 0 row = 2001 col = 0000030d data = xxxx
tb_g14_scale_n256_mig.gen_mem[0].u_comp_ddr3.data_task: at time 172570966.0 ps INFO: READ @ DQS= bank = 0 row = 2001 col = 0000030e data = xxxx
tb_g14_scale_n256_mig.gen_mem[0].u_comp_ddr3.data_task: at time 172572466.0 ps INFO: READ @ DQS= bank = 0 row = 2001 col = 0000030f data = xxxx
tb_g14_scale_n256_mig.gen_mem[0].u_comp_ddr3.cmd_task: at time 172572466.0 ps INFO: Read      bank 0 col 318, auto precharge 0
tb_g14_scale_n256_mig.gen_mem[0].u_comp_ddr3.data_task: at time 172573966.0 ps INFO: READ @ DQS= bank = 0 row = 2001 col = 00000310 data = xxxx
tb_g14_scale_n256_mig.gen_mem[0].u_comp_ddr3.data_task: at time 172575466.0 ps INFO: READ @ DQS= bank = 0 row = 2001 col = 00000311 data = xxxx
tb_g14_scale_n256_mig.gen_mem[0].u_comp_ddr3.data_task: at time 172576966.0 ps INFO: READ @ DQS= bank = 0 row = 2001 col = 00000312 data = xxxx
tb_g14_scale_n256_mig.gen_mem[0].u_comp_ddr3.data_task: at time 172578466.0 ps INFO: READ @ DQS= bank = 0 row = 2001 col = 00000313 data = xxxx
tb_g14_scale_n256_mig.gen_mem[0].u_comp_ddr3.data_task: at time 172579966.0 ps INFO: READ @ DQS= bank = 0 row = 2001 col = 00000314 data = xxxx
tb_g14_scale_n256_mig.gen_mem[0].u_comp_ddr3.data_task: at time 172581466.0 ps INFO: READ @ DQS= bank = 0 row = 2001 col = 00000315 data = xxxx
tb_g14_scale_n256_mig.gen_mem[0].u_comp_ddr3.data_task: at time 172582966.0 ps INFO: READ @ DQS= bank = 0 row = 2001 col = 00000316 data = xxxx
tb_g14_scale_n256_mig.gen_mem[0].u_comp_ddr3.data_task: at time 172584466.0 ps INFO: READ @ DQS= bank = 0 row = 2001 col = 00000317 data = xxxx
tb_g14_scale_n256_mig.gen_mem[0].u_comp_ddr3.cmd_task: at time 172584466.0 ps INFO: Read      bank 0 col 320, auto precharge 0
tb_g14_scale_n256_mig.gen_mem[0].u_comp_ddr3.data_task: at time 172585966.0 ps INFO: READ @ DQS= bank = 0 row = 2001 col = 00000318 data = xxxx
tb_g14_scale_n256_mig.gen_mem[0].u_comp_ddr3.data_task: at time 172587466.0 ps INFO: READ @ DQS= bank = 0 row = 2001 col = 00000319 data = xxxx
tb_g14_scale_n256_mig.gen_mem[0].u_comp_ddr3.data_task: at time 172588966.0 ps INFO: READ @ DQS= bank = 0 row = 2001 col = 0000031a data = xxxx
tb_g14_scale_n256_mig.gen_mem[0].u_comp_ddr3.data_task: at time 172590466.0 ps INFO: READ @ DQS= bank = 0 row = 2001 col = 0000031b data = xxxx
tb_g14_scale_n256_mig.gen_mem[0].u_comp_ddr3.data_task: at time 172591966.0 ps INFO: READ @ DQS= bank = 0 row = 2001 col = 0000031c data = xxxx
tb_g14_scale_n256_mig.gen_mem[0].u_comp_ddr3.data_task: at time 172593466.0 ps INFO: READ @ DQS= bank = 0 row = 2001 col = 0000031d data = xxxx
tb_g14_scale_n256_mig.gen_mem[0].u_comp_ddr3.data_task: at time 172594966.0 ps INFO: READ @ DQS= bank = 0 row = 2001 col = 0000031e data = xxxx
tb_g14_scale_n256_mig.gen_mem[0].u_comp_ddr3.data_task: at time 172596466.0 ps INFO: READ @ DQS= bank = 0 row = 2001 col = 0000031f data = xxxx
tb_g14_scale_n256_mig.gen_mem[0].u_comp_ddr3.cmd_task: at time 172596466.0 ps INFO: Read      bank 0 col 328, auto precharge 0
tb_g14_scale_n256_mig.gen_mem[0].u_comp_ddr3.data_task: at time 172597966.0 ps INFO: READ @ DQS= bank = 0 row = 2001 col = 00000320 data = xxxx
tb_g14_scale_n256_mig.gen_mem[0].u_comp_ddr3.data_task: at time 172599466.0 ps INFO: READ @ DQS= bank = 0 row = 2001 col = 00000321 data = xxxx
tb_g14_scale_n256_mig.gen_mem[0].u_comp_ddr3.data_task: at time 172600966.0 ps INFO: READ @ DQS= bank = 0 row = 2001 col = 00000322 data = xxxx
tb_g14_scale_n256_mig.gen_mem[0].u_comp_ddr3.data_task: at time 172602466.0 ps INFO: READ @ DQS= bank = 0 row = 2001 col = 00000323 data = xxxx
tb_g14_scale_n256_mig.gen_mem[0].u_comp_ddr3.data_task: at time 172603966.0 ps INFO: READ @ DQS= bank = 0 row = 2001 col = 00000324 data = xxxx
tb_g14_scale_n256_mig.gen_mem[0].u_comp_ddr3.data_task: at time 172605466.0 ps INFO: READ @ DQS= bank = 0 row = 2001 col = 00000325 data = xxxx
tb_g14_scale_n256_mig.gen_mem[0].u_comp_ddr3.data_task: at time 172606966.0 ps INFO: READ @ DQS= bank = 0 row = 2001 col = 00000326 data = xxxx
tb_g14_scale_n256_mig.gen_mem[0].u_comp_ddr3.data_task: at time 172608466.0 ps INFO: READ @ DQS= bank = 0 row = 2001 col = 00000327 data = xxxx
tb_g14_scale_n256_mig.gen_mem[0].u_comp_ddr3.cmd_task: at time 172608466.0 ps INFO: Read      bank 0 col 330, auto precharge 0
tb_g14_scale_n256_mig.gen_mem[0].u_comp_ddr3.data_task: at time 172609966.0 ps INFO: READ @ DQS= bank = 0 row = 2001 col = 00000328 data = xxxx
tb_g14_scale_n256_mig.gen_mem[0].u_comp_ddr3.data_task: at time 172611466.0 ps INFO: READ @ DQS= bank = 0 row = 2001 col = 00000329 data = xxxx
tb_g14_scale_n256_mig.gen_mem[0].u_comp_ddr3.data_task: at time 172612966.0 ps INFO: READ @ DQS= bank = 0 row = 2001 col = 0000032a data = xxxx
tb_g14_scale_n256_mig.gen_mem[0].u_comp_ddr3.data_task: at time 172614466.0 ps INFO: READ @ DQS= bank = 0 row = 2001 col = 0000032b data = xxxx
tb_g14_scale_n256_mig.gen_mem[0].u_comp_ddr3.data_task: at time 172615966.0 ps INFO: READ @ DQS= bank = 0 row = 2001 col = 0000032c data = xxxx
tb_g14_scale_n256_mig.gen_mem[0].u_comp_ddr3.data_task: at time 172617466.0 ps INFO: READ @ DQS= bank = 0 row = 2001 col = 0000032d data = xxxx
tb_g14_scale_n256_mig.gen_mem[0].u_comp_ddr3.data_task: at time 172618966.0 ps INFO: READ @ DQS= bank = 0 row = 2001 col = 0000032e data = xxxx
tb_g14_scale_n256_mig.gen_mem[0].u_comp_ddr3.data_task: at time 172620466.0 ps INFO: READ @ DQS= bank = 0 row = 2001 col = 0000032f data = xxxx
tb_g14_scale_n256_mig.gen_mem[0].u_comp_ddr3.cmd_task: at time 172620466.0 ps INFO: Read      bank 0 col 338, auto precharge 0
tb_g14_scale_n256_mig.gen_mem[0].u_comp_ddr3.data_task: at time 172621966.0 ps INFO: READ @ DQS= bank = 0 row = 2001 col = 00000330 data = xxxx
tb_g14_scale_n256_mig.gen_mem[0].u_comp_ddr3.data_task: at time 172623466.0 ps INFO: READ @ DQS= bank = 0 row = 2001 col = 00000331 data = xxxx
tb_g14_scale_n256_mig.gen_mem[0].u_comp_ddr3.data_task: at time 172624966.0 ps INFO: READ @ DQS= bank = 0 row = 2001 col = 00000332 data = xxxx
tb_g14_scale_n256_mig.gen_mem[0].u_comp_ddr3.data_task: at time 172626466.0 ps INFO: READ @ DQS= bank = 0 row = 2001 col = 00000333 data = xxxx
tb_g14_scale_n256_mig.gen_mem[0].u_comp_ddr3.data_task: at time 172627966.0 ps INFO: READ @ DQS= bank = 0 row = 2001 col = 00000334 data = xxxx
tb_g14_scale_n256_mig.gen_mem[0].u_comp_ddr3.data_task: at time 172629466.0 ps INFO: READ @ DQS= bank = 0 row = 2001 col = 00000335 data = xxxx
tb_g14_scale_n256_mig.gen_mem[0].u_comp_ddr3.data_task: at time 172630966.0 ps INFO: READ @ DQS= bank = 0 row = 2001 col = 00000336 data = xxxx
tb_g14_scale_n256_mig.gen_mem[0].u_comp_ddr3.data_task: at time 172632466.0 ps INFO: READ @ DQS= bank = 0 row = 2001 col = 00000337 data = xxxx
tb_g14_scale_n256_mig.gen_mem[0].u_comp_ddr3.cmd_task: at time 172632466.0 ps INFO: Read      bank 0 col 340, auto precharge 0
tb_g14_scale_n256_mig.gen_mem[0].u_comp_ddr3.data_task: at time 172633966.0 ps INFO: READ @ DQS= bank = 0 row = 2001 col = 00000338 data = xxxx
tb_g14_scale_n256_mig.gen_mem[0].u_comp_ddr3.data_task: at time 172635466.0 ps INFO: READ @ DQS= bank = 0 row = 2001 col = 00000339 data = xxxx
tb_g14_scale_n256_mig.gen_mem[0].u_comp_ddr3.data_task: at time 172636966.0 ps INFO: READ @ DQS= bank = 0 row = 2001 col = 0000033a data = xxxx
tb_g14_scale_n256_mig.gen_mem[0].u_comp_ddr3.data_task: at time 172638466.0 ps INFO: READ @ DQS= bank = 0 row = 2001 col = 0000033b data = xxxx
tb_g14_scale_n256_mig.gen_mem[0].u_comp_ddr3.data_task: at time 172639966.0 ps INFO: READ @ DQS= bank = 0 row = 2001 col = 0000033c data = xxxx
tb_g14_scale_n256_mig.gen_mem[0].u_comp_ddr3.data_task: at time 172641466.0 ps INFO: READ @ DQS= bank = 0 row = 2001 col = 0000033d data = xxxx
tb_g14_scale_n256_mig.gen_mem[0].u_comp_ddr3.data_task: at time 172642966.0 ps INFO: READ @ DQS= bank = 0 row = 2001 col = 0000033e data = xxxx
tb_g14_scale_n256_mig.gen_mem[0].u_comp_ddr3.data_task: at time 172644466.0 ps INFO: READ @ DQS= bank = 0 row = 2001 col = 0000033f data = xxxx
tb_g14_scale_n256_mig.gen_mem[0].u_comp_ddr3.cmd_task: at time 172644466.0 ps INFO: Read      bank 0 col 348, auto precharge 0
tb_g14_scale_n256_mig.gen_mem[0].u_comp_ddr3.data_task: at time 172645966.0 ps INFO: READ @ DQS= bank = 0 row = 2001 col = 00000340 data = xxxx
tb_g14_scale_n256_mig.gen_mem[0].u_comp_ddr3.data_task: at time 172647466.0 ps INFO: READ @ DQS= bank = 0 row = 2001 col = 00000341 data = xxxx
tb_g14_scale_n256_mig.gen_mem[0].u_comp_ddr3.data_task: at time 172648966.0 ps INFO: READ @ DQS= bank = 0 row = 2001 col = 00000342 data = xxxx
tb_g14_scale_n256_mig.gen_mem[0].u_comp_ddr3.data_task: at time 172650466.0 ps INFO: READ @ DQS= bank = 0 row = 2001 col = 00000343 data = xxxx
tb_g14_scale_n256_mig.gen_mem[0].u_comp_ddr3.data_task: at time 172651966.0 ps INFO: READ @ DQS= bank = 0 row = 2001 col = 00000344 data = xxxx
tb_g14_scale_n256_mig.gen_mem[0].u_comp_ddr3.data_task: at time 172653466.0 ps INFO: READ @ DQS= bank = 0 row = 2001 col = 00000345 data = xxxx
tb_g14_scale_n256_mig.gen_mem[0].u_comp_ddr3.data_task: at time 172654966.0 ps INFO: READ @ DQS= bank = 0 row = 2001 col = 00000346 data = xxxx
tb_g14_scale_n256_mig.gen_mem[0].u_comp_ddr3.data_task: at time 172656466.0 ps INFO: READ @ DQS= bank = 0 row = 2001 col = 00000347 data = xxxx
tb_g14_scale_n256_mig.gen_mem[0].u_comp_ddr3.cmd_task: at time 172656466.0 ps INFO: Read      bank 0 col 350, auto precharge 0
tb_g14_scale_n256_mig.gen_mem[0].u_comp_ddr3.data_task: at time 172657966.0 ps INFO: READ @ DQS= bank = 0 row = 2001 col = 00000348 data = xxxx
tb_g14_scale_n256_mig.gen_mem[0].u_comp_ddr3.data_task: at time 172659466.0 ps INFO: READ @ DQS= bank = 0 row = 2001 col = 00000349 data = xxxx
tb_g14_scale_n256_mig.gen_mem[0].u_comp_ddr3.data_task: at time 172660966.0 ps INFO: READ @ DQS= bank = 0 row = 2001 col = 0000034a data = xxxx
tb_g14_scale_n256_mig.gen_mem[0].u_comp_ddr3.data_task: at time 172662466.0 ps INFO: READ @ DQS= bank = 0 row = 2001 col = 0000034b data = xxxx
tb_g14_scale_n256_mig.gen_mem[0].u_comp_ddr3.data_task: at time 172663966.0 ps INFO: READ @ DQS= bank = 0 row = 2001 col = 0000034c data = xxxx
tb_g14_scale_n256_mig.gen_mem[0].u_comp_ddr3.data_task: at time 172665466.0 ps INFO: READ @ DQS= bank = 0 row = 2001 col = 0000034d data = xxxx
tb_g14_scale_n256_mig.gen_mem[0].u_comp_ddr3.data_task: at time 172666966.0 ps INFO: READ @ DQS= bank = 0 row = 2001 col = 0000034e data = xxxx
tb_g14_scale_n256_mig.gen_mem[0].u_comp_ddr3.data_task: at time 172668466.0 ps INFO: READ @ DQS= bank = 0 row = 2001 col = 0000034f data = xxxx
tb_g14_scale_n256_mig.gen_mem[0].u_comp_ddr3.cmd_task: at time 172668466.0 ps INFO: Read      bank 0 col 358, auto precharge 0
tb_g14_scale_n256_mig.gen_mem[0].u_comp_ddr3.data_task: at time 172669966.0 ps INFO: READ @ DQS= bank = 0 row = 2001 col = 00000350 data = xxxx
tb_g14_scale_n256_mig.gen_mem[0].u_comp_ddr3.data_task: at time 172671466.0 ps INFO: READ @ DQS= bank = 0 row = 2001 col = 00000351 data = xxxx
tb_g14_scale_n256_mig.gen_mem[0].u_comp_ddr3.data_task: at time 172672966.0 ps INFO: READ @ DQS= bank = 0 row = 2001 col = 00000352 data = xxxx
tb_g14_scale_n256_mig.gen_mem[0].u_comp_ddr3.data_task: at time 172674466.0 ps INFO: READ @ DQS= bank = 0 row = 2001 col = 00000353 data = xxxx
tb_g14_scale_n256_mig.gen_mem[0].u_comp_ddr3.data_task: at time 172675966.0 ps INFO: READ @ DQS= bank = 0 row = 2001 col = 00000354 data = xxxx
tb_g14_scale_n256_mig.gen_mem[0].u_comp_ddr3.data_task: at time 172677466.0 ps INFO: READ @ DQS= bank = 0 row = 2001 col = 00000355 data = xxxx
tb_g14_scale_n256_mig.gen_mem[0].u_comp_ddr3.data_task: at time 172678966.0 ps INFO: READ @ DQS= bank = 0 row = 2001 col = 00000356 data = xxxx
tb_g14_scale_n256_mig.gen_mem[0].u_comp_ddr3.data_task: at time 172680466.0 ps INFO: READ @ DQS= bank = 0 row = 2001 col = 00000357 data = xxxx
tb_g14_scale_n256_mig.gen_mem[0].u_comp_ddr3.cmd_task: at time 172680466.0 ps INFO: Read      bank 0 col 360, auto precharge 0
tb_g14_scale_n256_mig.gen_mem[0].u_comp_ddr3.data_task: at time 172681966.0 ps INFO: READ @ DQS= bank = 0 row = 2001 col = 00000358 data = xxxx
tb_g14_scale_n256_mig.gen_mem[0].u_comp_ddr3.data_task: at time 172683466.0 ps INFO: READ @ DQS= bank = 0 row = 2001 col = 00000359 data = xxxx
tb_g14_scale_n256_mig.gen_mem[0].u_comp_ddr3.data_task: at time 172684966.0 ps INFO: READ @ DQS= bank = 0 row = 2001 col = 0000035a data = xxxx
tb_g14_scale_n256_mig.gen_mem[0].u_comp_ddr3.data_task: at time 172686466.0 ps INFO: READ @ DQS= bank = 0 row = 2001 col = 0000035b data = xxxx
tb_g14_scale_n256_mig.gen_mem[0].u_comp_ddr3.data_task: at time 172687966.0 ps INFO: READ @ DQS= bank = 0 row = 2001 col = 0000035c data = xxxx
tb_g14_scale_n256_mig.gen_mem[0].u_comp_ddr3.data_task: at time 172689466.0 ps INFO: READ @ DQS= bank = 0 row = 2001 col = 0000035d data = xxxx
tb_g14_scale_n256_mig.gen_mem[0].u_comp_ddr3.data_task: at time 172690966.0 ps INFO: READ @ DQS= bank = 0 row = 2001 col = 0000035e data = xxxx
tb_g14_scale_n256_mig.gen_mem[0].u_comp_ddr3.data_task: at time 172692466.0 ps INFO: READ @ DQS= bank = 0 row = 2001 col = 0000035f data = xxxx
tb_g14_scale_n256_mig.gen_mem[0].u_comp_ddr3.cmd_task: at time 172692466.0 ps INFO: Read      bank 0 col 368, auto precharge 0
tb_g14_scale_n256_mig.gen_mem[0].u_comp_ddr3.data_task: at time 172693966.0 ps INFO: READ @ DQS= bank = 0 row = 2001 col = 00000360 data = xxxx
tb_g14_scale_n256_mig.gen_mem[0].u_comp_ddr3.data_task: at time 172695466.0 ps INFO: READ @ DQS= bank = 0 row = 2001 col = 00000361 data = xxxx
tb_g14_scale_n256_mig.gen_mem[0].u_comp_ddr3.data_task: at time 172696966.0 ps INFO: READ @ DQS= bank = 0 row = 2001 col = 00000362 data = xxxx
tb_g14_scale_n256_mig.gen_mem[0].u_comp_ddr3.data_task: at time 172698466.0 ps INFO: READ @ DQS= bank = 0 row = 2001 col = 00000363 data = xxxx
tb_g14_scale_n256_mig.gen_mem[0].u_comp_ddr3.data_task: at time 172699966.0 ps INFO: READ @ DQS= bank = 0 row = 2001 col = 00000364 data = xxxx
tb_g14_scale_n256_mig.gen_mem[0].u_comp_ddr3.data_task: at time 172701466.0 ps INFO: READ @ DQS= bank = 0 row = 2001 col = 00000365 data = xxxx
tb_g14_scale_n256_mig.gen_mem[0].u_comp_ddr3.data_task: at time 172702966.0 ps INFO: READ @ DQS= bank = 0 row = 2001 col = 00000366 data = xxxx
tb_g14_scale_n256_mig.gen_mem[0].u_comp_ddr3.data_task: at time 172704466.0 ps INFO: READ @ DQS= bank = 0 row = 2001 col = 00000367 data = xxxx
tb_g14_scale_n256_mig.gen_mem[0].u_comp_ddr3.cmd_task: at time 172704466.0 ps INFO: Read      bank 0 col 370, auto precharge 0
tb_g14_scale_n256_mig.gen_mem[0].u_comp_ddr3.data_task: at time 172705966.0 ps INFO: READ @ DQS= bank = 0 row = 2001 col = 00000368 data = xxxx
tb_g14_scale_n256_mig.gen_mem[0].u_comp_ddr3.data_task: at time 172707466.0 ps INFO: READ @ DQS= bank = 0 row = 2001 col = 00000369 data = xxxx
tb_g14_scale_n256_mig.gen_mem[0].u_comp_ddr3.data_task: at time 172708966.0 ps INFO: READ @ DQS= bank = 0 row = 2001 col = 0000036a data = xxxx
tb_g14_scale_n256_mig.gen_mem[0].u_comp_ddr3.data_task: at time 172710466.0 ps INFO: READ @ DQS= bank = 0 row = 2001 col = 0000036b data = xxxx
tb_g14_scale_n256_mig.gen_mem[0].u_comp_ddr3.data_task: at time 172711966.0 ps INFO: READ @ DQS= bank = 0 row = 2001 col = 0000036c data = xxxx
tb_g14_scale_n256_mig.gen_mem[0].u_comp_ddr3.data_task: at time 172713466.0 ps INFO: READ @ DQS= bank = 0 row = 2001 col = 0000036d data = xxxx
tb_g14_scale_n256_mig.gen_mem[0].u_comp_ddr3.data_task: at time 172714966.0 ps INFO: READ @ DQS= bank = 0 row = 2001 col = 0000036e data = xxxx
tb_g14_scale_n256_mig.gen_mem[0].u_comp_ddr3.data_task: at time 172716466.0 ps INFO: READ @ DQS= bank = 0 row = 2001 col = 0000036f data = xxxx
tb_g14_scale_n256_mig.gen_mem[0].u_comp_ddr3.cmd_task: at time 172716466.0 ps INFO: Read      bank 0 col 378, auto precharge 0
tb_g14_scale_n256_mig.gen_mem[0].u_comp_ddr3.data_task: at time 172717966.0 ps INFO: READ @ DQS= bank = 0 row = 2001 col = 00000370 data = xxxx
tb_g14_scale_n256_mig.gen_mem[0].u_comp_ddr3.data_task: at time 172719466.0 ps INFO: READ @ DQS= bank = 0 row = 2001 col = 00000371 data = xxxx
tb_g14_scale_n256_mig.gen_mem[0].u_comp_ddr3.data_task: at time 172720966.0 ps INFO: READ @ DQS= bank = 0 row = 2001 col = 00000372 data = xxxx
tb_g14_scale_n256_mig.gen_mem[0].u_comp_ddr3.data_task: at time 172722466.0 ps INFO: READ @ DQS= bank = 0 row = 2001 col = 00000373 data = xxxx
tb_g14_scale_n256_mig.gen_mem[0].u_comp_ddr3.data_task: at time 172723966.0 ps INFO: READ @ DQS= bank = 0 row = 2001 col = 00000374 data = xxxx
tb_g14_scale_n256_mig.gen_mem[0].u_comp_ddr3.data_task: at time 172725466.0 ps INFO: READ @ DQS= bank = 0 row = 2001 col = 00000375 data = xxxx
tb_g14_scale_n256_mig.gen_mem[0].u_comp_ddr3.data_task: at time 172726966.0 ps INFO: READ @ DQS= bank = 0 row = 2001 col = 00000376 data = xxxx
tb_g14_scale_n256_mig.gen_mem[0].u_comp_ddr3.data_task: at time 172728466.0 ps INFO: READ @ DQS= bank = 0 row = 2001 col = 00000377 data = xxxx
tb_g14_scale_n256_mig.gen_mem[0].u_comp_ddr3.data_task: at time 172729966.0 ps INFO: READ @ DQS= bank = 0 row = 2001 col = 00000378 data = xxxx
tb_g14_scale_n256_mig.gen_mem[0].u_comp_ddr3.data_task: at time 172731466.0 ps INFO: READ @ DQS= bank = 0 row = 2001 col = 00000379 data = xxxx
tb_g14_scale_n256_mig.gen_mem[0].u_comp_ddr3.data_task: at time 172732966.0 ps INFO: READ @ DQS= bank = 0 row = 2001 col = 0000037a data = xxxx
tb_g14_scale_n256_mig.gen_mem[0].u_comp_ddr3.data_task: at time 172734466.0 ps INFO: READ @ DQS= bank = 0 row = 2001 col = 0000037b data = xxxx
tb_g14_scale_n256_mig.gen_mem[0].u_comp_ddr3.data_task: at time 172735966.0 ps INFO: READ @ DQS= bank = 0 row = 2001 col = 0000037c data = xxxx
tb_g14_scale_n256_mig.gen_mem[0].u_comp_ddr3.data_task: at time 172737466.0 ps INFO: READ @ DQS= bank = 0 row = 2001 col = 0000037d data = xxxx
tb_g14_scale_n256_mig.gen_mem[0].u_comp_ddr3.data_task: at time 172738966.0 ps INFO: READ @ DQS= bank = 0 row = 2001 col = 0000037e data = xxxx
tb_g14_scale_n256_mig.gen_mem[0].u_comp_ddr3.data_task: at time 172740466.0 ps INFO: READ @ DQS= bank = 0 row = 2001 col = 0000037f data = xxxx
tb_g14_scale_n256_mig.gen_mem[0].u_comp_ddr3.cmd_task: at time 172767466.0 ps INFO: Precharge bank   0
tb_g14_scale_n256_mig.gen_mem[0].u_comp_ddr3.cmd_task: at time 172797466.0 ps INFO: Refresh  
tb_g14_scale_n256_mig.gen_mem[0].u_comp_ddr3.cmd_task: at time 173673466.0 ps INFO: Activate  bank 0 row 2001
tb_g14_scale_n256_mig.gen_mem[0].u_comp_ddr3.cmd_task: at time 173688466.0 ps INFO: Read      bank 0 col 378, auto precharge 0
tb_g14_scale_n256_mig.gen_mem[0].u_comp_ddr3.cmd_task: at time 173700466.0 ps INFO: Read      bank 0 col 378, auto precharge 0
tb_g14_scale_n256_mig.gen_mem[0].u_comp_ddr3.data_task: at time 173701966.0 ps INFO: READ @ DQS= bank = 0 row = 2001 col = 00000378 data = xxxx
tb_g14_scale_n256_mig.gen_mem[0].u_comp_ddr3.data_task: at time 173703466.0 ps INFO: READ @ DQS= bank = 0 row = 2001 col = 00000379 data = xxxx
tb_g14_scale_n256_mig.gen_mem[0].u_comp_ddr3.data_task: at time 173704966.0 ps INFO: READ @ DQS= bank = 0 row = 2001 col = 0000037a data = xxxx
tb_g14_scale_n256_mig.gen_mem[0].u_comp_ddr3.data_task: at time 173706466.0 ps INFO: READ @ DQS= bank = 0 row = 2001 col = 0000037b data = xxxx
tb_g14_scale_n256_mig.gen_mem[0].u_comp_ddr3.data_task: at time 173707966.0 ps INFO: READ @ DQS= bank = 0 row = 2001 col = 0000037c data = xxxx
tb_g14_scale_n256_mig.gen_mem[0].u_comp_ddr3.data_task: at time 173709466.0 ps INFO: READ @ DQS= bank = 0 row = 2001 col = 0000037d data = xxxx
tb_g14_scale_n256_mig.gen_mem[0].u_comp_ddr3.data_task: at time 173710966.0 ps INFO: READ @ DQS= bank = 0 row = 2001 col = 0000037e data = xxxx
tb_g14_scale_n256_mig.gen_mem[0].u_comp_ddr3.data_task: at time 173712466.0 ps INFO: READ @ DQS= bank = 0 row = 2001 col = 0000037f data = xxxx
tb_g14_scale_n256_mig.gen_mem[0].u_comp_ddr3.data_task: at time 173713966.0 ps INFO: READ @ DQS= bank = 0 row = 2001 col = 00000378 data = xxxx
tb_g14_scale_n256_mig.gen_mem[0].u_comp_ddr3.data_task: at time 173715466.0 ps INFO: READ @ DQS= bank = 0 row = 2001 col = 00000379 data = xxxx
tb_g14_scale_n256_mig.gen_mem[0].u_comp_ddr3.data_task: at time 173716966.0 ps INFO: READ @ DQS= bank = 0 row = 2001 col = 0000037a data = xxxx
tb_g14_scale_n256_mig.gen_mem[0].u_comp_ddr3.data_task: at time 173718466.0 ps INFO: READ @ DQS= bank = 0 row = 2001 col = 0000037b data = xxxx
tb_g14_scale_n256_mig.gen_mem[0].u_comp_ddr3.data_task: at time 173719966.0 ps INFO: READ @ DQS= bank = 0 row = 2001 col = 0000037c data = xxxx
tb_g14_scale_n256_mig.gen_mem[0].u_comp_ddr3.data_task: at time 173721466.0 ps INFO: READ @ DQS= bank = 0 row = 2001 col = 0000037d data = xxxx
tb_g14_scale_n256_mig.gen_mem[0].u_comp_ddr3.data_task: at time 173722966.0 ps INFO: READ @ DQS= bank = 0 row = 2001 col = 0000037e data = xxxx
tb_g14_scale_n256_mig.gen_mem[0].u_comp_ddr3.data_task: at time 173724466.0 ps INFO: READ @ DQS= bank = 0 row = 2001 col = 0000037f data = xxxx
tb_g14_scale_n256_mig.gen_mem[0].u_comp_ddr3.cmd_task: at time 173751466.0 ps INFO: Precharge bank   0
tb_g14_scale_n256_mig.gen_mem[0].u_comp_ddr3.cmd_task: at time 174633466.0 ps INFO: Activate  bank 0 row 2001
tb_g14_scale_n256_mig.gen_mem[0].u_comp_ddr3.cmd_task: at time 174648466.0 ps INFO: Read      bank 0 col 378, auto precharge 0
tb_g14_scale_n256_mig.gen_mem[0].u_comp_ddr3.cmd_task: at time 174660466.0 ps INFO: Read      bank 0 col 378, auto precharge 0
tb_g14_scale_n256_mig.gen_mem[0].u_comp_ddr3.data_task: at time 174661966.0 ps INFO: READ @ DQS= bank = 0 row = 2001 col = 00000378 data = xxxx
tb_g14_scale_n256_mig.gen_mem[0].u_comp_ddr3.data_task: at time 174663466.0 ps INFO: READ @ DQS= bank = 0 row = 2001 col = 00000379 data = xxxx
tb_g14_scale_n256_mig.gen_mem[0].u_comp_ddr3.data_task: at time 174664966.0 ps INFO: READ @ DQS= bank = 0 row = 2001 col = 0000037a data = xxxx
tb_g14_scale_n256_mig.gen_mem[0].u_comp_ddr3.data_task: at time 174666466.0 ps INFO: READ @ DQS= bank = 0 row = 2001 col = 0000037b data = xxxx
tb_g14_scale_n256_mig.gen_mem[0].u_comp_ddr3.data_task: at time 174667966.0 ps INFO: READ @ DQS= bank = 0 row = 2001 col = 0000037c data = xxxx
tb_g14_scale_n256_mig.gen_mem[0].u_comp_ddr3.data_task: at time 174669466.0 ps INFO: READ @ DQS= bank = 0 row = 2001 col = 0000037d data = xxxx
tb_g14_scale_n256_mig.gen_mem[0].u_comp_ddr3.data_task: at time 174670966.0 ps INFO: READ @ DQS= bank = 0 row = 2001 col = 0000037e data = xxxx
tb_g14_scale_n256_mig.gen_mem[0].u_comp_ddr3.data_task: at time 174672466.0 ps INFO: READ @ DQS= bank = 0 row = 2001 col = 0000037f data = xxxx
tb_g14_scale_n256_mig.gen_mem[0].u_comp_ddr3.data_task: at time 174673966.0 ps INFO: READ @ DQS= bank = 0 row = 2001 col = 00000378 data = xxxx
tb_g14_scale_n256_mig.gen_mem[0].u_comp_ddr3.data_task: at time 174675466.0 ps INFO: READ @ DQS= bank = 0 row = 2001 col = 00000379 data = xxxx
tb_g14_scale_n256_mig.gen_mem[0].u_comp_ddr3.data_task: at time 174676966.0 ps INFO: READ @ DQS= bank = 0 row = 2001 col = 0000037a data = xxxx
tb_g14_scale_n256_mig.gen_mem[0].u_comp_ddr3.data_task: at time 174678466.0 ps INFO: READ @ DQS= bank = 0 row = 2001 col = 0000037b data = xxxx
tb_g14_scale_n256_mig.gen_mem[0].u_comp_ddr3.data_task: at time 174679966.0 ps INFO: READ @ DQS= bank = 0 row = 2001 col = 0000037c data = xxxx
tb_g14_scale_n256_mig.gen_mem[0].u_comp_ddr3.data_task: at time 174681466.0 ps INFO: READ @ DQS= bank = 0 row = 2001 col = 0000037d data = xxxx
tb_g14_scale_n256_mig.gen_mem[0].u_comp_ddr3.data_task: at time 174682966.0 ps INFO: READ @ DQS= bank = 0 row = 2001 col = 0000037e data = xxxx
tb_g14_scale_n256_mig.gen_mem[0].u_comp_ddr3.data_task: at time 174684466.0 ps INFO: READ @ DQS= bank = 0 row = 2001 col = 0000037f data = xxxx
tb_g14_scale_n256_mig.gen_mem[0].u_comp_ddr3.cmd_task: at time 174711466.0 ps INFO: Precharge bank   0
tb_g14_scale_n256_mig.gen_mem[0].u_comp_ddr3.cmd_task: at time 175305466.0 ps INFO: Activate  bank 0 row 2001
tb_g14_scale_n256_mig.gen_mem[0].u_comp_ddr3.cmd_task: at time 175320466.0 ps INFO: Read      bank 0 col 380, auto precharge 0
tb_g14_scale_n256_mig.gen_mem[0].u_comp_ddr3.cmd_task: at time 175332466.0 ps INFO: Read      bank 0 col 388, auto precharge 0
tb_g14_scale_n256_mig.gen_mem[0].u_comp_ddr3.data_task: at time 175333966.0 ps INFO: READ @ DQS= bank = 0 row = 2001 col = 00000380 data = xxxx
tb_g14_scale_n256_mig.gen_mem[0].u_comp_ddr3.data_task: at time 175335466.0 ps INFO: READ @ DQS= bank = 0 row = 2001 col = 00000381 data = xxxx
tb_g14_scale_n256_mig.gen_mem[0].u_comp_ddr3.data_task: at time 175336966.0 ps INFO: READ @ DQS= bank = 0 row = 2001 col = 00000382 data = xxxx
tb_g14_scale_n256_mig.gen_mem[0].u_comp_ddr3.data_task: at time 175338466.0 ps INFO: READ @ DQS= bank = 0 row = 2001 col = 00000383 data = xxxx
tb_g14_scale_n256_mig.gen_mem[0].u_comp_ddr3.data_task: at time 175339966.0 ps INFO: READ @ DQS= bank = 0 row = 2001 col = 00000384 data = xxxx
tb_g14_scale_n256_mig.gen_mem[0].u_comp_ddr3.data_task: at time 175341466.0 ps INFO: READ @ DQS= bank = 0 row = 2001 col = 00000385 data = xxxx
tb_g14_scale_n256_mig.gen_mem[0].u_comp_ddr3.data_task: at time 175342966.0 ps INFO: READ @ DQS= bank = 0 row = 2001 col = 00000386 data = xxxx
tb_g14_scale_n256_mig.gen_mem[0].u_comp_ddr3.data_task: at time 175344466.0 ps INFO: READ @ DQS= bank = 0 row = 2001 col = 00000387 data = xxxx
tb_g14_scale_n256_mig.gen_mem[0].u_comp_ddr3.cmd_task: at time 175344466.0 ps INFO: Read      bank 0 col 390, auto precharge 0
tb_g14_scale_n256_mig.gen_mem[0].u_comp_ddr3.data_task: at time 175345966.0 ps INFO: READ @ DQS= bank = 0 row = 2001 col = 00000388 data = xxxx
tb_g14_scale_n256_mig.gen_mem[0].u_comp_ddr3.data_task: at time 175347466.0 ps INFO: READ @ DQS= bank = 0 row = 2001 col = 00000389 data = xxxx
tb_g14_scale_n256_mig.gen_mem[0].u_comp_ddr3.data_task: at time 175348966.0 ps INFO: READ @ DQS= bank = 0 row = 2001 col = 0000038a data = xxxx
tb_g14_scale_n256_mig.gen_mem[0].u_comp_ddr3.data_task: at time 175350466.0 ps INFO: READ @ DQS= bank = 0 row = 2001 col = 0000038b data = xxxx
tb_g14_scale_n256_mig.gen_mem[0].u_comp_ddr3.data_task: at time 175351966.0 ps INFO: READ @ DQS= bank = 0 row = 2001 col = 0000038c data = xxxx
tb_g14_scale_n256_mig.gen_mem[0].u_comp_ddr3.data_task: at time 175353466.0 ps INFO: READ @ DQS= bank = 0 row = 2001 col = 0000038d data = xxxx
tb_g14_scale_n256_mig.gen_mem[0].u_comp_ddr3.data_task: at time 175354966.0 ps INFO: READ @ DQS= bank = 0 row = 2001 col = 0000038e data = xxxx
tb_g14_scale_n256_mig.gen_mem[0].u_comp_ddr3.data_task: at time 175356466.0 ps INFO: READ @ DQS= bank = 0 row = 2001 col = 0000038f data = xxxx
tb_g14_scale_n256_mig.gen_mem[0].u_comp_ddr3.cmd_task: at time 175356466.0 ps INFO: Read      bank 0 col 398, auto precharge 0
tb_g14_scale_n256_mig.gen_mem[0].u_comp_ddr3.data_task: at time 175357966.0 ps INFO: READ @ DQS= bank = 0 row = 2001 col = 00000390 data = xxxx
tb_g14_scale_n256_mig.gen_mem[0].u_comp_ddr3.data_task: at time 175359466.0 ps INFO: READ @ DQS= bank = 0 row = 2001 col = 00000391 data = xxxx
tb_g14_scale_n256_mig.gen_mem[0].u_comp_ddr3.data_task: at time 175360966.0 ps INFO: READ @ DQS= bank = 0 row = 2001 col = 00000392 data = xxxx
tb_g14_scale_n256_mig.gen_mem[0].u_comp_ddr3.data_task: at time 175362466.0 ps INFO: READ @ DQS= bank = 0 row = 2001 col = 00000393 data = xxxx
tb_g14_scale_n256_mig.gen_mem[0].u_comp_ddr3.data_task: at time 175363966.0 ps INFO: READ @ DQS= bank = 0 row = 2001 col = 00000394 data = xxxx
tb_g14_scale_n256_mig.gen_mem[0].u_comp_ddr3.data_task: at time 175365466.0 ps INFO: READ @ DQS= bank = 0 row = 2001 col = 00000395 data = xxxx
tb_g14_scale_n256_mig.gen_mem[0].u_comp_ddr3.data_task: at time 175366966.0 ps INFO: READ @ DQS= bank = 0 row = 2001 col = 00000396 data = xxxx
tb_g14_scale_n256_mig.gen_mem[0].u_comp_ddr3.data_task: at time 175368466.0 ps INFO: READ @ DQS= bank = 0 row = 2001 col = 00000397 data = xxxx
tb_g14_scale_n256_mig.gen_mem[0].u_comp_ddr3.cmd_task: at time 175368466.0 ps INFO: Read      bank 0 col 3a0, auto precharge 0
tb_g14_scale_n256_mig.gen_mem[0].u_comp_ddr3.data_task: at time 175369966.0 ps INFO: READ @ DQS= bank = 0 row = 2001 col = 00000398 data = xxxx
tb_g14_scale_n256_mig.gen_mem[0].u_comp_ddr3.data_task: at time 175371466.0 ps INFO: READ @ DQS= bank = 0 row = 2001 col = 00000399 data = xxxx
tb_g14_scale_n256_mig.gen_mem[0].u_comp_ddr3.data_task: at time 175372966.0 ps INFO: READ @ DQS= bank = 0 row = 2001 col = 0000039a data = xxxx
tb_g14_scale_n256_mig.gen_mem[0].u_comp_ddr3.data_task: at time 175374466.0 ps INFO: READ @ DQS= bank = 0 row = 2001 col = 0000039b data = xxxx
tb_g14_scale_n256_mig.gen_mem[0].u_comp_ddr3.data_task: at time 175375966.0 ps INFO: READ @ DQS= bank = 0 row = 2001 col = 0000039c data = xxxx
tb_g14_scale_n256_mig.gen_mem[0].u_comp_ddr3.data_task: at time 175377466.0 ps INFO: READ @ DQS= bank = 0 row = 2001 col = 0000039d data = xxxx
tb_g14_scale_n256_mig.gen_mem[0].u_comp_ddr3.data_task: at time 175378966.0 ps INFO: READ @ DQS= bank = 0 row = 2001 col = 0000039e data = xxxx
tb_g14_scale_n256_mig.gen_mem[0].u_comp_ddr3.data_task: at time 175380466.0 ps INFO: READ @ DQS= bank = 0 row = 2001 col = 0000039f data = xxxx
tb_g14_scale_n256_mig.gen_mem[0].u_comp_ddr3.cmd_task: at time 175380466.0 ps INFO: Read      bank 0 col 3a8, auto precharge 0
tb_g14_scale_n256_mig.gen_mem[0].u_comp_ddr3.data_task: at time 175381966.0 ps INFO: READ @ DQS= bank = 0 row = 2001 col = 000003a0 data = xxxx
tb_g14_scale_n256_mig.gen_mem[0].u_comp_ddr3.data_task: at time 175383466.0 ps INFO: READ @ DQS= bank = 0 row = 2001 col = 000003a1 data = xxxx
tb_g14_scale_n256_mig.gen_mem[0].u_comp_ddr3.data_task: at time 175384966.0 ps INFO: READ @ DQS= bank = 0 row = 2001 col = 000003a2 data = xxxx
tb_g14_scale_n256_mig.gen_mem[0].u_comp_ddr3.data_task: at time 175386466.0 ps INFO: READ @ DQS= bank = 0 row = 2001 col = 000003a3 data = xxxx
tb_g14_scale_n256_mig.gen_mem[0].u_comp_ddr3.data_task: at time 175387966.0 ps INFO: READ @ DQS= bank = 0 row = 2001 col = 000003a4 data = xxxx
tb_g14_scale_n256_mig.gen_mem[0].u_comp_ddr3.data_task: at time 175389466.0 ps INFO: READ @ DQS= bank = 0 row = 2001 col = 000003a5 data = xxxx
tb_g14_scale_n256_mig.gen_mem[0].u_comp_ddr3.data_task: at time 175390966.0 ps INFO: READ @ DQS= bank = 0 row = 2001 col = 000003a6 data = xxxx
tb_g14_scale_n256_mig.gen_mem[0].u_comp_ddr3.data_task: at time 175392466.0 ps INFO: READ @ DQS= bank = 0 row = 2001 col = 000003a7 data = xxxx
tb_g14_scale_n256_mig.gen_mem[0].u_comp_ddr3.cmd_task: at time 175392466.0 ps INFO: Read      bank 0 col 3b0, auto precharge 0
tb_g14_scale_n256_mig.gen_mem[0].u_comp_ddr3.data_task: at time 175393966.0 ps INFO: READ @ DQS= bank = 0 row = 2001 col = 000003a8 data = xxxx
tb_g14_scale_n256_mig.gen_mem[0].u_comp_ddr3.data_task: at time 175395466.0 ps INFO: READ @ DQS= bank = 0 row = 2001 col = 000003a9 data = xxxx
tb_g14_scale_n256_mig.gen_mem[0].u_comp_ddr3.data_task: at time 175396966.0 ps INFO: READ @ DQS= bank = 0 row = 2001 col = 000003aa data = xxxx
tb_g14_scale_n256_mig.gen_mem[0].u_comp_ddr3.data_task: at time 175398466.0 ps INFO: READ @ DQS= bank = 0 row = 2001 col = 000003ab data = xxxx
tb_g14_scale_n256_mig.gen_mem[0].u_comp_ddr3.data_task: at time 175399966.0 ps INFO: READ @ DQS= bank = 0 row = 2001 col = 000003ac data = xxxx
tb_g14_scale_n256_mig.gen_mem[0].u_comp_ddr3.data_task: at time 175401466.0 ps INFO: READ @ DQS= bank = 0 row = 2001 col = 000003ad data = xxxx
tb_g14_scale_n256_mig.gen_mem[0].u_comp_ddr3.data_task: at time 175402966.0 ps INFO: READ @ DQS= bank = 0 row = 2001 col = 000003ae data = xxxx
tb_g14_scale_n256_mig.gen_mem[0].u_comp_ddr3.data_task: at time 175404466.0 ps INFO: READ @ DQS= bank = 0 row = 2001 col = 000003af data = xxxx
tb_g14_scale_n256_mig.gen_mem[0].u_comp_ddr3.cmd_task: at time 175404466.0 ps INFO: Read      bank 0 col 3b8, auto precharge 0
tb_g14_scale_n256_mig.gen_mem[0].u_comp_ddr3.data_task: at time 175405966.0 ps INFO: READ @ DQS= bank = 0 row = 2001 col = 000003b0 data = xxxx
tb_g14_scale_n256_mig.gen_mem[0].u_comp_ddr3.data_task: at time 175407466.0 ps INFO: READ @ DQS= bank = 0 row = 2001 col = 000003b1 data = xxxx
tb_g14_scale_n256_mig.gen_mem[0].u_comp_ddr3.data_task: at time 175408966.0 ps INFO: READ @ DQS= bank = 0 row = 2001 col = 000003b2 data = xxxx
tb_g14_scale_n256_mig.gen_mem[0].u_comp_ddr3.data_task: at time 175410466.0 ps INFO: READ @ DQS= bank = 0 row = 2001 col = 000003b3 data = xxxx
tb_g14_scale_n256_mig.gen_mem[0].u_comp_ddr3.data_task: at time 175411966.0 ps INFO: READ @ DQS= bank = 0 row = 2001 col = 000003b4 data = xxxx
tb_g14_scale_n256_mig.gen_mem[0].u_comp_ddr3.data_task: at time 175413466.0 ps INFO: READ @ DQS= bank = 0 row = 2001 col = 000003b5 data = xxxx
tb_g14_scale_n256_mig.gen_mem[0].u_comp_ddr3.data_task: at time 175414966.0 ps INFO: READ @ DQS= bank = 0 row = 2001 col = 000003b6 data = xxxx
tb_g14_scale_n256_mig.gen_mem[0].u_comp_ddr3.data_task: at time 175416466.0 ps INFO: READ @ DQS= bank = 0 row = 2001 col = 000003b7 data = xxxx
tb_g14_scale_n256_mig.gen_mem[0].u_comp_ddr3.cmd_task: at time 175416466.0 ps INFO: Read      bank 0 col 3c0, auto precharge 0
tb_g14_scale_n256_mig.gen_mem[0].u_comp_ddr3.data_task: at time 175417966.0 ps INFO: READ @ DQS= bank = 0 row = 2001 col = 000003b8 data = xxxx
tb_g14_scale_n256_mig.gen_mem[0].u_comp_ddr3.data_task: at time 175419466.0 ps INFO: READ @ DQS= bank = 0 row = 2001 col = 000003b9 data = xxxx
tb_g14_scale_n256_mig.gen_mem[0].u_comp_ddr3.data_task: at time 175420966.0 ps INFO: READ @ DQS= bank = 0 row = 2001 col = 000003ba data = xxxx
tb_g14_scale_n256_mig.gen_mem[0].u_comp_ddr3.data_task: at time 175422466.0 ps INFO: READ @ DQS= bank = 0 row = 2001 col = 000003bb data = xxxx
tb_g14_scale_n256_mig.gen_mem[0].u_comp_ddr3.data_task: at time 175423966.0 ps INFO: READ @ DQS= bank = 0 row = 2001 col = 000003bc data = xxxx
tb_g14_scale_n256_mig.gen_mem[0].u_comp_ddr3.data_task: at time 175425466.0 ps INFO: READ @ DQS= bank = 0 row = 2001 col = 000003bd data = xxxx
tb_g14_scale_n256_mig.gen_mem[0].u_comp_ddr3.data_task: at time 175426966.0 ps INFO: READ @ DQS= bank = 0 row = 2001 col = 000003be data = xxxx
tb_g14_scale_n256_mig.gen_mem[0].u_comp_ddr3.data_task: at time 175428466.0 ps INFO: READ @ DQS= bank = 0 row = 2001 col = 000003bf data = xxxx
tb_g14_scale_n256_mig.gen_mem[0].u_comp_ddr3.cmd_task: at time 175428466.0 ps INFO: Read      bank 0 col 3c8, auto precharge 0
tb_g14_scale_n256_mig.gen_mem[0].u_comp_ddr3.data_task: at time 175429966.0 ps INFO: READ @ DQS= bank = 0 row = 2001 col = 000003c0 data = xxxx
tb_g14_scale_n256_mig.gen_mem[0].u_comp_ddr3.data_task: at time 175431466.0 ps INFO: READ @ DQS= bank = 0 row = 2001 col = 000003c1 data = xxxx
tb_g14_scale_n256_mig.gen_mem[0].u_comp_ddr3.data_task: at time 175432966.0 ps INFO: READ @ DQS= bank = 0 row = 2001 col = 000003c2 data = xxxx
tb_g14_scale_n256_mig.gen_mem[0].u_comp_ddr3.data_task: at time 175434466.0 ps INFO: READ @ DQS= bank = 0 row = 2001 col = 000003c3 data = xxxx
tb_g14_scale_n256_mig.gen_mem[0].u_comp_ddr3.data_task: at time 175435966.0 ps INFO: READ @ DQS= bank = 0 row = 2001 col = 000003c4 data = xxxx
tb_g14_scale_n256_mig.gen_mem[0].u_comp_ddr3.data_task: at time 175437466.0 ps INFO: READ @ DQS= bank = 0 row = 2001 col = 000003c5 data = xxxx
tb_g14_scale_n256_mig.gen_mem[0].u_comp_ddr3.data_task: at time 175438966.0 ps INFO: READ @ DQS= bank = 0 row = 2001 col = 000003c6 data = xxxx
tb_g14_scale_n256_mig.gen_mem[0].u_comp_ddr3.data_task: at time 175440466.0 ps INFO: READ @ DQS= bank = 0 row = 2001 col = 000003c7 data = xxxx
tb_g14_scale_n256_mig.gen_mem[0].u_comp_ddr3.cmd_task: at time 175440466.0 ps INFO: Read      bank 0 col 3d0, auto precharge 0
tb_g14_scale_n256_mig.gen_mem[0].u_comp_ddr3.data_task: at time 175441966.0 ps INFO: READ @ DQS= bank = 0 row = 2001 col = 000003c8 data = xxxx
tb_g14_scale_n256_mig.gen_mem[0].u_comp_ddr3.data_task: at time 175443466.0 ps INFO: READ @ DQS= bank = 0 row = 2001 col = 000003c9 data = xxxx
tb_g14_scale_n256_mig.gen_mem[0].u_comp_ddr3.data_task: at time 175444966.0 ps INFO: READ @ DQS= bank = 0 row = 2001 col = 000003ca data = xxxx
tb_g14_scale_n256_mig.gen_mem[0].u_comp_ddr3.data_task: at time 175446466.0 ps INFO: READ @ DQS= bank = 0 row = 2001 col = 000003cb data = xxxx
tb_g14_scale_n256_mig.gen_mem[0].u_comp_ddr3.data_task: at time 175447966.0 ps INFO: READ @ DQS= bank = 0 row = 2001 col = 000003cc data = xxxx
tb_g14_scale_n256_mig.gen_mem[0].u_comp_ddr3.data_task: at time 175449466.0 ps INFO: READ @ DQS= bank = 0 row = 2001 col = 000003cd data = xxxx
tb_g14_scale_n256_mig.gen_mem[0].u_comp_ddr3.data_task: at time 175450966.0 ps INFO: READ @ DQS= bank = 0 row = 2001 col = 000003ce data = xxxx
tb_g14_scale_n256_mig.gen_mem[0].u_comp_ddr3.data_task: at time 175452466.0 ps INFO: READ @ DQS= bank = 0 row = 2001 col = 000003cf data = xxxx
tb_g14_scale_n256_mig.gen_mem[0].u_comp_ddr3.cmd_task: at time 175452466.0 ps INFO: Read      bank 0 col 3d8, auto precharge 0
tb_g14_scale_n256_mig.gen_mem[0].u_comp_ddr3.data_task: at time 175453966.0 ps INFO: READ @ DQS= bank = 0 row = 2001 col = 000003d0 data = xxxx
tb_g14_scale_n256_mig.gen_mem[0].u_comp_ddr3.data_task: at time 175455466.0 ps INFO: READ @ DQS= bank = 0 row = 2001 col = 000003d1 data = xxxx
tb_g14_scale_n256_mig.gen_mem[0].u_comp_ddr3.data_task: at time 175456966.0 ps INFO: READ @ DQS= bank = 0 row = 2001 col = 000003d2 data = xxxx
tb_g14_scale_n256_mig.gen_mem[0].u_comp_ddr3.data_task: at time 175458466.0 ps INFO: READ @ DQS= bank = 0 row = 2001 col = 000003d3 data = xxxx
tb_g14_scale_n256_mig.gen_mem[0].u_comp_ddr3.data_task: at time 175459966.0 ps INFO: READ @ DQS= bank = 0 row = 2001 col = 000003d4 data = xxxx
tb_g14_scale_n256_mig.gen_mem[0].u_comp_ddr3.data_task: at time 175461466.0 ps INFO: READ @ DQS= bank = 0 row = 2001 col = 000003d5 data = xxxx
tb_g14_scale_n256_mig.gen_mem[0].u_comp_ddr3.data_task: at time 175462966.0 ps INFO: READ @ DQS= bank = 0 row = 2001 col = 000003d6 data = xxxx
tb_g14_scale_n256_mig.gen_mem[0].u_comp_ddr3.data_task: at time 175464466.0 ps INFO: READ @ DQS= bank = 0 row = 2001 col = 000003d7 data = xxxx
tb_g14_scale_n256_mig.gen_mem[0].u_comp_ddr3.cmd_task: at time 175464466.0 ps INFO: Read      bank 0 col 3e0, auto precharge 0
tb_g14_scale_n256_mig.gen_mem[0].u_comp_ddr3.data_task: at time 175465966.0 ps INFO: READ @ DQS= bank = 0 row = 2001 col = 000003d8 data = xxxx
tb_g14_scale_n256_mig.gen_mem[0].u_comp_ddr3.data_task: at time 175467466.0 ps INFO: READ @ DQS= bank = 0 row = 2001 col = 000003d9 data = xxxx
tb_g14_scale_n256_mig.gen_mem[0].u_comp_ddr3.data_task: at time 175468966.0 ps INFO: READ @ DQS= bank = 0 row = 2001 col = 000003da data = xxxx
tb_g14_scale_n256_mig.gen_mem[0].u_comp_ddr3.data_task: at time 175470466.0 ps INFO: READ @ DQS= bank = 0 row = 2001 col = 000003db data = xxxx
tb_g14_scale_n256_mig.gen_mem[0].u_comp_ddr3.data_task: at time 175471966.0 ps INFO: READ @ DQS= bank = 0 row = 2001 col = 000003dc data = xxxx
tb_g14_scale_n256_mig.gen_mem[0].u_comp_ddr3.data_task: at time 175473466.0 ps INFO: READ @ DQS= bank = 0 row = 2001 col = 000003dd data = xxxx
tb_g14_scale_n256_mig.gen_mem[0].u_comp_ddr3.data_task: at time 175474966.0 ps INFO: READ @ DQS= bank = 0 row = 2001 col = 000003de data = xxxx
tb_g14_scale_n256_mig.gen_mem[0].u_comp_ddr3.data_task: at time 175476466.0 ps INFO: READ @ DQS= bank = 0 row = 2001 col = 000003df data = xxxx
tb_g14_scale_n256_mig.gen_mem[0].u_comp_ddr3.cmd_task: at time 175476466.0 ps INFO: Read      bank 0 col 3e8, auto precharge 0
tb_g14_scale_n256_mig.gen_mem[0].u_comp_ddr3.data_task: at time 175477966.0 ps INFO: READ @ DQS= bank = 0 row = 2001 col = 000003e0 data = xxxx
tb_g14_scale_n256_mig.gen_mem[0].u_comp_ddr3.data_task: at time 175479466.0 ps INFO: READ @ DQS= bank = 0 row = 2001 col = 000003e1 data = xxxx
tb_g14_scale_n256_mig.gen_mem[0].u_comp_ddr3.data_task: at time 175480966.0 ps INFO: READ @ DQS= bank = 0 row = 2001 col = 000003e2 data = xxxx
tb_g14_scale_n256_mig.gen_mem[0].u_comp_ddr3.data_task: at time 175482466.0 ps INFO: READ @ DQS= bank = 0 row = 2001 col = 000003e3 data = xxxx
tb_g14_scale_n256_mig.gen_mem[0].u_comp_ddr3.data_task: at time 175483966.0 ps INFO: READ @ DQS= bank = 0 row = 2001 col = 000003e4 data = xxxx
tb_g14_scale_n256_mig.gen_mem[0].u_comp_ddr3.data_task: at time 175485466.0 ps INFO: READ @ DQS= bank = 0 row = 2001 col = 000003e5 data = xxxx
tb_g14_scale_n256_mig.gen_mem[0].u_comp_ddr3.data_task: at time 175486966.0 ps INFO: READ @ DQS= bank = 0 row = 2001 col = 000003e6 data = xxxx
tb_g14_scale_n256_mig.gen_mem[0].u_comp_ddr3.data_task: at time 175488466.0 ps INFO: READ @ DQS= bank = 0 row = 2001 col = 000003e7 data = xxxx
tb_g14_scale_n256_mig.gen_mem[0].u_comp_ddr3.cmd_task: at time 175488466.0 ps INFO: Read      bank 0 col 3f0, auto precharge 0
tb_g14_scale_n256_mig.gen_mem[0].u_comp_ddr3.data_task: at time 175489966.0 ps INFO: READ @ DQS= bank = 0 row = 2001 col = 000003e8 data = xxxx
tb_g14_scale_n256_mig.gen_mem[0].u_comp_ddr3.data_task: at time 175491466.0 ps INFO: READ @ DQS= bank = 0 row = 2001 col = 000003e9 data = xxxx
tb_g14_scale_n256_mig.gen_mem[0].u_comp_ddr3.data_task: at time 175492966.0 ps INFO: READ @ DQS= bank = 0 row = 2001 col = 000003ea data = xxxx
tb_g14_scale_n256_mig.gen_mem[0].u_comp_ddr3.data_task: at time 175494466.0 ps INFO: READ @ DQS= bank = 0 row = 2001 col = 000003eb data = xxxx
tb_g14_scale_n256_mig.gen_mem[0].u_comp_ddr3.data_task: at time 175495966.0 ps INFO: READ @ DQS= bank = 0 row = 2001 col = 000003ec data = xxxx
tb_g14_scale_n256_mig.gen_mem[0].u_comp_ddr3.data_task: at time 175497466.0 ps INFO: READ @ DQS= bank = 0 row = 2001 col = 000003ed data = xxxx
tb_g14_scale_n256_mig.gen_mem[0].u_comp_ddr3.data_task: at time 175498966.0 ps INFO: READ @ DQS= bank = 0 row = 2001 col = 000003ee data = xxxx
tb_g14_scale_n256_mig.gen_mem[0].u_comp_ddr3.data_task: at time 175500466.0 ps INFO: READ @ DQS= bank = 0 row = 2001 col = 000003ef data = xxxx
tb_g14_scale_n256_mig.gen_mem[0].u_comp_ddr3.cmd_task: at time 175500466.0 ps INFO: Read      bank 0 col 3f8, auto precharge 0
tb_g14_scale_n256_mig.gen_mem[0].u_comp_ddr3.data_task: at time 175501966.0 ps INFO: READ @ DQS= bank = 0 row = 2001 col = 000003f0 data = xxxx
tb_g14_scale_n256_mig.gen_mem[0].u_comp_ddr3.data_task: at time 175503466.0 ps INFO: READ @ DQS= bank = 0 row = 2001 col = 000003f1 data = xxxx
tb_g14_scale_n256_mig.gen_mem[0].u_comp_ddr3.data_task: at time 175504966.0 ps INFO: READ @ DQS= bank = 0 row = 2001 col = 000003f2 data = xxxx
tb_g14_scale_n256_mig.gen_mem[0].u_comp_ddr3.data_task: at time 175506466.0 ps INFO: READ @ DQS= bank = 0 row = 2001 col = 000003f3 data = xxxx
tb_g14_scale_n256_mig.gen_mem[0].u_comp_ddr3.data_task: at time 175507966.0 ps INFO: READ @ DQS= bank = 0 row = 2001 col = 000003f4 data = xxxx
tb_g14_scale_n256_mig.gen_mem[0].u_comp_ddr3.data_task: at time 175509466.0 ps INFO: READ @ DQS= bank = 0 row = 2001 col = 000003f5 data = xxxx
tb_g14_scale_n256_mig.gen_mem[0].u_comp_ddr3.data_task: at time 175510966.0 ps INFO: READ @ DQS= bank = 0 row = 2001 col = 000003f6 data = xxxx
tb_g14_scale_n256_mig.gen_mem[0].u_comp_ddr3.data_task: at time 175512466.0 ps INFO: READ @ DQS= bank = 0 row = 2001 col = 000003f7 data = xxxx
tb_g14_scale_n256_mig.gen_mem[0].u_comp_ddr3.data_task: at time 175513966.0 ps INFO: READ @ DQS= bank = 0 row = 2001 col = 000003f8 data = xxxx
tb_g14_scale_n256_mig.gen_mem[0].u_comp_ddr3.data_task: at time 175515466.0 ps INFO: READ @ DQS= bank = 0 row = 2001 col = 000003f9 data = xxxx
tb_g14_scale_n256_mig.gen_mem[0].u_comp_ddr3.data_task: at time 175516966.0 ps INFO: READ @ DQS= bank = 0 row = 2001 col = 000003fa data = xxxx
tb_g14_scale_n256_mig.gen_mem[0].u_comp_ddr3.data_task: at time 175518466.0 ps INFO: READ @ DQS= bank = 0 row = 2001 col = 000003fb data = xxxx
tb_g14_scale_n256_mig.gen_mem[0].u_comp_ddr3.data_task: at time 175519966.0 ps INFO: READ @ DQS= bank = 0 row = 2001 col = 000003fc data = xxxx
tb_g14_scale_n256_mig.gen_mem[0].u_comp_ddr3.data_task: at time 175521466.0 ps INFO: READ @ DQS= bank = 0 row = 2001 col = 000003fd data = xxxx
tb_g14_scale_n256_mig.gen_mem[0].u_comp_ddr3.data_task: at time 175522966.0 ps INFO: READ @ DQS= bank = 0 row = 2001 col = 000003fe data = xxxx
tb_g14_scale_n256_mig.gen_mem[0].u_comp_ddr3.data_task: at time 175524466.0 ps INFO: READ @ DQS= bank = 0 row = 2001 col = 000003ff data = xxxx
tb_g14_scale_n256_mig.gen_mem[0].u_comp_ddr3.cmd_task: at time 175551466.0 ps INFO: Precharge bank   0
tb_g14_scale_n256_mig.gen_mem[0].u_comp_ddr3.cmd_task: at time 176361466.0 ps INFO: Activate  bank 0 row 2001
tb_g14_scale_n256_mig.gen_mem[0].u_comp_ddr3.cmd_task: at time 176376466.0 ps INFO: Read      bank 0 col 3f8, auto precharge 0
tb_g14_scale_n256_mig.gen_mem[0].u_comp_ddr3.cmd_task: at time 176388466.0 ps INFO: Read      bank 0 col 3f8, auto precharge 0
tb_g14_scale_n256_mig.gen_mem[0].u_comp_ddr3.data_task: at time 176389966.0 ps INFO: READ @ DQS= bank = 0 row = 2001 col = 000003f8 data = xxxx
tb_g14_scale_n256_mig.gen_mem[0].u_comp_ddr3.data_task: at time 176391466.0 ps INFO: READ @ DQS= bank = 0 row = 2001 col = 000003f9 data = xxxx
tb_g14_scale_n256_mig.gen_mem[0].u_comp_ddr3.data_task: at time 176392966.0 ps INFO: READ @ DQS= bank = 0 row = 2001 col = 000003fa data = xxxx
tb_g14_scale_n256_mig.gen_mem[0].u_comp_ddr3.data_task: at time 176394466.0 ps INFO: READ @ DQS= bank = 0 row = 2001 col = 000003fb data = xxxx
tb_g14_scale_n256_mig.gen_mem[0].u_comp_ddr3.data_task: at time 176395966.0 ps INFO: READ @ DQS= bank = 0 row = 2001 col = 000003fc data = xxxx
tb_g14_scale_n256_mig.gen_mem[0].u_comp_ddr3.data_task: at time 176397466.0 ps INFO: READ @ DQS= bank = 0 row = 2001 col = 000003fd data = xxxx
tb_g14_scale_n256_mig.gen_mem[0].u_comp_ddr3.data_task: at time 176398966.0 ps INFO: READ @ DQS= bank = 0 row = 2001 col = 000003fe data = xxxx
tb_g14_scale_n256_mig.gen_mem[0].u_comp_ddr3.data_task: at time 176400466.0 ps INFO: READ @ DQS= bank = 0 row = 2001 col = 000003ff data = xxxx
tb_g14_scale_n256_mig.gen_mem[0].u_comp_ddr3.data_task: at time 176401966.0 ps INFO: READ @ DQS= bank = 0 row = 2001 col = 000003f8 data = xxxx
tb_g14_scale_n256_mig.gen_mem[0].u_comp_ddr3.data_task: at time 176403466.0 ps INFO: READ @ DQS= bank = 0 row = 2001 col = 000003f9 data = xxxx
tb_g14_scale_n256_mig.gen_mem[0].u_comp_ddr3.data_task: at time 176404966.0 ps INFO: READ @ DQS= bank = 0 row = 2001 col = 000003fa data = xxxx
tb_g14_scale_n256_mig.gen_mem[0].u_comp_ddr3.data_task: at time 176406466.0 ps INFO: READ @ DQS= bank = 0 row = 2001 col = 000003fb data = xxxx
tb_g14_scale_n256_mig.gen_mem[0].u_comp_ddr3.data_task: at time 176407966.0 ps INFO: READ @ DQS= bank = 0 row = 2001 col = 000003fc data = xxxx
tb_g14_scale_n256_mig.gen_mem[0].u_comp_ddr3.data_task: at time 176409466.0 ps INFO: READ @ DQS= bank = 0 row = 2001 col = 000003fd data = xxxx
tb_g14_scale_n256_mig.gen_mem[0].u_comp_ddr3.data_task: at time 176410966.0 ps INFO: READ @ DQS= bank = 0 row = 2001 col = 000003fe data = xxxx
tb_g14_scale_n256_mig.gen_mem[0].u_comp_ddr3.data_task: at time 176412466.0 ps INFO: READ @ DQS= bank = 0 row = 2001 col = 000003ff data = xxxx
tb_g14_scale_n256_mig.gen_mem[0].u_comp_ddr3.cmd_task: at time 176439466.0 ps INFO: Precharge bank   0
tb_g14_scale_n256_mig.gen_mem[0].u_comp_ddr3.cmd_task: at time 177321466.0 ps INFO: Activate  bank 0 row 2001
tb_g14_scale_n256_mig.gen_mem[0].u_comp_ddr3.cmd_task: at time 177336466.0 ps INFO: Read      bank 0 col 3f8, auto precharge 0
tb_g14_scale_n256_mig.gen_mem[0].u_comp_ddr3.cmd_task: at time 177348466.0 ps INFO: Read      bank 0 col 3f8, auto precharge 0
tb_g14_scale_n256_mig.gen_mem[0].u_comp_ddr3.data_task: at time 177349966.0 ps INFO: READ @ DQS= bank = 0 row = 2001 col = 000003f8 data = xxxx
tb_g14_scale_n256_mig.gen_mem[0].u_comp_ddr3.data_task: at time 177351466.0 ps INFO: READ @ DQS= bank = 0 row = 2001 col = 000003f9 data = xxxx
tb_g14_scale_n256_mig.gen_mem[0].u_comp_ddr3.data_task: at time 177352966.0 ps INFO: READ @ DQS= bank = 0 row = 2001 col = 000003fa data = xxxx
tb_g14_scale_n256_mig.gen_mem[0].u_comp_ddr3.data_task: at time 177354466.0 ps INFO: READ @ DQS= bank = 0 row = 2001 col = 000003fb data = xxxx
tb_g14_scale_n256_mig.gen_mem[0].u_comp_ddr3.data_task: at time 177355966.0 ps INFO: READ @ DQS= bank = 0 row = 2001 col = 000003fc data = xxxx
tb_g14_scale_n256_mig.gen_mem[0].u_comp_ddr3.data_task: at time 177357466.0 ps INFO: READ @ DQS= bank = 0 row = 2001 col = 000003fd data = xxxx
tb_g14_scale_n256_mig.gen_mem[0].u_comp_ddr3.data_task: at time 177358966.0 ps INFO: READ @ DQS= bank = 0 row = 2001 col = 000003fe data = xxxx
tb_g14_scale_n256_mig.gen_mem[0].u_comp_ddr3.data_task: at time 177360466.0 ps INFO: READ @ DQS= bank = 0 row = 2001 col = 000003ff data = xxxx
tb_g14_scale_n256_mig.gen_mem[0].u_comp_ddr3.data_task: at time 177361966.0 ps INFO: READ @ DQS= bank = 0 row = 2001 col = 000003f8 data = xxxx
tb_g14_scale_n256_mig.gen_mem[0].u_comp_ddr3.data_task: at time 177363466.0 ps INFO: READ @ DQS= bank = 0 row = 2001 col = 000003f9 data = xxxx
tb_g14_scale_n256_mig.gen_mem[0].u_comp_ddr3.data_task: at time 177364966.0 ps INFO: READ @ DQS= bank = 0 row = 2001 col = 000003fa data = xxxx
tb_g14_scale_n256_mig.gen_mem[0].u_comp_ddr3.data_task: at time 177366466.0 ps INFO: READ @ DQS= bank = 0 row = 2001 col = 000003fb data = xxxx
tb_g14_scale_n256_mig.gen_mem[0].u_comp_ddr3.data_task: at time 177367966.0 ps INFO: READ @ DQS= bank = 0 row = 2001 col = 000003fc data = xxxx
tb_g14_scale_n256_mig.gen_mem[0].u_comp_ddr3.data_task: at time 177369466.0 ps INFO: READ @ DQS= bank = 0 row = 2001 col = 000003fd data = xxxx
tb_g14_scale_n256_mig.gen_mem[0].u_comp_ddr3.data_task: at time 177370966.0 ps INFO: READ @ DQS= bank = 0 row = 2001 col = 000003fe data = xxxx
tb_g14_scale_n256_mig.gen_mem[0].u_comp_ddr3.data_task: at time 177372466.0 ps INFO: READ @ DQS= bank = 0 row = 2001 col = 000003ff data = xxxx
tb_g14_scale_n256_mig.gen_mem[0].u_comp_ddr3.cmd_task: at time 177399466.0 ps INFO: Precharge bank   0
SCALE_HIER N_delivered=256 empty_stall=0 rbp=0 axi_read_bytes=4096
SCALE_HIER ELIG=3629 FIRE=60 ACT=240 PHYS=4
SCALE_CANDS_PER_QUERY=256
SCALE_BYTES_PER_QUERY=4096
SCALE_LATENCY_CYCLES=3629
SCALE_FULL_SCAN=YES_16B_TIMES_N
P4_MIG_LANE_UTIL=0.016533 STALL_FRAC=0.000000
=== SOA_PATTERN p=1 burst=16 out=4 ===
SOA_AR_ORDER first4_cnt=0 prior_in_first4=0
SOA_DELTA axi_read_bytes=4096 axi_read_beats=256 (expect 3328/208)
SOA_CONTROL aos_bytes=4096 reduction_bytes=0 bytes_per_cand=16.0000 (aos=16.0000)
SOA_PLANE id_beats=256 cue_beats=0 prior_beats=0
SOA_PLANE_CREDIT id=4096 cue=0 prior=0 total=4096
SOA_SCORE delivered=256 waves=16 data_mismatch=256 topk_batches=16
SOA_PATTERN_FAIL p=1 BYTES got=4096 expect=3328
SOA_PATTERN_FAIL p=1 BEATS got=256 expect=208
SOA_PATTERN_FAIL p=1 DATA_MISMATCH=256
A7NG_DDR_CUE_SOA_XSIM_FAIL fails=1
$finish called at time : 178250625 ps : File "D:/Jetking_sem4/SEM_4/arty-a7-online-lm-g14-preboard-00/results/A7-NATIVE-GRAPH/GROK-ORCH-00/G14-SCALE-800K-00/tb_g14_scale_n256_mig.sv" Line 476
run: Time (s): cpu = 00:00:00 ; elapsed = 00:05:11 . Memory (MB): peak = 235.535 ; gain = 0.000
exit
INFO: xsimkernel Simulation Memory Usage: 85204 KB (Peak: 85204 KB), Simulation CPU Usage: 244186 ms
INFO: [Common 17-206] Exiting xsim at Fri Sep  4 01:12:26 2026...
