Copyright 1986-2022 Xilinx, Inc. All Rights Reserved. Copyright 2022-2026 Advanced Micro Devices, Inc. All Rights Reserved.
---------------------------------------------------------------------------------------------------------------------------------------------------------
| Tool Version : Vivado v.2026.1 (win64) Build 6511674 Tue Jun 16 11:02:23 MDT 2026
| Date         : Sun Aug 16 20:52:43 2026
| Host         : laptop-Quan running 64-bit major release  (build 9200)
| Command      : report_timing_summary -delay_type min_max -max_paths 10 -file D:/Jetking_sem4/SEM_4/arty-a7-online-lm/build/out/a7lm00_timing_route.rpt
| Design       : arty_a7_100_top
| Device       : 7a100t-csg324
| Speed File   : -1  PRODUCTION 1.23 2018-06-13
| Design State : Physopt postRoute
---------------------------------------------------------------------------------------------------------------------------------------------------------

Timing Summary Report

------------------------------------------------------------------------------------------------
| Timer Settings
| --------------
------------------------------------------------------------------------------------------------

  Enable Multi Corner Analysis               :  Yes
  Enable Pessimism Removal                   :  Yes
  Pessimism Removal Resolution               :  Nearest Common Node
  Enable Input Delay Default Clock           :  No
  Enable Preset / Clear Arcs                 :  No
  Disable Flight Delays                      :  No
  Ignore I/O Paths                           :  No
  Timing Early Launch at Borrowing Latches   :  No
  Borrow Time for Max Delay Exceptions       :  Yes
  Merge Timing Exceptions                    :  Yes
  Inter-SLR Compensation                     :  Conservative

  Corner  Analyze    Analyze    
  Name    Max Paths  Min Paths  
  ------  ---------  ---------  
  Slow    Yes        Yes        
  Fast    Yes        Yes        


------------------------------------------------------------------------------------------------
| Report Methodology
| ------------------
------------------------------------------------------------------------------------------------

No report available as report_methodology has not been run prior. Run report_methodology on the current design for the summary of methodology violations.



check_timing report

Table of Contents
-----------------
1. checking no_clock (0)
2. checking constant_clock (0)
3. checking pulse_width_clock (0)
4. checking unconstrained_internal_endpoints (0)
5. checking no_input_delay (3)
6. checking no_output_delay (4)
7. checking multiple_clock (0)
8. checking generated_clocks (0)
9. checking loops (0)
10. checking partial_input_delay (0)
11. checking partial_output_delay (0)
12. checking latch_loops (0)

1. checking no_clock (0)
------------------------
 There are 0 register/latch pins with no clock.


2. checking constant_clock (0)
------------------------------
 There are 0 register/latch pins with constant_clock.


3. checking pulse_width_clock (0)
---------------------------------
 There are 0 register/latch pins which need pulse_width check


4. checking unconstrained_internal_endpoints (0)
------------------------------------------------
 There are 0 pins that are not constrained for maximum delay.

 There are 0 pins that are not constrained for maximum delay due to constant clock.


5. checking no_input_delay (3)
------------------------------
 There are 3 input ports with no input delay specified. (HIGH)

 There are 0 input ports with no input delay but user has a false path constraint.


6. checking no_output_delay (4)
-------------------------------
 There are 4 ports with no output delay specified. (HIGH)

 There are 0 ports with no output delay but user has a false path constraint

 There are 0 ports with no output delay but with a timing clock defined on it or propagating through it


7. checking multiple_clock (0)
------------------------------
 There are 0 register/latch pins with multiple clocks.


8. checking generated_clocks (0)
--------------------------------
 There are 0 generated clocks that are not connected to a clock source.


9. checking loops (0)
---------------------
 There are 0 combinational loops in the design.


10. checking partial_input_delay (0)
------------------------------------
 There are 0 input ports with partial input delay specified.


11. checking partial_output_delay (0)
-------------------------------------
 There are 0 ports with partial output delay specified.


12. checking latch_loops (0)
----------------------------
 There are 0 combinational latch loops in the design through latch input



------------------------------------------------------------------------------------------------
| Design Timing Summary
| ---------------------
------------------------------------------------------------------------------------------------

    WNS(ns)      TNS(ns)  TNS Failing Endpoints  TNS Total Endpoints      WHS(ns)      THS(ns)  THS Failing Endpoints  THS Total Endpoints     WPWS(ns)     TPWS(ns)  TPWS Failing Endpoints  TPWS Total Endpoints  
    -------      -------  ---------------------  -------------------      -------      -------  ---------------------  -------------------     --------     --------  ----------------------  --------------------  
     72.324        0.000                      0                52502        0.020        0.000                      0                52502        3.000        0.000                       0                 19791  


All user specified timing constraints are met.


------------------------------------------------------------------------------------------------
| Clock Summary
| -------------
------------------------------------------------------------------------------------------------

Clock           Waveform(ns)         Period(ns)      Frequency(MHz)
-----           ------------         ----------      --------------
sys_clk_pin     {0.000 5.000}        10.000          100.000         
  clk_core_raw  {0.000 62.500}       125.000         8.000           
  clkfb_raw     {0.000 5.000}        10.000          100.000         


------------------------------------------------------------------------------------------------
| Intra Clock Table
| -----------------
------------------------------------------------------------------------------------------------

Clock               WNS(ns)      TNS(ns)  TNS Failing Endpoints  TNS Total Endpoints      WHS(ns)      THS(ns)  THS Failing Endpoints  THS Total Endpoints     WPWS(ns)     TPWS(ns)  TPWS Failing Endpoints  TPWS Total Endpoints  
-----               -------      -------  ---------------------  -------------------      -------      -------  ---------------------  -------------------     --------     --------  ----------------------  --------------------  
sys_clk_pin                                                                                                                                                       3.000        0.000                       0                     1  
  clk_core_raw       72.324        0.000                      0                52502        0.020        0.000                      0                52502       61.250        0.000                       0                 19787  
  clkfb_raw                                                                                                                                                       7.845        0.000                       0                     3  


------------------------------------------------------------------------------------------------
| Inter Clock Table
| -----------------
------------------------------------------------------------------------------------------------

From Clock    To Clock          WNS(ns)      TNS(ns)  TNS Failing Endpoints  TNS Total Endpoints      WHS(ns)      THS(ns)  THS Failing Endpoints  THS Total Endpoints  
----------    --------          -------      -------  ---------------------  -------------------      -------      -------  ---------------------  -------------------  


------------------------------------------------------------------------------------------------
| Other Path Groups Table
| -----------------------
------------------------------------------------------------------------------------------------

Path Group    From Clock    To Clock          WNS(ns)      TNS(ns)  TNS Failing Endpoints  TNS Total Endpoints      WHS(ns)      THS(ns)  THS Failing Endpoints  THS Total Endpoints  
----------    ----------    --------          -------      -------  ---------------------  -------------------      -------      -------  ---------------------  -------------------  


------------------------------------------------------------------------------------------------
| Timing Details
| --------------
------------------------------------------------------------------------------------------------


---------------------------------------------------------------------------------------------------
From Clock:  sys_clk_pin
  To Clock:  sys_clk_pin

Setup :           NA  Failing Endpoints,  Worst Slack           NA  ,  Total Violation           NA
Hold  :           NA  Failing Endpoints,  Worst Slack           NA  ,  Total Violation           NA
PW    :            0  Failing Endpoints,  Worst Slack        3.000ns,  Total Violation        0.000ns
---------------------------------------------------------------------------------------------------


Pulse Width Checks
--------------------------------------------------------------------------------------
Clock Name:         sys_clk_pin
Waveform(ns):       { 0.000 5.000 }
Period(ns):         10.000
Sources:            { CLK100MHZ }

Check Type        Corner  Lib Pin            Reference Pin  Required(ns)  Actual(ns)  Slack(ns)  Location         Pin
Min Period        n/a     MMCME2_ADV/CLKIN1  n/a            1.249         10.000      8.751      MMCME2_ADV_X1Y2  clk_i/mmcm_i/CLKIN1
Max Period        n/a     MMCME2_ADV/CLKIN1  n/a            100.000       10.000      90.000     MMCME2_ADV_X1Y2  clk_i/mmcm_i/CLKIN1
Low Pulse Width   Slow    MMCME2_ADV/CLKIN1  n/a            2.000         5.000       3.000      MMCME2_ADV_X1Y2  clk_i/mmcm_i/CLKIN1
Low Pulse Width   Fast    MMCME2_ADV/CLKIN1  n/a            2.000         5.000       3.000      MMCME2_ADV_X1Y2  clk_i/mmcm_i/CLKIN1
High Pulse Width  Slow    MMCME2_ADV/CLKIN1  n/a            2.000         5.000       3.000      MMCME2_ADV_X1Y2  clk_i/mmcm_i/CLKIN1
High Pulse Width  Fast    MMCME2_ADV/CLKIN1  n/a            2.000         5.000       3.000      MMCME2_ADV_X1Y2  clk_i/mmcm_i/CLKIN1



---------------------------------------------------------------------------------------------------
From Clock:  clk_core_raw
  To Clock:  clk_core_raw

Setup :            0  Failing Endpoints,  Worst Slack       72.324ns,  Total Violation        0.000ns
Hold  :            0  Failing Endpoints,  Worst Slack        0.020ns,  Total Violation        0.000ns
PW    :            0  Failing Endpoints,  Worst Slack       61.250ns,  Total Violation        0.000ns
---------------------------------------------------------------------------------------------------


Max Delay Paths
--------------------------------------------------------------------------------------
Slack (MET) :             72.324ns  (required time - arrival time)
  Source:                 rst_s/sync_out_reg[0]/C
                            (rising edge-triggered cell FDRE clocked by clk_core_raw  {rise@0.000ns fall@62.500ns period=125.000ns})
  Destination:            core_i/dK_reg[7][4][1]/CE
                            (rising edge-triggered cell FDRE clocked by clk_core_raw  {rise@0.000ns fall@62.500ns period=125.000ns})
  Path Group:             clk_core_raw
  Path Type:              Setup (Max at Slow Process Corner)
  Requirement:            125.000ns  (clk_core_raw rise@125.000ns - clk_core_raw rise@0.000ns)
  Data Path Delay:        52.468ns  (logic 0.704ns (1.342%)  route 51.764ns (98.658%))
  Logic Levels:           2  (LUT2=1 LUT6=1)
  Clock Path Skew:        0.107ns (DCD - SCD + CPR)
    Destination Clock Delay (DCD):    -1.305ns = ( 123.695 - 125.000 ) 
    Source Clock Delay      (SCD):    -0.931ns
    Clock Pessimism Removal (CPR):    0.480ns
  Clock Uncertainty:      0.110ns  ((TSJ^2 + DJ^2)^1/2) / 2 + PE
    Total System Jitter     (TSJ):    0.071ns
    Discrete Jitter          (DJ):    0.208ns
    Phase Error              (PE):    0.000ns

    Location             Delay type                Incr(ns)  Path(ns)    Netlist Resource(s)
  -------------------------------------------------------------------    -------------------
                         (clock clk_core_raw rise edge)
                                                      0.000     0.000 r  <hidden>
    E3                                                0.000     0.000 r  CLK100MHZ
                         net (fo=0)                   0.000     0.000    CLK100MHZ
    E3                   IBUF (Prop_ibuf_I_O)         1.482     1.482 r  CLK100MHZ_IBUF_inst/O
                         net (fo=1, routed)           1.233     2.715    clk_i/clk100
    MMCME2_ADV_X1Y2      MMCME2_ADV (Prop_mmcme2_adv_CLKIN1_CLKOUT0)
                                                     -7.070    -4.355 r  clk_i/mmcm_i/CLKOUT0
                         net (fo=1, routed)           1.719    -2.636    clk_i/clk_core_raw
    BUFGCTRL_X0Y16       BUFG (Prop_bufg_I_O)         0.096    -2.540 r  clk_i/core_bufg_i/O
                         net (fo=19787, routed)       1.609    -0.931    rst_s/clk_core
    SLICE_X53Y104        FDRE                                         r  rst_s/sync_out_reg[0]/C
  -------------------------------------------------------------------    -------------------
    SLICE_X53Y104        FDRE (Prop_fdre_C_Q)         0.456    -0.475 f  rst_s/sync_out_reg[0]/Q
                         net (fo=23, routed)          3.326     2.851    clk_i/btn0_sync
    SLICE_X4Y87          LUT2 (Prop_lut2_I1_O)        0.124     2.975 f  clk_i/sm_s[15]_i_4/O
                         net (fo=7842, routed)       43.137    46.112    core_i/p_0_in_0
    SLICE_X15Y13         LUT6 (Prop_lut6_I0_O)        0.124    46.236 r  core_i/dK[7][4][15]_i_1/O
                         net (fo=16, routed)          5.301    51.537    core_i/dK[7][4][15]_i_1_n_0
    SLICE_X72Y19         FDRE                                         r  core_i/dK_reg[7][4][1]/CE
  -------------------------------------------------------------------    -------------------

                         (clock clk_core_raw rise edge)
                                                    125.000   125.000 r  <hidden>
    E3                                                0.000   125.000 r  CLK100MHZ
                         net (fo=0)                   0.000   125.000    CLK100MHZ
    E3                   IBUF (Prop_ibuf_I_O)         1.411   126.411 r  CLK100MHZ_IBUF_inst/O
                         net (fo=1, routed)           1.162   127.573    clk_i/clk100
    MMCME2_ADV_X1Y2      MMCME2_ADV (Prop_mmcme2_adv_CLKIN1_CLKOUT0)
                                                     -7.324   120.249 r  clk_i/mmcm_i/CLKOUT0
                         net (fo=1, routed)           1.639   121.888    clk_i/clk_core_raw
    BUFGCTRL_X0Y16       BUFG (Prop_bufg_I_O)         0.091   121.979 r  clk_i/core_bufg_i/O
                         net (fo=19787, routed)       1.716   123.695    core_i/clk_core
    SLICE_X72Y19         FDRE                                         r  core_i/dK_reg[7][4][1]/C
                         clock pessimism              0.480   124.176    <hidden>
                         clock uncertainty           -0.110   124.066    <hidden>
    SLICE_X72Y19         FDRE (Setup_fdre_C_CE)      -0.205   123.861    core_i/dK_reg[7][4][1]
  -------------------------------------------------------------------
                         required time                        123.861    <hidden>
                         arrival time                         -51.537    <hidden>
  -------------------------------------------------------------------
                         slack                                 72.324    <hidden>

Slack (MET) :             72.324ns  (required time - arrival time)
  Source:                 rst_s/sync_out_reg[0]/C
                            (rising edge-triggered cell FDRE clocked by clk_core_raw  {rise@0.000ns fall@62.500ns period=125.000ns})
  Destination:            core_i/dK_reg[7][4][4]/CE
                            (rising edge-triggered cell FDRE clocked by clk_core_raw  {rise@0.000ns fall@62.500ns period=125.000ns})
  Path Group:             clk_core_raw
  Path Type:              Setup (Max at Slow Process Corner)
  Requirement:            125.000ns  (clk_core_raw rise@125.000ns - clk_core_raw rise@0.000ns)
  Data Path Delay:        52.468ns  (logic 0.704ns (1.342%)  route 51.764ns (98.658%))
  Logic Levels:           2  (LUT2=1 LUT6=1)
  Clock Path Skew:        0.107ns (DCD - SCD + CPR)
    Destination Clock Delay (DCD):    -1.305ns = ( 123.695 - 125.000 ) 
    Source Clock Delay      (SCD):    -0.931ns
    Clock Pessimism Removal (CPR):    0.480ns
  Clock Uncertainty:      0.110ns  ((TSJ^2 + DJ^2)^1/2) / 2 + PE
    Total System Jitter     (TSJ):    0.071ns
    Discrete Jitter          (DJ):    0.208ns
    Phase Error              (PE):    0.000ns

    Location             Delay type                Incr(ns)  Path(ns)    Netlist Resource(s)
  -------------------------------------------------------------------    -------------------
                         (clock clk_core_raw rise edge)
                                                      0.000     0.000 r  <hidden>
    E3                                                0.000     0.000 r  CLK100MHZ
                         net (fo=0)                   0.000     0.000    CLK100MHZ
    E3                   IBUF (Prop_ibuf_I_O)         1.482     1.482 r  CLK100MHZ_IBUF_inst/O
                         net (fo=1, routed)           1.233     2.715    clk_i/clk100
    MMCME2_ADV_X1Y2      MMCME2_ADV (Prop_mmcme2_adv_CLKIN1_CLKOUT0)
                                                     -7.070    -4.355 r  clk_i/mmcm_i/CLKOUT0
                         net (fo=1, routed)           1.719    -2.636    clk_i/clk_core_raw
    BUFGCTRL_X0Y16       BUFG (Prop_bufg_I_O)         0.096    -2.540 r  clk_i/core_bufg_i/O
                         net (fo=19787, routed)       1.609    -0.931    rst_s/clk_core
    SLICE_X53Y104        FDRE                                         r  rst_s/sync_out_reg[0]/C
  -------------------------------------------------------------------    -------------------
    SLICE_X53Y104        FDRE (Prop_fdre_C_Q)         0.456    -0.475 f  rst_s/sync_out_reg[0]/Q
                         net (fo=23, routed)          3.326     2.851    clk_i/btn0_sync
    SLICE_X4Y87          LUT2 (Prop_lut2_I1_O)        0.124     2.975 f  clk_i/sm_s[15]_i_4/O
                         net (fo=7842, routed)       43.137    46.112    core_i/p_0_in_0
    SLICE_X15Y13         LUT6 (Prop_lut6_I0_O)        0.124    46.236 r  core_i/dK[7][4][15]_i_1/O
                         net (fo=16, routed)          5.301    51.537    core_i/dK[7][4][15]_i_1_n_0
    SLICE_X72Y19         FDRE                                         r  core_i/dK_reg[7][4][4]/CE
  -------------------------------------------------------------------    -------------------

                         (clock clk_core_raw rise edge)
                                                    125.000   125.000 r  <hidden>
    E3                                                0.000   125.000 r  CLK100MHZ
                         net (fo=0)                   0.000   125.000    CLK100MHZ
    E3                   IBUF (Prop_ibuf_I_O)         1.411   126.411 r  CLK100MHZ_IBUF_inst/O
                         net (fo=1, routed)           1.162   127.573    clk_i/clk100
    MMCME2_ADV_X1Y2      MMCME2_ADV (Prop_mmcme2_adv_CLKIN1_CLKOUT0)
                                                     -7.324   120.249 r  clk_i/mmcm_i/CLKOUT0
                         net (fo=1, routed)           1.639   121.888    clk_i/clk_core_raw
    BUFGCTRL_X0Y16       BUFG (Prop_bufg_I_O)         0.091   121.979 r  clk_i/core_bufg_i/O
                         net (fo=19787, routed)       1.716   123.695    core_i/clk_core
    SLICE_X72Y19         FDRE                                         r  core_i/dK_reg[7][4][4]/C
                         clock pessimism              0.480   124.176    <hidden>
                         clock uncertainty           -0.110   124.066    <hidden>
    SLICE_X72Y19         FDRE (Setup_fdre_C_CE)      -0.205   123.861    core_i/dK_reg[7][4][4]
  -------------------------------------------------------------------
                         required time                        123.861    <hidden>
                         arrival time                         -51.537    <hidden>
  -------------------------------------------------------------------
                         slack                                 72.324    <hidden>

Slack (MET) :             72.768ns  (required time - arrival time)
  Source:                 rst_s/sync_out_reg[0]/C
                            (rising edge-triggered cell FDRE clocked by clk_core_raw  {rise@0.000ns fall@62.500ns period=125.000ns})
  Destination:            core_i/dK_reg[7][3][3]/CE
                            (rising edge-triggered cell FDRE clocked by clk_core_raw  {rise@0.000ns fall@62.500ns period=125.000ns})
  Path Group:             clk_core_raw
  Path Type:              Setup (Max at Slow Process Corner)
  Requirement:            125.000ns  (clk_core_raw rise@125.000ns - clk_core_raw rise@0.000ns)
  Data Path Delay:        52.034ns  (logic 0.704ns (1.353%)  route 51.330ns (98.647%))
  Logic Levels:           2  (LUT2=1 LUT6=1)
  Clock Path Skew:        0.117ns (DCD - SCD + CPR)
    Destination Clock Delay (DCD):    -1.295ns = ( 123.705 - 125.000 ) 
    Source Clock Delay      (SCD):    -0.931ns
    Clock Pessimism Removal (CPR):    0.480ns
  Clock Uncertainty:      0.110ns  ((TSJ^2 + DJ^2)^1/2) / 2 + PE
    Total System Jitter     (TSJ):    0.071ns
    Discrete Jitter          (DJ):    0.208ns
    Phase Error              (PE):    0.000ns

    Location             Delay type                Incr(ns)  Path(ns)    Netlist Resource(s)
  -------------------------------------------------------------------    -------------------
                         (clock clk_core_raw rise edge)
                                                      0.000     0.000 r  <hidden>
    E3                                                0.000     0.000 r  CLK100MHZ
                         net (fo=0)                   0.000     0.000    CLK100MHZ
    E3                   IBUF (Prop_ibuf_I_O)         1.482     1.482 r  CLK100MHZ_IBUF_inst/O
                         net (fo=1, routed)           1.233     2.715    clk_i/clk100
    MMCME2_ADV_X1Y2      MMCME2_ADV (Prop_mmcme2_adv_CLKIN1_CLKOUT0)
                                                     -7.070    -4.355 r  clk_i/mmcm_i/CLKOUT0
                         net (fo=1, routed)           1.719    -2.636    clk_i/clk_core_raw
    BUFGCTRL_X0Y16       BUFG (Prop_bufg_I_O)         0.096    -2.540 r  clk_i/core_bufg_i/O
                         net (fo=19787, routed)       1.609    -0.931    rst_s/clk_core
    SLICE_X53Y104        FDRE                                         r  rst_s/sync_out_reg[0]/C
  -------------------------------------------------------------------    -------------------
    SLICE_X53Y104        FDRE (Prop_fdre_C_Q)         0.456    -0.475 f  rst_s/sync_out_reg[0]/Q
                         net (fo=23, routed)          3.326     2.851    clk_i/btn0_sync
    SLICE_X4Y87          LUT2 (Prop_lut2_I1_O)        0.124     2.975 f  clk_i/sm_s[15]_i_4/O
                         net (fo=7842, routed)       43.529    46.504    core_i/p_0_in_0
    SLICE_X12Y13         LUT6 (Prop_lut6_I0_O)        0.124    46.628 r  core_i/dK[7][3][15]_i_1/O
                         net (fo=16, routed)          4.475    51.103    core_i/dK[7][3][15]_i_1_n_0
    SLICE_X75Y4          FDRE                                         r  core_i/dK_reg[7][3][3]/CE
  -------------------------------------------------------------------    -------------------

                         (clock clk_core_raw rise edge)
                                                    125.000   125.000 r  <hidden>
    E3                                                0.000   125.000 r  CLK100MHZ
                         net (fo=0)                   0.000   125.000    CLK100MHZ
    E3                   IBUF (Prop_ibuf_I_O)         1.411   126.411 r  CLK100MHZ_IBUF_inst/O
                         net (fo=1, routed)           1.162   127.573    clk_i/clk100
    MMCME2_ADV_X1Y2      MMCME2_ADV (Prop_mmcme2_adv_CLKIN1_CLKOUT0)
                                                     -7.324   120.249 r  clk_i/mmcm_i/CLKOUT0
                         net (fo=1, routed)           1.639   121.888    clk_i/clk_core_raw
    BUFGCTRL_X0Y16       BUFG (Prop_bufg_I_O)         0.091   121.979 r  clk_i/core_bufg_i/O
                         net (fo=19787, routed)       1.726   123.705    core_i/clk_core
    SLICE_X75Y4          FDRE                                         r  core_i/dK_reg[7][3][3]/C
                         clock pessimism              0.480   124.186    <hidden>
                         clock uncertainty           -0.110   124.076    <hidden>
    SLICE_X75Y4          FDRE (Setup_fdre_C_CE)      -0.205   123.871    core_i/dK_reg[7][3][3]
  -------------------------------------------------------------------
                         required time                        123.871    <hidden>
                         arrival time                         -51.103    <hidden>
  -------------------------------------------------------------------
                         slack                                 72.768    <hidden>

Slack (MET) :             72.768ns  (required time - arrival time)
  Source:                 rst_s/sync_out_reg[0]/C
                            (rising edge-triggered cell FDRE clocked by clk_core_raw  {rise@0.000ns fall@62.500ns period=125.000ns})
  Destination:            core_i/dK_reg[7][3][9]/CE
                            (rising edge-triggered cell FDRE clocked by clk_core_raw  {rise@0.000ns fall@62.500ns period=125.000ns})
  Path Group:             clk_core_raw
  Path Type:              Setup (Max at Slow Process Corner)
  Requirement:            125.000ns  (clk_core_raw rise@125.000ns - clk_core_raw rise@0.000ns)
  Data Path Delay:        52.034ns  (logic 0.704ns (1.353%)  route 51.330ns (98.647%))
  Logic Levels:           2  (LUT2=1 LUT6=1)
  Clock Path Skew:        0.117ns (DCD - SCD + CPR)
    Destination Clock Delay (DCD):    -1.295ns = ( 123.705 - 125.000 ) 
    Source Clock Delay      (SCD):    -0.931ns
    Clock Pessimism Removal (CPR):    0.480ns
  Clock Uncertainty:      0.110ns  ((TSJ^2 + DJ^2)^1/2) / 2 + PE
    Total System Jitter     (TSJ):    0.071ns
    Discrete Jitter          (DJ):    0.208ns
    Phase Error              (PE):    0.000ns

    Location             Delay type                Incr(ns)  Path(ns)    Netlist Resource(s)
  -------------------------------------------------------------------    -------------------
                         (clock clk_core_raw rise edge)
                                                      0.000     0.000 r  <hidden>
    E3                                                0.000     0.000 r  CLK100MHZ
                         net (fo=0)                   0.000     0.000    CLK100MHZ
    E3                   IBUF (Prop_ibuf_I_O)         1.482     1.482 r  CLK100MHZ_IBUF_inst/O
                         net (fo=1, routed)           1.233     2.715    clk_i/clk100
    MMCME2_ADV_X1Y2      MMCME2_ADV (Prop_mmcme2_adv_CLKIN1_CLKOUT0)
                                                     -7.070    -4.355 r  clk_i/mmcm_i/CLKOUT0
                         net (fo=1, routed)           1.719    -2.636    clk_i/clk_core_raw
    BUFGCTRL_X0Y16       BUFG (Prop_bufg_I_O)         0.096    -2.540 r  clk_i/core_bufg_i/O
                         net (fo=19787, routed)       1.609    -0.931    rst_s/clk_core
    SLICE_X53Y104        FDRE                                         r  rst_s/sync_out_reg[0]/C
  -------------------------------------------------------------------    -------------------
    SLICE_X53Y104        FDRE (Prop_fdre_C_Q)         0.456    -0.475 f  rst_s/sync_out_reg[0]/Q
                         net (fo=23, routed)          3.326     2.851    clk_i/btn0_sync
    SLICE_X4Y87          LUT2 (Prop_lut2_I1_O)        0.124     2.975 f  clk_i/sm_s[15]_i_4/O
                         net (fo=7842, routed)       43.529    46.504    core_i/p_0_in_0
    SLICE_X12Y13         LUT6 (Prop_lut6_I0_O)        0.124    46.628 r  core_i/dK[7][3][15]_i_1/O
                         net (fo=16, routed)          4.475    51.103    core_i/dK[7][3][15]_i_1_n_0
    SLICE_X75Y4          FDRE                                         r  core_i/dK_reg[7][3][9]/CE
  -------------------------------------------------------------------    -------------------

                         (clock clk_core_raw rise edge)
                                                    125.000   125.000 r  <hidden>
    E3                                                0.000   125.000 r  CLK100MHZ
                         net (fo=0)                   0.000   125.000    CLK100MHZ
    E3                   IBUF (Prop_ibuf_I_O)         1.411   126.411 r  CLK100MHZ_IBUF_inst/O
                         net (fo=1, routed)           1.162   127.573    clk_i/clk100
    MMCME2_ADV_X1Y2      MMCME2_ADV (Prop_mmcme2_adv_CLKIN1_CLKOUT0)
                                                     -7.324   120.249 r  clk_i/mmcm_i/CLKOUT0
                         net (fo=1, routed)           1.639   121.888    clk_i/clk_core_raw
    BUFGCTRL_X0Y16       BUFG (Prop_bufg_I_O)         0.091   121.979 r  clk_i/core_bufg_i/O
                         net (fo=19787, routed)       1.726   123.705    core_i/clk_core
    SLICE_X75Y4          FDRE                                         r  core_i/dK_reg[7][3][9]/C
                         clock pessimism              0.480   124.186    <hidden>
                         clock uncertainty           -0.110   124.076    <hidden>
    SLICE_X75Y4          FDRE (Setup_fdre_C_CE)      -0.205   123.871    core_i/dK_reg[7][3][9]
  -------------------------------------------------------------------
                         required time                        123.871    <hidden>
                         arrival time                         -51.103    <hidden>
  -------------------------------------------------------------------
                         slack                                 72.768    <hidden>

Slack (MET) :             72.818ns  (required time - arrival time)
  Source:                 rst_s/sync_out_reg[0]/C
                            (rising edge-triggered cell FDRE clocked by clk_core_raw  {rise@0.000ns fall@62.500ns period=125.000ns})
  Destination:            core_i/dK_reg[7][5][1]/CE
                            (rising edge-triggered cell FDRE clocked by clk_core_raw  {rise@0.000ns fall@62.500ns period=125.000ns})
  Path Group:             clk_core_raw
  Path Type:              Setup (Max at Slow Process Corner)
  Requirement:            125.000ns  (clk_core_raw rise@125.000ns - clk_core_raw rise@0.000ns)
  Data Path Delay:        51.964ns  (logic 0.704ns (1.355%)  route 51.260ns (98.645%))
  Logic Levels:           2  (LUT2=1 LUT6=1)
  Clock Path Skew:        0.061ns (DCD - SCD + CPR)
    Destination Clock Delay (DCD):    -1.351ns = ( 123.649 - 125.000 ) 
    Source Clock Delay      (SCD):    -0.931ns
    Clock Pessimism Removal (CPR):    0.480ns
  Clock Uncertainty:      0.110ns  ((TSJ^2 + DJ^2)^1/2) / 2 + PE
    Total System Jitter     (TSJ):    0.071ns
    Discrete Jitter          (DJ):    0.208ns
    Phase Error              (PE):    0.000ns

    Location             Delay type                Incr(ns)  Path(ns)    Netlist Resource(s)
  -------------------------------------------------------------------    -------------------
                         (clock clk_core_raw rise edge)
                                                      0.000     0.000 r  <hidden>
    E3                                                0.000     0.000 r  CLK100MHZ
                         net (fo=0)                   0.000     0.000    CLK100MHZ
    E3                   IBUF (Prop_ibuf_I_O)         1.482     1.482 r  CLK100MHZ_IBUF_inst/O
                         net (fo=1, routed)           1.233     2.715    clk_i/clk100
    MMCME2_ADV_X1Y2      MMCME2_ADV (Prop_mmcme2_adv_CLKIN1_CLKOUT0)
                                                     -7.070    -4.355 r  clk_i/mmcm_i/CLKOUT0
                         net (fo=1, routed)           1.719    -2.636    clk_i/clk_core_raw
    BUFGCTRL_X0Y16       BUFG (Prop_bufg_I_O)         0.096    -2.540 r  clk_i/core_bufg_i/O
                         net (fo=19787, routed)       1.609    -0.931    rst_s/clk_core
    SLICE_X53Y104        FDRE                                         r  rst_s/sync_out_reg[0]/C
  -------------------------------------------------------------------    -------------------
    SLICE_X53Y104        FDRE (Prop_fdre_C_Q)         0.456    -0.475 f  rst_s/sync_out_reg[0]/Q
                         net (fo=23, routed)          3.326     2.851    clk_i/btn0_sync
    SLICE_X4Y87          LUT2 (Prop_lut2_I1_O)        0.124     2.975 f  clk_i/sm_s[15]_i_4/O
                         net (fo=7842, routed)       43.156    46.131    core_i/p_0_in_0
    SLICE_X14Y13         LUT6 (Prop_lut6_I0_O)        0.124    46.255 r  core_i/dK[7][5][15]_i_1/O
                         net (fo=16, routed)          4.777    51.033    core_i/dK[7][5][15]_i_1_n_0
    SLICE_X70Y16         FDRE                                         r  core_i/dK_reg[7][5][1]/CE
  -------------------------------------------------------------------    -------------------

                         (clock clk_core_raw rise edge)
                                                    125.000   125.000 r  <hidden>
    E3                                                0.000   125.000 r  CLK100MHZ
                         net (fo=0)                   0.000   125.000    CLK100MHZ
    E3                   IBUF (Prop_ibuf_I_O)         1.411   126.411 r  CLK100MHZ_IBUF_inst/O
                         net (fo=1, routed)           1.162   127.573    clk_i/clk100
    MMCME2_ADV_X1Y2      MMCME2_ADV (Prop_mmcme2_adv_CLKIN1_CLKOUT0)
                                                     -7.324   120.249 r  clk_i/mmcm_i/CLKOUT0
                         net (fo=1, routed)           1.639   121.888    clk_i/clk_core_raw
    BUFGCTRL_X0Y16       BUFG (Prop_bufg_I_O)         0.091   121.979 r  clk_i/core_bufg_i/O
                         net (fo=19787, routed)       1.670   123.649    core_i/clk_core
    SLICE_X70Y16         FDRE                                         r  core_i/dK_reg[7][5][1]/C
                         clock pessimism              0.480   124.130    <hidden>
                         clock uncertainty           -0.110   124.020    <hidden>
    SLICE_X70Y16         FDRE (Setup_fdre_C_CE)      -0.169   123.851    core_i/dK_reg[7][5][1]
  -------------------------------------------------------------------
                         required time                        123.851    <hidden>
                         arrival time                         -51.033    <hidden>
  -------------------------------------------------------------------
                         slack                                 72.818    <hidden>

Slack (MET) :             72.837ns  (required time - arrival time)
  Source:                 rst_s/sync_out_reg[0]/C
                            (rising edge-triggered cell FDRE clocked by clk_core_raw  {rise@0.000ns fall@62.500ns period=125.000ns})
  Destination:            core_i/dK_reg[7][4][13]/CE
                            (rising edge-triggered cell FDRE clocked by clk_core_raw  {rise@0.000ns fall@62.500ns period=125.000ns})
  Path Group:             clk_core_raw
  Path Type:              Setup (Max at Slow Process Corner)
  Requirement:            125.000ns  (clk_core_raw rise@125.000ns - clk_core_raw rise@0.000ns)
  Data Path Delay:        51.962ns  (logic 0.704ns (1.355%)  route 51.258ns (98.645%))
  Logic Levels:           2  (LUT2=1 LUT6=1)
  Clock Path Skew:        0.114ns (DCD - SCD + CPR)
    Destination Clock Delay (DCD):    -1.298ns = ( 123.702 - 125.000 ) 
    Source Clock Delay      (SCD):    -0.931ns
    Clock Pessimism Removal (CPR):    0.480ns
  Clock Uncertainty:      0.110ns  ((TSJ^2 + DJ^2)^1/2) / 2 + PE
    Total System Jitter     (TSJ):    0.071ns
    Discrete Jitter          (DJ):    0.208ns
    Phase Error              (PE):    0.000ns

    Location             Delay type                Incr(ns)  Path(ns)    Netlist Resource(s)
  -------------------------------------------------------------------    -------------------
                         (clock clk_core_raw rise edge)
                                                      0.000     0.000 r  <hidden>
    E3                                                0.000     0.000 r  CLK100MHZ
                         net (fo=0)                   0.000     0.000    CLK100MHZ
    E3                   IBUF (Prop_ibuf_I_O)         1.482     1.482 r  CLK100MHZ_IBUF_inst/O
                         net (fo=1, routed)           1.233     2.715    clk_i/clk100
    MMCME2_ADV_X1Y2      MMCME2_ADV (Prop_mmcme2_adv_CLKIN1_CLKOUT0)
                                                     -7.070    -4.355 r  clk_i/mmcm_i/CLKOUT0
                         net (fo=1, routed)           1.719    -2.636    clk_i/clk_core_raw
    BUFGCTRL_X0Y16       BUFG (Prop_bufg_I_O)         0.096    -2.540 r  clk_i/core_bufg_i/O
                         net (fo=19787, routed)       1.609    -0.931    rst_s/clk_core
    SLICE_X53Y104        FDRE                                         r  rst_s/sync_out_reg[0]/C
  -------------------------------------------------------------------    -------------------
    SLICE_X53Y104        FDRE (Prop_fdre_C_Q)         0.456    -0.475 f  rst_s/sync_out_reg[0]/Q
                         net (fo=23, routed)          3.326     2.851    clk_i/btn0_sync
    SLICE_X4Y87          LUT2 (Prop_lut2_I1_O)        0.124     2.975 f  clk_i/sm_s[15]_i_4/O
                         net (fo=7842, routed)       43.137    46.112    core_i/p_0_in_0
    SLICE_X15Y13         LUT6 (Prop_lut6_I0_O)        0.124    46.236 r  core_i/dK[7][4][15]_i_1/O
                         net (fo=16, routed)          4.795    51.031    core_i/dK[7][4][15]_i_1_n_0
    SLICE_X72Y12         FDRE                                         r  core_i/dK_reg[7][4][13]/CE
  -------------------------------------------------------------------    -------------------

                         (clock clk_core_raw rise edge)
                                                    125.000   125.000 r  <hidden>
    E3                                                0.000   125.000 r  CLK100MHZ
                         net (fo=0)                   0.000   125.000    CLK100MHZ
    E3                   IBUF (Prop_ibuf_I_O)         1.411   126.411 r  CLK100MHZ_IBUF_inst/O
                         net (fo=1, routed)           1.162   127.573    clk_i/clk100
    MMCME2_ADV_X1Y2      MMCME2_ADV (Prop_mmcme2_adv_CLKIN1_CLKOUT0)
                                                     -7.324   120.249 r  clk_i/mmcm_i/CLKOUT0
                         net (fo=1, routed)           1.639   121.888    clk_i/clk_core_raw
    BUFGCTRL_X0Y16       BUFG (Prop_bufg_I_O)         0.091   121.979 r  clk_i/core_bufg_i/O
                         net (fo=19787, routed)       1.723   123.702    core_i/clk_core
    SLICE_X72Y12         FDRE                                         r  core_i/dK_reg[7][4][13]/C
                         clock pessimism              0.480   124.183    <hidden>
                         clock uncertainty           -0.110   124.073    <hidden>
    SLICE_X72Y12         FDRE (Setup_fdre_C_CE)      -0.205   123.868    core_i/dK_reg[7][4][13]
  -------------------------------------------------------------------
                         required time                        123.868    <hidden>
                         arrival time                         -51.031    <hidden>
  -------------------------------------------------------------------
                         slack                                 72.837    <hidden>

Slack (MET) :             72.837ns  (required time - arrival time)
  Source:                 rst_s/sync_out_reg[0]/C
                            (rising edge-triggered cell FDRE clocked by clk_core_raw  {rise@0.000ns fall@62.500ns period=125.000ns})
  Destination:            core_i/dK_reg[3][2][13]/CE
                            (rising edge-triggered cell FDRE clocked by clk_core_raw  {rise@0.000ns fall@62.500ns period=125.000ns})
  Path Group:             clk_core_raw
  Path Type:              Setup (Max at Slow Process Corner)
  Requirement:            125.000ns  (clk_core_raw rise@125.000ns - clk_core_raw rise@0.000ns)
  Data Path Delay:        51.911ns  (logic 0.704ns (1.356%)  route 51.207ns (98.644%))
  Logic Levels:           2  (LUT2=1 LUT6=1)
  Clock Path Skew:        0.063ns (DCD - SCD + CPR)
    Destination Clock Delay (DCD):    -1.349ns = ( 123.651 - 125.000 ) 
    Source Clock Delay      (SCD):    -0.931ns
    Clock Pessimism Removal (CPR):    0.480ns
  Clock Uncertainty:      0.110ns  ((TSJ^2 + DJ^2)^1/2) / 2 + PE
    Total System Jitter     (TSJ):    0.071ns
    Discrete Jitter          (DJ):    0.208ns
    Phase Error              (PE):    0.000ns

    Location             Delay type                Incr(ns)  Path(ns)    Netlist Resource(s)
  -------------------------------------------------------------------    -------------------
                         (clock clk_core_raw rise edge)
                                                      0.000     0.000 r  <hidden>
    E3                                                0.000     0.000 r  CLK100MHZ
                         net (fo=0)                   0.000     0.000    CLK100MHZ
    E3                   IBUF (Prop_ibuf_I_O)         1.482     1.482 r  CLK100MHZ_IBUF_inst/O
                         net (fo=1, routed)           1.233     2.715    clk_i/clk100
    MMCME2_ADV_X1Y2      MMCME2_ADV (Prop_mmcme2_adv_CLKIN1_CLKOUT0)
                                                     -7.070    -4.355 r  clk_i/mmcm_i/CLKOUT0
                         net (fo=1, routed)           1.719    -2.636    clk_i/clk_core_raw
    BUFGCTRL_X0Y16       BUFG (Prop_bufg_I_O)         0.096    -2.540 r  clk_i/core_bufg_i/O
                         net (fo=19787, routed)       1.609    -0.931    rst_s/clk_core
    SLICE_X53Y104        FDRE                                         r  rst_s/sync_out_reg[0]/C
  -------------------------------------------------------------------    -------------------
    SLICE_X53Y104        FDRE (Prop_fdre_C_Q)         0.456    -0.475 f  rst_s/sync_out_reg[0]/Q
                         net (fo=23, routed)          3.326     2.851    clk_i/btn0_sync
    SLICE_X4Y87          LUT2 (Prop_lut2_I1_O)        0.124     2.975 f  clk_i/sm_s[15]_i_4/O
                         net (fo=7842, routed)       43.814    46.789    core_i/p_0_in_0
    SLICE_X11Y12         LUT6 (Prop_lut6_I0_O)        0.124    46.913 r  core_i/dK[3][2][15]_i_1/O
                         net (fo=16, routed)          4.067    50.980    core_i/dK[3][2][15]_i_1_n_0
    SLICE_X69Y13         FDRE                                         r  core_i/dK_reg[3][2][13]/CE
  -------------------------------------------------------------------    -------------------

                         (clock clk_core_raw rise edge)
                                                    125.000   125.000 r  <hidden>
    E3                                                0.000   125.000 r  CLK100MHZ
                         net (fo=0)                   0.000   125.000    CLK100MHZ
    E3                   IBUF (Prop_ibuf_I_O)         1.411   126.411 r  CLK100MHZ_IBUF_inst/O
                         net (fo=1, routed)           1.162   127.573    clk_i/clk100
    MMCME2_ADV_X1Y2      MMCME2_ADV (Prop_mmcme2_adv_CLKIN1_CLKOUT0)
                                                     -7.324   120.249 r  clk_i/mmcm_i/CLKOUT0
                         net (fo=1, routed)           1.639   121.888    clk_i/clk_core_raw
    BUFGCTRL_X0Y16       BUFG (Prop_bufg_I_O)         0.091   121.979 r  clk_i/core_bufg_i/O
                         net (fo=19787, routed)       1.672   123.651    core_i/clk_core
    SLICE_X69Y13         FDRE                                         r  core_i/dK_reg[3][2][13]/C
                         clock pessimism              0.480   124.132    <hidden>
                         clock uncertainty           -0.110   124.022    <hidden>
    SLICE_X69Y13         FDRE (Setup_fdre_C_CE)      -0.205   123.817    core_i/dK_reg[3][2][13]
  -------------------------------------------------------------------
                         required time                        123.817    <hidden>
                         arrival time                         -50.980    <hidden>
  -------------------------------------------------------------------
                         slack                                 72.837    <hidden>

Slack (MET) :             72.837ns  (required time - arrival time)
  Source:                 rst_s/sync_out_reg[0]/C
                            (rising edge-triggered cell FDRE clocked by clk_core_raw  {rise@0.000ns fall@62.500ns period=125.000ns})
  Destination:            core_i/dK_reg[3][2][4]/CE
                            (rising edge-triggered cell FDRE clocked by clk_core_raw  {rise@0.000ns fall@62.500ns period=125.000ns})
  Path Group:             clk_core_raw
  Path Type:              Setup (Max at Slow Process Corner)
  Requirement:            125.000ns  (clk_core_raw rise@125.000ns - clk_core_raw rise@0.000ns)
  Data Path Delay:        51.911ns  (logic 0.704ns (1.356%)  route 51.207ns (98.644%))
  Logic Levels:           2  (LUT2=1 LUT6=1)
  Clock Path Skew:        0.063ns (DCD - SCD + CPR)
    Destination Clock Delay (DCD):    -1.349ns = ( 123.651 - 125.000 ) 
    Source Clock Delay      (SCD):    -0.931ns
    Clock Pessimism Removal (CPR):    0.480ns
  Clock Uncertainty:      0.110ns  ((TSJ^2 + DJ^2)^1/2) / 2 + PE
    Total System Jitter     (TSJ):    0.071ns
    Discrete Jitter          (DJ):    0.208ns
    Phase Error              (PE):    0.000ns

    Location             Delay type                Incr(ns)  Path(ns)    Netlist Resource(s)
  -------------------------------------------------------------------    -------------------
                         (clock clk_core_raw rise edge)
                                                      0.000     0.000 r  <hidden>
    E3                                                0.000     0.000 r  CLK100MHZ
                         net (fo=0)                   0.000     0.000    CLK100MHZ
    E3                   IBUF (Prop_ibuf_I_O)         1.482     1.482 r  CLK100MHZ_IBUF_inst/O
                         net (fo=1, routed)           1.233     2.715    clk_i/clk100
    MMCME2_ADV_X1Y2      MMCME2_ADV (Prop_mmcme2_adv_CLKIN1_CLKOUT0)
                                                     -7.070    -4.355 r  clk_i/mmcm_i/CLKOUT0
                         net (fo=1, routed)           1.719    -2.636    clk_i/clk_core_raw
    BUFGCTRL_X0Y16       BUFG (Prop_bufg_I_O)         0.096    -2.540 r  clk_i/core_bufg_i/O
                         net (fo=19787, routed)       1.609    -0.931    rst_s/clk_core
    SLICE_X53Y104        FDRE                                         r  rst_s/sync_out_reg[0]/C
  -------------------------------------------------------------------    -------------------
    SLICE_X53Y104        FDRE (Prop_fdre_C_Q)         0.456    -0.475 f  rst_s/sync_out_reg[0]/Q
                         net (fo=23, routed)          3.326     2.851    clk_i/btn0_sync
    SLICE_X4Y87          LUT2 (Prop_lut2_I1_O)        0.124     2.975 f  clk_i/sm_s[15]_i_4/O
                         net (fo=7842, routed)       43.814    46.789    core_i/p_0_in_0
    SLICE_X11Y12         LUT6 (Prop_lut6_I0_O)        0.124    46.913 r  core_i/dK[3][2][15]_i_1/O
                         net (fo=16, routed)          4.067    50.980    core_i/dK[3][2][15]_i_1_n_0
    SLICE_X69Y13         FDRE                                         r  core_i/dK_reg[3][2][4]/CE
  -------------------------------------------------------------------    -------------------

                         (clock clk_core_raw rise edge)
                                                    125.000   125.000 r  <hidden>
    E3                                                0.000   125.000 r  CLK100MHZ
                         net (fo=0)                   0.000   125.000    CLK100MHZ
    E3                   IBUF (Prop_ibuf_I_O)         1.411   126.411 r  CLK100MHZ_IBUF_inst/O
                         net (fo=1, routed)           1.162   127.573    clk_i/clk100
    MMCME2_ADV_X1Y2      MMCME2_ADV (Prop_mmcme2_adv_CLKIN1_CLKOUT0)
                                                     -7.324   120.249 r  clk_i/mmcm_i/CLKOUT0
                         net (fo=1, routed)           1.639   121.888    clk_i/clk_core_raw
    BUFGCTRL_X0Y16       BUFG (Prop_bufg_I_O)         0.091   121.979 r  clk_i/core_bufg_i/O
                         net (fo=19787, routed)       1.672   123.651    core_i/clk_core
    SLICE_X69Y13         FDRE                                         r  core_i/dK_reg[3][2][4]/C
                         clock pessimism              0.480   124.132    <hidden>
                         clock uncertainty           -0.110   124.022    <hidden>
    SLICE_X69Y13         FDRE (Setup_fdre_C_CE)      -0.205   123.817    core_i/dK_reg[3][2][4]
  -------------------------------------------------------------------
                         required time                        123.817    <hidden>
                         arrival time                         -50.980    <hidden>
  -------------------------------------------------------------------
                         slack                                 72.837    <hidden>

Slack (MET) :             72.928ns  (required time - arrival time)
  Source:                 rst_s/sync_out_reg[0]/C
                            (rising edge-triggered cell FDRE clocked by clk_core_raw  {rise@0.000ns fall@62.500ns period=125.000ns})
  Destination:            core_i/dK_reg[1][3][13]/CE
                            (rising edge-triggered cell FDRE clocked by clk_core_raw  {rise@0.000ns fall@62.500ns period=125.000ns})
  Path Group:             clk_core_raw
  Path Type:              Setup (Max at Slow Process Corner)
  Requirement:            125.000ns  (clk_core_raw rise@125.000ns - clk_core_raw rise@0.000ns)
  Data Path Delay:        51.873ns  (logic 0.704ns (1.357%)  route 51.169ns (98.643%))
  Logic Levels:           2  (LUT2=1 LUT6=1)
  Clock Path Skew:        0.116ns (DCD - SCD + CPR)
    Destination Clock Delay (DCD):    -1.296ns = ( 123.704 - 125.000 ) 
    Source Clock Delay      (SCD):    -0.931ns
    Clock Pessimism Removal (CPR):    0.480ns
  Clock Uncertainty:      0.110ns  ((TSJ^2 + DJ^2)^1/2) / 2 + PE
    Total System Jitter     (TSJ):    0.071ns
    Discrete Jitter          (DJ):    0.208ns
    Phase Error              (PE):    0.000ns

    Location             Delay type                Incr(ns)  Path(ns)    Netlist Resource(s)
  -------------------------------------------------------------------    -------------------
                         (clock clk_core_raw rise edge)
                                                      0.000     0.000 r  <hidden>
    E3                                                0.000     0.000 r  CLK100MHZ
                         net (fo=0)                   0.000     0.000    CLK100MHZ
    E3                   IBUF (Prop_ibuf_I_O)         1.482     1.482 r  CLK100MHZ_IBUF_inst/O
                         net (fo=1, routed)           1.233     2.715    clk_i/clk100
    MMCME2_ADV_X1Y2      MMCME2_ADV (Prop_mmcme2_adv_CLKIN1_CLKOUT0)
                                                     -7.070    -4.355 r  clk_i/mmcm_i/CLKOUT0
                         net (fo=1, routed)           1.719    -2.636    clk_i/clk_core_raw
    BUFGCTRL_X0Y16       BUFG (Prop_bufg_I_O)         0.096    -2.540 r  clk_i/core_bufg_i/O
                         net (fo=19787, routed)       1.609    -0.931    rst_s/clk_core
    SLICE_X53Y104        FDRE                                         r  rst_s/sync_out_reg[0]/C
  -------------------------------------------------------------------    -------------------
    SLICE_X53Y104        FDRE (Prop_fdre_C_Q)         0.456    -0.475 f  rst_s/sync_out_reg[0]/Q
                         net (fo=23, routed)          3.326     2.851    clk_i/btn0_sync
    SLICE_X4Y87          LUT2 (Prop_lut2_I1_O)        0.124     2.975 f  clk_i/sm_s[15]_i_4/O
                         net (fo=7842, routed)       43.639    46.615    core_i/p_0_in_0
    SLICE_X16Y19         LUT6 (Prop_lut6_I0_O)        0.124    46.739 r  core_i/dK[1][3][15]_i_1/O
                         net (fo=16, routed)          4.203    50.942    core_i/dK[1][3][15]_i_1_n_0
    SLICE_X77Y8          FDRE                                         r  core_i/dK_reg[1][3][13]/CE
  -------------------------------------------------------------------    -------------------

                         (clock clk_core_raw rise edge)
                                                    125.000   125.000 r  <hidden>
    E3                                                0.000   125.000 r  CLK100MHZ
                         net (fo=0)                   0.000   125.000    CLK100MHZ
    E3                   IBUF (Prop_ibuf_I_O)         1.411   126.411 r  CLK100MHZ_IBUF_inst/O
                         net (fo=1, routed)           1.162   127.573    clk_i/clk100
    MMCME2_ADV_X1Y2      MMCME2_ADV (Prop_mmcme2_adv_CLKIN1_CLKOUT0)
                                                     -7.324   120.249 r  clk_i/mmcm_i/CLKOUT0
                         net (fo=1, routed)           1.639   121.888    clk_i/clk_core_raw
    BUFGCTRL_X0Y16       BUFG (Prop_bufg_I_O)         0.091   121.979 r  clk_i/core_bufg_i/O
                         net (fo=19787, routed)       1.725   123.704    core_i/clk_core
    SLICE_X77Y8          FDRE                                         r  core_i/dK_reg[1][3][13]/C
                         clock pessimism              0.480   124.185    <hidden>
                         clock uncertainty           -0.110   124.075    <hidden>
    SLICE_X77Y8          FDRE (Setup_fdre_C_CE)      -0.205   123.870    core_i/dK_reg[1][3][13]
  -------------------------------------------------------------------
                         required time                        123.870    <hidden>
                         arrival time                         -50.942    <hidden>
  -------------------------------------------------------------------
                         slack                                 72.928    <hidden>

Slack (MET) :             72.928ns  (required time - arrival time)
  Source:                 rst_s/sync_out_reg[0]/C
                            (rising edge-triggered cell FDRE clocked by clk_core_raw  {rise@0.000ns fall@62.500ns period=125.000ns})
  Destination:            core_i/dK_reg[1][3][7]/CE
                            (rising edge-triggered cell FDRE clocked by clk_core_raw  {rise@0.000ns fall@62.500ns period=125.000ns})
  Path Group:             clk_core_raw
  Path Type:              Setup (Max at Slow Process Corner)
  Requirement:            125.000ns  (clk_core_raw rise@125.000ns - clk_core_raw rise@0.000ns)
  Data Path Delay:        51.873ns  (logic 0.704ns (1.357%)  route 51.169ns (98.643%))
  Logic Levels:           2  (LUT2=1 LUT6=1)
  Clock Path Skew:        0.116ns (DCD - SCD + CPR)
    Destination Clock Delay (DCD):    -1.296ns = ( 123.704 - 125.000 ) 
    Source Clock Delay      (SCD):    -0.931ns
    Clock Pessimism Removal (CPR):    0.480ns
  Clock Uncertainty:      0.110ns  ((TSJ^2 + DJ^2)^1/2) / 2 + PE
    Total System Jitter     (TSJ):    0.071ns
    Discrete Jitter          (DJ):    0.208ns
    Phase Error              (PE):    0.000ns

    Location             Delay type                Incr(ns)  Path(ns)    Netlist Resource(s)
  -------------------------------------------------------------------    -------------------
                         (clock clk_core_raw rise edge)
                                                      0.000     0.000 r  <hidden>
    E3                                                0.000     0.000 r  CLK100MHZ
                         net (fo=0)                   0.000     0.000    CLK100MHZ
    E3                   IBUF (Prop_ibuf_I_O)         1.482     1.482 r  CLK100MHZ_IBUF_inst/O
                         net (fo=1, routed)           1.233     2.715    clk_i/clk100
    MMCME2_ADV_X1Y2      MMCME2_ADV (Prop_mmcme2_adv_CLKIN1_CLKOUT0)
                                                     -7.070    -4.355 r  clk_i/mmcm_i/CLKOUT0
                         net (fo=1, routed)           1.719    -2.636    clk_i/clk_core_raw
    BUFGCTRL_X0Y16       BUFG (Prop_bufg_I_O)         0.096    -2.540 r  clk_i/core_bufg_i/O
                         net (fo=19787, routed)       1.609    -0.931    rst_s/clk_core
    SLICE_X53Y104        FDRE                                         r  rst_s/sync_out_reg[0]/C
  -------------------------------------------------------------------    -------------------
    SLICE_X53Y104        FDRE (Prop_fdre_C_Q)         0.456    -0.475 f  rst_s/sync_out_reg[0]/Q
                         net (fo=23, routed)          3.326     2.851    clk_i/btn0_sync
    SLICE_X4Y87          LUT2 (Prop_lut2_I1_O)        0.124     2.975 f  clk_i/sm_s[15]_i_4/O
                         net (fo=7842, routed)       43.639    46.615    core_i/p_0_in_0
    SLICE_X16Y19         LUT6 (Prop_lut6_I0_O)        0.124    46.739 r  core_i/dK[1][3][15]_i_1/O
                         net (fo=16, routed)          4.203    50.942    core_i/dK[1][3][15]_i_1_n_0
    SLICE_X77Y8          FDRE                                         r  core_i/dK_reg[1][3][7]/CE
  -------------------------------------------------------------------    -------------------

                         (clock clk_core_raw rise edge)
                                                    125.000   125.000 r  <hidden>
    E3                                                0.000   125.000 r  CLK100MHZ
                         net (fo=0)                   0.000   125.000    CLK100MHZ
    E3                   IBUF (Prop_ibuf_I_O)         1.411   126.411 r  CLK100MHZ_IBUF_inst/O
                         net (fo=1, routed)           1.162   127.573    clk_i/clk100
    MMCME2_ADV_X1Y2      MMCME2_ADV (Prop_mmcme2_adv_CLKIN1_CLKOUT0)
                                                     -7.324   120.249 r  clk_i/mmcm_i/CLKOUT0
                         net (fo=1, routed)           1.639   121.888    clk_i/clk_core_raw
    BUFGCTRL_X0Y16       BUFG (Prop_bufg_I_O)         0.091   121.979 r  clk_i/core_bufg_i/O
                         net (fo=19787, routed)       1.725   123.704    core_i/clk_core
    SLICE_X77Y8          FDRE                                         r  core_i/dK_reg[1][3][7]/C
                         clock pessimism              0.480   124.185    <hidden>
                         clock uncertainty           -0.110   124.075    <hidden>
    SLICE_X77Y8          FDRE (Setup_fdre_C_CE)      -0.205   123.870    core_i/dK_reg[1][3][7]
  -------------------------------------------------------------------
                         required time                        123.870    <hidden>
                         arrival time                         -50.942    <hidden>
  -------------------------------------------------------------------
                         slack                                 72.928    <hidden>





Min Delay Paths
--------------------------------------------------------------------------------------
Slack (MET) :             0.020ns  (arrival time - required time)
  Source:                 core_i/dN1_acc_reg[15][12]/C
                            (rising edge-triggered cell FDRE clocked by clk_core_raw  {rise@0.000ns fall@62.500ns period=125.000ns})
  Destination:            core_i/dN1_reg[15][8]/D
                            (rising edge-triggered cell FDRE clocked by clk_core_raw  {rise@0.000ns fall@62.500ns period=125.000ns})
  Path Group:             clk_core_raw
  Path Type:              Hold (Min at Fast Process Corner)
  Requirement:            0.000ns  (clk_core_raw rise@0.000ns - clk_core_raw rise@0.000ns)
  Data Path Delay:        0.376ns  (logic 0.186ns (49.485%)  route 0.190ns (50.515%))
  Logic Levels:           1  (LUT4=1)
  Clock Path Skew:        0.264ns (DCD - SCD - CPR)
    Destination Clock Delay (DCD):    -0.838ns
    Source Clock Delay      (SCD):    -0.598ns
    Clock Pessimism Removal (CPR):    -0.504ns

    Location             Delay type                Incr(ns)  Path(ns)    Netlist Resource(s)
  -------------------------------------------------------------------    -------------------
                         (clock clk_core_raw rise edge)
                                                      0.000     0.000 r  <hidden>
    E3                                                0.000     0.000 r  CLK100MHZ
                         net (fo=0)                   0.000     0.000    CLK100MHZ
    E3                   IBUF (Prop_ibuf_I_O)         0.250     0.250 r  CLK100MHZ_IBUF_inst/O
                         net (fo=1, routed)           0.440     0.690    clk_i/clk100
    MMCME2_ADV_X1Y2      MMCME2_ADV (Prop_mmcme2_adv_CLKIN1_CLKOUT0)
                                                     -2.379    -1.689 r  clk_i/mmcm_i/CLKOUT0
                         net (fo=1, routed)           0.499    -1.190    clk_i/clk_core_raw
    BUFGCTRL_X0Y16       BUFG (Prop_bufg_I_O)         0.026    -1.164 r  clk_i/core_bufg_i/O
                         net (fo=19787, routed)       0.566    -0.598    core_i/clk_core
    SLICE_X51Y52         FDRE                                         r  core_i/dN1_acc_reg[15][12]/C
  -------------------------------------------------------------------    -------------------
    SLICE_X51Y52         FDRE (Prop_fdre_C_Q)         0.141    -0.457 r  core_i/dN1_acc_reg[15][12]/Q
                         net (fo=2, routed)           0.190    -0.267    core_i/dN1_acc_reg[15]_274[12]
    SLICE_X53Y51         LUT4 (Prop_lut4_I3_O)        0.045    -0.222 r  core_i/dN1[15][8]_i_1/O
                         net (fo=1, routed)           0.000    -0.222    core_i/dN1[15][8]_i_1_n_0
    SLICE_X53Y51         FDRE                                         r  core_i/dN1_reg[15][8]/D
  -------------------------------------------------------------------    -------------------

                         (clock clk_core_raw rise edge)
                                                      0.000     0.000 r  <hidden>
    E3                                                0.000     0.000 r  CLK100MHZ
                         net (fo=0)                   0.000     0.000    CLK100MHZ
    E3                   IBUF (Prop_ibuf_I_O)         0.438     0.438 r  CLK100MHZ_IBUF_inst/O
                         net (fo=1, routed)           0.480     0.918    clk_i/clk100
    MMCME2_ADV_X1Y2      MMCME2_ADV (Prop_mmcme2_adv_CLKIN1_CLKOUT0)
                                                     -3.163    -2.245 r  clk_i/mmcm_i/CLKOUT0
                         net (fo=1, routed)           0.544    -1.702    clk_i/clk_core_raw
    BUFGCTRL_X0Y16       BUFG (Prop_bufg_I_O)         0.029    -1.673 r  clk_i/core_bufg_i/O
                         net (fo=19787, routed)       0.835    -0.838    core_i/clk_core
    SLICE_X53Y51         FDRE                                         r  core_i/dN1_reg[15][8]/C
                         clock pessimism              0.504    -0.334    <hidden>
    SLICE_X53Y51         FDRE (Hold_fdre_C_D)         0.092    -0.242    core_i/dN1_reg[15][8]
  -------------------------------------------------------------------
                         required time                          0.242    <hidden>
                         arrival time                          -0.222    <hidden>
  -------------------------------------------------------------------
                         slack                                  0.020    <hidden>

Slack (MET) :             0.023ns  (arrival time - required time)
  Source:                 u_tx/uart_data_reg[5]/C
                            (rising edge-triggered cell FDRE clocked by clk_core_raw  {rise@0.000ns fall@62.500ns period=125.000ns})
  Destination:            u_tx/u_tx/data_reg_reg[5]/D
                            (rising edge-triggered cell FDRE clocked by clk_core_raw  {rise@0.000ns fall@62.500ns period=125.000ns})
  Path Group:             clk_core_raw
  Path Type:              Hold (Min at Fast Process Corner)
  Requirement:            0.000ns  (clk_core_raw rise@0.000ns - clk_core_raw rise@0.000ns)
  Data Path Delay:        0.354ns  (logic 0.141ns (39.817%)  route 0.213ns (60.183%))
  Logic Levels:           0  
  Clock Path Skew:        0.265ns (DCD - SCD - CPR)
    Destination Clock Delay (DCD):    -0.844ns
    Source Clock Delay      (SCD):    -0.605ns
    Clock Pessimism Removal (CPR):    -0.504ns

    Location             Delay type                Incr(ns)  Path(ns)    Netlist Resource(s)
  -------------------------------------------------------------------    -------------------
                         (clock clk_core_raw rise edge)
                                                      0.000     0.000 r  <hidden>
    E3                                                0.000     0.000 r  CLK100MHZ
                         net (fo=0)                   0.000     0.000    CLK100MHZ
    E3                   IBUF (Prop_ibuf_I_O)         0.250     0.250 r  CLK100MHZ_IBUF_inst/O
                         net (fo=1, routed)           0.440     0.690    clk_i/clk100
    MMCME2_ADV_X1Y2      MMCME2_ADV (Prop_mmcme2_adv_CLKIN1_CLKOUT0)
                                                     -2.379    -1.689 r  clk_i/mmcm_i/CLKOUT0
                         net (fo=1, routed)           0.499    -1.190    clk_i/clk_core_raw
    BUFGCTRL_X0Y16       BUFG (Prop_bufg_I_O)         0.026    -1.164 r  clk_i/core_bufg_i/O
                         net (fo=19787, routed)       0.559    -0.605    u_tx/clk_core
    SLICE_X51Y105        FDRE                                         r  u_tx/uart_data_reg[5]/C
  -------------------------------------------------------------------    -------------------
    SLICE_X51Y105        FDRE (Prop_fdre_C_Q)         0.141    -0.464 r  u_tx/uart_data_reg[5]/Q
                         net (fo=1, routed)           0.213    -0.251    u_tx/u_tx/data_reg_reg[7]_0[5]
    SLICE_X53Y102        FDRE                                         r  u_tx/u_tx/data_reg_reg[5]/D
  -------------------------------------------------------------------    -------------------

                         (clock clk_core_raw rise edge)
                                                      0.000     0.000 r  <hidden>
    E3                                                0.000     0.000 r  CLK100MHZ
                         net (fo=0)                   0.000     0.000    CLK100MHZ
    E3                   IBUF (Prop_ibuf_I_O)         0.438     0.438 r  CLK100MHZ_IBUF_inst/O
                         net (fo=1, routed)           0.480     0.918    clk_i/clk100
    MMCME2_ADV_X1Y2      MMCME2_ADV (Prop_mmcme2_adv_CLKIN1_CLKOUT0)
                                                     -3.163    -2.245 r  clk_i/mmcm_i/CLKOUT0
                         net (fo=1, routed)           0.544    -1.702    clk_i/clk_core_raw
    BUFGCTRL_X0Y16       BUFG (Prop_bufg_I_O)         0.029    -1.673 r  clk_i/core_bufg_i/O
                         net (fo=19787, routed)       0.828    -0.844    u_tx/u_tx/clk_core
    SLICE_X53Y102        FDRE                                         r  u_tx/u_tx/data_reg_reg[5]/C
                         clock pessimism              0.504    -0.340    <hidden>
    SLICE_X53Y102        FDRE (Hold_fdre_C_D)         0.066    -0.274    u_tx/u_tx/data_reg_reg[5]
  -------------------------------------------------------------------
                         required time                          0.274    <hidden>
                         arrival time                          -0.251    <hidden>
  -------------------------------------------------------------------
                         slack                                  0.023    <hidden>

Slack (MET) :             0.050ns  (arrival time - required time)
  Source:                 core_i/dN1_acc_reg[12][13]/C
                            (rising edge-triggered cell FDRE clocked by clk_core_raw  {rise@0.000ns fall@62.500ns period=125.000ns})
  Destination:            core_i/dN1_reg[12][9]/D
                            (rising edge-triggered cell FDRE clocked by clk_core_raw  {rise@0.000ns fall@62.500ns period=125.000ns})
  Path Group:             clk_core_raw
  Path Type:              Hold (Min at Fast Process Corner)
  Requirement:            0.000ns  (clk_core_raw rise@0.000ns - clk_core_raw rise@0.000ns)
  Data Path Delay:        0.445ns  (logic 0.187ns (42.060%)  route 0.258ns (57.940%))
  Logic Levels:           1  (LUT4=1)
  Clock Path Skew:        0.264ns (DCD - SCD - CPR)
    Destination Clock Delay (DCD):    -0.838ns
    Source Clock Delay      (SCD):    -0.598ns
    Clock Pessimism Removal (CPR):    -0.504ns

    Location             Delay type                Incr(ns)  Path(ns)    Netlist Resource(s)
  -------------------------------------------------------------------    -------------------
                         (clock clk_core_raw rise edge)
                                                      0.000     0.000 r  <hidden>
    E3                                                0.000     0.000 r  CLK100MHZ
                         net (fo=0)                   0.000     0.000    CLK100MHZ
    E3                   IBUF (Prop_ibuf_I_O)         0.250     0.250 r  CLK100MHZ_IBUF_inst/O
                         net (fo=1, routed)           0.440     0.690    clk_i/clk100
    MMCME2_ADV_X1Y2      MMCME2_ADV (Prop_mmcme2_adv_CLKIN1_CLKOUT0)
                                                     -2.379    -1.689 r  clk_i/mmcm_i/CLKOUT0
                         net (fo=1, routed)           0.499    -1.190    clk_i/clk_core_raw
    BUFGCTRL_X0Y16       BUFG (Prop_bufg_I_O)         0.026    -1.164 r  clk_i/core_bufg_i/O
                         net (fo=19787, routed)       0.566    -0.598    core_i/clk_core
    SLICE_X51Y51         FDRE                                         r  core_i/dN1_acc_reg[12][13]/C
  -------------------------------------------------------------------    -------------------
    SLICE_X51Y51         FDRE (Prop_fdre_C_Q)         0.141    -0.457 r  core_i/dN1_acc_reg[12][13]/Q
                         net (fo=2, routed)           0.258    -0.200    core_i/dN1_acc_reg[12]__0[13]
    SLICE_X54Y51         LUT4 (Prop_lut4_I3_O)        0.046    -0.154 r  core_i/dN1[12][9]_i_1/O
                         net (fo=1, routed)           0.000    -0.154    core_i/dN1[12][9]_i_1_n_0
    SLICE_X54Y51         FDRE                                         r  core_i/dN1_reg[12][9]/D
  -------------------------------------------------------------------    -------------------

                         (clock clk_core_raw rise edge)
                                                      0.000     0.000 r  <hidden>
    E3                                                0.000     0.000 r  CLK100MHZ
                         net (fo=0)                   0.000     0.000    CLK100MHZ
    E3                   IBUF (Prop_ibuf_I_O)         0.438     0.438 r  CLK100MHZ_IBUF_inst/O
                         net (fo=1, routed)           0.480     0.918    clk_i/clk100
    MMCME2_ADV_X1Y2      MMCME2_ADV (Prop_mmcme2_adv_CLKIN1_CLKOUT0)
                                                     -3.163    -2.245 r  clk_i/mmcm_i/CLKOUT0
                         net (fo=1, routed)           0.544    -1.702    clk_i/clk_core_raw
    BUFGCTRL_X0Y16       BUFG (Prop_bufg_I_O)         0.029    -1.673 r  clk_i/core_bufg_i/O
                         net (fo=19787, routed)       0.835    -0.838    core_i/clk_core
    SLICE_X54Y51         FDRE                                         r  core_i/dN1_reg[12][9]/C
                         clock pessimism              0.504    -0.334    <hidden>
    SLICE_X54Y51         FDRE (Hold_fdre_C_D)         0.131    -0.203    core_i/dN1_reg[12][9]
  -------------------------------------------------------------------
                         required time                          0.203    <hidden>
                         arrival time                          -0.154    <hidden>
  -------------------------------------------------------------------
                         slack                                  0.050    <hidden>

Slack (MET) :             0.050ns  (arrival time - required time)
  Source:                 core_i/dA_acc_reg[5][16]/C
                            (rising edge-triggered cell FDRE clocked by clk_core_raw  {rise@0.000ns fall@62.500ns period=125.000ns})
  Destination:            core_i/dA_reg[5][12]/D
                            (rising edge-triggered cell FDRE clocked by clk_core_raw  {rise@0.000ns fall@62.500ns period=125.000ns})
  Path Group:             clk_core_raw
  Path Type:              Hold (Min at Fast Process Corner)
  Requirement:            0.000ns  (clk_core_raw rise@0.000ns - clk_core_raw rise@0.000ns)
  Data Path Delay:        0.371ns  (logic 0.209ns (56.378%)  route 0.162ns (43.622%))
  Logic Levels:           1  (LUT4=1)
  Clock Path Skew:        0.199ns (DCD - SCD - CPR)
    Destination Clock Delay (DCD):    -0.826ns
    Source Clock Delay      (SCD):    -0.522ns
    Clock Pessimism Removal (CPR):    -0.504ns

    Location             Delay type                Incr(ns)  Path(ns)    Netlist Resource(s)
  -------------------------------------------------------------------    -------------------
                         (clock clk_core_raw rise edge)
                                                      0.000     0.000 r  <hidden>
    E3                                                0.000     0.000 r  CLK100MHZ
                         net (fo=0)                   0.000     0.000    CLK100MHZ
    E3                   IBUF (Prop_ibuf_I_O)         0.250     0.250 r  CLK100MHZ_IBUF_inst/O
                         net (fo=1, routed)           0.440     0.690    clk_i/clk100
    MMCME2_ADV_X1Y2      MMCME2_ADV (Prop_mmcme2_adv_CLKIN1_CLKOUT0)
                                                     -2.379    -1.689 r  clk_i/mmcm_i/CLKOUT0
                         net (fo=1, routed)           0.499    -1.190    clk_i/clk_core_raw
    BUFGCTRL_X0Y16       BUFG (Prop_bufg_I_O)         0.026    -1.164 r  clk_i/core_bufg_i/O
                         net (fo=19787, routed)       0.642    -0.522    core_i/clk_core
    SLICE_X14Y49         FDRE                                         r  core_i/dA_acc_reg[5][16]/C
  -------------------------------------------------------------------    -------------------
    SLICE_X14Y49         FDRE (Prop_fdre_C_Q)         0.164    -0.358 r  core_i/dA_acc_reg[5][16]/Q
                         net (fo=2, routed)           0.162    -0.196    core_i/dA_acc_reg[5]_11[16]
    SLICE_X14Y51         LUT4 (Prop_lut4_I3_O)        0.045    -0.151 r  core_i/dA[5][12]_i_1/O
                         net (fo=1, routed)           0.000    -0.151    core_i/dA[5][12]_i_1_n_0
    SLICE_X14Y51         FDRE                                         r  core_i/dA_reg[5][12]/D
  -------------------------------------------------------------------    -------------------

                         (clock clk_core_raw rise edge)
                                                      0.000     0.000 r  <hidden>
    E3                                                0.000     0.000 r  CLK100MHZ
                         net (fo=0)                   0.000     0.000    CLK100MHZ
    E3                   IBUF (Prop_ibuf_I_O)         0.438     0.438 r  CLK100MHZ_IBUF_inst/O
                         net (fo=1, routed)           0.480     0.918    clk_i/clk100
    MMCME2_ADV_X1Y2      MMCME2_ADV (Prop_mmcme2_adv_CLKIN1_CLKOUT0)
                                                     -3.163    -2.245 r  clk_i/mmcm_i/CLKOUT0
                         net (fo=1, routed)           0.544    -1.702    clk_i/clk_core_raw
    BUFGCTRL_X0Y16       BUFG (Prop_bufg_I_O)         0.029    -1.673 r  clk_i/core_bufg_i/O
                         net (fo=19787, routed)       0.847    -0.826    core_i/clk_core
    SLICE_X14Y51         FDRE                                         r  core_i/dA_reg[5][12]/C
                         clock pessimism              0.504    -0.322    <hidden>
    SLICE_X14Y51         FDRE (Hold_fdre_C_D)         0.121    -0.201    core_i/dA_reg[5][12]
  -------------------------------------------------------------------
                         required time                          0.201    <hidden>
                         arrival time                          -0.151    <hidden>
  -------------------------------------------------------------------
                         slack                                  0.050    <hidden>

Slack (MET) :             0.058ns  (arrival time - required time)
  Source:                 core_i/dN1_acc_reg[4][4]/C
                            (rising edge-triggered cell FDRE clocked by clk_core_raw  {rise@0.000ns fall@62.500ns period=125.000ns})
  Destination:            core_i/dN1_reg[4][0]/D
                            (rising edge-triggered cell FDRE clocked by clk_core_raw  {rise@0.000ns fall@62.500ns period=125.000ns})
  Path Group:             clk_core_raw
  Path Type:              Hold (Min at Fast Process Corner)
  Requirement:            0.000ns  (clk_core_raw rise@0.000ns - clk_core_raw rise@0.000ns)
  Data Path Delay:        0.515ns  (logic 0.246ns (47.748%)  route 0.269ns (52.252%))
  Logic Levels:           1  (LUT4=1)
  Clock Path Skew:        0.336ns (DCD - SCD - CPR)
    Destination Clock Delay (DCD):    -0.765ns
    Source Clock Delay      (SCD):    -0.597ns
    Clock Pessimism Removal (CPR):    -0.504ns

    Location             Delay type                Incr(ns)  Path(ns)    Netlist Resource(s)
  -------------------------------------------------------------------    -------------------
                         (clock clk_core_raw rise edge)
                                                      0.000     0.000 r  <hidden>
    E3                                                0.000     0.000 r  CLK100MHZ
                         net (fo=0)                   0.000     0.000    CLK100MHZ
    E3                   IBUF (Prop_ibuf_I_O)         0.250     0.250 r  CLK100MHZ_IBUF_inst/O
                         net (fo=1, routed)           0.440     0.690    clk_i/clk100
    MMCME2_ADV_X1Y2      MMCME2_ADV (Prop_mmcme2_adv_CLKIN1_CLKOUT0)
                                                     -2.379    -1.689 r  clk_i/mmcm_i/CLKOUT0
                         net (fo=1, routed)           0.499    -1.190    clk_i/clk_core_raw
    BUFGCTRL_X0Y16       BUFG (Prop_bufg_I_O)         0.026    -1.164 r  clk_i/core_bufg_i/O
                         net (fo=19787, routed)       0.567    -0.597    core_i/clk_core
    SLICE_X60Y51         FDRE                                         r  core_i/dN1_acc_reg[4][4]/C
  -------------------------------------------------------------------    -------------------
    SLICE_X60Y51         FDRE (Prop_fdre_C_Q)         0.148    -0.449 r  core_i/dN1_acc_reg[4][4]/Q
                         net (fo=2, routed)           0.269    -0.180    core_i/dN1_acc_reg[4]__0[4]
    SLICE_X60Y49         LUT4 (Prop_lut4_I3_O)        0.098    -0.082 r  core_i/dN1[4][0]_i_1/O
                         net (fo=1, routed)           0.000    -0.082    core_i/dN1[4][0]_i_1_n_0
    SLICE_X60Y49         FDRE                                         r  core_i/dN1_reg[4][0]/D
  -------------------------------------------------------------------    -------------------

                         (clock clk_core_raw rise edge)
                                                      0.000     0.000 r  <hidden>
    E3                                                0.000     0.000 r  CLK100MHZ
                         net (fo=0)                   0.000     0.000    CLK100MHZ
    E3                   IBUF (Prop_ibuf_I_O)         0.438     0.438 r  CLK100MHZ_IBUF_inst/O
                         net (fo=1, routed)           0.480     0.918    clk_i/clk100
    MMCME2_ADV_X1Y2      MMCME2_ADV (Prop_mmcme2_adv_CLKIN1_CLKOUT0)
                                                     -3.163    -2.245 r  clk_i/mmcm_i/CLKOUT0
                         net (fo=1, routed)           0.544    -1.702    clk_i/clk_core_raw
    BUFGCTRL_X0Y16       BUFG (Prop_bufg_I_O)         0.029    -1.673 r  clk_i/core_bufg_i/O
                         net (fo=19787, routed)       0.908    -0.765    core_i/clk_core
    SLICE_X60Y49         FDRE                                         r  core_i/dN1_reg[4][0]/C
                         clock pessimism              0.504    -0.261    <hidden>
    SLICE_X60Y49         FDRE (Hold_fdre_C_D)         0.121    -0.140    core_i/dN1_reg[4][0]
  -------------------------------------------------------------------
                         required time                          0.140    <hidden>
                         arrival time                          -0.082    <hidden>
  -------------------------------------------------------------------
                         slack                                  0.058    <hidden>

Slack (MET) :             0.066ns  (arrival time - required time)
  Source:                 core_i/last_loss_reg[11]/C
                            (rising edge-triggered cell FDRE clocked by clk_core_raw  {rise@0.000ns fall@62.500ns period=125.000ns})
  Destination:            tx_frame_reg[4][3]/D
                            (rising edge-triggered cell FDRE clocked by clk_core_raw  {rise@0.000ns fall@62.500ns period=125.000ns})
  Path Group:             clk_core_raw
  Path Type:              Hold (Min at Fast Process Corner)
  Requirement:            0.000ns  (clk_core_raw rise@0.000ns - clk_core_raw rise@0.000ns)
  Data Path Delay:        0.421ns  (logic 0.186ns (44.158%)  route 0.235ns (55.842%))
  Logic Levels:           1  (LUT4=1)
  Clock Path Skew:        0.263ns (DCD - SCD - CPR)
    Destination Clock Delay (DCD):    -0.841ns
    Source Clock Delay      (SCD):    -0.595ns
    Clock Pessimism Removal (CPR):    -0.509ns

    Location             Delay type                Incr(ns)  Path(ns)    Netlist Resource(s)
  -------------------------------------------------------------------    -------------------
                         (clock clk_core_raw rise edge)
                                                      0.000     0.000 r  <hidden>
    E3                                                0.000     0.000 r  CLK100MHZ
                         net (fo=0)                   0.000     0.000    CLK100MHZ
    E3                   IBUF (Prop_ibuf_I_O)         0.250     0.250 r  CLK100MHZ_IBUF_inst/O
                         net (fo=1, routed)           0.440     0.690    clk_i/clk100
    MMCME2_ADV_X1Y2      MMCME2_ADV (Prop_mmcme2_adv_CLKIN1_CLKOUT0)
                                                     -2.379    -1.689 r  clk_i/mmcm_i/CLKOUT0
                         net (fo=1, routed)           0.499    -1.190    clk_i/clk_core_raw
    BUFGCTRL_X0Y16       BUFG (Prop_bufg_I_O)         0.026    -1.164 r  clk_i/core_bufg_i/O
                         net (fo=19787, routed)       0.569    -0.595    core_i/clk_core
    SLICE_X40Y98         FDRE                                         r  core_i/last_loss_reg[11]/C
  -------------------------------------------------------------------    -------------------
    SLICE_X40Y98         FDRE (Prop_fdre_C_Q)         0.141    -0.454 r  core_i/last_loss_reg[11]/Q
                         net (fo=4, routed)           0.235    -0.219    core_i/p_9_in[3]
    SLICE_X43Y103        LUT4 (Prop_lut4_I2_O)        0.045    -0.174 r  core_i/tx_frame[4][3]_i_1/O
                         net (fo=1, routed)           0.000    -0.174    core_i_n_54
    SLICE_X43Y103        FDRE                                         r  tx_frame_reg[4][3]/D
  -------------------------------------------------------------------    -------------------

                         (clock clk_core_raw rise edge)
                                                      0.000     0.000 r  <hidden>
    E3                                                0.000     0.000 r  CLK100MHZ
                         net (fo=0)                   0.000     0.000    CLK100MHZ
    E3                   IBUF (Prop_ibuf_I_O)         0.438     0.438 r  CLK100MHZ_IBUF_inst/O
                         net (fo=1, routed)           0.480     0.918    clk_i/clk100
    MMCME2_ADV_X1Y2      MMCME2_ADV (Prop_mmcme2_adv_CLKIN1_CLKOUT0)
                                                     -3.163    -2.245 r  clk_i/mmcm_i/CLKOUT0
                         net (fo=1, routed)           0.544    -1.702    clk_i/clk_core_raw
    BUFGCTRL_X0Y16       BUFG (Prop_bufg_I_O)         0.029    -1.673 r  clk_i/core_bufg_i/O
                         net (fo=19787, routed)       0.831    -0.841    core_clk
    SLICE_X43Y103        FDRE                                         r  tx_frame_reg[4][3]/C
                         clock pessimism              0.509    -0.332    <hidden>
    SLICE_X43Y103        FDRE (Hold_fdre_C_D)         0.092    -0.240    tx_frame_reg[4][3]
  -------------------------------------------------------------------
                         required time                          0.240    <hidden>
                         arrival time                          -0.174    <hidden>
  -------------------------------------------------------------------
                         slack                                  0.066    <hidden>

Slack (MET) :             0.069ns  (arrival time - required time)
  Source:                 core_i/dH_reg[2][10]/C
                            (rising edge-triggered cell FDRE clocked by clk_core_raw  {rise@0.000ns fall@62.500ns period=125.000ns})
  Destination:            core_i/dY_reg[2][10]/D
                            (rising edge-triggered cell FDRE clocked by clk_core_raw  {rise@0.000ns fall@62.500ns period=125.000ns})
  Path Group:             clk_core_raw
  Path Type:              Hold (Min at Fast Process Corner)
  Requirement:            0.000ns  (clk_core_raw rise@0.000ns - clk_core_raw rise@0.000ns)
  Data Path Delay:        0.395ns  (logic 0.141ns (35.715%)  route 0.254ns (64.285%))
  Logic Levels:           0  
  Clock Path Skew:        0.260ns (DCD - SCD - CPR)
    Destination Clock Delay (DCD):    -0.855ns
    Source Clock Delay      (SCD):    -0.611ns
    Clock Pessimism Removal (CPR):    -0.504ns

    Location             Delay type                Incr(ns)  Path(ns)    Netlist Resource(s)
  -------------------------------------------------------------------    -------------------
                         (clock clk_core_raw rise edge)
                                                      0.000     0.000 r  <hidden>
    E3                                                0.000     0.000 r  CLK100MHZ
                         net (fo=0)                   0.000     0.000    CLK100MHZ
    E3                   IBUF (Prop_ibuf_I_O)         0.250     0.250 r  CLK100MHZ_IBUF_inst/O
                         net (fo=1, routed)           0.440     0.690    clk_i/clk100
    MMCME2_ADV_X1Y2      MMCME2_ADV (Prop_mmcme2_adv_CLKIN1_CLKOUT0)
                                                     -2.379    -1.689 r  clk_i/mmcm_i/CLKOUT0
                         net (fo=1, routed)           0.499    -1.190    clk_i/clk_core_raw
    BUFGCTRL_X0Y16       BUFG (Prop_bufg_I_O)         0.026    -1.164 r  clk_i/core_bufg_i/O
                         net (fo=19787, routed)       0.553    -0.611    core_i/clk_core
    SLICE_X49Y75         FDRE                                         r  core_i/dH_reg[2][10]/C
  -------------------------------------------------------------------    -------------------
    SLICE_X49Y75         FDRE (Prop_fdre_C_Q)         0.141    -0.470 r  core_i/dH_reg[2][10]/Q
                         net (fo=2, routed)           0.254    -0.216    core_i/gpack[34][10]
    SLICE_X52Y74         FDRE                                         r  core_i/dY_reg[2][10]/D
  -------------------------------------------------------------------    -------------------

                         (clock clk_core_raw rise edge)
                                                      0.000     0.000 r  <hidden>
    E3                                                0.000     0.000 r  CLK100MHZ
                         net (fo=0)                   0.000     0.000    CLK100MHZ
    E3                   IBUF (Prop_ibuf_I_O)         0.438     0.438 r  CLK100MHZ_IBUF_inst/O
                         net (fo=1, routed)           0.480     0.918    clk_i/clk100
    MMCME2_ADV_X1Y2      MMCME2_ADV (Prop_mmcme2_adv_CLKIN1_CLKOUT0)
                                                     -3.163    -2.245 r  clk_i/mmcm_i/CLKOUT0
                         net (fo=1, routed)           0.544    -1.702    clk_i/clk_core_raw
    BUFGCTRL_X0Y16       BUFG (Prop_bufg_I_O)         0.029    -1.673 r  clk_i/core_bufg_i/O
                         net (fo=19787, routed)       0.818    -0.855    core_i/clk_core
    SLICE_X52Y74         FDRE                                         r  core_i/dY_reg[2][10]/C
                         clock pessimism              0.504    -0.351    <hidden>
    SLICE_X52Y74         FDRE (Hold_fdre_C_D)         0.066    -0.285    core_i/dY_reg[2][10]
  -------------------------------------------------------------------
                         required time                          0.285    <hidden>
                         arrival time                          -0.216    <hidden>
  -------------------------------------------------------------------
                         slack                                  0.069    <hidden>

Slack (MET) :             0.069ns  (arrival time - required time)
  Source:                 core_i/dH_reg[6][10]/C
                            (rising edge-triggered cell FDRE clocked by clk_core_raw  {rise@0.000ns fall@62.500ns period=125.000ns})
  Destination:            core_i/dY_reg[6][10]/D
                            (rising edge-triggered cell FDRE clocked by clk_core_raw  {rise@0.000ns fall@62.500ns period=125.000ns})
  Path Group:             clk_core_raw
  Path Type:              Hold (Min at Fast Process Corner)
  Requirement:            0.000ns  (clk_core_raw rise@0.000ns - clk_core_raw rise@0.000ns)
  Data Path Delay:        0.393ns  (logic 0.164ns (41.714%)  route 0.229ns (58.286%))
  Logic Levels:           0  
  Clock Path Skew:        0.260ns (DCD - SCD - CPR)
    Destination Clock Delay (DCD):    -0.852ns
    Source Clock Delay      (SCD):    -0.608ns
    Clock Pessimism Removal (CPR):    -0.504ns

    Location             Delay type                Incr(ns)  Path(ns)    Netlist Resource(s)
  -------------------------------------------------------------------    -------------------
                         (clock clk_core_raw rise edge)
                                                      0.000     0.000 r  <hidden>
    E3                                                0.000     0.000 r  CLK100MHZ
                         net (fo=0)                   0.000     0.000    CLK100MHZ
    E3                   IBUF (Prop_ibuf_I_O)         0.250     0.250 r  CLK100MHZ_IBUF_inst/O
                         net (fo=1, routed)           0.440     0.690    clk_i/clk100
    MMCME2_ADV_X1Y2      MMCME2_ADV (Prop_mmcme2_adv_CLKIN1_CLKOUT0)
                                                     -2.379    -1.689 r  clk_i/mmcm_i/CLKOUT0
                         net (fo=1, routed)           0.499    -1.190    clk_i/clk_core_raw
    BUFGCTRL_X0Y16       BUFG (Prop_bufg_I_O)         0.026    -1.164 r  clk_i/core_bufg_i/O
                         net (fo=19787, routed)       0.556    -0.608    core_i/clk_core
    SLICE_X50Y79         FDRE                                         r  core_i/dH_reg[6][10]/C
  -------------------------------------------------------------------    -------------------
    SLICE_X50Y79         FDRE (Prop_fdre_C_Q)         0.164    -0.444 r  core_i/dH_reg[6][10]/Q
                         net (fo=2, routed)           0.229    -0.215    core_i/gpack[38][10]
    SLICE_X54Y77         FDRE                                         r  core_i/dY_reg[6][10]/D
  -------------------------------------------------------------------    -------------------

                         (clock clk_core_raw rise edge)
                                                      0.000     0.000 r  <hidden>
    E3                                                0.000     0.000 r  CLK100MHZ
                         net (fo=0)                   0.000     0.000    CLK100MHZ
    E3                   IBUF (Prop_ibuf_I_O)         0.438     0.438 r  CLK100MHZ_IBUF_inst/O
                         net (fo=1, routed)           0.480     0.918    clk_i/clk100
    MMCME2_ADV_X1Y2      MMCME2_ADV (Prop_mmcme2_adv_CLKIN1_CLKOUT0)
                                                     -3.163    -2.245 r  clk_i/mmcm_i/CLKOUT0
                         net (fo=1, routed)           0.544    -1.702    clk_i/clk_core_raw
    BUFGCTRL_X0Y16       BUFG (Prop_bufg_I_O)         0.029    -1.673 r  clk_i/core_bufg_i/O
                         net (fo=19787, routed)       0.821    -0.852    core_i/clk_core
    SLICE_X54Y77         FDRE                                         r  core_i/dY_reg[6][10]/C
                         clock pessimism              0.504    -0.348    <hidden>
    SLICE_X54Y77         FDRE (Hold_fdre_C_D)         0.064    -0.284    core_i/dY_reg[6][10]
  -------------------------------------------------------------------
                         required time                          0.284    <hidden>
                         arrival time                          -0.215    <hidden>
  -------------------------------------------------------------------
                         slack                                  0.069    <hidden>

Slack (MET) :             0.071ns  (arrival time - required time)
  Source:                 u_tx/uart_data_reg[4]/C
                            (rising edge-triggered cell FDRE clocked by clk_core_raw  {rise@0.000ns fall@62.500ns period=125.000ns})
  Destination:            u_tx/u_tx/data_reg_reg[4]/D
                            (rising edge-triggered cell FDRE clocked by clk_core_raw  {rise@0.000ns fall@62.500ns period=125.000ns})
  Path Group:             clk_core_raw
  Path Type:              Hold (Min at Fast Process Corner)
  Requirement:            0.000ns  (clk_core_raw rise@0.000ns - clk_core_raw rise@0.000ns)
  Data Path Delay:        0.406ns  (logic 0.141ns (34.745%)  route 0.265ns (65.255%))
  Logic Levels:           0  
  Clock Path Skew:        0.265ns (DCD - SCD - CPR)
    Destination Clock Delay (DCD):    -0.844ns
    Source Clock Delay      (SCD):    -0.605ns
    Clock Pessimism Removal (CPR):    -0.504ns

    Location             Delay type                Incr(ns)  Path(ns)    Netlist Resource(s)
  -------------------------------------------------------------------    -------------------
                         (clock clk_core_raw rise edge)
                                                      0.000     0.000 r  <hidden>
    E3                                                0.000     0.000 r  CLK100MHZ
                         net (fo=0)                   0.000     0.000    CLK100MHZ
    E3                   IBUF (Prop_ibuf_I_O)         0.250     0.250 r  CLK100MHZ_IBUF_inst/O
                         net (fo=1, routed)           0.440     0.690    clk_i/clk100
    MMCME2_ADV_X1Y2      MMCME2_ADV (Prop_mmcme2_adv_CLKIN1_CLKOUT0)
                                                     -2.379    -1.689 r  clk_i/mmcm_i/CLKOUT0
                         net (fo=1, routed)           0.499    -1.190    clk_i/clk_core_raw
    BUFGCTRL_X0Y16       BUFG (Prop_bufg_I_O)         0.026    -1.164 r  clk_i/core_bufg_i/O
                         net (fo=19787, routed)       0.559    -0.605    u_tx/clk_core
    SLICE_X51Y105        FDRE                                         r  u_tx/uart_data_reg[4]/C
  -------------------------------------------------------------------    -------------------
    SLICE_X51Y105        FDRE (Prop_fdre_C_Q)         0.141    -0.464 r  u_tx/uart_data_reg[4]/Q
                         net (fo=1, routed)           0.265    -0.199    u_tx/u_tx/data_reg_reg[7]_0[4]
    SLICE_X53Y102        FDRE                                         r  u_tx/u_tx/data_reg_reg[4]/D
  -------------------------------------------------------------------    -------------------

                         (clock clk_core_raw rise edge)
                                                      0.000     0.000 r  <hidden>
    E3                                                0.000     0.000 r  CLK100MHZ
                         net (fo=0)                   0.000     0.000    CLK100MHZ
    E3                   IBUF (Prop_ibuf_I_O)         0.438     0.438 r  CLK100MHZ_IBUF_inst/O
                         net (fo=1, routed)           0.480     0.918    clk_i/clk100
    MMCME2_ADV_X1Y2      MMCME2_ADV (Prop_mmcme2_adv_CLKIN1_CLKOUT0)
                                                     -3.163    -2.245 r  clk_i/mmcm_i/CLKOUT0
                         net (fo=1, routed)           0.544    -1.702    clk_i/clk_core_raw
    BUFGCTRL_X0Y16       BUFG (Prop_bufg_I_O)         0.029    -1.673 r  clk_i/core_bufg_i/O
                         net (fo=19787, routed)       0.828    -0.844    u_tx/u_tx/clk_core
    SLICE_X53Y102        FDRE                                         r  u_tx/u_tx/data_reg_reg[4]/C
                         clock pessimism              0.504    -0.340    <hidden>
    SLICE_X53Y102        FDRE (Hold_fdre_C_D)         0.070    -0.270    u_tx/u_tx/data_reg_reg[4]
  -------------------------------------------------------------------
                         required time                          0.270    <hidden>
                         arrival time                          -0.199    <hidden>
  -------------------------------------------------------------------
                         slack                                  0.071    <hidden>

Slack (MET) :             0.074ns  (arrival time - required time)
  Source:                 core_i/dA_acc_reg[0][12]/C
                            (rising edge-triggered cell FDRE clocked by clk_core_raw  {rise@0.000ns fall@62.500ns period=125.000ns})
  Destination:            core_i/dA_reg[0][8]/D
                            (rising edge-triggered cell FDRE clocked by clk_core_raw  {rise@0.000ns fall@62.500ns period=125.000ns})
  Path Group:             clk_core_raw
  Path Type:              Hold (Min at Fast Process Corner)
  Requirement:            0.000ns  (clk_core_raw rise@0.000ns - clk_core_raw rise@0.000ns)
  Data Path Delay:        0.506ns  (logic 0.186ns (36.771%)  route 0.320ns (63.229%))
  Logic Levels:           1  (LUT4=1)
  Clock Path Skew:        0.340ns (DCD - SCD - CPR)
    Destination Clock Delay (DCD):    -0.757ns
    Source Clock Delay      (SCD):    -0.593ns
    Clock Pessimism Removal (CPR):    -0.504ns

    Location             Delay type                Incr(ns)  Path(ns)    Netlist Resource(s)
  -------------------------------------------------------------------    -------------------
                         (clock clk_core_raw rise edge)
                                                      0.000     0.000 r  <hidden>
    E3                                                0.000     0.000 r  CLK100MHZ
                         net (fo=0)                   0.000     0.000    CLK100MHZ
    E3                   IBUF (Prop_ibuf_I_O)         0.250     0.250 r  CLK100MHZ_IBUF_inst/O
                         net (fo=1, routed)           0.440     0.690    clk_i/clk100
    MMCME2_ADV_X1Y2      MMCME2_ADV (Prop_mmcme2_adv_CLKIN1_CLKOUT0)
                                                     -2.379    -1.689 r  clk_i/mmcm_i/CLKOUT0
                         net (fo=1, routed)           0.499    -1.190    clk_i/clk_core_raw
    BUFGCTRL_X0Y16       BUFG (Prop_bufg_I_O)         0.026    -1.164 r  clk_i/core_bufg_i/O
                         net (fo=19787, routed)       0.571    -0.593    core_i/clk_core
    SLICE_X35Y51         FDRE                                         r  core_i/dA_acc_reg[0][12]/C
  -------------------------------------------------------------------    -------------------
    SLICE_X35Y51         FDRE (Prop_fdre_C_Q)         0.141    -0.452 r  core_i/dA_acc_reg[0][12]/Q
                         net (fo=2, routed)           0.320    -0.132    core_i/dA_acc_reg_n_0_[0][12]
    SLICE_X25Y49         LUT4 (Prop_lut4_I3_O)        0.045    -0.087 r  core_i/dA[0][8]_i_1/O
                         net (fo=1, routed)           0.000    -0.087    core_i/dA[0][8]_i_1_n_0
    SLICE_X25Y49         FDRE                                         r  core_i/dA_reg[0][8]/D
  -------------------------------------------------------------------    -------------------

                         (clock clk_core_raw rise edge)
                                                      0.000     0.000 r  <hidden>
    E3                                                0.000     0.000 r  CLK100MHZ
                         net (fo=0)                   0.000     0.000    CLK100MHZ
    E3                   IBUF (Prop_ibuf_I_O)         0.438     0.438 r  CLK100MHZ_IBUF_inst/O
                         net (fo=1, routed)           0.480     0.918    clk_i/clk100
    MMCME2_ADV_X1Y2      MMCME2_ADV (Prop_mmcme2_adv_CLKIN1_CLKOUT0)
                                                     -3.163    -2.245 r  clk_i/mmcm_i/CLKOUT0
                         net (fo=1, routed)           0.544    -1.702    clk_i/clk_core_raw
    BUFGCTRL_X0Y16       BUFG (Prop_bufg_I_O)         0.029    -1.673 r  clk_i/core_bufg_i/O
                         net (fo=19787, routed)       0.916    -0.757    core_i/clk_core
    SLICE_X25Y49         FDRE                                         r  core_i/dA_reg[0][8]/C
                         clock pessimism              0.504    -0.253    <hidden>
    SLICE_X25Y49         FDRE (Hold_fdre_C_D)         0.092    -0.161    core_i/dA_reg[0][8]
  -------------------------------------------------------------------
                         required time                          0.161    <hidden>
                         arrival time                          -0.087    <hidden>
  -------------------------------------------------------------------
                         slack                                  0.074    <hidden>





Pulse Width Checks
--------------------------------------------------------------------------------------
Clock Name:         clk_core_raw
Waveform(ns):       { 0.000 62.500 }
Period(ns):         125.000
Sources:            { clk_i/mmcm_i/CLKOUT0 }

Check Type        Corner  Lib Pin             Reference Pin  Required(ns)  Actual(ns)  Slack(ns)  Location         Pin
Min Period        n/a     RAMB36E1/CLKARDCLK  n/a            2.944         125.000     122.056    RAMB36_X0Y14     core_i/act_i/mem_reg/CLKARDCLK
Min Period        n/a     RAMB36E1/CLKARDCLK  n/a            2.944         125.000     122.056    RAMB36_X0Y13     core_i/wmem_i/mem_reg/CLKARDCLK
Min Period        n/a     RAMB36E1/CLKBWRCLK  n/a            2.576         125.000     122.424    RAMB36_X0Y14     core_i/act_i/mem_reg/CLKBWRCLK
Min Period        n/a     RAMB36E1/CLKARDCLK  n/a            2.576         125.000     122.424    RAMB36_X0Y12     core_i/ckpt_i/mem_reg/CLKARDCLK
Min Period        n/a     RAMB36E1/CLKBWRCLK  n/a            2.576         125.000     122.424    RAMB36_X0Y13     core_i/wmem_i/mem_reg/CLKBWRCLK
Min Period        n/a     BUFG/I              n/a            2.155         125.000     122.845    BUFGCTRL_X0Y16   clk_i/core_bufg_i/I
Min Period        n/a     MMCME2_ADV/CLKOUT0  n/a            1.249         125.000     123.751    MMCME2_ADV_X1Y2  clk_i/mmcm_i/CLKOUT0
Min Period        n/a     FDRE/C              n/a            1.000         125.000     124.000    SLICE_X9Y85      after_hold_reg/C
Min Period        n/a     FDRE/C              n/a            1.000         125.000     124.000    SLICE_X11Y82     do_rest_reg/C
Min Period        n/a     FDRE/C              n/a            1.000         125.000     124.000    SLICE_X11Y82     do_snap_reg/C
Max Period        n/a     MMCME2_ADV/CLKOUT0  n/a            213.360       125.000     88.360     MMCME2_ADV_X1Y2  clk_i/mmcm_i/CLKOUT0
Low Pulse Width   Slow    RAMD32/CLK          n/a            1.250         62.500      61.250     SLICE_X58Y55     core_i/a_last_reg_0_15_0_5/RAMA/CLK
Low Pulse Width   Fast    RAMD32/CLK          n/a            1.250         62.500      61.250     SLICE_X58Y55     core_i/a_last_reg_0_15_0_5/RAMA/CLK
Low Pulse Width   Slow    RAMD32/CLK          n/a            1.250         62.500      61.250     SLICE_X58Y55     core_i/a_last_reg_0_15_0_5/RAMA_D1/CLK
Low Pulse Width   Fast    RAMD32/CLK          n/a            1.250         62.500      61.250     SLICE_X58Y55     core_i/a_last_reg_0_15_0_5/RAMA_D1/CLK
Low Pulse Width   Slow    RAMD32/CLK          n/a            1.250         62.500      61.250     SLICE_X58Y55     core_i/a_last_reg_0_15_0_5/RAMB/CLK
Low Pulse Width   Fast    RAMD32/CLK          n/a            1.250         62.500      61.250     SLICE_X58Y55     core_i/a_last_reg_0_15_0_5/RAMB/CLK
Low Pulse Width   Slow    RAMD32/CLK          n/a            1.250         62.500      61.250     SLICE_X58Y55     core_i/a_last_reg_0_15_0_5/RAMB_D1/CLK
Low Pulse Width   Fast    RAMD32/CLK          n/a            1.250         62.500      61.250     SLICE_X58Y55     core_i/a_last_reg_0_15_0_5/RAMB_D1/CLK
Low Pulse Width   Slow    RAMD32/CLK          n/a            1.250         62.500      61.250     SLICE_X58Y55     core_i/a_last_reg_0_15_0_5/RAMC/CLK
Low Pulse Width   Fast    RAMD32/CLK          n/a            1.250         62.500      61.250     SLICE_X58Y55     core_i/a_last_reg_0_15_0_5/RAMC/CLK
High Pulse Width  Slow    RAMD32/CLK          n/a            1.250         62.500      61.250     SLICE_X58Y55     core_i/a_last_reg_0_15_0_5/RAMA/CLK
High Pulse Width  Fast    RAMD32/CLK          n/a            1.250         62.500      61.250     SLICE_X58Y55     core_i/a_last_reg_0_15_0_5/RAMA/CLK
High Pulse Width  Slow    RAMD32/CLK          n/a            1.250         62.500      61.250     SLICE_X58Y55     core_i/a_last_reg_0_15_0_5/RAMA_D1/CLK
High Pulse Width  Fast    RAMD32/CLK          n/a            1.250         62.500      61.250     SLICE_X58Y55     core_i/a_last_reg_0_15_0_5/RAMA_D1/CLK
High Pulse Width  Slow    RAMD32/CLK          n/a            1.250         62.500      61.250     SLICE_X58Y55     core_i/a_last_reg_0_15_0_5/RAMB/CLK
High Pulse Width  Fast    RAMD32/CLK          n/a            1.250         62.500      61.250     SLICE_X58Y55     core_i/a_last_reg_0_15_0_5/RAMB/CLK
High Pulse Width  Slow    RAMD32/CLK          n/a            1.250         62.500      61.250     SLICE_X58Y55     core_i/a_last_reg_0_15_0_5/RAMB_D1/CLK
High Pulse Width  Fast    RAMD32/CLK          n/a            1.250         62.500      61.250     SLICE_X58Y55     core_i/a_last_reg_0_15_0_5/RAMB_D1/CLK
High Pulse Width  Slow    RAMD32/CLK          n/a            1.250         62.500      61.250     SLICE_X58Y55     core_i/a_last_reg_0_15_0_5/RAMC/CLK
High Pulse Width  Fast    RAMD32/CLK          n/a            1.250         62.500      61.250     SLICE_X58Y55     core_i/a_last_reg_0_15_0_5/RAMC/CLK



---------------------------------------------------------------------------------------------------
From Clock:  clkfb_raw
  To Clock:  clkfb_raw

Setup :           NA  Failing Endpoints,  Worst Slack           NA  ,  Total Violation           NA
Hold  :           NA  Failing Endpoints,  Worst Slack           NA  ,  Total Violation           NA
PW    :            0  Failing Endpoints,  Worst Slack        7.845ns,  Total Violation        0.000ns
---------------------------------------------------------------------------------------------------


Pulse Width Checks
--------------------------------------------------------------------------------------
Clock Name:         clkfb_raw
Waveform(ns):       { 0.000 5.000 }
Period(ns):         10.000
Sources:            { clk_i/mmcm_i/CLKFBOUT }

Check Type  Corner  Lib Pin              Reference Pin  Required(ns)  Actual(ns)  Slack(ns)  Location         Pin
Min Period  n/a     BUFG/I               n/a            2.155         10.000      7.845      BUFGCTRL_X0Y17   clk_i/fb_bufg_i/I
Min Period  n/a     MMCME2_ADV/CLKFBOUT  n/a            1.249         10.000      8.751      MMCME2_ADV_X1Y2  clk_i/mmcm_i/CLKFBOUT
Min Period  n/a     MMCME2_ADV/CLKFBIN   n/a            1.249         10.000      8.751      MMCME2_ADV_X1Y2  clk_i/mmcm_i/CLKFBIN
Max Period  n/a     MMCME2_ADV/CLKFBIN   n/a            100.000       10.000      90.000     MMCME2_ADV_X1Y2  clk_i/mmcm_i/CLKFBIN
Max Period  n/a     MMCME2_ADV/CLKFBOUT  n/a            213.360       10.000      203.360    MMCME2_ADV_X1Y2  clk_i/mmcm_i/CLKFBOUT



