Copyright 1986-2022 Xilinx, Inc. All Rights Reserved. Copyright 2022-2026 Advanced Micro Devices, Inc. All Rights Reserved.
-------------------------------------------------------------------------------------------------------------------------------------------------------------------------------------------------
| Tool Version : Vivado v.2026.1 (win64) Build 6511674 Tue Jun 16 11:02:23 MDT 2026
| Date         : Tue Aug 25 00:49:55 2026
| Host         : laptop-Quan running 64-bit major release  (build 9200)
| Command      : report_timing_summary -delay_type min_max -max_paths 20 -file D:/Jetking_sem4/SEM_4/arty-a7-online-lm-board/results/A7-NATIVE-GRAPH/E1-AB-COFIT-PARALLEL-00/ab_timing_route.rpt
| Design       : a7ng_native_v1_ab_core
| Device       : 7a100t-csg324
| Speed File   : -1  PRODUCTION 1.23 2018-06-13
| Design State : Routed
-------------------------------------------------------------------------------------------------------------------------------------------------------------------------------------------------

Timing Summary Report

------------------------------------------------------------------------------------------------
| Timer Settings
| --------------
------------------------------------------------------------------------------------------------

  Enable Multi Corner Analysis               :  Yes
  Enable Pessimism Removal                   :  Yes
  Pessimism Removal Resolution               :  Nearest Common Node
  Enable Input Delay Default Clock           :  No
  Enable Preset / Clear Arcs                 :  No
  Disable Flight Delays                      :  No
  Ignore I/O Paths                           :  No
  Timing Early Launch at Borrowing Latches   :  No
  Borrow Time for Max Delay Exceptions       :  Yes
  Merge Timing Exceptions                    :  Yes
  Inter-SLR Compensation                     :  Conservative

  Corner  Analyze    Analyze    
  Name    Max Paths  Min Paths  
  ------  ---------  ---------  
  Slow    Yes        Yes        
  Fast    Yes        Yes        


------------------------------------------------------------------------------------------------
| Report Methodology
| ------------------
------------------------------------------------------------------------------------------------

No report available as report_methodology has not been run prior. Run report_methodology on the current design for the summary of methodology violations.



check_timing report

Table of Contents
-----------------
1. checking no_clock (0)
2. checking constant_clock (0)
3. checking pulse_width_clock (0)
4. checking unconstrained_internal_endpoints (0)
5. checking no_input_delay (618)
6. checking no_output_delay (827)
7. checking multiple_clock (0)
8. checking generated_clocks (0)
9. checking loops (0)
10. checking partial_input_delay (0)
11. checking partial_output_delay (0)
12. checking latch_loops (0)

1. checking no_clock (0)
------------------------
 There are 0 register/latch pins with no clock.


2. checking constant_clock (0)
------------------------------
 There are 0 register/latch pins with constant_clock.


3. checking pulse_width_clock (0)
---------------------------------
 There are 0 register/latch pins which need pulse_width check


4. checking unconstrained_internal_endpoints (0)
------------------------------------------------
 There are 0 pins that are not constrained for maximum delay.

 There are 0 pins that are not constrained for maximum delay due to constant clock.


5. checking no_input_delay (618)
--------------------------------
 There are 618 input ports with no input delay specified. (HIGH)

 There are 0 input ports with no input delay but user has a false path constraint.


6. checking no_output_delay (827)
---------------------------------
 There are 827 ports with no output delay specified. (HIGH)

 There are 0 ports with no output delay but user has a false path constraint

 There are 0 ports with no output delay but with a timing clock defined on it or propagating through it


7. checking multiple_clock (0)
------------------------------
 There are 0 register/latch pins with multiple clocks.


8. checking generated_clocks (0)
--------------------------------
 There are 0 generated clocks that are not connected to a clock source.


9. checking loops (0)
---------------------
 There are 0 combinational loops in the design.


10. checking partial_input_delay (0)
------------------------------------
 There are 0 input ports with partial input delay specified.


11. checking partial_output_delay (0)
-------------------------------------
 There are 0 ports with partial output delay specified.


12. checking latch_loops (0)
----------------------------
 There are 0 combinational latch loops in the design through latch input



------------------------------------------------------------------------------------------------
| Design Timing Summary
| ---------------------
------------------------------------------------------------------------------------------------

    WNS(ns)      TNS(ns)  TNS Failing Endpoints  TNS Total Endpoints      WHS(ns)      THS(ns)  THS Failing Endpoints  THS Total Endpoints     WPWS(ns)     TPWS(ns)  TPWS Failing Endpoints  TPWS Total Endpoints  
    -------      -------  ---------------------  -------------------      -------      -------  ---------------------  -------------------     --------     --------  ----------------------  --------------------  
    -47.931  -594030.500                  73119               117117        0.070        0.000                      0               117117        3.750        0.000                       0                 52166  


Timing constraints are not met.


------------------------------------------------------------------------------------------------
| Clock Summary
| -------------
------------------------------------------------------------------------------------------------

Clock  Waveform(ns)       Period(ns)      Frequency(MHz)
-----  ------------       ----------      --------------
clk    {0.000 5.000}      10.000          100.000         


------------------------------------------------------------------------------------------------
| Intra Clock Table
| -----------------
------------------------------------------------------------------------------------------------

Clock             WNS(ns)      TNS(ns)  TNS Failing Endpoints  TNS Total Endpoints      WHS(ns)      THS(ns)  THS Failing Endpoints  THS Total Endpoints     WPWS(ns)     TPWS(ns)  TPWS Failing Endpoints  TPWS Total Endpoints  
-----             -------      -------  ---------------------  -------------------      -------      -------  ---------------------  -------------------     --------     --------  ----------------------  --------------------  
clk               -47.931  -594030.500                  73119               117117        0.070        0.000                      0               117117        3.750        0.000                       0                 52166  


------------------------------------------------------------------------------------------------
| Inter Clock Table
| -----------------
------------------------------------------------------------------------------------------------

From Clock    To Clock          WNS(ns)      TNS(ns)  TNS Failing Endpoints  TNS Total Endpoints      WHS(ns)      THS(ns)  THS Failing Endpoints  THS Total Endpoints  
----------    --------          -------      -------  ---------------------  -------------------      -------      -------  ---------------------  -------------------  


------------------------------------------------------------------------------------------------
| Other Path Groups Table
| -----------------------
------------------------------------------------------------------------------------------------

Path Group    From Clock    To Clock          WNS(ns)      TNS(ns)  TNS Failing Endpoints  TNS Total Endpoints      WHS(ns)      THS(ns)  THS Failing Endpoints  THS Total Endpoints  
----------    ----------    --------          -------      -------  ---------------------  -------------------      -------      -------  ---------------------  -------------------  


------------------------------------------------------------------------------------------------
| Timing Details
| --------------
------------------------------------------------------------------------------------------------


---------------------------------------------------------------------------------------------------
From Clock:  clk
  To Clock:  clk

Setup :        73119  Failing Endpoints,  Worst Slack      -47.931ns,  Total Violation  -594030.484ns
Hold  :            0  Failing Endpoints,  Worst Slack        0.070ns,  Total Violation        0.000ns
PW    :            0  Failing Endpoints,  Worst Slack        3.750ns,  Total Violation        0.000ns
---------------------------------------------------------------------------------------------------


Max Delay Paths
--------------------------------------------------------------------------------------
Slack (VIOLATED) :        -47.931ns  (required time - arrival time)
  Source:                 u_soa/u_core/u_scorer/g_lane[15].u_lane/score_o_reg[2]/C
                            (rising edge-triggered cell FDCE clocked by clk  {rise@0.000ns fall@5.000ns period=10.000ns})
  Destination:            u_soa/u_core/u_topk/id_o_reg[4][24]/D
                            (rising edge-triggered cell FDCE clocked by clk  {rise@0.000ns fall@5.000ns period=10.000ns})
  Path Group:             clk
  Path Type:              Setup (Max at Slow Process Corner)
  Requirement:            10.000ns  (clk rise@10.000ns - clk rise@0.000ns)
  Data Path Delay:        57.879ns  (logic 14.652ns (25.315%)  route 43.227ns (74.685%))
  Logic Levels:           58  (CARRY4=20 LUT2=2 LUT3=9 LUT4=7 LUT5=6 LUT6=14)
  Clock Path Skew:        -0.049ns (DCD - SCD + CPR)
    Destination Clock Delay (DCD):    0.924ns = ( 10.924 - 10.000 ) 
    Source Clock Delay      (SCD):    0.973ns
    Clock Pessimism Removal (CPR):    0.000ns
  Clock Uncertainty:      0.035ns  ((TSJ^2 + TIJ^2)^1/2 + DJ) / 2 + PE
    Total System Jitter     (TSJ):    0.071ns
    Total Input Jitter      (TIJ):    0.000ns
    Discrete Jitter          (DJ):    0.000ns
    Phase Error              (PE):    0.000ns

    Location             Delay type                Incr(ns)  Path(ns)    Netlist Resource(s)
  -------------------------------------------------------------------    -------------------
                         (clock clk rise edge)        0.000     0.000 r  <hidden>
                                                      0.000     0.000 r  clk
                         net (fo=52181, unset)        0.973     0.973    u_soa/u_core/u_scorer/g_lane[15].u_lane/clk
    SLICE_X38Y149        FDCE                                         r  u_soa/u_core/u_scorer/g_lane[15].u_lane/score_o_reg[2]/C
  -------------------------------------------------------------------    -------------------
    SLICE_X38Y149        FDCE (Prop_fdce_C_Q)         0.478     1.451 r  u_soa/u_core/u_scorer/g_lane[15].u_lane/score_o_reg[2]/Q
                         net (fo=7, routed)           1.183     2.634    u_soa/u_core/u_scorer/sc_score[15]_215[2]
    SLICE_X39Y145        LUT4 (Prop_lut4_I2_O)        0.301     2.935 r  u_soa/u_core/u_scorer/score_o[0][15]_i_2272/O
                         net (fo=1, routed)           0.000     2.935    u_soa/u_core/u_scorer/score_o[0][15]_i_2272_n_0
    SLICE_X39Y145        CARRY4 (Prop_carry4_S[1]_CO[3])
                                                      0.550     3.485 r  u_soa/u_core/u_scorer/score_o_reg[0][15]_i_1741/CO[3]
                         net (fo=1, routed)           0.000     3.485    u_soa/u_core/u_scorer/score_o_reg[0][15]_i_1741_n_0
    SLICE_X39Y146        CARRY4 (Prop_carry4_CI_CO[3])
                                                      0.114     3.599 r  u_soa/u_core/u_scorer/score_o_reg[0][15]_i_1172/CO[3]
                         net (fo=69, routed)          1.442     5.041    u_soa/u_core/u_scorer/score_o_reg[0][15]_i_1172_n_0
    SLICE_X41Y150        LUT4 (Prop_lut4_I3_O)        0.124     5.165 r  u_soa/u_core/u_scorer/score_o[0][15]_i_715/O
                         net (fo=85, routed)          1.345     6.510    u_soa/u_core/u_scorer/score_o[0][15]_i_715_n_0
    SLICE_X46Y148        LUT3 (Prop_lut3_I1_O)        0.124     6.634 f  u_soa/u_core/u_scorer/score_o[0][1]_i_107/O
                         net (fo=2, routed)           0.724     7.358    u_soa/u_core/u_scorer/score_o[0][1]_i_107_n_0
    SLICE_X48Y146        LUT6 (Prop_lut6_I1_O)        0.124     7.482 r  u_soa/u_core/u_scorer/score_o[4][15]_i_2352/O
                         net (fo=1, routed)           0.914     8.396    u_soa/u_core/u_scorer/score_o[4][15]_i_2352_n_0
    SLICE_X46Y143        CARRY4 (Prop_carry4_DI[0]_CO[3])
                                                      0.550     8.946 r  u_soa/u_core/u_scorer/score_o_reg[4][15]_i_1660/CO[3]
                         net (fo=1, routed)           0.000     8.946    u_soa/u_core/u_scorer/score_o_reg[4][15]_i_1660_n_0
    SLICE_X46Y144        CARRY4 (Prop_carry4_CI_CO[3])
                                                      0.117     9.063 f  u_soa/u_core/u_scorer/score_o_reg[4][15]_i_974/CO[3]
                         net (fo=2, routed)           1.345    10.408    u_soa/u_core/u_scorer/score_o_reg[4][15]_i_974_n_0
    SLICE_X33Y147        LUT4 (Prop_lut4_I0_O)        0.124    10.532 r  u_soa/u_core/u_scorer/score_o[0][15]_i_595/O
                         net (fo=81, routed)          1.306    11.839    u_soa/u_core/u_scorer/score_o[0][15]_i_595_n_0
    SLICE_X41Y149        LUT5 (Prop_lut5_I3_O)        0.124    11.963 r  u_soa/u_core/u_scorer/id_o[0][21]_i_92/O
                         net (fo=4, routed)           0.722    12.685    u_soa/u_core/u_scorer/id_o[0][21]_i_92_n_0
    SLICE_X40Y144        LUT6 (Prop_lut6_I5_O)        0.124    12.809 f  u_soa/u_core/u_scorer/score_o[0][15]_i_2572/O
                         net (fo=2, routed)           0.968    13.777    u_soa/u_core/u_scorer/score_o[0][15]_i_2572_n_0
    SLICE_X41Y140        LUT5 (Prop_lut5_I4_O)        0.124    13.901 r  u_soa/u_core/u_scorer/score_o[0][15]_i_2286/O
                         net (fo=1, routed)           0.000    13.901    u_soa/u_core/u_scorer/score_o[0][15]_i_2286_n_0
    SLICE_X41Y140        CARRY4 (Prop_carry4_S[3]_CO[3])
                                                      0.401    14.302 r  u_soa/u_core/u_scorer/score_o_reg[0][15]_i_1768/CO[3]
                         net (fo=1, routed)           0.000    14.302    u_soa/u_core/u_scorer/score_o_reg[0][15]_i_1768_n_0
    SLICE_X41Y141        CARRY4 (Prop_carry4_CI_CO[2])
                                                      0.228    14.530 r  u_soa/u_core/u_scorer/score_o_reg[0][15]_i_1183/CO[2]
                         net (fo=1, routed)           0.692    15.221    u_soa/u_core/u_scorer/u_topk/p_132_out
    SLICE_X41Y145        LUT6 (Prop_lut6_I5_O)        0.313    15.534 r  u_soa/u_core/u_scorer/score_o[0][15]_i_718/O
                         net (fo=6, routed)           0.624    16.158    u_soa/u_core/u_scorer/score_o[0][15]_i_718_n_0
    SLICE_X43Y146        LUT3 (Prop_lut3_I1_O)        0.124    16.282 r  u_soa/u_core/u_scorer/score_o[0][15]_i_382/O
                         net (fo=102, routed)         1.481    17.763    u_soa/u_core/u_scorer/score_o[0][15]_i_382_n_0
    SLICE_X44Y141        LUT3 (Prop_lut3_I1_O)        0.152    17.915 r  u_soa/u_core/u_scorer/id_o[0][0]_i_70/O
                         net (fo=5, routed)           1.594    19.509    u_soa/u_core/u_scorer/id_o[0][0]_i_70_n_0
    SLICE_X46Y132        LUT6 (Prop_lut6_I2_O)        0.326    19.835 r  u_soa/u_core/u_scorer/score_o[0][15]_i_1824/O
                         net (fo=1, routed)           0.000    19.835    u_soa/u_core/u_scorer/score_o[0][15]_i_1824_n_0
    SLICE_X46Y132        CARRY4 (Prop_carry4_S[0]_CO[3])
                                                      0.513    20.348 r  u_soa/u_core/u_scorer/score_o_reg[0][15]_i_1252/CO[3]
                         net (fo=1, routed)           0.000    20.348    u_soa/u_core/u_scorer/score_o_reg[0][15]_i_1252_n_0
    SLICE_X46Y133        CARRY4 (Prop_carry4_CI_CO[3])
                                                      0.117    20.465 r  u_soa/u_core/u_scorer/score_o_reg[0][15]_i_776/CO[3]
                         net (fo=1, routed)           0.000    20.465    u_soa/u_core/u_scorer/score_o_reg[0][15]_i_776_n_0
    SLICE_X46Y134        CARRY4 (Prop_carry4_CI_CO[2])
                                                      0.229    20.694 f  u_soa/u_core/u_scorer/score_o_reg[0][15]_i_419/CO[2]
                         net (fo=71, routed)          1.176    21.870    u_soa/u_core/u_scorer/u_topk/p_111_out
    SLICE_X49Y137        LUT4 (Prop_lut4_I2_O)        0.310    22.180 r  u_soa/u_core/u_scorer/score_o[0][15]_i_198/O
                         net (fo=72, routed)          1.291    23.471    u_soa/u_core/u_scorer/score_o[0][15]_i_198_n_0
    SLICE_X50Y148        LUT3 (Prop_lut3_I1_O)        0.150    23.621 f  u_soa/u_core/u_scorer/score_o[0][10]_i_63/O
                         net (fo=5, routed)           0.885    24.506    u_soa/u_core/u_scorer/score_o[0][10]_i_63_n_0
    SLICE_X51Y140        LUT6 (Prop_lut6_I5_O)        0.328    24.834 r  u_soa/u_core/u_scorer/score_o[0][15]_i_873/O
                         net (fo=1, routed)           1.272    26.106    u_soa/u_core/u_scorer/score_o[0][15]_i_873_n_0
    SLICE_X50Y128        CARRY4 (Prop_carry4_DI[1]_CO[3])
                                                      0.520    26.626 r  u_soa/u_core/u_scorer/score_o_reg[0][15]_i_479/CO[3]
                         net (fo=2, routed)           1.451    28.077    u_soa/u_core/u_scorer/score_o_reg[0][15]_i_479_n_0
    SLICE_X51Y135        LUT6 (Prop_lut6_I0_O)        0.124    28.201 r  u_soa/u_core/u_scorer/score_o[0][15]_i_216/O
                         net (fo=189, routed)         1.976    30.178    u_soa/u_core/u_scorer/score_o[0][15]_i_216_n_0
    SLICE_X54Y128        LUT5 (Prop_lut5_I3_O)        0.152    30.330 r  u_soa/u_core/u_scorer/score_o[0][3]_i_30/O
                         net (fo=5, routed)           0.885    31.215    u_soa/u_core/u_scorer/score_o[0][3]_i_30_n_0
    SLICE_X55Y125        LUT6 (Prop_lut6_I3_O)        0.348    31.563 r  u_soa/u_core/u_scorer/score_o[0][15]_i_1365/O
                         net (fo=1, routed)           0.705    32.268    u_soa/u_core/u_scorer/score_o[0][15]_i_1365_n_0
    SLICE_X55Y122        CARRY4 (Prop_carry4_DI[1]_CO[3])
                                                      0.507    32.775 r  u_soa/u_core/u_scorer/score_o_reg[0][15]_i_861/CO[3]
                         net (fo=1, routed)           0.000    32.775    u_soa/u_core/u_scorer/score_o_reg[0][15]_i_861_n_0
    SLICE_X55Y123        CARRY4 (Prop_carry4_CI_CO[3])
                                                      0.114    32.889 r  u_soa/u_core/u_scorer/score_o_reg[0][15]_i_478/CO[3]
                         net (fo=1, routed)           1.000    33.889    u_soa/u_core/u_scorer/score_o_reg[0][15]_i_478_n_0
    SLICE_X56Y130        LUT2 (Prop_lut2_I1_O)        0.124    34.013 f  u_soa/u_core/u_scorer/score_o[0][15]_i_215/O
                         net (fo=1, routed)           0.826    34.839    u_soa/u_core/u_scorer/score_o[0][15]_i_215_n_0
    SLICE_X50Y130        LUT6 (Prop_lut6_I5_O)        0.124    34.963 r  u_soa/u_core/u_scorer/score_o[0][15]_i_98/O
                         net (fo=105, routed)         1.369    36.332    u_soa/u_core/u_scorer/score_o[0][15]_i_98_n_0
    SLICE_X50Y125        LUT3 (Prop_lut3_I1_O)        0.150    36.482 r  u_soa/u_core/u_scorer/score_o[0][4]_i_31/O
                         net (fo=4, routed)           1.398    37.880    u_soa/u_core/u_scorer/score_o[0][4]_i_31_n_0
    SLICE_X40Y115        LUT6 (Prop_lut6_I2_O)        0.355    38.235 r  u_soa/u_core/u_scorer/score_o[0][15]_i_623/O
                         net (fo=1, routed)           0.000    38.235    u_soa/u_core/u_scorer/score_o[0][15]_i_623_n_0
    SLICE_X40Y115        CARRY4 (Prop_carry4_S[1]_CO[3])
                                                      0.550    38.785 r  u_soa/u_core/u_scorer/score_o_reg[0][15]_i_323/CO[3]
                         net (fo=1, routed)           0.000    38.785    u_soa/u_core/u_scorer/score_o_reg[0][15]_i_323_n_0
    SLICE_X40Y116        CARRY4 (Prop_carry4_CI_CO[1])
                                                      0.157    38.942 r  u_soa/u_core/u_scorer/score_o_reg[0][15]_i_151/CO[1]
                         net (fo=37, routed)          0.980    39.922    u_soa/u_core/u_scorer/score_o_reg[0][15]_i_151_n_2
    SLICE_X41Y117        LUT4 (Prop_lut4_I3_O)        0.329    40.251 r  u_soa/u_core/u_scorer/score_o[0][15]_i_76/O
                         net (fo=46, routed)          1.288    41.539    u_soa/u_core/u_scorer/score_o[0][15]_i_76_n_0
    SLICE_X35Y114        LUT3 (Prop_lut3_I1_O)        0.152    41.691 r  u_soa/u_core/u_scorer/score_o[0][6]_i_15/O
                         net (fo=5, routed)           0.955    42.646    u_soa/u_core/u_scorer/score_o[0][6]_i_15_n_0
    SLICE_X29Y114        LUT6 (Prop_lut6_I4_O)        0.332    42.978 r  u_soa/u_core/u_scorer/score_o[0][15]_i_827/O
                         net (fo=1, routed)           0.000    42.978    u_soa/u_core/u_scorer/score_o[0][15]_i_827_n_0
    SLICE_X29Y114        CARRY4 (Prop_carry4_S[2]_CO[3])
                                                      0.398    43.376 r  u_soa/u_core/u_scorer/score_o_reg[0][15]_i_450/CO[3]
                         net (fo=1, routed)           0.000    43.376    u_soa/u_core/u_scorer/score_o_reg[0][15]_i_450_n_0
    SLICE_X29Y115        CARRY4 (Prop_carry4_CI_CO[1])
                                                      0.157    43.533 f  u_soa/u_core/u_scorer/score_o_reg[0][15]_i_208/CO[1]
                         net (fo=2, routed)           1.036    44.568    u_soa/u_core/u_scorer/score_o_reg[0][15]_i_208_n_2
    SLICE_X11Y114        LUT2 (Prop_lut2_I0_O)        0.329    44.897 f  u_soa/u_core/u_scorer/score_o[0][15]_i_96/O
                         net (fo=10, routed)          0.995    45.892    u_soa/u_core/u_scorer/score_o[0][15]_i_96_n_0
    SLICE_X11Y117        LUT6 (Prop_lut6_I5_O)        0.124    46.016 r  u_soa/u_core/u_scorer/score_o[0][15]_i_29/O
                         net (fo=118, routed)         0.997    47.012    u_soa/u_core/u_scorer/score_o[0][15]_i_29_n_0
    SLICE_X12Y118        LUT3 (Prop_lut3_I1_O)        0.116    47.128 r  u_soa/u_core/u_scorer/id_o[4][12]_i_5/O
                         net (fo=5, routed)           0.940    48.069    u_soa/u_core/u_scorer/id_o[4][12]_i_5_n_0
    SLICE_X9Y118         LUT6 (Prop_lut6_I4_O)        0.328    48.397 r  u_soa/u_core/u_scorer/score_o[4][15]_i_1941/O
                         net (fo=1, routed)           0.448    48.844    u_soa/u_core/u_scorer/score_o[4][15]_i_1941_n_0
    SLICE_X8Y115         LUT5 (Prop_lut5_I4_O)        0.124    48.968 r  u_soa/u_core/u_scorer/score_o[4][15]_i_1269/O
                         net (fo=1, routed)           0.000    48.968    u_soa/u_core/u_scorer/score_o[4][15]_i_1269_n_0
    SLICE_X8Y115         CARRY4 (Prop_carry4_S[0]_CO[3])
                                                      0.513    49.481 r  u_soa/u_core/u_scorer/score_o_reg[4][15]_i_749/CO[3]
                         net (fo=1, routed)           0.000    49.481    u_soa/u_core/u_scorer/score_o_reg[4][15]_i_749_n_0
    SLICE_X8Y116         CARRY4 (Prop_carry4_CI_CO[2])
                                                      0.229    49.710 r  u_soa/u_core/u_scorer/score_o_reg[4][15]_i_320/CO[2]
                         net (fo=2, routed)           0.834    50.544    u_soa/u_core/u_scorer/score_o_reg[4][15]_i_320_n_1
    SLICE_X10Y116        LUT3 (Prop_lut3_I1_O)        0.310    50.854 r  u_soa/u_core/u_scorer/score_o[4][15]_i_99/O
                         net (fo=7, routed)           0.694    51.548    u_soa/u_core/u_scorer/score_o[4][15]_i_99_n_0
    SLICE_X10Y114        LUT6 (Prop_lut6_I0_O)        0.124    51.672 r  u_soa/u_core/u_scorer/score_o[4][15]_i_30/O
                         net (fo=102, routed)         0.872    52.543    u_soa/u_core/u_scorer/score_o[4][15]_i_30_n_0
    SLICE_X15Y113        LUT5 (Prop_lut5_I3_O)        0.124    52.667 r  u_soa/u_core/u_scorer/id_o[4][14]_i_2/O
                         net (fo=4, routed)           1.000    53.667    u_soa/u_core/u_scorer/id_o[4][14]_i_2_n_0
    SLICE_X14Y107        LUT4 (Prop_lut4_I3_O)        0.124    53.791 r  u_soa/u_core/u_scorer/score_o[4][15]_i_1242/O
                         net (fo=2, routed)           0.856    54.647    u_soa/u_core/u_scorer/score_o[4][15]_i_1242_n_0
    SLICE_X15Y109        LUT4 (Prop_lut4_I0_O)        0.124    54.771 r  u_soa/u_core/u_scorer/score_o[4][15]_i_717/O
                         net (fo=1, routed)           0.000    54.771    u_soa/u_core/u_scorer/score_o[4][15]_i_717_n_0
    SLICE_X15Y109        CARRY4 (Prop_carry4_S[0]_CO[3])
                                                      0.532    55.303 r  u_soa/u_core/u_scorer/score_o_reg[4][15]_i_291/CO[3]
                         net (fo=1, routed)           0.000    55.303    u_soa/u_core/u_scorer/score_o_reg[4][15]_i_291_n_0
    SLICE_X15Y110        CARRY4 (Prop_carry4_CI_CO[2])
                                                      0.228    55.531 f  u_soa/u_core/u_scorer/score_o_reg[4][15]_i_83/CO[2]
                         net (fo=2, routed)           0.803    56.334    u_soa/u_core/u_scorer/score_o_reg[4][15]_i_83_n_1
    SLICE_X28Y110        LUT5 (Prop_lut5_I0_O)        0.313    56.647 f  u_soa/u_core/u_scorer/score_o[4][15]_i_27/O
                         net (fo=1, routed)           0.947    57.594    u_soa/u_core/u_scorer/score_o[4][15]_i_27_n_0
    SLICE_X29Y107        LUT6 (Prop_lut6_I4_O)        0.124    57.718 r  u_soa/u_core/u_scorer/score_o[4][15]_i_5/O
                         net (fo=96, routed)          1.010    58.728    u_soa/u_core/u_scorer/score_o[4][15]_i_5_n_0
    SLICE_X29Y110        LUT3 (Prop_lut3_I2_O)        0.124    58.852 r  u_soa/u_core/u_scorer/id_o[4][24]_i_1/O
                         net (fo=1, routed)           0.000    58.852    u_soa/u_core/u_topk/id_o_reg[4][31]_0[24]
    SLICE_X29Y110        FDCE                                         r  u_soa/u_core/u_topk/id_o_reg[4][24]/D
  -------------------------------------------------------------------    -------------------

                         (clock clk rise edge)       10.000    10.000 r  <hidden>
                                                      0.000    10.000 r  clk
                         net (fo=52181, unset)        0.924    10.924    u_soa/u_core/u_topk/clk
    SLICE_X29Y110        FDCE                                         r  u_soa/u_core/u_topk/id_o_reg[4][24]/C
                         clock pessimism              0.000    10.924    <hidden>
                         clock uncertainty           -0.035    10.889    <hidden>
    SLICE_X29Y110        FDCE (Setup_fdce_C_D)        0.032    10.921    u_soa/u_core/u_topk/id_o_reg[4][24]
  -------------------------------------------------------------------
                         required time                         10.921    <hidden>
                         arrival time                         -58.852    <hidden>
  -------------------------------------------------------------------
                         slack                                -47.931    <hidden>

Slack (VIOLATED) :        -47.913ns  (required time - arrival time)
  Source:                 u_soa/u_core/u_scorer/g_lane[15].u_lane/score_o_reg[2]/C
                            (rising edge-triggered cell FDCE clocked by clk  {rise@0.000ns fall@5.000ns period=10.000ns})
  Destination:            u_soa/u_core/u_topk/id_o_reg[5][24]/D
                            (rising edge-triggered cell FDCE clocked by clk  {rise@0.000ns fall@5.000ns period=10.000ns})
  Path Group:             clk
  Path Type:              Setup (Max at Slow Process Corner)
  Requirement:            10.000ns  (clk rise@10.000ns - clk rise@0.000ns)
  Data Path Delay:        57.904ns  (logic 14.677ns (25.347%)  route 43.227ns (74.653%))
  Logic Levels:           58  (CARRY4=20 LUT2=2 LUT3=9 LUT4=7 LUT5=6 LUT6=14)
  Clock Path Skew:        -0.049ns (DCD - SCD + CPR)
    Destination Clock Delay (DCD):    0.924ns = ( 10.924 - 10.000 ) 
    Source Clock Delay      (SCD):    0.973ns
    Clock Pessimism Removal (CPR):    0.000ns
  Clock Uncertainty:      0.035ns  ((TSJ^2 + TIJ^2)^1/2 + DJ) / 2 + PE
    Total System Jitter     (TSJ):    0.071ns
    Total Input Jitter      (TIJ):    0.000ns
    Discrete Jitter          (DJ):    0.000ns
    Phase Error              (PE):    0.000ns

    Location             Delay type                Incr(ns)  Path(ns)    Netlist Resource(s)
  -------------------------------------------------------------------    -------------------
                         (clock clk rise edge)        0.000     0.000 r  <hidden>
                                                      0.000     0.000 r  clk
                         net (fo=52181, unset)        0.973     0.973    u_soa/u_core/u_scorer/g_lane[15].u_lane/clk
    SLICE_X38Y149        FDCE                                         r  u_soa/u_core/u_scorer/g_lane[15].u_lane/score_o_reg[2]/C
  -------------------------------------------------------------------    -------------------
    SLICE_X38Y149        FDCE (Prop_fdce_C_Q)         0.478     1.451 r  u_soa/u_core/u_scorer/g_lane[15].u_lane/score_o_reg[2]/Q
                         net (fo=7, routed)           1.183     2.634    u_soa/u_core/u_scorer/sc_score[15]_215[2]
    SLICE_X39Y145        LUT4 (Prop_lut4_I2_O)        0.301     2.935 r  u_soa/u_core/u_scorer/score_o[0][15]_i_2272/O
                         net (fo=1, routed)           0.000     2.935    u_soa/u_core/u_scorer/score_o[0][15]_i_2272_n_0
    SLICE_X39Y145        CARRY4 (Prop_carry4_S[1]_CO[3])
                                                      0.550     3.485 r  u_soa/u_core/u_scorer/score_o_reg[0][15]_i_1741/CO[3]
                         net (fo=1, routed)           0.000     3.485    u_soa/u_core/u_scorer/score_o_reg[0][15]_i_1741_n_0
    SLICE_X39Y146        CARRY4 (Prop_carry4_CI_CO[3])
                                                      0.114     3.599 r  u_soa/u_core/u_scorer/score_o_reg[0][15]_i_1172/CO[3]
                         net (fo=69, routed)          1.442     5.041    u_soa/u_core/u_scorer/score_o_reg[0][15]_i_1172_n_0
    SLICE_X41Y150        LUT4 (Prop_lut4_I3_O)        0.124     5.165 r  u_soa/u_core/u_scorer/score_o[0][15]_i_715/O
                         net (fo=85, routed)          1.345     6.510    u_soa/u_core/u_scorer/score_o[0][15]_i_715_n_0
    SLICE_X46Y148        LUT3 (Prop_lut3_I1_O)        0.124     6.634 f  u_soa/u_core/u_scorer/score_o[0][1]_i_107/O
                         net (fo=2, routed)           0.724     7.358    u_soa/u_core/u_scorer/score_o[0][1]_i_107_n_0
    SLICE_X48Y146        LUT6 (Prop_lut6_I1_O)        0.124     7.482 r  u_soa/u_core/u_scorer/score_o[4][15]_i_2352/O
                         net (fo=1, routed)           0.914     8.396    u_soa/u_core/u_scorer/score_o[4][15]_i_2352_n_0
    SLICE_X46Y143        CARRY4 (Prop_carry4_DI[0]_CO[3])
                                                      0.550     8.946 r  u_soa/u_core/u_scorer/score_o_reg[4][15]_i_1660/CO[3]
                         net (fo=1, routed)           0.000     8.946    u_soa/u_core/u_scorer/score_o_reg[4][15]_i_1660_n_0
    SLICE_X46Y144        CARRY4 (Prop_carry4_CI_CO[3])
                                                      0.117     9.063 f  u_soa/u_core/u_scorer/score_o_reg[4][15]_i_974/CO[3]
                         net (fo=2, routed)           1.345    10.408    u_soa/u_core/u_scorer/score_o_reg[4][15]_i_974_n_0
    SLICE_X33Y147        LUT4 (Prop_lut4_I0_O)        0.124    10.532 r  u_soa/u_core/u_scorer/score_o[0][15]_i_595/O
                         net (fo=81, routed)          1.306    11.839    u_soa/u_core/u_scorer/score_o[0][15]_i_595_n_0
    SLICE_X41Y149        LUT5 (Prop_lut5_I3_O)        0.124    11.963 r  u_soa/u_core/u_scorer/id_o[0][21]_i_92/O
                         net (fo=4, routed)           0.722    12.685    u_soa/u_core/u_scorer/id_o[0][21]_i_92_n_0
    SLICE_X40Y144        LUT6 (Prop_lut6_I5_O)        0.124    12.809 f  u_soa/u_core/u_scorer/score_o[0][15]_i_2572/O
                         net (fo=2, routed)           0.968    13.777    u_soa/u_core/u_scorer/score_o[0][15]_i_2572_n_0
    SLICE_X41Y140        LUT5 (Prop_lut5_I4_O)        0.124    13.901 r  u_soa/u_core/u_scorer/score_o[0][15]_i_2286/O
                         net (fo=1, routed)           0.000    13.901    u_soa/u_core/u_scorer/score_o[0][15]_i_2286_n_0
    SLICE_X41Y140        CARRY4 (Prop_carry4_S[3]_CO[3])
                                                      0.401    14.302 r  u_soa/u_core/u_scorer/score_o_reg[0][15]_i_1768/CO[3]
                         net (fo=1, routed)           0.000    14.302    u_soa/u_core/u_scorer/score_o_reg[0][15]_i_1768_n_0
    SLICE_X41Y141        CARRY4 (Prop_carry4_CI_CO[2])
                                                      0.228    14.530 r  u_soa/u_core/u_scorer/score_o_reg[0][15]_i_1183/CO[2]
                         net (fo=1, routed)           0.692    15.221    u_soa/u_core/u_scorer/u_topk/p_132_out
    SLICE_X41Y145        LUT6 (Prop_lut6_I5_O)        0.313    15.534 r  u_soa/u_core/u_scorer/score_o[0][15]_i_718/O
                         net (fo=6, routed)           0.624    16.158    u_soa/u_core/u_scorer/score_o[0][15]_i_718_n_0
    SLICE_X43Y146        LUT3 (Prop_lut3_I1_O)        0.124    16.282 r  u_soa/u_core/u_scorer/score_o[0][15]_i_382/O
                         net (fo=102, routed)         1.481    17.763    u_soa/u_core/u_scorer/score_o[0][15]_i_382_n_0
    SLICE_X44Y141        LUT3 (Prop_lut3_I1_O)        0.152    17.915 r  u_soa/u_core/u_scorer/id_o[0][0]_i_70/O
                         net (fo=5, routed)           1.594    19.509    u_soa/u_core/u_scorer/id_o[0][0]_i_70_n_0
    SLICE_X46Y132        LUT6 (Prop_lut6_I2_O)        0.326    19.835 r  u_soa/u_core/u_scorer/score_o[0][15]_i_1824/O
                         net (fo=1, routed)           0.000    19.835    u_soa/u_core/u_scorer/score_o[0][15]_i_1824_n_0
    SLICE_X46Y132        CARRY4 (Prop_carry4_S[0]_CO[3])
                                                      0.513    20.348 r  u_soa/u_core/u_scorer/score_o_reg[0][15]_i_1252/CO[3]
                         net (fo=1, routed)           0.000    20.348    u_soa/u_core/u_scorer/score_o_reg[0][15]_i_1252_n_0
    SLICE_X46Y133        CARRY4 (Prop_carry4_CI_CO[3])
                                                      0.117    20.465 r  u_soa/u_core/u_scorer/score_o_reg[0][15]_i_776/CO[3]
                         net (fo=1, routed)           0.000    20.465    u_soa/u_core/u_scorer/score_o_reg[0][15]_i_776_n_0
    SLICE_X46Y134        CARRY4 (Prop_carry4_CI_CO[2])
                                                      0.229    20.694 f  u_soa/u_core/u_scorer/score_o_reg[0][15]_i_419/CO[2]
                         net (fo=71, routed)          1.176    21.870    u_soa/u_core/u_scorer/u_topk/p_111_out
    SLICE_X49Y137        LUT4 (Prop_lut4_I2_O)        0.310    22.180 r  u_soa/u_core/u_scorer/score_o[0][15]_i_198/O
                         net (fo=72, routed)          1.291    23.471    u_soa/u_core/u_scorer/score_o[0][15]_i_198_n_0
    SLICE_X50Y148        LUT3 (Prop_lut3_I1_O)        0.150    23.621 f  u_soa/u_core/u_scorer/score_o[0][10]_i_63/O
                         net (fo=5, routed)           0.885    24.506    u_soa/u_core/u_scorer/score_o[0][10]_i_63_n_0
    SLICE_X51Y140        LUT6 (Prop_lut6_I5_O)        0.328    24.834 r  u_soa/u_core/u_scorer/score_o[0][15]_i_873/O
                         net (fo=1, routed)           1.272    26.106    u_soa/u_core/u_scorer/score_o[0][15]_i_873_n_0
    SLICE_X50Y128        CARRY4 (Prop_carry4_DI[1]_CO[3])
                                                      0.520    26.626 r  u_soa/u_core/u_scorer/score_o_reg[0][15]_i_479/CO[3]
                         net (fo=2, routed)           1.451    28.077    u_soa/u_core/u_scorer/score_o_reg[0][15]_i_479_n_0
    SLICE_X51Y135        LUT6 (Prop_lut6_I0_O)        0.124    28.201 r  u_soa/u_core/u_scorer/score_o[0][15]_i_216/O
                         net (fo=189, routed)         1.976    30.178    u_soa/u_core/u_scorer/score_o[0][15]_i_216_n_0
    SLICE_X54Y128        LUT5 (Prop_lut5_I3_O)        0.152    30.330 r  u_soa/u_core/u_scorer/score_o[0][3]_i_30/O
                         net (fo=5, routed)           0.885    31.215    u_soa/u_core/u_scorer/score_o[0][3]_i_30_n_0
    SLICE_X55Y125        LUT6 (Prop_lut6_I3_O)        0.348    31.563 r  u_soa/u_core/u_scorer/score_o[0][15]_i_1365/O
                         net (fo=1, routed)           0.705    32.268    u_soa/u_core/u_scorer/score_o[0][15]_i_1365_n_0
    SLICE_X55Y122        CARRY4 (Prop_carry4_DI[1]_CO[3])
                                                      0.507    32.775 r  u_soa/u_core/u_scorer/score_o_reg[0][15]_i_861/CO[3]
                         net (fo=1, routed)           0.000    32.775    u_soa/u_core/u_scorer/score_o_reg[0][15]_i_861_n_0
    SLICE_X55Y123        CARRY4 (Prop_carry4_CI_CO[3])
                                                      0.114    32.889 r  u_soa/u_core/u_scorer/score_o_reg[0][15]_i_478/CO[3]
                         net (fo=1, routed)           1.000    33.889    u_soa/u_core/u_scorer/score_o_reg[0][15]_i_478_n_0
    SLICE_X56Y130        LUT2 (Prop_lut2_I1_O)        0.124    34.013 f  u_soa/u_core/u_scorer/score_o[0][15]_i_215/O
                         net (fo=1, routed)           0.826    34.839    u_soa/u_core/u_scorer/score_o[0][15]_i_215_n_0
    SLICE_X50Y130        LUT6 (Prop_lut6_I5_O)        0.124    34.963 r  u_soa/u_core/u_scorer/score_o[0][15]_i_98/O
                         net (fo=105, routed)         1.369    36.332    u_soa/u_core/u_scorer/score_o[0][15]_i_98_n_0
    SLICE_X50Y125        LUT3 (Prop_lut3_I1_O)        0.150    36.482 r  u_soa/u_core/u_scorer/score_o[0][4]_i_31/O
                         net (fo=4, routed)           1.398    37.880    u_soa/u_core/u_scorer/score_o[0][4]_i_31_n_0
    SLICE_X40Y115        LUT6 (Prop_lut6_I2_O)        0.355    38.235 r  u_soa/u_core/u_scorer/score_o[0][15]_i_623/O
                         net (fo=1, routed)           0.000    38.235    u_soa/u_core/u_scorer/score_o[0][15]_i_623_n_0
    SLICE_X40Y115        CARRY4 (Prop_carry4_S[1]_CO[3])
                                                      0.550    38.785 r  u_soa/u_core/u_scorer/score_o_reg[0][15]_i_323/CO[3]
                         net (fo=1, routed)           0.000    38.785    u_soa/u_core/u_scorer/score_o_reg[0][15]_i_323_n_0
    SLICE_X40Y116        CARRY4 (Prop_carry4_CI_CO[1])
                                                      0.157    38.942 r  u_soa/u_core/u_scorer/score_o_reg[0][15]_i_151/CO[1]
                         net (fo=37, routed)          0.980    39.922    u_soa/u_core/u_scorer/score_o_reg[0][15]_i_151_n_2
    SLICE_X41Y117        LUT4 (Prop_lut4_I3_O)        0.329    40.251 r  u_soa/u_core/u_scorer/score_o[0][15]_i_76/O
                         net (fo=46, routed)          1.288    41.539    u_soa/u_core/u_scorer/score_o[0][15]_i_76_n_0
    SLICE_X35Y114        LUT3 (Prop_lut3_I1_O)        0.152    41.691 r  u_soa/u_core/u_scorer/score_o[0][6]_i_15/O
                         net (fo=5, routed)           0.955    42.646    u_soa/u_core/u_scorer/score_o[0][6]_i_15_n_0
    SLICE_X29Y114        LUT6 (Prop_lut6_I4_O)        0.332    42.978 r  u_soa/u_core/u_scorer/score_o[0][15]_i_827/O
                         net (fo=1, routed)           0.000    42.978    u_soa/u_core/u_scorer/score_o[0][15]_i_827_n_0
    SLICE_X29Y114        CARRY4 (Prop_carry4_S[2]_CO[3])
                                                      0.398    43.376 r  u_soa/u_core/u_scorer/score_o_reg[0][15]_i_450/CO[3]
                         net (fo=1, routed)           0.000    43.376    u_soa/u_core/u_scorer/score_o_reg[0][15]_i_450_n_0
    SLICE_X29Y115        CARRY4 (Prop_carry4_CI_CO[1])
                                                      0.157    43.533 f  u_soa/u_core/u_scorer/score_o_reg[0][15]_i_208/CO[1]
                         net (fo=2, routed)           1.036    44.568    u_soa/u_core/u_scorer/score_o_reg[0][15]_i_208_n_2
    SLICE_X11Y114        LUT2 (Prop_lut2_I0_O)        0.329    44.897 f  u_soa/u_core/u_scorer/score_o[0][15]_i_96/O
                         net (fo=10, routed)          0.995    45.892    u_soa/u_core/u_scorer/score_o[0][15]_i_96_n_0
    SLICE_X11Y117        LUT6 (Prop_lut6_I5_O)        0.124    46.016 r  u_soa/u_core/u_scorer/score_o[0][15]_i_29/O
                         net (fo=118, routed)         0.997    47.012    u_soa/u_core/u_scorer/score_o[0][15]_i_29_n_0
    SLICE_X12Y118        LUT3 (Prop_lut3_I1_O)        0.116    47.128 r  u_soa/u_core/u_scorer/id_o[4][12]_i_5/O
                         net (fo=5, routed)           0.940    48.069    u_soa/u_core/u_scorer/id_o[4][12]_i_5_n_0
    SLICE_X9Y118         LUT6 (Prop_lut6_I4_O)        0.328    48.397 r  u_soa/u_core/u_scorer/score_o[4][15]_i_1941/O
                         net (fo=1, routed)           0.448    48.844    u_soa/u_core/u_scorer/score_o[4][15]_i_1941_n_0
    SLICE_X8Y115         LUT5 (Prop_lut5_I4_O)        0.124    48.968 r  u_soa/u_core/u_scorer/score_o[4][15]_i_1269/O
                         net (fo=1, routed)           0.000    48.968    u_soa/u_core/u_scorer/score_o[4][15]_i_1269_n_0
    SLICE_X8Y115         CARRY4 (Prop_carry4_S[0]_CO[3])
                                                      0.513    49.481 r  u_soa/u_core/u_scorer/score_o_reg[4][15]_i_749/CO[3]
                         net (fo=1, routed)           0.000    49.481    u_soa/u_core/u_scorer/score_o_reg[4][15]_i_749_n_0
    SLICE_X8Y116         CARRY4 (Prop_carry4_CI_CO[2])
                                                      0.229    49.710 r  u_soa/u_core/u_scorer/score_o_reg[4][15]_i_320/CO[2]
                         net (fo=2, routed)           0.834    50.544    u_soa/u_core/u_scorer/score_o_reg[4][15]_i_320_n_1
    SLICE_X10Y116        LUT3 (Prop_lut3_I1_O)        0.310    50.854 r  u_soa/u_core/u_scorer/score_o[4][15]_i_99/O
                         net (fo=7, routed)           0.694    51.548    u_soa/u_core/u_scorer/score_o[4][15]_i_99_n_0
    SLICE_X10Y114        LUT6 (Prop_lut6_I0_O)        0.124    51.672 r  u_soa/u_core/u_scorer/score_o[4][15]_i_30/O
                         net (fo=102, routed)         0.872    52.543    u_soa/u_core/u_scorer/score_o[4][15]_i_30_n_0
    SLICE_X15Y113        LUT5 (Prop_lut5_I3_O)        0.124    52.667 r  u_soa/u_core/u_scorer/id_o[4][14]_i_2/O
                         net (fo=4, routed)           1.000    53.667    u_soa/u_core/u_scorer/id_o[4][14]_i_2_n_0
    SLICE_X14Y107        LUT4 (Prop_lut4_I3_O)        0.124    53.791 r  u_soa/u_core/u_scorer/score_o[4][15]_i_1242/O
                         net (fo=2, routed)           0.856    54.647    u_soa/u_core/u_scorer/score_o[4][15]_i_1242_n_0
    SLICE_X15Y109        LUT4 (Prop_lut4_I0_O)        0.124    54.771 r  u_soa/u_core/u_scorer/score_o[4][15]_i_717/O
                         net (fo=1, routed)           0.000    54.771    u_soa/u_core/u_scorer/score_o[4][15]_i_717_n_0
    SLICE_X15Y109        CARRY4 (Prop_carry4_S[0]_CO[3])
                                                      0.532    55.303 r  u_soa/u_core/u_scorer/score_o_reg[4][15]_i_291/CO[3]
                         net (fo=1, routed)           0.000    55.303    u_soa/u_core/u_scorer/score_o_reg[4][15]_i_291_n_0
    SLICE_X15Y110        CARRY4 (Prop_carry4_CI_CO[2])
                                                      0.228    55.531 f  u_soa/u_core/u_scorer/score_o_reg[4][15]_i_83/CO[2]
                         net (fo=2, routed)           0.803    56.334    u_soa/u_core/u_scorer/score_o_reg[4][15]_i_83_n_1
    SLICE_X28Y110        LUT5 (Prop_lut5_I0_O)        0.313    56.647 f  u_soa/u_core/u_scorer/score_o[4][15]_i_27/O
                         net (fo=1, routed)           0.947    57.594    u_soa/u_core/u_scorer/score_o[4][15]_i_27_n_0
    SLICE_X29Y107        LUT6 (Prop_lut6_I4_O)        0.124    57.718 r  u_soa/u_core/u_scorer/score_o[4][15]_i_5/O
                         net (fo=96, routed)          1.010    58.728    u_soa/u_core/u_scorer/score_o[4][15]_i_5_n_0
    SLICE_X29Y110        LUT3 (Prop_lut3_I2_O)        0.149    58.877 r  u_soa/u_core/u_scorer/id_o[5][24]_i_1/O
                         net (fo=1, routed)           0.000    58.877    u_soa/u_core/u_topk/id_o_reg[5][31]_0[24]
    SLICE_X29Y110        FDCE                                         r  u_soa/u_core/u_topk/id_o_reg[5][24]/D
  -------------------------------------------------------------------    -------------------

                         (clock clk rise edge)       10.000    10.000 r  <hidden>
                                                      0.000    10.000 r  clk
                         net (fo=52181, unset)        0.924    10.924    u_soa/u_core/u_topk/clk
    SLICE_X29Y110        FDCE                                         r  u_soa/u_core/u_topk/id_o_reg[5][24]/C
                         clock pessimism              0.000    10.924    <hidden>
                         clock uncertainty           -0.035    10.889    <hidden>
    SLICE_X29Y110        FDCE (Setup_fdce_C_D)        0.075    10.964    u_soa/u_core/u_topk/id_o_reg[5][24]
  -------------------------------------------------------------------
                         required time                         10.964    <hidden>
                         arrival time                         -58.877    <hidden>
  -------------------------------------------------------------------
                         slack                                -47.913    <hidden>

Slack (VIOLATED) :        -47.889ns  (required time - arrival time)
  Source:                 u_soa/u_core/u_scorer/g_lane[15].u_lane/score_o_reg[2]/C
                            (rising edge-triggered cell FDCE clocked by clk  {rise@0.000ns fall@5.000ns period=10.000ns})
  Destination:            u_soa/u_core/u_topk/id_o_reg[6][12]/D
                            (rising edge-triggered cell FDCE clocked by clk  {rise@0.000ns fall@5.000ns period=10.000ns})
  Path Group:             clk
  Path Type:              Setup (Max at Slow Process Corner)
  Requirement:            10.000ns  (clk rise@10.000ns - clk rise@0.000ns)
  Data Path Delay:        57.834ns  (logic 14.447ns (24.980%)  route 43.387ns (75.020%))
  Logic Levels:           59  (CARRY4=22 LUT2=2 LUT3=11 LUT4=5 LUT5=4 LUT6=15)
  Clock Path Skew:        -0.049ns (DCD - SCD + CPR)
    Destination Clock Delay (DCD):    0.924ns = ( 10.924 - 10.000 ) 
    Source Clock Delay      (SCD):    0.973ns
    Clock Pessimism Removal (CPR):    0.000ns
  Clock Uncertainty:      0.035ns  ((TSJ^2 + TIJ^2)^1/2 + DJ) / 2 + PE
    Total System Jitter     (TSJ):    0.071ns
    Total Input Jitter      (TIJ):    0.000ns
    Discrete Jitter          (DJ):    0.000ns
    Phase Error              (PE):    0.000ns

    Location             Delay type                Incr(ns)  Path(ns)    Netlist Resource(s)
  -------------------------------------------------------------------    -------------------
                         (clock clk rise edge)        0.000     0.000 r  <hidden>
                                                      0.000     0.000 r  clk
                         net (fo=52181, unset)        0.973     0.973    u_soa/u_core/u_scorer/g_lane[15].u_lane/clk
    SLICE_X38Y149        FDCE                                         r  u_soa/u_core/u_scorer/g_lane[15].u_lane/score_o_reg[2]/C
  -------------------------------------------------------------------    -------------------
    SLICE_X38Y149        FDCE (Prop_fdce_C_Q)         0.478     1.451 r  u_soa/u_core/u_scorer/g_lane[15].u_lane/score_o_reg[2]/Q
                         net (fo=7, routed)           1.183     2.634    u_soa/u_core/u_scorer/sc_score[15]_215[2]
    SLICE_X39Y145        LUT4 (Prop_lut4_I2_O)        0.301     2.935 r  u_soa/u_core/u_scorer/score_o[0][15]_i_2272/O
                         net (fo=1, routed)           0.000     2.935    u_soa/u_core/u_scorer/score_o[0][15]_i_2272_n_0
    SLICE_X39Y145        CARRY4 (Prop_carry4_S[1]_CO[3])
                                                      0.550     3.485 r  u_soa/u_core/u_scorer/score_o_reg[0][15]_i_1741/CO[3]
                         net (fo=1, routed)           0.000     3.485    u_soa/u_core/u_scorer/score_o_reg[0][15]_i_1741_n_0
    SLICE_X39Y146        CARRY4 (Prop_carry4_CI_CO[3])
                                                      0.114     3.599 r  u_soa/u_core/u_scorer/score_o_reg[0][15]_i_1172/CO[3]
                         net (fo=69, routed)          1.442     5.041    u_soa/u_core/u_scorer/score_o_reg[0][15]_i_1172_n_0
    SLICE_X41Y150        LUT4 (Prop_lut4_I3_O)        0.124     5.165 r  u_soa/u_core/u_scorer/score_o[0][15]_i_715/O
                         net (fo=85, routed)          1.345     6.510    u_soa/u_core/u_scorer/score_o[0][15]_i_715_n_0
    SLICE_X46Y148        LUT3 (Prop_lut3_I1_O)        0.124     6.634 f  u_soa/u_core/u_scorer/score_o[0][1]_i_107/O
                         net (fo=2, routed)           0.724     7.358    u_soa/u_core/u_scorer/score_o[0][1]_i_107_n_0
    SLICE_X48Y146        LUT6 (Prop_lut6_I1_O)        0.124     7.482 r  u_soa/u_core/u_scorer/score_o[4][15]_i_2352/O
                         net (fo=1, routed)           0.914     8.396    u_soa/u_core/u_scorer/score_o[4][15]_i_2352_n_0
    SLICE_X46Y143        CARRY4 (Prop_carry4_DI[0]_CO[3])
                                                      0.550     8.946 r  u_soa/u_core/u_scorer/score_o_reg[4][15]_i_1660/CO[3]
                         net (fo=1, routed)           0.000     8.946    u_soa/u_core/u_scorer/score_o_reg[4][15]_i_1660_n_0
    SLICE_X46Y144        CARRY4 (Prop_carry4_CI_CO[3])
                                                      0.117     9.063 f  u_soa/u_core/u_scorer/score_o_reg[4][15]_i_974/CO[3]
                         net (fo=2, routed)           1.345    10.408    u_soa/u_core/u_scorer/score_o_reg[4][15]_i_974_n_0
    SLICE_X33Y147        LUT4 (Prop_lut4_I0_O)        0.124    10.532 r  u_soa/u_core/u_scorer/score_o[0][15]_i_595/O
                         net (fo=81, routed)          1.306    11.839    u_soa/u_core/u_scorer/score_o[0][15]_i_595_n_0
    SLICE_X41Y149        LUT5 (Prop_lut5_I3_O)        0.124    11.963 r  u_soa/u_core/u_scorer/id_o[0][21]_i_92/O
                         net (fo=4, routed)           0.722    12.685    u_soa/u_core/u_scorer/id_o[0][21]_i_92_n_0
    SLICE_X40Y144        LUT6 (Prop_lut6_I5_O)        0.124    12.809 f  u_soa/u_core/u_scorer/score_o[0][15]_i_2572/O
                         net (fo=2, routed)           0.968    13.777    u_soa/u_core/u_scorer/score_o[0][15]_i_2572_n_0
    SLICE_X41Y140        LUT5 (Prop_lut5_I4_O)        0.124    13.901 r  u_soa/u_core/u_scorer/score_o[0][15]_i_2286/O
                         net (fo=1, routed)           0.000    13.901    u_soa/u_core/u_scorer/score_o[0][15]_i_2286_n_0
    SLICE_X41Y140        CARRY4 (Prop_carry4_S[3]_CO[3])
                                                      0.401    14.302 r  u_soa/u_core/u_scorer/score_o_reg[0][15]_i_1768/CO[3]
                         net (fo=1, routed)           0.000    14.302    u_soa/u_core/u_scorer/score_o_reg[0][15]_i_1768_n_0
    SLICE_X41Y141        CARRY4 (Prop_carry4_CI_CO[2])
                                                      0.228    14.530 r  u_soa/u_core/u_scorer/score_o_reg[0][15]_i_1183/CO[2]
                         net (fo=1, routed)           0.692    15.221    u_soa/u_core/u_scorer/u_topk/p_132_out
    SLICE_X41Y145        LUT6 (Prop_lut6_I5_O)        0.313    15.534 r  u_soa/u_core/u_scorer/score_o[0][15]_i_718/O
                         net (fo=6, routed)           0.624    16.158    u_soa/u_core/u_scorer/score_o[0][15]_i_718_n_0
    SLICE_X43Y146        LUT3 (Prop_lut3_I1_O)        0.124    16.282 r  u_soa/u_core/u_scorer/score_o[0][15]_i_382/O
                         net (fo=102, routed)         1.481    17.763    u_soa/u_core/u_scorer/score_o[0][15]_i_382_n_0
    SLICE_X44Y141        LUT3 (Prop_lut3_I1_O)        0.152    17.915 r  u_soa/u_core/u_scorer/id_o[0][0]_i_70/O
                         net (fo=5, routed)           1.594    19.509    u_soa/u_core/u_scorer/id_o[0][0]_i_70_n_0
    SLICE_X46Y132        LUT6 (Prop_lut6_I2_O)        0.326    19.835 r  u_soa/u_core/u_scorer/score_o[0][15]_i_1824/O
                         net (fo=1, routed)           0.000    19.835    u_soa/u_core/u_scorer/score_o[0][15]_i_1824_n_0
    SLICE_X46Y132        CARRY4 (Prop_carry4_S[0]_CO[3])
                                                      0.513    20.348 r  u_soa/u_core/u_scorer/score_o_reg[0][15]_i_1252/CO[3]
                         net (fo=1, routed)           0.000    20.348    u_soa/u_core/u_scorer/score_o_reg[0][15]_i_1252_n_0
    SLICE_X46Y133        CARRY4 (Prop_carry4_CI_CO[3])
                                                      0.117    20.465 r  u_soa/u_core/u_scorer/score_o_reg[0][15]_i_776/CO[3]
                         net (fo=1, routed)           0.000    20.465    u_soa/u_core/u_scorer/score_o_reg[0][15]_i_776_n_0
    SLICE_X46Y134        CARRY4 (Prop_carry4_CI_CO[2])
                                                      0.229    20.694 f  u_soa/u_core/u_scorer/score_o_reg[0][15]_i_419/CO[2]
                         net (fo=71, routed)          1.176    21.870    u_soa/u_core/u_scorer/u_topk/p_111_out
    SLICE_X49Y137        LUT4 (Prop_lut4_I2_O)        0.310    22.180 r  u_soa/u_core/u_scorer/score_o[0][15]_i_198/O
                         net (fo=72, routed)          1.291    23.471    u_soa/u_core/u_scorer/score_o[0][15]_i_198_n_0
    SLICE_X50Y148        LUT3 (Prop_lut3_I1_O)        0.150    23.621 f  u_soa/u_core/u_scorer/score_o[0][10]_i_63/O
                         net (fo=5, routed)           0.885    24.506    u_soa/u_core/u_scorer/score_o[0][10]_i_63_n_0
    SLICE_X51Y140        LUT6 (Prop_lut6_I5_O)        0.328    24.834 r  u_soa/u_core/u_scorer/score_o[0][15]_i_873/O
                         net (fo=1, routed)           1.272    26.106    u_soa/u_core/u_scorer/score_o[0][15]_i_873_n_0
    SLICE_X50Y128        CARRY4 (Prop_carry4_DI[1]_CO[3])
                                                      0.520    26.626 r  u_soa/u_core/u_scorer/score_o_reg[0][15]_i_479/CO[3]
                         net (fo=2, routed)           1.451    28.077    u_soa/u_core/u_scorer/score_o_reg[0][15]_i_479_n_0
    SLICE_X51Y135        LUT6 (Prop_lut6_I0_O)        0.124    28.201 r  u_soa/u_core/u_scorer/score_o[0][15]_i_216/O
                         net (fo=189, routed)         1.976    30.178    u_soa/u_core/u_scorer/score_o[0][15]_i_216_n_0
    SLICE_X54Y128        LUT5 (Prop_lut5_I3_O)        0.152    30.330 r  u_soa/u_core/u_scorer/score_o[0][3]_i_30/O
                         net (fo=5, routed)           0.885    31.215    u_soa/u_core/u_scorer/score_o[0][3]_i_30_n_0
    SLICE_X55Y125        LUT6 (Prop_lut6_I3_O)        0.348    31.563 r  u_soa/u_core/u_scorer/score_o[0][15]_i_1365/O
                         net (fo=1, routed)           0.705    32.268    u_soa/u_core/u_scorer/score_o[0][15]_i_1365_n_0
    SLICE_X55Y122        CARRY4 (Prop_carry4_DI[1]_CO[3])
                                                      0.507    32.775 r  u_soa/u_core/u_scorer/score_o_reg[0][15]_i_861/CO[3]
                         net (fo=1, routed)           0.000    32.775    u_soa/u_core/u_scorer/score_o_reg[0][15]_i_861_n_0
    SLICE_X55Y123        CARRY4 (Prop_carry4_CI_CO[3])
                                                      0.114    32.889 r  u_soa/u_core/u_scorer/score_o_reg[0][15]_i_478/CO[3]
                         net (fo=1, routed)           1.000    33.889    u_soa/u_core/u_scorer/score_o_reg[0][15]_i_478_n_0
    SLICE_X56Y130        LUT2 (Prop_lut2_I1_O)        0.124    34.013 f  u_soa/u_core/u_scorer/score_o[0][15]_i_215/O
                         net (fo=1, routed)           0.826    34.839    u_soa/u_core/u_scorer/score_o[0][15]_i_215_n_0
    SLICE_X50Y130        LUT6 (Prop_lut6_I5_O)        0.124    34.963 r  u_soa/u_core/u_scorer/score_o[0][15]_i_98/O
                         net (fo=105, routed)         1.369    36.332    u_soa/u_core/u_scorer/score_o[0][15]_i_98_n_0
    SLICE_X50Y125        LUT3 (Prop_lut3_I1_O)        0.150    36.482 r  u_soa/u_core/u_scorer/score_o[0][4]_i_31/O
                         net (fo=4, routed)           1.398    37.880    u_soa/u_core/u_scorer/score_o[0][4]_i_31_n_0
    SLICE_X40Y115        LUT6 (Prop_lut6_I2_O)        0.355    38.235 r  u_soa/u_core/u_scorer/score_o[0][15]_i_623/O
                         net (fo=1, routed)           0.000    38.235    u_soa/u_core/u_scorer/score_o[0][15]_i_623_n_0
    SLICE_X40Y115        CARRY4 (Prop_carry4_S[1]_CO[3])
                                                      0.550    38.785 r  u_soa/u_core/u_scorer/score_o_reg[0][15]_i_323/CO[3]
                         net (fo=1, routed)           0.000    38.785    u_soa/u_core/u_scorer/score_o_reg[0][15]_i_323_n_0
    SLICE_X40Y116        CARRY4 (Prop_carry4_CI_CO[1])
                                                      0.157    38.942 r  u_soa/u_core/u_scorer/score_o_reg[0][15]_i_151/CO[1]
                         net (fo=37, routed)          0.980    39.922    u_soa/u_core/u_scorer/score_o_reg[0][15]_i_151_n_2
    SLICE_X41Y117        LUT4 (Prop_lut4_I3_O)        0.329    40.251 r  u_soa/u_core/u_scorer/score_o[0][15]_i_76/O
                         net (fo=46, routed)          1.288    41.539    u_soa/u_core/u_scorer/score_o[0][15]_i_76_n_0
    SLICE_X35Y114        LUT3 (Prop_lut3_I1_O)        0.152    41.691 r  u_soa/u_core/u_scorer/score_o[0][6]_i_15/O
                         net (fo=5, routed)           0.955    42.646    u_soa/u_core/u_scorer/score_o[0][6]_i_15_n_0
    SLICE_X29Y114        LUT6 (Prop_lut6_I4_O)        0.332    42.978 r  u_soa/u_core/u_scorer/score_o[0][15]_i_827/O
                         net (fo=1, routed)           0.000    42.978    u_soa/u_core/u_scorer/score_o[0][15]_i_827_n_0
    SLICE_X29Y114        CARRY4 (Prop_carry4_S[2]_CO[3])
                                                      0.398    43.376 r  u_soa/u_core/u_scorer/score_o_reg[0][15]_i_450/CO[3]
                         net (fo=1, routed)           0.000    43.376    u_soa/u_core/u_scorer/score_o_reg[0][15]_i_450_n_0
    SLICE_X29Y115        CARRY4 (Prop_carry4_CI_CO[1])
                                                      0.157    43.533 f  u_soa/u_core/u_scorer/score_o_reg[0][15]_i_208/CO[1]
                         net (fo=2, routed)           1.036    44.568    u_soa/u_core/u_scorer/score_o_reg[0][15]_i_208_n_2
    SLICE_X11Y114        LUT2 (Prop_lut2_I0_O)        0.329    44.897 f  u_soa/u_core/u_scorer/score_o[0][15]_i_96/O
                         net (fo=10, routed)          0.995    45.892    u_soa/u_core/u_scorer/score_o[0][15]_i_96_n_0
    SLICE_X11Y117        LUT6 (Prop_lut6_I5_O)        0.124    46.016 r  u_soa/u_core/u_scorer/score_o[0][15]_i_29/O
                         net (fo=118, routed)         0.997    47.012    u_soa/u_core/u_scorer/score_o[0][15]_i_29_n_0
    SLICE_X12Y118        LUT3 (Prop_lut3_I1_O)        0.116    47.128 r  u_soa/u_core/u_scorer/id_o[4][12]_i_5/O
                         net (fo=5, routed)           0.940    48.069    u_soa/u_core/u_scorer/id_o[4][12]_i_5_n_0
    SLICE_X9Y118         LUT6 (Prop_lut6_I4_O)        0.328    48.397 r  u_soa/u_core/u_scorer/score_o[4][15]_i_1941/O
                         net (fo=1, routed)           0.448    48.844    u_soa/u_core/u_scorer/score_o[4][15]_i_1941_n_0
    SLICE_X8Y115         LUT5 (Prop_lut5_I4_O)        0.124    48.968 r  u_soa/u_core/u_scorer/score_o[4][15]_i_1269/O
                         net (fo=1, routed)           0.000    48.968    u_soa/u_core/u_scorer/score_o[4][15]_i_1269_n_0
    SLICE_X8Y115         CARRY4 (Prop_carry4_S[0]_CO[3])
                                                      0.513    49.481 r  u_soa/u_core/u_scorer/score_o_reg[4][15]_i_749/CO[3]
                         net (fo=1, routed)           0.000    49.481    u_soa/u_core/u_scorer/score_o_reg[4][15]_i_749_n_0
    SLICE_X8Y116         CARRY4 (Prop_carry4_CI_CO[2])
                                                      0.229    49.710 r  u_soa/u_core/u_scorer/score_o_reg[4][15]_i_320/CO[2]
                         net (fo=2, routed)           0.834    50.544    u_soa/u_core/u_scorer/score_o_reg[4][15]_i_320_n_1
    SLICE_X10Y116        LUT3 (Prop_lut3_I1_O)        0.310    50.854 r  u_soa/u_core/u_scorer/score_o[4][15]_i_99/O
                         net (fo=7, routed)           0.694    51.548    u_soa/u_core/u_scorer/score_o[4][15]_i_99_n_0
    SLICE_X10Y114        LUT6 (Prop_lut6_I0_O)        0.124    51.672 r  u_soa/u_core/u_scorer/score_o[4][15]_i_30/O
                         net (fo=102, routed)         1.092    52.763    u_soa/u_core/u_scorer/score_o[4][15]_i_30_n_0
    SLICE_X12Y113        LUT3 (Prop_lut3_I1_O)        0.124    52.887 f  u_soa/u_core/u_scorer/id_o[6][0]_i_2/O
                         net (fo=5, routed)           1.170    54.058    u_soa/u_core/u_scorer/id_o[6][0]_i_2_n_0
    SLICE_X12Y109        LUT6 (Prop_lut6_I5_O)        0.124    54.182 r  u_soa/u_core/u_scorer/score_o[6][15]_i_98/O
                         net (fo=1, routed)           0.543    54.724    u_soa/u_core/u_scorer/score_o[6][15]_i_98_n_0
    SLICE_X13Y107        CARRY4 (Prop_carry4_DI[0]_CO[3])
                                                      0.526    55.250 r  u_soa/u_core/u_scorer/score_o_reg[6][15]_i_76/CO[3]
                         net (fo=1, routed)           0.000    55.250    u_soa/u_core/u_scorer/score_o_reg[6][15]_i_76_n_0
    SLICE_X13Y108        CARRY4 (Prop_carry4_CI_CO[3])
                                                      0.114    55.364 r  u_soa/u_core/u_scorer/score_o_reg[6][15]_i_47/CO[3]
                         net (fo=1, routed)           0.000    55.364    u_soa/u_core/u_scorer/score_o_reg[6][15]_i_47_n_0
    SLICE_X13Y109        CARRY4 (Prop_carry4_CI_CO[3])
                                                      0.114    55.478 r  u_soa/u_core/u_scorer/score_o_reg[6][15]_i_22/CO[3]
                         net (fo=1, routed)           0.000    55.478    u_soa/u_core/u_scorer/score_o_reg[6][15]_i_22_n_0
    SLICE_X13Y110        CARRY4 (Prop_carry4_CI_CO[3])
                                                      0.114    55.592 r  u_soa/u_core/u_scorer/score_o_reg[6][15]_i_11/CO[3]
                         net (fo=1, routed)           1.024    56.616    u_soa/u_core/u_scorer/score_o_reg[6][15]_i_11_n_0
    SLICE_X8Y111         LUT3 (Prop_lut3_I0_O)        0.124    56.740 r  u_soa/u_core/u_scorer/score_o[6][15]_i_5/O
                         net (fo=1, routed)           0.670    57.411    u_soa/u_core/u_scorer/score_o[6][15]_i_5_n_0
    SLICE_X8Y111         LUT6 (Prop_lut6_I0_O)        0.124    57.535 r  u_soa/u_core/u_scorer/score_o[6][15]_i_3/O
                         net (fo=96, routed)          1.149    58.683    u_soa/u_core/u_scorer/score_o[6][15]_i_3_n_0
    SLICE_X7Y110         LUT3 (Prop_lut3_I2_O)        0.124    58.807 r  u_soa/u_core/u_scorer/id_o[6][12]_i_1/O
                         net (fo=1, routed)           0.000    58.807    u_soa/u_core/u_topk/id_o_reg[6][31]_0[12]
    SLICE_X7Y110         FDCE                                         r  u_soa/u_core/u_topk/id_o_reg[6][12]/D
  -------------------------------------------------------------------    -------------------

                         (clock clk rise edge)       10.000    10.000 r  <hidden>
                                                      0.000    10.000 r  clk
                         net (fo=52181, unset)        0.924    10.924    u_soa/u_core/u_topk/clk
    SLICE_X7Y110         FDCE                                         r  u_soa/u_core/u_topk/id_o_reg[6][12]/C
                         clock pessimism              0.000    10.924    <hidden>
                         clock uncertainty           -0.035    10.889    <hidden>
    SLICE_X7Y110         FDCE (Setup_fdce_C_D)        0.029    10.918    u_soa/u_core/u_topk/id_o_reg[6][12]
  -------------------------------------------------------------------
                         required time                         10.918    <hidden>
                         arrival time                         -58.807    <hidden>
  -------------------------------------------------------------------
                         slack                                -47.889    <hidden>

Slack (VIOLATED) :        -47.886ns  (required time - arrival time)
  Source:                 u_soa/u_core/u_scorer/g_lane[15].u_lane/score_o_reg[2]/C
                            (rising edge-triggered cell FDCE clocked by clk  {rise@0.000ns fall@5.000ns period=10.000ns})
  Destination:            u_soa/u_core/u_topk/id_o_reg[6][24]/D
                            (rising edge-triggered cell FDCE clocked by clk  {rise@0.000ns fall@5.000ns period=10.000ns})
  Path Group:             clk
  Path Type:              Setup (Max at Slow Process Corner)
  Requirement:            10.000ns  (clk rise@10.000ns - clk rise@0.000ns)
  Data Path Delay:        57.833ns  (logic 14.447ns (24.980%)  route 43.386ns (75.020%))
  Logic Levels:           59  (CARRY4=22 LUT2=2 LUT3=11 LUT4=5 LUT5=4 LUT6=15)
  Clock Path Skew:        -0.049ns (DCD - SCD + CPR)
    Destination Clock Delay (DCD):    0.924ns = ( 10.924 - 10.000 ) 
    Source Clock Delay      (SCD):    0.973ns
    Clock Pessimism Removal (CPR):    0.000ns
  Clock Uncertainty:      0.035ns  ((TSJ^2 + TIJ^2)^1/2 + DJ) / 2 + PE
    Total System Jitter     (TSJ):    0.071ns
    Total Input Jitter      (TIJ):    0.000ns
    Discrete Jitter          (DJ):    0.000ns
    Phase Error              (PE):    0.000ns

    Location             Delay type                Incr(ns)  Path(ns)    Netlist Resource(s)
  -------------------------------------------------------------------    -------------------
                         (clock clk rise edge)        0.000     0.000 r  <hidden>
                                                      0.000     0.000 r  clk
                         net (fo=52181, unset)        0.973     0.973    u_soa/u_core/u_scorer/g_lane[15].u_lane/clk
    SLICE_X38Y149        FDCE                                         r  u_soa/u_core/u_scorer/g_lane[15].u_lane/score_o_reg[2]/C
  -------------------------------------------------------------------    -------------------
    SLICE_X38Y149        FDCE (Prop_fdce_C_Q)         0.478     1.451 r  u_soa/u_core/u_scorer/g_lane[15].u_lane/score_o_reg[2]/Q
                         net (fo=7, routed)           1.183     2.634    u_soa/u_core/u_scorer/sc_score[15]_215[2]
    SLICE_X39Y145        LUT4 (Prop_lut4_I2_O)        0.301     2.935 r  u_soa/u_core/u_scorer/score_o[0][15]_i_2272/O
                         net (fo=1, routed)           0.000     2.935    u_soa/u_core/u_scorer/score_o[0][15]_i_2272_n_0
    SLICE_X39Y145        CARRY4 (Prop_carry4_S[1]_CO[3])
                                                      0.550     3.485 r  u_soa/u_core/u_scorer/score_o_reg[0][15]_i_1741/CO[3]
                         net (fo=1, routed)           0.000     3.485    u_soa/u_core/u_scorer/score_o_reg[0][15]_i_1741_n_0
    SLICE_X39Y146        CARRY4 (Prop_carry4_CI_CO[3])
                                                      0.114     3.599 r  u_soa/u_core/u_scorer/score_o_reg[0][15]_i_1172/CO[3]
                         net (fo=69, routed)          1.442     5.041    u_soa/u_core/u_scorer/score_o_reg[0][15]_i_1172_n_0
    SLICE_X41Y150        LUT4 (Prop_lut4_I3_O)        0.124     5.165 r  u_soa/u_core/u_scorer/score_o[0][15]_i_715/O
                         net (fo=85, routed)          1.345     6.510    u_soa/u_core/u_scorer/score_o[0][15]_i_715_n_0
    SLICE_X46Y148        LUT3 (Prop_lut3_I1_O)        0.124     6.634 f  u_soa/u_core/u_scorer/score_o[0][1]_i_107/O
                         net (fo=2, routed)           0.724     7.358    u_soa/u_core/u_scorer/score_o[0][1]_i_107_n_0
    SLICE_X48Y146        LUT6 (Prop_lut6_I1_O)        0.124     7.482 r  u_soa/u_core/u_scorer/score_o[4][15]_i_2352/O
                         net (fo=1, routed)           0.914     8.396    u_soa/u_core/u_scorer/score_o[4][15]_i_2352_n_0
    SLICE_X46Y143        CARRY4 (Prop_carry4_DI[0]_CO[3])
                                                      0.550     8.946 r  u_soa/u_core/u_scorer/score_o_reg[4][15]_i_1660/CO[3]
                         net (fo=1, routed)           0.000     8.946    u_soa/u_core/u_scorer/score_o_reg[4][15]_i_1660_n_0
    SLICE_X46Y144        CARRY4 (Prop_carry4_CI_CO[3])
                                                      0.117     9.063 f  u_soa/u_core/u_scorer/score_o_reg[4][15]_i_974/CO[3]
                         net (fo=2, routed)           1.345    10.408    u_soa/u_core/u_scorer/score_o_reg[4][15]_i_974_n_0
    SLICE_X33Y147        LUT4 (Prop_lut4_I0_O)        0.124    10.532 r  u_soa/u_core/u_scorer/score_o[0][15]_i_595/O
                         net (fo=81, routed)          1.306    11.839    u_soa/u_core/u_scorer/score_o[0][15]_i_595_n_0
    SLICE_X41Y149        LUT5 (Prop_lut5_I3_O)        0.124    11.963 r  u_soa/u_core/u_scorer/id_o[0][21]_i_92/O
                         net (fo=4, routed)           0.722    12.685    u_soa/u_core/u_scorer/id_o[0][21]_i_92_n_0
    SLICE_X40Y144        LUT6 (Prop_lut6_I5_O)        0.124    12.809 f  u_soa/u_core/u_scorer/score_o[0][15]_i_2572/O
                         net (fo=2, routed)           0.968    13.777    u_soa/u_core/u_scorer/score_o[0][15]_i_2572_n_0
    SLICE_X41Y140        LUT5 (Prop_lut5_I4_O)        0.124    13.901 r  u_soa/u_core/u_scorer/score_o[0][15]_i_2286/O
                         net (fo=1, routed)           0.000    13.901    u_soa/u_core/u_scorer/score_o[0][15]_i_2286_n_0
    SLICE_X41Y140        CARRY4 (Prop_carry4_S[3]_CO[3])
                                                      0.401    14.302 r  u_soa/u_core/u_scorer/score_o_reg[0][15]_i_1768/CO[3]
                         net (fo=1, routed)           0.000    14.302    u_soa/u_core/u_scorer/score_o_reg[0][15]_i_1768_n_0
    SLICE_X41Y141        CARRY4 (Prop_carry4_CI_CO[2])
                                                      0.228    14.530 r  u_soa/u_core/u_scorer/score_o_reg[0][15]_i_1183/CO[2]
                         net (fo=1, routed)           0.692    15.221    u_soa/u_core/u_scorer/u_topk/p_132_out
    SLICE_X41Y145        LUT6 (Prop_lut6_I5_O)        0.313    15.534 r  u_soa/u_core/u_scorer/score_o[0][15]_i_718/O
                         net (fo=6, routed)           0.624    16.158    u_soa/u_core/u_scorer/score_o[0][15]_i_718_n_0
    SLICE_X43Y146        LUT3 (Prop_lut3_I1_O)        0.124    16.282 r  u_soa/u_core/u_scorer/score_o[0][15]_i_382/O
                         net (fo=102, routed)         1.481    17.763    u_soa/u_core/u_scorer/score_o[0][15]_i_382_n_0
    SLICE_X44Y141        LUT3 (Prop_lut3_I1_O)        0.152    17.915 r  u_soa/u_core/u_scorer/id_o[0][0]_i_70/O
                         net (fo=5, routed)           1.594    19.509    u_soa/u_core/u_scorer/id_o[0][0]_i_70_n_0
    SLICE_X46Y132        LUT6 (Prop_lut6_I2_O)        0.326    19.835 r  u_soa/u_core/u_scorer/score_o[0][15]_i_1824/O
                         net (fo=1, routed)           0.000    19.835    u_soa/u_core/u_scorer/score_o[0][15]_i_1824_n_0
    SLICE_X46Y132        CARRY4 (Prop_carry4_S[0]_CO[3])
                                                      0.513    20.348 r  u_soa/u_core/u_scorer/score_o_reg[0][15]_i_1252/CO[3]
                         net (fo=1, routed)           0.000    20.348    u_soa/u_core/u_scorer/score_o_reg[0][15]_i_1252_n_0
    SLICE_X46Y133        CARRY4 (Prop_carry4_CI_CO[3])
                                                      0.117    20.465 r  u_soa/u_core/u_scorer/score_o_reg[0][15]_i_776/CO[3]
                         net (fo=1, routed)           0.000    20.465    u_soa/u_core/u_scorer/score_o_reg[0][15]_i_776_n_0
    SLICE_X46Y134        CARRY4 (Prop_carry4_CI_CO[2])
                                                      0.229    20.694 f  u_soa/u_core/u_scorer/score_o_reg[0][15]_i_419/CO[2]
                         net (fo=71, routed)          1.176    21.870    u_soa/u_core/u_scorer/u_topk/p_111_out
    SLICE_X49Y137        LUT4 (Prop_lut4_I2_O)        0.310    22.180 r  u_soa/u_core/u_scorer/score_o[0][15]_i_198/O
                         net (fo=72, routed)          1.291    23.471    u_soa/u_core/u_scorer/score_o[0][15]_i_198_n_0
    SLICE_X50Y148        LUT3 (Prop_lut3_I1_O)        0.150    23.621 f  u_soa/u_core/u_scorer/score_o[0][10]_i_63/O
                         net (fo=5, routed)           0.885    24.506    u_soa/u_core/u_scorer/score_o[0][10]_i_63_n_0
    SLICE_X51Y140        LUT6 (Prop_lut6_I5_O)        0.328    24.834 r  u_soa/u_core/u_scorer/score_o[0][15]_i_873/O
                         net (fo=1, routed)           1.272    26.106    u_soa/u_core/u_scorer/score_o[0][15]_i_873_n_0
    SLICE_X50Y128        CARRY4 (Prop_carry4_DI[1]_CO[3])
                                                      0.520    26.626 r  u_soa/u_core/u_scorer/score_o_reg[0][15]_i_479/CO[3]
                         net (fo=2, routed)           1.451    28.077    u_soa/u_core/u_scorer/score_o_reg[0][15]_i_479_n_0
    SLICE_X51Y135        LUT6 (Prop_lut6_I0_O)        0.124    28.201 r  u_soa/u_core/u_scorer/score_o[0][15]_i_216/O
                         net (fo=189, routed)         1.976    30.178    u_soa/u_core/u_scorer/score_o[0][15]_i_216_n_0
    SLICE_X54Y128        LUT5 (Prop_lut5_I3_O)        0.152    30.330 r  u_soa/u_core/u_scorer/score_o[0][3]_i_30/O
                         net (fo=5, routed)           0.885    31.215    u_soa/u_core/u_scorer/score_o[0][3]_i_30_n_0
    SLICE_X55Y125        LUT6 (Prop_lut6_I3_O)        0.348    31.563 r  u_soa/u_core/u_scorer/score_o[0][15]_i_1365/O
                         net (fo=1, routed)           0.705    32.268    u_soa/u_core/u_scorer/score_o[0][15]_i_1365_n_0
    SLICE_X55Y122        CARRY4 (Prop_carry4_DI[1]_CO[3])
                                                      0.507    32.775 r  u_soa/u_core/u_scorer/score_o_reg[0][15]_i_861/CO[3]
                         net (fo=1, routed)           0.000    32.775    u_soa/u_core/u_scorer/score_o_reg[0][15]_i_861_n_0
    SLICE_X55Y123        CARRY4 (Prop_carry4_CI_CO[3])
                                                      0.114    32.889 r  u_soa/u_core/u_scorer/score_o_reg[0][15]_i_478/CO[3]
                         net (fo=1, routed)           1.000    33.889    u_soa/u_core/u_scorer/score_o_reg[0][15]_i_478_n_0
    SLICE_X56Y130        LUT2 (Prop_lut2_I1_O)        0.124    34.013 f  u_soa/u_core/u_scorer/score_o[0][15]_i_215/O
                         net (fo=1, routed)           0.826    34.839    u_soa/u_core/u_scorer/score_o[0][15]_i_215_n_0
    SLICE_X50Y130        LUT6 (Prop_lut6_I5_O)        0.124    34.963 r  u_soa/u_core/u_scorer/score_o[0][15]_i_98/O
                         net (fo=105, routed)         1.369    36.332    u_soa/u_core/u_scorer/score_o[0][15]_i_98_n_0
    SLICE_X50Y125        LUT3 (Prop_lut3_I1_O)        0.150    36.482 r  u_soa/u_core/u_scorer/score_o[0][4]_i_31/O
                         net (fo=4, routed)           1.398    37.880    u_soa/u_core/u_scorer/score_o[0][4]_i_31_n_0
    SLICE_X40Y115        LUT6 (Prop_lut6_I2_O)        0.355    38.235 r  u_soa/u_core/u_scorer/score_o[0][15]_i_623/O
                         net (fo=1, routed)           0.000    38.235    u_soa/u_core/u_scorer/score_o[0][15]_i_623_n_0
    SLICE_X40Y115        CARRY4 (Prop_carry4_S[1]_CO[3])
                                                      0.550    38.785 r  u_soa/u_core/u_scorer/score_o_reg[0][15]_i_323/CO[3]
                         net (fo=1, routed)           0.000    38.785    u_soa/u_core/u_scorer/score_o_reg[0][15]_i_323_n_0
    SLICE_X40Y116        CARRY4 (Prop_carry4_CI_CO[1])
                                                      0.157    38.942 r  u_soa/u_core/u_scorer/score_o_reg[0][15]_i_151/CO[1]
                         net (fo=37, routed)          0.980    39.922    u_soa/u_core/u_scorer/score_o_reg[0][15]_i_151_n_2
    SLICE_X41Y117        LUT4 (Prop_lut4_I3_O)        0.329    40.251 r  u_soa/u_core/u_scorer/score_o[0][15]_i_76/O
                         net (fo=46, routed)          1.288    41.539    u_soa/u_core/u_scorer/score_o[0][15]_i_76_n_0
    SLICE_X35Y114        LUT3 (Prop_lut3_I1_O)        0.152    41.691 r  u_soa/u_core/u_scorer/score_o[0][6]_i_15/O
                         net (fo=5, routed)           0.955    42.646    u_soa/u_core/u_scorer/score_o[0][6]_i_15_n_0
    SLICE_X29Y114        LUT6 (Prop_lut6_I4_O)        0.332    42.978 r  u_soa/u_core/u_scorer/score_o[0][15]_i_827/O
                         net (fo=1, routed)           0.000    42.978    u_soa/u_core/u_scorer/score_o[0][15]_i_827_n_0
    SLICE_X29Y114        CARRY4 (Prop_carry4_S[2]_CO[3])
                                                      0.398    43.376 r  u_soa/u_core/u_scorer/score_o_reg[0][15]_i_450/CO[3]
                         net (fo=1, routed)           0.000    43.376    u_soa/u_core/u_scorer/score_o_reg[0][15]_i_450_n_0
    SLICE_X29Y115        CARRY4 (Prop_carry4_CI_CO[1])
                                                      0.157    43.533 f  u_soa/u_core/u_scorer/score_o_reg[0][15]_i_208/CO[1]
                         net (fo=2, routed)           1.036    44.568    u_soa/u_core/u_scorer/score_o_reg[0][15]_i_208_n_2
    SLICE_X11Y114        LUT2 (Prop_lut2_I0_O)        0.329    44.897 f  u_soa/u_core/u_scorer/score_o[0][15]_i_96/O
                         net (fo=10, routed)          0.995    45.892    u_soa/u_core/u_scorer/score_o[0][15]_i_96_n_0
    SLICE_X11Y117        LUT6 (Prop_lut6_I5_O)        0.124    46.016 r  u_soa/u_core/u_scorer/score_o[0][15]_i_29/O
                         net (fo=118, routed)         0.997    47.012    u_soa/u_core/u_scorer/score_o[0][15]_i_29_n_0
    SLICE_X12Y118        LUT3 (Prop_lut3_I1_O)        0.116    47.128 r  u_soa/u_core/u_scorer/id_o[4][12]_i_5/O
                         net (fo=5, routed)           0.940    48.069    u_soa/u_core/u_scorer/id_o[4][12]_i_5_n_0
    SLICE_X9Y118         LUT6 (Prop_lut6_I4_O)        0.328    48.397 r  u_soa/u_core/u_scorer/score_o[4][15]_i_1941/O
                         net (fo=1, routed)           0.448    48.844    u_soa/u_core/u_scorer/score_o[4][15]_i_1941_n_0
    SLICE_X8Y115         LUT5 (Prop_lut5_I4_O)        0.124    48.968 r  u_soa/u_core/u_scorer/score_o[4][15]_i_1269/O
                         net (fo=1, routed)           0.000    48.968    u_soa/u_core/u_scorer/score_o[4][15]_i_1269_n_0
    SLICE_X8Y115         CARRY4 (Prop_carry4_S[0]_CO[3])
                                                      0.513    49.481 r  u_soa/u_core/u_scorer/score_o_reg[4][15]_i_749/CO[3]
                         net (fo=1, routed)           0.000    49.481    u_soa/u_core/u_scorer/score_o_reg[4][15]_i_749_n_0
    SLICE_X8Y116         CARRY4 (Prop_carry4_CI_CO[2])
                                                      0.229    49.710 r  u_soa/u_core/u_scorer/score_o_reg[4][15]_i_320/CO[2]
                         net (fo=2, routed)           0.834    50.544    u_soa/u_core/u_scorer/score_o_reg[4][15]_i_320_n_1
    SLICE_X10Y116        LUT3 (Prop_lut3_I1_O)        0.310    50.854 r  u_soa/u_core/u_scorer/score_o[4][15]_i_99/O
                         net (fo=7, routed)           0.694    51.548    u_soa/u_core/u_scorer/score_o[4][15]_i_99_n_0
    SLICE_X10Y114        LUT6 (Prop_lut6_I0_O)        0.124    51.672 r  u_soa/u_core/u_scorer/score_o[4][15]_i_30/O
                         net (fo=102, routed)         1.092    52.763    u_soa/u_core/u_scorer/score_o[4][15]_i_30_n_0
    SLICE_X12Y113        LUT3 (Prop_lut3_I1_O)        0.124    52.887 f  u_soa/u_core/u_scorer/id_o[6][0]_i_2/O
                         net (fo=5, routed)           1.170    54.058    u_soa/u_core/u_scorer/id_o[6][0]_i_2_n_0
    SLICE_X12Y109        LUT6 (Prop_lut6_I5_O)        0.124    54.182 r  u_soa/u_core/u_scorer/score_o[6][15]_i_98/O
                         net (fo=1, routed)           0.543    54.724    u_soa/u_core/u_scorer/score_o[6][15]_i_98_n_0
    SLICE_X13Y107        CARRY4 (Prop_carry4_DI[0]_CO[3])
                                                      0.526    55.250 r  u_soa/u_core/u_scorer/score_o_reg[6][15]_i_76/CO[3]
                         net (fo=1, routed)           0.000    55.250    u_soa/u_core/u_scorer/score_o_reg[6][15]_i_76_n_0
    SLICE_X13Y108        CARRY4 (Prop_carry4_CI_CO[3])
                                                      0.114    55.364 r  u_soa/u_core/u_scorer/score_o_reg[6][15]_i_47/CO[3]
                         net (fo=1, routed)           0.000    55.364    u_soa/u_core/u_scorer/score_o_reg[6][15]_i_47_n_0
    SLICE_X13Y109        CARRY4 (Prop_carry4_CI_CO[3])
                                                      0.114    55.478 r  u_soa/u_core/u_scorer/score_o_reg[6][15]_i_22/CO[3]
                         net (fo=1, routed)           0.000    55.478    u_soa/u_core/u_scorer/score_o_reg[6][15]_i_22_n_0
    SLICE_X13Y110        CARRY4 (Prop_carry4_CI_CO[3])
                                                      0.114    55.592 r  u_soa/u_core/u_scorer/score_o_reg[6][15]_i_11/CO[3]
                         net (fo=1, routed)           1.024    56.616    u_soa/u_core/u_scorer/score_o_reg[6][15]_i_11_n_0
    SLICE_X8Y111         LUT3 (Prop_lut3_I0_O)        0.124    56.740 r  u_soa/u_core/u_scorer/score_o[6][15]_i_5/O
                         net (fo=1, routed)           0.670    57.411    u_soa/u_core/u_scorer/score_o[6][15]_i_5_n_0
    SLICE_X8Y111         LUT6 (Prop_lut6_I0_O)        0.124    57.535 r  u_soa/u_core/u_scorer/score_o[6][15]_i_3/O
                         net (fo=96, routed)          1.148    58.682    u_soa/u_core/u_scorer/score_o[6][15]_i_3_n_0
    SLICE_X7Y110         LUT3 (Prop_lut3_I2_O)        0.124    58.806 r  u_soa/u_core/u_scorer/id_o[6][24]_i_1/O
                         net (fo=1, routed)           0.000    58.806    u_soa/u_core/u_topk/id_o_reg[6][31]_0[24]
    SLICE_X7Y110         FDCE                                         r  u_soa/u_core/u_topk/id_o_reg[6][24]/D
  -------------------------------------------------------------------    -------------------

                         (clock clk rise edge)       10.000    10.000 r  <hidden>
                                                      0.000    10.000 r  clk
                         net (fo=52181, unset)        0.924    10.924    u_soa/u_core/u_topk/clk
    SLICE_X7Y110         FDCE                                         r  u_soa/u_core/u_topk/id_o_reg[6][24]/C
                         clock pessimism              0.000    10.924    <hidden>
                         clock uncertainty           -0.035    10.889    <hidden>
    SLICE_X7Y110         FDCE (Setup_fdce_C_D)        0.031    10.920    u_soa/u_core/u_topk/id_o_reg[6][24]
  -------------------------------------------------------------------
                         required time                         10.920    <hidden>
                         arrival time                         -58.806    <hidden>
  -------------------------------------------------------------------
                         slack                                -47.886    <hidden>

Slack (VIOLATED) :        -47.885ns  (required time - arrival time)
  Source:                 u_soa/u_core/u_scorer/g_lane[15].u_lane/score_o_reg[2]/C
                            (rising edge-triggered cell FDCE clocked by clk  {rise@0.000ns fall@5.000ns period=10.000ns})
  Destination:            u_soa/u_core/u_topk/score_o_reg[6][11]/D
                            (rising edge-triggered cell FDCE clocked by clk  {rise@0.000ns fall@5.000ns period=10.000ns})
  Path Group:             clk
  Path Type:              Setup (Max at Slow Process Corner)
  Requirement:            10.000ns  (clk rise@10.000ns - clk rise@0.000ns)
  Data Path Delay:        57.830ns  (logic 14.447ns (24.982%)  route 43.383ns (75.018%))
  Logic Levels:           59  (CARRY4=22 LUT2=2 LUT3=11 LUT4=5 LUT5=4 LUT6=15)
  Clock Path Skew:        -0.049ns (DCD - SCD + CPR)
    Destination Clock Delay (DCD):    0.924ns = ( 10.924 - 10.000 ) 
    Source Clock Delay      (SCD):    0.973ns
    Clock Pessimism Removal (CPR):    0.000ns
  Clock Uncertainty:      0.035ns  ((TSJ^2 + TIJ^2)^1/2 + DJ) / 2 + PE
    Total System Jitter     (TSJ):    0.071ns
    Total Input Jitter      (TIJ):    0.000ns
    Discrete Jitter          (DJ):    0.000ns
    Phase Error              (PE):    0.000ns

    Location             Delay type                Incr(ns)  Path(ns)    Netlist Resource(s)
  -------------------------------------------------------------------    -------------------
                         (clock clk rise edge)        0.000     0.000 r  <hidden>
                                                      0.000     0.000 r  clk
                         net (fo=52181, unset)        0.973     0.973    u_soa/u_core/u_scorer/g_lane[15].u_lane/clk
    SLICE_X38Y149        FDCE                                         r  u_soa/u_core/u_scorer/g_lane[15].u_lane/score_o_reg[2]/C
  -------------------------------------------------------------------    -------------------
    SLICE_X38Y149        FDCE (Prop_fdce_C_Q)         0.478     1.451 r  u_soa/u_core/u_scorer/g_lane[15].u_lane/score_o_reg[2]/Q
                         net (fo=7, routed)           1.183     2.634    u_soa/u_core/u_scorer/sc_score[15]_215[2]
    SLICE_X39Y145        LUT4 (Prop_lut4_I2_O)        0.301     2.935 r  u_soa/u_core/u_scorer/score_o[0][15]_i_2272/O
                         net (fo=1, routed)           0.000     2.935    u_soa/u_core/u_scorer/score_o[0][15]_i_2272_n_0
    SLICE_X39Y145        CARRY4 (Prop_carry4_S[1]_CO[3])
                                                      0.550     3.485 r  u_soa/u_core/u_scorer/score_o_reg[0][15]_i_1741/CO[3]
                         net (fo=1, routed)           0.000     3.485    u_soa/u_core/u_scorer/score_o_reg[0][15]_i_1741_n_0
    SLICE_X39Y146        CARRY4 (Prop_carry4_CI_CO[3])
                                                      0.114     3.599 r  u_soa/u_core/u_scorer/score_o_reg[0][15]_i_1172/CO[3]
                         net (fo=69, routed)          1.442     5.041    u_soa/u_core/u_scorer/score_o_reg[0][15]_i_1172_n_0
    SLICE_X41Y150        LUT4 (Prop_lut4_I3_O)        0.124     5.165 r  u_soa/u_core/u_scorer/score_o[0][15]_i_715/O
                         net (fo=85, routed)          1.345     6.510    u_soa/u_core/u_scorer/score_o[0][15]_i_715_n_0
    SLICE_X46Y148        LUT3 (Prop_lut3_I1_O)        0.124     6.634 f  u_soa/u_core/u_scorer/score_o[0][1]_i_107/O
                         net (fo=2, routed)           0.724     7.358    u_soa/u_core/u_scorer/score_o[0][1]_i_107_n_0
    SLICE_X48Y146        LUT6 (Prop_lut6_I1_O)        0.124     7.482 r  u_soa/u_core/u_scorer/score_o[4][15]_i_2352/O
                         net (fo=1, routed)           0.914     8.396    u_soa/u_core/u_scorer/score_o[4][15]_i_2352_n_0
    SLICE_X46Y143        CARRY4 (Prop_carry4_DI[0]_CO[3])
                                                      0.550     8.946 r  u_soa/u_core/u_scorer/score_o_reg[4][15]_i_1660/CO[3]
                         net (fo=1, routed)           0.000     8.946    u_soa/u_core/u_scorer/score_o_reg[4][15]_i_1660_n_0
    SLICE_X46Y144        CARRY4 (Prop_carry4_CI_CO[3])
                                                      0.117     9.063 f  u_soa/u_core/u_scorer/score_o_reg[4][15]_i_974/CO[3]
                         net (fo=2, routed)           1.345    10.408    u_soa/u_core/u_scorer/score_o_reg[4][15]_i_974_n_0
    SLICE_X33Y147        LUT4 (Prop_lut4_I0_O)        0.124    10.532 r  u_soa/u_core/u_scorer/score_o[0][15]_i_595/O
                         net (fo=81, routed)          1.306    11.839    u_soa/u_core/u_scorer/score_o[0][15]_i_595_n_0
    SLICE_X41Y149        LUT5 (Prop_lut5_I3_O)        0.124    11.963 r  u_soa/u_core/u_scorer/id_o[0][21]_i_92/O
                         net (fo=4, routed)           0.722    12.685    u_soa/u_core/u_scorer/id_o[0][21]_i_92_n_0
    SLICE_X40Y144        LUT6 (Prop_lut6_I5_O)        0.124    12.809 f  u_soa/u_core/u_scorer/score_o[0][15]_i_2572/O
                         net (fo=2, routed)           0.968    13.777    u_soa/u_core/u_scorer/score_o[0][15]_i_2572_n_0
    SLICE_X41Y140        LUT5 (Prop_lut5_I4_O)        0.124    13.901 r  u_soa/u_core/u_scorer/score_o[0][15]_i_2286/O
                         net (fo=1, routed)           0.000    13.901    u_soa/u_core/u_scorer/score_o[0][15]_i_2286_n_0
    SLICE_X41Y140        CARRY4 (Prop_carry4_S[3]_CO[3])
                                                      0.401    14.302 r  u_soa/u_core/u_scorer/score_o_reg[0][15]_i_1768/CO[3]
                         net (fo=1, routed)           0.000    14.302    u_soa/u_core/u_scorer/score_o_reg[0][15]_i_1768_n_0
    SLICE_X41Y141        CARRY4 (Prop_carry4_CI_CO[2])
                                                      0.228    14.530 r  u_soa/u_core/u_scorer/score_o_reg[0][15]_i_1183/CO[2]
                         net (fo=1, routed)           0.692    15.221    u_soa/u_core/u_scorer/u_topk/p_132_out
    SLICE_X41Y145        LUT6 (Prop_lut6_I5_O)        0.313    15.534 r  u_soa/u_core/u_scorer/score_o[0][15]_i_718/O
                         net (fo=6, routed)           0.624    16.158    u_soa/u_core/u_scorer/score_o[0][15]_i_718_n_0
    SLICE_X43Y146        LUT3 (Prop_lut3_I1_O)        0.124    16.282 r  u_soa/u_core/u_scorer/score_o[0][15]_i_382/O
                         net (fo=102, routed)         1.481    17.763    u_soa/u_core/u_scorer/score_o[0][15]_i_382_n_0
    SLICE_X44Y141        LUT3 (Prop_lut3_I1_O)        0.152    17.915 r  u_soa/u_core/u_scorer/id_o[0][0]_i_70/O
                         net (fo=5, routed)           1.594    19.509    u_soa/u_core/u_scorer/id_o[0][0]_i_70_n_0
    SLICE_X46Y132        LUT6 (Prop_lut6_I2_O)        0.326    19.835 r  u_soa/u_core/u_scorer/score_o[0][15]_i_1824/O
                         net (fo=1, routed)           0.000    19.835    u_soa/u_core/u_scorer/score_o[0][15]_i_1824_n_0
    SLICE_X46Y132        CARRY4 (Prop_carry4_S[0]_CO[3])
                                                      0.513    20.348 r  u_soa/u_core/u_scorer/score_o_reg[0][15]_i_1252/CO[3]
                         net (fo=1, routed)           0.000    20.348    u_soa/u_core/u_scorer/score_o_reg[0][15]_i_1252_n_0
    SLICE_X46Y133        CARRY4 (Prop_carry4_CI_CO[3])
                                                      0.117    20.465 r  u_soa/u_core/u_scorer/score_o_reg[0][15]_i_776/CO[3]
                         net (fo=1, routed)           0.000    20.465    u_soa/u_core/u_scorer/score_o_reg[0][15]_i_776_n_0
    SLICE_X46Y134        CARRY4 (Prop_carry4_CI_CO[2])
                                                      0.229    20.694 f  u_soa/u_core/u_scorer/score_o_reg[0][15]_i_419/CO[2]
                         net (fo=71, routed)          1.176    21.870    u_soa/u_core/u_scorer/u_topk/p_111_out
    SLICE_X49Y137        LUT4 (Prop_lut4_I2_O)        0.310    22.180 r  u_soa/u_core/u_scorer/score_o[0][15]_i_198/O
                         net (fo=72, routed)          1.291    23.471    u_soa/u_core/u_scorer/score_o[0][15]_i_198_n_0
    SLICE_X50Y148        LUT3 (Prop_lut3_I1_O)        0.150    23.621 f  u_soa/u_core/u_scorer/score_o[0][10]_i_63/O
                         net (fo=5, routed)           0.885    24.506    u_soa/u_core/u_scorer/score_o[0][10]_i_63_n_0
    SLICE_X51Y140        LUT6 (Prop_lut6_I5_O)        0.328    24.834 r  u_soa/u_core/u_scorer/score_o[0][15]_i_873/O
                         net (fo=1, routed)           1.272    26.106    u_soa/u_core/u_scorer/score_o[0][15]_i_873_n_0
    SLICE_X50Y128        CARRY4 (Prop_carry4_DI[1]_CO[3])
                                                      0.520    26.626 r  u_soa/u_core/u_scorer/score_o_reg[0][15]_i_479/CO[3]
                         net (fo=2, routed)           1.451    28.077    u_soa/u_core/u_scorer/score_o_reg[0][15]_i_479_n_0
    SLICE_X51Y135        LUT6 (Prop_lut6_I0_O)        0.124    28.201 r  u_soa/u_core/u_scorer/score_o[0][15]_i_216/O
                         net (fo=189, routed)         1.976    30.178    u_soa/u_core/u_scorer/score_o[0][15]_i_216_n_0
    SLICE_X54Y128        LUT5 (Prop_lut5_I3_O)        0.152    30.330 r  u_soa/u_core/u_scorer/score_o[0][3]_i_30/O
                         net (fo=5, routed)           0.885    31.215    u_soa/u_core/u_scorer/score_o[0][3]_i_30_n_0
    SLICE_X55Y125        LUT6 (Prop_lut6_I3_O)        0.348    31.563 r  u_soa/u_core/u_scorer/score_o[0][15]_i_1365/O
                         net (fo=1, routed)           0.705    32.268    u_soa/u_core/u_scorer/score_o[0][15]_i_1365_n_0
    SLICE_X55Y122        CARRY4 (Prop_carry4_DI[1]_CO[3])
                                                      0.507    32.775 r  u_soa/u_core/u_scorer/score_o_reg[0][15]_i_861/CO[3]
                         net (fo=1, routed)           0.000    32.775    u_soa/u_core/u_scorer/score_o_reg[0][15]_i_861_n_0
    SLICE_X55Y123        CARRY4 (Prop_carry4_CI_CO[3])
                                                      0.114    32.889 r  u_soa/u_core/u_scorer/score_o_reg[0][15]_i_478/CO[3]
                         net (fo=1, routed)           1.000    33.889    u_soa/u_core/u_scorer/score_o_reg[0][15]_i_478_n_0
    SLICE_X56Y130        LUT2 (Prop_lut2_I1_O)        0.124    34.013 f  u_soa/u_core/u_scorer/score_o[0][15]_i_215/O
                         net (fo=1, routed)           0.826    34.839    u_soa/u_core/u_scorer/score_o[0][15]_i_215_n_0
    SLICE_X50Y130        LUT6 (Prop_lut6_I5_O)        0.124    34.963 r  u_soa/u_core/u_scorer/score_o[0][15]_i_98/O
                         net (fo=105, routed)         1.369    36.332    u_soa/u_core/u_scorer/score_o[0][15]_i_98_n_0
    SLICE_X50Y125        LUT3 (Prop_lut3_I1_O)        0.150    36.482 r  u_soa/u_core/u_scorer/score_o[0][4]_i_31/O
                         net (fo=4, routed)           1.398    37.880    u_soa/u_core/u_scorer/score_o[0][4]_i_31_n_0
    SLICE_X40Y115        LUT6 (Prop_lut6_I2_O)        0.355    38.235 r  u_soa/u_core/u_scorer/score_o[0][15]_i_623/O
                         net (fo=1, routed)           0.000    38.235    u_soa/u_core/u_scorer/score_o[0][15]_i_623_n_0
    SLICE_X40Y115        CARRY4 (Prop_carry4_S[1]_CO[3])
                                                      0.550    38.785 r  u_soa/u_core/u_scorer/score_o_reg[0][15]_i_323/CO[3]
                         net (fo=1, routed)           0.000    38.785    u_soa/u_core/u_scorer/score_o_reg[0][15]_i_323_n_0
    SLICE_X40Y116        CARRY4 (Prop_carry4_CI_CO[1])
                                                      0.157    38.942 r  u_soa/u_core/u_scorer/score_o_reg[0][15]_i_151/CO[1]
                         net (fo=37, routed)          0.980    39.922    u_soa/u_core/u_scorer/score_o_reg[0][15]_i_151_n_2
    SLICE_X41Y117        LUT4 (Prop_lut4_I3_O)        0.329    40.251 r  u_soa/u_core/u_scorer/score_o[0][15]_i_76/O
                         net (fo=46, routed)          1.288    41.539    u_soa/u_core/u_scorer/score_o[0][15]_i_76_n_0
    SLICE_X35Y114        LUT3 (Prop_lut3_I1_O)        0.152    41.691 r  u_soa/u_core/u_scorer/score_o[0][6]_i_15/O
                         net (fo=5, routed)           0.955    42.646    u_soa/u_core/u_scorer/score_o[0][6]_i_15_n_0
    SLICE_X29Y114        LUT6 (Prop_lut6_I4_O)        0.332    42.978 r  u_soa/u_core/u_scorer/score_o[0][15]_i_827/O
                         net (fo=1, routed)           0.000    42.978    u_soa/u_core/u_scorer/score_o[0][15]_i_827_n_0
    SLICE_X29Y114        CARRY4 (Prop_carry4_S[2]_CO[3])
                                                      0.398    43.376 r  u_soa/u_core/u_scorer/score_o_reg[0][15]_i_450/CO[3]
                         net (fo=1, routed)           0.000    43.376    u_soa/u_core/u_scorer/score_o_reg[0][15]_i_450_n_0
    SLICE_X29Y115        CARRY4 (Prop_carry4_CI_CO[1])
                                                      0.157    43.533 f  u_soa/u_core/u_scorer/score_o_reg[0][15]_i_208/CO[1]
                         net (fo=2, routed)           1.036    44.568    u_soa/u_core/u_scorer/score_o_reg[0][15]_i_208_n_2
    SLICE_X11Y114        LUT2 (Prop_lut2_I0_O)        0.329    44.897 f  u_soa/u_core/u_scorer/score_o[0][15]_i_96/O
                         net (fo=10, routed)          0.995    45.892    u_soa/u_core/u_scorer/score_o[0][15]_i_96_n_0
    SLICE_X11Y117        LUT6 (Prop_lut6_I5_O)        0.124    46.016 r  u_soa/u_core/u_scorer/score_o[0][15]_i_29/O
                         net (fo=118, routed)         0.997    47.012    u_soa/u_core/u_scorer/score_o[0][15]_i_29_n_0
    SLICE_X12Y118        LUT3 (Prop_lut3_I1_O)        0.116    47.128 r  u_soa/u_core/u_scorer/id_o[4][12]_i_5/O
                         net (fo=5, routed)           0.940    48.069    u_soa/u_core/u_scorer/id_o[4][12]_i_5_n_0
    SLICE_X9Y118         LUT6 (Prop_lut6_I4_O)        0.328    48.397 r  u_soa/u_core/u_scorer/score_o[4][15]_i_1941/O
                         net (fo=1, routed)           0.448    48.844    u_soa/u_core/u_scorer/score_o[4][15]_i_1941_n_0
    SLICE_X8Y115         LUT5 (Prop_lut5_I4_O)        0.124    48.968 r  u_soa/u_core/u_scorer/score_o[4][15]_i_1269/O
                         net (fo=1, routed)           0.000    48.968    u_soa/u_core/u_scorer/score_o[4][15]_i_1269_n_0
    SLICE_X8Y115         CARRY4 (Prop_carry4_S[0]_CO[3])
                                                      0.513    49.481 r  u_soa/u_core/u_scorer/score_o_reg[4][15]_i_749/CO[3]
                         net (fo=1, routed)           0.000    49.481    u_soa/u_core/u_scorer/score_o_reg[4][15]_i_749_n_0
    SLICE_X8Y116         CARRY4 (Prop_carry4_CI_CO[2])
                                                      0.229    49.710 r  u_soa/u_core/u_scorer/score_o_reg[4][15]_i_320/CO[2]
                         net (fo=2, routed)           0.834    50.544    u_soa/u_core/u_scorer/score_o_reg[4][15]_i_320_n_1
    SLICE_X10Y116        LUT3 (Prop_lut3_I1_O)        0.310    50.854 r  u_soa/u_core/u_scorer/score_o[4][15]_i_99/O
                         net (fo=7, routed)           0.694    51.548    u_soa/u_core/u_scorer/score_o[4][15]_i_99_n_0
    SLICE_X10Y114        LUT6 (Prop_lut6_I0_O)        0.124    51.672 r  u_soa/u_core/u_scorer/score_o[4][15]_i_30/O
                         net (fo=102, routed)         1.092    52.763    u_soa/u_core/u_scorer/score_o[4][15]_i_30_n_0
    SLICE_X12Y113        LUT3 (Prop_lut3_I1_O)        0.124    52.887 f  u_soa/u_core/u_scorer/id_o[6][0]_i_2/O
                         net (fo=5, routed)           1.170    54.058    u_soa/u_core/u_scorer/id_o[6][0]_i_2_n_0
    SLICE_X12Y109        LUT6 (Prop_lut6_I5_O)        0.124    54.182 r  u_soa/u_core/u_scorer/score_o[6][15]_i_98/O
                         net (fo=1, routed)           0.543    54.724    u_soa/u_core/u_scorer/score_o[6][15]_i_98_n_0
    SLICE_X13Y107        CARRY4 (Prop_carry4_DI[0]_CO[3])
                                                      0.526    55.250 r  u_soa/u_core/u_scorer/score_o_reg[6][15]_i_76/CO[3]
                         net (fo=1, routed)           0.000    55.250    u_soa/u_core/u_scorer/score_o_reg[6][15]_i_76_n_0
    SLICE_X13Y108        CARRY4 (Prop_carry4_CI_CO[3])
                                                      0.114    55.364 r  u_soa/u_core/u_scorer/score_o_reg[6][15]_i_47/CO[3]
                         net (fo=1, routed)           0.000    55.364    u_soa/u_core/u_scorer/score_o_reg[6][15]_i_47_n_0
    SLICE_X13Y109        CARRY4 (Prop_carry4_CI_CO[3])
                                                      0.114    55.478 r  u_soa/u_core/u_scorer/score_o_reg[6][15]_i_22/CO[3]
                         net (fo=1, routed)           0.000    55.478    u_soa/u_core/u_scorer/score_o_reg[6][15]_i_22_n_0
    SLICE_X13Y110        CARRY4 (Prop_carry4_CI_CO[3])
                                                      0.114    55.592 r  u_soa/u_core/u_scorer/score_o_reg[6][15]_i_11/CO[3]
                         net (fo=1, routed)           1.024    56.616    u_soa/u_core/u_scorer/score_o_reg[6][15]_i_11_n_0
    SLICE_X8Y111         LUT3 (Prop_lut3_I0_O)        0.124    56.740 r  u_soa/u_core/u_scorer/score_o[6][15]_i_5/O
                         net (fo=1, routed)           0.670    57.411    u_soa/u_core/u_scorer/score_o[6][15]_i_5_n_0
    SLICE_X8Y111         LUT6 (Prop_lut6_I0_O)        0.124    57.535 r  u_soa/u_core/u_scorer/score_o[6][15]_i_3/O
                         net (fo=96, routed)          1.145    58.679    u_soa/u_core/u_scorer/score_o[6][15]_i_3_n_0
    SLICE_X7Y109         LUT3 (Prop_lut3_I1_O)        0.124    58.803 r  u_soa/u_core/u_scorer/score_o[6][11]_i_1/O
                         net (fo=1, routed)           0.000    58.803    u_soa/u_core/u_topk/score_o_reg[6][15]_0[11]
    SLICE_X7Y109         FDCE                                         r  u_soa/u_core/u_topk/score_o_reg[6][11]/D
  -------------------------------------------------------------------    -------------------

                         (clock clk rise edge)       10.000    10.000 r  <hidden>
                                                      0.000    10.000 r  clk
                         net (fo=52181, unset)        0.924    10.924    u_soa/u_core/u_topk/clk
    SLICE_X7Y109         FDCE                                         r  u_soa/u_core/u_topk/score_o_reg[6][11]/C
                         clock pessimism              0.000    10.924    <hidden>
                         clock uncertainty           -0.035    10.889    <hidden>
    SLICE_X7Y109         FDCE (Setup_fdce_C_D)        0.029    10.918    u_soa/u_core/u_topk/score_o_reg[6][11]
  -------------------------------------------------------------------
                         required time                         10.918    <hidden>
                         arrival time                         -58.803    <hidden>
  -------------------------------------------------------------------
                         slack                                -47.885    <hidden>

Slack (VIOLATED) :        -47.881ns  (required time - arrival time)
  Source:                 u_soa/u_core/u_scorer/g_lane[15].u_lane/score_o_reg[2]/C
                            (rising edge-triggered cell FDCE clocked by clk  {rise@0.000ns fall@5.000ns period=10.000ns})
  Destination:            u_soa/u_core/u_topk/id_o_reg[6][0]/D
                            (rising edge-triggered cell FDCE clocked by clk  {rise@0.000ns fall@5.000ns period=10.000ns})
  Path Group:             clk
  Path Type:              Setup (Max at Slow Process Corner)
  Requirement:            10.000ns  (clk rise@10.000ns - clk rise@0.000ns)
  Data Path Delay:        57.826ns  (logic 14.447ns (24.984%)  route 43.379ns (75.016%))
  Logic Levels:           59  (CARRY4=22 LUT2=2 LUT3=11 LUT4=5 LUT5=4 LUT6=15)
  Clock Path Skew:        -0.049ns (DCD - SCD + CPR)
    Destination Clock Delay (DCD):    0.924ns = ( 10.924 - 10.000 ) 
    Source Clock Delay      (SCD):    0.973ns
    Clock Pessimism Removal (CPR):    0.000ns
  Clock Uncertainty:      0.035ns  ((TSJ^2 + TIJ^2)^1/2 + DJ) / 2 + PE
    Total System Jitter     (TSJ):    0.071ns
    Total Input Jitter      (TIJ):    0.000ns
    Discrete Jitter          (DJ):    0.000ns
    Phase Error              (PE):    0.000ns

    Location             Delay type                Incr(ns)  Path(ns)    Netlist Resource(s)
  -------------------------------------------------------------------    -------------------
                         (clock clk rise edge)        0.000     0.000 r  <hidden>
                                                      0.000     0.000 r  clk
                         net (fo=52181, unset)        0.973     0.973    u_soa/u_core/u_scorer/g_lane[15].u_lane/clk
    SLICE_X38Y149        FDCE                                         r  u_soa/u_core/u_scorer/g_lane[15].u_lane/score_o_reg[2]/C
  -------------------------------------------------------------------    -------------------
    SLICE_X38Y149        FDCE (Prop_fdce_C_Q)         0.478     1.451 r  u_soa/u_core/u_scorer/g_lane[15].u_lane/score_o_reg[2]/Q
                         net (fo=7, routed)           1.183     2.634    u_soa/u_core/u_scorer/sc_score[15]_215[2]
    SLICE_X39Y145        LUT4 (Prop_lut4_I2_O)        0.301     2.935 r  u_soa/u_core/u_scorer/score_o[0][15]_i_2272/O
                         net (fo=1, routed)           0.000     2.935    u_soa/u_core/u_scorer/score_o[0][15]_i_2272_n_0
    SLICE_X39Y145        CARRY4 (Prop_carry4_S[1]_CO[3])
                                                      0.550     3.485 r  u_soa/u_core/u_scorer/score_o_reg[0][15]_i_1741/CO[3]
                         net (fo=1, routed)           0.000     3.485    u_soa/u_core/u_scorer/score_o_reg[0][15]_i_1741_n_0
    SLICE_X39Y146        CARRY4 (Prop_carry4_CI_CO[3])
                                                      0.114     3.599 r  u_soa/u_core/u_scorer/score_o_reg[0][15]_i_1172/CO[3]
                         net (fo=69, routed)          1.442     5.041    u_soa/u_core/u_scorer/score_o_reg[0][15]_i_1172_n_0
    SLICE_X41Y150        LUT4 (Prop_lut4_I3_O)        0.124     5.165 r  u_soa/u_core/u_scorer/score_o[0][15]_i_715/O
                         net (fo=85, routed)          1.345     6.510    u_soa/u_core/u_scorer/score_o[0][15]_i_715_n_0
    SLICE_X46Y148        LUT3 (Prop_lut3_I1_O)        0.124     6.634 f  u_soa/u_core/u_scorer/score_o[0][1]_i_107/O
                         net (fo=2, routed)           0.724     7.358    u_soa/u_core/u_scorer/score_o[0][1]_i_107_n_0
    SLICE_X48Y146        LUT6 (Prop_lut6_I1_O)        0.124     7.482 r  u_soa/u_core/u_scorer/score_o[4][15]_i_2352/O
                         net (fo=1, routed)           0.914     8.396    u_soa/u_core/u_scorer/score_o[4][15]_i_2352_n_0
    SLICE_X46Y143        CARRY4 (Prop_carry4_DI[0]_CO[3])
                                                      0.550     8.946 r  u_soa/u_core/u_scorer/score_o_reg[4][15]_i_1660/CO[3]
                         net (fo=1, routed)           0.000     8.946    u_soa/u_core/u_scorer/score_o_reg[4][15]_i_1660_n_0
    SLICE_X46Y144        CARRY4 (Prop_carry4_CI_CO[3])
                                                      0.117     9.063 f  u_soa/u_core/u_scorer/score_o_reg[4][15]_i_974/CO[3]
                         net (fo=2, routed)           1.345    10.408    u_soa/u_core/u_scorer/score_o_reg[4][15]_i_974_n_0
    SLICE_X33Y147        LUT4 (Prop_lut4_I0_O)        0.124    10.532 r  u_soa/u_core/u_scorer/score_o[0][15]_i_595/O
                         net (fo=81, routed)          1.306    11.839    u_soa/u_core/u_scorer/score_o[0][15]_i_595_n_0
    SLICE_X41Y149        LUT5 (Prop_lut5_I3_O)        0.124    11.963 r  u_soa/u_core/u_scorer/id_o[0][21]_i_92/O
                         net (fo=4, routed)           0.722    12.685    u_soa/u_core/u_scorer/id_o[0][21]_i_92_n_0
    SLICE_X40Y144        LUT6 (Prop_lut6_I5_O)        0.124    12.809 f  u_soa/u_core/u_scorer/score_o[0][15]_i_2572/O
                         net (fo=2, routed)           0.968    13.777    u_soa/u_core/u_scorer/score_o[0][15]_i_2572_n_0
    SLICE_X41Y140        LUT5 (Prop_lut5_I4_O)        0.124    13.901 r  u_soa/u_core/u_scorer/score_o[0][15]_i_2286/O
                         net (fo=1, routed)           0.000    13.901    u_soa/u_core/u_scorer/score_o[0][15]_i_2286_n_0
    SLICE_X41Y140        CARRY4 (Prop_carry4_S[3]_CO[3])
                                                      0.401    14.302 r  u_soa/u_core/u_scorer/score_o_reg[0][15]_i_1768/CO[3]
                         net (fo=1, routed)           0.000    14.302    u_soa/u_core/u_scorer/score_o_reg[0][15]_i_1768_n_0
    SLICE_X41Y141        CARRY4 (Prop_carry4_CI_CO[2])
                                                      0.228    14.530 r  u_soa/u_core/u_scorer/score_o_reg[0][15]_i_1183/CO[2]
                         net (fo=1, routed)           0.692    15.221    u_soa/u_core/u_scorer/u_topk/p_132_out
    SLICE_X41Y145        LUT6 (Prop_lut6_I5_O)        0.313    15.534 r  u_soa/u_core/u_scorer/score_o[0][15]_i_718/O
                         net (fo=6, routed)           0.624    16.158    u_soa/u_core/u_scorer/score_o[0][15]_i_718_n_0
    SLICE_X43Y146        LUT3 (Prop_lut3_I1_O)        0.124    16.282 r  u_soa/u_core/u_scorer/score_o[0][15]_i_382/O
                         net (fo=102, routed)         1.481    17.763    u_soa/u_core/u_scorer/score_o[0][15]_i_382_n_0
    SLICE_X44Y141        LUT3 (Prop_lut3_I1_O)        0.152    17.915 r  u_soa/u_core/u_scorer/id_o[0][0]_i_70/O
                         net (fo=5, routed)           1.594    19.509    u_soa/u_core/u_scorer/id_o[0][0]_i_70_n_0
    SLICE_X46Y132        LUT6 (Prop_lut6_I2_O)        0.326    19.835 r  u_soa/u_core/u_scorer/score_o[0][15]_i_1824/O
                         net (fo=1, routed)           0.000    19.835    u_soa/u_core/u_scorer/score_o[0][15]_i_1824_n_0
    SLICE_X46Y132        CARRY4 (Prop_carry4_S[0]_CO[3])
                                                      0.513    20.348 r  u_soa/u_core/u_scorer/score_o_reg[0][15]_i_1252/CO[3]
                         net (fo=1, routed)           0.000    20.348    u_soa/u_core/u_scorer/score_o_reg[0][15]_i_1252_n_0
    SLICE_X46Y133        CARRY4 (Prop_carry4_CI_CO[3])
                                                      0.117    20.465 r  u_soa/u_core/u_scorer/score_o_reg[0][15]_i_776/CO[3]
                         net (fo=1, routed)           0.000    20.465    u_soa/u_core/u_scorer/score_o_reg[0][15]_i_776_n_0
    SLICE_X46Y134        CARRY4 (Prop_carry4_CI_CO[2])
                                                      0.229    20.694 f  u_soa/u_core/u_scorer/score_o_reg[0][15]_i_419/CO[2]
                         net (fo=71, routed)          1.176    21.870    u_soa/u_core/u_scorer/u_topk/p_111_out
    SLICE_X49Y137        LUT4 (Prop_lut4_I2_O)        0.310    22.180 r  u_soa/u_core/u_scorer/score_o[0][15]_i_198/O
                         net (fo=72, routed)          1.291    23.471    u_soa/u_core/u_scorer/score_o[0][15]_i_198_n_0
    SLICE_X50Y148        LUT3 (Prop_lut3_I1_O)        0.150    23.621 f  u_soa/u_core/u_scorer/score_o[0][10]_i_63/O
                         net (fo=5, routed)           0.885    24.506    u_soa/u_core/u_scorer/score_o[0][10]_i_63_n_0
    SLICE_X51Y140        LUT6 (Prop_lut6_I5_O)        0.328    24.834 r  u_soa/u_core/u_scorer/score_o[0][15]_i_873/O
                         net (fo=1, routed)           1.272    26.106    u_soa/u_core/u_scorer/score_o[0][15]_i_873_n_0
    SLICE_X50Y128        CARRY4 (Prop_carry4_DI[1]_CO[3])
                                                      0.520    26.626 r  u_soa/u_core/u_scorer/score_o_reg[0][15]_i_479/CO[3]
                         net (fo=2, routed)           1.451    28.077    u_soa/u_core/u_scorer/score_o_reg[0][15]_i_479_n_0
    SLICE_X51Y135        LUT6 (Prop_lut6_I0_O)        0.124    28.201 r  u_soa/u_core/u_scorer/score_o[0][15]_i_216/O
                         net (fo=189, routed)         1.976    30.178    u_soa/u_core/u_scorer/score_o[0][15]_i_216_n_0
    SLICE_X54Y128        LUT5 (Prop_lut5_I3_O)        0.152    30.330 r  u_soa/u_core/u_scorer/score_o[0][3]_i_30/O
                         net (fo=5, routed)           0.885    31.215    u_soa/u_core/u_scorer/score_o[0][3]_i_30_n_0
    SLICE_X55Y125        LUT6 (Prop_lut6_I3_O)        0.348    31.563 r  u_soa/u_core/u_scorer/score_o[0][15]_i_1365/O
                         net (fo=1, routed)           0.705    32.268    u_soa/u_core/u_scorer/score_o[0][15]_i_1365_n_0
    SLICE_X55Y122        CARRY4 (Prop_carry4_DI[1]_CO[3])
                                                      0.507    32.775 r  u_soa/u_core/u_scorer/score_o_reg[0][15]_i_861/CO[3]
                         net (fo=1, routed)           0.000    32.775    u_soa/u_core/u_scorer/score_o_reg[0][15]_i_861_n_0
    SLICE_X55Y123        CARRY4 (Prop_carry4_CI_CO[3])
                                                      0.114    32.889 r  u_soa/u_core/u_scorer/score_o_reg[0][15]_i_478/CO[3]
                         net (fo=1, routed)           1.000    33.889    u_soa/u_core/u_scorer/score_o_reg[0][15]_i_478_n_0
    SLICE_X56Y130        LUT2 (Prop_lut2_I1_O)        0.124    34.013 f  u_soa/u_core/u_scorer/score_o[0][15]_i_215/O
                         net (fo=1, routed)           0.826    34.839    u_soa/u_core/u_scorer/score_o[0][15]_i_215_n_0
    SLICE_X50Y130        LUT6 (Prop_lut6_I5_O)        0.124    34.963 r  u_soa/u_core/u_scorer/score_o[0][15]_i_98/O
                         net (fo=105, routed)         1.369    36.332    u_soa/u_core/u_scorer/score_o[0][15]_i_98_n_0
    SLICE_X50Y125        LUT3 (Prop_lut3_I1_O)        0.150    36.482 r  u_soa/u_core/u_scorer/score_o[0][4]_i_31/O
                         net (fo=4, routed)           1.398    37.880    u_soa/u_core/u_scorer/score_o[0][4]_i_31_n_0
    SLICE_X40Y115        LUT6 (Prop_lut6_I2_O)        0.355    38.235 r  u_soa/u_core/u_scorer/score_o[0][15]_i_623/O
                         net (fo=1, routed)           0.000    38.235    u_soa/u_core/u_scorer/score_o[0][15]_i_623_n_0
    SLICE_X40Y115        CARRY4 (Prop_carry4_S[1]_CO[3])
                                                      0.550    38.785 r  u_soa/u_core/u_scorer/score_o_reg[0][15]_i_323/CO[3]
                         net (fo=1, routed)           0.000    38.785    u_soa/u_core/u_scorer/score_o_reg[0][15]_i_323_n_0
    SLICE_X40Y116        CARRY4 (Prop_carry4_CI_CO[1])
                                                      0.157    38.942 r  u_soa/u_core/u_scorer/score_o_reg[0][15]_i_151/CO[1]
                         net (fo=37, routed)          0.980    39.922    u_soa/u_core/u_scorer/score_o_reg[0][15]_i_151_n_2
    SLICE_X41Y117        LUT4 (Prop_lut4_I3_O)        0.329    40.251 r  u_soa/u_core/u_scorer/score_o[0][15]_i_76/O
                         net (fo=46, routed)          1.288    41.539    u_soa/u_core/u_scorer/score_o[0][15]_i_76_n_0
    SLICE_X35Y114        LUT3 (Prop_lut3_I1_O)        0.152    41.691 r  u_soa/u_core/u_scorer/score_o[0][6]_i_15/O
                         net (fo=5, routed)           0.955    42.646    u_soa/u_core/u_scorer/score_o[0][6]_i_15_n_0
    SLICE_X29Y114        LUT6 (Prop_lut6_I4_O)        0.332    42.978 r  u_soa/u_core/u_scorer/score_o[0][15]_i_827/O
                         net (fo=1, routed)           0.000    42.978    u_soa/u_core/u_scorer/score_o[0][15]_i_827_n_0
    SLICE_X29Y114        CARRY4 (Prop_carry4_S[2]_CO[3])
                                                      0.398    43.376 r  u_soa/u_core/u_scorer/score_o_reg[0][15]_i_450/CO[3]
                         net (fo=1, routed)           0.000    43.376    u_soa/u_core/u_scorer/score_o_reg[0][15]_i_450_n_0
    SLICE_X29Y115        CARRY4 (Prop_carry4_CI_CO[1])
                                                      0.157    43.533 f  u_soa/u_core/u_scorer/score_o_reg[0][15]_i_208/CO[1]
                         net (fo=2, routed)           1.036    44.568    u_soa/u_core/u_scorer/score_o_reg[0][15]_i_208_n_2
    SLICE_X11Y114        LUT2 (Prop_lut2_I0_O)        0.329    44.897 f  u_soa/u_core/u_scorer/score_o[0][15]_i_96/O
                         net (fo=10, routed)          0.995    45.892    u_soa/u_core/u_scorer/score_o[0][15]_i_96_n_0
    SLICE_X11Y117        LUT6 (Prop_lut6_I5_O)        0.124    46.016 r  u_soa/u_core/u_scorer/score_o[0][15]_i_29/O
                         net (fo=118, routed)         0.997    47.012    u_soa/u_core/u_scorer/score_o[0][15]_i_29_n_0
    SLICE_X12Y118        LUT3 (Prop_lut3_I1_O)        0.116    47.128 r  u_soa/u_core/u_scorer/id_o[4][12]_i_5/O
                         net (fo=5, routed)           0.940    48.069    u_soa/u_core/u_scorer/id_o[4][12]_i_5_n_0
    SLICE_X9Y118         LUT6 (Prop_lut6_I4_O)        0.328    48.397 r  u_soa/u_core/u_scorer/score_o[4][15]_i_1941/O
                         net (fo=1, routed)           0.448    48.844    u_soa/u_core/u_scorer/score_o[4][15]_i_1941_n_0
    SLICE_X8Y115         LUT5 (Prop_lut5_I4_O)        0.124    48.968 r  u_soa/u_core/u_scorer/score_o[4][15]_i_1269/O
                         net (fo=1, routed)           0.000    48.968    u_soa/u_core/u_scorer/score_o[4][15]_i_1269_n_0
    SLICE_X8Y115         CARRY4 (Prop_carry4_S[0]_CO[3])
                                                      0.513    49.481 r  u_soa/u_core/u_scorer/score_o_reg[4][15]_i_749/CO[3]
                         net (fo=1, routed)           0.000    49.481    u_soa/u_core/u_scorer/score_o_reg[4][15]_i_749_n_0
    SLICE_X8Y116         CARRY4 (Prop_carry4_CI_CO[2])
                                                      0.229    49.710 r  u_soa/u_core/u_scorer/score_o_reg[4][15]_i_320/CO[2]
                         net (fo=2, routed)           0.834    50.544    u_soa/u_core/u_scorer/score_o_reg[4][15]_i_320_n_1
    SLICE_X10Y116        LUT3 (Prop_lut3_I1_O)        0.310    50.854 r  u_soa/u_core/u_scorer/score_o[4][15]_i_99/O
                         net (fo=7, routed)           0.694    51.548    u_soa/u_core/u_scorer/score_o[4][15]_i_99_n_0
    SLICE_X10Y114        LUT6 (Prop_lut6_I0_O)        0.124    51.672 r  u_soa/u_core/u_scorer/score_o[4][15]_i_30/O
                         net (fo=102, routed)         1.092    52.763    u_soa/u_core/u_scorer/score_o[4][15]_i_30_n_0
    SLICE_X12Y113        LUT3 (Prop_lut3_I1_O)        0.124    52.887 f  u_soa/u_core/u_scorer/id_o[6][0]_i_2/O
                         net (fo=5, routed)           1.170    54.058    u_soa/u_core/u_scorer/id_o[6][0]_i_2_n_0
    SLICE_X12Y109        LUT6 (Prop_lut6_I5_O)        0.124    54.182 r  u_soa/u_core/u_scorer/score_o[6][15]_i_98/O
                         net (fo=1, routed)           0.543    54.724    u_soa/u_core/u_scorer/score_o[6][15]_i_98_n_0
    SLICE_X13Y107        CARRY4 (Prop_carry4_DI[0]_CO[3])
                                                      0.526    55.250 r  u_soa/u_core/u_scorer/score_o_reg[6][15]_i_76/CO[3]
                         net (fo=1, routed)           0.000    55.250    u_soa/u_core/u_scorer/score_o_reg[6][15]_i_76_n_0
    SLICE_X13Y108        CARRY4 (Prop_carry4_CI_CO[3])
                                                      0.114    55.364 r  u_soa/u_core/u_scorer/score_o_reg[6][15]_i_47/CO[3]
                         net (fo=1, routed)           0.000    55.364    u_soa/u_core/u_scorer/score_o_reg[6][15]_i_47_n_0
    SLICE_X13Y109        CARRY4 (Prop_carry4_CI_CO[3])
                                                      0.114    55.478 r  u_soa/u_core/u_scorer/score_o_reg[6][15]_i_22/CO[3]
                         net (fo=1, routed)           0.000    55.478    u_soa/u_core/u_scorer/score_o_reg[6][15]_i_22_n_0
    SLICE_X13Y110        CARRY4 (Prop_carry4_CI_CO[3])
                                                      0.114    55.592 r  u_soa/u_core/u_scorer/score_o_reg[6][15]_i_11/CO[3]
                         net (fo=1, routed)           1.024    56.616    u_soa/u_core/u_scorer/score_o_reg[6][15]_i_11_n_0
    SLICE_X8Y111         LUT3 (Prop_lut3_I0_O)        0.124    56.740 r  u_soa/u_core/u_scorer/score_o[6][15]_i_5/O
                         net (fo=1, routed)           0.670    57.411    u_soa/u_core/u_scorer/score_o[6][15]_i_5_n_0
    SLICE_X8Y111         LUT6 (Prop_lut6_I0_O)        0.124    57.535 r  u_soa/u_core/u_scorer/score_o[6][15]_i_3/O
                         net (fo=96, routed)          1.140    58.675    u_soa/u_core/u_scorer/score_o[6][15]_i_3_n_0
    SLICE_X7Y111         LUT3 (Prop_lut3_I2_O)        0.124    58.799 r  u_soa/u_core/u_scorer/id_o[6][0]_i_1/O
                         net (fo=1, routed)           0.000    58.799    u_soa/u_core/u_topk/id_o_reg[6][31]_0[0]
    SLICE_X7Y111         FDCE                                         r  u_soa/u_core/u_topk/id_o_reg[6][0]/D
  -------------------------------------------------------------------    -------------------

                         (clock clk rise edge)       10.000    10.000 r  <hidden>
                                                      0.000    10.000 r  clk
                         net (fo=52181, unset)        0.924    10.924    u_soa/u_core/u_topk/clk
    SLICE_X7Y111         FDCE                                         r  u_soa/u_core/u_topk/id_o_reg[6][0]/C
                         clock pessimism              0.000    10.924    <hidden>
                         clock uncertainty           -0.035    10.889    <hidden>
    SLICE_X7Y111         FDCE (Setup_fdce_C_D)        0.029    10.918    u_soa/u_core/u_topk/id_o_reg[6][0]
  -------------------------------------------------------------------
                         required time                         10.918    <hidden>
                         arrival time                         -58.799    <hidden>
  -------------------------------------------------------------------
                         slack                                -47.881    <hidden>

Slack (VIOLATED) :        -47.874ns  (required time - arrival time)
  Source:                 u_soa/u_core/u_scorer/g_lane[15].u_lane/score_o_reg[2]/C
                            (rising edge-triggered cell FDCE clocked by clk  {rise@0.000ns fall@5.000ns period=10.000ns})
  Destination:            u_soa/u_core/u_topk/id_o_reg[6][16]/D
                            (rising edge-triggered cell FDCE clocked by clk  {rise@0.000ns fall@5.000ns period=10.000ns})
  Path Group:             clk
  Path Type:              Setup (Max at Slow Process Corner)
  Requirement:            10.000ns  (clk rise@10.000ns - clk rise@0.000ns)
  Data Path Delay:        57.819ns  (logic 14.447ns (24.987%)  route 43.372ns (75.014%))
  Logic Levels:           59  (CARRY4=22 LUT2=2 LUT3=11 LUT4=5 LUT5=4 LUT6=15)
  Clock Path Skew:        -0.049ns (DCD - SCD + CPR)
    Destination Clock Delay (DCD):    0.924ns = ( 10.924 - 10.000 ) 
    Source Clock Delay      (SCD):    0.973ns
    Clock Pessimism Removal (CPR):    0.000ns
  Clock Uncertainty:      0.035ns  ((TSJ^2 + TIJ^2)^1/2 + DJ) / 2 + PE
    Total System Jitter     (TSJ):    0.071ns
    Total Input Jitter      (TIJ):    0.000ns
    Discrete Jitter          (DJ):    0.000ns
    Phase Error              (PE):    0.000ns

    Location             Delay type                Incr(ns)  Path(ns)    Netlist Resource(s)
  -------------------------------------------------------------------    -------------------
                         (clock clk rise edge)        0.000     0.000 r  <hidden>
                                                      0.000     0.000 r  clk
                         net (fo=52181, unset)        0.973     0.973    u_soa/u_core/u_scorer/g_lane[15].u_lane/clk
    SLICE_X38Y149        FDCE                                         r  u_soa/u_core/u_scorer/g_lane[15].u_lane/score_o_reg[2]/C
  -------------------------------------------------------------------    -------------------
    SLICE_X38Y149        FDCE (Prop_fdce_C_Q)         0.478     1.451 r  u_soa/u_core/u_scorer/g_lane[15].u_lane/score_o_reg[2]/Q
                         net (fo=7, routed)           1.183     2.634    u_soa/u_core/u_scorer/sc_score[15]_215[2]
    SLICE_X39Y145        LUT4 (Prop_lut4_I2_O)        0.301     2.935 r  u_soa/u_core/u_scorer/score_o[0][15]_i_2272/O
                         net (fo=1, routed)           0.000     2.935    u_soa/u_core/u_scorer/score_o[0][15]_i_2272_n_0
    SLICE_X39Y145        CARRY4 (Prop_carry4_S[1]_CO[3])
                                                      0.550     3.485 r  u_soa/u_core/u_scorer/score_o_reg[0][15]_i_1741/CO[3]
                         net (fo=1, routed)           0.000     3.485    u_soa/u_core/u_scorer/score_o_reg[0][15]_i_1741_n_0
    SLICE_X39Y146        CARRY4 (Prop_carry4_CI_CO[3])
                                                      0.114     3.599 r  u_soa/u_core/u_scorer/score_o_reg[0][15]_i_1172/CO[3]
                         net (fo=69, routed)          1.442     5.041    u_soa/u_core/u_scorer/score_o_reg[0][15]_i_1172_n_0
    SLICE_X41Y150        LUT4 (Prop_lut4_I3_O)        0.124     5.165 r  u_soa/u_core/u_scorer/score_o[0][15]_i_715/O
                         net (fo=85, routed)          1.345     6.510    u_soa/u_core/u_scorer/score_o[0][15]_i_715_n_0
    SLICE_X46Y148        LUT3 (Prop_lut3_I1_O)        0.124     6.634 f  u_soa/u_core/u_scorer/score_o[0][1]_i_107/O
                         net (fo=2, routed)           0.724     7.358    u_soa/u_core/u_scorer/score_o[0][1]_i_107_n_0
    SLICE_X48Y146        LUT6 (Prop_lut6_I1_O)        0.124     7.482 r  u_soa/u_core/u_scorer/score_o[4][15]_i_2352/O
                         net (fo=1, routed)           0.914     8.396    u_soa/u_core/u_scorer/score_o[4][15]_i_2352_n_0
    SLICE_X46Y143        CARRY4 (Prop_carry4_DI[0]_CO[3])
                                                      0.550     8.946 r  u_soa/u_core/u_scorer/score_o_reg[4][15]_i_1660/CO[3]
                         net (fo=1, routed)           0.000     8.946    u_soa/u_core/u_scorer/score_o_reg[4][15]_i_1660_n_0
    SLICE_X46Y144        CARRY4 (Prop_carry4_CI_CO[3])
                                                      0.117     9.063 f  u_soa/u_core/u_scorer/score_o_reg[4][15]_i_974/CO[3]
                         net (fo=2, routed)           1.345    10.408    u_soa/u_core/u_scorer/score_o_reg[4][15]_i_974_n_0
    SLICE_X33Y147        LUT4 (Prop_lut4_I0_O)        0.124    10.532 r  u_soa/u_core/u_scorer/score_o[0][15]_i_595/O
                         net (fo=81, routed)          1.306    11.839    u_soa/u_core/u_scorer/score_o[0][15]_i_595_n_0
    SLICE_X41Y149        LUT5 (Prop_lut5_I3_O)        0.124    11.963 r  u_soa/u_core/u_scorer/id_o[0][21]_i_92/O
                         net (fo=4, routed)           0.722    12.685    u_soa/u_core/u_scorer/id_o[0][21]_i_92_n_0
    SLICE_X40Y144        LUT6 (Prop_lut6_I5_O)        0.124    12.809 f  u_soa/u_core/u_scorer/score_o[0][15]_i_2572/O
                         net (fo=2, routed)           0.968    13.777    u_soa/u_core/u_scorer/score_o[0][15]_i_2572_n_0
    SLICE_X41Y140        LUT5 (Prop_lut5_I4_O)        0.124    13.901 r  u_soa/u_core/u_scorer/score_o[0][15]_i_2286/O
                         net (fo=1, routed)           0.000    13.901    u_soa/u_core/u_scorer/score_o[0][15]_i_2286_n_0
    SLICE_X41Y140        CARRY4 (Prop_carry4_S[3]_CO[3])
                                                      0.401    14.302 r  u_soa/u_core/u_scorer/score_o_reg[0][15]_i_1768/CO[3]
                         net (fo=1, routed)           0.000    14.302    u_soa/u_core/u_scorer/score_o_reg[0][15]_i_1768_n_0
    SLICE_X41Y141        CARRY4 (Prop_carry4_CI_CO[2])
                                                      0.228    14.530 r  u_soa/u_core/u_scorer/score_o_reg[0][15]_i_1183/CO[2]
                         net (fo=1, routed)           0.692    15.221    u_soa/u_core/u_scorer/u_topk/p_132_out
    SLICE_X41Y145        LUT6 (Prop_lut6_I5_O)        0.313    15.534 r  u_soa/u_core/u_scorer/score_o[0][15]_i_718/O
                         net (fo=6, routed)           0.624    16.158    u_soa/u_core/u_scorer/score_o[0][15]_i_718_n_0
    SLICE_X43Y146        LUT3 (Prop_lut3_I1_O)        0.124    16.282 r  u_soa/u_core/u_scorer/score_o[0][15]_i_382/O
                         net (fo=102, routed)         1.481    17.763    u_soa/u_core/u_scorer/score_o[0][15]_i_382_n_0
    SLICE_X44Y141        LUT3 (Prop_lut3_I1_O)        0.152    17.915 r  u_soa/u_core/u_scorer/id_o[0][0]_i_70/O
                         net (fo=5, routed)           1.594    19.509    u_soa/u_core/u_scorer/id_o[0][0]_i_70_n_0
    SLICE_X46Y132        LUT6 (Prop_lut6_I2_O)        0.326    19.835 r  u_soa/u_core/u_scorer/score_o[0][15]_i_1824/O
                         net (fo=1, routed)           0.000    19.835    u_soa/u_core/u_scorer/score_o[0][15]_i_1824_n_0
    SLICE_X46Y132        CARRY4 (Prop_carry4_S[0]_CO[3])
                                                      0.513    20.348 r  u_soa/u_core/u_scorer/score_o_reg[0][15]_i_1252/CO[3]
                         net (fo=1, routed)           0.000    20.348    u_soa/u_core/u_scorer/score_o_reg[0][15]_i_1252_n_0
    SLICE_X46Y133        CARRY4 (Prop_carry4_CI_CO[3])
                                                      0.117    20.465 r  u_soa/u_core/u_scorer/score_o_reg[0][15]_i_776/CO[3]
                         net (fo=1, routed)           0.000    20.465    u_soa/u_core/u_scorer/score_o_reg[0][15]_i_776_n_0
    SLICE_X46Y134        CARRY4 (Prop_carry4_CI_CO[2])
                                                      0.229    20.694 f  u_soa/u_core/u_scorer/score_o_reg[0][15]_i_419/CO[2]
                         net (fo=71, routed)          1.176    21.870    u_soa/u_core/u_scorer/u_topk/p_111_out
    SLICE_X49Y137        LUT4 (Prop_lut4_I2_O)        0.310    22.180 r  u_soa/u_core/u_scorer/score_o[0][15]_i_198/O
                         net (fo=72, routed)          1.291    23.471    u_soa/u_core/u_scorer/score_o[0][15]_i_198_n_0
    SLICE_X50Y148        LUT3 (Prop_lut3_I1_O)        0.150    23.621 f  u_soa/u_core/u_scorer/score_o[0][10]_i_63/O
                         net (fo=5, routed)           0.885    24.506    u_soa/u_core/u_scorer/score_o[0][10]_i_63_n_0
    SLICE_X51Y140        LUT6 (Prop_lut6_I5_O)        0.328    24.834 r  u_soa/u_core/u_scorer/score_o[0][15]_i_873/O
                         net (fo=1, routed)           1.272    26.106    u_soa/u_core/u_scorer/score_o[0][15]_i_873_n_0
    SLICE_X50Y128        CARRY4 (Prop_carry4_DI[1]_CO[3])
                                                      0.520    26.626 r  u_soa/u_core/u_scorer/score_o_reg[0][15]_i_479/CO[3]
                         net (fo=2, routed)           1.451    28.077    u_soa/u_core/u_scorer/score_o_reg[0][15]_i_479_n_0
    SLICE_X51Y135        LUT6 (Prop_lut6_I0_O)        0.124    28.201 r  u_soa/u_core/u_scorer/score_o[0][15]_i_216/O
                         net (fo=189, routed)         1.976    30.178    u_soa/u_core/u_scorer/score_o[0][15]_i_216_n_0
    SLICE_X54Y128        LUT5 (Prop_lut5_I3_O)        0.152    30.330 r  u_soa/u_core/u_scorer/score_o[0][3]_i_30/O
                         net (fo=5, routed)           0.885    31.215    u_soa/u_core/u_scorer/score_o[0][3]_i_30_n_0
    SLICE_X55Y125        LUT6 (Prop_lut6_I3_O)        0.348    31.563 r  u_soa/u_core/u_scorer/score_o[0][15]_i_1365/O
                         net (fo=1, routed)           0.705    32.268    u_soa/u_core/u_scorer/score_o[0][15]_i_1365_n_0
    SLICE_X55Y122        CARRY4 (Prop_carry4_DI[1]_CO[3])
                                                      0.507    32.775 r  u_soa/u_core/u_scorer/score_o_reg[0][15]_i_861/CO[3]
                         net (fo=1, routed)           0.000    32.775    u_soa/u_core/u_scorer/score_o_reg[0][15]_i_861_n_0
    SLICE_X55Y123        CARRY4 (Prop_carry4_CI_CO[3])
                                                      0.114    32.889 r  u_soa/u_core/u_scorer/score_o_reg[0][15]_i_478/CO[3]
                         net (fo=1, routed)           1.000    33.889    u_soa/u_core/u_scorer/score_o_reg[0][15]_i_478_n_0
    SLICE_X56Y130        LUT2 (Prop_lut2_I1_O)        0.124    34.013 f  u_soa/u_core/u_scorer/score_o[0][15]_i_215/O
                         net (fo=1, routed)           0.826    34.839    u_soa/u_core/u_scorer/score_o[0][15]_i_215_n_0
    SLICE_X50Y130        LUT6 (Prop_lut6_I5_O)        0.124    34.963 r  u_soa/u_core/u_scorer/score_o[0][15]_i_98/O
                         net (fo=105, routed)         1.369    36.332    u_soa/u_core/u_scorer/score_o[0][15]_i_98_n_0
    SLICE_X50Y125        LUT3 (Prop_lut3_I1_O)        0.150    36.482 r  u_soa/u_core/u_scorer/score_o[0][4]_i_31/O
                         net (fo=4, routed)           1.398    37.880    u_soa/u_core/u_scorer/score_o[0][4]_i_31_n_0
    SLICE_X40Y115        LUT6 (Prop_lut6_I2_O)        0.355    38.235 r  u_soa/u_core/u_scorer/score_o[0][15]_i_623/O
                         net (fo=1, routed)           0.000    38.235    u_soa/u_core/u_scorer/score_o[0][15]_i_623_n_0
    SLICE_X40Y115        CARRY4 (Prop_carry4_S[1]_CO[3])
                                                      0.550    38.785 r  u_soa/u_core/u_scorer/score_o_reg[0][15]_i_323/CO[3]
                         net (fo=1, routed)           0.000    38.785    u_soa/u_core/u_scorer/score_o_reg[0][15]_i_323_n_0
    SLICE_X40Y116        CARRY4 (Prop_carry4_CI_CO[1])
                                                      0.157    38.942 r  u_soa/u_core/u_scorer/score_o_reg[0][15]_i_151/CO[1]
                         net (fo=37, routed)          0.980    39.922    u_soa/u_core/u_scorer/score_o_reg[0][15]_i_151_n_2
    SLICE_X41Y117        LUT4 (Prop_lut4_I3_O)        0.329    40.251 r  u_soa/u_core/u_scorer/score_o[0][15]_i_76/O
                         net (fo=46, routed)          1.288    41.539    u_soa/u_core/u_scorer/score_o[0][15]_i_76_n_0
    SLICE_X35Y114        LUT3 (Prop_lut3_I1_O)        0.152    41.691 r  u_soa/u_core/u_scorer/score_o[0][6]_i_15/O
                         net (fo=5, routed)           0.955    42.646    u_soa/u_core/u_scorer/score_o[0][6]_i_15_n_0
    SLICE_X29Y114        LUT6 (Prop_lut6_I4_O)        0.332    42.978 r  u_soa/u_core/u_scorer/score_o[0][15]_i_827/O
                         net (fo=1, routed)           0.000    42.978    u_soa/u_core/u_scorer/score_o[0][15]_i_827_n_0
    SLICE_X29Y114        CARRY4 (Prop_carry4_S[2]_CO[3])
                                                      0.398    43.376 r  u_soa/u_core/u_scorer/score_o_reg[0][15]_i_450/CO[3]
                         net (fo=1, routed)           0.000    43.376    u_soa/u_core/u_scorer/score_o_reg[0][15]_i_450_n_0
    SLICE_X29Y115        CARRY4 (Prop_carry4_CI_CO[1])
                                                      0.157    43.533 f  u_soa/u_core/u_scorer/score_o_reg[0][15]_i_208/CO[1]
                         net (fo=2, routed)           1.036    44.568    u_soa/u_core/u_scorer/score_o_reg[0][15]_i_208_n_2
    SLICE_X11Y114        LUT2 (Prop_lut2_I0_O)        0.329    44.897 f  u_soa/u_core/u_scorer/score_o[0][15]_i_96/O
                         net (fo=10, routed)          0.995    45.892    u_soa/u_core/u_scorer/score_o[0][15]_i_96_n_0
    SLICE_X11Y117        LUT6 (Prop_lut6_I5_O)        0.124    46.016 r  u_soa/u_core/u_scorer/score_o[0][15]_i_29/O
                         net (fo=118, routed)         0.997    47.012    u_soa/u_core/u_scorer/score_o[0][15]_i_29_n_0
    SLICE_X12Y118        LUT3 (Prop_lut3_I1_O)        0.116    47.128 r  u_soa/u_core/u_scorer/id_o[4][12]_i_5/O
                         net (fo=5, routed)           0.940    48.069    u_soa/u_core/u_scorer/id_o[4][12]_i_5_n_0
    SLICE_X9Y118         LUT6 (Prop_lut6_I4_O)        0.328    48.397 r  u_soa/u_core/u_scorer/score_o[4][15]_i_1941/O
                         net (fo=1, routed)           0.448    48.844    u_soa/u_core/u_scorer/score_o[4][15]_i_1941_n_0
    SLICE_X8Y115         LUT5 (Prop_lut5_I4_O)        0.124    48.968 r  u_soa/u_core/u_scorer/score_o[4][15]_i_1269/O
                         net (fo=1, routed)           0.000    48.968    u_soa/u_core/u_scorer/score_o[4][15]_i_1269_n_0
    SLICE_X8Y115         CARRY4 (Prop_carry4_S[0]_CO[3])
                                                      0.513    49.481 r  u_soa/u_core/u_scorer/score_o_reg[4][15]_i_749/CO[3]
                         net (fo=1, routed)           0.000    49.481    u_soa/u_core/u_scorer/score_o_reg[4][15]_i_749_n_0
    SLICE_X8Y116         CARRY4 (Prop_carry4_CI_CO[2])
                                                      0.229    49.710 r  u_soa/u_core/u_scorer/score_o_reg[4][15]_i_320/CO[2]
                         net (fo=2, routed)           0.834    50.544    u_soa/u_core/u_scorer/score_o_reg[4][15]_i_320_n_1
    SLICE_X10Y116        LUT3 (Prop_lut3_I1_O)        0.310    50.854 r  u_soa/u_core/u_scorer/score_o[4][15]_i_99/O
                         net (fo=7, routed)           0.694    51.548    u_soa/u_core/u_scorer/score_o[4][15]_i_99_n_0
    SLICE_X10Y114        LUT6 (Prop_lut6_I0_O)        0.124    51.672 r  u_soa/u_core/u_scorer/score_o[4][15]_i_30/O
                         net (fo=102, routed)         1.092    52.763    u_soa/u_core/u_scorer/score_o[4][15]_i_30_n_0
    SLICE_X12Y113        LUT3 (Prop_lut3_I1_O)        0.124    52.887 f  u_soa/u_core/u_scorer/id_o[6][0]_i_2/O
                         net (fo=5, routed)           1.170    54.058    u_soa/u_core/u_scorer/id_o[6][0]_i_2_n_0
    SLICE_X12Y109        LUT6 (Prop_lut6_I5_O)        0.124    54.182 r  u_soa/u_core/u_scorer/score_o[6][15]_i_98/O
                         net (fo=1, routed)           0.543    54.724    u_soa/u_core/u_scorer/score_o[6][15]_i_98_n_0
    SLICE_X13Y107        CARRY4 (Prop_carry4_DI[0]_CO[3])
                                                      0.526    55.250 r  u_soa/u_core/u_scorer/score_o_reg[6][15]_i_76/CO[3]
                         net (fo=1, routed)           0.000    55.250    u_soa/u_core/u_scorer/score_o_reg[6][15]_i_76_n_0
    SLICE_X13Y108        CARRY4 (Prop_carry4_CI_CO[3])
                                                      0.114    55.364 r  u_soa/u_core/u_scorer/score_o_reg[6][15]_i_47/CO[3]
                         net (fo=1, routed)           0.000    55.364    u_soa/u_core/u_scorer/score_o_reg[6][15]_i_47_n_0
    SLICE_X13Y109        CARRY4 (Prop_carry4_CI_CO[3])
                                                      0.114    55.478 r  u_soa/u_core/u_scorer/score_o_reg[6][15]_i_22/CO[3]
                         net (fo=1, routed)           0.000    55.478    u_soa/u_core/u_scorer/score_o_reg[6][15]_i_22_n_0
    SLICE_X13Y110        CARRY4 (Prop_carry4_CI_CO[3])
                                                      0.114    55.592 r  u_soa/u_core/u_scorer/score_o_reg[6][15]_i_11/CO[3]
                         net (fo=1, routed)           1.024    56.616    u_soa/u_core/u_scorer/score_o_reg[6][15]_i_11_n_0
    SLICE_X8Y111         LUT3 (Prop_lut3_I0_O)        0.124    56.740 r  u_soa/u_core/u_scorer/score_o[6][15]_i_5/O
                         net (fo=1, routed)           0.670    57.411    u_soa/u_core/u_scorer/score_o[6][15]_i_5_n_0
    SLICE_X8Y111         LUT6 (Prop_lut6_I0_O)        0.124    57.535 r  u_soa/u_core/u_scorer/score_o[6][15]_i_3/O
                         net (fo=96, routed)          1.134    58.668    u_soa/u_core/u_scorer/score_o[6][15]_i_3_n_0
    SLICE_X5Y111         LUT3 (Prop_lut3_I2_O)        0.124    58.792 r  u_soa/u_core/u_scorer/id_o[6][16]_i_1/O
                         net (fo=1, routed)           0.000    58.792    u_soa/u_core/u_topk/id_o_reg[6][31]_0[16]
    SLICE_X5Y111         FDCE                                         r  u_soa/u_core/u_topk/id_o_reg[6][16]/D
  -------------------------------------------------------------------    -------------------

                         (clock clk rise edge)       10.000    10.000 r  <hidden>
                                                      0.000    10.000 r  clk
                         net (fo=52181, unset)        0.924    10.924    u_soa/u_core/u_topk/clk
    SLICE_X5Y111         FDCE                                         r  u_soa/u_core/u_topk/id_o_reg[6][16]/C
                         clock pessimism              0.000    10.924    <hidden>
                         clock uncertainty           -0.035    10.889    <hidden>
    SLICE_X5Y111         FDCE (Setup_fdce_C_D)        0.029    10.918    u_soa/u_core/u_topk/id_o_reg[6][16]
  -------------------------------------------------------------------
                         required time                         10.918    <hidden>
                         arrival time                         -58.792    <hidden>
  -------------------------------------------------------------------
                         slack                                -47.874    <hidden>

Slack (VIOLATED) :        -47.871ns  (required time - arrival time)
  Source:                 u_soa/u_core/u_scorer/g_lane[15].u_lane/score_o_reg[2]/C
                            (rising edge-triggered cell FDCE clocked by clk  {rise@0.000ns fall@5.000ns period=10.000ns})
  Destination:            u_soa/u_core/u_topk/id_o_reg[7][12]/D
                            (rising edge-triggered cell FDCE clocked by clk  {rise@0.000ns fall@5.000ns period=10.000ns})
  Path Group:             clk
  Path Type:              Setup (Max at Slow Process Corner)
  Requirement:            10.000ns  (clk rise@10.000ns - clk rise@0.000ns)
  Data Path Delay:        57.862ns  (logic 14.475ns (25.016%)  route 43.387ns (74.984%))
  Logic Levels:           59  (CARRY4=22 LUT2=2 LUT3=11 LUT4=5 LUT5=4 LUT6=15)
  Clock Path Skew:        -0.049ns (DCD - SCD + CPR)
    Destination Clock Delay (DCD):    0.924ns = ( 10.924 - 10.000 ) 
    Source Clock Delay      (SCD):    0.973ns
    Clock Pessimism Removal (CPR):    0.000ns
  Clock Uncertainty:      0.035ns  ((TSJ^2 + TIJ^2)^1/2 + DJ) / 2 + PE
    Total System Jitter     (TSJ):    0.071ns
    Total Input Jitter      (TIJ):    0.000ns
    Discrete Jitter          (DJ):    0.000ns
    Phase Error              (PE):    0.000ns

    Location             Delay type                Incr(ns)  Path(ns)    Netlist Resource(s)
  -------------------------------------------------------------------    -------------------
                         (clock clk rise edge)        0.000     0.000 r  <hidden>
                                                      0.000     0.000 r  clk
                         net (fo=52181, unset)        0.973     0.973    u_soa/u_core/u_scorer/g_lane[15].u_lane/clk
    SLICE_X38Y149        FDCE                                         r  u_soa/u_core/u_scorer/g_lane[15].u_lane/score_o_reg[2]/C
  -------------------------------------------------------------------    -------------------
    SLICE_X38Y149        FDCE (Prop_fdce_C_Q)         0.478     1.451 r  u_soa/u_core/u_scorer/g_lane[15].u_lane/score_o_reg[2]/Q
                         net (fo=7, routed)           1.183     2.634    u_soa/u_core/u_scorer/sc_score[15]_215[2]
    SLICE_X39Y145        LUT4 (Prop_lut4_I2_O)        0.301     2.935 r  u_soa/u_core/u_scorer/score_o[0][15]_i_2272/O
                         net (fo=1, routed)           0.000     2.935    u_soa/u_core/u_scorer/score_o[0][15]_i_2272_n_0
    SLICE_X39Y145        CARRY4 (Prop_carry4_S[1]_CO[3])
                                                      0.550     3.485 r  u_soa/u_core/u_scorer/score_o_reg[0][15]_i_1741/CO[3]
                         net (fo=1, routed)           0.000     3.485    u_soa/u_core/u_scorer/score_o_reg[0][15]_i_1741_n_0
    SLICE_X39Y146        CARRY4 (Prop_carry4_CI_CO[3])
                                                      0.114     3.599 r  u_soa/u_core/u_scorer/score_o_reg[0][15]_i_1172/CO[3]
                         net (fo=69, routed)          1.442     5.041    u_soa/u_core/u_scorer/score_o_reg[0][15]_i_1172_n_0
    SLICE_X41Y150        LUT4 (Prop_lut4_I3_O)        0.124     5.165 r  u_soa/u_core/u_scorer/score_o[0][15]_i_715/O
                         net (fo=85, routed)          1.345     6.510    u_soa/u_core/u_scorer/score_o[0][15]_i_715_n_0
    SLICE_X46Y148        LUT3 (Prop_lut3_I1_O)        0.124     6.634 f  u_soa/u_core/u_scorer/score_o[0][1]_i_107/O
                         net (fo=2, routed)           0.724     7.358    u_soa/u_core/u_scorer/score_o[0][1]_i_107_n_0
    SLICE_X48Y146        LUT6 (Prop_lut6_I1_O)        0.124     7.482 r  u_soa/u_core/u_scorer/score_o[4][15]_i_2352/O
                         net (fo=1, routed)           0.914     8.396    u_soa/u_core/u_scorer/score_o[4][15]_i_2352_n_0
    SLICE_X46Y143        CARRY4 (Prop_carry4_DI[0]_CO[3])
                                                      0.550     8.946 r  u_soa/u_core/u_scorer/score_o_reg[4][15]_i_1660/CO[3]
                         net (fo=1, routed)           0.000     8.946    u_soa/u_core/u_scorer/score_o_reg[4][15]_i_1660_n_0
    SLICE_X46Y144        CARRY4 (Prop_carry4_CI_CO[3])
                                                      0.117     9.063 f  u_soa/u_core/u_scorer/score_o_reg[4][15]_i_974/CO[3]
                         net (fo=2, routed)           1.345    10.408    u_soa/u_core/u_scorer/score_o_reg[4][15]_i_974_n_0
    SLICE_X33Y147        LUT4 (Prop_lut4_I0_O)        0.124    10.532 r  u_soa/u_core/u_scorer/score_o[0][15]_i_595/O
                         net (fo=81, routed)          1.306    11.839    u_soa/u_core/u_scorer/score_o[0][15]_i_595_n_0
    SLICE_X41Y149        LUT5 (Prop_lut5_I3_O)        0.124    11.963 r  u_soa/u_core/u_scorer/id_o[0][21]_i_92/O
                         net (fo=4, routed)           0.722    12.685    u_soa/u_core/u_scorer/id_o[0][21]_i_92_n_0
    SLICE_X40Y144        LUT6 (Prop_lut6_I5_O)        0.124    12.809 f  u_soa/u_core/u_scorer/score_o[0][15]_i_2572/O
                         net (fo=2, routed)           0.968    13.777    u_soa/u_core/u_scorer/score_o[0][15]_i_2572_n_0
    SLICE_X41Y140        LUT5 (Prop_lut5_I4_O)        0.124    13.901 r  u_soa/u_core/u_scorer/score_o[0][15]_i_2286/O
                         net (fo=1, routed)           0.000    13.901    u_soa/u_core/u_scorer/score_o[0][15]_i_2286_n_0
    SLICE_X41Y140        CARRY4 (Prop_carry4_S[3]_CO[3])
                                                      0.401    14.302 r  u_soa/u_core/u_scorer/score_o_reg[0][15]_i_1768/CO[3]
                         net (fo=1, routed)           0.000    14.302    u_soa/u_core/u_scorer/score_o_reg[0][15]_i_1768_n_0
    SLICE_X41Y141        CARRY4 (Prop_carry4_CI_CO[2])
                                                      0.228    14.530 r  u_soa/u_core/u_scorer/score_o_reg[0][15]_i_1183/CO[2]
                         net (fo=1, routed)           0.692    15.221    u_soa/u_core/u_scorer/u_topk/p_132_out
    SLICE_X41Y145        LUT6 (Prop_lut6_I5_O)        0.313    15.534 r  u_soa/u_core/u_scorer/score_o[0][15]_i_718/O
                         net (fo=6, routed)           0.624    16.158    u_soa/u_core/u_scorer/score_o[0][15]_i_718_n_0
    SLICE_X43Y146        LUT3 (Prop_lut3_I1_O)        0.124    16.282 r  u_soa/u_core/u_scorer/score_o[0][15]_i_382/O
                         net (fo=102, routed)         1.481    17.763    u_soa/u_core/u_scorer/score_o[0][15]_i_382_n_0
    SLICE_X44Y141        LUT3 (Prop_lut3_I1_O)        0.152    17.915 r  u_soa/u_core/u_scorer/id_o[0][0]_i_70/O
                         net (fo=5, routed)           1.594    19.509    u_soa/u_core/u_scorer/id_o[0][0]_i_70_n_0
    SLICE_X46Y132        LUT6 (Prop_lut6_I2_O)        0.326    19.835 r  u_soa/u_core/u_scorer/score_o[0][15]_i_1824/O
                         net (fo=1, routed)           0.000    19.835    u_soa/u_core/u_scorer/score_o[0][15]_i_1824_n_0
    SLICE_X46Y132        CARRY4 (Prop_carry4_S[0]_CO[3])
                                                      0.513    20.348 r  u_soa/u_core/u_scorer/score_o_reg[0][15]_i_1252/CO[3]
                         net (fo=1, routed)           0.000    20.348    u_soa/u_core/u_scorer/score_o_reg[0][15]_i_1252_n_0
    SLICE_X46Y133        CARRY4 (Prop_carry4_CI_CO[3])
                                                      0.117    20.465 r  u_soa/u_core/u_scorer/score_o_reg[0][15]_i_776/CO[3]
                         net (fo=1, routed)           0.000    20.465    u_soa/u_core/u_scorer/score_o_reg[0][15]_i_776_n_0
    SLICE_X46Y134        CARRY4 (Prop_carry4_CI_CO[2])
                                                      0.229    20.694 f  u_soa/u_core/u_scorer/score_o_reg[0][15]_i_419/CO[2]
                         net (fo=71, routed)          1.176    21.870    u_soa/u_core/u_scorer/u_topk/p_111_out
    SLICE_X49Y137        LUT4 (Prop_lut4_I2_O)        0.310    22.180 r  u_soa/u_core/u_scorer/score_o[0][15]_i_198/O
                         net (fo=72, routed)          1.291    23.471    u_soa/u_core/u_scorer/score_o[0][15]_i_198_n_0
    SLICE_X50Y148        LUT3 (Prop_lut3_I1_O)        0.150    23.621 f  u_soa/u_core/u_scorer/score_o[0][10]_i_63/O
                         net (fo=5, routed)           0.885    24.506    u_soa/u_core/u_scorer/score_o[0][10]_i_63_n_0
    SLICE_X51Y140        LUT6 (Prop_lut6_I5_O)        0.328    24.834 r  u_soa/u_core/u_scorer/score_o[0][15]_i_873/O
                         net (fo=1, routed)           1.272    26.106    u_soa/u_core/u_scorer/score_o[0][15]_i_873_n_0
    SLICE_X50Y128        CARRY4 (Prop_carry4_DI[1]_CO[3])
                                                      0.520    26.626 r  u_soa/u_core/u_scorer/score_o_reg[0][15]_i_479/CO[3]
                         net (fo=2, routed)           1.451    28.077    u_soa/u_core/u_scorer/score_o_reg[0][15]_i_479_n_0
    SLICE_X51Y135        LUT6 (Prop_lut6_I0_O)        0.124    28.201 r  u_soa/u_core/u_scorer/score_o[0][15]_i_216/O
                         net (fo=189, routed)         1.976    30.178    u_soa/u_core/u_scorer/score_o[0][15]_i_216_n_0
    SLICE_X54Y128        LUT5 (Prop_lut5_I3_O)        0.152    30.330 r  u_soa/u_core/u_scorer/score_o[0][3]_i_30/O
                         net (fo=5, routed)           0.885    31.215    u_soa/u_core/u_scorer/score_o[0][3]_i_30_n_0
    SLICE_X55Y125        LUT6 (Prop_lut6_I3_O)        0.348    31.563 r  u_soa/u_core/u_scorer/score_o[0][15]_i_1365/O
                         net (fo=1, routed)           0.705    32.268    u_soa/u_core/u_scorer/score_o[0][15]_i_1365_n_0
    SLICE_X55Y122        CARRY4 (Prop_carry4_DI[1]_CO[3])
                                                      0.507    32.775 r  u_soa/u_core/u_scorer/score_o_reg[0][15]_i_861/CO[3]
                         net (fo=1, routed)           0.000    32.775    u_soa/u_core/u_scorer/score_o_reg[0][15]_i_861_n_0
    SLICE_X55Y123        CARRY4 (Prop_carry4_CI_CO[3])
                                                      0.114    32.889 r  u_soa/u_core/u_scorer/score_o_reg[0][15]_i_478/CO[3]
                         net (fo=1, routed)           1.000    33.889    u_soa/u_core/u_scorer/score_o_reg[0][15]_i_478_n_0
    SLICE_X56Y130        LUT2 (Prop_lut2_I1_O)        0.124    34.013 f  u_soa/u_core/u_scorer/score_o[0][15]_i_215/O
                         net (fo=1, routed)           0.826    34.839    u_soa/u_core/u_scorer/score_o[0][15]_i_215_n_0
    SLICE_X50Y130        LUT6 (Prop_lut6_I5_O)        0.124    34.963 r  u_soa/u_core/u_scorer/score_o[0][15]_i_98/O
                         net (fo=105, routed)         1.369    36.332    u_soa/u_core/u_scorer/score_o[0][15]_i_98_n_0
    SLICE_X50Y125        LUT3 (Prop_lut3_I1_O)        0.150    36.482 r  u_soa/u_core/u_scorer/score_o[0][4]_i_31/O
                         net (fo=4, routed)           1.398    37.880    u_soa/u_core/u_scorer/score_o[0][4]_i_31_n_0
    SLICE_X40Y115        LUT6 (Prop_lut6_I2_O)        0.355    38.235 r  u_soa/u_core/u_scorer/score_o[0][15]_i_623/O
                         net (fo=1, routed)           0.000    38.235    u_soa/u_core/u_scorer/score_o[0][15]_i_623_n_0
    SLICE_X40Y115        CARRY4 (Prop_carry4_S[1]_CO[3])
                                                      0.550    38.785 r  u_soa/u_core/u_scorer/score_o_reg[0][15]_i_323/CO[3]
                         net (fo=1, routed)           0.000    38.785    u_soa/u_core/u_scorer/score_o_reg[0][15]_i_323_n_0
    SLICE_X40Y116        CARRY4 (Prop_carry4_CI_CO[1])
                                                      0.157    38.942 r  u_soa/u_core/u_scorer/score_o_reg[0][15]_i_151/CO[1]
                         net (fo=37, routed)          0.980    39.922    u_soa/u_core/u_scorer/score_o_reg[0][15]_i_151_n_2
    SLICE_X41Y117        LUT4 (Prop_lut4_I3_O)        0.329    40.251 r  u_soa/u_core/u_scorer/score_o[0][15]_i_76/O
                         net (fo=46, routed)          1.288    41.539    u_soa/u_core/u_scorer/score_o[0][15]_i_76_n_0
    SLICE_X35Y114        LUT3 (Prop_lut3_I1_O)        0.152    41.691 r  u_soa/u_core/u_scorer/score_o[0][6]_i_15/O
                         net (fo=5, routed)           0.955    42.646    u_soa/u_core/u_scorer/score_o[0][6]_i_15_n_0
    SLICE_X29Y114        LUT6 (Prop_lut6_I4_O)        0.332    42.978 r  u_soa/u_core/u_scorer/score_o[0][15]_i_827/O
                         net (fo=1, routed)           0.000    42.978    u_soa/u_core/u_scorer/score_o[0][15]_i_827_n_0
    SLICE_X29Y114        CARRY4 (Prop_carry4_S[2]_CO[3])
                                                      0.398    43.376 r  u_soa/u_core/u_scorer/score_o_reg[0][15]_i_450/CO[3]
                         net (fo=1, routed)           0.000    43.376    u_soa/u_core/u_scorer/score_o_reg[0][15]_i_450_n_0
    SLICE_X29Y115        CARRY4 (Prop_carry4_CI_CO[1])
                                                      0.157    43.533 f  u_soa/u_core/u_scorer/score_o_reg[0][15]_i_208/CO[1]
                         net (fo=2, routed)           1.036    44.568    u_soa/u_core/u_scorer/score_o_reg[0][15]_i_208_n_2
    SLICE_X11Y114        LUT2 (Prop_lut2_I0_O)        0.329    44.897 f  u_soa/u_core/u_scorer/score_o[0][15]_i_96/O
                         net (fo=10, routed)          0.995    45.892    u_soa/u_core/u_scorer/score_o[0][15]_i_96_n_0
    SLICE_X11Y117        LUT6 (Prop_lut6_I5_O)        0.124    46.016 r  u_soa/u_core/u_scorer/score_o[0][15]_i_29/O
                         net (fo=118, routed)         0.997    47.012    u_soa/u_core/u_scorer/score_o[0][15]_i_29_n_0
    SLICE_X12Y118        LUT3 (Prop_lut3_I1_O)        0.116    47.128 r  u_soa/u_core/u_scorer/id_o[4][12]_i_5/O
                         net (fo=5, routed)           0.940    48.069    u_soa/u_core/u_scorer/id_o[4][12]_i_5_n_0
    SLICE_X9Y118         LUT6 (Prop_lut6_I4_O)        0.328    48.397 r  u_soa/u_core/u_scorer/score_o[4][15]_i_1941/O
                         net (fo=1, routed)           0.448    48.844    u_soa/u_core/u_scorer/score_o[4][15]_i_1941_n_0
    SLICE_X8Y115         LUT5 (Prop_lut5_I4_O)        0.124    48.968 r  u_soa/u_core/u_scorer/score_o[4][15]_i_1269/O
                         net (fo=1, routed)           0.000    48.968    u_soa/u_core/u_scorer/score_o[4][15]_i_1269_n_0
    SLICE_X8Y115         CARRY4 (Prop_carry4_S[0]_CO[3])
                                                      0.513    49.481 r  u_soa/u_core/u_scorer/score_o_reg[4][15]_i_749/CO[3]
                         net (fo=1, routed)           0.000    49.481    u_soa/u_core/u_scorer/score_o_reg[4][15]_i_749_n_0
    SLICE_X8Y116         CARRY4 (Prop_carry4_CI_CO[2])
                                                      0.229    49.710 r  u_soa/u_core/u_scorer/score_o_reg[4][15]_i_320/CO[2]
                         net (fo=2, routed)           0.834    50.544    u_soa/u_core/u_scorer/score_o_reg[4][15]_i_320_n_1
    SLICE_X10Y116        LUT3 (Prop_lut3_I1_O)        0.310    50.854 r  u_soa/u_core/u_scorer/score_o[4][15]_i_99/O
                         net (fo=7, routed)           0.694    51.548    u_soa/u_core/u_scorer/score_o[4][15]_i_99_n_0
    SLICE_X10Y114        LUT6 (Prop_lut6_I0_O)        0.124    51.672 r  u_soa/u_core/u_scorer/score_o[4][15]_i_30/O
                         net (fo=102, routed)         1.092    52.763    u_soa/u_core/u_scorer/score_o[4][15]_i_30_n_0
    SLICE_X12Y113        LUT3 (Prop_lut3_I1_O)        0.124    52.887 f  u_soa/u_core/u_scorer/id_o[6][0]_i_2/O
                         net (fo=5, routed)           1.170    54.058    u_soa/u_core/u_scorer/id_o[6][0]_i_2_n_0
    SLICE_X12Y109        LUT6 (Prop_lut6_I5_O)        0.124    54.182 r  u_soa/u_core/u_scorer/score_o[6][15]_i_98/O
                         net (fo=1, routed)           0.543    54.724    u_soa/u_core/u_scorer/score_o[6][15]_i_98_n_0
    SLICE_X13Y107        CARRY4 (Prop_carry4_DI[0]_CO[3])
                                                      0.526    55.250 r  u_soa/u_core/u_scorer/score_o_reg[6][15]_i_76/CO[3]
                         net (fo=1, routed)           0.000    55.250    u_soa/u_core/u_scorer/score_o_reg[6][15]_i_76_n_0
    SLICE_X13Y108        CARRY4 (Prop_carry4_CI_CO[3])
                                                      0.114    55.364 r  u_soa/u_core/u_scorer/score_o_reg[6][15]_i_47/CO[3]
                         net (fo=1, routed)           0.000    55.364    u_soa/u_core/u_scorer/score_o_reg[6][15]_i_47_n_0
    SLICE_X13Y109        CARRY4 (Prop_carry4_CI_CO[3])
                                                      0.114    55.478 r  u_soa/u_core/u_scorer/score_o_reg[6][15]_i_22/CO[3]
                         net (fo=1, routed)           0.000    55.478    u_soa/u_core/u_scorer/score_o_reg[6][15]_i_22_n_0
    SLICE_X13Y110        CARRY4 (Prop_carry4_CI_CO[3])
                                                      0.114    55.592 r  u_soa/u_core/u_scorer/score_o_reg[6][15]_i_11/CO[3]
                         net (fo=1, routed)           1.024    56.616    u_soa/u_core/u_scorer/score_o_reg[6][15]_i_11_n_0
    SLICE_X8Y111         LUT3 (Prop_lut3_I0_O)        0.124    56.740 r  u_soa/u_core/u_scorer/score_o[6][15]_i_5/O
                         net (fo=1, routed)           0.670    57.411    u_soa/u_core/u_scorer/score_o[6][15]_i_5_n_0
    SLICE_X8Y111         LUT6 (Prop_lut6_I0_O)        0.124    57.535 r  u_soa/u_core/u_scorer/score_o[6][15]_i_3/O
                         net (fo=96, routed)          1.149    58.683    u_soa/u_core/u_scorer/score_o[6][15]_i_3_n_0
    SLICE_X7Y110         LUT3 (Prop_lut3_I2_O)        0.152    58.835 r  u_soa/u_core/u_scorer/id_o[7][12]_i_1/O
                         net (fo=1, routed)           0.000    58.835    u_soa/u_core/u_topk/id_o_reg[7][31]_1[12]
    SLICE_X7Y110         FDCE                                         r  u_soa/u_core/u_topk/id_o_reg[7][12]/D
  -------------------------------------------------------------------    -------------------

                         (clock clk rise edge)       10.000    10.000 r  <hidden>
                                                      0.000    10.000 r  clk
                         net (fo=52181, unset)        0.924    10.924    u_soa/u_core/u_topk/clk
    SLICE_X7Y110         FDCE                                         r  u_soa/u_core/u_topk/id_o_reg[7][12]/C
                         clock pessimism              0.000    10.924    <hidden>
                         clock uncertainty           -0.035    10.889    <hidden>
    SLICE_X7Y110         FDCE (Setup_fdce_C_D)        0.075    10.964    u_soa/u_core/u_topk/id_o_reg[7][12]
  -------------------------------------------------------------------
                         required time                         10.964    <hidden>
                         arrival time                         -58.835    <hidden>
  -------------------------------------------------------------------
                         slack                                -47.871    <hidden>

Slack (VIOLATED) :        -47.870ns  (required time - arrival time)
  Source:                 u_soa/u_core/u_scorer/g_lane[15].u_lane/score_o_reg[2]/C
                            (rising edge-triggered cell FDCE clocked by clk  {rise@0.000ns fall@5.000ns period=10.000ns})
  Destination:            u_soa/u_core/u_topk/id_o_reg[7][24]/D
                            (rising edge-triggered cell FDCE clocked by clk  {rise@0.000ns fall@5.000ns period=10.000ns})
  Path Group:             clk
  Path Type:              Setup (Max at Slow Process Corner)
  Requirement:            10.000ns  (clk rise@10.000ns - clk rise@0.000ns)
  Data Path Delay:        57.861ns  (logic 14.475ns (25.017%)  route 43.386ns (74.983%))
  Logic Levels:           59  (CARRY4=22 LUT2=2 LUT3=11 LUT4=5 LUT5=4 LUT6=15)
  Clock Path Skew:        -0.049ns (DCD - SCD + CPR)
    Destination Clock Delay (DCD):    0.924ns = ( 10.924 - 10.000 ) 
    Source Clock Delay      (SCD):    0.973ns
    Clock Pessimism Removal (CPR):    0.000ns
  Clock Uncertainty:      0.035ns  ((TSJ^2 + TIJ^2)^1/2 + DJ) / 2 + PE
    Total System Jitter     (TSJ):    0.071ns
    Total Input Jitter      (TIJ):    0.000ns
    Discrete Jitter          (DJ):    0.000ns
    Phase Error              (PE):    0.000ns

    Location             Delay type                Incr(ns)  Path(ns)    Netlist Resource(s)
  -------------------------------------------------------------------    -------------------
                         (clock clk rise edge)        0.000     0.000 r  <hidden>
                                                      0.000     0.000 r  clk
                         net (fo=52181, unset)        0.973     0.973    u_soa/u_core/u_scorer/g_lane[15].u_lane/clk
    SLICE_X38Y149        FDCE                                         r  u_soa/u_core/u_scorer/g_lane[15].u_lane/score_o_reg[2]/C
  -------------------------------------------------------------------    -------------------
    SLICE_X38Y149        FDCE (Prop_fdce_C_Q)         0.478     1.451 r  u_soa/u_core/u_scorer/g_lane[15].u_lane/score_o_reg[2]/Q
                         net (fo=7, routed)           1.183     2.634    u_soa/u_core/u_scorer/sc_score[15]_215[2]
    SLICE_X39Y145        LUT4 (Prop_lut4_I2_O)        0.301     2.935 r  u_soa/u_core/u_scorer/score_o[0][15]_i_2272/O
                         net (fo=1, routed)           0.000     2.935    u_soa/u_core/u_scorer/score_o[0][15]_i_2272_n_0
    SLICE_X39Y145        CARRY4 (Prop_carry4_S[1]_CO[3])
                                                      0.550     3.485 r  u_soa/u_core/u_scorer/score_o_reg[0][15]_i_1741/CO[3]
                         net (fo=1, routed)           0.000     3.485    u_soa/u_core/u_scorer/score_o_reg[0][15]_i_1741_n_0
    SLICE_X39Y146        CARRY4 (Prop_carry4_CI_CO[3])
                                                      0.114     3.599 r  u_soa/u_core/u_scorer/score_o_reg[0][15]_i_1172/CO[3]
                         net (fo=69, routed)          1.442     5.041    u_soa/u_core/u_scorer/score_o_reg[0][15]_i_1172_n_0
    SLICE_X41Y150        LUT4 (Prop_lut4_I3_O)        0.124     5.165 r  u_soa/u_core/u_scorer/score_o[0][15]_i_715/O
                         net (fo=85, routed)          1.345     6.510    u_soa/u_core/u_scorer/score_o[0][15]_i_715_n_0
    SLICE_X46Y148        LUT3 (Prop_lut3_I1_O)        0.124     6.634 f  u_soa/u_core/u_scorer/score_o[0][1]_i_107/O
                         net (fo=2, routed)           0.724     7.358    u_soa/u_core/u_scorer/score_o[0][1]_i_107_n_0
    SLICE_X48Y146        LUT6 (Prop_lut6_I1_O)        0.124     7.482 r  u_soa/u_core/u_scorer/score_o[4][15]_i_2352/O
                         net (fo=1, routed)           0.914     8.396    u_soa/u_core/u_scorer/score_o[4][15]_i_2352_n_0
    SLICE_X46Y143        CARRY4 (Prop_carry4_DI[0]_CO[3])
                                                      0.550     8.946 r  u_soa/u_core/u_scorer/score_o_reg[4][15]_i_1660/CO[3]
                         net (fo=1, routed)           0.000     8.946    u_soa/u_core/u_scorer/score_o_reg[4][15]_i_1660_n_0
    SLICE_X46Y144        CARRY4 (Prop_carry4_CI_CO[3])
                                                      0.117     9.063 f  u_soa/u_core/u_scorer/score_o_reg[4][15]_i_974/CO[3]
                         net (fo=2, routed)           1.345    10.408    u_soa/u_core/u_scorer/score_o_reg[4][15]_i_974_n_0
    SLICE_X33Y147        LUT4 (Prop_lut4_I0_O)        0.124    10.532 r  u_soa/u_core/u_scorer/score_o[0][15]_i_595/O
                         net (fo=81, routed)          1.306    11.839    u_soa/u_core/u_scorer/score_o[0][15]_i_595_n_0
    SLICE_X41Y149        LUT5 (Prop_lut5_I3_O)        0.124    11.963 r  u_soa/u_core/u_scorer/id_o[0][21]_i_92/O
                         net (fo=4, routed)           0.722    12.685    u_soa/u_core/u_scorer/id_o[0][21]_i_92_n_0
    SLICE_X40Y144        LUT6 (Prop_lut6_I5_O)        0.124    12.809 f  u_soa/u_core/u_scorer/score_o[0][15]_i_2572/O
                         net (fo=2, routed)           0.968    13.777    u_soa/u_core/u_scorer/score_o[0][15]_i_2572_n_0
    SLICE_X41Y140        LUT5 (Prop_lut5_I4_O)        0.124    13.901 r  u_soa/u_core/u_scorer/score_o[0][15]_i_2286/O
                         net (fo=1, routed)           0.000    13.901    u_soa/u_core/u_scorer/score_o[0][15]_i_2286_n_0
    SLICE_X41Y140        CARRY4 (Prop_carry4_S[3]_CO[3])
                                                      0.401    14.302 r  u_soa/u_core/u_scorer/score_o_reg[0][15]_i_1768/CO[3]
                         net (fo=1, routed)           0.000    14.302    u_soa/u_core/u_scorer/score_o_reg[0][15]_i_1768_n_0
    SLICE_X41Y141        CARRY4 (Prop_carry4_CI_CO[2])
                                                      0.228    14.530 r  u_soa/u_core/u_scorer/score_o_reg[0][15]_i_1183/CO[2]
                         net (fo=1, routed)           0.692    15.221    u_soa/u_core/u_scorer/u_topk/p_132_out
    SLICE_X41Y145        LUT6 (Prop_lut6_I5_O)        0.313    15.534 r  u_soa/u_core/u_scorer/score_o[0][15]_i_718/O
                         net (fo=6, routed)           0.624    16.158    u_soa/u_core/u_scorer/score_o[0][15]_i_718_n_0
    SLICE_X43Y146        LUT3 (Prop_lut3_I1_O)        0.124    16.282 r  u_soa/u_core/u_scorer/score_o[0][15]_i_382/O
                         net (fo=102, routed)         1.481    17.763    u_soa/u_core/u_scorer/score_o[0][15]_i_382_n_0
    SLICE_X44Y141        LUT3 (Prop_lut3_I1_O)        0.152    17.915 r  u_soa/u_core/u_scorer/id_o[0][0]_i_70/O
                         net (fo=5, routed)           1.594    19.509    u_soa/u_core/u_scorer/id_o[0][0]_i_70_n_0
    SLICE_X46Y132        LUT6 (Prop_lut6_I2_O)        0.326    19.835 r  u_soa/u_core/u_scorer/score_o[0][15]_i_1824/O
                         net (fo=1, routed)           0.000    19.835    u_soa/u_core/u_scorer/score_o[0][15]_i_1824_n_0
    SLICE_X46Y132        CARRY4 (Prop_carry4_S[0]_CO[3])
                                                      0.513    20.348 r  u_soa/u_core/u_scorer/score_o_reg[0][15]_i_1252/CO[3]
                         net (fo=1, routed)           0.000    20.348    u_soa/u_core/u_scorer/score_o_reg[0][15]_i_1252_n_0
    SLICE_X46Y133        CARRY4 (Prop_carry4_CI_CO[3])
                                                      0.117    20.465 r  u_soa/u_core/u_scorer/score_o_reg[0][15]_i_776/CO[3]
                         net (fo=1, routed)           0.000    20.465    u_soa/u_core/u_scorer/score_o_reg[0][15]_i_776_n_0
    SLICE_X46Y134        CARRY4 (Prop_carry4_CI_CO[2])
                                                      0.229    20.694 f  u_soa/u_core/u_scorer/score_o_reg[0][15]_i_419/CO[2]
                         net (fo=71, routed)          1.176    21.870    u_soa/u_core/u_scorer/u_topk/p_111_out
    SLICE_X49Y137        LUT4 (Prop_lut4_I2_O)        0.310    22.180 r  u_soa/u_core/u_scorer/score_o[0][15]_i_198/O
                         net (fo=72, routed)          1.291    23.471    u_soa/u_core/u_scorer/score_o[0][15]_i_198_n_0
    SLICE_X50Y148        LUT3 (Prop_lut3_I1_O)        0.150    23.621 f  u_soa/u_core/u_scorer/score_o[0][10]_i_63/O
                         net (fo=5, routed)           0.885    24.506    u_soa/u_core/u_scorer/score_o[0][10]_i_63_n_0
    SLICE_X51Y140        LUT6 (Prop_lut6_I5_O)        0.328    24.834 r  u_soa/u_core/u_scorer/score_o[0][15]_i_873/O
                         net (fo=1, routed)           1.272    26.106    u_soa/u_core/u_scorer/score_o[0][15]_i_873_n_0
    SLICE_X50Y128        CARRY4 (Prop_carry4_DI[1]_CO[3])
                                                      0.520    26.626 r  u_soa/u_core/u_scorer/score_o_reg[0][15]_i_479/CO[3]
                         net (fo=2, routed)           1.451    28.077    u_soa/u_core/u_scorer/score_o_reg[0][15]_i_479_n_0
    SLICE_X51Y135        LUT6 (Prop_lut6_I0_O)        0.124    28.201 r  u_soa/u_core/u_scorer/score_o[0][15]_i_216/O
                         net (fo=189, routed)         1.976    30.178    u_soa/u_core/u_scorer/score_o[0][15]_i_216_n_0
    SLICE_X54Y128        LUT5 (Prop_lut5_I3_O)        0.152    30.330 r  u_soa/u_core/u_scorer/score_o[0][3]_i_30/O
                         net (fo=5, routed)           0.885    31.215    u_soa/u_core/u_scorer/score_o[0][3]_i_30_n_0
    SLICE_X55Y125        LUT6 (Prop_lut6_I3_O)        0.348    31.563 r  u_soa/u_core/u_scorer/score_o[0][15]_i_1365/O
                         net (fo=1, routed)           0.705    32.268    u_soa/u_core/u_scorer/score_o[0][15]_i_1365_n_0
    SLICE_X55Y122        CARRY4 (Prop_carry4_DI[1]_CO[3])
                                                      0.507    32.775 r  u_soa/u_core/u_scorer/score_o_reg[0][15]_i_861/CO[3]
                         net (fo=1, routed)           0.000    32.775    u_soa/u_core/u_scorer/score_o_reg[0][15]_i_861_n_0
    SLICE_X55Y123        CARRY4 (Prop_carry4_CI_CO[3])
                                                      0.114    32.889 r  u_soa/u_core/u_scorer/score_o_reg[0][15]_i_478/CO[3]
                         net (fo=1, routed)           1.000    33.889    u_soa/u_core/u_scorer/score_o_reg[0][15]_i_478_n_0
    SLICE_X56Y130        LUT2 (Prop_lut2_I1_O)        0.124    34.013 f  u_soa/u_core/u_scorer/score_o[0][15]_i_215/O
                         net (fo=1, routed)           0.826    34.839    u_soa/u_core/u_scorer/score_o[0][15]_i_215_n_0
    SLICE_X50Y130        LUT6 (Prop_lut6_I5_O)        0.124    34.963 r  u_soa/u_core/u_scorer/score_o[0][15]_i_98/O
                         net (fo=105, routed)         1.369    36.332    u_soa/u_core/u_scorer/score_o[0][15]_i_98_n_0
    SLICE_X50Y125        LUT3 (Prop_lut3_I1_O)        0.150    36.482 r  u_soa/u_core/u_scorer/score_o[0][4]_i_31/O
                         net (fo=4, routed)           1.398    37.880    u_soa/u_core/u_scorer/score_o[0][4]_i_31_n_0
    SLICE_X40Y115        LUT6 (Prop_lut6_I2_O)        0.355    38.235 r  u_soa/u_core/u_scorer/score_o[0][15]_i_623/O
                         net (fo=1, routed)           0.000    38.235    u_soa/u_core/u_scorer/score_o[0][15]_i_623_n_0
    SLICE_X40Y115        CARRY4 (Prop_carry4_S[1]_CO[3])
                                                      0.550    38.785 r  u_soa/u_core/u_scorer/score_o_reg[0][15]_i_323/CO[3]
                         net (fo=1, routed)           0.000    38.785    u_soa/u_core/u_scorer/score_o_reg[0][15]_i_323_n_0
    SLICE_X40Y116        CARRY4 (Prop_carry4_CI_CO[1])
                                                      0.157    38.942 r  u_soa/u_core/u_scorer/score_o_reg[0][15]_i_151/CO[1]
                         net (fo=37, routed)          0.980    39.922    u_soa/u_core/u_scorer/score_o_reg[0][15]_i_151_n_2
    SLICE_X41Y117        LUT4 (Prop_lut4_I3_O)        0.329    40.251 r  u_soa/u_core/u_scorer/score_o[0][15]_i_76/O
                         net (fo=46, routed)          1.288    41.539    u_soa/u_core/u_scorer/score_o[0][15]_i_76_n_0
    SLICE_X35Y114        LUT3 (Prop_lut3_I1_O)        0.152    41.691 r  u_soa/u_core/u_scorer/score_o[0][6]_i_15/O
                         net (fo=5, routed)           0.955    42.646    u_soa/u_core/u_scorer/score_o[0][6]_i_15_n_0
    SLICE_X29Y114        LUT6 (Prop_lut6_I4_O)        0.332    42.978 r  u_soa/u_core/u_scorer/score_o[0][15]_i_827/O
                         net (fo=1, routed)           0.000    42.978    u_soa/u_core/u_scorer/score_o[0][15]_i_827_n_0
    SLICE_X29Y114        CARRY4 (Prop_carry4_S[2]_CO[3])
                                                      0.398    43.376 r  u_soa/u_core/u_scorer/score_o_reg[0][15]_i_450/CO[3]
                         net (fo=1, routed)           0.000    43.376    u_soa/u_core/u_scorer/score_o_reg[0][15]_i_450_n_0
    SLICE_X29Y115        CARRY4 (Prop_carry4_CI_CO[1])
                                                      0.157    43.533 f  u_soa/u_core/u_scorer/score_o_reg[0][15]_i_208/CO[1]
                         net (fo=2, routed)           1.036    44.568    u_soa/u_core/u_scorer/score_o_reg[0][15]_i_208_n_2
    SLICE_X11Y114        LUT2 (Prop_lut2_I0_O)        0.329    44.897 f  u_soa/u_core/u_scorer/score_o[0][15]_i_96/O
                         net (fo=10, routed)          0.995    45.892    u_soa/u_core/u_scorer/score_o[0][15]_i_96_n_0
    SLICE_X11Y117        LUT6 (Prop_lut6_I5_O)        0.124    46.016 r  u_soa/u_core/u_scorer/score_o[0][15]_i_29/O
                         net (fo=118, routed)         0.997    47.012    u_soa/u_core/u_scorer/score_o[0][15]_i_29_n_0
    SLICE_X12Y118        LUT3 (Prop_lut3_I1_O)        0.116    47.128 r  u_soa/u_core/u_scorer/id_o[4][12]_i_5/O
                         net (fo=5, routed)           0.940    48.069    u_soa/u_core/u_scorer/id_o[4][12]_i_5_n_0
    SLICE_X9Y118         LUT6 (Prop_lut6_I4_O)        0.328    48.397 r  u_soa/u_core/u_scorer/score_o[4][15]_i_1941/O
                         net (fo=1, routed)           0.448    48.844    u_soa/u_core/u_scorer/score_o[4][15]_i_1941_n_0
    SLICE_X8Y115         LUT5 (Prop_lut5_I4_O)        0.124    48.968 r  u_soa/u_core/u_scorer/score_o[4][15]_i_1269/O
                         net (fo=1, routed)           0.000    48.968    u_soa/u_core/u_scorer/score_o[4][15]_i_1269_n_0
    SLICE_X8Y115         CARRY4 (Prop_carry4_S[0]_CO[3])
                                                      0.513    49.481 r  u_soa/u_core/u_scorer/score_o_reg[4][15]_i_749/CO[3]
                         net (fo=1, routed)           0.000    49.481    u_soa/u_core/u_scorer/score_o_reg[4][15]_i_749_n_0
    SLICE_X8Y116         CARRY4 (Prop_carry4_CI_CO[2])
                                                      0.229    49.710 r  u_soa/u_core/u_scorer/score_o_reg[4][15]_i_320/CO[2]
                         net (fo=2, routed)           0.834    50.544    u_soa/u_core/u_scorer/score_o_reg[4][15]_i_320_n_1
    SLICE_X10Y116        LUT3 (Prop_lut3_I1_O)        0.310    50.854 r  u_soa/u_core/u_scorer/score_o[4][15]_i_99/O
                         net (fo=7, routed)           0.694    51.548    u_soa/u_core/u_scorer/score_o[4][15]_i_99_n_0
    SLICE_X10Y114        LUT6 (Prop_lut6_I0_O)        0.124    51.672 r  u_soa/u_core/u_scorer/score_o[4][15]_i_30/O
                         net (fo=102, routed)         1.092    52.763    u_soa/u_core/u_scorer/score_o[4][15]_i_30_n_0
    SLICE_X12Y113        LUT3 (Prop_lut3_I1_O)        0.124    52.887 f  u_soa/u_core/u_scorer/id_o[6][0]_i_2/O
                         net (fo=5, routed)           1.170    54.058    u_soa/u_core/u_scorer/id_o[6][0]_i_2_n_0
    SLICE_X12Y109        LUT6 (Prop_lut6_I5_O)        0.124    54.182 r  u_soa/u_core/u_scorer/score_o[6][15]_i_98/O
                         net (fo=1, routed)           0.543    54.724    u_soa/u_core/u_scorer/score_o[6][15]_i_98_n_0
    SLICE_X13Y107        CARRY4 (Prop_carry4_DI[0]_CO[3])
                                                      0.526    55.250 r  u_soa/u_core/u_scorer/score_o_reg[6][15]_i_76/CO[3]
                         net (fo=1, routed)           0.000    55.250    u_soa/u_core/u_scorer/score_o_reg[6][15]_i_76_n_0
    SLICE_X13Y108        CARRY4 (Prop_carry4_CI_CO[3])
                                                      0.114    55.364 r  u_soa/u_core/u_scorer/score_o_reg[6][15]_i_47/CO[3]
                         net (fo=1, routed)           0.000    55.364    u_soa/u_core/u_scorer/score_o_reg[6][15]_i_47_n_0
    SLICE_X13Y109        CARRY4 (Prop_carry4_CI_CO[3])
                                                      0.114    55.478 r  u_soa/u_core/u_scorer/score_o_reg[6][15]_i_22/CO[3]
                         net (fo=1, routed)           0.000    55.478    u_soa/u_core/u_scorer/score_o_reg[6][15]_i_22_n_0
    SLICE_X13Y110        CARRY4 (Prop_carry4_CI_CO[3])
                                                      0.114    55.592 r  u_soa/u_core/u_scorer/score_o_reg[6][15]_i_11/CO[3]
                         net (fo=1, routed)           1.024    56.616    u_soa/u_core/u_scorer/score_o_reg[6][15]_i_11_n_0
    SLICE_X8Y111         LUT3 (Prop_lut3_I0_O)        0.124    56.740 r  u_soa/u_core/u_scorer/score_o[6][15]_i_5/O
                         net (fo=1, routed)           0.670    57.411    u_soa/u_core/u_scorer/score_o[6][15]_i_5_n_0
    SLICE_X8Y111         LUT6 (Prop_lut6_I0_O)        0.124    57.535 r  u_soa/u_core/u_scorer/score_o[6][15]_i_3/O
                         net (fo=96, routed)          1.148    58.682    u_soa/u_core/u_scorer/score_o[6][15]_i_3_n_0
    SLICE_X7Y110         LUT3 (Prop_lut3_I2_O)        0.152    58.834 r  u_soa/u_core/u_scorer/id_o[7][24]_i_1/O
                         net (fo=1, routed)           0.000    58.834    u_soa/u_core/u_topk/id_o_reg[7][31]_1[24]
    SLICE_X7Y110         FDCE                                         r  u_soa/u_core/u_topk/id_o_reg[7][24]/D
  -------------------------------------------------------------------    -------------------

                         (clock clk rise edge)       10.000    10.000 r  <hidden>
                                                      0.000    10.000 r  clk
                         net (fo=52181, unset)        0.924    10.924    u_soa/u_core/u_topk/clk
    SLICE_X7Y110         FDCE                                         r  u_soa/u_core/u_topk/id_o_reg[7][24]/C
                         clock pessimism              0.000    10.924    <hidden>
                         clock uncertainty           -0.035    10.889    <hidden>
    SLICE_X7Y110         FDCE (Setup_fdce_C_D)        0.075    10.964    u_soa/u_core/u_topk/id_o_reg[7][24]
  -------------------------------------------------------------------
                         required time                         10.964    <hidden>
                         arrival time                         -58.834    <hidden>
  -------------------------------------------------------------------
                         slack                                -47.870    <hidden>

Slack (VIOLATED) :        -47.865ns  (required time - arrival time)
  Source:                 u_soa/u_core/u_scorer/g_lane[15].u_lane/score_o_reg[2]/C
                            (rising edge-triggered cell FDCE clocked by clk  {rise@0.000ns fall@5.000ns period=10.000ns})
  Destination:            u_soa/u_core/u_topk/score_o_reg[7][11]/D
                            (rising edge-triggered cell FDCE clocked by clk  {rise@0.000ns fall@5.000ns period=10.000ns})
  Path Group:             clk
  Path Type:              Setup (Max at Slow Process Corner)
  Requirement:            10.000ns  (clk rise@10.000ns - clk rise@0.000ns)
  Data Path Delay:        57.856ns  (logic 14.473ns (25.015%)  route 43.383ns (74.985%))
  Logic Levels:           59  (CARRY4=22 LUT2=2 LUT3=11 LUT4=5 LUT5=4 LUT6=15)
  Clock Path Skew:        -0.049ns (DCD - SCD + CPR)
    Destination Clock Delay (DCD):    0.924ns = ( 10.924 - 10.000 ) 
    Source Clock Delay      (SCD):    0.973ns
    Clock Pessimism Removal (CPR):    0.000ns
  Clock Uncertainty:      0.035ns  ((TSJ^2 + TIJ^2)^1/2 + DJ) / 2 + PE
    Total System Jitter     (TSJ):    0.071ns
    Total Input Jitter      (TIJ):    0.000ns
    Discrete Jitter          (DJ):    0.000ns
    Phase Error              (PE):    0.000ns

    Location             Delay type                Incr(ns)  Path(ns)    Netlist Resource(s)
  -------------------------------------------------------------------    -------------------
                         (clock clk rise edge)        0.000     0.000 r  <hidden>
                                                      0.000     0.000 r  clk
                         net (fo=52181, unset)        0.973     0.973    u_soa/u_core/u_scorer/g_lane[15].u_lane/clk
    SLICE_X38Y149        FDCE                                         r  u_soa/u_core/u_scorer/g_lane[15].u_lane/score_o_reg[2]/C
  -------------------------------------------------------------------    -------------------
    SLICE_X38Y149        FDCE (Prop_fdce_C_Q)         0.478     1.451 r  u_soa/u_core/u_scorer/g_lane[15].u_lane/score_o_reg[2]/Q
                         net (fo=7, routed)           1.183     2.634    u_soa/u_core/u_scorer/sc_score[15]_215[2]
    SLICE_X39Y145        LUT4 (Prop_lut4_I2_O)        0.301     2.935 r  u_soa/u_core/u_scorer/score_o[0][15]_i_2272/O
                         net (fo=1, routed)           0.000     2.935    u_soa/u_core/u_scorer/score_o[0][15]_i_2272_n_0
    SLICE_X39Y145        CARRY4 (Prop_carry4_S[1]_CO[3])
                                                      0.550     3.485 r  u_soa/u_core/u_scorer/score_o_reg[0][15]_i_1741/CO[3]
                         net (fo=1, routed)           0.000     3.485    u_soa/u_core/u_scorer/score_o_reg[0][15]_i_1741_n_0
    SLICE_X39Y146        CARRY4 (Prop_carry4_CI_CO[3])
                                                      0.114     3.599 r  u_soa/u_core/u_scorer/score_o_reg[0][15]_i_1172/CO[3]
                         net (fo=69, routed)          1.442     5.041    u_soa/u_core/u_scorer/score_o_reg[0][15]_i_1172_n_0
    SLICE_X41Y150        LUT4 (Prop_lut4_I3_O)        0.124     5.165 r  u_soa/u_core/u_scorer/score_o[0][15]_i_715/O
                         net (fo=85, routed)          1.345     6.510    u_soa/u_core/u_scorer/score_o[0][15]_i_715_n_0
    SLICE_X46Y148        LUT3 (Prop_lut3_I1_O)        0.124     6.634 f  u_soa/u_core/u_scorer/score_o[0][1]_i_107/O
                         net (fo=2, routed)           0.724     7.358    u_soa/u_core/u_scorer/score_o[0][1]_i_107_n_0
    SLICE_X48Y146        LUT6 (Prop_lut6_I1_O)        0.124     7.482 r  u_soa/u_core/u_scorer/score_o[4][15]_i_2352/O
                         net (fo=1, routed)           0.914     8.396    u_soa/u_core/u_scorer/score_o[4][15]_i_2352_n_0
    SLICE_X46Y143        CARRY4 (Prop_carry4_DI[0]_CO[3])
                                                      0.550     8.946 r  u_soa/u_core/u_scorer/score_o_reg[4][15]_i_1660/CO[3]
                         net (fo=1, routed)           0.000     8.946    u_soa/u_core/u_scorer/score_o_reg[4][15]_i_1660_n_0
    SLICE_X46Y144        CARRY4 (Prop_carry4_CI_CO[3])
                                                      0.117     9.063 f  u_soa/u_core/u_scorer/score_o_reg[4][15]_i_974/CO[3]
                         net (fo=2, routed)           1.345    10.408    u_soa/u_core/u_scorer/score_o_reg[4][15]_i_974_n_0
    SLICE_X33Y147        LUT4 (Prop_lut4_I0_O)        0.124    10.532 r  u_soa/u_core/u_scorer/score_o[0][15]_i_595/O
                         net (fo=81, routed)          1.306    11.839    u_soa/u_core/u_scorer/score_o[0][15]_i_595_n_0
    SLICE_X41Y149        LUT5 (Prop_lut5_I3_O)        0.124    11.963 r  u_soa/u_core/u_scorer/id_o[0][21]_i_92/O
                         net (fo=4, routed)           0.722    12.685    u_soa/u_core/u_scorer/id_o[0][21]_i_92_n_0
    SLICE_X40Y144        LUT6 (Prop_lut6_I5_O)        0.124    12.809 f  u_soa/u_core/u_scorer/score_o[0][15]_i_2572/O
                         net (fo=2, routed)           0.968    13.777    u_soa/u_core/u_scorer/score_o[0][15]_i_2572_n_0
    SLICE_X41Y140        LUT5 (Prop_lut5_I4_O)        0.124    13.901 r  u_soa/u_core/u_scorer/score_o[0][15]_i_2286/O
                         net (fo=1, routed)           0.000    13.901    u_soa/u_core/u_scorer/score_o[0][15]_i_2286_n_0
    SLICE_X41Y140        CARRY4 (Prop_carry4_S[3]_CO[3])
                                                      0.401    14.302 r  u_soa/u_core/u_scorer/score_o_reg[0][15]_i_1768/CO[3]
                         net (fo=1, routed)           0.000    14.302    u_soa/u_core/u_scorer/score_o_reg[0][15]_i_1768_n_0
    SLICE_X41Y141        CARRY4 (Prop_carry4_CI_CO[2])
                                                      0.228    14.530 r  u_soa/u_core/u_scorer/score_o_reg[0][15]_i_1183/CO[2]
                         net (fo=1, routed)           0.692    15.221    u_soa/u_core/u_scorer/u_topk/p_132_out
    SLICE_X41Y145        LUT6 (Prop_lut6_I5_O)        0.313    15.534 r  u_soa/u_core/u_scorer/score_o[0][15]_i_718/O
                         net (fo=6, routed)           0.624    16.158    u_soa/u_core/u_scorer/score_o[0][15]_i_718_n_0
    SLICE_X43Y146        LUT3 (Prop_lut3_I1_O)        0.124    16.282 r  u_soa/u_core/u_scorer/score_o[0][15]_i_382/O
                         net (fo=102, routed)         1.481    17.763    u_soa/u_core/u_scorer/score_o[0][15]_i_382_n_0
    SLICE_X44Y141        LUT3 (Prop_lut3_I1_O)        0.152    17.915 r  u_soa/u_core/u_scorer/id_o[0][0]_i_70/O
                         net (fo=5, routed)           1.594    19.509    u_soa/u_core/u_scorer/id_o[0][0]_i_70_n_0
    SLICE_X46Y132        LUT6 (Prop_lut6_I2_O)        0.326    19.835 r  u_soa/u_core/u_scorer/score_o[0][15]_i_1824/O
                         net (fo=1, routed)           0.000    19.835    u_soa/u_core/u_scorer/score_o[0][15]_i_1824_n_0
    SLICE_X46Y132        CARRY4 (Prop_carry4_S[0]_CO[3])
                                                      0.513    20.348 r  u_soa/u_core/u_scorer/score_o_reg[0][15]_i_1252/CO[3]
                         net (fo=1, routed)           0.000    20.348    u_soa/u_core/u_scorer/score_o_reg[0][15]_i_1252_n_0
    SLICE_X46Y133        CARRY4 (Prop_carry4_CI_CO[3])
                                                      0.117    20.465 r  u_soa/u_core/u_scorer/score_o_reg[0][15]_i_776/CO[3]
                         net (fo=1, routed)           0.000    20.465    u_soa/u_core/u_scorer/score_o_reg[0][15]_i_776_n_0
    SLICE_X46Y134        CARRY4 (Prop_carry4_CI_CO[2])
                                                      0.229    20.694 f  u_soa/u_core/u_scorer/score_o_reg[0][15]_i_419/CO[2]
                         net (fo=71, routed)          1.176    21.870    u_soa/u_core/u_scorer/u_topk/p_111_out
    SLICE_X49Y137        LUT4 (Prop_lut4_I2_O)        0.310    22.180 r  u_soa/u_core/u_scorer/score_o[0][15]_i_198/O
                         net (fo=72, routed)          1.291    23.471    u_soa/u_core/u_scorer/score_o[0][15]_i_198_n_0
    SLICE_X50Y148        LUT3 (Prop_lut3_I1_O)        0.150    23.621 f  u_soa/u_core/u_scorer/score_o[0][10]_i_63/O
                         net (fo=5, routed)           0.885    24.506    u_soa/u_core/u_scorer/score_o[0][10]_i_63_n_0
    SLICE_X51Y140        LUT6 (Prop_lut6_I5_O)        0.328    24.834 r  u_soa/u_core/u_scorer/score_o[0][15]_i_873/O
                         net (fo=1, routed)           1.272    26.106    u_soa/u_core/u_scorer/score_o[0][15]_i_873_n_0
    SLICE_X50Y128        CARRY4 (Prop_carry4_DI[1]_CO[3])
                                                      0.520    26.626 r  u_soa/u_core/u_scorer/score_o_reg[0][15]_i_479/CO[3]
                         net (fo=2, routed)           1.451    28.077    u_soa/u_core/u_scorer/score_o_reg[0][15]_i_479_n_0
    SLICE_X51Y135        LUT6 (Prop_lut6_I0_O)        0.124    28.201 r  u_soa/u_core/u_scorer/score_o[0][15]_i_216/O
                         net (fo=189, routed)         1.976    30.178    u_soa/u_core/u_scorer/score_o[0][15]_i_216_n_0
    SLICE_X54Y128        LUT5 (Prop_lut5_I3_O)        0.152    30.330 r  u_soa/u_core/u_scorer/score_o[0][3]_i_30/O
                         net (fo=5, routed)           0.885    31.215    u_soa/u_core/u_scorer/score_o[0][3]_i_30_n_0
    SLICE_X55Y125        LUT6 (Prop_lut6_I3_O)        0.348    31.563 r  u_soa/u_core/u_scorer/score_o[0][15]_i_1365/O
                         net (fo=1, routed)           0.705    32.268    u_soa/u_core/u_scorer/score_o[0][15]_i_1365_n_0
    SLICE_X55Y122        CARRY4 (Prop_carry4_DI[1]_CO[3])
                                                      0.507    32.775 r  u_soa/u_core/u_scorer/score_o_reg[0][15]_i_861/CO[3]
                         net (fo=1, routed)           0.000    32.775    u_soa/u_core/u_scorer/score_o_reg[0][15]_i_861_n_0
    SLICE_X55Y123        CARRY4 (Prop_carry4_CI_CO[3])
                                                      0.114    32.889 r  u_soa/u_core/u_scorer/score_o_reg[0][15]_i_478/CO[3]
                         net (fo=1, routed)           1.000    33.889    u_soa/u_core/u_scorer/score_o_reg[0][15]_i_478_n_0
    SLICE_X56Y130        LUT2 (Prop_lut2_I1_O)        0.124    34.013 f  u_soa/u_core/u_scorer/score_o[0][15]_i_215/O
                         net (fo=1, routed)           0.826    34.839    u_soa/u_core/u_scorer/score_o[0][15]_i_215_n_0
    SLICE_X50Y130        LUT6 (Prop_lut6_I5_O)        0.124    34.963 r  u_soa/u_core/u_scorer/score_o[0][15]_i_98/O
                         net (fo=105, routed)         1.369    36.332    u_soa/u_core/u_scorer/score_o[0][15]_i_98_n_0
    SLICE_X50Y125        LUT3 (Prop_lut3_I1_O)        0.150    36.482 r  u_soa/u_core/u_scorer/score_o[0][4]_i_31/O
                         net (fo=4, routed)           1.398    37.880    u_soa/u_core/u_scorer/score_o[0][4]_i_31_n_0
    SLICE_X40Y115        LUT6 (Prop_lut6_I2_O)        0.355    38.235 r  u_soa/u_core/u_scorer/score_o[0][15]_i_623/O
                         net (fo=1, routed)           0.000    38.235    u_soa/u_core/u_scorer/score_o[0][15]_i_623_n_0
    SLICE_X40Y115        CARRY4 (Prop_carry4_S[1]_CO[3])
                                                      0.550    38.785 r  u_soa/u_core/u_scorer/score_o_reg[0][15]_i_323/CO[3]
                         net (fo=1, routed)           0.000    38.785    u_soa/u_core/u_scorer/score_o_reg[0][15]_i_323_n_0
    SLICE_X40Y116        CARRY4 (Prop_carry4_CI_CO[1])
                                                      0.157    38.942 r  u_soa/u_core/u_scorer/score_o_reg[0][15]_i_151/CO[1]
                         net (fo=37, routed)          0.980    39.922    u_soa/u_core/u_scorer/score_o_reg[0][15]_i_151_n_2
    SLICE_X41Y117        LUT4 (Prop_lut4_I3_O)        0.329    40.251 r  u_soa/u_core/u_scorer/score_o[0][15]_i_76/O
                         net (fo=46, routed)          1.288    41.539    u_soa/u_core/u_scorer/score_o[0][15]_i_76_n_0
    SLICE_X35Y114        LUT3 (Prop_lut3_I1_O)        0.152    41.691 r  u_soa/u_core/u_scorer/score_o[0][6]_i_15/O
                         net (fo=5, routed)           0.955    42.646    u_soa/u_core/u_scorer/score_o[0][6]_i_15_n_0
    SLICE_X29Y114        LUT6 (Prop_lut6_I4_O)        0.332    42.978 r  u_soa/u_core/u_scorer/score_o[0][15]_i_827/O
                         net (fo=1, routed)           0.000    42.978    u_soa/u_core/u_scorer/score_o[0][15]_i_827_n_0
    SLICE_X29Y114        CARRY4 (Prop_carry4_S[2]_CO[3])
                                                      0.398    43.376 r  u_soa/u_core/u_scorer/score_o_reg[0][15]_i_450/CO[3]
                         net (fo=1, routed)           0.000    43.376    u_soa/u_core/u_scorer/score_o_reg[0][15]_i_450_n_0
    SLICE_X29Y115        CARRY4 (Prop_carry4_CI_CO[1])
                                                      0.157    43.533 f  u_soa/u_core/u_scorer/score_o_reg[0][15]_i_208/CO[1]
                         net (fo=2, routed)           1.036    44.568    u_soa/u_core/u_scorer/score_o_reg[0][15]_i_208_n_2
    SLICE_X11Y114        LUT2 (Prop_lut2_I0_O)        0.329    44.897 f  u_soa/u_core/u_scorer/score_o[0][15]_i_96/O
                         net (fo=10, routed)          0.995    45.892    u_soa/u_core/u_scorer/score_o[0][15]_i_96_n_0
    SLICE_X11Y117        LUT6 (Prop_lut6_I5_O)        0.124    46.016 r  u_soa/u_core/u_scorer/score_o[0][15]_i_29/O
                         net (fo=118, routed)         0.997    47.012    u_soa/u_core/u_scorer/score_o[0][15]_i_29_n_0
    SLICE_X12Y118        LUT3 (Prop_lut3_I1_O)        0.116    47.128 r  u_soa/u_core/u_scorer/id_o[4][12]_i_5/O
                         net (fo=5, routed)           0.940    48.069    u_soa/u_core/u_scorer/id_o[4][12]_i_5_n_0
    SLICE_X9Y118         LUT6 (Prop_lut6_I4_O)        0.328    48.397 r  u_soa/u_core/u_scorer/score_o[4][15]_i_1941/O
                         net (fo=1, routed)           0.448    48.844    u_soa/u_core/u_scorer/score_o[4][15]_i_1941_n_0
    SLICE_X8Y115         LUT5 (Prop_lut5_I4_O)        0.124    48.968 r  u_soa/u_core/u_scorer/score_o[4][15]_i_1269/O
                         net (fo=1, routed)           0.000    48.968    u_soa/u_core/u_scorer/score_o[4][15]_i_1269_n_0
    SLICE_X8Y115         CARRY4 (Prop_carry4_S[0]_CO[3])
                                                      0.513    49.481 r  u_soa/u_core/u_scorer/score_o_reg[4][15]_i_749/CO[3]
                         net (fo=1, routed)           0.000    49.481    u_soa/u_core/u_scorer/score_o_reg[4][15]_i_749_n_0
    SLICE_X8Y116         CARRY4 (Prop_carry4_CI_CO[2])
                                                      0.229    49.710 r  u_soa/u_core/u_scorer/score_o_reg[4][15]_i_320/CO[2]
                         net (fo=2, routed)           0.834    50.544    u_soa/u_core/u_scorer/score_o_reg[4][15]_i_320_n_1
    SLICE_X10Y116        LUT3 (Prop_lut3_I1_O)        0.310    50.854 r  u_soa/u_core/u_scorer/score_o[4][15]_i_99/O
                         net (fo=7, routed)           0.694    51.548    u_soa/u_core/u_scorer/score_o[4][15]_i_99_n_0
    SLICE_X10Y114        LUT6 (Prop_lut6_I0_O)        0.124    51.672 r  u_soa/u_core/u_scorer/score_o[4][15]_i_30/O
                         net (fo=102, routed)         1.092    52.763    u_soa/u_core/u_scorer/score_o[4][15]_i_30_n_0
    SLICE_X12Y113        LUT3 (Prop_lut3_I1_O)        0.124    52.887 f  u_soa/u_core/u_scorer/id_o[6][0]_i_2/O
                         net (fo=5, routed)           1.170    54.058    u_soa/u_core/u_scorer/id_o[6][0]_i_2_n_0
    SLICE_X12Y109        LUT6 (Prop_lut6_I5_O)        0.124    54.182 r  u_soa/u_core/u_scorer/score_o[6][15]_i_98/O
                         net (fo=1, routed)           0.543    54.724    u_soa/u_core/u_scorer/score_o[6][15]_i_98_n_0
    SLICE_X13Y107        CARRY4 (Prop_carry4_DI[0]_CO[3])
                                                      0.526    55.250 r  u_soa/u_core/u_scorer/score_o_reg[6][15]_i_76/CO[3]
                         net (fo=1, routed)           0.000    55.250    u_soa/u_core/u_scorer/score_o_reg[6][15]_i_76_n_0
    SLICE_X13Y108        CARRY4 (Prop_carry4_CI_CO[3])
                                                      0.114    55.364 r  u_soa/u_core/u_scorer/score_o_reg[6][15]_i_47/CO[3]
                         net (fo=1, routed)           0.000    55.364    u_soa/u_core/u_scorer/score_o_reg[6][15]_i_47_n_0
    SLICE_X13Y109        CARRY4 (Prop_carry4_CI_CO[3])
                                                      0.114    55.478 r  u_soa/u_core/u_scorer/score_o_reg[6][15]_i_22/CO[3]
                         net (fo=1, routed)           0.000    55.478    u_soa/u_core/u_scorer/score_o_reg[6][15]_i_22_n_0
    SLICE_X13Y110        CARRY4 (Prop_carry4_CI_CO[3])
                                                      0.114    55.592 r  u_soa/u_core/u_scorer/score_o_reg[6][15]_i_11/CO[3]
                         net (fo=1, routed)           1.024    56.616    u_soa/u_core/u_scorer/score_o_reg[6][15]_i_11_n_0
    SLICE_X8Y111         LUT3 (Prop_lut3_I0_O)        0.124    56.740 r  u_soa/u_core/u_scorer/score_o[6][15]_i_5/O
                         net (fo=1, routed)           0.670    57.411    u_soa/u_core/u_scorer/score_o[6][15]_i_5_n_0
    SLICE_X8Y111         LUT6 (Prop_lut6_I0_O)        0.124    57.535 r  u_soa/u_core/u_scorer/score_o[6][15]_i_3/O
                         net (fo=96, routed)          1.145    58.679    u_soa/u_core/u_scorer/score_o[6][15]_i_3_n_0
    SLICE_X7Y109         LUT3 (Prop_lut3_I1_O)        0.150    58.829 r  u_soa/u_core/u_scorer/score_o[7][11]_i_1/O
                         net (fo=1, routed)           0.000    58.829    u_soa/u_core/u_topk/score_o_reg[7][15]_0[11]
    SLICE_X7Y109         FDCE                                         r  u_soa/u_core/u_topk/score_o_reg[7][11]/D
  -------------------------------------------------------------------    -------------------

                         (clock clk rise edge)       10.000    10.000 r  <hidden>
                                                      0.000    10.000 r  clk
                         net (fo=52181, unset)        0.924    10.924    u_soa/u_core/u_topk/clk
    SLICE_X7Y109         FDCE                                         r  u_soa/u_core/u_topk/score_o_reg[7][11]/C
                         clock pessimism              0.000    10.924    <hidden>
                         clock uncertainty           -0.035    10.889    <hidden>
    SLICE_X7Y109         FDCE (Setup_fdce_C_D)        0.075    10.964    u_soa/u_core/u_topk/score_o_reg[7][11]
  -------------------------------------------------------------------
                         required time                         10.964    <hidden>
                         arrival time                         -58.829    <hidden>
  -------------------------------------------------------------------
                         slack                                -47.865    <hidden>

Slack (VIOLATED) :        -47.863ns  (required time - arrival time)
  Source:                 u_soa/u_core/u_scorer/g_lane[15].u_lane/score_o_reg[2]/C
                            (rising edge-triggered cell FDCE clocked by clk  {rise@0.000ns fall@5.000ns period=10.000ns})
  Destination:            u_soa/u_core/u_topk/id_o_reg[7][0]/D
                            (rising edge-triggered cell FDCE clocked by clk  {rise@0.000ns fall@5.000ns period=10.000ns})
  Path Group:             clk
  Path Type:              Setup (Max at Slow Process Corner)
  Requirement:            10.000ns  (clk rise@10.000ns - clk rise@0.000ns)
  Data Path Delay:        57.854ns  (logic 14.475ns (25.020%)  route 43.379ns (74.980%))
  Logic Levels:           59  (CARRY4=22 LUT2=2 LUT3=11 LUT4=5 LUT5=4 LUT6=15)
  Clock Path Skew:        -0.049ns (DCD - SCD + CPR)
    Destination Clock Delay (DCD):    0.924ns = ( 10.924 - 10.000 ) 
    Source Clock Delay      (SCD):    0.973ns
    Clock Pessimism Removal (CPR):    0.000ns
  Clock Uncertainty:      0.035ns  ((TSJ^2 + TIJ^2)^1/2 + DJ) / 2 + PE
    Total System Jitter     (TSJ):    0.071ns
    Total Input Jitter      (TIJ):    0.000ns
    Discrete Jitter          (DJ):    0.000ns
    Phase Error              (PE):    0.000ns

    Location             Delay type                Incr(ns)  Path(ns)    Netlist Resource(s)
  -------------------------------------------------------------------    -------------------
                         (clock clk rise edge)        0.000     0.000 r  <hidden>
                                                      0.000     0.000 r  clk
                         net (fo=52181, unset)        0.973     0.973    u_soa/u_core/u_scorer/g_lane[15].u_lane/clk
    SLICE_X38Y149        FDCE                                         r  u_soa/u_core/u_scorer/g_lane[15].u_lane/score_o_reg[2]/C
  -------------------------------------------------------------------    -------------------
    SLICE_X38Y149        FDCE (Prop_fdce_C_Q)         0.478     1.451 r  u_soa/u_core/u_scorer/g_lane[15].u_lane/score_o_reg[2]/Q
                         net (fo=7, routed)           1.183     2.634    u_soa/u_core/u_scorer/sc_score[15]_215[2]
    SLICE_X39Y145        LUT4 (Prop_lut4_I2_O)        0.301     2.935 r  u_soa/u_core/u_scorer/score_o[0][15]_i_2272/O
                         net (fo=1, routed)           0.000     2.935    u_soa/u_core/u_scorer/score_o[0][15]_i_2272_n_0
    SLICE_X39Y145        CARRY4 (Prop_carry4_S[1]_CO[3])
                                                      0.550     3.485 r  u_soa/u_core/u_scorer/score_o_reg[0][15]_i_1741/CO[3]
                         net (fo=1, routed)           0.000     3.485    u_soa/u_core/u_scorer/score_o_reg[0][15]_i_1741_n_0
    SLICE_X39Y146        CARRY4 (Prop_carry4_CI_CO[3])
                                                      0.114     3.599 r  u_soa/u_core/u_scorer/score_o_reg[0][15]_i_1172/CO[3]
                         net (fo=69, routed)          1.442     5.041    u_soa/u_core/u_scorer/score_o_reg[0][15]_i_1172_n_0
    SLICE_X41Y150        LUT4 (Prop_lut4_I3_O)        0.124     5.165 r  u_soa/u_core/u_scorer/score_o[0][15]_i_715/O
                         net (fo=85, routed)          1.345     6.510    u_soa/u_core/u_scorer/score_o[0][15]_i_715_n_0
    SLICE_X46Y148        LUT3 (Prop_lut3_I1_O)        0.124     6.634 f  u_soa/u_core/u_scorer/score_o[0][1]_i_107/O
                         net (fo=2, routed)           0.724     7.358    u_soa/u_core/u_scorer/score_o[0][1]_i_107_n_0
    SLICE_X48Y146        LUT6 (Prop_lut6_I1_O)        0.124     7.482 r  u_soa/u_core/u_scorer/score_o[4][15]_i_2352/O
                         net (fo=1, routed)           0.914     8.396    u_soa/u_core/u_scorer/score_o[4][15]_i_2352_n_0
    SLICE_X46Y143        CARRY4 (Prop_carry4_DI[0]_CO[3])
                                                      0.550     8.946 r  u_soa/u_core/u_scorer/score_o_reg[4][15]_i_1660/CO[3]
                         net (fo=1, routed)           0.000     8.946    u_soa/u_core/u_scorer/score_o_reg[4][15]_i_1660_n_0
    SLICE_X46Y144        CARRY4 (Prop_carry4_CI_CO[3])
                                                      0.117     9.063 f  u_soa/u_core/u_scorer/score_o_reg[4][15]_i_974/CO[3]
                         net (fo=2, routed)           1.345    10.408    u_soa/u_core/u_scorer/score_o_reg[4][15]_i_974_n_0
    SLICE_X33Y147        LUT4 (Prop_lut4_I0_O)        0.124    10.532 r  u_soa/u_core/u_scorer/score_o[0][15]_i_595/O
                         net (fo=81, routed)          1.306    11.839    u_soa/u_core/u_scorer/score_o[0][15]_i_595_n_0
    SLICE_X41Y149        LUT5 (Prop_lut5_I3_O)        0.124    11.963 r  u_soa/u_core/u_scorer/id_o[0][21]_i_92/O
                         net (fo=4, routed)           0.722    12.685    u_soa/u_core/u_scorer/id_o[0][21]_i_92_n_0
    SLICE_X40Y144        LUT6 (Prop_lut6_I5_O)        0.124    12.809 f  u_soa/u_core/u_scorer/score_o[0][15]_i_2572/O
                         net (fo=2, routed)           0.968    13.777    u_soa/u_core/u_scorer/score_o[0][15]_i_2572_n_0
    SLICE_X41Y140        LUT5 (Prop_lut5_I4_O)        0.124    13.901 r  u_soa/u_core/u_scorer/score_o[0][15]_i_2286/O
                         net (fo=1, routed)           0.000    13.901    u_soa/u_core/u_scorer/score_o[0][15]_i_2286_n_0
    SLICE_X41Y140        CARRY4 (Prop_carry4_S[3]_CO[3])
                                                      0.401    14.302 r  u_soa/u_core/u_scorer/score_o_reg[0][15]_i_1768/CO[3]
                         net (fo=1, routed)           0.000    14.302    u_soa/u_core/u_scorer/score_o_reg[0][15]_i_1768_n_0
    SLICE_X41Y141        CARRY4 (Prop_carry4_CI_CO[2])
                                                      0.228    14.530 r  u_soa/u_core/u_scorer/score_o_reg[0][15]_i_1183/CO[2]
                         net (fo=1, routed)           0.692    15.221    u_soa/u_core/u_scorer/u_topk/p_132_out
    SLICE_X41Y145        LUT6 (Prop_lut6_I5_O)        0.313    15.534 r  u_soa/u_core/u_scorer/score_o[0][15]_i_718/O
                         net (fo=6, routed)           0.624    16.158    u_soa/u_core/u_scorer/score_o[0][15]_i_718_n_0
    SLICE_X43Y146        LUT3 (Prop_lut3_I1_O)        0.124    16.282 r  u_soa/u_core/u_scorer/score_o[0][15]_i_382/O
                         net (fo=102, routed)         1.481    17.763    u_soa/u_core/u_scorer/score_o[0][15]_i_382_n_0
    SLICE_X44Y141        LUT3 (Prop_lut3_I1_O)        0.152    17.915 r  u_soa/u_core/u_scorer/id_o[0][0]_i_70/O
                         net (fo=5, routed)           1.594    19.509    u_soa/u_core/u_scorer/id_o[0][0]_i_70_n_0
    SLICE_X46Y132        LUT6 (Prop_lut6_I2_O)        0.326    19.835 r  u_soa/u_core/u_scorer/score_o[0][15]_i_1824/O
                         net (fo=1, routed)           0.000    19.835    u_soa/u_core/u_scorer/score_o[0][15]_i_1824_n_0
    SLICE_X46Y132        CARRY4 (Prop_carry4_S[0]_CO[3])
                                                      0.513    20.348 r  u_soa/u_core/u_scorer/score_o_reg[0][15]_i_1252/CO[3]
                         net (fo=1, routed)           0.000    20.348    u_soa/u_core/u_scorer/score_o_reg[0][15]_i_1252_n_0
    SLICE_X46Y133        CARRY4 (Prop_carry4_CI_CO[3])
                                                      0.117    20.465 r  u_soa/u_core/u_scorer/score_o_reg[0][15]_i_776/CO[3]
                         net (fo=1, routed)           0.000    20.465    u_soa/u_core/u_scorer/score_o_reg[0][15]_i_776_n_0
    SLICE_X46Y134        CARRY4 (Prop_carry4_CI_CO[2])
                                                      0.229    20.694 f  u_soa/u_core/u_scorer/score_o_reg[0][15]_i_419/CO[2]
                         net (fo=71, routed)          1.176    21.870    u_soa/u_core/u_scorer/u_topk/p_111_out
    SLICE_X49Y137        LUT4 (Prop_lut4_I2_O)        0.310    22.180 r  u_soa/u_core/u_scorer/score_o[0][15]_i_198/O
                         net (fo=72, routed)          1.291    23.471    u_soa/u_core/u_scorer/score_o[0][15]_i_198_n_0
    SLICE_X50Y148        LUT3 (Prop_lut3_I1_O)        0.150    23.621 f  u_soa/u_core/u_scorer/score_o[0][10]_i_63/O
                         net (fo=5, routed)           0.885    24.506    u_soa/u_core/u_scorer/score_o[0][10]_i_63_n_0
    SLICE_X51Y140        LUT6 (Prop_lut6_I5_O)        0.328    24.834 r  u_soa/u_core/u_scorer/score_o[0][15]_i_873/O
                         net (fo=1, routed)           1.272    26.106    u_soa/u_core/u_scorer/score_o[0][15]_i_873_n_0
    SLICE_X50Y128        CARRY4 (Prop_carry4_DI[1]_CO[3])
                                                      0.520    26.626 r  u_soa/u_core/u_scorer/score_o_reg[0][15]_i_479/CO[3]
                         net (fo=2, routed)           1.451    28.077    u_soa/u_core/u_scorer/score_o_reg[0][15]_i_479_n_0
    SLICE_X51Y135        LUT6 (Prop_lut6_I0_O)        0.124    28.201 r  u_soa/u_core/u_scorer/score_o[0][15]_i_216/O
                         net (fo=189, routed)         1.976    30.178    u_soa/u_core/u_scorer/score_o[0][15]_i_216_n_0
    SLICE_X54Y128        LUT5 (Prop_lut5_I3_O)        0.152    30.330 r  u_soa/u_core/u_scorer/score_o[0][3]_i_30/O
                         net (fo=5, routed)           0.885    31.215    u_soa/u_core/u_scorer/score_o[0][3]_i_30_n_0
    SLICE_X55Y125        LUT6 (Prop_lut6_I3_O)        0.348    31.563 r  u_soa/u_core/u_scorer/score_o[0][15]_i_1365/O
                         net (fo=1, routed)           0.705    32.268    u_soa/u_core/u_scorer/score_o[0][15]_i_1365_n_0
    SLICE_X55Y122        CARRY4 (Prop_carry4_DI[1]_CO[3])
                                                      0.507    32.775 r  u_soa/u_core/u_scorer/score_o_reg[0][15]_i_861/CO[3]
                         net (fo=1, routed)           0.000    32.775    u_soa/u_core/u_scorer/score_o_reg[0][15]_i_861_n_0
    SLICE_X55Y123        CARRY4 (Prop_carry4_CI_CO[3])
                                                      0.114    32.889 r  u_soa/u_core/u_scorer/score_o_reg[0][15]_i_478/CO[3]
                         net (fo=1, routed)           1.000    33.889    u_soa/u_core/u_scorer/score_o_reg[0][15]_i_478_n_0
    SLICE_X56Y130        LUT2 (Prop_lut2_I1_O)        0.124    34.013 f  u_soa/u_core/u_scorer/score_o[0][15]_i_215/O
                         net (fo=1, routed)           0.826    34.839    u_soa/u_core/u_scorer/score_o[0][15]_i_215_n_0
    SLICE_X50Y130        LUT6 (Prop_lut6_I5_O)        0.124    34.963 r  u_soa/u_core/u_scorer/score_o[0][15]_i_98/O
                         net (fo=105, routed)         1.369    36.332    u_soa/u_core/u_scorer/score_o[0][15]_i_98_n_0
    SLICE_X50Y125        LUT3 (Prop_lut3_I1_O)        0.150    36.482 r  u_soa/u_core/u_scorer/score_o[0][4]_i_31/O
                         net (fo=4, routed)           1.398    37.880    u_soa/u_core/u_scorer/score_o[0][4]_i_31_n_0
    SLICE_X40Y115        LUT6 (Prop_lut6_I2_O)        0.355    38.235 r  u_soa/u_core/u_scorer/score_o[0][15]_i_623/O
                         net (fo=1, routed)           0.000    38.235    u_soa/u_core/u_scorer/score_o[0][15]_i_623_n_0
    SLICE_X40Y115        CARRY4 (Prop_carry4_S[1]_CO[3])
                                                      0.550    38.785 r  u_soa/u_core/u_scorer/score_o_reg[0][15]_i_323/CO[3]
                         net (fo=1, routed)           0.000    38.785    u_soa/u_core/u_scorer/score_o_reg[0][15]_i_323_n_0
    SLICE_X40Y116        CARRY4 (Prop_carry4_CI_CO[1])
                                                      0.157    38.942 r  u_soa/u_core/u_scorer/score_o_reg[0][15]_i_151/CO[1]
                         net (fo=37, routed)          0.980    39.922    u_soa/u_core/u_scorer/score_o_reg[0][15]_i_151_n_2
    SLICE_X41Y117        LUT4 (Prop_lut4_I3_O)        0.329    40.251 r  u_soa/u_core/u_scorer/score_o[0][15]_i_76/O
                         net (fo=46, routed)          1.288    41.539    u_soa/u_core/u_scorer/score_o[0][15]_i_76_n_0
    SLICE_X35Y114        LUT3 (Prop_lut3_I1_O)        0.152    41.691 r  u_soa/u_core/u_scorer/score_o[0][6]_i_15/O
                         net (fo=5, routed)           0.955    42.646    u_soa/u_core/u_scorer/score_o[0][6]_i_15_n_0
    SLICE_X29Y114        LUT6 (Prop_lut6_I4_O)        0.332    42.978 r  u_soa/u_core/u_scorer/score_o[0][15]_i_827/O
                         net (fo=1, routed)           0.000    42.978    u_soa/u_core/u_scorer/score_o[0][15]_i_827_n_0
    SLICE_X29Y114        CARRY4 (Prop_carry4_S[2]_CO[3])
                                                      0.398    43.376 r  u_soa/u_core/u_scorer/score_o_reg[0][15]_i_450/CO[3]
                         net (fo=1, routed)           0.000    43.376    u_soa/u_core/u_scorer/score_o_reg[0][15]_i_450_n_0
    SLICE_X29Y115        CARRY4 (Prop_carry4_CI_CO[1])
                                                      0.157    43.533 f  u_soa/u_core/u_scorer/score_o_reg[0][15]_i_208/CO[1]
                         net (fo=2, routed)           1.036    44.568    u_soa/u_core/u_scorer/score_o_reg[0][15]_i_208_n_2
    SLICE_X11Y114        LUT2 (Prop_lut2_I0_O)        0.329    44.897 f  u_soa/u_core/u_scorer/score_o[0][15]_i_96/O
                         net (fo=10, routed)          0.995    45.892    u_soa/u_core/u_scorer/score_o[0][15]_i_96_n_0
    SLICE_X11Y117        LUT6 (Prop_lut6_I5_O)        0.124    46.016 r  u_soa/u_core/u_scorer/score_o[0][15]_i_29/O
                         net (fo=118, routed)         0.997    47.012    u_soa/u_core/u_scorer/score_o[0][15]_i_29_n_0
    SLICE_X12Y118        LUT3 (Prop_lut3_I1_O)        0.116    47.128 r  u_soa/u_core/u_scorer/id_o[4][12]_i_5/O
                         net (fo=5, routed)           0.940    48.069    u_soa/u_core/u_scorer/id_o[4][12]_i_5_n_0
    SLICE_X9Y118         LUT6 (Prop_lut6_I4_O)        0.328    48.397 r  u_soa/u_core/u_scorer/score_o[4][15]_i_1941/O
                         net (fo=1, routed)           0.448    48.844    u_soa/u_core/u_scorer/score_o[4][15]_i_1941_n_0
    SLICE_X8Y115         LUT5 (Prop_lut5_I4_O)        0.124    48.968 r  u_soa/u_core/u_scorer/score_o[4][15]_i_1269/O
                         net (fo=1, routed)           0.000    48.968    u_soa/u_core/u_scorer/score_o[4][15]_i_1269_n_0
    SLICE_X8Y115         CARRY4 (Prop_carry4_S[0]_CO[3])
                                                      0.513    49.481 r  u_soa/u_core/u_scorer/score_o_reg[4][15]_i_749/CO[3]
                         net (fo=1, routed)           0.000    49.481    u_soa/u_core/u_scorer/score_o_reg[4][15]_i_749_n_0
    SLICE_X8Y116         CARRY4 (Prop_carry4_CI_CO[2])
                                                      0.229    49.710 r  u_soa/u_core/u_scorer/score_o_reg[4][15]_i_320/CO[2]
                         net (fo=2, routed)           0.834    50.544    u_soa/u_core/u_scorer/score_o_reg[4][15]_i_320_n_1
    SLICE_X10Y116        LUT3 (Prop_lut3_I1_O)        0.310    50.854 r  u_soa/u_core/u_scorer/score_o[4][15]_i_99/O
                         net (fo=7, routed)           0.694    51.548    u_soa/u_core/u_scorer/score_o[4][15]_i_99_n_0
    SLICE_X10Y114        LUT6 (Prop_lut6_I0_O)        0.124    51.672 r  u_soa/u_core/u_scorer/score_o[4][15]_i_30/O
                         net (fo=102, routed)         1.092    52.763    u_soa/u_core/u_scorer/score_o[4][15]_i_30_n_0
    SLICE_X12Y113        LUT3 (Prop_lut3_I1_O)        0.124    52.887 f  u_soa/u_core/u_scorer/id_o[6][0]_i_2/O
                         net (fo=5, routed)           1.170    54.058    u_soa/u_core/u_scorer/id_o[6][0]_i_2_n_0
    SLICE_X12Y109        LUT6 (Prop_lut6_I5_O)        0.124    54.182 r  u_soa/u_core/u_scorer/score_o[6][15]_i_98/O
                         net (fo=1, routed)           0.543    54.724    u_soa/u_core/u_scorer/score_o[6][15]_i_98_n_0
    SLICE_X13Y107        CARRY4 (Prop_carry4_DI[0]_CO[3])
                                                      0.526    55.250 r  u_soa/u_core/u_scorer/score_o_reg[6][15]_i_76/CO[3]
                         net (fo=1, routed)           0.000    55.250    u_soa/u_core/u_scorer/score_o_reg[6][15]_i_76_n_0
    SLICE_X13Y108        CARRY4 (Prop_carry4_CI_CO[3])
                                                      0.114    55.364 r  u_soa/u_core/u_scorer/score_o_reg[6][15]_i_47/CO[3]
                         net (fo=1, routed)           0.000    55.364    u_soa/u_core/u_scorer/score_o_reg[6][15]_i_47_n_0
    SLICE_X13Y109        CARRY4 (Prop_carry4_CI_CO[3])
                                                      0.114    55.478 r  u_soa/u_core/u_scorer/score_o_reg[6][15]_i_22/CO[3]
                         net (fo=1, routed)           0.000    55.478    u_soa/u_core/u_scorer/score_o_reg[6][15]_i_22_n_0
    SLICE_X13Y110        CARRY4 (Prop_carry4_CI_CO[3])
                                                      0.114    55.592 r  u_soa/u_core/u_scorer/score_o_reg[6][15]_i_11/CO[3]
                         net (fo=1, routed)           1.024    56.616    u_soa/u_core/u_scorer/score_o_reg[6][15]_i_11_n_0
    SLICE_X8Y111         LUT3 (Prop_lut3_I0_O)        0.124    56.740 r  u_soa/u_core/u_scorer/score_o[6][15]_i_5/O
                         net (fo=1, routed)           0.670    57.411    u_soa/u_core/u_scorer/score_o[6][15]_i_5_n_0
    SLICE_X8Y111         LUT6 (Prop_lut6_I0_O)        0.124    57.535 r  u_soa/u_core/u_scorer/score_o[6][15]_i_3/O
                         net (fo=96, routed)          1.140    58.675    u_soa/u_core/u_scorer/score_o[6][15]_i_3_n_0
    SLICE_X7Y111         LUT3 (Prop_lut3_I2_O)        0.152    58.827 r  u_soa/u_core/u_scorer/id_o[7][0]_i_1/O
                         net (fo=1, routed)           0.000    58.827    u_soa/u_core/u_topk/id_o_reg[7][31]_1[0]
    SLICE_X7Y111         FDCE                                         r  u_soa/u_core/u_topk/id_o_reg[7][0]/D
  -------------------------------------------------------------------    -------------------

                         (clock clk rise edge)       10.000    10.000 r  <hidden>
                                                      0.000    10.000 r  clk
                         net (fo=52181, unset)        0.924    10.924    u_soa/u_core/u_topk/clk
    SLICE_X7Y111         FDCE                                         r  u_soa/u_core/u_topk/id_o_reg[7][0]/C
                         clock pessimism              0.000    10.924    <hidden>
                         clock uncertainty           -0.035    10.889    <hidden>
    SLICE_X7Y111         FDCE (Setup_fdce_C_D)        0.075    10.964    u_soa/u_core/u_topk/id_o_reg[7][0]
  -------------------------------------------------------------------
                         required time                         10.964    <hidden>
                         arrival time                         -58.827    <hidden>
  -------------------------------------------------------------------
                         slack                                -47.863    <hidden>

Slack (VIOLATED) :        -47.859ns  (required time - arrival time)
  Source:                 u_soa/u_core/u_scorer/g_lane[15].u_lane/score_o_reg[2]/C
                            (rising edge-triggered cell FDCE clocked by clk  {rise@0.000ns fall@5.000ns period=10.000ns})
  Destination:            u_soa/u_core/u_topk/id_o_reg[4][25]/D
                            (rising edge-triggered cell FDCE clocked by clk  {rise@0.000ns fall@5.000ns period=10.000ns})
  Path Group:             clk
  Path Type:              Setup (Max at Slow Process Corner)
  Requirement:            10.000ns  (clk rise@10.000ns - clk rise@0.000ns)
  Data Path Delay:        57.806ns  (logic 14.652ns (25.347%)  route 43.154ns (74.653%))
  Logic Levels:           58  (CARRY4=20 LUT2=2 LUT3=8 LUT4=7 LUT5=7 LUT6=14)
  Clock Path Skew:        -0.049ns (DCD - SCD + CPR)
    Destination Clock Delay (DCD):    0.924ns = ( 10.924 - 10.000 ) 
    Source Clock Delay      (SCD):    0.973ns
    Clock Pessimism Removal (CPR):    0.000ns
  Clock Uncertainty:      0.035ns  ((TSJ^2 + TIJ^2)^1/2 + DJ) / 2 + PE
    Total System Jitter     (TSJ):    0.071ns
    Total Input Jitter      (TIJ):    0.000ns
    Discrete Jitter          (DJ):    0.000ns
    Phase Error              (PE):    0.000ns

    Location             Delay type                Incr(ns)  Path(ns)    Netlist Resource(s)
  -------------------------------------------------------------------    -------------------
                         (clock clk rise edge)        0.000     0.000 r  <hidden>
                                                      0.000     0.000 r  clk
                         net (fo=52181, unset)        0.973     0.973    u_soa/u_core/u_scorer/g_lane[15].u_lane/clk
    SLICE_X38Y149        FDCE                                         r  u_soa/u_core/u_scorer/g_lane[15].u_lane/score_o_reg[2]/C
  -------------------------------------------------------------------    -------------------
    SLICE_X38Y149        FDCE (Prop_fdce_C_Q)         0.478     1.451 r  u_soa/u_core/u_scorer/g_lane[15].u_lane/score_o_reg[2]/Q
                         net (fo=7, routed)           1.183     2.634    u_soa/u_core/u_scorer/sc_score[15]_215[2]
    SLICE_X39Y145        LUT4 (Prop_lut4_I2_O)        0.301     2.935 r  u_soa/u_core/u_scorer/score_o[0][15]_i_2272/O
                         net (fo=1, routed)           0.000     2.935    u_soa/u_core/u_scorer/score_o[0][15]_i_2272_n_0
    SLICE_X39Y145        CARRY4 (Prop_carry4_S[1]_CO[3])
                                                      0.550     3.485 r  u_soa/u_core/u_scorer/score_o_reg[0][15]_i_1741/CO[3]
                         net (fo=1, routed)           0.000     3.485    u_soa/u_core/u_scorer/score_o_reg[0][15]_i_1741_n_0
    SLICE_X39Y146        CARRY4 (Prop_carry4_CI_CO[3])
                                                      0.114     3.599 r  u_soa/u_core/u_scorer/score_o_reg[0][15]_i_1172/CO[3]
                         net (fo=69, routed)          1.442     5.041    u_soa/u_core/u_scorer/score_o_reg[0][15]_i_1172_n_0
    SLICE_X41Y150        LUT4 (Prop_lut4_I3_O)        0.124     5.165 r  u_soa/u_core/u_scorer/score_o[0][15]_i_715/O
                         net (fo=85, routed)          1.345     6.510    u_soa/u_core/u_scorer/score_o[0][15]_i_715_n_0
    SLICE_X46Y148        LUT3 (Prop_lut3_I1_O)        0.124     6.634 f  u_soa/u_core/u_scorer/score_o[0][1]_i_107/O
                         net (fo=2, routed)           0.724     7.358    u_soa/u_core/u_scorer/score_o[0][1]_i_107_n_0
    SLICE_X48Y146        LUT6 (Prop_lut6_I1_O)        0.124     7.482 r  u_soa/u_core/u_scorer/score_o[4][15]_i_2352/O
                         net (fo=1, routed)           0.914     8.396    u_soa/u_core/u_scorer/score_o[4][15]_i_2352_n_0
    SLICE_X46Y143        CARRY4 (Prop_carry4_DI[0]_CO[3])
                                                      0.550     8.946 r  u_soa/u_core/u_scorer/score_o_reg[4][15]_i_1660/CO[3]
                         net (fo=1, routed)           0.000     8.946    u_soa/u_core/u_scorer/score_o_reg[4][15]_i_1660_n_0
    SLICE_X46Y144        CARRY4 (Prop_carry4_CI_CO[3])
                                                      0.117     9.063 f  u_soa/u_core/u_scorer/score_o_reg[4][15]_i_974/CO[3]
                         net (fo=2, routed)           1.345    10.408    u_soa/u_core/u_scorer/score_o_reg[4][15]_i_974_n_0
    SLICE_X33Y147        LUT4 (Prop_lut4_I0_O)        0.124    10.532 r  u_soa/u_core/u_scorer/score_o[0][15]_i_595/O
                         net (fo=81, routed)          1.306    11.839    u_soa/u_core/u_scorer/score_o[0][15]_i_595_n_0
    SLICE_X41Y149        LUT5 (Prop_lut5_I3_O)        0.124    11.963 r  u_soa/u_core/u_scorer/id_o[0][21]_i_92/O
                         net (fo=4, routed)           0.722    12.685    u_soa/u_core/u_scorer/id_o[0][21]_i_92_n_0
    SLICE_X40Y144        LUT6 (Prop_lut6_I5_O)        0.124    12.809 f  u_soa/u_core/u_scorer/score_o[0][15]_i_2572/O
                         net (fo=2, routed)           0.968    13.777    u_soa/u_core/u_scorer/score_o[0][15]_i_2572_n_0
    SLICE_X41Y140        LUT5 (Prop_lut5_I4_O)        0.124    13.901 r  u_soa/u_core/u_scorer/score_o[0][15]_i_2286/O
                         net (fo=1, routed)           0.000    13.901    u_soa/u_core/u_scorer/score_o[0][15]_i_2286_n_0
    SLICE_X41Y140        CARRY4 (Prop_carry4_S[3]_CO[3])
                                                      0.401    14.302 r  u_soa/u_core/u_scorer/score_o_reg[0][15]_i_1768/CO[3]
                         net (fo=1, routed)           0.000    14.302    u_soa/u_core/u_scorer/score_o_reg[0][15]_i_1768_n_0
    SLICE_X41Y141        CARRY4 (Prop_carry4_CI_CO[2])
                                                      0.228    14.530 r  u_soa/u_core/u_scorer/score_o_reg[0][15]_i_1183/CO[2]
                         net (fo=1, routed)           0.692    15.221    u_soa/u_core/u_scorer/u_topk/p_132_out
    SLICE_X41Y145        LUT6 (Prop_lut6_I5_O)        0.313    15.534 r  u_soa/u_core/u_scorer/score_o[0][15]_i_718/O
                         net (fo=6, routed)           0.624    16.158    u_soa/u_core/u_scorer/score_o[0][15]_i_718_n_0
    SLICE_X43Y146        LUT3 (Prop_lut3_I1_O)        0.124    16.282 r  u_soa/u_core/u_scorer/score_o[0][15]_i_382/O
                         net (fo=102, routed)         1.481    17.763    u_soa/u_core/u_scorer/score_o[0][15]_i_382_n_0
    SLICE_X44Y141        LUT3 (Prop_lut3_I1_O)        0.152    17.915 r  u_soa/u_core/u_scorer/id_o[0][0]_i_70/O
                         net (fo=5, routed)           1.594    19.509    u_soa/u_core/u_scorer/id_o[0][0]_i_70_n_0
    SLICE_X46Y132        LUT6 (Prop_lut6_I2_O)        0.326    19.835 r  u_soa/u_core/u_scorer/score_o[0][15]_i_1824/O
                         net (fo=1, routed)           0.000    19.835    u_soa/u_core/u_scorer/score_o[0][15]_i_1824_n_0
    SLICE_X46Y132        CARRY4 (Prop_carry4_S[0]_CO[3])
                                                      0.513    20.348 r  u_soa/u_core/u_scorer/score_o_reg[0][15]_i_1252/CO[3]
                         net (fo=1, routed)           0.000    20.348    u_soa/u_core/u_scorer/score_o_reg[0][15]_i_1252_n_0
    SLICE_X46Y133        CARRY4 (Prop_carry4_CI_CO[3])
                                                      0.117    20.465 r  u_soa/u_core/u_scorer/score_o_reg[0][15]_i_776/CO[3]
                         net (fo=1, routed)           0.000    20.465    u_soa/u_core/u_scorer/score_o_reg[0][15]_i_776_n_0
    SLICE_X46Y134        CARRY4 (Prop_carry4_CI_CO[2])
                                                      0.229    20.694 f  u_soa/u_core/u_scorer/score_o_reg[0][15]_i_419/CO[2]
                         net (fo=71, routed)          1.176    21.870    u_soa/u_core/u_scorer/u_topk/p_111_out
    SLICE_X49Y137        LUT4 (Prop_lut4_I2_O)        0.310    22.180 r  u_soa/u_core/u_scorer/score_o[0][15]_i_198/O
                         net (fo=72, routed)          1.291    23.471    u_soa/u_core/u_scorer/score_o[0][15]_i_198_n_0
    SLICE_X50Y148        LUT3 (Prop_lut3_I1_O)        0.150    23.621 f  u_soa/u_core/u_scorer/score_o[0][10]_i_63/O
                         net (fo=5, routed)           0.885    24.506    u_soa/u_core/u_scorer/score_o[0][10]_i_63_n_0
    SLICE_X51Y140        LUT6 (Prop_lut6_I5_O)        0.328    24.834 r  u_soa/u_core/u_scorer/score_o[0][15]_i_873/O
                         net (fo=1, routed)           1.272    26.106    u_soa/u_core/u_scorer/score_o[0][15]_i_873_n_0
    SLICE_X50Y128        CARRY4 (Prop_carry4_DI[1]_CO[3])
                                                      0.520    26.626 r  u_soa/u_core/u_scorer/score_o_reg[0][15]_i_479/CO[3]
                         net (fo=2, routed)           1.451    28.077    u_soa/u_core/u_scorer/score_o_reg[0][15]_i_479_n_0
    SLICE_X51Y135        LUT6 (Prop_lut6_I0_O)        0.124    28.201 r  u_soa/u_core/u_scorer/score_o[0][15]_i_216/O
                         net (fo=189, routed)         1.976    30.178    u_soa/u_core/u_scorer/score_o[0][15]_i_216_n_0
    SLICE_X54Y128        LUT5 (Prop_lut5_I3_O)        0.152    30.330 r  u_soa/u_core/u_scorer/score_o[0][3]_i_30/O
                         net (fo=5, routed)           0.885    31.215    u_soa/u_core/u_scorer/score_o[0][3]_i_30_n_0
    SLICE_X55Y125        LUT6 (Prop_lut6_I3_O)        0.348    31.563 r  u_soa/u_core/u_scorer/score_o[0][15]_i_1365/O
                         net (fo=1, routed)           0.705    32.268    u_soa/u_core/u_scorer/score_o[0][15]_i_1365_n_0
    SLICE_X55Y122        CARRY4 (Prop_carry4_DI[1]_CO[3])
                                                      0.507    32.775 r  u_soa/u_core/u_scorer/score_o_reg[0][15]_i_861/CO[3]
                         net (fo=1, routed)           0.000    32.775    u_soa/u_core/u_scorer/score_o_reg[0][15]_i_861_n_0
    SLICE_X55Y123        CARRY4 (Prop_carry4_CI_CO[3])
                                                      0.114    32.889 r  u_soa/u_core/u_scorer/score_o_reg[0][15]_i_478/CO[3]
                         net (fo=1, routed)           1.000    33.889    u_soa/u_core/u_scorer/score_o_reg[0][15]_i_478_n_0
    SLICE_X56Y130        LUT2 (Prop_lut2_I1_O)        0.124    34.013 f  u_soa/u_core/u_scorer/score_o[0][15]_i_215/O
                         net (fo=1, routed)           0.826    34.839    u_soa/u_core/u_scorer/score_o[0][15]_i_215_n_0
    SLICE_X50Y130        LUT6 (Prop_lut6_I5_O)        0.124    34.963 r  u_soa/u_core/u_scorer/score_o[0][15]_i_98/O
                         net (fo=105, routed)         1.369    36.332    u_soa/u_core/u_scorer/score_o[0][15]_i_98_n_0
    SLICE_X50Y125        LUT3 (Prop_lut3_I1_O)        0.150    36.482 r  u_soa/u_core/u_scorer/score_o[0][4]_i_31/O
                         net (fo=4, routed)           1.398    37.880    u_soa/u_core/u_scorer/score_o[0][4]_i_31_n_0
    SLICE_X40Y115        LUT6 (Prop_lut6_I2_O)        0.355    38.235 r  u_soa/u_core/u_scorer/score_o[0][15]_i_623/O
                         net (fo=1, routed)           0.000    38.235    u_soa/u_core/u_scorer/score_o[0][15]_i_623_n_0
    SLICE_X40Y115        CARRY4 (Prop_carry4_S[1]_CO[3])
                                                      0.550    38.785 r  u_soa/u_core/u_scorer/score_o_reg[0][15]_i_323/CO[3]
                         net (fo=1, routed)           0.000    38.785    u_soa/u_core/u_scorer/score_o_reg[0][15]_i_323_n_0
    SLICE_X40Y116        CARRY4 (Prop_carry4_CI_CO[1])
                                                      0.157    38.942 r  u_soa/u_core/u_scorer/score_o_reg[0][15]_i_151/CO[1]
                         net (fo=37, routed)          0.980    39.922    u_soa/u_core/u_scorer/score_o_reg[0][15]_i_151_n_2
    SLICE_X41Y117        LUT4 (Prop_lut4_I3_O)        0.329    40.251 r  u_soa/u_core/u_scorer/score_o[0][15]_i_76/O
                         net (fo=46, routed)          1.288    41.539    u_soa/u_core/u_scorer/score_o[0][15]_i_76_n_0
    SLICE_X35Y114        LUT3 (Prop_lut3_I1_O)        0.152    41.691 r  u_soa/u_core/u_scorer/score_o[0][6]_i_15/O
                         net (fo=5, routed)           0.955    42.646    u_soa/u_core/u_scorer/score_o[0][6]_i_15_n_0
    SLICE_X29Y114        LUT6 (Prop_lut6_I4_O)        0.332    42.978 r  u_soa/u_core/u_scorer/score_o[0][15]_i_827/O
                         net (fo=1, routed)           0.000    42.978    u_soa/u_core/u_scorer/score_o[0][15]_i_827_n_0
    SLICE_X29Y114        CARRY4 (Prop_carry4_S[2]_CO[3])
                                                      0.398    43.376 r  u_soa/u_core/u_scorer/score_o_reg[0][15]_i_450/CO[3]
                         net (fo=1, routed)           0.000    43.376    u_soa/u_core/u_scorer/score_o_reg[0][15]_i_450_n_0
    SLICE_X29Y115        CARRY4 (Prop_carry4_CI_CO[1])
                                                      0.157    43.533 f  u_soa/u_core/u_scorer/score_o_reg[0][15]_i_208/CO[1]
                         net (fo=2, routed)           1.036    44.568    u_soa/u_core/u_scorer/score_o_reg[0][15]_i_208_n_2
    SLICE_X11Y114        LUT2 (Prop_lut2_I0_O)        0.329    44.897 f  u_soa/u_core/u_scorer/score_o[0][15]_i_96/O
                         net (fo=10, routed)          0.995    45.892    u_soa/u_core/u_scorer/score_o[0][15]_i_96_n_0
    SLICE_X11Y117        LUT6 (Prop_lut6_I5_O)        0.124    46.016 r  u_soa/u_core/u_scorer/score_o[0][15]_i_29/O
                         net (fo=118, routed)         0.997    47.012    u_soa/u_core/u_scorer/score_o[0][15]_i_29_n_0
    SLICE_X12Y118        LUT3 (Prop_lut3_I1_O)        0.116    47.128 r  u_soa/u_core/u_scorer/id_o[4][12]_i_5/O
                         net (fo=5, routed)           0.940    48.069    u_soa/u_core/u_scorer/id_o[4][12]_i_5_n_0
    SLICE_X9Y118         LUT6 (Prop_lut6_I4_O)        0.328    48.397 r  u_soa/u_core/u_scorer/score_o[4][15]_i_1941/O
                         net (fo=1, routed)           0.448    48.844    u_soa/u_core/u_scorer/score_o[4][15]_i_1941_n_0
    SLICE_X8Y115         LUT5 (Prop_lut5_I4_O)        0.124    48.968 r  u_soa/u_core/u_scorer/score_o[4][15]_i_1269/O
                         net (fo=1, routed)           0.000    48.968    u_soa/u_core/u_scorer/score_o[4][15]_i_1269_n_0
    SLICE_X8Y115         CARRY4 (Prop_carry4_S[0]_CO[3])
                                                      0.513    49.481 r  u_soa/u_core/u_scorer/score_o_reg[4][15]_i_749/CO[3]
                         net (fo=1, routed)           0.000    49.481    u_soa/u_core/u_scorer/score_o_reg[4][15]_i_749_n_0
    SLICE_X8Y116         CARRY4 (Prop_carry4_CI_CO[2])
                                                      0.229    49.710 r  u_soa/u_core/u_scorer/score_o_reg[4][15]_i_320/CO[2]
                         net (fo=2, routed)           0.834    50.544    u_soa/u_core/u_scorer/score_o_reg[4][15]_i_320_n_1
    SLICE_X10Y116        LUT3 (Prop_lut3_I1_O)        0.310    50.854 r  u_soa/u_core/u_scorer/score_o[4][15]_i_99/O
                         net (fo=7, routed)           0.694    51.548    u_soa/u_core/u_scorer/score_o[4][15]_i_99_n_0
    SLICE_X10Y114        LUT6 (Prop_lut6_I0_O)        0.124    51.672 r  u_soa/u_core/u_scorer/score_o[4][15]_i_30/O
                         net (fo=102, routed)         0.872    52.543    u_soa/u_core/u_scorer/score_o[4][15]_i_30_n_0
    SLICE_X15Y113        LUT5 (Prop_lut5_I3_O)        0.124    52.667 r  u_soa/u_core/u_scorer/id_o[4][14]_i_2/O
                         net (fo=4, routed)           1.000    53.667    u_soa/u_core/u_scorer/id_o[4][14]_i_2_n_0
    SLICE_X14Y107        LUT4 (Prop_lut4_I3_O)        0.124    53.791 r  u_soa/u_core/u_scorer/score_o[4][15]_i_1242/O
                         net (fo=2, routed)           0.856    54.647    u_soa/u_core/u_scorer/score_o[4][15]_i_1242_n_0
    SLICE_X15Y109        LUT4 (Prop_lut4_I0_O)        0.124    54.771 r  u_soa/u_core/u_scorer/score_o[4][15]_i_717/O
                         net (fo=1, routed)           0.000    54.771    u_soa/u_core/u_scorer/score_o[4][15]_i_717_n_0
    SLICE_X15Y109        CARRY4 (Prop_carry4_S[0]_CO[3])
                                                      0.532    55.303 r  u_soa/u_core/u_scorer/score_o_reg[4][15]_i_291/CO[3]
                         net (fo=1, routed)           0.000    55.303    u_soa/u_core/u_scorer/score_o_reg[4][15]_i_291_n_0
    SLICE_X15Y110        CARRY4 (Prop_carry4_CI_CO[2])
                                                      0.228    55.531 f  u_soa/u_core/u_scorer/score_o_reg[4][15]_i_83/CO[2]
                         net (fo=2, routed)           0.803    56.334    u_soa/u_core/u_scorer/score_o_reg[4][15]_i_83_n_1
    SLICE_X28Y110        LUT5 (Prop_lut5_I0_O)        0.313    56.647 f  u_soa/u_core/u_scorer/score_o[4][15]_i_27/O
                         net (fo=1, routed)           0.947    57.594    u_soa/u_core/u_scorer/score_o[4][15]_i_27_n_0
    SLICE_X29Y107        LUT6 (Prop_lut6_I4_O)        0.124    57.718 r  u_soa/u_core/u_scorer/score_o[4][15]_i_5/O
                         net (fo=96, routed)          0.936    58.655    u_soa/u_core/u_scorer/score_o[4][15]_i_5_n_0
    SLICE_X29Y111        LUT5 (Prop_lut5_I4_O)        0.124    58.779 r  u_soa/u_core/u_scorer/id_o[4][25]_i_1/O
                         net (fo=1, routed)           0.000    58.779    u_soa/u_core/u_topk/id_o_reg[4][31]_0[25]
    SLICE_X29Y111        FDCE                                         r  u_soa/u_core/u_topk/id_o_reg[4][25]/D
  -------------------------------------------------------------------    -------------------

                         (clock clk rise edge)       10.000    10.000 r  <hidden>
                                                      0.000    10.000 r  clk
                         net (fo=52181, unset)        0.924    10.924    u_soa/u_core/u_topk/clk
    SLICE_X29Y111        FDCE                                         r  u_soa/u_core/u_topk/id_o_reg[4][25]/C
                         clock pessimism              0.000    10.924    <hidden>
                         clock uncertainty           -0.035    10.889    <hidden>
    SLICE_X29Y111        FDCE (Setup_fdce_C_D)        0.031    10.920    u_soa/u_core/u_topk/id_o_reg[4][25]
  -------------------------------------------------------------------
                         required time                         10.920    <hidden>
                         arrival time                         -58.779    <hidden>
  -------------------------------------------------------------------
                         slack                                -47.859    <hidden>

Slack (VIOLATED) :        -47.856ns  (required time - arrival time)
  Source:                 u_soa/u_core/u_scorer/g_lane[15].u_lane/score_o_reg[2]/C
                            (rising edge-triggered cell FDCE clocked by clk  {rise@0.000ns fall@5.000ns period=10.000ns})
  Destination:            u_soa/u_core/u_topk/id_o_reg[7][16]/D
                            (rising edge-triggered cell FDCE clocked by clk  {rise@0.000ns fall@5.000ns period=10.000ns})
  Path Group:             clk
  Path Type:              Setup (Max at Slow Process Corner)
  Requirement:            10.000ns  (clk rise@10.000ns - clk rise@0.000ns)
  Data Path Delay:        57.847ns  (logic 14.475ns (25.023%)  route 43.372ns (74.977%))
  Logic Levels:           59  (CARRY4=22 LUT2=2 LUT3=11 LUT4=5 LUT5=4 LUT6=15)
  Clock Path Skew:        -0.049ns (DCD - SCD + CPR)
    Destination Clock Delay (DCD):    0.924ns = ( 10.924 - 10.000 ) 
    Source Clock Delay      (SCD):    0.973ns
    Clock Pessimism Removal (CPR):    0.000ns
  Clock Uncertainty:      0.035ns  ((TSJ^2 + TIJ^2)^1/2 + DJ) / 2 + PE
    Total System Jitter     (TSJ):    0.071ns
    Total Input Jitter      (TIJ):    0.000ns
    Discrete Jitter          (DJ):    0.000ns
    Phase Error              (PE):    0.000ns

    Location             Delay type                Incr(ns)  Path(ns)    Netlist Resource(s)
  -------------------------------------------------------------------    -------------------
                         (clock clk rise edge)        0.000     0.000 r  <hidden>
                                                      0.000     0.000 r  clk
                         net (fo=52181, unset)        0.973     0.973    u_soa/u_core/u_scorer/g_lane[15].u_lane/clk
    SLICE_X38Y149        FDCE                                         r  u_soa/u_core/u_scorer/g_lane[15].u_lane/score_o_reg[2]/C
  -------------------------------------------------------------------    -------------------
    SLICE_X38Y149        FDCE (Prop_fdce_C_Q)         0.478     1.451 r  u_soa/u_core/u_scorer/g_lane[15].u_lane/score_o_reg[2]/Q
                         net (fo=7, routed)           1.183     2.634    u_soa/u_core/u_scorer/sc_score[15]_215[2]
    SLICE_X39Y145        LUT4 (Prop_lut4_I2_O)        0.301     2.935 r  u_soa/u_core/u_scorer/score_o[0][15]_i_2272/O
                         net (fo=1, routed)           0.000     2.935    u_soa/u_core/u_scorer/score_o[0][15]_i_2272_n_0
    SLICE_X39Y145        CARRY4 (Prop_carry4_S[1]_CO[3])
                                                      0.550     3.485 r  u_soa/u_core/u_scorer/score_o_reg[0][15]_i_1741/CO[3]
                         net (fo=1, routed)           0.000     3.485    u_soa/u_core/u_scorer/score_o_reg[0][15]_i_1741_n_0
    SLICE_X39Y146        CARRY4 (Prop_carry4_CI_CO[3])
                                                      0.114     3.599 r  u_soa/u_core/u_scorer/score_o_reg[0][15]_i_1172/CO[3]
                         net (fo=69, routed)          1.442     5.041    u_soa/u_core/u_scorer/score_o_reg[0][15]_i_1172_n_0
    SLICE_X41Y150        LUT4 (Prop_lut4_I3_O)        0.124     5.165 r  u_soa/u_core/u_scorer/score_o[0][15]_i_715/O
                         net (fo=85, routed)          1.345     6.510    u_soa/u_core/u_scorer/score_o[0][15]_i_715_n_0
    SLICE_X46Y148        LUT3 (Prop_lut3_I1_O)        0.124     6.634 f  u_soa/u_core/u_scorer/score_o[0][1]_i_107/O
                         net (fo=2, routed)           0.724     7.358    u_soa/u_core/u_scorer/score_o[0][1]_i_107_n_0
    SLICE_X48Y146        LUT6 (Prop_lut6_I1_O)        0.124     7.482 r  u_soa/u_core/u_scorer/score_o[4][15]_i_2352/O
                         net (fo=1, routed)           0.914     8.396    u_soa/u_core/u_scorer/score_o[4][15]_i_2352_n_0
    SLICE_X46Y143        CARRY4 (Prop_carry4_DI[0]_CO[3])
                                                      0.550     8.946 r  u_soa/u_core/u_scorer/score_o_reg[4][15]_i_1660/CO[3]
                         net (fo=1, routed)           0.000     8.946    u_soa/u_core/u_scorer/score_o_reg[4][15]_i_1660_n_0
    SLICE_X46Y144        CARRY4 (Prop_carry4_CI_CO[3])
                                                      0.117     9.063 f  u_soa/u_core/u_scorer/score_o_reg[4][15]_i_974/CO[3]
                         net (fo=2, routed)           1.345    10.408    u_soa/u_core/u_scorer/score_o_reg[4][15]_i_974_n_0
    SLICE_X33Y147        LUT4 (Prop_lut4_I0_O)        0.124    10.532 r  u_soa/u_core/u_scorer/score_o[0][15]_i_595/O
                         net (fo=81, routed)          1.306    11.839    u_soa/u_core/u_scorer/score_o[0][15]_i_595_n_0
    SLICE_X41Y149        LUT5 (Prop_lut5_I3_O)        0.124    11.963 r  u_soa/u_core/u_scorer/id_o[0][21]_i_92/O
                         net (fo=4, routed)           0.722    12.685    u_soa/u_core/u_scorer/id_o[0][21]_i_92_n_0
    SLICE_X40Y144        LUT6 (Prop_lut6_I5_O)        0.124    12.809 f  u_soa/u_core/u_scorer/score_o[0][15]_i_2572/O
                         net (fo=2, routed)           0.968    13.777    u_soa/u_core/u_scorer/score_o[0][15]_i_2572_n_0
    SLICE_X41Y140        LUT5 (Prop_lut5_I4_O)        0.124    13.901 r  u_soa/u_core/u_scorer/score_o[0][15]_i_2286/O
                         net (fo=1, routed)           0.000    13.901    u_soa/u_core/u_scorer/score_o[0][15]_i_2286_n_0
    SLICE_X41Y140        CARRY4 (Prop_carry4_S[3]_CO[3])
                                                      0.401    14.302 r  u_soa/u_core/u_scorer/score_o_reg[0][15]_i_1768/CO[3]
                         net (fo=1, routed)           0.000    14.302    u_soa/u_core/u_scorer/score_o_reg[0][15]_i_1768_n_0
    SLICE_X41Y141        CARRY4 (Prop_carry4_CI_CO[2])
                                                      0.228    14.530 r  u_soa/u_core/u_scorer/score_o_reg[0][15]_i_1183/CO[2]
                         net (fo=1, routed)           0.692    15.221    u_soa/u_core/u_scorer/u_topk/p_132_out
    SLICE_X41Y145        LUT6 (Prop_lut6_I5_O)        0.313    15.534 r  u_soa/u_core/u_scorer/score_o[0][15]_i_718/O
                         net (fo=6, routed)           0.624    16.158    u_soa/u_core/u_scorer/score_o[0][15]_i_718_n_0
    SLICE_X43Y146        LUT3 (Prop_lut3_I1_O)        0.124    16.282 r  u_soa/u_core/u_scorer/score_o[0][15]_i_382/O
                         net (fo=102, routed)         1.481    17.763    u_soa/u_core/u_scorer/score_o[0][15]_i_382_n_0
    SLICE_X44Y141        LUT3 (Prop_lut3_I1_O)        0.152    17.915 r  u_soa/u_core/u_scorer/id_o[0][0]_i_70/O
                         net (fo=5, routed)           1.594    19.509    u_soa/u_core/u_scorer/id_o[0][0]_i_70_n_0
    SLICE_X46Y132        LUT6 (Prop_lut6_I2_O)        0.326    19.835 r  u_soa/u_core/u_scorer/score_o[0][15]_i_1824/O
                         net (fo=1, routed)           0.000    19.835    u_soa/u_core/u_scorer/score_o[0][15]_i_1824_n_0
    SLICE_X46Y132        CARRY4 (Prop_carry4_S[0]_CO[3])
                                                      0.513    20.348 r  u_soa/u_core/u_scorer/score_o_reg[0][15]_i_1252/CO[3]
                         net (fo=1, routed)           0.000    20.348    u_soa/u_core/u_scorer/score_o_reg[0][15]_i_1252_n_0
    SLICE_X46Y133        CARRY4 (Prop_carry4_CI_CO[3])
                                                      0.117    20.465 r  u_soa/u_core/u_scorer/score_o_reg[0][15]_i_776/CO[3]
                         net (fo=1, routed)           0.000    20.465    u_soa/u_core/u_scorer/score_o_reg[0][15]_i_776_n_0
    SLICE_X46Y134        CARRY4 (Prop_carry4_CI_CO[2])
                                                      0.229    20.694 f  u_soa/u_core/u_scorer/score_o_reg[0][15]_i_419/CO[2]
                         net (fo=71, routed)          1.176    21.870    u_soa/u_core/u_scorer/u_topk/p_111_out
    SLICE_X49Y137        LUT4 (Prop_lut4_I2_O)        0.310    22.180 r  u_soa/u_core/u_scorer/score_o[0][15]_i_198/O
                         net (fo=72, routed)          1.291    23.471    u_soa/u_core/u_scorer/score_o[0][15]_i_198_n_0
    SLICE_X50Y148        LUT3 (Prop_lut3_I1_O)        0.150    23.621 f  u_soa/u_core/u_scorer/score_o[0][10]_i_63/O
                         net (fo=5, routed)           0.885    24.506    u_soa/u_core/u_scorer/score_o[0][10]_i_63_n_0
    SLICE_X51Y140        LUT6 (Prop_lut6_I5_O)        0.328    24.834 r  u_soa/u_core/u_scorer/score_o[0][15]_i_873/O
                         net (fo=1, routed)           1.272    26.106    u_soa/u_core/u_scorer/score_o[0][15]_i_873_n_0
    SLICE_X50Y128        CARRY4 (Prop_carry4_DI[1]_CO[3])
                                                      0.520    26.626 r  u_soa/u_core/u_scorer/score_o_reg[0][15]_i_479/CO[3]
                         net (fo=2, routed)           1.451    28.077    u_soa/u_core/u_scorer/score_o_reg[0][15]_i_479_n_0
    SLICE_X51Y135        LUT6 (Prop_lut6_I0_O)        0.124    28.201 r  u_soa/u_core/u_scorer/score_o[0][15]_i_216/O
                         net (fo=189, routed)         1.976    30.178    u_soa/u_core/u_scorer/score_o[0][15]_i_216_n_0
    SLICE_X54Y128        LUT5 (Prop_lut5_I3_O)        0.152    30.330 r  u_soa/u_core/u_scorer/score_o[0][3]_i_30/O
                         net (fo=5, routed)           0.885    31.215    u_soa/u_core/u_scorer/score_o[0][3]_i_30_n_0
    SLICE_X55Y125        LUT6 (Prop_lut6_I3_O)        0.348    31.563 r  u_soa/u_core/u_scorer/score_o[0][15]_i_1365/O
                         net (fo=1, routed)           0.705    32.268    u_soa/u_core/u_scorer/score_o[0][15]_i_1365_n_0
    SLICE_X55Y122        CARRY4 (Prop_carry4_DI[1]_CO[3])
                                                      0.507    32.775 r  u_soa/u_core/u_scorer/score_o_reg[0][15]_i_861/CO[3]
                         net (fo=1, routed)           0.000    32.775    u_soa/u_core/u_scorer/score_o_reg[0][15]_i_861_n_0
    SLICE_X55Y123        CARRY4 (Prop_carry4_CI_CO[3])
                                                      0.114    32.889 r  u_soa/u_core/u_scorer/score_o_reg[0][15]_i_478/CO[3]
                         net (fo=1, routed)           1.000    33.889    u_soa/u_core/u_scorer/score_o_reg[0][15]_i_478_n_0
    SLICE_X56Y130        LUT2 (Prop_lut2_I1_O)        0.124    34.013 f  u_soa/u_core/u_scorer/score_o[0][15]_i_215/O
                         net (fo=1, routed)           0.826    34.839    u_soa/u_core/u_scorer/score_o[0][15]_i_215_n_0
    SLICE_X50Y130        LUT6 (Prop_lut6_I5_O)        0.124    34.963 r  u_soa/u_core/u_scorer/score_o[0][15]_i_98/O
                         net (fo=105, routed)         1.369    36.332    u_soa/u_core/u_scorer/score_o[0][15]_i_98_n_0
    SLICE_X50Y125        LUT3 (Prop_lut3_I1_O)        0.150    36.482 r  u_soa/u_core/u_scorer/score_o[0][4]_i_31/O
                         net (fo=4, routed)           1.398    37.880    u_soa/u_core/u_scorer/score_o[0][4]_i_31_n_0
    SLICE_X40Y115        LUT6 (Prop_lut6_I2_O)        0.355    38.235 r  u_soa/u_core/u_scorer/score_o[0][15]_i_623/O
                         net (fo=1, routed)           0.000    38.235    u_soa/u_core/u_scorer/score_o[0][15]_i_623_n_0
    SLICE_X40Y115        CARRY4 (Prop_carry4_S[1]_CO[3])
                                                      0.550    38.785 r  u_soa/u_core/u_scorer/score_o_reg[0][15]_i_323/CO[3]
                         net (fo=1, routed)           0.000    38.785    u_soa/u_core/u_scorer/score_o_reg[0][15]_i_323_n_0
    SLICE_X40Y116        CARRY4 (Prop_carry4_CI_CO[1])
                                                      0.157    38.942 r  u_soa/u_core/u_scorer/score_o_reg[0][15]_i_151/CO[1]
                         net (fo=37, routed)          0.980    39.922    u_soa/u_core/u_scorer/score_o_reg[0][15]_i_151_n_2
    SLICE_X41Y117        LUT4 (Prop_lut4_I3_O)        0.329    40.251 r  u_soa/u_core/u_scorer/score_o[0][15]_i_76/O
                         net (fo=46, routed)          1.288    41.539    u_soa/u_core/u_scorer/score_o[0][15]_i_76_n_0
    SLICE_X35Y114        LUT3 (Prop_lut3_I1_O)        0.152    41.691 r  u_soa/u_core/u_scorer/score_o[0][6]_i_15/O
                         net (fo=5, routed)           0.955    42.646    u_soa/u_core/u_scorer/score_o[0][6]_i_15_n_0
    SLICE_X29Y114        LUT6 (Prop_lut6_I4_O)        0.332    42.978 r  u_soa/u_core/u_scorer/score_o[0][15]_i_827/O
                         net (fo=1, routed)           0.000    42.978    u_soa/u_core/u_scorer/score_o[0][15]_i_827_n_0
    SLICE_X29Y114        CARRY4 (Prop_carry4_S[2]_CO[3])
                                                      0.398    43.376 r  u_soa/u_core/u_scorer/score_o_reg[0][15]_i_450/CO[3]
                         net (fo=1, routed)           0.000    43.376    u_soa/u_core/u_scorer/score_o_reg[0][15]_i_450_n_0
    SLICE_X29Y115        CARRY4 (Prop_carry4_CI_CO[1])
                                                      0.157    43.533 f  u_soa/u_core/u_scorer/score_o_reg[0][15]_i_208/CO[1]
                         net (fo=2, routed)           1.036    44.568    u_soa/u_core/u_scorer/score_o_reg[0][15]_i_208_n_2
    SLICE_X11Y114        LUT2 (Prop_lut2_I0_O)        0.329    44.897 f  u_soa/u_core/u_scorer/score_o[0][15]_i_96/O
                         net (fo=10, routed)          0.995    45.892    u_soa/u_core/u_scorer/score_o[0][15]_i_96_n_0
    SLICE_X11Y117        LUT6 (Prop_lut6_I5_O)        0.124    46.016 r  u_soa/u_core/u_scorer/score_o[0][15]_i_29/O
                         net (fo=118, routed)         0.997    47.012    u_soa/u_core/u_scorer/score_o[0][15]_i_29_n_0
    SLICE_X12Y118        LUT3 (Prop_lut3_I1_O)        0.116    47.128 r  u_soa/u_core/u_scorer/id_o[4][12]_i_5/O
                         net (fo=5, routed)           0.940    48.069    u_soa/u_core/u_scorer/id_o[4][12]_i_5_n_0
    SLICE_X9Y118         LUT6 (Prop_lut6_I4_O)        0.328    48.397 r  u_soa/u_core/u_scorer/score_o[4][15]_i_1941/O
                         net (fo=1, routed)           0.448    48.844    u_soa/u_core/u_scorer/score_o[4][15]_i_1941_n_0
    SLICE_X8Y115         LUT5 (Prop_lut5_I4_O)        0.124    48.968 r  u_soa/u_core/u_scorer/score_o[4][15]_i_1269/O
                         net (fo=1, routed)           0.000    48.968    u_soa/u_core/u_scorer/score_o[4][15]_i_1269_n_0
    SLICE_X8Y115         CARRY4 (Prop_carry4_S[0]_CO[3])
                                                      0.513    49.481 r  u_soa/u_core/u_scorer/score_o_reg[4][15]_i_749/CO[3]
                         net (fo=1, routed)           0.000    49.481    u_soa/u_core/u_scorer/score_o_reg[4][15]_i_749_n_0
    SLICE_X8Y116         CARRY4 (Prop_carry4_CI_CO[2])
                                                      0.229    49.710 r  u_soa/u_core/u_scorer/score_o_reg[4][15]_i_320/CO[2]
                         net (fo=2, routed)           0.834    50.544    u_soa/u_core/u_scorer/score_o_reg[4][15]_i_320_n_1
    SLICE_X10Y116        LUT3 (Prop_lut3_I1_O)        0.310    50.854 r  u_soa/u_core/u_scorer/score_o[4][15]_i_99/O
                         net (fo=7, routed)           0.694    51.548    u_soa/u_core/u_scorer/score_o[4][15]_i_99_n_0
    SLICE_X10Y114        LUT6 (Prop_lut6_I0_O)        0.124    51.672 r  u_soa/u_core/u_scorer/score_o[4][15]_i_30/O
                         net (fo=102, routed)         1.092    52.763    u_soa/u_core/u_scorer/score_o[4][15]_i_30_n_0
    SLICE_X12Y113        LUT3 (Prop_lut3_I1_O)        0.124    52.887 f  u_soa/u_core/u_scorer/id_o[6][0]_i_2/O
                         net (fo=5, routed)           1.170    54.058    u_soa/u_core/u_scorer/id_o[6][0]_i_2_n_0
    SLICE_X12Y109        LUT6 (Prop_lut6_I5_O)        0.124    54.182 r  u_soa/u_core/u_scorer/score_o[6][15]_i_98/O
                         net (fo=1, routed)           0.543    54.724    u_soa/u_core/u_scorer/score_o[6][15]_i_98_n_0
    SLICE_X13Y107        CARRY4 (Prop_carry4_DI[0]_CO[3])
                                                      0.526    55.250 r  u_soa/u_core/u_scorer/score_o_reg[6][15]_i_76/CO[3]
                         net (fo=1, routed)           0.000    55.250    u_soa/u_core/u_scorer/score_o_reg[6][15]_i_76_n_0
    SLICE_X13Y108        CARRY4 (Prop_carry4_CI_CO[3])
                                                      0.114    55.364 r  u_soa/u_core/u_scorer/score_o_reg[6][15]_i_47/CO[3]
                         net (fo=1, routed)           0.000    55.364    u_soa/u_core/u_scorer/score_o_reg[6][15]_i_47_n_0
    SLICE_X13Y109        CARRY4 (Prop_carry4_CI_CO[3])
                                                      0.114    55.478 r  u_soa/u_core/u_scorer/score_o_reg[6][15]_i_22/CO[3]
                         net (fo=1, routed)           0.000    55.478    u_soa/u_core/u_scorer/score_o_reg[6][15]_i_22_n_0
    SLICE_X13Y110        CARRY4 (Prop_carry4_CI_CO[3])
                                                      0.114    55.592 r  u_soa/u_core/u_scorer/score_o_reg[6][15]_i_11/CO[3]
                         net (fo=1, routed)           1.024    56.616    u_soa/u_core/u_scorer/score_o_reg[6][15]_i_11_n_0
    SLICE_X8Y111         LUT3 (Prop_lut3_I0_O)        0.124    56.740 r  u_soa/u_core/u_scorer/score_o[6][15]_i_5/O
                         net (fo=1, routed)           0.670    57.411    u_soa/u_core/u_scorer/score_o[6][15]_i_5_n_0
    SLICE_X8Y111         LUT6 (Prop_lut6_I0_O)        0.124    57.535 r  u_soa/u_core/u_scorer/score_o[6][15]_i_3/O
                         net (fo=96, routed)          1.134    58.668    u_soa/u_core/u_scorer/score_o[6][15]_i_3_n_0
    SLICE_X5Y111         LUT3 (Prop_lut3_I2_O)        0.152    58.820 r  u_soa/u_core/u_scorer/id_o[7][16]_i_1/O
                         net (fo=1, routed)           0.000    58.820    u_soa/u_core/u_topk/id_o_reg[7][31]_1[16]
    SLICE_X5Y111         FDCE                                         r  u_soa/u_core/u_topk/id_o_reg[7][16]/D
  -------------------------------------------------------------------    -------------------

                         (clock clk rise edge)       10.000    10.000 r  <hidden>
                                                      0.000    10.000 r  clk
                         net (fo=52181, unset)        0.924    10.924    u_soa/u_core/u_topk/clk
    SLICE_X5Y111         FDCE                                         r  u_soa/u_core/u_topk/id_o_reg[7][16]/C
                         clock pessimism              0.000    10.924    <hidden>
                         clock uncertainty           -0.035    10.889    <hidden>
    SLICE_X5Y111         FDCE (Setup_fdce_C_D)        0.075    10.964    u_soa/u_core/u_topk/id_o_reg[7][16]
  -------------------------------------------------------------------
                         required time                         10.964    <hidden>
                         arrival time                         -58.820    <hidden>
  -------------------------------------------------------------------
                         slack                                -47.856    <hidden>

Slack (VIOLATED) :        -47.855ns  (required time - arrival time)
  Source:                 u_soa/u_core/u_scorer/g_lane[15].u_lane/score_o_reg[2]/C
                            (rising edge-triggered cell FDCE clocked by clk  {rise@0.000ns fall@5.000ns period=10.000ns})
  Destination:            u_soa/u_core/u_topk/id_o_reg[4][14]/D
                            (rising edge-triggered cell FDCE clocked by clk  {rise@0.000ns fall@5.000ns period=10.000ns})
  Path Group:             clk
  Path Type:              Setup (Max at Slow Process Corner)
  Requirement:            10.000ns  (clk rise@10.000ns - clk rise@0.000ns)
  Data Path Delay:        57.800ns  (logic 14.652ns (25.350%)  route 43.148ns (74.650%))
  Logic Levels:           58  (CARRY4=20 LUT2=2 LUT3=8 LUT4=7 LUT5=7 LUT6=14)
  Clock Path Skew:        -0.049ns (DCD - SCD + CPR)
    Destination Clock Delay (DCD):    0.924ns = ( 10.924 - 10.000 ) 
    Source Clock Delay      (SCD):    0.973ns
    Clock Pessimism Removal (CPR):    0.000ns
  Clock Uncertainty:      0.035ns  ((TSJ^2 + TIJ^2)^1/2 + DJ) / 2 + PE
    Total System Jitter     (TSJ):    0.071ns
    Total Input Jitter      (TIJ):    0.000ns
    Discrete Jitter          (DJ):    0.000ns
    Phase Error              (PE):    0.000ns

    Location             Delay type                Incr(ns)  Path(ns)    Netlist Resource(s)
  -------------------------------------------------------------------    -------------------
                         (clock clk rise edge)        0.000     0.000 r  <hidden>
                                                      0.000     0.000 r  clk
                         net (fo=52181, unset)        0.973     0.973    u_soa/u_core/u_scorer/g_lane[15].u_lane/clk
    SLICE_X38Y149        FDCE                                         r  u_soa/u_core/u_scorer/g_lane[15].u_lane/score_o_reg[2]/C
  -------------------------------------------------------------------    -------------------
    SLICE_X38Y149        FDCE (Prop_fdce_C_Q)         0.478     1.451 r  u_soa/u_core/u_scorer/g_lane[15].u_lane/score_o_reg[2]/Q
                         net (fo=7, routed)           1.183     2.634    u_soa/u_core/u_scorer/sc_score[15]_215[2]
    SLICE_X39Y145        LUT4 (Prop_lut4_I2_O)        0.301     2.935 r  u_soa/u_core/u_scorer/score_o[0][15]_i_2272/O
                         net (fo=1, routed)           0.000     2.935    u_soa/u_core/u_scorer/score_o[0][15]_i_2272_n_0
    SLICE_X39Y145        CARRY4 (Prop_carry4_S[1]_CO[3])
                                                      0.550     3.485 r  u_soa/u_core/u_scorer/score_o_reg[0][15]_i_1741/CO[3]
                         net (fo=1, routed)           0.000     3.485    u_soa/u_core/u_scorer/score_o_reg[0][15]_i_1741_n_0
    SLICE_X39Y146        CARRY4 (Prop_carry4_CI_CO[3])
                                                      0.114     3.599 r  u_soa/u_core/u_scorer/score_o_reg[0][15]_i_1172/CO[3]
                         net (fo=69, routed)          1.442     5.041    u_soa/u_core/u_scorer/score_o_reg[0][15]_i_1172_n_0
    SLICE_X41Y150        LUT4 (Prop_lut4_I3_O)        0.124     5.165 r  u_soa/u_core/u_scorer/score_o[0][15]_i_715/O
                         net (fo=85, routed)          1.345     6.510    u_soa/u_core/u_scorer/score_o[0][15]_i_715_n_0
    SLICE_X46Y148        LUT3 (Prop_lut3_I1_O)        0.124     6.634 f  u_soa/u_core/u_scorer/score_o[0][1]_i_107/O
                         net (fo=2, routed)           0.724     7.358    u_soa/u_core/u_scorer/score_o[0][1]_i_107_n_0
    SLICE_X48Y146        LUT6 (Prop_lut6_I1_O)        0.124     7.482 r  u_soa/u_core/u_scorer/score_o[4][15]_i_2352/O
                         net (fo=1, routed)           0.914     8.396    u_soa/u_core/u_scorer/score_o[4][15]_i_2352_n_0
    SLICE_X46Y143        CARRY4 (Prop_carry4_DI[0]_CO[3])
                                                      0.550     8.946 r  u_soa/u_core/u_scorer/score_o_reg[4][15]_i_1660/CO[3]
                         net (fo=1, routed)           0.000     8.946    u_soa/u_core/u_scorer/score_o_reg[4][15]_i_1660_n_0
    SLICE_X46Y144        CARRY4 (Prop_carry4_CI_CO[3])
                                                      0.117     9.063 f  u_soa/u_core/u_scorer/score_o_reg[4][15]_i_974/CO[3]
                         net (fo=2, routed)           1.345    10.408    u_soa/u_core/u_scorer/score_o_reg[4][15]_i_974_n_0
    SLICE_X33Y147        LUT4 (Prop_lut4_I0_O)        0.124    10.532 r  u_soa/u_core/u_scorer/score_o[0][15]_i_595/O
                         net (fo=81, routed)          1.306    11.839    u_soa/u_core/u_scorer/score_o[0][15]_i_595_n_0
    SLICE_X41Y149        LUT5 (Prop_lut5_I3_O)        0.124    11.963 r  u_soa/u_core/u_scorer/id_o[0][21]_i_92/O
                         net (fo=4, routed)           0.722    12.685    u_soa/u_core/u_scorer/id_o[0][21]_i_92_n_0
    SLICE_X40Y144        LUT6 (Prop_lut6_I5_O)        0.124    12.809 f  u_soa/u_core/u_scorer/score_o[0][15]_i_2572/O
                         net (fo=2, routed)           0.968    13.777    u_soa/u_core/u_scorer/score_o[0][15]_i_2572_n_0
    SLICE_X41Y140        LUT5 (Prop_lut5_I4_O)        0.124    13.901 r  u_soa/u_core/u_scorer/score_o[0][15]_i_2286/O
                         net (fo=1, routed)           0.000    13.901    u_soa/u_core/u_scorer/score_o[0][15]_i_2286_n_0
    SLICE_X41Y140        CARRY4 (Prop_carry4_S[3]_CO[3])
                                                      0.401    14.302 r  u_soa/u_core/u_scorer/score_o_reg[0][15]_i_1768/CO[3]
                         net (fo=1, routed)           0.000    14.302    u_soa/u_core/u_scorer/score_o_reg[0][15]_i_1768_n_0
    SLICE_X41Y141        CARRY4 (Prop_carry4_CI_CO[2])
                                                      0.228    14.530 r  u_soa/u_core/u_scorer/score_o_reg[0][15]_i_1183/CO[2]
                         net (fo=1, routed)           0.692    15.221    u_soa/u_core/u_scorer/u_topk/p_132_out
    SLICE_X41Y145        LUT6 (Prop_lut6_I5_O)        0.313    15.534 r  u_soa/u_core/u_scorer/score_o[0][15]_i_718/O
                         net (fo=6, routed)           0.624    16.158    u_soa/u_core/u_scorer/score_o[0][15]_i_718_n_0
    SLICE_X43Y146        LUT3 (Prop_lut3_I1_O)        0.124    16.282 r  u_soa/u_core/u_scorer/score_o[0][15]_i_382/O
                         net (fo=102, routed)         1.481    17.763    u_soa/u_core/u_scorer/score_o[0][15]_i_382_n_0
    SLICE_X44Y141        LUT3 (Prop_lut3_I1_O)        0.152    17.915 r  u_soa/u_core/u_scorer/id_o[0][0]_i_70/O
                         net (fo=5, routed)           1.594    19.509    u_soa/u_core/u_scorer/id_o[0][0]_i_70_n_0
    SLICE_X46Y132        LUT6 (Prop_lut6_I2_O)        0.326    19.835 r  u_soa/u_core/u_scorer/score_o[0][15]_i_1824/O
                         net (fo=1, routed)           0.000    19.835    u_soa/u_core/u_scorer/score_o[0][15]_i_1824_n_0
    SLICE_X46Y132        CARRY4 (Prop_carry4_S[0]_CO[3])
                                                      0.513    20.348 r  u_soa/u_core/u_scorer/score_o_reg[0][15]_i_1252/CO[3]
                         net (fo=1, routed)           0.000    20.348    u_soa/u_core/u_scorer/score_o_reg[0][15]_i_1252_n_0
    SLICE_X46Y133        CARRY4 (Prop_carry4_CI_CO[3])
                                                      0.117    20.465 r  u_soa/u_core/u_scorer/score_o_reg[0][15]_i_776/CO[3]
                         net (fo=1, routed)           0.000    20.465    u_soa/u_core/u_scorer/score_o_reg[0][15]_i_776_n_0
    SLICE_X46Y134        CARRY4 (Prop_carry4_CI_CO[2])
                                                      0.229    20.694 f  u_soa/u_core/u_scorer/score_o_reg[0][15]_i_419/CO[2]
                         net (fo=71, routed)          1.176    21.870    u_soa/u_core/u_scorer/u_topk/p_111_out
    SLICE_X49Y137        LUT4 (Prop_lut4_I2_O)        0.310    22.180 r  u_soa/u_core/u_scorer/score_o[0][15]_i_198/O
                         net (fo=72, routed)          1.291    23.471    u_soa/u_core/u_scorer/score_o[0][15]_i_198_n_0
    SLICE_X50Y148        LUT3 (Prop_lut3_I1_O)        0.150    23.621 f  u_soa/u_core/u_scorer/score_o[0][10]_i_63/O
                         net (fo=5, routed)           0.885    24.506    u_soa/u_core/u_scorer/score_o[0][10]_i_63_n_0
    SLICE_X51Y140        LUT6 (Prop_lut6_I5_O)        0.328    24.834 r  u_soa/u_core/u_scorer/score_o[0][15]_i_873/O
                         net (fo=1, routed)           1.272    26.106    u_soa/u_core/u_scorer/score_o[0][15]_i_873_n_0
    SLICE_X50Y128        CARRY4 (Prop_carry4_DI[1]_CO[3])
                                                      0.520    26.626 r  u_soa/u_core/u_scorer/score_o_reg[0][15]_i_479/CO[3]
                         net (fo=2, routed)           1.451    28.077    u_soa/u_core/u_scorer/score_o_reg[0][15]_i_479_n_0
    SLICE_X51Y135        LUT6 (Prop_lut6_I0_O)        0.124    28.201 r  u_soa/u_core/u_scorer/score_o[0][15]_i_216/O
                         net (fo=189, routed)         1.976    30.178    u_soa/u_core/u_scorer/score_o[0][15]_i_216_n_0
    SLICE_X54Y128        LUT5 (Prop_lut5_I3_O)        0.152    30.330 r  u_soa/u_core/u_scorer/score_o[0][3]_i_30/O
                         net (fo=5, routed)           0.885    31.215    u_soa/u_core/u_scorer/score_o[0][3]_i_30_n_0
    SLICE_X55Y125        LUT6 (Prop_lut6_I3_O)        0.348    31.563 r  u_soa/u_core/u_scorer/score_o[0][15]_i_1365/O
                         net (fo=1, routed)           0.705    32.268    u_soa/u_core/u_scorer/score_o[0][15]_i_1365_n_0
    SLICE_X55Y122        CARRY4 (Prop_carry4_DI[1]_CO[3])
                                                      0.507    32.775 r  u_soa/u_core/u_scorer/score_o_reg[0][15]_i_861/CO[3]
                         net (fo=1, routed)           0.000    32.775    u_soa/u_core/u_scorer/score_o_reg[0][15]_i_861_n_0
    SLICE_X55Y123        CARRY4 (Prop_carry4_CI_CO[3])
                                                      0.114    32.889 r  u_soa/u_core/u_scorer/score_o_reg[0][15]_i_478/CO[3]
                         net (fo=1, routed)           1.000    33.889    u_soa/u_core/u_scorer/score_o_reg[0][15]_i_478_n_0
    SLICE_X56Y130        LUT2 (Prop_lut2_I1_O)        0.124    34.013 f  u_soa/u_core/u_scorer/score_o[0][15]_i_215/O
                         net (fo=1, routed)           0.826    34.839    u_soa/u_core/u_scorer/score_o[0][15]_i_215_n_0
    SLICE_X50Y130        LUT6 (Prop_lut6_I5_O)        0.124    34.963 r  u_soa/u_core/u_scorer/score_o[0][15]_i_98/O
                         net (fo=105, routed)         1.369    36.332    u_soa/u_core/u_scorer/score_o[0][15]_i_98_n_0
    SLICE_X50Y125        LUT3 (Prop_lut3_I1_O)        0.150    36.482 r  u_soa/u_core/u_scorer/score_o[0][4]_i_31/O
                         net (fo=4, routed)           1.398    37.880    u_soa/u_core/u_scorer/score_o[0][4]_i_31_n_0
    SLICE_X40Y115        LUT6 (Prop_lut6_I2_O)        0.355    38.235 r  u_soa/u_core/u_scorer/score_o[0][15]_i_623/O
                         net (fo=1, routed)           0.000    38.235    u_soa/u_core/u_scorer/score_o[0][15]_i_623_n_0
    SLICE_X40Y115        CARRY4 (Prop_carry4_S[1]_CO[3])
                                                      0.550    38.785 r  u_soa/u_core/u_scorer/score_o_reg[0][15]_i_323/CO[3]
                         net (fo=1, routed)           0.000    38.785    u_soa/u_core/u_scorer/score_o_reg[0][15]_i_323_n_0
    SLICE_X40Y116        CARRY4 (Prop_carry4_CI_CO[1])
                                                      0.157    38.942 r  u_soa/u_core/u_scorer/score_o_reg[0][15]_i_151/CO[1]
                         net (fo=37, routed)          0.980    39.922    u_soa/u_core/u_scorer/score_o_reg[0][15]_i_151_n_2
    SLICE_X41Y117        LUT4 (Prop_lut4_I3_O)        0.329    40.251 r  u_soa/u_core/u_scorer/score_o[0][15]_i_76/O
                         net (fo=46, routed)          1.288    41.539    u_soa/u_core/u_scorer/score_o[0][15]_i_76_n_0
    SLICE_X35Y114        LUT3 (Prop_lut3_I1_O)        0.152    41.691 r  u_soa/u_core/u_scorer/score_o[0][6]_i_15/O
                         net (fo=5, routed)           0.955    42.646    u_soa/u_core/u_scorer/score_o[0][6]_i_15_n_0
    SLICE_X29Y114        LUT6 (Prop_lut6_I4_O)        0.332    42.978 r  u_soa/u_core/u_scorer/score_o[0][15]_i_827/O
                         net (fo=1, routed)           0.000    42.978    u_soa/u_core/u_scorer/score_o[0][15]_i_827_n_0
    SLICE_X29Y114        CARRY4 (Prop_carry4_S[2]_CO[3])
                                                      0.398    43.376 r  u_soa/u_core/u_scorer/score_o_reg[0][15]_i_450/CO[3]
                         net (fo=1, routed)           0.000    43.376    u_soa/u_core/u_scorer/score_o_reg[0][15]_i_450_n_0
    SLICE_X29Y115        CARRY4 (Prop_carry4_CI_CO[1])
                                                      0.157    43.533 f  u_soa/u_core/u_scorer/score_o_reg[0][15]_i_208/CO[1]
                         net (fo=2, routed)           1.036    44.568    u_soa/u_core/u_scorer/score_o_reg[0][15]_i_208_n_2
    SLICE_X11Y114        LUT2 (Prop_lut2_I0_O)        0.329    44.897 f  u_soa/u_core/u_scorer/score_o[0][15]_i_96/O
                         net (fo=10, routed)          0.995    45.892    u_soa/u_core/u_scorer/score_o[0][15]_i_96_n_0
    SLICE_X11Y117        LUT6 (Prop_lut6_I5_O)        0.124    46.016 r  u_soa/u_core/u_scorer/score_o[0][15]_i_29/O
                         net (fo=118, routed)         0.997    47.012    u_soa/u_core/u_scorer/score_o[0][15]_i_29_n_0
    SLICE_X12Y118        LUT3 (Prop_lut3_I1_O)        0.116    47.128 r  u_soa/u_core/u_scorer/id_o[4][12]_i_5/O
                         net (fo=5, routed)           0.940    48.069    u_soa/u_core/u_scorer/id_o[4][12]_i_5_n_0
    SLICE_X9Y118         LUT6 (Prop_lut6_I4_O)        0.328    48.397 r  u_soa/u_core/u_scorer/score_o[4][15]_i_1941/O
                         net (fo=1, routed)           0.448    48.844    u_soa/u_core/u_scorer/score_o[4][15]_i_1941_n_0
    SLICE_X8Y115         LUT5 (Prop_lut5_I4_O)        0.124    48.968 r  u_soa/u_core/u_scorer/score_o[4][15]_i_1269/O
                         net (fo=1, routed)           0.000    48.968    u_soa/u_core/u_scorer/score_o[4][15]_i_1269_n_0
    SLICE_X8Y115         CARRY4 (Prop_carry4_S[0]_CO[3])
                                                      0.513    49.481 r  u_soa/u_core/u_scorer/score_o_reg[4][15]_i_749/CO[3]
                         net (fo=1, routed)           0.000    49.481    u_soa/u_core/u_scorer/score_o_reg[4][15]_i_749_n_0
    SLICE_X8Y116         CARRY4 (Prop_carry4_CI_CO[2])
                                                      0.229    49.710 r  u_soa/u_core/u_scorer/score_o_reg[4][15]_i_320/CO[2]
                         net (fo=2, routed)           0.834    50.544    u_soa/u_core/u_scorer/score_o_reg[4][15]_i_320_n_1
    SLICE_X10Y116        LUT3 (Prop_lut3_I1_O)        0.310    50.854 r  u_soa/u_core/u_scorer/score_o[4][15]_i_99/O
                         net (fo=7, routed)           0.694    51.548    u_soa/u_core/u_scorer/score_o[4][15]_i_99_n_0
    SLICE_X10Y114        LUT6 (Prop_lut6_I0_O)        0.124    51.672 r  u_soa/u_core/u_scorer/score_o[4][15]_i_30/O
                         net (fo=102, routed)         0.872    52.543    u_soa/u_core/u_scorer/score_o[4][15]_i_30_n_0
    SLICE_X15Y113        LUT5 (Prop_lut5_I3_O)        0.124    52.667 r  u_soa/u_core/u_scorer/id_o[4][14]_i_2/O
                         net (fo=4, routed)           1.000    53.667    u_soa/u_core/u_scorer/id_o[4][14]_i_2_n_0
    SLICE_X14Y107        LUT4 (Prop_lut4_I3_O)        0.124    53.791 r  u_soa/u_core/u_scorer/score_o[4][15]_i_1242/O
                         net (fo=2, routed)           0.856    54.647    u_soa/u_core/u_scorer/score_o[4][15]_i_1242_n_0
    SLICE_X15Y109        LUT4 (Prop_lut4_I0_O)        0.124    54.771 r  u_soa/u_core/u_scorer/score_o[4][15]_i_717/O
                         net (fo=1, routed)           0.000    54.771    u_soa/u_core/u_scorer/score_o[4][15]_i_717_n_0
    SLICE_X15Y109        CARRY4 (Prop_carry4_S[0]_CO[3])
                                                      0.532    55.303 r  u_soa/u_core/u_scorer/score_o_reg[4][15]_i_291/CO[3]
                         net (fo=1, routed)           0.000    55.303    u_soa/u_core/u_scorer/score_o_reg[4][15]_i_291_n_0
    SLICE_X15Y110        CARRY4 (Prop_carry4_CI_CO[2])
                                                      0.228    55.531 f  u_soa/u_core/u_scorer/score_o_reg[4][15]_i_83/CO[2]
                         net (fo=2, routed)           0.803    56.334    u_soa/u_core/u_scorer/score_o_reg[4][15]_i_83_n_1
    SLICE_X28Y110        LUT5 (Prop_lut5_I0_O)        0.313    56.647 f  u_soa/u_core/u_scorer/score_o[4][15]_i_27/O
                         net (fo=1, routed)           0.947    57.594    u_soa/u_core/u_scorer/score_o[4][15]_i_27_n_0
    SLICE_X29Y107        LUT6 (Prop_lut6_I4_O)        0.124    57.718 r  u_soa/u_core/u_scorer/score_o[4][15]_i_5/O
                         net (fo=96, routed)          0.930    58.649    u_soa/u_core/u_scorer/score_o[4][15]_i_5_n_0
    SLICE_X29Y106        LUT5 (Prop_lut5_I4_O)        0.124    58.773 r  u_soa/u_core/u_scorer/id_o[4][14]_i_1/O
                         net (fo=1, routed)           0.000    58.773    u_soa/u_core/u_topk/id_o_reg[4][31]_0[14]
    SLICE_X29Y106        FDCE                                         r  u_soa/u_core/u_topk/id_o_reg[4][14]/D
  -------------------------------------------------------------------    -------------------

                         (clock clk rise edge)       10.000    10.000 r  <hidden>
                                                      0.000    10.000 r  clk
                         net (fo=52181, unset)        0.924    10.924    u_soa/u_core/u_topk/clk
    SLICE_X29Y106        FDCE                                         r  u_soa/u_core/u_topk/id_o_reg[4][14]/C
                         clock pessimism              0.000    10.924    <hidden>
                         clock uncertainty           -0.035    10.889    <hidden>
    SLICE_X29Y106        FDCE (Setup_fdce_C_D)        0.029    10.918    u_soa/u_core/u_topk/id_o_reg[4][14]
  -------------------------------------------------------------------
                         required time                         10.918    <hidden>
                         arrival time                         -58.773    <hidden>
  -------------------------------------------------------------------
                         slack                                -47.855    <hidden>

Slack (VIOLATED) :        -47.849ns  (required time - arrival time)
  Source:                 u_soa/u_core/u_scorer/g_lane[15].u_lane/score_o_reg[2]/C
                            (rising edge-triggered cell FDCE clocked by clk  {rise@0.000ns fall@5.000ns period=10.000ns})
  Destination:            u_soa/u_core/u_topk/score_o_reg[4][12]/D
                            (rising edge-triggered cell FDCE clocked by clk  {rise@0.000ns fall@5.000ns period=10.000ns})
  Path Group:             clk
  Path Type:              Setup (Max at Slow Process Corner)
  Requirement:            10.000ns  (clk rise@10.000ns - clk rise@0.000ns)
  Data Path Delay:        57.797ns  (logic 14.652ns (25.351%)  route 43.145ns (74.649%))
  Logic Levels:           58  (CARRY4=20 LUT2=2 LUT3=9 LUT4=7 LUT5=6 LUT6=14)
  Clock Path Skew:        -0.049ns (DCD - SCD + CPR)
    Destination Clock Delay (DCD):    0.924ns = ( 10.924 - 10.000 ) 
    Source Clock Delay      (SCD):    0.973ns
    Clock Pessimism Removal (CPR):    0.000ns
  Clock Uncertainty:      0.035ns  ((TSJ^2 + TIJ^2)^1/2 + DJ) / 2 + PE
    Total System Jitter     (TSJ):    0.071ns
    Total Input Jitter      (TIJ):    0.000ns
    Discrete Jitter          (DJ):    0.000ns
    Phase Error              (PE):    0.000ns

    Location             Delay type                Incr(ns)  Path(ns)    Netlist Resource(s)
  -------------------------------------------------------------------    -------------------
                         (clock clk rise edge)        0.000     0.000 r  <hidden>
                                                      0.000     0.000 r  clk
                         net (fo=52181, unset)        0.973     0.973    u_soa/u_core/u_scorer/g_lane[15].u_lane/clk
    SLICE_X38Y149        FDCE                                         r  u_soa/u_core/u_scorer/g_lane[15].u_lane/score_o_reg[2]/C
  -------------------------------------------------------------------    -------------------
    SLICE_X38Y149        FDCE (Prop_fdce_C_Q)         0.478     1.451 r  u_soa/u_core/u_scorer/g_lane[15].u_lane/score_o_reg[2]/Q
                         net (fo=7, routed)           1.183     2.634    u_soa/u_core/u_scorer/sc_score[15]_215[2]
    SLICE_X39Y145        LUT4 (Prop_lut4_I2_O)        0.301     2.935 r  u_soa/u_core/u_scorer/score_o[0][15]_i_2272/O
                         net (fo=1, routed)           0.000     2.935    u_soa/u_core/u_scorer/score_o[0][15]_i_2272_n_0
    SLICE_X39Y145        CARRY4 (Prop_carry4_S[1]_CO[3])
                                                      0.550     3.485 r  u_soa/u_core/u_scorer/score_o_reg[0][15]_i_1741/CO[3]
                         net (fo=1, routed)           0.000     3.485    u_soa/u_core/u_scorer/score_o_reg[0][15]_i_1741_n_0
    SLICE_X39Y146        CARRY4 (Prop_carry4_CI_CO[3])
                                                      0.114     3.599 r  u_soa/u_core/u_scorer/score_o_reg[0][15]_i_1172/CO[3]
                         net (fo=69, routed)          1.442     5.041    u_soa/u_core/u_scorer/score_o_reg[0][15]_i_1172_n_0
    SLICE_X41Y150        LUT4 (Prop_lut4_I3_O)        0.124     5.165 r  u_soa/u_core/u_scorer/score_o[0][15]_i_715/O
                         net (fo=85, routed)          1.345     6.510    u_soa/u_core/u_scorer/score_o[0][15]_i_715_n_0
    SLICE_X46Y148        LUT3 (Prop_lut3_I1_O)        0.124     6.634 f  u_soa/u_core/u_scorer/score_o[0][1]_i_107/O
                         net (fo=2, routed)           0.724     7.358    u_soa/u_core/u_scorer/score_o[0][1]_i_107_n_0
    SLICE_X48Y146        LUT6 (Prop_lut6_I1_O)        0.124     7.482 r  u_soa/u_core/u_scorer/score_o[4][15]_i_2352/O
                         net (fo=1, routed)           0.914     8.396    u_soa/u_core/u_scorer/score_o[4][15]_i_2352_n_0
    SLICE_X46Y143        CARRY4 (Prop_carry4_DI[0]_CO[3])
                                                      0.550     8.946 r  u_soa/u_core/u_scorer/score_o_reg[4][15]_i_1660/CO[3]
                         net (fo=1, routed)           0.000     8.946    u_soa/u_core/u_scorer/score_o_reg[4][15]_i_1660_n_0
    SLICE_X46Y144        CARRY4 (Prop_carry4_CI_CO[3])
                                                      0.117     9.063 f  u_soa/u_core/u_scorer/score_o_reg[4][15]_i_974/CO[3]
                         net (fo=2, routed)           1.345    10.408    u_soa/u_core/u_scorer/score_o_reg[4][15]_i_974_n_0
    SLICE_X33Y147        LUT4 (Prop_lut4_I0_O)        0.124    10.532 r  u_soa/u_core/u_scorer/score_o[0][15]_i_595/O
                         net (fo=81, routed)          1.306    11.839    u_soa/u_core/u_scorer/score_o[0][15]_i_595_n_0
    SLICE_X41Y149        LUT5 (Prop_lut5_I3_O)        0.124    11.963 r  u_soa/u_core/u_scorer/id_o[0][21]_i_92/O
                         net (fo=4, routed)           0.722    12.685    u_soa/u_core/u_scorer/id_o[0][21]_i_92_n_0
    SLICE_X40Y144        LUT6 (Prop_lut6_I5_O)        0.124    12.809 f  u_soa/u_core/u_scorer/score_o[0][15]_i_2572/O
                         net (fo=2, routed)           0.968    13.777    u_soa/u_core/u_scorer/score_o[0][15]_i_2572_n_0
    SLICE_X41Y140        LUT5 (Prop_lut5_I4_O)        0.124    13.901 r  u_soa/u_core/u_scorer/score_o[0][15]_i_2286/O
                         net (fo=1, routed)           0.000    13.901    u_soa/u_core/u_scorer/score_o[0][15]_i_2286_n_0
    SLICE_X41Y140        CARRY4 (Prop_carry4_S[3]_CO[3])
                                                      0.401    14.302 r  u_soa/u_core/u_scorer/score_o_reg[0][15]_i_1768/CO[3]
                         net (fo=1, routed)           0.000    14.302    u_soa/u_core/u_scorer/score_o_reg[0][15]_i_1768_n_0
    SLICE_X41Y141        CARRY4 (Prop_carry4_CI_CO[2])
                                                      0.228    14.530 r  u_soa/u_core/u_scorer/score_o_reg[0][15]_i_1183/CO[2]
                         net (fo=1, routed)           0.692    15.221    u_soa/u_core/u_scorer/u_topk/p_132_out
    SLICE_X41Y145        LUT6 (Prop_lut6_I5_O)        0.313    15.534 r  u_soa/u_core/u_scorer/score_o[0][15]_i_718/O
                         net (fo=6, routed)           0.624    16.158    u_soa/u_core/u_scorer/score_o[0][15]_i_718_n_0
    SLICE_X43Y146        LUT3 (Prop_lut3_I1_O)        0.124    16.282 r  u_soa/u_core/u_scorer/score_o[0][15]_i_382/O
                         net (fo=102, routed)         1.481    17.763    u_soa/u_core/u_scorer/score_o[0][15]_i_382_n_0
    SLICE_X44Y141        LUT3 (Prop_lut3_I1_O)        0.152    17.915 r  u_soa/u_core/u_scorer/id_o[0][0]_i_70/O
                         net (fo=5, routed)           1.594    19.509    u_soa/u_core/u_scorer/id_o[0][0]_i_70_n_0
    SLICE_X46Y132        LUT6 (Prop_lut6_I2_O)        0.326    19.835 r  u_soa/u_core/u_scorer/score_o[0][15]_i_1824/O
                         net (fo=1, routed)           0.000    19.835    u_soa/u_core/u_scorer/score_o[0][15]_i_1824_n_0
    SLICE_X46Y132        CARRY4 (Prop_carry4_S[0]_CO[3])
                                                      0.513    20.348 r  u_soa/u_core/u_scorer/score_o_reg[0][15]_i_1252/CO[3]
                         net (fo=1, routed)           0.000    20.348    u_soa/u_core/u_scorer/score_o_reg[0][15]_i_1252_n_0
    SLICE_X46Y133        CARRY4 (Prop_carry4_CI_CO[3])
                                                      0.117    20.465 r  u_soa/u_core/u_scorer/score_o_reg[0][15]_i_776/CO[3]
                         net (fo=1, routed)           0.000    20.465    u_soa/u_core/u_scorer/score_o_reg[0][15]_i_776_n_0
    SLICE_X46Y134        CARRY4 (Prop_carry4_CI_CO[2])
                                                      0.229    20.694 f  u_soa/u_core/u_scorer/score_o_reg[0][15]_i_419/CO[2]
                         net (fo=71, routed)          1.176    21.870    u_soa/u_core/u_scorer/u_topk/p_111_out
    SLICE_X49Y137        LUT4 (Prop_lut4_I2_O)        0.310    22.180 r  u_soa/u_core/u_scorer/score_o[0][15]_i_198/O
                         net (fo=72, routed)          1.291    23.471    u_soa/u_core/u_scorer/score_o[0][15]_i_198_n_0
    SLICE_X50Y148        LUT3 (Prop_lut3_I1_O)        0.150    23.621 f  u_soa/u_core/u_scorer/score_o[0][10]_i_63/O
                         net (fo=5, routed)           0.885    24.506    u_soa/u_core/u_scorer/score_o[0][10]_i_63_n_0
    SLICE_X51Y140        LUT6 (Prop_lut6_I5_O)        0.328    24.834 r  u_soa/u_core/u_scorer/score_o[0][15]_i_873/O
                         net (fo=1, routed)           1.272    26.106    u_soa/u_core/u_scorer/score_o[0][15]_i_873_n_0
    SLICE_X50Y128        CARRY4 (Prop_carry4_DI[1]_CO[3])
                                                      0.520    26.626 r  u_soa/u_core/u_scorer/score_o_reg[0][15]_i_479/CO[3]
                         net (fo=2, routed)           1.451    28.077    u_soa/u_core/u_scorer/score_o_reg[0][15]_i_479_n_0
    SLICE_X51Y135        LUT6 (Prop_lut6_I0_O)        0.124    28.201 r  u_soa/u_core/u_scorer/score_o[0][15]_i_216/O
                         net (fo=189, routed)         1.976    30.178    u_soa/u_core/u_scorer/score_o[0][15]_i_216_n_0
    SLICE_X54Y128        LUT5 (Prop_lut5_I3_O)        0.152    30.330 r  u_soa/u_core/u_scorer/score_o[0][3]_i_30/O
                         net (fo=5, routed)           0.885    31.215    u_soa/u_core/u_scorer/score_o[0][3]_i_30_n_0
    SLICE_X55Y125        LUT6 (Prop_lut6_I3_O)        0.348    31.563 r  u_soa/u_core/u_scorer/score_o[0][15]_i_1365/O
                         net (fo=1, routed)           0.705    32.268    u_soa/u_core/u_scorer/score_o[0][15]_i_1365_n_0
    SLICE_X55Y122        CARRY4 (Prop_carry4_DI[1]_CO[3])
                                                      0.507    32.775 r  u_soa/u_core/u_scorer/score_o_reg[0][15]_i_861/CO[3]
                         net (fo=1, routed)           0.000    32.775    u_soa/u_core/u_scorer/score_o_reg[0][15]_i_861_n_0
    SLICE_X55Y123        CARRY4 (Prop_carry4_CI_CO[3])
                                                      0.114    32.889 r  u_soa/u_core/u_scorer/score_o_reg[0][15]_i_478/CO[3]
                         net (fo=1, routed)           1.000    33.889    u_soa/u_core/u_scorer/score_o_reg[0][15]_i_478_n_0
    SLICE_X56Y130        LUT2 (Prop_lut2_I1_O)        0.124    34.013 f  u_soa/u_core/u_scorer/score_o[0][15]_i_215/O
                         net (fo=1, routed)           0.826    34.839    u_soa/u_core/u_scorer/score_o[0][15]_i_215_n_0
    SLICE_X50Y130        LUT6 (Prop_lut6_I5_O)        0.124    34.963 r  u_soa/u_core/u_scorer/score_o[0][15]_i_98/O
                         net (fo=105, routed)         1.369    36.332    u_soa/u_core/u_scorer/score_o[0][15]_i_98_n_0
    SLICE_X50Y125        LUT3 (Prop_lut3_I1_O)        0.150    36.482 r  u_soa/u_core/u_scorer/score_o[0][4]_i_31/O
                         net (fo=4, routed)           1.398    37.880    u_soa/u_core/u_scorer/score_o[0][4]_i_31_n_0
    SLICE_X40Y115        LUT6 (Prop_lut6_I2_O)        0.355    38.235 r  u_soa/u_core/u_scorer/score_o[0][15]_i_623/O
                         net (fo=1, routed)           0.000    38.235    u_soa/u_core/u_scorer/score_o[0][15]_i_623_n_0
    SLICE_X40Y115        CARRY4 (Prop_carry4_S[1]_CO[3])
                                                      0.550    38.785 r  u_soa/u_core/u_scorer/score_o_reg[0][15]_i_323/CO[3]
                         net (fo=1, routed)           0.000    38.785    u_soa/u_core/u_scorer/score_o_reg[0][15]_i_323_n_0
    SLICE_X40Y116        CARRY4 (Prop_carry4_CI_CO[1])
                                                      0.157    38.942 r  u_soa/u_core/u_scorer/score_o_reg[0][15]_i_151/CO[1]
                         net (fo=37, routed)          0.980    39.922    u_soa/u_core/u_scorer/score_o_reg[0][15]_i_151_n_2
    SLICE_X41Y117        LUT4 (Prop_lut4_I3_O)        0.329    40.251 r  u_soa/u_core/u_scorer/score_o[0][15]_i_76/O
                         net (fo=46, routed)          1.288    41.539    u_soa/u_core/u_scorer/score_o[0][15]_i_76_n_0
    SLICE_X35Y114        LUT3 (Prop_lut3_I1_O)        0.152    41.691 r  u_soa/u_core/u_scorer/score_o[0][6]_i_15/O
                         net (fo=5, routed)           0.955    42.646    u_soa/u_core/u_scorer/score_o[0][6]_i_15_n_0
    SLICE_X29Y114        LUT6 (Prop_lut6_I4_O)        0.332    42.978 r  u_soa/u_core/u_scorer/score_o[0][15]_i_827/O
                         net (fo=1, routed)           0.000    42.978    u_soa/u_core/u_scorer/score_o[0][15]_i_827_n_0
    SLICE_X29Y114        CARRY4 (Prop_carry4_S[2]_CO[3])
                                                      0.398    43.376 r  u_soa/u_core/u_scorer/score_o_reg[0][15]_i_450/CO[3]
                         net (fo=1, routed)           0.000    43.376    u_soa/u_core/u_scorer/score_o_reg[0][15]_i_450_n_0
    SLICE_X29Y115        CARRY4 (Prop_carry4_CI_CO[1])
                                                      0.157    43.533 f  u_soa/u_core/u_scorer/score_o_reg[0][15]_i_208/CO[1]
                         net (fo=2, routed)           1.036    44.568    u_soa/u_core/u_scorer/score_o_reg[0][15]_i_208_n_2
    SLICE_X11Y114        LUT2 (Prop_lut2_I0_O)        0.329    44.897 f  u_soa/u_core/u_scorer/score_o[0][15]_i_96/O
                         net (fo=10, routed)          0.995    45.892    u_soa/u_core/u_scorer/score_o[0][15]_i_96_n_0
    SLICE_X11Y117        LUT6 (Prop_lut6_I5_O)        0.124    46.016 r  u_soa/u_core/u_scorer/score_o[0][15]_i_29/O
                         net (fo=118, routed)         0.997    47.012    u_soa/u_core/u_scorer/score_o[0][15]_i_29_n_0
    SLICE_X12Y118        LUT3 (Prop_lut3_I1_O)        0.116    47.128 r  u_soa/u_core/u_scorer/id_o[4][12]_i_5/O
                         net (fo=5, routed)           0.940    48.069    u_soa/u_core/u_scorer/id_o[4][12]_i_5_n_0
    SLICE_X9Y118         LUT6 (Prop_lut6_I4_O)        0.328    48.397 r  u_soa/u_core/u_scorer/score_o[4][15]_i_1941/O
                         net (fo=1, routed)           0.448    48.844    u_soa/u_core/u_scorer/score_o[4][15]_i_1941_n_0
    SLICE_X8Y115         LUT5 (Prop_lut5_I4_O)        0.124    48.968 r  u_soa/u_core/u_scorer/score_o[4][15]_i_1269/O
                         net (fo=1, routed)           0.000    48.968    u_soa/u_core/u_scorer/score_o[4][15]_i_1269_n_0
    SLICE_X8Y115         CARRY4 (Prop_carry4_S[0]_CO[3])
                                                      0.513    49.481 r  u_soa/u_core/u_scorer/score_o_reg[4][15]_i_749/CO[3]
                         net (fo=1, routed)           0.000    49.481    u_soa/u_core/u_scorer/score_o_reg[4][15]_i_749_n_0
    SLICE_X8Y116         CARRY4 (Prop_carry4_CI_CO[2])
                                                      0.229    49.710 r  u_soa/u_core/u_scorer/score_o_reg[4][15]_i_320/CO[2]
                         net (fo=2, routed)           0.834    50.544    u_soa/u_core/u_scorer/score_o_reg[4][15]_i_320_n_1
    SLICE_X10Y116        LUT3 (Prop_lut3_I1_O)        0.310    50.854 r  u_soa/u_core/u_scorer/score_o[4][15]_i_99/O
                         net (fo=7, routed)           0.694    51.548    u_soa/u_core/u_scorer/score_o[4][15]_i_99_n_0
    SLICE_X10Y114        LUT6 (Prop_lut6_I0_O)        0.124    51.672 r  u_soa/u_core/u_scorer/score_o[4][15]_i_30/O
                         net (fo=102, routed)         0.872    52.543    u_soa/u_core/u_scorer/score_o[4][15]_i_30_n_0
    SLICE_X15Y113        LUT5 (Prop_lut5_I3_O)        0.124    52.667 r  u_soa/u_core/u_scorer/id_o[4][14]_i_2/O
                         net (fo=4, routed)           1.000    53.667    u_soa/u_core/u_scorer/id_o[4][14]_i_2_n_0
    SLICE_X14Y107        LUT4 (Prop_lut4_I3_O)        0.124    53.791 r  u_soa/u_core/u_scorer/score_o[4][15]_i_1242/O
                         net (fo=2, routed)           0.856    54.647    u_soa/u_core/u_scorer/score_o[4][15]_i_1242_n_0
    SLICE_X15Y109        LUT4 (Prop_lut4_I0_O)        0.124    54.771 r  u_soa/u_core/u_scorer/score_o[4][15]_i_717/O
                         net (fo=1, routed)           0.000    54.771    u_soa/u_core/u_scorer/score_o[4][15]_i_717_n_0
    SLICE_X15Y109        CARRY4 (Prop_carry4_S[0]_CO[3])
                                                      0.532    55.303 r  u_soa/u_core/u_scorer/score_o_reg[4][15]_i_291/CO[3]
                         net (fo=1, routed)           0.000    55.303    u_soa/u_core/u_scorer/score_o_reg[4][15]_i_291_n_0
    SLICE_X15Y110        CARRY4 (Prop_carry4_CI_CO[2])
                                                      0.228    55.531 f  u_soa/u_core/u_scorer/score_o_reg[4][15]_i_83/CO[2]
                         net (fo=2, routed)           0.803    56.334    u_soa/u_core/u_scorer/score_o_reg[4][15]_i_83_n_1
    SLICE_X28Y110        LUT5 (Prop_lut5_I0_O)        0.313    56.647 f  u_soa/u_core/u_scorer/score_o[4][15]_i_27/O
                         net (fo=1, routed)           0.947    57.594    u_soa/u_core/u_scorer/score_o[4][15]_i_27_n_0
    SLICE_X29Y107        LUT6 (Prop_lut6_I4_O)        0.124    57.718 r  u_soa/u_core/u_scorer/score_o[4][15]_i_5/O
                         net (fo=96, routed)          0.927    58.646    u_soa/u_core/u_scorer/score_o[4][15]_i_5_n_0
    SLICE_X32Y107        LUT3 (Prop_lut3_I1_O)        0.124    58.770 r  u_soa/u_core/u_scorer/score_o[4][12]_i_1/O
                         net (fo=1, routed)           0.000    58.770    u_soa/u_core/u_topk/score_o_reg[4][15]_0[12]
    SLICE_X32Y107        FDCE                                         r  u_soa/u_core/u_topk/score_o_reg[4][12]/D
  -------------------------------------------------------------------    -------------------

                         (clock clk rise edge)       10.000    10.000 r  <hidden>
                                                      0.000    10.000 r  clk
                         net (fo=52181, unset)        0.924    10.924    u_soa/u_core/u_topk/clk
    SLICE_X32Y107        FDCE                                         r  u_soa/u_core/u_topk/score_o_reg[4][12]/C
                         clock pessimism              0.000    10.924    <hidden>
                         clock uncertainty           -0.035    10.889    <hidden>
    SLICE_X32Y107        FDCE (Setup_fdce_C_D)        0.032    10.921    u_soa/u_core/u_topk/score_o_reg[4][12]
  -------------------------------------------------------------------
                         required time                         10.921    <hidden>
                         arrival time                         -58.770    <hidden>
  -------------------------------------------------------------------
                         slack                                -47.849    <hidden>

Slack (VIOLATED) :        -47.848ns  (required time - arrival time)
  Source:                 u_soa/u_core/u_scorer/g_lane[15].u_lane/score_o_reg[2]/C
                            (rising edge-triggered cell FDCE clocked by clk  {rise@0.000ns fall@5.000ns period=10.000ns})
  Destination:            u_soa/u_core/u_topk/id_o_reg[4][31]/D
                            (rising edge-triggered cell FDCE clocked by clk  {rise@0.000ns fall@5.000ns period=10.000ns})
  Path Group:             clk
  Path Type:              Setup (Max at Slow Process Corner)
  Requirement:            10.000ns  (clk rise@10.000ns - clk rise@0.000ns)
  Data Path Delay:        57.795ns  (logic 14.652ns (25.352%)  route 43.143ns (74.648%))
  Logic Levels:           58  (CARRY4=20 LUT2=2 LUT3=8 LUT4=7 LUT5=7 LUT6=14)
  Clock Path Skew:        -0.049ns (DCD - SCD + CPR)
    Destination Clock Delay (DCD):    0.924ns = ( 10.924 - 10.000 ) 
    Source Clock Delay      (SCD):    0.973ns
    Clock Pessimism Removal (CPR):    0.000ns
  Clock Uncertainty:      0.035ns  ((TSJ^2 + TIJ^2)^1/2 + DJ) / 2 + PE
    Total System Jitter     (TSJ):    0.071ns
    Total Input Jitter      (TIJ):    0.000ns
    Discrete Jitter          (DJ):    0.000ns
    Phase Error              (PE):    0.000ns

    Location             Delay type                Incr(ns)  Path(ns)    Netlist Resource(s)
  -------------------------------------------------------------------    -------------------
                         (clock clk rise edge)        0.000     0.000 r  <hidden>
                                                      0.000     0.000 r  clk
                         net (fo=52181, unset)        0.973     0.973    u_soa/u_core/u_scorer/g_lane[15].u_lane/clk
    SLICE_X38Y149        FDCE                                         r  u_soa/u_core/u_scorer/g_lane[15].u_lane/score_o_reg[2]/C
  -------------------------------------------------------------------    -------------------
    SLICE_X38Y149        FDCE (Prop_fdce_C_Q)         0.478     1.451 r  u_soa/u_core/u_scorer/g_lane[15].u_lane/score_o_reg[2]/Q
                         net (fo=7, routed)           1.183     2.634    u_soa/u_core/u_scorer/sc_score[15]_215[2]
    SLICE_X39Y145        LUT4 (Prop_lut4_I2_O)        0.301     2.935 r  u_soa/u_core/u_scorer/score_o[0][15]_i_2272/O
                         net (fo=1, routed)           0.000     2.935    u_soa/u_core/u_scorer/score_o[0][15]_i_2272_n_0
    SLICE_X39Y145        CARRY4 (Prop_carry4_S[1]_CO[3])
                                                      0.550     3.485 r  u_soa/u_core/u_scorer/score_o_reg[0][15]_i_1741/CO[3]
                         net (fo=1, routed)           0.000     3.485    u_soa/u_core/u_scorer/score_o_reg[0][15]_i_1741_n_0
    SLICE_X39Y146        CARRY4 (Prop_carry4_CI_CO[3])
                                                      0.114     3.599 r  u_soa/u_core/u_scorer/score_o_reg[0][15]_i_1172/CO[3]
                         net (fo=69, routed)          1.442     5.041    u_soa/u_core/u_scorer/score_o_reg[0][15]_i_1172_n_0
    SLICE_X41Y150        LUT4 (Prop_lut4_I3_O)        0.124     5.165 r  u_soa/u_core/u_scorer/score_o[0][15]_i_715/O
                         net (fo=85, routed)          1.345     6.510    u_soa/u_core/u_scorer/score_o[0][15]_i_715_n_0
    SLICE_X46Y148        LUT3 (Prop_lut3_I1_O)        0.124     6.634 f  u_soa/u_core/u_scorer/score_o[0][1]_i_107/O
                         net (fo=2, routed)           0.724     7.358    u_soa/u_core/u_scorer/score_o[0][1]_i_107_n_0
    SLICE_X48Y146        LUT6 (Prop_lut6_I1_O)        0.124     7.482 r  u_soa/u_core/u_scorer/score_o[4][15]_i_2352/O
                         net (fo=1, routed)           0.914     8.396    u_soa/u_core/u_scorer/score_o[4][15]_i_2352_n_0
    SLICE_X46Y143        CARRY4 (Prop_carry4_DI[0]_CO[3])
                                                      0.550     8.946 r  u_soa/u_core/u_scorer/score_o_reg[4][15]_i_1660/CO[3]
                         net (fo=1, routed)           0.000     8.946    u_soa/u_core/u_scorer/score_o_reg[4][15]_i_1660_n_0
    SLICE_X46Y144        CARRY4 (Prop_carry4_CI_CO[3])
                                                      0.117     9.063 f  u_soa/u_core/u_scorer/score_o_reg[4][15]_i_974/CO[3]
                         net (fo=2, routed)           1.345    10.408    u_soa/u_core/u_scorer/score_o_reg[4][15]_i_974_n_0
    SLICE_X33Y147        LUT4 (Prop_lut4_I0_O)        0.124    10.532 r  u_soa/u_core/u_scorer/score_o[0][15]_i_595/O
                         net (fo=81, routed)          1.306    11.839    u_soa/u_core/u_scorer/score_o[0][15]_i_595_n_0
    SLICE_X41Y149        LUT5 (Prop_lut5_I3_O)        0.124    11.963 r  u_soa/u_core/u_scorer/id_o[0][21]_i_92/O
                         net (fo=4, routed)           0.722    12.685    u_soa/u_core/u_scorer/id_o[0][21]_i_92_n_0
    SLICE_X40Y144        LUT6 (Prop_lut6_I5_O)        0.124    12.809 f  u_soa/u_core/u_scorer/score_o[0][15]_i_2572/O
                         net (fo=2, routed)           0.968    13.777    u_soa/u_core/u_scorer/score_o[0][15]_i_2572_n_0
    SLICE_X41Y140        LUT5 (Prop_lut5_I4_O)        0.124    13.901 r  u_soa/u_core/u_scorer/score_o[0][15]_i_2286/O
                         net (fo=1, routed)           0.000    13.901    u_soa/u_core/u_scorer/score_o[0][15]_i_2286_n_0
    SLICE_X41Y140        CARRY4 (Prop_carry4_S[3]_CO[3])
                                                      0.401    14.302 r  u_soa/u_core/u_scorer/score_o_reg[0][15]_i_1768/CO[3]
                         net (fo=1, routed)           0.000    14.302    u_soa/u_core/u_scorer/score_o_reg[0][15]_i_1768_n_0
    SLICE_X41Y141        CARRY4 (Prop_carry4_CI_CO[2])
                                                      0.228    14.530 r  u_soa/u_core/u_scorer/score_o_reg[0][15]_i_1183/CO[2]
                         net (fo=1, routed)           0.692    15.221    u_soa/u_core/u_scorer/u_topk/p_132_out
    SLICE_X41Y145        LUT6 (Prop_lut6_I5_O)        0.313    15.534 r  u_soa/u_core/u_scorer/score_o[0][15]_i_718/O
                         net (fo=6, routed)           0.624    16.158    u_soa/u_core/u_scorer/score_o[0][15]_i_718_n_0
    SLICE_X43Y146        LUT3 (Prop_lut3_I1_O)        0.124    16.282 r  u_soa/u_core/u_scorer/score_o[0][15]_i_382/O
                         net (fo=102, routed)         1.481    17.763    u_soa/u_core/u_scorer/score_o[0][15]_i_382_n_0
    SLICE_X44Y141        LUT3 (Prop_lut3_I1_O)        0.152    17.915 r  u_soa/u_core/u_scorer/id_o[0][0]_i_70/O
                         net (fo=5, routed)           1.594    19.509    u_soa/u_core/u_scorer/id_o[0][0]_i_70_n_0
    SLICE_X46Y132        LUT6 (Prop_lut6_I2_O)        0.326    19.835 r  u_soa/u_core/u_scorer/score_o[0][15]_i_1824/O
                         net (fo=1, routed)           0.000    19.835    u_soa/u_core/u_scorer/score_o[0][15]_i_1824_n_0
    SLICE_X46Y132        CARRY4 (Prop_carry4_S[0]_CO[3])
                                                      0.513    20.348 r  u_soa/u_core/u_scorer/score_o_reg[0][15]_i_1252/CO[3]
                         net (fo=1, routed)           0.000    20.348    u_soa/u_core/u_scorer/score_o_reg[0][15]_i_1252_n_0
    SLICE_X46Y133        CARRY4 (Prop_carry4_CI_CO[3])
                                                      0.117    20.465 r  u_soa/u_core/u_scorer/score_o_reg[0][15]_i_776/CO[3]
                         net (fo=1, routed)           0.000    20.465    u_soa/u_core/u_scorer/score_o_reg[0][15]_i_776_n_0
    SLICE_X46Y134        CARRY4 (Prop_carry4_CI_CO[2])
                                                      0.229    20.694 f  u_soa/u_core/u_scorer/score_o_reg[0][15]_i_419/CO[2]
                         net (fo=71, routed)          1.176    21.870    u_soa/u_core/u_scorer/u_topk/p_111_out
    SLICE_X49Y137        LUT4 (Prop_lut4_I2_O)        0.310    22.180 r  u_soa/u_core/u_scorer/score_o[0][15]_i_198/O
                         net (fo=72, routed)          1.291    23.471    u_soa/u_core/u_scorer/score_o[0][15]_i_198_n_0
    SLICE_X50Y148        LUT3 (Prop_lut3_I1_O)        0.150    23.621 f  u_soa/u_core/u_scorer/score_o[0][10]_i_63/O
                         net (fo=5, routed)           0.885    24.506    u_soa/u_core/u_scorer/score_o[0][10]_i_63_n_0
    SLICE_X51Y140        LUT6 (Prop_lut6_I5_O)        0.328    24.834 r  u_soa/u_core/u_scorer/score_o[0][15]_i_873/O
                         net (fo=1, routed)           1.272    26.106    u_soa/u_core/u_scorer/score_o[0][15]_i_873_n_0
    SLICE_X50Y128        CARRY4 (Prop_carry4_DI[1]_CO[3])
                                                      0.520    26.626 r  u_soa/u_core/u_scorer/score_o_reg[0][15]_i_479/CO[3]
                         net (fo=2, routed)           1.451    28.077    u_soa/u_core/u_scorer/score_o_reg[0][15]_i_479_n_0
    SLICE_X51Y135        LUT6 (Prop_lut6_I0_O)        0.124    28.201 r  u_soa/u_core/u_scorer/score_o[0][15]_i_216/O
                         net (fo=189, routed)         1.976    30.178    u_soa/u_core/u_scorer/score_o[0][15]_i_216_n_0
    SLICE_X54Y128        LUT5 (Prop_lut5_I3_O)        0.152    30.330 r  u_soa/u_core/u_scorer/score_o[0][3]_i_30/O
                         net (fo=5, routed)           0.885    31.215    u_soa/u_core/u_scorer/score_o[0][3]_i_30_n_0
    SLICE_X55Y125        LUT6 (Prop_lut6_I3_O)        0.348    31.563 r  u_soa/u_core/u_scorer/score_o[0][15]_i_1365/O
                         net (fo=1, routed)           0.705    32.268    u_soa/u_core/u_scorer/score_o[0][15]_i_1365_n_0
    SLICE_X55Y122        CARRY4 (Prop_carry4_DI[1]_CO[3])
                                                      0.507    32.775 r  u_soa/u_core/u_scorer/score_o_reg[0][15]_i_861/CO[3]
                         net (fo=1, routed)           0.000    32.775    u_soa/u_core/u_scorer/score_o_reg[0][15]_i_861_n_0
    SLICE_X55Y123        CARRY4 (Prop_carry4_CI_CO[3])
                                                      0.114    32.889 r  u_soa/u_core/u_scorer/score_o_reg[0][15]_i_478/CO[3]
                         net (fo=1, routed)           1.000    33.889    u_soa/u_core/u_scorer/score_o_reg[0][15]_i_478_n_0
    SLICE_X56Y130        LUT2 (Prop_lut2_I1_O)        0.124    34.013 f  u_soa/u_core/u_scorer/score_o[0][15]_i_215/O
                         net (fo=1, routed)           0.826    34.839    u_soa/u_core/u_scorer/score_o[0][15]_i_215_n_0
    SLICE_X50Y130        LUT6 (Prop_lut6_I5_O)        0.124    34.963 r  u_soa/u_core/u_scorer/score_o[0][15]_i_98/O
                         net (fo=105, routed)         1.369    36.332    u_soa/u_core/u_scorer/score_o[0][15]_i_98_n_0
    SLICE_X50Y125        LUT3 (Prop_lut3_I1_O)        0.150    36.482 r  u_soa/u_core/u_scorer/score_o[0][4]_i_31/O
                         net (fo=4, routed)           1.398    37.880    u_soa/u_core/u_scorer/score_o[0][4]_i_31_n_0
    SLICE_X40Y115        LUT6 (Prop_lut6_I2_O)        0.355    38.235 r  u_soa/u_core/u_scorer/score_o[0][15]_i_623/O
                         net (fo=1, routed)           0.000    38.235    u_soa/u_core/u_scorer/score_o[0][15]_i_623_n_0
    SLICE_X40Y115        CARRY4 (Prop_carry4_S[1]_CO[3])
                                                      0.550    38.785 r  u_soa/u_core/u_scorer/score_o_reg[0][15]_i_323/CO[3]
                         net (fo=1, routed)           0.000    38.785    u_soa/u_core/u_scorer/score_o_reg[0][15]_i_323_n_0
    SLICE_X40Y116        CARRY4 (Prop_carry4_CI_CO[1])
                                                      0.157    38.942 r  u_soa/u_core/u_scorer/score_o_reg[0][15]_i_151/CO[1]
                         net (fo=37, routed)          0.980    39.922    u_soa/u_core/u_scorer/score_o_reg[0][15]_i_151_n_2
    SLICE_X41Y117        LUT4 (Prop_lut4_I3_O)        0.329    40.251 r  u_soa/u_core/u_scorer/score_o[0][15]_i_76/O
                         net (fo=46, routed)          1.288    41.539    u_soa/u_core/u_scorer/score_o[0][15]_i_76_n_0
    SLICE_X35Y114        LUT3 (Prop_lut3_I1_O)        0.152    41.691 r  u_soa/u_core/u_scorer/score_o[0][6]_i_15/O
                         net (fo=5, routed)           0.955    42.646    u_soa/u_core/u_scorer/score_o[0][6]_i_15_n_0
    SLICE_X29Y114        LUT6 (Prop_lut6_I4_O)        0.332    42.978 r  u_soa/u_core/u_scorer/score_o[0][15]_i_827/O
                         net (fo=1, routed)           0.000    42.978    u_soa/u_core/u_scorer/score_o[0][15]_i_827_n_0
    SLICE_X29Y114        CARRY4 (Prop_carry4_S[2]_CO[3])
                                                      0.398    43.376 r  u_soa/u_core/u_scorer/score_o_reg[0][15]_i_450/CO[3]
                         net (fo=1, routed)           0.000    43.376    u_soa/u_core/u_scorer/score_o_reg[0][15]_i_450_n_0
    SLICE_X29Y115        CARRY4 (Prop_carry4_CI_CO[1])
                                                      0.157    43.533 f  u_soa/u_core/u_scorer/score_o_reg[0][15]_i_208/CO[1]
                         net (fo=2, routed)           1.036    44.568    u_soa/u_core/u_scorer/score_o_reg[0][15]_i_208_n_2
    SLICE_X11Y114        LUT2 (Prop_lut2_I0_O)        0.329    44.897 f  u_soa/u_core/u_scorer/score_o[0][15]_i_96/O
                         net (fo=10, routed)          0.995    45.892    u_soa/u_core/u_scorer/score_o[0][15]_i_96_n_0
    SLICE_X11Y117        LUT6 (Prop_lut6_I5_O)        0.124    46.016 r  u_soa/u_core/u_scorer/score_o[0][15]_i_29/O
                         net (fo=118, routed)         0.997    47.012    u_soa/u_core/u_scorer/score_o[0][15]_i_29_n_0
    SLICE_X12Y118        LUT3 (Prop_lut3_I1_O)        0.116    47.128 r  u_soa/u_core/u_scorer/id_o[4][12]_i_5/O
                         net (fo=5, routed)           0.940    48.069    u_soa/u_core/u_scorer/id_o[4][12]_i_5_n_0
    SLICE_X9Y118         LUT6 (Prop_lut6_I4_O)        0.328    48.397 r  u_soa/u_core/u_scorer/score_o[4][15]_i_1941/O
                         net (fo=1, routed)           0.448    48.844    u_soa/u_core/u_scorer/score_o[4][15]_i_1941_n_0
    SLICE_X8Y115         LUT5 (Prop_lut5_I4_O)        0.124    48.968 r  u_soa/u_core/u_scorer/score_o[4][15]_i_1269/O
                         net (fo=1, routed)           0.000    48.968    u_soa/u_core/u_scorer/score_o[4][15]_i_1269_n_0
    SLICE_X8Y115         CARRY4 (Prop_carry4_S[0]_CO[3])
                                                      0.513    49.481 r  u_soa/u_core/u_scorer/score_o_reg[4][15]_i_749/CO[3]
                         net (fo=1, routed)           0.000    49.481    u_soa/u_core/u_scorer/score_o_reg[4][15]_i_749_n_0
    SLICE_X8Y116         CARRY4 (Prop_carry4_CI_CO[2])
                                                      0.229    49.710 r  u_soa/u_core/u_scorer/score_o_reg[4][15]_i_320/CO[2]
                         net (fo=2, routed)           0.834    50.544    u_soa/u_core/u_scorer/score_o_reg[4][15]_i_320_n_1
    SLICE_X10Y116        LUT3 (Prop_lut3_I1_O)        0.310    50.854 r  u_soa/u_core/u_scorer/score_o[4][15]_i_99/O
                         net (fo=7, routed)           0.694    51.548    u_soa/u_core/u_scorer/score_o[4][15]_i_99_n_0
    SLICE_X10Y114        LUT6 (Prop_lut6_I0_O)        0.124    51.672 r  u_soa/u_core/u_scorer/score_o[4][15]_i_30/O
                         net (fo=102, routed)         0.872    52.543    u_soa/u_core/u_scorer/score_o[4][15]_i_30_n_0
    SLICE_X15Y113        LUT5 (Prop_lut5_I3_O)        0.124    52.667 r  u_soa/u_core/u_scorer/id_o[4][14]_i_2/O
                         net (fo=4, routed)           1.000    53.667    u_soa/u_core/u_scorer/id_o[4][14]_i_2_n_0
    SLICE_X14Y107        LUT4 (Prop_lut4_I3_O)        0.124    53.791 r  u_soa/u_core/u_scorer/score_o[4][15]_i_1242/O
                         net (fo=2, routed)           0.856    54.647    u_soa/u_core/u_scorer/score_o[4][15]_i_1242_n_0
    SLICE_X15Y109        LUT4 (Prop_lut4_I0_O)        0.124    54.771 r  u_soa/u_core/u_scorer/score_o[4][15]_i_717/O
                         net (fo=1, routed)           0.000    54.771    u_soa/u_core/u_scorer/score_o[4][15]_i_717_n_0
    SLICE_X15Y109        CARRY4 (Prop_carry4_S[0]_CO[3])
                                                      0.532    55.303 r  u_soa/u_core/u_scorer/score_o_reg[4][15]_i_291/CO[3]
                         net (fo=1, routed)           0.000    55.303    u_soa/u_core/u_scorer/score_o_reg[4][15]_i_291_n_0
    SLICE_X15Y110        CARRY4 (Prop_carry4_CI_CO[2])
                                                      0.228    55.531 f  u_soa/u_core/u_scorer/score_o_reg[4][15]_i_83/CO[2]
                         net (fo=2, routed)           0.803    56.334    u_soa/u_core/u_scorer/score_o_reg[4][15]_i_83_n_1
    SLICE_X28Y110        LUT5 (Prop_lut5_I0_O)        0.313    56.647 f  u_soa/u_core/u_scorer/score_o[4][15]_i_27/O
                         net (fo=1, routed)           0.947    57.594    u_soa/u_core/u_scorer/score_o[4][15]_i_27_n_0
    SLICE_X29Y107        LUT6 (Prop_lut6_I4_O)        0.124    57.718 r  u_soa/u_core/u_scorer/score_o[4][15]_i_5/O
                         net (fo=96, routed)          0.926    58.644    u_soa/u_core/u_scorer/score_o[4][15]_i_5_n_0
    SLICE_X29Y110        LUT5 (Prop_lut5_I4_O)        0.124    58.768 r  u_soa/u_core/u_scorer/id_o[4][31]_i_1/O
                         net (fo=1, routed)           0.000    58.768    u_soa/u_core/u_topk/id_o_reg[4][31]_0[31]
    SLICE_X29Y110        FDCE                                         r  u_soa/u_core/u_topk/id_o_reg[4][31]/D
  -------------------------------------------------------------------    -------------------

                         (clock clk rise edge)       10.000    10.000 r  <hidden>
                                                      0.000    10.000 r  clk
                         net (fo=52181, unset)        0.924    10.924    u_soa/u_core/u_topk/clk
    SLICE_X29Y110        FDCE                                         r  u_soa/u_core/u_topk/id_o_reg[4][31]/C
                         clock pessimism              0.000    10.924    <hidden>
                         clock uncertainty           -0.035    10.889    <hidden>
    SLICE_X29Y110        FDCE (Setup_fdce_C_D)        0.031    10.920    u_soa/u_core/u_topk/id_o_reg[4][31]
  -------------------------------------------------------------------
                         required time                         10.920    <hidden>
                         arrival time                         -58.768    <hidden>
  -------------------------------------------------------------------
                         slack                                -47.848    <hidden>

Slack (VIOLATED) :        -47.843ns  (required time - arrival time)
  Source:                 u_soa/u_core/u_scorer/g_lane[15].u_lane/score_o_reg[2]/C
                            (rising edge-triggered cell FDCE clocked by clk  {rise@0.000ns fall@5.000ns period=10.000ns})
  Destination:            u_soa/u_core/u_topk/id_o_reg[5][25]/D
                            (rising edge-triggered cell FDCE clocked by clk  {rise@0.000ns fall@5.000ns period=10.000ns})
  Path Group:             clk
  Path Type:              Setup (Max at Slow Process Corner)
  Requirement:            10.000ns  (clk rise@10.000ns - clk rise@0.000ns)
  Data Path Delay:        57.834ns  (logic 14.680ns (25.383%)  route 43.154ns (74.617%))
  Logic Levels:           58  (CARRY4=20 LUT2=2 LUT3=8 LUT4=7 LUT5=7 LUT6=14)
  Clock Path Skew:        -0.049ns (DCD - SCD + CPR)
    Destination Clock Delay (DCD):    0.924ns = ( 10.924 - 10.000 ) 
    Source Clock Delay      (SCD):    0.973ns
    Clock Pessimism Removal (CPR):    0.000ns
  Clock Uncertainty:      0.035ns  ((TSJ^2 + TIJ^2)^1/2 + DJ) / 2 + PE
    Total System Jitter     (TSJ):    0.071ns
    Total Input Jitter      (TIJ):    0.000ns
    Discrete Jitter          (DJ):    0.000ns
    Phase Error              (PE):    0.000ns

    Location             Delay type                Incr(ns)  Path(ns)    Netlist Resource(s)
  -------------------------------------------------------------------    -------------------
                         (clock clk rise edge)        0.000     0.000 r  <hidden>
                                                      0.000     0.000 r  clk
                         net (fo=52181, unset)        0.973     0.973    u_soa/u_core/u_scorer/g_lane[15].u_lane/clk
    SLICE_X38Y149        FDCE                                         r  u_soa/u_core/u_scorer/g_lane[15].u_lane/score_o_reg[2]/C
  -------------------------------------------------------------------    -------------------
    SLICE_X38Y149        FDCE (Prop_fdce_C_Q)         0.478     1.451 r  u_soa/u_core/u_scorer/g_lane[15].u_lane/score_o_reg[2]/Q
                         net (fo=7, routed)           1.183     2.634    u_soa/u_core/u_scorer/sc_score[15]_215[2]
    SLICE_X39Y145        LUT4 (Prop_lut4_I2_O)        0.301     2.935 r  u_soa/u_core/u_scorer/score_o[0][15]_i_2272/O
                         net (fo=1, routed)           0.000     2.935    u_soa/u_core/u_scorer/score_o[0][15]_i_2272_n_0
    SLICE_X39Y145        CARRY4 (Prop_carry4_S[1]_CO[3])
                                                      0.550     3.485 r  u_soa/u_core/u_scorer/score_o_reg[0][15]_i_1741/CO[3]
                         net (fo=1, routed)           0.000     3.485    u_soa/u_core/u_scorer/score_o_reg[0][15]_i_1741_n_0
    SLICE_X39Y146        CARRY4 (Prop_carry4_CI_CO[3])
                                                      0.114     3.599 r  u_soa/u_core/u_scorer/score_o_reg[0][15]_i_1172/CO[3]
                         net (fo=69, routed)          1.442     5.041    u_soa/u_core/u_scorer/score_o_reg[0][15]_i_1172_n_0
    SLICE_X41Y150        LUT4 (Prop_lut4_I3_O)        0.124     5.165 r  u_soa/u_core/u_scorer/score_o[0][15]_i_715/O
                         net (fo=85, routed)          1.345     6.510    u_soa/u_core/u_scorer/score_o[0][15]_i_715_n_0
    SLICE_X46Y148        LUT3 (Prop_lut3_I1_O)        0.124     6.634 f  u_soa/u_core/u_scorer/score_o[0][1]_i_107/O
                         net (fo=2, routed)           0.724     7.358    u_soa/u_core/u_scorer/score_o[0][1]_i_107_n_0
    SLICE_X48Y146        LUT6 (Prop_lut6_I1_O)        0.124     7.482 r  u_soa/u_core/u_scorer/score_o[4][15]_i_2352/O
                         net (fo=1, routed)           0.914     8.396    u_soa/u_core/u_scorer/score_o[4][15]_i_2352_n_0
    SLICE_X46Y143        CARRY4 (Prop_carry4_DI[0]_CO[3])
                                                      0.550     8.946 r  u_soa/u_core/u_scorer/score_o_reg[4][15]_i_1660/CO[3]
                         net (fo=1, routed)           0.000     8.946    u_soa/u_core/u_scorer/score_o_reg[4][15]_i_1660_n_0
    SLICE_X46Y144        CARRY4 (Prop_carry4_CI_CO[3])
                                                      0.117     9.063 f  u_soa/u_core/u_scorer/score_o_reg[4][15]_i_974/CO[3]
                         net (fo=2, routed)           1.345    10.408    u_soa/u_core/u_scorer/score_o_reg[4][15]_i_974_n_0
    SLICE_X33Y147        LUT4 (Prop_lut4_I0_O)        0.124    10.532 r  u_soa/u_core/u_scorer/score_o[0][15]_i_595/O
                         net (fo=81, routed)          1.306    11.839    u_soa/u_core/u_scorer/score_o[0][15]_i_595_n_0
    SLICE_X41Y149        LUT5 (Prop_lut5_I3_O)        0.124    11.963 r  u_soa/u_core/u_scorer/id_o[0][21]_i_92/O
                         net (fo=4, routed)           0.722    12.685    u_soa/u_core/u_scorer/id_o[0][21]_i_92_n_0
    SLICE_X40Y144        LUT6 (Prop_lut6_I5_O)        0.124    12.809 f  u_soa/u_core/u_scorer/score_o[0][15]_i_2572/O
                         net (fo=2, routed)           0.968    13.777    u_soa/u_core/u_scorer/score_o[0][15]_i_2572_n_0
    SLICE_X41Y140        LUT5 (Prop_lut5_I4_O)        0.124    13.901 r  u_soa/u_core/u_scorer/score_o[0][15]_i_2286/O
                         net (fo=1, routed)           0.000    13.901    u_soa/u_core/u_scorer/score_o[0][15]_i_2286_n_0
    SLICE_X41Y140        CARRY4 (Prop_carry4_S[3]_CO[3])
                                                      0.401    14.302 r  u_soa/u_core/u_scorer/score_o_reg[0][15]_i_1768/CO[3]
                         net (fo=1, routed)           0.000    14.302    u_soa/u_core/u_scorer/score_o_reg[0][15]_i_1768_n_0
    SLICE_X41Y141        CARRY4 (Prop_carry4_CI_CO[2])
                                                      0.228    14.530 r  u_soa/u_core/u_scorer/score_o_reg[0][15]_i_1183/CO[2]
                         net (fo=1, routed)           0.692    15.221    u_soa/u_core/u_scorer/u_topk/p_132_out
    SLICE_X41Y145        LUT6 (Prop_lut6_I5_O)        0.313    15.534 r  u_soa/u_core/u_scorer/score_o[0][15]_i_718/O
                         net (fo=6, routed)           0.624    16.158    u_soa/u_core/u_scorer/score_o[0][15]_i_718_n_0
    SLICE_X43Y146        LUT3 (Prop_lut3_I1_O)        0.124    16.282 r  u_soa/u_core/u_scorer/score_o[0][15]_i_382/O
                         net (fo=102, routed)         1.481    17.763    u_soa/u_core/u_scorer/score_o[0][15]_i_382_n_0
    SLICE_X44Y141        LUT3 (Prop_lut3_I1_O)        0.152    17.915 r  u_soa/u_core/u_scorer/id_o[0][0]_i_70/O
                         net (fo=5, routed)           1.594    19.509    u_soa/u_core/u_scorer/id_o[0][0]_i_70_n_0
    SLICE_X46Y132        LUT6 (Prop_lut6_I2_O)        0.326    19.835 r  u_soa/u_core/u_scorer/score_o[0][15]_i_1824/O
                         net (fo=1, routed)           0.000    19.835    u_soa/u_core/u_scorer/score_o[0][15]_i_1824_n_0
    SLICE_X46Y132        CARRY4 (Prop_carry4_S[0]_CO[3])
                                                      0.513    20.348 r  u_soa/u_core/u_scorer/score_o_reg[0][15]_i_1252/CO[3]
                         net (fo=1, routed)           0.000    20.348    u_soa/u_core/u_scorer/score_o_reg[0][15]_i_1252_n_0
    SLICE_X46Y133        CARRY4 (Prop_carry4_CI_CO[3])
                                                      0.117    20.465 r  u_soa/u_core/u_scorer/score_o_reg[0][15]_i_776/CO[3]
                         net (fo=1, routed)           0.000    20.465    u_soa/u_core/u_scorer/score_o_reg[0][15]_i_776_n_0
    SLICE_X46Y134        CARRY4 (Prop_carry4_CI_CO[2])
                                                      0.229    20.694 f  u_soa/u_core/u_scorer/score_o_reg[0][15]_i_419/CO[2]
                         net (fo=71, routed)          1.176    21.870    u_soa/u_core/u_scorer/u_topk/p_111_out
    SLICE_X49Y137        LUT4 (Prop_lut4_I2_O)        0.310    22.180 r  u_soa/u_core/u_scorer/score_o[0][15]_i_198/O
                         net (fo=72, routed)          1.291    23.471    u_soa/u_core/u_scorer/score_o[0][15]_i_198_n_0
    SLICE_X50Y148        LUT3 (Prop_lut3_I1_O)        0.150    23.621 f  u_soa/u_core/u_scorer/score_o[0][10]_i_63/O
                         net (fo=5, routed)           0.885    24.506    u_soa/u_core/u_scorer/score_o[0][10]_i_63_n_0
    SLICE_X51Y140        LUT6 (Prop_lut6_I5_O)        0.328    24.834 r  u_soa/u_core/u_scorer/score_o[0][15]_i_873/O
                         net (fo=1, routed)           1.272    26.106    u_soa/u_core/u_scorer/score_o[0][15]_i_873_n_0
    SLICE_X50Y128        CARRY4 (Prop_carry4_DI[1]_CO[3])
                                                      0.520    26.626 r  u_soa/u_core/u_scorer/score_o_reg[0][15]_i_479/CO[3]
                         net (fo=2, routed)           1.451    28.077    u_soa/u_core/u_scorer/score_o_reg[0][15]_i_479_n_0
    SLICE_X51Y135        LUT6 (Prop_lut6_I0_O)        0.124    28.201 r  u_soa/u_core/u_scorer/score_o[0][15]_i_216/O
                         net (fo=189, routed)         1.976    30.178    u_soa/u_core/u_scorer/score_o[0][15]_i_216_n_0
    SLICE_X54Y128        LUT5 (Prop_lut5_I3_O)        0.152    30.330 r  u_soa/u_core/u_scorer/score_o[0][3]_i_30/O
                         net (fo=5, routed)           0.885    31.215    u_soa/u_core/u_scorer/score_o[0][3]_i_30_n_0
    SLICE_X55Y125        LUT6 (Prop_lut6_I3_O)        0.348    31.563 r  u_soa/u_core/u_scorer/score_o[0][15]_i_1365/O
                         net (fo=1, routed)           0.705    32.268    u_soa/u_core/u_scorer/score_o[0][15]_i_1365_n_0
    SLICE_X55Y122        CARRY4 (Prop_carry4_DI[1]_CO[3])
                                                      0.507    32.775 r  u_soa/u_core/u_scorer/score_o_reg[0][15]_i_861/CO[3]
                         net (fo=1, routed)           0.000    32.775    u_soa/u_core/u_scorer/score_o_reg[0][15]_i_861_n_0
    SLICE_X55Y123        CARRY4 (Prop_carry4_CI_CO[3])
                                                      0.114    32.889 r  u_soa/u_core/u_scorer/score_o_reg[0][15]_i_478/CO[3]
                         net (fo=1, routed)           1.000    33.889    u_soa/u_core/u_scorer/score_o_reg[0][15]_i_478_n_0
    SLICE_X56Y130        LUT2 (Prop_lut2_I1_O)        0.124    34.013 f  u_soa/u_core/u_scorer/score_o[0][15]_i_215/O
                         net (fo=1, routed)           0.826    34.839    u_soa/u_core/u_scorer/score_o[0][15]_i_215_n_0
    SLICE_X50Y130        LUT6 (Prop_lut6_I5_O)        0.124    34.963 r  u_soa/u_core/u_scorer/score_o[0][15]_i_98/O
                         net (fo=105, routed)         1.369    36.332    u_soa/u_core/u_scorer/score_o[0][15]_i_98_n_0
    SLICE_X50Y125        LUT3 (Prop_lut3_I1_O)        0.150    36.482 r  u_soa/u_core/u_scorer/score_o[0][4]_i_31/O
                         net (fo=4, routed)           1.398    37.880    u_soa/u_core/u_scorer/score_o[0][4]_i_31_n_0
    SLICE_X40Y115        LUT6 (Prop_lut6_I2_O)        0.355    38.235 r  u_soa/u_core/u_scorer/score_o[0][15]_i_623/O
                         net (fo=1, routed)           0.000    38.235    u_soa/u_core/u_scorer/score_o[0][15]_i_623_n_0
    SLICE_X40Y115        CARRY4 (Prop_carry4_S[1]_CO[3])
                                                      0.550    38.785 r  u_soa/u_core/u_scorer/score_o_reg[0][15]_i_323/CO[3]
                         net (fo=1, routed)           0.000    38.785    u_soa/u_core/u_scorer/score_o_reg[0][15]_i_323_n_0
    SLICE_X40Y116        CARRY4 (Prop_carry4_CI_CO[1])
                                                      0.157    38.942 r  u_soa/u_core/u_scorer/score_o_reg[0][15]_i_151/CO[1]
                         net (fo=37, routed)          0.980    39.922    u_soa/u_core/u_scorer/score_o_reg[0][15]_i_151_n_2
    SLICE_X41Y117        LUT4 (Prop_lut4_I3_O)        0.329    40.251 r  u_soa/u_core/u_scorer/score_o[0][15]_i_76/O
                         net (fo=46, routed)          1.288    41.539    u_soa/u_core/u_scorer/score_o[0][15]_i_76_n_0
    SLICE_X35Y114        LUT3 (Prop_lut3_I1_O)        0.152    41.691 r  u_soa/u_core/u_scorer/score_o[0][6]_i_15/O
                         net (fo=5, routed)           0.955    42.646    u_soa/u_core/u_scorer/score_o[0][6]_i_15_n_0
    SLICE_X29Y114        LUT6 (Prop_lut6_I4_O)        0.332    42.978 r  u_soa/u_core/u_scorer/score_o[0][15]_i_827/O
                         net (fo=1, routed)           0.000    42.978    u_soa/u_core/u_scorer/score_o[0][15]_i_827_n_0
    SLICE_X29Y114        CARRY4 (Prop_carry4_S[2]_CO[3])
                                                      0.398    43.376 r  u_soa/u_core/u_scorer/score_o_reg[0][15]_i_450/CO[3]
                         net (fo=1, routed)           0.000    43.376    u_soa/u_core/u_scorer/score_o_reg[0][15]_i_450_n_0
    SLICE_X29Y115        CARRY4 (Prop_carry4_CI_CO[1])
                                                      0.157    43.533 f  u_soa/u_core/u_scorer/score_o_reg[0][15]_i_208/CO[1]
                         net (fo=2, routed)           1.036    44.568    u_soa/u_core/u_scorer/score_o_reg[0][15]_i_208_n_2
    SLICE_X11Y114        LUT2 (Prop_lut2_I0_O)        0.329    44.897 f  u_soa/u_core/u_scorer/score_o[0][15]_i_96/O
                         net (fo=10, routed)          0.995    45.892    u_soa/u_core/u_scorer/score_o[0][15]_i_96_n_0
    SLICE_X11Y117        LUT6 (Prop_lut6_I5_O)        0.124    46.016 r  u_soa/u_core/u_scorer/score_o[0][15]_i_29/O
                         net (fo=118, routed)         0.997    47.012    u_soa/u_core/u_scorer/score_o[0][15]_i_29_n_0
    SLICE_X12Y118        LUT3 (Prop_lut3_I1_O)        0.116    47.128 r  u_soa/u_core/u_scorer/id_o[4][12]_i_5/O
                         net (fo=5, routed)           0.940    48.069    u_soa/u_core/u_scorer/id_o[4][12]_i_5_n_0
    SLICE_X9Y118         LUT6 (Prop_lut6_I4_O)        0.328    48.397 r  u_soa/u_core/u_scorer/score_o[4][15]_i_1941/O
                         net (fo=1, routed)           0.448    48.844    u_soa/u_core/u_scorer/score_o[4][15]_i_1941_n_0
    SLICE_X8Y115         LUT5 (Prop_lut5_I4_O)        0.124    48.968 r  u_soa/u_core/u_scorer/score_o[4][15]_i_1269/O
                         net (fo=1, routed)           0.000    48.968    u_soa/u_core/u_scorer/score_o[4][15]_i_1269_n_0
    SLICE_X8Y115         CARRY4 (Prop_carry4_S[0]_CO[3])
                                                      0.513    49.481 r  u_soa/u_core/u_scorer/score_o_reg[4][15]_i_749/CO[3]
                         net (fo=1, routed)           0.000    49.481    u_soa/u_core/u_scorer/score_o_reg[4][15]_i_749_n_0
    SLICE_X8Y116         CARRY4 (Prop_carry4_CI_CO[2])
                                                      0.229    49.710 r  u_soa/u_core/u_scorer/score_o_reg[4][15]_i_320/CO[2]
                         net (fo=2, routed)           0.834    50.544    u_soa/u_core/u_scorer/score_o_reg[4][15]_i_320_n_1
    SLICE_X10Y116        LUT3 (Prop_lut3_I1_O)        0.310    50.854 r  u_soa/u_core/u_scorer/score_o[4][15]_i_99/O
                         net (fo=7, routed)           0.694    51.548    u_soa/u_core/u_scorer/score_o[4][15]_i_99_n_0
    SLICE_X10Y114        LUT6 (Prop_lut6_I0_O)        0.124    51.672 r  u_soa/u_core/u_scorer/score_o[4][15]_i_30/O
                         net (fo=102, routed)         0.872    52.543    u_soa/u_core/u_scorer/score_o[4][15]_i_30_n_0
    SLICE_X15Y113        LUT5 (Prop_lut5_I3_O)        0.124    52.667 r  u_soa/u_core/u_scorer/id_o[4][14]_i_2/O
                         net (fo=4, routed)           1.000    53.667    u_soa/u_core/u_scorer/id_o[4][14]_i_2_n_0
    SLICE_X14Y107        LUT4 (Prop_lut4_I3_O)        0.124    53.791 r  u_soa/u_core/u_scorer/score_o[4][15]_i_1242/O
                         net (fo=2, routed)           0.856    54.647    u_soa/u_core/u_scorer/score_o[4][15]_i_1242_n_0
    SLICE_X15Y109        LUT4 (Prop_lut4_I0_O)        0.124    54.771 r  u_soa/u_core/u_scorer/score_o[4][15]_i_717/O
                         net (fo=1, routed)           0.000    54.771    u_soa/u_core/u_scorer/score_o[4][15]_i_717_n_0
    SLICE_X15Y109        CARRY4 (Prop_carry4_S[0]_CO[3])
                                                      0.532    55.303 r  u_soa/u_core/u_scorer/score_o_reg[4][15]_i_291/CO[3]
                         net (fo=1, routed)           0.000    55.303    u_soa/u_core/u_scorer/score_o_reg[4][15]_i_291_n_0
    SLICE_X15Y110        CARRY4 (Prop_carry4_CI_CO[2])
                                                      0.228    55.531 f  u_soa/u_core/u_scorer/score_o_reg[4][15]_i_83/CO[2]
                         net (fo=2, routed)           0.803    56.334    u_soa/u_core/u_scorer/score_o_reg[4][15]_i_83_n_1
    SLICE_X28Y110        LUT5 (Prop_lut5_I0_O)        0.313    56.647 f  u_soa/u_core/u_scorer/score_o[4][15]_i_27/O
                         net (fo=1, routed)           0.947    57.594    u_soa/u_core/u_scorer/score_o[4][15]_i_27_n_0
    SLICE_X29Y107        LUT6 (Prop_lut6_I4_O)        0.124    57.718 r  u_soa/u_core/u_scorer/score_o[4][15]_i_5/O
                         net (fo=96, routed)          0.936    58.655    u_soa/u_core/u_scorer/score_o[4][15]_i_5_n_0
    SLICE_X29Y111        LUT5 (Prop_lut5_I4_O)        0.152    58.807 r  u_soa/u_core/u_scorer/id_o[5][25]_i_1/O
                         net (fo=1, routed)           0.000    58.807    u_soa/u_core/u_topk/id_o_reg[5][31]_0[25]
    SLICE_X29Y111        FDCE                                         r  u_soa/u_core/u_topk/id_o_reg[5][25]/D
  -------------------------------------------------------------------    -------------------

                         (clock clk rise edge)       10.000    10.000 r  <hidden>
                                                      0.000    10.000 r  clk
                         net (fo=52181, unset)        0.924    10.924    u_soa/u_core/u_topk/clk
    SLICE_X29Y111        FDCE                                         r  u_soa/u_core/u_topk/id_o_reg[5][25]/C
                         clock pessimism              0.000    10.924    <hidden>
                         clock uncertainty           -0.035    10.889    <hidden>
    SLICE_X29Y111        FDCE (Setup_fdce_C_D)        0.075    10.964    u_soa/u_core/u_topk/id_o_reg[5][25]
  -------------------------------------------------------------------
                         required time                         10.964    <hidden>
                         arrival time                         -58.807    <hidden>
  -------------------------------------------------------------------
                         slack                                -47.843    <hidden>

Slack (VIOLATED) :        -47.841ns  (required time - arrival time)
  Source:                 u_soa/u_core/u_scorer/g_lane[15].u_lane/score_o_reg[2]/C
                            (rising edge-triggered cell FDCE clocked by clk  {rise@0.000ns fall@5.000ns period=10.000ns})
  Destination:            u_soa/u_core/u_topk/score_o_reg[6][15]/D
                            (rising edge-triggered cell FDCE clocked by clk  {rise@0.000ns fall@5.000ns period=10.000ns})
  Path Group:             clk
  Path Type:              Setup (Max at Slow Process Corner)
  Requirement:            10.000ns  (clk rise@10.000ns - clk rise@0.000ns)
  Data Path Delay:        57.789ns  (logic 14.447ns (25.000%)  route 43.342ns (75.000%))
  Logic Levels:           59  (CARRY4=22 LUT2=2 LUT3=10 LUT4=5 LUT5=5 LUT6=15)
  Clock Path Skew:        -0.049ns (DCD - SCD + CPR)
    Destination Clock Delay (DCD):    0.924ns = ( 10.924 - 10.000 ) 
    Source Clock Delay      (SCD):    0.973ns
    Clock Pessimism Removal (CPR):    0.000ns
  Clock Uncertainty:      0.035ns  ((TSJ^2 + TIJ^2)^1/2 + DJ) / 2 + PE
    Total System Jitter     (TSJ):    0.071ns
    Total Input Jitter      (TIJ):    0.000ns
    Discrete Jitter          (DJ):    0.000ns
    Phase Error              (PE):    0.000ns

    Location             Delay type                Incr(ns)  Path(ns)    Netlist Resource(s)
  -------------------------------------------------------------------    -------------------
                         (clock clk rise edge)        0.000     0.000 r  <hidden>
                                                      0.000     0.000 r  clk
                         net (fo=52181, unset)        0.973     0.973    u_soa/u_core/u_scorer/g_lane[15].u_lane/clk
    SLICE_X38Y149        FDCE                                         r  u_soa/u_core/u_scorer/g_lane[15].u_lane/score_o_reg[2]/C
  -------------------------------------------------------------------    -------------------
    SLICE_X38Y149        FDCE (Prop_fdce_C_Q)         0.478     1.451 r  u_soa/u_core/u_scorer/g_lane[15].u_lane/score_o_reg[2]/Q
                         net (fo=7, routed)           1.183     2.634    u_soa/u_core/u_scorer/sc_score[15]_215[2]
    SLICE_X39Y145        LUT4 (Prop_lut4_I2_O)        0.301     2.935 r  u_soa/u_core/u_scorer/score_o[0][15]_i_2272/O
                         net (fo=1, routed)           0.000     2.935    u_soa/u_core/u_scorer/score_o[0][15]_i_2272_n_0
    SLICE_X39Y145        CARRY4 (Prop_carry4_S[1]_CO[3])
                                                      0.550     3.485 r  u_soa/u_core/u_scorer/score_o_reg[0][15]_i_1741/CO[3]
                         net (fo=1, routed)           0.000     3.485    u_soa/u_core/u_scorer/score_o_reg[0][15]_i_1741_n_0
    SLICE_X39Y146        CARRY4 (Prop_carry4_CI_CO[3])
                                                      0.114     3.599 r  u_soa/u_core/u_scorer/score_o_reg[0][15]_i_1172/CO[3]
                         net (fo=69, routed)          1.442     5.041    u_soa/u_core/u_scorer/score_o_reg[0][15]_i_1172_n_0
    SLICE_X41Y150        LUT4 (Prop_lut4_I3_O)        0.124     5.165 r  u_soa/u_core/u_scorer/score_o[0][15]_i_715/O
                         net (fo=85, routed)          1.345     6.510    u_soa/u_core/u_scorer/score_o[0][15]_i_715_n_0
    SLICE_X46Y148        LUT3 (Prop_lut3_I1_O)        0.124     6.634 f  u_soa/u_core/u_scorer/score_o[0][1]_i_107/O
                         net (fo=2, routed)           0.724     7.358    u_soa/u_core/u_scorer/score_o[0][1]_i_107_n_0
    SLICE_X48Y146        LUT6 (Prop_lut6_I1_O)        0.124     7.482 r  u_soa/u_core/u_scorer/score_o[4][15]_i_2352/O
                         net (fo=1, routed)           0.914     8.396    u_soa/u_core/u_scorer/score_o[4][15]_i_2352_n_0
    SLICE_X46Y143        CARRY4 (Prop_carry4_DI[0]_CO[3])
                                                      0.550     8.946 r  u_soa/u_core/u_scorer/score_o_reg[4][15]_i_1660/CO[3]
                         net (fo=1, routed)           0.000     8.946    u_soa/u_core/u_scorer/score_o_reg[4][15]_i_1660_n_0
    SLICE_X46Y144        CARRY4 (Prop_carry4_CI_CO[3])
                                                      0.117     9.063 f  u_soa/u_core/u_scorer/score_o_reg[4][15]_i_974/CO[3]
                         net (fo=2, routed)           1.345    10.408    u_soa/u_core/u_scorer/score_o_reg[4][15]_i_974_n_0
    SLICE_X33Y147        LUT4 (Prop_lut4_I0_O)        0.124    10.532 r  u_soa/u_core/u_scorer/score_o[0][15]_i_595/O
                         net (fo=81, routed)          1.306    11.839    u_soa/u_core/u_scorer/score_o[0][15]_i_595_n_0
    SLICE_X41Y149        LUT5 (Prop_lut5_I3_O)        0.124    11.963 r  u_soa/u_core/u_scorer/id_o[0][21]_i_92/O
                         net (fo=4, routed)           0.722    12.685    u_soa/u_core/u_scorer/id_o[0][21]_i_92_n_0
    SLICE_X40Y144        LUT6 (Prop_lut6_I5_O)        0.124    12.809 f  u_soa/u_core/u_scorer/score_o[0][15]_i_2572/O
                         net (fo=2, routed)           0.968    13.777    u_soa/u_core/u_scorer/score_o[0][15]_i_2572_n_0
    SLICE_X41Y140        LUT5 (Prop_lut5_I4_O)        0.124    13.901 r  u_soa/u_core/u_scorer/score_o[0][15]_i_2286/O
                         net (fo=1, routed)           0.000    13.901    u_soa/u_core/u_scorer/score_o[0][15]_i_2286_n_0
    SLICE_X41Y140        CARRY4 (Prop_carry4_S[3]_CO[3])
                                                      0.401    14.302 r  u_soa/u_core/u_scorer/score_o_reg[0][15]_i_1768/CO[3]
                         net (fo=1, routed)           0.000    14.302    u_soa/u_core/u_scorer/score_o_reg[0][15]_i_1768_n_0
    SLICE_X41Y141        CARRY4 (Prop_carry4_CI_CO[2])
                                                      0.228    14.530 r  u_soa/u_core/u_scorer/score_o_reg[0][15]_i_1183/CO[2]
                         net (fo=1, routed)           0.692    15.221    u_soa/u_core/u_scorer/u_topk/p_132_out
    SLICE_X41Y145        LUT6 (Prop_lut6_I5_O)        0.313    15.534 r  u_soa/u_core/u_scorer/score_o[0][15]_i_718/O
                         net (fo=6, routed)           0.624    16.158    u_soa/u_core/u_scorer/score_o[0][15]_i_718_n_0
    SLICE_X43Y146        LUT3 (Prop_lut3_I1_O)        0.124    16.282 r  u_soa/u_core/u_scorer/score_o[0][15]_i_382/O
                         net (fo=102, routed)         1.481    17.763    u_soa/u_core/u_scorer/score_o[0][15]_i_382_n_0
    SLICE_X44Y141        LUT3 (Prop_lut3_I1_O)        0.152    17.915 r  u_soa/u_core/u_scorer/id_o[0][0]_i_70/O
                         net (fo=5, routed)           1.594    19.509    u_soa/u_core/u_scorer/id_o[0][0]_i_70_n_0
    SLICE_X46Y132        LUT6 (Prop_lut6_I2_O)        0.326    19.835 r  u_soa/u_core/u_scorer/score_o[0][15]_i_1824/O
                         net (fo=1, routed)           0.000    19.835    u_soa/u_core/u_scorer/score_o[0][15]_i_1824_n_0
    SLICE_X46Y132        CARRY4 (Prop_carry4_S[0]_CO[3])
                                                      0.513    20.348 r  u_soa/u_core/u_scorer/score_o_reg[0][15]_i_1252/CO[3]
                         net (fo=1, routed)           0.000    20.348    u_soa/u_core/u_scorer/score_o_reg[0][15]_i_1252_n_0
    SLICE_X46Y133        CARRY4 (Prop_carry4_CI_CO[3])
                                                      0.117    20.465 r  u_soa/u_core/u_scorer/score_o_reg[0][15]_i_776/CO[3]
                         net (fo=1, routed)           0.000    20.465    u_soa/u_core/u_scorer/score_o_reg[0][15]_i_776_n_0
    SLICE_X46Y134        CARRY4 (Prop_carry4_CI_CO[2])
                                                      0.229    20.694 f  u_soa/u_core/u_scorer/score_o_reg[0][15]_i_419/CO[2]
                         net (fo=71, routed)          1.176    21.870    u_soa/u_core/u_scorer/u_topk/p_111_out
    SLICE_X49Y137        LUT4 (Prop_lut4_I2_O)        0.310    22.180 r  u_soa/u_core/u_scorer/score_o[0][15]_i_198/O
                         net (fo=72, routed)          1.291    23.471    u_soa/u_core/u_scorer/score_o[0][15]_i_198_n_0
    SLICE_X50Y148        LUT3 (Prop_lut3_I1_O)        0.150    23.621 f  u_soa/u_core/u_scorer/score_o[0][10]_i_63/O
                         net (fo=5, routed)           0.885    24.506    u_soa/u_core/u_scorer/score_o[0][10]_i_63_n_0
    SLICE_X51Y140        LUT6 (Prop_lut6_I5_O)        0.328    24.834 r  u_soa/u_core/u_scorer/score_o[0][15]_i_873/O
                         net (fo=1, routed)           1.272    26.106    u_soa/u_core/u_scorer/score_o[0][15]_i_873_n_0
    SLICE_X50Y128        CARRY4 (Prop_carry4_DI[1]_CO[3])
                                                      0.520    26.626 r  u_soa/u_core/u_scorer/score_o_reg[0][15]_i_479/CO[3]
                         net (fo=2, routed)           1.451    28.077    u_soa/u_core/u_scorer/score_o_reg[0][15]_i_479_n_0
    SLICE_X51Y135        LUT6 (Prop_lut6_I0_O)        0.124    28.201 r  u_soa/u_core/u_scorer/score_o[0][15]_i_216/O
                         net (fo=189, routed)         1.976    30.178    u_soa/u_core/u_scorer/score_o[0][15]_i_216_n_0
    SLICE_X54Y128        LUT5 (Prop_lut5_I3_O)        0.152    30.330 r  u_soa/u_core/u_scorer/score_o[0][3]_i_30/O
                         net (fo=5, routed)           0.885    31.215    u_soa/u_core/u_scorer/score_o[0][3]_i_30_n_0
    SLICE_X55Y125        LUT6 (Prop_lut6_I3_O)        0.348    31.563 r  u_soa/u_core/u_scorer/score_o[0][15]_i_1365/O
                         net (fo=1, routed)           0.705    32.268    u_soa/u_core/u_scorer/score_o[0][15]_i_1365_n_0
    SLICE_X55Y122        CARRY4 (Prop_carry4_DI[1]_CO[3])
                                                      0.507    32.775 r  u_soa/u_core/u_scorer/score_o_reg[0][15]_i_861/CO[3]
                         net (fo=1, routed)           0.000    32.775    u_soa/u_core/u_scorer/score_o_reg[0][15]_i_861_n_0
    SLICE_X55Y123        CARRY4 (Prop_carry4_CI_CO[3])
                                                      0.114    32.889 r  u_soa/u_core/u_scorer/score_o_reg[0][15]_i_478/CO[3]
                         net (fo=1, routed)           1.000    33.889    u_soa/u_core/u_scorer/score_o_reg[0][15]_i_478_n_0
    SLICE_X56Y130        LUT2 (Prop_lut2_I1_O)        0.124    34.013 f  u_soa/u_core/u_scorer/score_o[0][15]_i_215/O
                         net (fo=1, routed)           0.826    34.839    u_soa/u_core/u_scorer/score_o[0][15]_i_215_n_0
    SLICE_X50Y130        LUT6 (Prop_lut6_I5_O)        0.124    34.963 r  u_soa/u_core/u_scorer/score_o[0][15]_i_98/O
                         net (fo=105, routed)         1.369    36.332    u_soa/u_core/u_scorer/score_o[0][15]_i_98_n_0
    SLICE_X50Y125        LUT3 (Prop_lut3_I1_O)        0.150    36.482 r  u_soa/u_core/u_scorer/score_o[0][4]_i_31/O
                         net (fo=4, routed)           1.398    37.880    u_soa/u_core/u_scorer/score_o[0][4]_i_31_n_0
    SLICE_X40Y115        LUT6 (Prop_lut6_I2_O)        0.355    38.235 r  u_soa/u_core/u_scorer/score_o[0][15]_i_623/O
                         net (fo=1, routed)           0.000    38.235    u_soa/u_core/u_scorer/score_o[0][15]_i_623_n_0
    SLICE_X40Y115        CARRY4 (Prop_carry4_S[1]_CO[3])
                                                      0.550    38.785 r  u_soa/u_core/u_scorer/score_o_reg[0][15]_i_323/CO[3]
                         net (fo=1, routed)           0.000    38.785    u_soa/u_core/u_scorer/score_o_reg[0][15]_i_323_n_0
    SLICE_X40Y116        CARRY4 (Prop_carry4_CI_CO[1])
                                                      0.157    38.942 r  u_soa/u_core/u_scorer/score_o_reg[0][15]_i_151/CO[1]
                         net (fo=37, routed)          0.980    39.922    u_soa/u_core/u_scorer/score_o_reg[0][15]_i_151_n_2
    SLICE_X41Y117        LUT4 (Prop_lut4_I3_O)        0.329    40.251 r  u_soa/u_core/u_scorer/score_o[0][15]_i_76/O
                         net (fo=46, routed)          1.288    41.539    u_soa/u_core/u_scorer/score_o[0][15]_i_76_n_0
    SLICE_X35Y114        LUT3 (Prop_lut3_I1_O)        0.152    41.691 r  u_soa/u_core/u_scorer/score_o[0][6]_i_15/O
                         net (fo=5, routed)           0.955    42.646    u_soa/u_core/u_scorer/score_o[0][6]_i_15_n_0
    SLICE_X29Y114        LUT6 (Prop_lut6_I4_O)        0.332    42.978 r  u_soa/u_core/u_scorer/score_o[0][15]_i_827/O
                         net (fo=1, routed)           0.000    42.978    u_soa/u_core/u_scorer/score_o[0][15]_i_827_n_0
    SLICE_X29Y114        CARRY4 (Prop_carry4_S[2]_CO[3])
                                                      0.398    43.376 r  u_soa/u_core/u_scorer/score_o_reg[0][15]_i_450/CO[3]
                         net (fo=1, routed)           0.000    43.376    u_soa/u_core/u_scorer/score_o_reg[0][15]_i_450_n_0
    SLICE_X29Y115        CARRY4 (Prop_carry4_CI_CO[1])
                                                      0.157    43.533 f  u_soa/u_core/u_scorer/score_o_reg[0][15]_i_208/CO[1]
                         net (fo=2, routed)           1.036    44.568    u_soa/u_core/u_scorer/score_o_reg[0][15]_i_208_n_2
    SLICE_X11Y114        LUT2 (Prop_lut2_I0_O)        0.329    44.897 f  u_soa/u_core/u_scorer/score_o[0][15]_i_96/O
                         net (fo=10, routed)          0.995    45.892    u_soa/u_core/u_scorer/score_o[0][15]_i_96_n_0
    SLICE_X11Y117        LUT6 (Prop_lut6_I5_O)        0.124    46.016 r  u_soa/u_core/u_scorer/score_o[0][15]_i_29/O
                         net (fo=118, routed)         0.997    47.012    u_soa/u_core/u_scorer/score_o[0][15]_i_29_n_0
    SLICE_X12Y118        LUT3 (Prop_lut3_I1_O)        0.116    47.128 r  u_soa/u_core/u_scorer/id_o[4][12]_i_5/O
                         net (fo=5, routed)           0.940    48.069    u_soa/u_core/u_scorer/id_o[4][12]_i_5_n_0
    SLICE_X9Y118         LUT6 (Prop_lut6_I4_O)        0.328    48.397 r  u_soa/u_core/u_scorer/score_o[4][15]_i_1941/O
                         net (fo=1, routed)           0.448    48.844    u_soa/u_core/u_scorer/score_o[4][15]_i_1941_n_0
    SLICE_X8Y115         LUT5 (Prop_lut5_I4_O)        0.124    48.968 r  u_soa/u_core/u_scorer/score_o[4][15]_i_1269/O
                         net (fo=1, routed)           0.000    48.968    u_soa/u_core/u_scorer/score_o[4][15]_i_1269_n_0
    SLICE_X8Y115         CARRY4 (Prop_carry4_S[0]_CO[3])
                                                      0.513    49.481 r  u_soa/u_core/u_scorer/score_o_reg[4][15]_i_749/CO[3]
                         net (fo=1, routed)           0.000    49.481    u_soa/u_core/u_scorer/score_o_reg[4][15]_i_749_n_0
    SLICE_X8Y116         CARRY4 (Prop_carry4_CI_CO[2])
                                                      0.229    49.710 r  u_soa/u_core/u_scorer/score_o_reg[4][15]_i_320/CO[2]
                         net (fo=2, routed)           0.834    50.544    u_soa/u_core/u_scorer/score_o_reg[4][15]_i_320_n_1
    SLICE_X10Y116        LUT3 (Prop_lut3_I1_O)        0.310    50.854 r  u_soa/u_core/u_scorer/score_o[4][15]_i_99/O
                         net (fo=7, routed)           0.694    51.548    u_soa/u_core/u_scorer/score_o[4][15]_i_99_n_0
    SLICE_X10Y114        LUT6 (Prop_lut6_I0_O)        0.124    51.672 r  u_soa/u_core/u_scorer/score_o[4][15]_i_30/O
                         net (fo=102, routed)         1.092    52.763    u_soa/u_core/u_scorer/score_o[4][15]_i_30_n_0
    SLICE_X12Y113        LUT3 (Prop_lut3_I1_O)        0.124    52.887 f  u_soa/u_core/u_scorer/id_o[6][0]_i_2/O
                         net (fo=5, routed)           1.170    54.058    u_soa/u_core/u_scorer/id_o[6][0]_i_2_n_0
    SLICE_X12Y109        LUT6 (Prop_lut6_I5_O)        0.124    54.182 r  u_soa/u_core/u_scorer/score_o[6][15]_i_98/O
                         net (fo=1, routed)           0.543    54.724    u_soa/u_core/u_scorer/score_o[6][15]_i_98_n_0
    SLICE_X13Y107        CARRY4 (Prop_carry4_DI[0]_CO[3])
                                                      0.526    55.250 r  u_soa/u_core/u_scorer/score_o_reg[6][15]_i_76/CO[3]
                         net (fo=1, routed)           0.000    55.250    u_soa/u_core/u_scorer/score_o_reg[6][15]_i_76_n_0
    SLICE_X13Y108        CARRY4 (Prop_carry4_CI_CO[3])
                                                      0.114    55.364 r  u_soa/u_core/u_scorer/score_o_reg[6][15]_i_47/CO[3]
                         net (fo=1, routed)           0.000    55.364    u_soa/u_core/u_scorer/score_o_reg[6][15]_i_47_n_0
    SLICE_X13Y109        CARRY4 (Prop_carry4_CI_CO[3])
                                                      0.114    55.478 r  u_soa/u_core/u_scorer/score_o_reg[6][15]_i_22/CO[3]
                         net (fo=1, routed)           0.000    55.478    u_soa/u_core/u_scorer/score_o_reg[6][15]_i_22_n_0
    SLICE_X13Y110        CARRY4 (Prop_carry4_CI_CO[3])
                                                      0.114    55.592 r  u_soa/u_core/u_scorer/score_o_reg[6][15]_i_11/CO[3]
                         net (fo=1, routed)           1.024    56.616    u_soa/u_core/u_scorer/score_o_reg[6][15]_i_11_n_0
    SLICE_X8Y111         LUT3 (Prop_lut3_I0_O)        0.124    56.740 r  u_soa/u_core/u_scorer/score_o[6][15]_i_5/O
                         net (fo=1, routed)           0.670    57.411    u_soa/u_core/u_scorer/score_o[6][15]_i_5_n_0
    SLICE_X8Y111         LUT6 (Prop_lut6_I0_O)        0.124    57.535 r  u_soa/u_core/u_scorer/score_o[6][15]_i_3/O
                         net (fo=96, routed)          1.103    58.638    u_soa/u_core/u_scorer/score_o[6][15]_i_3_n_0
    SLICE_X5Y111         LUT5 (Prop_lut5_I3_O)        0.124    58.762 r  u_soa/u_core/u_scorer/score_o[6][15]_i_1/O
                         net (fo=1, routed)           0.000    58.762    u_soa/u_core/u_topk/score_o_reg[6][15]_0[15]
    SLICE_X5Y111         FDCE                                         r  u_soa/u_core/u_topk/score_o_reg[6][15]/D
  -------------------------------------------------------------------    -------------------

                         (clock clk rise edge)       10.000    10.000 r  <hidden>
                                                      0.000    10.000 r  clk
                         net (fo=52181, unset)        0.924    10.924    u_soa/u_core/u_topk/clk
    SLICE_X5Y111         FDCE                                         r  u_soa/u_core/u_topk/score_o_reg[6][15]/C
                         clock pessimism              0.000    10.924    <hidden>
                         clock uncertainty           -0.035    10.889    <hidden>
    SLICE_X5Y111         FDCE (Setup_fdce_C_D)        0.032    10.921    u_soa/u_core/u_topk/score_o_reg[6][15]
  -------------------------------------------------------------------
                         required time                         10.921    <hidden>
                         arrival time                         -58.762    <hidden>
  -------------------------------------------------------------------
                         slack                                -47.841    <hidden>

Slack (VIOLATED) :        -47.833ns  (required time - arrival time)
  Source:                 u_soa/u_core/u_scorer/g_lane[15].u_lane/score_o_reg[2]/C
                            (rising edge-triggered cell FDCE clocked by clk  {rise@0.000ns fall@5.000ns period=10.000ns})
  Destination:            u_soa/u_core/u_topk/id_o_reg[4][18]/D
                            (rising edge-triggered cell FDCE clocked by clk  {rise@0.000ns fall@5.000ns period=10.000ns})
  Path Group:             clk
  Path Type:              Setup (Max at Slow Process Corner)
  Requirement:            10.000ns  (clk rise@10.000ns - clk rise@0.000ns)
  Data Path Delay:        57.780ns  (logic 14.652ns (25.358%)  route 43.128ns (74.642%))
  Logic Levels:           58  (CARRY4=20 LUT2=2 LUT3=9 LUT4=7 LUT5=6 LUT6=14)
  Clock Path Skew:        -0.049ns (DCD - SCD + CPR)
    Destination Clock Delay (DCD):    0.924ns = ( 10.924 - 10.000 ) 
    Source Clock Delay      (SCD):    0.973ns
    Clock Pessimism Removal (CPR):    0.000ns
  Clock Uncertainty:      0.035ns  ((TSJ^2 + TIJ^2)^1/2 + DJ) / 2 + PE
    Total System Jitter     (TSJ):    0.071ns
    Total Input Jitter      (TIJ):    0.000ns
    Discrete Jitter          (DJ):    0.000ns
    Phase Error              (PE):    0.000ns

    Location             Delay type                Incr(ns)  Path(ns)    Netlist Resource(s)
  -------------------------------------------------------------------    -------------------
                         (clock clk rise edge)        0.000     0.000 r  <hidden>
                                                      0.000     0.000 r  clk
                         net (fo=52181, unset)        0.973     0.973    u_soa/u_core/u_scorer/g_lane[15].u_lane/clk
    SLICE_X38Y149        FDCE                                         r  u_soa/u_core/u_scorer/g_lane[15].u_lane/score_o_reg[2]/C
  -------------------------------------------------------------------    -------------------
    SLICE_X38Y149        FDCE (Prop_fdce_C_Q)         0.478     1.451 r  u_soa/u_core/u_scorer/g_lane[15].u_lane/score_o_reg[2]/Q
                         net (fo=7, routed)           1.183     2.634    u_soa/u_core/u_scorer/sc_score[15]_215[2]
    SLICE_X39Y145        LUT4 (Prop_lut4_I2_O)        0.301     2.935 r  u_soa/u_core/u_scorer/score_o[0][15]_i_2272/O
                         net (fo=1, routed)           0.000     2.935    u_soa/u_core/u_scorer/score_o[0][15]_i_2272_n_0
    SLICE_X39Y145        CARRY4 (Prop_carry4_S[1]_CO[3])
                                                      0.550     3.485 r  u_soa/u_core/u_scorer/score_o_reg[0][15]_i_1741/CO[3]
                         net (fo=1, routed)           0.000     3.485    u_soa/u_core/u_scorer/score_o_reg[0][15]_i_1741_n_0
    SLICE_X39Y146        CARRY4 (Prop_carry4_CI_CO[3])
                                                      0.114     3.599 r  u_soa/u_core/u_scorer/score_o_reg[0][15]_i_1172/CO[3]
                         net (fo=69, routed)          1.442     5.041    u_soa/u_core/u_scorer/score_o_reg[0][15]_i_1172_n_0
    SLICE_X41Y150        LUT4 (Prop_lut4_I3_O)        0.124     5.165 r  u_soa/u_core/u_scorer/score_o[0][15]_i_715/O
                         net (fo=85, routed)          1.345     6.510    u_soa/u_core/u_scorer/score_o[0][15]_i_715_n_0
    SLICE_X46Y148        LUT3 (Prop_lut3_I1_O)        0.124     6.634 f  u_soa/u_core/u_scorer/score_o[0][1]_i_107/O
                         net (fo=2, routed)           0.724     7.358    u_soa/u_core/u_scorer/score_o[0][1]_i_107_n_0
    SLICE_X48Y146        LUT6 (Prop_lut6_I1_O)        0.124     7.482 r  u_soa/u_core/u_scorer/score_o[4][15]_i_2352/O
                         net (fo=1, routed)           0.914     8.396    u_soa/u_core/u_scorer/score_o[4][15]_i_2352_n_0
    SLICE_X46Y143        CARRY4 (Prop_carry4_DI[0]_CO[3])
                                                      0.550     8.946 r  u_soa/u_core/u_scorer/score_o_reg[4][15]_i_1660/CO[3]
                         net (fo=1, routed)           0.000     8.946    u_soa/u_core/u_scorer/score_o_reg[4][15]_i_1660_n_0
    SLICE_X46Y144        CARRY4 (Prop_carry4_CI_CO[3])
                                                      0.117     9.063 f  u_soa/u_core/u_scorer/score_o_reg[4][15]_i_974/CO[3]
                         net (fo=2, routed)           1.345    10.408    u_soa/u_core/u_scorer/score_o_reg[4][15]_i_974_n_0
    SLICE_X33Y147        LUT4 (Prop_lut4_I0_O)        0.124    10.532 r  u_soa/u_core/u_scorer/score_o[0][15]_i_595/O
                         net (fo=81, routed)          1.306    11.839    u_soa/u_core/u_scorer/score_o[0][15]_i_595_n_0
    SLICE_X41Y149        LUT5 (Prop_lut5_I3_O)        0.124    11.963 r  u_soa/u_core/u_scorer/id_o[0][21]_i_92/O
                         net (fo=4, routed)           0.722    12.685    u_soa/u_core/u_scorer/id_o[0][21]_i_92_n_0
    SLICE_X40Y144        LUT6 (Prop_lut6_I5_O)        0.124    12.809 f  u_soa/u_core/u_scorer/score_o[0][15]_i_2572/O
                         net (fo=2, routed)           0.968    13.777    u_soa/u_core/u_scorer/score_o[0][15]_i_2572_n_0
    SLICE_X41Y140        LUT5 (Prop_lut5_I4_O)        0.124    13.901 r  u_soa/u_core/u_scorer/score_o[0][15]_i_2286/O
                         net (fo=1, routed)           0.000    13.901    u_soa/u_core/u_scorer/score_o[0][15]_i_2286_n_0
    SLICE_X41Y140        CARRY4 (Prop_carry4_S[3]_CO[3])
                                                      0.401    14.302 r  u_soa/u_core/u_scorer/score_o_reg[0][15]_i_1768/CO[3]
                         net (fo=1, routed)           0.000    14.302    u_soa/u_core/u_scorer/score_o_reg[0][15]_i_1768_n_0
    SLICE_X41Y141        CARRY4 (Prop_carry4_CI_CO[2])
                                                      0.228    14.530 r  u_soa/u_core/u_scorer/score_o_reg[0][15]_i_1183/CO[2]
                         net (fo=1, routed)           0.692    15.221    u_soa/u_core/u_scorer/u_topk/p_132_out
    SLICE_X41Y145        LUT6 (Prop_lut6_I5_O)        0.313    15.534 r  u_soa/u_core/u_scorer/score_o[0][15]_i_718/O
                         net (fo=6, routed)           0.624    16.158    u_soa/u_core/u_scorer/score_o[0][15]_i_718_n_0
    SLICE_X43Y146        LUT3 (Prop_lut3_I1_O)        0.124    16.282 r  u_soa/u_core/u_scorer/score_o[0][15]_i_382/O
                         net (fo=102, routed)         1.481    17.763    u_soa/u_core/u_scorer/score_o[0][15]_i_382_n_0
    SLICE_X44Y141        LUT3 (Prop_lut3_I1_O)        0.152    17.915 r  u_soa/u_core/u_scorer/id_o[0][0]_i_70/O
                         net (fo=5, routed)           1.594    19.509    u_soa/u_core/u_scorer/id_o[0][0]_i_70_n_0
    SLICE_X46Y132        LUT6 (Prop_lut6_I2_O)        0.326    19.835 r  u_soa/u_core/u_scorer/score_o[0][15]_i_1824/O
                         net (fo=1, routed)           0.000    19.835    u_soa/u_core/u_scorer/score_o[0][15]_i_1824_n_0
    SLICE_X46Y132        CARRY4 (Prop_carry4_S[0]_CO[3])
                                                      0.513    20.348 r  u_soa/u_core/u_scorer/score_o_reg[0][15]_i_1252/CO[3]
                         net (fo=1, routed)           0.000    20.348    u_soa/u_core/u_scorer/score_o_reg[0][15]_i_1252_n_0
    SLICE_X46Y133        CARRY4 (Prop_carry4_CI_CO[3])
                                                      0.117    20.465 r  u_soa/u_core/u_scorer/score_o_reg[0][15]_i_776/CO[3]
                         net (fo=1, routed)           0.000    20.465    u_soa/u_core/u_scorer/score_o_reg[0][15]_i_776_n_0
    SLICE_X46Y134        CARRY4 (Prop_carry4_CI_CO[2])
                                                      0.229    20.694 f  u_soa/u_core/u_scorer/score_o_reg[0][15]_i_419/CO[2]
                         net (fo=71, routed)          1.176    21.870    u_soa/u_core/u_scorer/u_topk/p_111_out
    SLICE_X49Y137        LUT4 (Prop_lut4_I2_O)        0.310    22.180 r  u_soa/u_core/u_scorer/score_o[0][15]_i_198/O
                         net (fo=72, routed)          1.291    23.471    u_soa/u_core/u_scorer/score_o[0][15]_i_198_n_0
    SLICE_X50Y148        LUT3 (Prop_lut3_I1_O)        0.150    23.621 f  u_soa/u_core/u_scorer/score_o[0][10]_i_63/O
                         net (fo=5, routed)           0.885    24.506    u_soa/u_core/u_scorer/score_o[0][10]_i_63_n_0
    SLICE_X51Y140        LUT6 (Prop_lut6_I5_O)        0.328    24.834 r  u_soa/u_core/u_scorer/score_o[0][15]_i_873/O
                         net (fo=1, routed)           1.272    26.106    u_soa/u_core/u_scorer/score_o[0][15]_i_873_n_0
    SLICE_X50Y128        CARRY4 (Prop_carry4_DI[1]_CO[3])
                                                      0.520    26.626 r  u_soa/u_core/u_scorer/score_o_reg[0][15]_i_479/CO[3]
                         net (fo=2, routed)           1.451    28.077    u_soa/u_core/u_scorer/score_o_reg[0][15]_i_479_n_0
    SLICE_X51Y135        LUT6 (Prop_lut6_I0_O)        0.124    28.201 r  u_soa/u_core/u_scorer/score_o[0][15]_i_216/O
                         net (fo=189, routed)         1.976    30.178    u_soa/u_core/u_scorer/score_o[0][15]_i_216_n_0
    SLICE_X54Y128        LUT5 (Prop_lut5_I3_O)        0.152    30.330 r  u_soa/u_core/u_scorer/score_o[0][3]_i_30/O
                         net (fo=5, routed)           0.885    31.215    u_soa/u_core/u_scorer/score_o[0][3]_i_30_n_0
    SLICE_X55Y125        LUT6 (Prop_lut6_I3_O)        0.348    31.563 r  u_soa/u_core/u_scorer/score_o[0][15]_i_1365/O
                         net (fo=1, routed)           0.705    32.268    u_soa/u_core/u_scorer/score_o[0][15]_i_1365_n_0
    SLICE_X55Y122        CARRY4 (Prop_carry4_DI[1]_CO[3])
                                                      0.507    32.775 r  u_soa/u_core/u_scorer/score_o_reg[0][15]_i_861/CO[3]
                         net (fo=1, routed)           0.000    32.775    u_soa/u_core/u_scorer/score_o_reg[0][15]_i_861_n_0
    SLICE_X55Y123        CARRY4 (Prop_carry4_CI_CO[3])
                                                      0.114    32.889 r  u_soa/u_core/u_scorer/score_o_reg[0][15]_i_478/CO[3]
                         net (fo=1, routed)           1.000    33.889    u_soa/u_core/u_scorer/score_o_reg[0][15]_i_478_n_0
    SLICE_X56Y130        LUT2 (Prop_lut2_I1_O)        0.124    34.013 f  u_soa/u_core/u_scorer/score_o[0][15]_i_215/O
                         net (fo=1, routed)           0.826    34.839    u_soa/u_core/u_scorer/score_o[0][15]_i_215_n_0
    SLICE_X50Y130        LUT6 (Prop_lut6_I5_O)        0.124    34.963 r  u_soa/u_core/u_scorer/score_o[0][15]_i_98/O
                         net (fo=105, routed)         1.369    36.332    u_soa/u_core/u_scorer/score_o[0][15]_i_98_n_0
    SLICE_X50Y125        LUT3 (Prop_lut3_I1_O)        0.150    36.482 r  u_soa/u_core/u_scorer/score_o[0][4]_i_31/O
                         net (fo=4, routed)           1.398    37.880    u_soa/u_core/u_scorer/score_o[0][4]_i_31_n_0
    SLICE_X40Y115        LUT6 (Prop_lut6_I2_O)        0.355    38.235 r  u_soa/u_core/u_scorer/score_o[0][15]_i_623/O
                         net (fo=1, routed)           0.000    38.235    u_soa/u_core/u_scorer/score_o[0][15]_i_623_n_0
    SLICE_X40Y115        CARRY4 (Prop_carry4_S[1]_CO[3])
                                                      0.550    38.785 r  u_soa/u_core/u_scorer/score_o_reg[0][15]_i_323/CO[3]
                         net (fo=1, routed)           0.000    38.785    u_soa/u_core/u_scorer/score_o_reg[0][15]_i_323_n_0
    SLICE_X40Y116        CARRY4 (Prop_carry4_CI_CO[1])
                                                      0.157    38.942 r  u_soa/u_core/u_scorer/score_o_reg[0][15]_i_151/CO[1]
                         net (fo=37, routed)          0.980    39.922    u_soa/u_core/u_scorer/score_o_reg[0][15]_i_151_n_2
    SLICE_X41Y117        LUT4 (Prop_lut4_I3_O)        0.329    40.251 r  u_soa/u_core/u_scorer/score_o[0][15]_i_76/O
                         net (fo=46, routed)          1.288    41.539    u_soa/u_core/u_scorer/score_o[0][15]_i_76_n_0
    SLICE_X35Y114        LUT3 (Prop_lut3_I1_O)        0.152    41.691 r  u_soa/u_core/u_scorer/score_o[0][6]_i_15/O
                         net (fo=5, routed)           0.955    42.646    u_soa/u_core/u_scorer/score_o[0][6]_i_15_n_0
    SLICE_X29Y114        LUT6 (Prop_lut6_I4_O)        0.332    42.978 r  u_soa/u_core/u_scorer/score_o[0][15]_i_827/O
                         net (fo=1, routed)           0.000    42.978    u_soa/u_core/u_scorer/score_o[0][15]_i_827_n_0
    SLICE_X29Y114        CARRY4 (Prop_carry4_S[2]_CO[3])
                                                      0.398    43.376 r  u_soa/u_core/u_scorer/score_o_reg[0][15]_i_450/CO[3]
                         net (fo=1, routed)           0.000    43.376    u_soa/u_core/u_scorer/score_o_reg[0][15]_i_450_n_0
    SLICE_X29Y115        CARRY4 (Prop_carry4_CI_CO[1])
                                                      0.157    43.533 f  u_soa/u_core/u_scorer/score_o_reg[0][15]_i_208/CO[1]
                         net (fo=2, routed)           1.036    44.568    u_soa/u_core/u_scorer/score_o_reg[0][15]_i_208_n_2
    SLICE_X11Y114        LUT2 (Prop_lut2_I0_O)        0.329    44.897 f  u_soa/u_core/u_scorer/score_o[0][15]_i_96/O
                         net (fo=10, routed)          0.995    45.892    u_soa/u_core/u_scorer/score_o[0][15]_i_96_n_0
    SLICE_X11Y117        LUT6 (Prop_lut6_I5_O)        0.124    46.016 r  u_soa/u_core/u_scorer/score_o[0][15]_i_29/O
                         net (fo=118, routed)         0.997    47.012    u_soa/u_core/u_scorer/score_o[0][15]_i_29_n_0
    SLICE_X12Y118        LUT3 (Prop_lut3_I1_O)        0.116    47.128 r  u_soa/u_core/u_scorer/id_o[4][12]_i_5/O
                         net (fo=5, routed)           0.940    48.069    u_soa/u_core/u_scorer/id_o[4][12]_i_5_n_0
    SLICE_X9Y118         LUT6 (Prop_lut6_I4_O)        0.328    48.397 r  u_soa/u_core/u_scorer/score_o[4][15]_i_1941/O
                         net (fo=1, routed)           0.448    48.844    u_soa/u_core/u_scorer/score_o[4][15]_i_1941_n_0
    SLICE_X8Y115         LUT5 (Prop_lut5_I4_O)        0.124    48.968 r  u_soa/u_core/u_scorer/score_o[4][15]_i_1269/O
                         net (fo=1, routed)           0.000    48.968    u_soa/u_core/u_scorer/score_o[4][15]_i_1269_n_0
    SLICE_X8Y115         CARRY4 (Prop_carry4_S[0]_CO[3])
                                                      0.513    49.481 r  u_soa/u_core/u_scorer/score_o_reg[4][15]_i_749/CO[3]
                         net (fo=1, routed)           0.000    49.481    u_soa/u_core/u_scorer/score_o_reg[4][15]_i_749_n_0
    SLICE_X8Y116         CARRY4 (Prop_carry4_CI_CO[2])
                                                      0.229    49.710 r  u_soa/u_core/u_scorer/score_o_reg[4][15]_i_320/CO[2]
                         net (fo=2, routed)           0.834    50.544    u_soa/u_core/u_scorer/score_o_reg[4][15]_i_320_n_1
    SLICE_X10Y116        LUT3 (Prop_lut3_I1_O)        0.310    50.854 r  u_soa/u_core/u_scorer/score_o[4][15]_i_99/O
                         net (fo=7, routed)           0.694    51.548    u_soa/u_core/u_scorer/score_o[4][15]_i_99_n_0
    SLICE_X10Y114        LUT6 (Prop_lut6_I0_O)        0.124    51.672 r  u_soa/u_core/u_scorer/score_o[4][15]_i_30/O
                         net (fo=102, routed)         0.872    52.543    u_soa/u_core/u_scorer/score_o[4][15]_i_30_n_0
    SLICE_X15Y113        LUT5 (Prop_lut5_I3_O)        0.124    52.667 r  u_soa/u_core/u_scorer/id_o[4][14]_i_2/O
                         net (fo=4, routed)           1.000    53.667    u_soa/u_core/u_scorer/id_o[4][14]_i_2_n_0
    SLICE_X14Y107        LUT4 (Prop_lut4_I3_O)        0.124    53.791 r  u_soa/u_core/u_scorer/score_o[4][15]_i_1242/O
                         net (fo=2, routed)           0.856    54.647    u_soa/u_core/u_scorer/score_o[4][15]_i_1242_n_0
    SLICE_X15Y109        LUT4 (Prop_lut4_I0_O)        0.124    54.771 r  u_soa/u_core/u_scorer/score_o[4][15]_i_717/O
                         net (fo=1, routed)           0.000    54.771    u_soa/u_core/u_scorer/score_o[4][15]_i_717_n_0
    SLICE_X15Y109        CARRY4 (Prop_carry4_S[0]_CO[3])
                                                      0.532    55.303 r  u_soa/u_core/u_scorer/score_o_reg[4][15]_i_291/CO[3]
                         net (fo=1, routed)           0.000    55.303    u_soa/u_core/u_scorer/score_o_reg[4][15]_i_291_n_0
    SLICE_X15Y110        CARRY4 (Prop_carry4_CI_CO[2])
                                                      0.228    55.531 f  u_soa/u_core/u_scorer/score_o_reg[4][15]_i_83/CO[2]
                         net (fo=2, routed)           0.803    56.334    u_soa/u_core/u_scorer/score_o_reg[4][15]_i_83_n_1
    SLICE_X28Y110        LUT5 (Prop_lut5_I0_O)        0.313    56.647 f  u_soa/u_core/u_scorer/score_o[4][15]_i_27/O
                         net (fo=1, routed)           0.947    57.594    u_soa/u_core/u_scorer/score_o[4][15]_i_27_n_0
    SLICE_X29Y107        LUT6 (Prop_lut6_I4_O)        0.124    57.718 r  u_soa/u_core/u_scorer/score_o[4][15]_i_5/O
                         net (fo=96, routed)          0.911    58.629    u_soa/u_core/u_scorer/score_o[4][15]_i_5_n_0
    SLICE_X29Y106        LUT3 (Prop_lut3_I2_O)        0.124    58.753 r  u_soa/u_core/u_scorer/id_o[4][18]_i_1/O
                         net (fo=1, routed)           0.000    58.753    u_soa/u_core/u_topk/id_o_reg[4][31]_0[18]
    SLICE_X29Y106        FDCE                                         r  u_soa/u_core/u_topk/id_o_reg[4][18]/D
  -------------------------------------------------------------------    -------------------

                         (clock clk rise edge)       10.000    10.000 r  <hidden>
                                                      0.000    10.000 r  clk
                         net (fo=52181, unset)        0.924    10.924    u_soa/u_core/u_topk/clk
    SLICE_X29Y106        FDCE                                         r  u_soa/u_core/u_topk/id_o_reg[4][18]/C
                         clock pessimism              0.000    10.924    <hidden>
                         clock uncertainty           -0.035    10.889    <hidden>
    SLICE_X29Y106        FDCE (Setup_fdce_C_D)        0.031    10.920    u_soa/u_core/u_topk/id_o_reg[4][18]
  -------------------------------------------------------------------
                         required time                         10.920    <hidden>
                         arrival time                         -58.753    <hidden>
  -------------------------------------------------------------------
                         slack                                -47.833    <hidden>

Slack (VIOLATED) :        -47.832ns  (required time - arrival time)
  Source:                 u_soa/u_core/u_scorer/g_lane[15].u_lane/score_o_reg[2]/C
                            (rising edge-triggered cell FDCE clocked by clk  {rise@0.000ns fall@5.000ns period=10.000ns})
  Destination:            u_soa/u_core/u_topk/id_o_reg[5][31]/D
                            (rising edge-triggered cell FDCE clocked by clk  {rise@0.000ns fall@5.000ns period=10.000ns})
  Path Group:             clk
  Path Type:              Setup (Max at Slow Process Corner)
  Requirement:            10.000ns  (clk rise@10.000ns - clk rise@0.000ns)
  Data Path Delay:        57.823ns  (logic 14.680ns (25.388%)  route 43.143ns (74.612%))
  Logic Levels:           58  (CARRY4=20 LUT2=2 LUT3=8 LUT4=7 LUT5=7 LUT6=14)
  Clock Path Skew:        -0.049ns (DCD - SCD + CPR)
    Destination Clock Delay (DCD):    0.924ns = ( 10.924 - 10.000 ) 
    Source Clock Delay      (SCD):    0.973ns
    Clock Pessimism Removal (CPR):    0.000ns
  Clock Uncertainty:      0.035ns  ((TSJ^2 + TIJ^2)^1/2 + DJ) / 2 + PE
    Total System Jitter     (TSJ):    0.071ns
    Total Input Jitter      (TIJ):    0.000ns
    Discrete Jitter          (DJ):    0.000ns
    Phase Error              (PE):    0.000ns

    Location             Delay type                Incr(ns)  Path(ns)    Netlist Resource(s)
  -------------------------------------------------------------------    -------------------
                         (clock clk rise edge)        0.000     0.000 r  <hidden>
                                                      0.000     0.000 r  clk
                         net (fo=52181, unset)        0.973     0.973    u_soa/u_core/u_scorer/g_lane[15].u_lane/clk
    SLICE_X38Y149        FDCE                                         r  u_soa/u_core/u_scorer/g_lane[15].u_lane/score_o_reg[2]/C
  -------------------------------------------------------------------    -------------------
    SLICE_X38Y149        FDCE (Prop_fdce_C_Q)         0.478     1.451 r  u_soa/u_core/u_scorer/g_lane[15].u_lane/score_o_reg[2]/Q
                         net (fo=7, routed)           1.183     2.634    u_soa/u_core/u_scorer/sc_score[15]_215[2]
    SLICE_X39Y145        LUT4 (Prop_lut4_I2_O)        0.301     2.935 r  u_soa/u_core/u_scorer/score_o[0][15]_i_2272/O
                         net (fo=1, routed)           0.000     2.935    u_soa/u_core/u_scorer/score_o[0][15]_i_2272_n_0
    SLICE_X39Y145        CARRY4 (Prop_carry4_S[1]_CO[3])
                                                      0.550     3.485 r  u_soa/u_core/u_scorer/score_o_reg[0][15]_i_1741/CO[3]
                         net (fo=1, routed)           0.000     3.485    u_soa/u_core/u_scorer/score_o_reg[0][15]_i_1741_n_0
    SLICE_X39Y146        CARRY4 (Prop_carry4_CI_CO[3])
                                                      0.114     3.599 r  u_soa/u_core/u_scorer/score_o_reg[0][15]_i_1172/CO[3]
                         net (fo=69, routed)          1.442     5.041    u_soa/u_core/u_scorer/score_o_reg[0][15]_i_1172_n_0
    SLICE_X41Y150        LUT4 (Prop_lut4_I3_O)        0.124     5.165 r  u_soa/u_core/u_scorer/score_o[0][15]_i_715/O
                         net (fo=85, routed)          1.345     6.510    u_soa/u_core/u_scorer/score_o[0][15]_i_715_n_0
    SLICE_X46Y148        LUT3 (Prop_lut3_I1_O)        0.124     6.634 f  u_soa/u_core/u_scorer/score_o[0][1]_i_107/O
                         net (fo=2, routed)           0.724     7.358    u_soa/u_core/u_scorer/score_o[0][1]_i_107_n_0
    SLICE_X48Y146        LUT6 (Prop_lut6_I1_O)        0.124     7.482 r  u_soa/u_core/u_scorer/score_o[4][15]_i_2352/O
                         net (fo=1, routed)           0.914     8.396    u_soa/u_core/u_scorer/score_o[4][15]_i_2352_n_0
    SLICE_X46Y143        CARRY4 (Prop_carry4_DI[0]_CO[3])
                                                      0.550     8.946 r  u_soa/u_core/u_scorer/score_o_reg[4][15]_i_1660/CO[3]
                         net (fo=1, routed)           0.000     8.946    u_soa/u_core/u_scorer/score_o_reg[4][15]_i_1660_n_0
    SLICE_X46Y144        CARRY4 (Prop_carry4_CI_CO[3])
                                                      0.117     9.063 f  u_soa/u_core/u_scorer/score_o_reg[4][15]_i_974/CO[3]
                         net (fo=2, routed)           1.345    10.408    u_soa/u_core/u_scorer/score_o_reg[4][15]_i_974_n_0
    SLICE_X33Y147        LUT4 (Prop_lut4_I0_O)        0.124    10.532 r  u_soa/u_core/u_scorer/score_o[0][15]_i_595/O
                         net (fo=81, routed)          1.306    11.839    u_soa/u_core/u_scorer/score_o[0][15]_i_595_n_0
    SLICE_X41Y149        LUT5 (Prop_lut5_I3_O)        0.124    11.963 r  u_soa/u_core/u_scorer/id_o[0][21]_i_92/O
                         net (fo=4, routed)           0.722    12.685    u_soa/u_core/u_scorer/id_o[0][21]_i_92_n_0
    SLICE_X40Y144        LUT6 (Prop_lut6_I5_O)        0.124    12.809 f  u_soa/u_core/u_scorer/score_o[0][15]_i_2572/O
                         net (fo=2, routed)           0.968    13.777    u_soa/u_core/u_scorer/score_o[0][15]_i_2572_n_0
    SLICE_X41Y140        LUT5 (Prop_lut5_I4_O)        0.124    13.901 r  u_soa/u_core/u_scorer/score_o[0][15]_i_2286/O
                         net (fo=1, routed)           0.000    13.901    u_soa/u_core/u_scorer/score_o[0][15]_i_2286_n_0
    SLICE_X41Y140        CARRY4 (Prop_carry4_S[3]_CO[3])
                                                      0.401    14.302 r  u_soa/u_core/u_scorer/score_o_reg[0][15]_i_1768/CO[3]
                         net (fo=1, routed)           0.000    14.302    u_soa/u_core/u_scorer/score_o_reg[0][15]_i_1768_n_0
    SLICE_X41Y141        CARRY4 (Prop_carry4_CI_CO[2])
                                                      0.228    14.530 r  u_soa/u_core/u_scorer/score_o_reg[0][15]_i_1183/CO[2]
                         net (fo=1, routed)           0.692    15.221    u_soa/u_core/u_scorer/u_topk/p_132_out
    SLICE_X41Y145        LUT6 (Prop_lut6_I5_O)        0.313    15.534 r  u_soa/u_core/u_scorer/score_o[0][15]_i_718/O
                         net (fo=6, routed)           0.624    16.158    u_soa/u_core/u_scorer/score_o[0][15]_i_718_n_0
    SLICE_X43Y146        LUT3 (Prop_lut3_I1_O)        0.124    16.282 r  u_soa/u_core/u_scorer/score_o[0][15]_i_382/O
                         net (fo=102, routed)         1.481    17.763    u_soa/u_core/u_scorer/score_o[0][15]_i_382_n_0
    SLICE_X44Y141        LUT3 (Prop_lut3_I1_O)        0.152    17.915 r  u_soa/u_core/u_scorer/id_o[0][0]_i_70/O
                         net (fo=5, routed)           1.594    19.509    u_soa/u_core/u_scorer/id_o[0][0]_i_70_n_0
    SLICE_X46Y132        LUT6 (Prop_lut6_I2_O)        0.326    19.835 r  u_soa/u_core/u_scorer/score_o[0][15]_i_1824/O
                         net (fo=1, routed)           0.000    19.835    u_soa/u_core/u_scorer/score_o[0][15]_i_1824_n_0
    SLICE_X46Y132        CARRY4 (Prop_carry4_S[0]_CO[3])
                                                      0.513    20.348 r  u_soa/u_core/u_scorer/score_o_reg[0][15]_i_1252/CO[3]
                         net (fo=1, routed)           0.000    20.348    u_soa/u_core/u_scorer/score_o_reg[0][15]_i_1252_n_0
    SLICE_X46Y133        CARRY4 (Prop_carry4_CI_CO[3])
                                                      0.117    20.465 r  u_soa/u_core/u_scorer/score_o_reg[0][15]_i_776/CO[3]
                         net (fo=1, routed)           0.000    20.465    u_soa/u_core/u_scorer/score_o_reg[0][15]_i_776_n_0
    SLICE_X46Y134        CARRY4 (Prop_carry4_CI_CO[2])
                                                      0.229    20.694 f  u_soa/u_core/u_scorer/score_o_reg[0][15]_i_419/CO[2]
                         net (fo=71, routed)          1.176    21.870    u_soa/u_core/u_scorer/u_topk/p_111_out
    SLICE_X49Y137        LUT4 (Prop_lut4_I2_O)        0.310    22.180 r  u_soa/u_core/u_scorer/score_o[0][15]_i_198/O
                         net (fo=72, routed)          1.291    23.471    u_soa/u_core/u_scorer/score_o[0][15]_i_198_n_0
    SLICE_X50Y148        LUT3 (Prop_lut3_I1_O)        0.150    23.621 f  u_soa/u_core/u_scorer/score_o[0][10]_i_63/O
                         net (fo=5, routed)           0.885    24.506    u_soa/u_core/u_scorer/score_o[0][10]_i_63_n_0
    SLICE_X51Y140        LUT6 (Prop_lut6_I5_O)        0.328    24.834 r  u_soa/u_core/u_scorer/score_o[0][15]_i_873/O
                         net (fo=1, routed)           1.272    26.106    u_soa/u_core/u_scorer/score_o[0][15]_i_873_n_0
    SLICE_X50Y128        CARRY4 (Prop_carry4_DI[1]_CO[3])
                                                      0.520    26.626 r  u_soa/u_core/u_scorer/score_o_reg[0][15]_i_479/CO[3]
                         net (fo=2, routed)           1.451    28.077    u_soa/u_core/u_scorer/score_o_reg[0][15]_i_479_n_0
    SLICE_X51Y135        LUT6 (Prop_lut6_I0_O)        0.124    28.201 r  u_soa/u_core/u_scorer/score_o[0][15]_i_216/O
                         net (fo=189, routed)         1.976    30.178    u_soa/u_core/u_scorer/score_o[0][15]_i_216_n_0
    SLICE_X54Y128        LUT5 (Prop_lut5_I3_O)        0.152    30.330 r  u_soa/u_core/u_scorer/score_o[0][3]_i_30/O
                         net (fo=5, routed)           0.885    31.215    u_soa/u_core/u_scorer/score_o[0][3]_i_30_n_0
    SLICE_X55Y125        LUT6 (Prop_lut6_I3_O)        0.348    31.563 r  u_soa/u_core/u_scorer/score_o[0][15]_i_1365/O
                         net (fo=1, routed)           0.705    32.268    u_soa/u_core/u_scorer/score_o[0][15]_i_1365_n_0
    SLICE_X55Y122        CARRY4 (Prop_carry4_DI[1]_CO[3])
                                                      0.507    32.775 r  u_soa/u_core/u_scorer/score_o_reg[0][15]_i_861/CO[3]
                         net (fo=1, routed)           0.000    32.775    u_soa/u_core/u_scorer/score_o_reg[0][15]_i_861_n_0
    SLICE_X55Y123        CARRY4 (Prop_carry4_CI_CO[3])
                                                      0.114    32.889 r  u_soa/u_core/u_scorer/score_o_reg[0][15]_i_478/CO[3]
                         net (fo=1, routed)           1.000    33.889    u_soa/u_core/u_scorer/score_o_reg[0][15]_i_478_n_0
    SLICE_X56Y130        LUT2 (Prop_lut2_I1_O)        0.124    34.013 f  u_soa/u_core/u_scorer/score_o[0][15]_i_215/O
                         net (fo=1, routed)           0.826    34.839    u_soa/u_core/u_scorer/score_o[0][15]_i_215_n_0
    SLICE_X50Y130        LUT6 (Prop_lut6_I5_O)        0.124    34.963 r  u_soa/u_core/u_scorer/score_o[0][15]_i_98/O
                         net (fo=105, routed)         1.369    36.332    u_soa/u_core/u_scorer/score_o[0][15]_i_98_n_0
    SLICE_X50Y125        LUT3 (Prop_lut3_I1_O)        0.150    36.482 r  u_soa/u_core/u_scorer/score_o[0][4]_i_31/O
                         net (fo=4, routed)           1.398    37.880    u_soa/u_core/u_scorer/score_o[0][4]_i_31_n_0
    SLICE_X40Y115        LUT6 (Prop_lut6_I2_O)        0.355    38.235 r  u_soa/u_core/u_scorer/score_o[0][15]_i_623/O
                         net (fo=1, routed)           0.000    38.235    u_soa/u_core/u_scorer/score_o[0][15]_i_623_n_0
    SLICE_X40Y115        CARRY4 (Prop_carry4_S[1]_CO[3])
                                                      0.550    38.785 r  u_soa/u_core/u_scorer/score_o_reg[0][15]_i_323/CO[3]
                         net (fo=1, routed)           0.000    38.785    u_soa/u_core/u_scorer/score_o_reg[0][15]_i_323_n_0
    SLICE_X40Y116        CARRY4 (Prop_carry4_CI_CO[1])
                                                      0.157    38.942 r  u_soa/u_core/u_scorer/score_o_reg[0][15]_i_151/CO[1]
                         net (fo=37, routed)          0.980    39.922    u_soa/u_core/u_scorer/score_o_reg[0][15]_i_151_n_2
    SLICE_X41Y117        LUT4 (Prop_lut4_I3_O)        0.329    40.251 r  u_soa/u_core/u_scorer/score_o[0][15]_i_76/O
                         net (fo=46, routed)          1.288    41.539    u_soa/u_core/u_scorer/score_o[0][15]_i_76_n_0
    SLICE_X35Y114        LUT3 (Prop_lut3_I1_O)        0.152    41.691 r  u_soa/u_core/u_scorer/score_o[0][6]_i_15/O
                         net (fo=5, routed)           0.955    42.646    u_soa/u_core/u_scorer/score_o[0][6]_i_15_n_0
    SLICE_X29Y114        LUT6 (Prop_lut6_I4_O)        0.332    42.978 r  u_soa/u_core/u_scorer/score_o[0][15]_i_827/O
                         net (fo=1, routed)           0.000    42.978    u_soa/u_core/u_scorer/score_o[0][15]_i_827_n_0
    SLICE_X29Y114        CARRY4 (Prop_carry4_S[2]_CO[3])
                                                      0.398    43.376 r  u_soa/u_core/u_scorer/score_o_reg[0][15]_i_450/CO[3]
                         net (fo=1, routed)           0.000    43.376    u_soa/u_core/u_scorer/score_o_reg[0][15]_i_450_n_0
    SLICE_X29Y115        CARRY4 (Prop_carry4_CI_CO[1])
                                                      0.157    43.533 f  u_soa/u_core/u_scorer/score_o_reg[0][15]_i_208/CO[1]
                         net (fo=2, routed)           1.036    44.568    u_soa/u_core/u_scorer/score_o_reg[0][15]_i_208_n_2
    SLICE_X11Y114        LUT2 (Prop_lut2_I0_O)        0.329    44.897 f  u_soa/u_core/u_scorer/score_o[0][15]_i_96/O
                         net (fo=10, routed)          0.995    45.892    u_soa/u_core/u_scorer/score_o[0][15]_i_96_n_0
    SLICE_X11Y117        LUT6 (Prop_lut6_I5_O)        0.124    46.016 r  u_soa/u_core/u_scorer/score_o[0][15]_i_29/O
                         net (fo=118, routed)         0.997    47.012    u_soa/u_core/u_scorer/score_o[0][15]_i_29_n_0
    SLICE_X12Y118        LUT3 (Prop_lut3_I1_O)        0.116    47.128 r  u_soa/u_core/u_scorer/id_o[4][12]_i_5/O
                         net (fo=5, routed)           0.940    48.069    u_soa/u_core/u_scorer/id_o[4][12]_i_5_n_0
    SLICE_X9Y118         LUT6 (Prop_lut6_I4_O)        0.328    48.397 r  u_soa/u_core/u_scorer/score_o[4][15]_i_1941/O
                         net (fo=1, routed)           0.448    48.844    u_soa/u_core/u_scorer/score_o[4][15]_i_1941_n_0
    SLICE_X8Y115         LUT5 (Prop_lut5_I4_O)        0.124    48.968 r  u_soa/u_core/u_scorer/score_o[4][15]_i_1269/O
                         net (fo=1, routed)           0.000    48.968    u_soa/u_core/u_scorer/score_o[4][15]_i_1269_n_0
    SLICE_X8Y115         CARRY4 (Prop_carry4_S[0]_CO[3])
                                                      0.513    49.481 r  u_soa/u_core/u_scorer/score_o_reg[4][15]_i_749/CO[3]
                         net (fo=1, routed)           0.000    49.481    u_soa/u_core/u_scorer/score_o_reg[4][15]_i_749_n_0
    SLICE_X8Y116         CARRY4 (Prop_carry4_CI_CO[2])
                                                      0.229    49.710 r  u_soa/u_core/u_scorer/score_o_reg[4][15]_i_320/CO[2]
                         net (fo=2, routed)           0.834    50.544    u_soa/u_core/u_scorer/score_o_reg[4][15]_i_320_n_1
    SLICE_X10Y116        LUT3 (Prop_lut3_I1_O)        0.310    50.854 r  u_soa/u_core/u_scorer/score_o[4][15]_i_99/O
                         net (fo=7, routed)           0.694    51.548    u_soa/u_core/u_scorer/score_o[4][15]_i_99_n_0
    SLICE_X10Y114        LUT6 (Prop_lut6_I0_O)        0.124    51.672 r  u_soa/u_core/u_scorer/score_o[4][15]_i_30/O
                         net (fo=102, routed)         0.872    52.543    u_soa/u_core/u_scorer/score_o[4][15]_i_30_n_0
    SLICE_X15Y113        LUT5 (Prop_lut5_I3_O)        0.124    52.667 r  u_soa/u_core/u_scorer/id_o[4][14]_i_2/O
                         net (fo=4, routed)           1.000    53.667    u_soa/u_core/u_scorer/id_o[4][14]_i_2_n_0
    SLICE_X14Y107        LUT4 (Prop_lut4_I3_O)        0.124    53.791 r  u_soa/u_core/u_scorer/score_o[4][15]_i_1242/O
                         net (fo=2, routed)           0.856    54.647    u_soa/u_core/u_scorer/score_o[4][15]_i_1242_n_0
    SLICE_X15Y109        LUT4 (Prop_lut4_I0_O)        0.124    54.771 r  u_soa/u_core/u_scorer/score_o[4][15]_i_717/O
                         net (fo=1, routed)           0.000    54.771    u_soa/u_core/u_scorer/score_o[4][15]_i_717_n_0
    SLICE_X15Y109        CARRY4 (Prop_carry4_S[0]_CO[3])
                                                      0.532    55.303 r  u_soa/u_core/u_scorer/score_o_reg[4][15]_i_291/CO[3]
                         net (fo=1, routed)           0.000    55.303    u_soa/u_core/u_scorer/score_o_reg[4][15]_i_291_n_0
    SLICE_X15Y110        CARRY4 (Prop_carry4_CI_CO[2])
                                                      0.228    55.531 f  u_soa/u_core/u_scorer/score_o_reg[4][15]_i_83/CO[2]
                         net (fo=2, routed)           0.803    56.334    u_soa/u_core/u_scorer/score_o_reg[4][15]_i_83_n_1
    SLICE_X28Y110        LUT5 (Prop_lut5_I0_O)        0.313    56.647 f  u_soa/u_core/u_scorer/score_o[4][15]_i_27/O
                         net (fo=1, routed)           0.947    57.594    u_soa/u_core/u_scorer/score_o[4][15]_i_27_n_0
    SLICE_X29Y107        LUT6 (Prop_lut6_I4_O)        0.124    57.718 r  u_soa/u_core/u_scorer/score_o[4][15]_i_5/O
                         net (fo=96, routed)          0.926    58.644    u_soa/u_core/u_scorer/score_o[4][15]_i_5_n_0
    SLICE_X29Y110        LUT5 (Prop_lut5_I4_O)        0.152    58.796 r  u_soa/u_core/u_scorer/id_o[5][31]_i_1/O
                         net (fo=1, routed)           0.000    58.796    u_soa/u_core/u_topk/id_o_reg[5][31]_0[31]
    SLICE_X29Y110        FDCE                                         r  u_soa/u_core/u_topk/id_o_reg[5][31]/D
  -------------------------------------------------------------------    -------------------

                         (clock clk rise edge)       10.000    10.000 r  <hidden>
                                                      0.000    10.000 r  clk
                         net (fo=52181, unset)        0.924    10.924    u_soa/u_core/u_topk/clk
    SLICE_X29Y110        FDCE                                         r  u_soa/u_core/u_topk/id_o_reg[5][31]/C
                         clock pessimism              0.000    10.924    <hidden>
                         clock uncertainty           -0.035    10.889    <hidden>
    SLICE_X29Y110        FDCE (Setup_fdce_C_D)        0.075    10.964    u_soa/u_core/u_topk/id_o_reg[5][31]
  -------------------------------------------------------------------
                         required time                         10.964    <hidden>
                         arrival time                         -58.796    <hidden>
  -------------------------------------------------------------------
                         slack                                -47.832    <hidden>





Min Delay Paths
--------------------------------------------------------------------------------------
Slack (MET) :             0.070ns  (arrival time - required time)
  Source:                 u_core/row_reg[3]__0_rep__0/C
                            (rising edge-triggered cell FDRE clocked by clk  {rise@0.000ns fall@5.000ns period=10.000ns})
  Destination:            u_core/u_logits/mem_reg_64_127_0_2/RAMA/WADR3
                            (rising edge-triggered cell RAMD64E clocked by clk  {rise@0.000ns fall@5.000ns period=10.000ns})
  Path Group:             clk
  Path Type:              Hold (Min at Fast Process Corner)
  Requirement:            0.000ns  (clk rise@0.000ns - clk rise@0.000ns)
  Data Path Delay:        0.332ns  (logic 0.141ns (42.502%)  route 0.191ns (57.498%))
  Logic Levels:           0  
  Clock Path Skew:        0.022ns (DCD - SCD - CPR)
    Destination Clock Delay (DCD):    0.432ns
    Source Clock Delay      (SCD):    0.410ns
    Clock Pessimism Removal (CPR):    -0.000ns

    Location             Delay type                Incr(ns)  Path(ns)    Netlist Resource(s)
  -------------------------------------------------------------------    -------------------
                         (clock clk rise edge)        0.000     0.000 r  <hidden>
                                                      0.000     0.000 r  clk
                         net (fo=52181, unset)        0.410     0.410    u_core/clk
    SLICE_X53Y37         FDRE                                         r  u_core/row_reg[3]__0_rep__0/C
  -------------------------------------------------------------------    -------------------
    SLICE_X53Y37         FDRE (Prop_fdre_C_Q)         0.141     0.551 r  u_core/row_reg[3]__0_rep__0/Q
                         net (fo=886, routed)         0.191     0.742    u_core/u_logits/mem_reg_64_127_0_2/ADDRD3
    SLICE_X54Y38         RAMD64E                                      r  u_core/u_logits/mem_reg_64_127_0_2/RAMA/WADR3
  -------------------------------------------------------------------    -------------------

                         (clock clk rise edge)        0.000     0.000 r  <hidden>
                                                      0.000     0.000 r  clk
                         net (fo=52181, unset)        0.432     0.432    u_core/u_logits/mem_reg_64_127_0_2/WCLK
    SLICE_X54Y38         RAMD64E                                      r  u_core/u_logits/mem_reg_64_127_0_2/RAMA/CLK
                         clock pessimism              0.000     0.432    <hidden>
    SLICE_X54Y38         RAMD64E (Hold_ramd64e_CLK_WADR3)
                                                      0.240     0.672    u_core/u_logits/mem_reg_64_127_0_2/RAMA
  -------------------------------------------------------------------
                         required time                         -0.672    <hidden>
                         arrival time                           0.742    <hidden>
  -------------------------------------------------------------------
                         slack                                  0.070    <hidden>

Slack (MET) :             0.070ns  (arrival time - required time)
  Source:                 u_core/row_reg[3]__0_rep__0/C
                            (rising edge-triggered cell FDRE clocked by clk  {rise@0.000ns fall@5.000ns period=10.000ns})
  Destination:            u_core/u_logits/mem_reg_64_127_0_2/RAMB/WADR3
                            (rising edge-triggered cell RAMD64E clocked by clk  {rise@0.000ns fall@5.000ns period=10.000ns})
  Path Group:             clk
  Path Type:              Hold (Min at Fast Process Corner)
  Requirement:            0.000ns  (clk rise@0.000ns - clk rise@0.000ns)
  Data Path Delay:        0.332ns  (logic 0.141ns (42.502%)  route 0.191ns (57.498%))
  Logic Levels:           0  
  Clock Path Skew:        0.022ns (DCD - SCD - CPR)
    Destination Clock Delay (DCD):    0.432ns
    Source Clock Delay      (SCD):    0.410ns
    Clock Pessimism Removal (CPR):    -0.000ns

    Location             Delay type                Incr(ns)  Path(ns)    Netlist Resource(s)
  -------------------------------------------------------------------    -------------------
                         (clock clk rise edge)        0.000     0.000 r  <hidden>
                                                      0.000     0.000 r  clk
                         net (fo=52181, unset)        0.410     0.410    u_core/clk
    SLICE_X53Y37         FDRE                                         r  u_core/row_reg[3]__0_rep__0/C
  -------------------------------------------------------------------    -------------------
    SLICE_X53Y37         FDRE (Prop_fdre_C_Q)         0.141     0.551 r  u_core/row_reg[3]__0_rep__0/Q
                         net (fo=886, routed)         0.191     0.742    u_core/u_logits/mem_reg_64_127_0_2/ADDRD3
    SLICE_X54Y38         RAMD64E                                      r  u_core/u_logits/mem_reg_64_127_0_2/RAMB/WADR3
  -------------------------------------------------------------------    -------------------

                         (clock clk rise edge)        0.000     0.000 r  <hidden>
                                                      0.000     0.000 r  clk
                         net (fo=52181, unset)        0.432     0.432    u_core/u_logits/mem_reg_64_127_0_2/WCLK
    SLICE_X54Y38         RAMD64E                                      r  u_core/u_logits/mem_reg_64_127_0_2/RAMB/CLK
                         clock pessimism              0.000     0.432    <hidden>
    SLICE_X54Y38         RAMD64E (Hold_ramd64e_CLK_WADR3)
                                                      0.240     0.672    u_core/u_logits/mem_reg_64_127_0_2/RAMB
  -------------------------------------------------------------------
                         required time                         -0.672    <hidden>
                         arrival time                           0.742    <hidden>
  -------------------------------------------------------------------
                         slack                                  0.070    <hidden>

Slack (MET) :             0.070ns  (arrival time - required time)
  Source:                 u_core/row_reg[3]__0_rep__0/C
                            (rising edge-triggered cell FDRE clocked by clk  {rise@0.000ns fall@5.000ns period=10.000ns})
  Destination:            u_core/u_logits/mem_reg_64_127_0_2/RAMC/WADR3
                            (rising edge-triggered cell RAMD64E clocked by clk  {rise@0.000ns fall@5.000ns period=10.000ns})
  Path Group:             clk
  Path Type:              Hold (Min at Fast Process Corner)
  Requirement:            0.000ns  (clk rise@0.000ns - clk rise@0.000ns)
  Data Path Delay:        0.332ns  (logic 0.141ns (42.502%)  route 0.191ns (57.498%))
  Logic Levels:           0  
  Clock Path Skew:        0.022ns (DCD - SCD - CPR)
    Destination Clock Delay (DCD):    0.432ns
    Source Clock Delay      (SCD):    0.410ns
    Clock Pessimism Removal (CPR):    -0.000ns

    Location             Delay type                Incr(ns)  Path(ns)    Netlist Resource(s)
  -------------------------------------------------------------------    -------------------
                         (clock clk rise edge)        0.000     0.000 r  <hidden>
                                                      0.000     0.000 r  clk
                         net (fo=52181, unset)        0.410     0.410    u_core/clk
    SLICE_X53Y37         FDRE                                         r  u_core/row_reg[3]__0_rep__0/C
  -------------------------------------------------------------------    -------------------
    SLICE_X53Y37         FDRE (Prop_fdre_C_Q)         0.141     0.551 r  u_core/row_reg[3]__0_rep__0/Q
                         net (fo=886, routed)         0.191     0.742    u_core/u_logits/mem_reg_64_127_0_2/ADDRD3
    SLICE_X54Y38         RAMD64E                                      r  u_core/u_logits/mem_reg_64_127_0_2/RAMC/WADR3
  -------------------------------------------------------------------    -------------------

                         (clock clk rise edge)        0.000     0.000 r  <hidden>
                                                      0.000     0.000 r  clk
                         net (fo=52181, unset)        0.432     0.432    u_core/u_logits/mem_reg_64_127_0_2/WCLK
    SLICE_X54Y38         RAMD64E                                      r  u_core/u_logits/mem_reg_64_127_0_2/RAMC/CLK
                         clock pessimism              0.000     0.432    <hidden>
    SLICE_X54Y38         RAMD64E (Hold_ramd64e_CLK_WADR3)
                                                      0.240     0.672    u_core/u_logits/mem_reg_64_127_0_2/RAMC
  -------------------------------------------------------------------
                         required time                         -0.672    <hidden>
                         arrival time                           0.742    <hidden>
  -------------------------------------------------------------------
                         slack                                  0.070    <hidden>

Slack (MET) :             0.070ns  (arrival time - required time)
  Source:                 u_core/row_reg[3]__0_rep__0/C
                            (rising edge-triggered cell FDRE clocked by clk  {rise@0.000ns fall@5.000ns period=10.000ns})
  Destination:            u_core/u_logits/mem_reg_64_127_0_2/RAMD/WADR3
                            (rising edge-triggered cell RAMD64E clocked by clk  {rise@0.000ns fall@5.000ns period=10.000ns})
  Path Group:             clk
  Path Type:              Hold (Min at Fast Process Corner)
  Requirement:            0.000ns  (clk rise@0.000ns - clk rise@0.000ns)
  Data Path Delay:        0.332ns  (logic 0.141ns (42.502%)  route 0.191ns (57.498%))
  Logic Levels:           0  
  Clock Path Skew:        0.022ns (DCD - SCD - CPR)
    Destination Clock Delay (DCD):    0.432ns
    Source Clock Delay      (SCD):    0.410ns
    Clock Pessimism Removal (CPR):    -0.000ns

    Location             Delay type                Incr(ns)  Path(ns)    Netlist Resource(s)
  -------------------------------------------------------------------    -------------------
                         (clock clk rise edge)        0.000     0.000 r  <hidden>
                                                      0.000     0.000 r  clk
                         net (fo=52181, unset)        0.410     0.410    u_core/clk
    SLICE_X53Y37         FDRE                                         r  u_core/row_reg[3]__0_rep__0/C
  -------------------------------------------------------------------    -------------------
    SLICE_X53Y37         FDRE (Prop_fdre_C_Q)         0.141     0.551 r  u_core/row_reg[3]__0_rep__0/Q
                         net (fo=886, routed)         0.191     0.742    u_core/u_logits/mem_reg_64_127_0_2/ADDRD3
    SLICE_X54Y38         RAMD64E                                      r  u_core/u_logits/mem_reg_64_127_0_2/RAMD/WADR3
  -------------------------------------------------------------------    -------------------

                         (clock clk rise edge)        0.000     0.000 r  <hidden>
                                                      0.000     0.000 r  clk
                         net (fo=52181, unset)        0.432     0.432    u_core/u_logits/mem_reg_64_127_0_2/WCLK
    SLICE_X54Y38         RAMD64E                                      r  u_core/u_logits/mem_reg_64_127_0_2/RAMD/CLK
                         clock pessimism              0.000     0.432    <hidden>
    SLICE_X54Y38         RAMD64E (Hold_ramd64e_CLK_WADR3)
                                                      0.240     0.672    u_core/u_logits/mem_reg_64_127_0_2/RAMD
  -------------------------------------------------------------------
                         required time                         -0.672    <hidden>
                         arrival time                           0.742    <hidden>
  -------------------------------------------------------------------
                         slack                                  0.070    <hidden>

Slack (MET) :             0.072ns  (arrival time - required time)
  Source:                 u_core/snap_waddr_reg[3]/C
                            (rising edge-triggered cell FDRE clocked by clk  {rise@0.000ns fall@5.000ns period=10.000ns})
  Destination:            u_core/u_snap/u_candidate/mem_reg_2112_2175_15_15/DP/WADR3
                            (rising edge-triggered cell RAMD64E clocked by clk  {rise@0.000ns fall@5.000ns period=10.000ns})
  Path Group:             clk
  Path Type:              Hold (Min at Fast Process Corner)
  Requirement:            0.000ns  (clk rise@0.000ns - clk rise@0.000ns)
  Data Path Delay:        0.333ns  (logic 0.141ns (42.326%)  route 0.192ns (57.674%))
  Logic Levels:           0  
  Clock Path Skew:        0.022ns (DCD - SCD - CPR)
    Destination Clock Delay (DCD):    0.432ns
    Source Clock Delay      (SCD):    0.410ns
    Clock Pessimism Removal (CPR):    -0.000ns

    Location             Delay type                Incr(ns)  Path(ns)    Netlist Resource(s)
  -------------------------------------------------------------------    -------------------
                         (clock clk rise edge)        0.000     0.000 r  <hidden>
                                                      0.000     0.000 r  clk
                         net (fo=52181, unset)        0.410     0.410    u_core/clk
    SLICE_X68Y24         FDRE                                         r  u_core/snap_waddr_reg[3]/C
  -------------------------------------------------------------------    -------------------
    SLICE_X68Y24         FDRE (Prop_fdre_C_Q)         0.141     0.551 r  u_core/snap_waddr_reg[3]/Q
                         net (fo=192, routed)         0.192     0.743    u_core/u_snap/u_candidate/mem_reg_2112_2175_15_15/A3
    SLICE_X70Y24         RAMD64E                                      r  u_core/u_snap/u_candidate/mem_reg_2112_2175_15_15/DP/WADR3
  -------------------------------------------------------------------    -------------------

                         (clock clk rise edge)        0.000     0.000 r  <hidden>
                                                      0.000     0.000 r  clk
                         net (fo=52181, unset)        0.432     0.432    u_core/u_snap/u_candidate/mem_reg_2112_2175_15_15/WCLK
    SLICE_X70Y24         RAMD64E                                      r  u_core/u_snap/u_candidate/mem_reg_2112_2175_15_15/DP/CLK
                         clock pessimism              0.000     0.432    <hidden>
    SLICE_X70Y24         RAMD64E (Hold_ramd64e_CLK_WADR3)
                                                      0.240     0.672    u_core/u_snap/u_candidate/mem_reg_2112_2175_15_15/DP
  -------------------------------------------------------------------
                         required time                         -0.672    <hidden>
                         arrival time                           0.743    <hidden>
  -------------------------------------------------------------------
                         slack                                  0.072    <hidden>

Slack (MET) :             0.072ns  (arrival time - required time)
  Source:                 u_core/snap_waddr_reg[3]/C
                            (rising edge-triggered cell FDRE clocked by clk  {rise@0.000ns fall@5.000ns period=10.000ns})
  Destination:            u_core/u_snap/u_candidate/mem_reg_2112_2175_15_15/SP/WADR3
                            (rising edge-triggered cell RAMD64E clocked by clk  {rise@0.000ns fall@5.000ns period=10.000ns})
  Path Group:             clk
  Path Type:              Hold (Min at Fast Process Corner)
  Requirement:            0.000ns  (clk rise@0.000ns - clk rise@0.000ns)
  Data Path Delay:        0.333ns  (logic 0.141ns (42.326%)  route 0.192ns (57.674%))
  Logic Levels:           0  
  Clock Path Skew:        0.022ns (DCD - SCD - CPR)
    Destination Clock Delay (DCD):    0.432ns
    Source Clock Delay      (SCD):    0.410ns
    Clock Pessimism Removal (CPR):    -0.000ns

    Location             Delay type                Incr(ns)  Path(ns)    Netlist Resource(s)
  -------------------------------------------------------------------    -------------------
                         (clock clk rise edge)        0.000     0.000 r  <hidden>
                                                      0.000     0.000 r  clk
                         net (fo=52181, unset)        0.410     0.410    u_core/clk
    SLICE_X68Y24         FDRE                                         r  u_core/snap_waddr_reg[3]/C
  -------------------------------------------------------------------    -------------------
    SLICE_X68Y24         FDRE (Prop_fdre_C_Q)         0.141     0.551 r  u_core/snap_waddr_reg[3]/Q
                         net (fo=192, routed)         0.192     0.743    u_core/u_snap/u_candidate/mem_reg_2112_2175_15_15/A3
    SLICE_X70Y24         RAMD64E                                      r  u_core/u_snap/u_candidate/mem_reg_2112_2175_15_15/SP/WADR3
  -------------------------------------------------------------------    -------------------

                         (clock clk rise edge)        0.000     0.000 r  <hidden>
                                                      0.000     0.000 r  clk
                         net (fo=52181, unset)        0.432     0.432    u_core/u_snap/u_candidate/mem_reg_2112_2175_15_15/WCLK
    SLICE_X70Y24         RAMD64E                                      r  u_core/u_snap/u_candidate/mem_reg_2112_2175_15_15/SP/CLK
                         clock pessimism              0.000     0.432    <hidden>
    SLICE_X70Y24         RAMD64E (Hold_ramd64e_CLK_WADR3)
                                                      0.240     0.672    u_core/u_snap/u_candidate/mem_reg_2112_2175_15_15/SP
  -------------------------------------------------------------------
                         required time                         -0.672    <hidden>
                         arrival time                           0.743    <hidden>
  -------------------------------------------------------------------
                         slack                                  0.072    <hidden>

Slack (MET) :             0.084ns  (arrival time - required time)
  Source:                 u_core/snap_waddr_reg[0]/C
                            (rising edge-triggered cell FDRE clocked by clk  {rise@0.000ns fall@5.000ns period=10.000ns})
  Destination:            u_core/u_snap/u_candidate/mem_reg_192_255_15_15/DP/WADR0
                            (rising edge-triggered cell RAMD64E clocked by clk  {rise@0.000ns fall@5.000ns period=10.000ns})
  Path Group:             clk
  Path Type:              Hold (Min at Fast Process Corner)
  Requirement:            0.000ns  (clk rise@0.000ns - clk rise@0.000ns)
  Data Path Delay:        0.415ns  (logic 0.141ns (33.968%)  route 0.274ns (66.032%))
  Logic Levels:           0  
  Clock Path Skew:        0.022ns (DCD - SCD - CPR)
    Destination Clock Delay (DCD):    0.432ns
    Source Clock Delay      (SCD):    0.410ns
    Clock Pessimism Removal (CPR):    -0.000ns

    Location             Delay type                Incr(ns)  Path(ns)    Netlist Resource(s)
  -------------------------------------------------------------------    -------------------
                         (clock clk rise edge)        0.000     0.000 r  <hidden>
                                                      0.000     0.000 r  clk
                         net (fo=52181, unset)        0.410     0.410    u_core/clk
    SLICE_X65Y17         FDRE                                         r  u_core/snap_waddr_reg[0]/C
  -------------------------------------------------------------------    -------------------
    SLICE_X65Y17         FDRE (Prop_fdre_C_Q)         0.141     0.551 r  u_core/snap_waddr_reg[0]/Q
                         net (fo=192, routed)         0.274     0.825    u_core/u_snap/u_candidate/mem_reg_192_255_15_15/A0
    SLICE_X66Y18         RAMD64E                                      r  u_core/u_snap/u_candidate/mem_reg_192_255_15_15/DP/WADR0
  -------------------------------------------------------------------    -------------------

                         (clock clk rise edge)        0.000     0.000 r  <hidden>
                                                      0.000     0.000 r  clk
                         net (fo=52181, unset)        0.432     0.432    u_core/u_snap/u_candidate/mem_reg_192_255_15_15/WCLK
    SLICE_X66Y18         RAMD64E                                      r  u_core/u_snap/u_candidate/mem_reg_192_255_15_15/DP/CLK
                         clock pessimism              0.000     0.432    <hidden>
    SLICE_X66Y18         RAMD64E (Hold_ramd64e_CLK_WADR0)
                                                      0.310     0.742    u_core/u_snap/u_candidate/mem_reg_192_255_15_15/DP
  -------------------------------------------------------------------
                         required time                         -0.742    <hidden>
                         arrival time                           0.825    <hidden>
  -------------------------------------------------------------------
                         slack                                  0.084    <hidden>

Slack (MET) :             0.084ns  (arrival time - required time)
  Source:                 u_core/snap_waddr_reg[0]/C
                            (rising edge-triggered cell FDRE clocked by clk  {rise@0.000ns fall@5.000ns period=10.000ns})
  Destination:            u_core/u_snap/u_candidate/mem_reg_192_255_15_15/SP/WADR0
                            (rising edge-triggered cell RAMD64E clocked by clk  {rise@0.000ns fall@5.000ns period=10.000ns})
  Path Group:             clk
  Path Type:              Hold (Min at Fast Process Corner)
  Requirement:            0.000ns  (clk rise@0.000ns - clk rise@0.000ns)
  Data Path Delay:        0.415ns  (logic 0.141ns (33.968%)  route 0.274ns (66.032%))
  Logic Levels:           0  
  Clock Path Skew:        0.022ns (DCD - SCD - CPR)
    Destination Clock Delay (DCD):    0.432ns
    Source Clock Delay      (SCD):    0.410ns
    Clock Pessimism Removal (CPR):    -0.000ns

    Location             Delay type                Incr(ns)  Path(ns)    Netlist Resource(s)
  -------------------------------------------------------------------    -------------------
                         (clock clk rise edge)        0.000     0.000 r  <hidden>
                                                      0.000     0.000 r  clk
                         net (fo=52181, unset)        0.410     0.410    u_core/clk
    SLICE_X65Y17         FDRE                                         r  u_core/snap_waddr_reg[0]/C
  -------------------------------------------------------------------    -------------------
    SLICE_X65Y17         FDRE (Prop_fdre_C_Q)         0.141     0.551 r  u_core/snap_waddr_reg[0]/Q
                         net (fo=192, routed)         0.274     0.825    u_core/u_snap/u_candidate/mem_reg_192_255_15_15/A0
    SLICE_X66Y18         RAMD64E                                      r  u_core/u_snap/u_candidate/mem_reg_192_255_15_15/SP/WADR0
  -------------------------------------------------------------------    -------------------

                         (clock clk rise edge)        0.000     0.000 r  <hidden>
                                                      0.000     0.000 r  clk
                         net (fo=52181, unset)        0.432     0.432    u_core/u_snap/u_candidate/mem_reg_192_255_15_15/WCLK
    SLICE_X66Y18         RAMD64E                                      r  u_core/u_snap/u_candidate/mem_reg_192_255_15_15/SP/CLK
                         clock pessimism              0.000     0.432    <hidden>
    SLICE_X66Y18         RAMD64E (Hold_ramd64e_CLK_WADR0)
                                                      0.310     0.742    u_core/u_snap/u_candidate/mem_reg_192_255_15_15/SP
  -------------------------------------------------------------------
                         required time                         -0.742    <hidden>
                         arrival time                           0.825    <hidden>
  -------------------------------------------------------------------
                         slack                                  0.084    <hidden>

Slack (MET) :             0.090ns  (arrival time - required time)
  Source:                 u_core/snap_waddr_reg[1]/C
                            (rising edge-triggered cell FDRE clocked by clk  {rise@0.000ns fall@5.000ns period=10.000ns})
  Destination:            u_core/u_snap/u_candidate/mem_reg_704_767_15_15/DP/WADR1
                            (rising edge-triggered cell RAMD64E clocked by clk  {rise@0.000ns fall@5.000ns period=10.000ns})
  Path Group:             clk
  Path Type:              Hold (Min at Fast Process Corner)
  Requirement:            0.000ns  (clk rise@0.000ns - clk rise@0.000ns)
  Data Path Delay:        0.421ns  (logic 0.141ns (33.487%)  route 0.280ns (66.513%))
  Logic Levels:           0  
  Clock Path Skew:        0.022ns (DCD - SCD - CPR)
    Destination Clock Delay (DCD):    0.432ns
    Source Clock Delay      (SCD):    0.410ns
    Clock Pessimism Removal (CPR):    -0.000ns

    Location             Delay type                Incr(ns)  Path(ns)    Netlist Resource(s)
  -------------------------------------------------------------------    -------------------
                         (clock clk rise edge)        0.000     0.000 r  <hidden>
                                                      0.000     0.000 r  clk
                         net (fo=52181, unset)        0.410     0.410    u_core/clk
    SLICE_X77Y21         FDRE                                         r  u_core/snap_waddr_reg[1]/C
  -------------------------------------------------------------------    -------------------
    SLICE_X77Y21         FDRE (Prop_fdre_C_Q)         0.141     0.551 r  u_core/snap_waddr_reg[1]/Q
                         net (fo=192, routed)         0.280     0.831    u_core/u_snap/u_candidate/mem_reg_704_767_15_15/A1
    SLICE_X74Y22         RAMD64E                                      r  u_core/u_snap/u_candidate/mem_reg_704_767_15_15/DP/WADR1
  -------------------------------------------------------------------    -------------------

                         (clock clk rise edge)        0.000     0.000 r  <hidden>
                                                      0.000     0.000 r  clk
                         net (fo=52181, unset)        0.432     0.432    u_core/u_snap/u_candidate/mem_reg_704_767_15_15/WCLK
    SLICE_X74Y22         RAMD64E                                      r  u_core/u_snap/u_candidate/mem_reg_704_767_15_15/DP/CLK
                         clock pessimism              0.000     0.432    <hidden>
    SLICE_X74Y22         RAMD64E (Hold_ramd64e_CLK_WADR1)
                                                      0.309     0.741    u_core/u_snap/u_candidate/mem_reg_704_767_15_15/DP
  -------------------------------------------------------------------
                         required time                         -0.741    <hidden>
                         arrival time                           0.831    <hidden>
  -------------------------------------------------------------------
                         slack                                  0.090    <hidden>

Slack (MET) :             0.090ns  (arrival time - required time)
  Source:                 u_core/snap_waddr_reg[1]/C
                            (rising edge-triggered cell FDRE clocked by clk  {rise@0.000ns fall@5.000ns period=10.000ns})
  Destination:            u_core/u_snap/u_candidate/mem_reg_704_767_15_15/SP/WADR1
                            (rising edge-triggered cell RAMD64E clocked by clk  {rise@0.000ns fall@5.000ns period=10.000ns})
  Path Group:             clk
  Path Type:              Hold (Min at Fast Process Corner)
  Requirement:            0.000ns  (clk rise@0.000ns - clk rise@0.000ns)
  Data Path Delay:        0.421ns  (logic 0.141ns (33.487%)  route 0.280ns (66.513%))
  Logic Levels:           0  
  Clock Path Skew:        0.022ns (DCD - SCD - CPR)
    Destination Clock Delay (DCD):    0.432ns
    Source Clock Delay      (SCD):    0.410ns
    Clock Pessimism Removal (CPR):    -0.000ns

    Location             Delay type                Incr(ns)  Path(ns)    Netlist Resource(s)
  -------------------------------------------------------------------    -------------------
                         (clock clk rise edge)        0.000     0.000 r  <hidden>
                                                      0.000     0.000 r  clk
                         net (fo=52181, unset)        0.410     0.410    u_core/clk
    SLICE_X77Y21         FDRE                                         r  u_core/snap_waddr_reg[1]/C
  -------------------------------------------------------------------    -------------------
    SLICE_X77Y21         FDRE (Prop_fdre_C_Q)         0.141     0.551 r  u_core/snap_waddr_reg[1]/Q
                         net (fo=192, routed)         0.280     0.831    u_core/u_snap/u_candidate/mem_reg_704_767_15_15/A1
    SLICE_X74Y22         RAMD64E                                      r  u_core/u_snap/u_candidate/mem_reg_704_767_15_15/SP/WADR1
  -------------------------------------------------------------------    -------------------

                         (clock clk rise edge)        0.000     0.000 r  <hidden>
                                                      0.000     0.000 r  clk
                         net (fo=52181, unset)        0.432     0.432    u_core/u_snap/u_candidate/mem_reg_704_767_15_15/WCLK
    SLICE_X74Y22         RAMD64E                                      r  u_core/u_snap/u_candidate/mem_reg_704_767_15_15/SP/CLK
                         clock pessimism              0.000     0.432    <hidden>
    SLICE_X74Y22         RAMD64E (Hold_ramd64e_CLK_WADR1)
                                                      0.309     0.741    u_core/u_snap/u_candidate/mem_reg_704_767_15_15/SP
  -------------------------------------------------------------------
                         required time                         -0.741    <hidden>
                         arrival time                           0.831    <hidden>
  -------------------------------------------------------------------
                         slack                                  0.090    <hidden>

Slack (MET) :             0.105ns  (arrival time - required time)
  Source:                 u_core/snap_waddr_reg[1]/C
                            (rising edge-triggered cell FDRE clocked by clk  {rise@0.000ns fall@5.000ns period=10.000ns})
  Destination:            u_core/u_snap/u_candidate/mem_reg_3968_4031_15_15/DP/WADR1
                            (rising edge-triggered cell RAMD64E clocked by clk  {rise@0.000ns fall@5.000ns period=10.000ns})
  Path Group:             clk
  Path Type:              Hold (Min at Fast Process Corner)
  Requirement:            0.000ns  (clk rise@0.000ns - clk rise@0.000ns)
  Data Path Delay:        0.436ns  (logic 0.141ns (32.335%)  route 0.295ns (67.665%))
  Logic Levels:           0  
  Clock Path Skew:        0.022ns (DCD - SCD - CPR)
    Destination Clock Delay (DCD):    0.432ns
    Source Clock Delay      (SCD):    0.410ns
    Clock Pessimism Removal (CPR):    -0.000ns

    Location             Delay type                Incr(ns)  Path(ns)    Netlist Resource(s)
  -------------------------------------------------------------------    -------------------
                         (clock clk rise edge)        0.000     0.000 r  <hidden>
                                                      0.000     0.000 r  clk
                         net (fo=52181, unset)        0.410     0.410    u_core/clk
    SLICE_X77Y21         FDRE                                         r  u_core/snap_waddr_reg[1]/C
  -------------------------------------------------------------------    -------------------
    SLICE_X77Y21         FDRE (Prop_fdre_C_Q)         0.141     0.551 r  u_core/snap_waddr_reg[1]/Q
                         net (fo=192, routed)         0.295     0.846    u_core/u_snap/u_candidate/mem_reg_3968_4031_15_15/A1
    SLICE_X76Y23         RAMD64E                                      r  u_core/u_snap/u_candidate/mem_reg_3968_4031_15_15/DP/WADR1
  -------------------------------------------------------------------    -------------------

                         (clock clk rise edge)        0.000     0.000 r  <hidden>
                                                      0.000     0.000 r  clk
                         net (fo=52181, unset)        0.432     0.432    u_core/u_snap/u_candidate/mem_reg_3968_4031_15_15/WCLK
    SLICE_X76Y23         RAMD64E                                      r  u_core/u_snap/u_candidate/mem_reg_3968_4031_15_15/DP/CLK
                         clock pessimism              0.000     0.432    <hidden>
    SLICE_X76Y23         RAMD64E (Hold_ramd64e_CLK_WADR1)
                                                      0.309     0.741    u_core/u_snap/u_candidate/mem_reg_3968_4031_15_15/DP
  -------------------------------------------------------------------
                         required time                         -0.741    <hidden>
                         arrival time                           0.846    <hidden>
  -------------------------------------------------------------------
                         slack                                  0.105    <hidden>

Slack (MET) :             0.105ns  (arrival time - required time)
  Source:                 u_core/snap_waddr_reg[1]/C
                            (rising edge-triggered cell FDRE clocked by clk  {rise@0.000ns fall@5.000ns period=10.000ns})
  Destination:            u_core/u_snap/u_candidate/mem_reg_3968_4031_15_15/SP/WADR1
                            (rising edge-triggered cell RAMD64E clocked by clk  {rise@0.000ns fall@5.000ns period=10.000ns})
  Path Group:             clk
  Path Type:              Hold (Min at Fast Process Corner)
  Requirement:            0.000ns  (clk rise@0.000ns - clk rise@0.000ns)
  Data Path Delay:        0.436ns  (logic 0.141ns (32.335%)  route 0.295ns (67.665%))
  Logic Levels:           0  
  Clock Path Skew:        0.022ns (DCD - SCD - CPR)
    Destination Clock Delay (DCD):    0.432ns
    Source Clock Delay      (SCD):    0.410ns
    Clock Pessimism Removal (CPR):    -0.000ns

    Location             Delay type                Incr(ns)  Path(ns)    Netlist Resource(s)
  -------------------------------------------------------------------    -------------------
                         (clock clk rise edge)        0.000     0.000 r  <hidden>
                                                      0.000     0.000 r  clk
                         net (fo=52181, unset)        0.410     0.410    u_core/clk
    SLICE_X77Y21         FDRE                                         r  u_core/snap_waddr_reg[1]/C
  -------------------------------------------------------------------    -------------------
    SLICE_X77Y21         FDRE (Prop_fdre_C_Q)         0.141     0.551 r  u_core/snap_waddr_reg[1]/Q
                         net (fo=192, routed)         0.295     0.846    u_core/u_snap/u_candidate/mem_reg_3968_4031_15_15/A1
    SLICE_X76Y23         RAMD64E                                      r  u_core/u_snap/u_candidate/mem_reg_3968_4031_15_15/SP/WADR1
  -------------------------------------------------------------------    -------------------

                         (clock clk rise edge)        0.000     0.000 r  <hidden>
                                                      0.000     0.000 r  clk
                         net (fo=52181, unset)        0.432     0.432    u_core/u_snap/u_candidate/mem_reg_3968_4031_15_15/WCLK
    SLICE_X76Y23         RAMD64E                                      r  u_core/u_snap/u_candidate/mem_reg_3968_4031_15_15/SP/CLK
                         clock pessimism              0.000     0.432    <hidden>
    SLICE_X76Y23         RAMD64E (Hold_ramd64e_CLK_WADR1)
                                                      0.309     0.741    u_core/u_snap/u_candidate/mem_reg_3968_4031_15_15/SP
  -------------------------------------------------------------------
                         required time                         -0.741    <hidden>
                         arrival time                           0.846    <hidden>
  -------------------------------------------------------------------
                         slack                                  0.105    <hidden>

Slack (MET) :             0.107ns  (arrival time - required time)
  Source:                 u_core/snap_waddr_reg[4]/C
                            (rising edge-triggered cell FDRE clocked by clk  {rise@0.000ns fall@5.000ns period=10.000ns})
  Destination:            u_core/u_snap/u_candidate/mem_reg_704_767_15_15/DP/WADR4
                            (rising edge-triggered cell RAMD64E clocked by clk  {rise@0.000ns fall@5.000ns period=10.000ns})
  Path Group:             clk
  Path Type:              Hold (Min at Fast Process Corner)
  Requirement:            0.000ns  (clk rise@0.000ns - clk rise@0.000ns)
  Data Path Delay:        0.329ns  (logic 0.141ns (42.847%)  route 0.188ns (57.153%))
  Logic Levels:           0  
  Clock Path Skew:        0.022ns (DCD - SCD - CPR)
    Destination Clock Delay (DCD):    0.432ns
    Source Clock Delay      (SCD):    0.410ns
    Clock Pessimism Removal (CPR):    -0.000ns

    Location             Delay type                Incr(ns)  Path(ns)    Netlist Resource(s)
  -------------------------------------------------------------------    -------------------
                         (clock clk rise edge)        0.000     0.000 r  <hidden>
                                                      0.000     0.000 r  clk
                         net (fo=52181, unset)        0.410     0.410    u_core/clk
    SLICE_X73Y23         FDRE                                         r  u_core/snap_waddr_reg[4]/C
  -------------------------------------------------------------------    -------------------
    SLICE_X73Y23         FDRE (Prop_fdre_C_Q)         0.141     0.551 r  u_core/snap_waddr_reg[4]/Q
                         net (fo=192, routed)         0.188     0.739    u_core/u_snap/u_candidate/mem_reg_704_767_15_15/A4
    SLICE_X74Y22         RAMD64E                                      r  u_core/u_snap/u_candidate/mem_reg_704_767_15_15/DP/WADR4
  -------------------------------------------------------------------    -------------------

                         (clock clk rise edge)        0.000     0.000 r  <hidden>
                                                      0.000     0.000 r  clk
                         net (fo=52181, unset)        0.432     0.432    u_core/u_snap/u_candidate/mem_reg_704_767_15_15/WCLK
    SLICE_X74Y22         RAMD64E                                      r  u_core/u_snap/u_candidate/mem_reg_704_767_15_15/DP/CLK
                         clock pessimism              0.000     0.432    <hidden>
    SLICE_X74Y22         RAMD64E (Hold_ramd64e_CLK_WADR4)
                                                      0.200     0.632    u_core/u_snap/u_candidate/mem_reg_704_767_15_15/DP
  -------------------------------------------------------------------
                         required time                         -0.632    <hidden>
                         arrival time                           0.739    <hidden>
  -------------------------------------------------------------------
                         slack                                  0.107    <hidden>

Slack (MET) :             0.107ns  (arrival time - required time)
  Source:                 u_core/snap_waddr_reg[4]/C
                            (rising edge-triggered cell FDRE clocked by clk  {rise@0.000ns fall@5.000ns period=10.000ns})
  Destination:            u_core/u_snap/u_candidate/mem_reg_704_767_15_15/SP/WADR4
                            (rising edge-triggered cell RAMD64E clocked by clk  {rise@0.000ns fall@5.000ns period=10.000ns})
  Path Group:             clk
  Path Type:              Hold (Min at Fast Process Corner)
  Requirement:            0.000ns  (clk rise@0.000ns - clk rise@0.000ns)
  Data Path Delay:        0.329ns  (logic 0.141ns (42.847%)  route 0.188ns (57.153%))
  Logic Levels:           0  
  Clock Path Skew:        0.022ns (DCD - SCD - CPR)
    Destination Clock Delay (DCD):    0.432ns
    Source Clock Delay      (SCD):    0.410ns
    Clock Pessimism Removal (CPR):    -0.000ns

    Location             Delay type                Incr(ns)  Path(ns)    Netlist Resource(s)
  -------------------------------------------------------------------    -------------------
                         (clock clk rise edge)        0.000     0.000 r  <hidden>
                                                      0.000     0.000 r  clk
                         net (fo=52181, unset)        0.410     0.410    u_core/clk
    SLICE_X73Y23         FDRE                                         r  u_core/snap_waddr_reg[4]/C
  -------------------------------------------------------------------    -------------------
    SLICE_X73Y23         FDRE (Prop_fdre_C_Q)         0.141     0.551 r  u_core/snap_waddr_reg[4]/Q
                         net (fo=192, routed)         0.188     0.739    u_core/u_snap/u_candidate/mem_reg_704_767_15_15/A4
    SLICE_X74Y22         RAMD64E                                      r  u_core/u_snap/u_candidate/mem_reg_704_767_15_15/SP/WADR4
  -------------------------------------------------------------------    -------------------

                         (clock clk rise edge)        0.000     0.000 r  <hidden>
                                                      0.000     0.000 r  clk
                         net (fo=52181, unset)        0.432     0.432    u_core/u_snap/u_candidate/mem_reg_704_767_15_15/WCLK
    SLICE_X74Y22         RAMD64E                                      r  u_core/u_snap/u_candidate/mem_reg_704_767_15_15/SP/CLK
                         clock pessimism              0.000     0.432    <hidden>
    SLICE_X74Y22         RAMD64E (Hold_ramd64e_CLK_WADR4)
                                                      0.200     0.632    u_core/u_snap/u_candidate/mem_reg_704_767_15_15/SP
  -------------------------------------------------------------------
                         required time                         -0.632    <hidden>
                         arrival time                           0.739    <hidden>
  -------------------------------------------------------------------
                         slack                                  0.107    <hidden>

Slack (MET) :             0.114ns  (arrival time - required time)
  Source:                 u_core/snap_waddr_reg[0]/C
                            (rising edge-triggered cell FDRE clocked by clk  {rise@0.000ns fall@5.000ns period=10.000ns})
  Destination:            u_core/u_snap/u_candidate/mem_reg_640_703_15_15/DP/WADR0
                            (rising edge-triggered cell RAMD64E clocked by clk  {rise@0.000ns fall@5.000ns period=10.000ns})
  Path Group:             clk
  Path Type:              Hold (Min at Fast Process Corner)
  Requirement:            0.000ns  (clk rise@0.000ns - clk rise@0.000ns)
  Data Path Delay:        0.445ns  (logic 0.141ns (31.665%)  route 0.304ns (68.335%))
  Logic Levels:           0  
  Clock Path Skew:        0.022ns (DCD - SCD - CPR)
    Destination Clock Delay (DCD):    0.432ns
    Source Clock Delay      (SCD):    0.410ns
    Clock Pessimism Removal (CPR):    -0.000ns

    Location             Delay type                Incr(ns)  Path(ns)    Netlist Resource(s)
  -------------------------------------------------------------------    -------------------
                         (clock clk rise edge)        0.000     0.000 r  <hidden>
                                                      0.000     0.000 r  clk
                         net (fo=52181, unset)        0.410     0.410    u_core/clk
    SLICE_X65Y17         FDRE                                         r  u_core/snap_waddr_reg[0]/C
  -------------------------------------------------------------------    -------------------
    SLICE_X65Y17         FDRE (Prop_fdre_C_Q)         0.141     0.551 r  u_core/snap_waddr_reg[0]/Q
                         net (fo=192, routed)         0.304     0.855    u_core/u_snap/u_candidate/mem_reg_640_703_15_15/A0
    SLICE_X62Y16         RAMD64E                                      r  u_core/u_snap/u_candidate/mem_reg_640_703_15_15/DP/WADR0
  -------------------------------------------------------------------    -------------------

                         (clock clk rise edge)        0.000     0.000 r  <hidden>
                                                      0.000     0.000 r  clk
                         net (fo=52181, unset)        0.432     0.432    u_core/u_snap/u_candidate/mem_reg_640_703_15_15/WCLK
    SLICE_X62Y16         RAMD64E                                      r  u_core/u_snap/u_candidate/mem_reg_640_703_15_15/DP/CLK
                         clock pessimism              0.000     0.432    <hidden>
    SLICE_X62Y16         RAMD64E (Hold_ramd64e_CLK_WADR0)
                                                      0.310     0.742    u_core/u_snap/u_candidate/mem_reg_640_703_15_15/DP
  -------------------------------------------------------------------
                         required time                         -0.742    <hidden>
                         arrival time                           0.855    <hidden>
  -------------------------------------------------------------------
                         slack                                  0.114    <hidden>

Slack (MET) :             0.114ns  (arrival time - required time)
  Source:                 u_core/snap_waddr_reg[0]/C
                            (rising edge-triggered cell FDRE clocked by clk  {rise@0.000ns fall@5.000ns period=10.000ns})
  Destination:            u_core/u_snap/u_candidate/mem_reg_640_703_15_15/SP/WADR0
                            (rising edge-triggered cell RAMD64E clocked by clk  {rise@0.000ns fall@5.000ns period=10.000ns})
  Path Group:             clk
  Path Type:              Hold (Min at Fast Process Corner)
  Requirement:            0.000ns  (clk rise@0.000ns - clk rise@0.000ns)
  Data Path Delay:        0.445ns  (logic 0.141ns (31.665%)  route 0.304ns (68.335%))
  Logic Levels:           0  
  Clock Path Skew:        0.022ns (DCD - SCD - CPR)
    Destination Clock Delay (DCD):    0.432ns
    Source Clock Delay      (SCD):    0.410ns
    Clock Pessimism Removal (CPR):    -0.000ns

    Location             Delay type                Incr(ns)  Path(ns)    Netlist Resource(s)
  -------------------------------------------------------------------    -------------------
                         (clock clk rise edge)        0.000     0.000 r  <hidden>
                                                      0.000     0.000 r  clk
                         net (fo=52181, unset)        0.410     0.410    u_core/clk
    SLICE_X65Y17         FDRE                                         r  u_core/snap_waddr_reg[0]/C
  -------------------------------------------------------------------    -------------------
    SLICE_X65Y17         FDRE (Prop_fdre_C_Q)         0.141     0.551 r  u_core/snap_waddr_reg[0]/Q
                         net (fo=192, routed)         0.304     0.855    u_core/u_snap/u_candidate/mem_reg_640_703_15_15/A0
    SLICE_X62Y16         RAMD64E                                      r  u_core/u_snap/u_candidate/mem_reg_640_703_15_15/SP/WADR0
  -------------------------------------------------------------------    -------------------

                         (clock clk rise edge)        0.000     0.000 r  <hidden>
                                                      0.000     0.000 r  clk
                         net (fo=52181, unset)        0.432     0.432    u_core/u_snap/u_candidate/mem_reg_640_703_15_15/WCLK
    SLICE_X62Y16         RAMD64E                                      r  u_core/u_snap/u_candidate/mem_reg_640_703_15_15/SP/CLK
                         clock pessimism              0.000     0.432    <hidden>
    SLICE_X62Y16         RAMD64E (Hold_ramd64e_CLK_WADR0)
                                                      0.310     0.742    u_core/u_snap/u_candidate/mem_reg_640_703_15_15/SP
  -------------------------------------------------------------------
                         required time                         -0.742    <hidden>
                         arrival time                           0.855    <hidden>
  -------------------------------------------------------------------
                         slack                                  0.114    <hidden>

Slack (MET) :             0.118ns  (arrival time - required time)
  Source:                 u_core/row_reg[3]__0_rep__0/C
                            (rising edge-triggered cell FDRE clocked by clk  {rise@0.000ns fall@5.000ns period=10.000ns})
  Destination:            u_core/u_logits/mem_reg_768_831_0_2/RAMA/WADR3
                            (rising edge-triggered cell RAMD64E clocked by clk  {rise@0.000ns fall@5.000ns period=10.000ns})
  Path Group:             clk
  Path Type:              Hold (Min at Fast Process Corner)
  Requirement:            0.000ns  (clk rise@0.000ns - clk rise@0.000ns)
  Data Path Delay:        0.380ns  (logic 0.141ns (37.124%)  route 0.239ns (62.876%))
  Logic Levels:           0  
  Clock Path Skew:        0.022ns (DCD - SCD - CPR)
    Destination Clock Delay (DCD):    0.432ns
    Source Clock Delay      (SCD):    0.410ns
    Clock Pessimism Removal (CPR):    -0.000ns

    Location             Delay type                Incr(ns)  Path(ns)    Netlist Resource(s)
  -------------------------------------------------------------------    -------------------
                         (clock clk rise edge)        0.000     0.000 r  <hidden>
                                                      0.000     0.000 r  clk
                         net (fo=52181, unset)        0.410     0.410    u_core/clk
    SLICE_X53Y37         FDRE                                         r  u_core/row_reg[3]__0_rep__0/C
  -------------------------------------------------------------------    -------------------
    SLICE_X53Y37         FDRE (Prop_fdre_C_Q)         0.141     0.551 r  u_core/row_reg[3]__0_rep__0/Q
                         net (fo=886, routed)         0.239     0.790    u_core/u_logits/mem_reg_768_831_0_2/ADDRD3
    SLICE_X56Y37         RAMD64E                                      r  u_core/u_logits/mem_reg_768_831_0_2/RAMA/WADR3
  -------------------------------------------------------------------    -------------------

                         (clock clk rise edge)        0.000     0.000 r  <hidden>
                                                      0.000     0.000 r  clk
                         net (fo=52181, unset)        0.432     0.432    u_core/u_logits/mem_reg_768_831_0_2/WCLK
    SLICE_X56Y37         RAMD64E                                      r  u_core/u_logits/mem_reg_768_831_0_2/RAMA/CLK
                         clock pessimism              0.000     0.432    <hidden>
    SLICE_X56Y37         RAMD64E (Hold_ramd64e_CLK_WADR3)
                                                      0.240     0.672    u_core/u_logits/mem_reg_768_831_0_2/RAMA
  -------------------------------------------------------------------
                         required time                         -0.672    <hidden>
                         arrival time                           0.790    <hidden>
  -------------------------------------------------------------------
                         slack                                  0.118    <hidden>

Slack (MET) :             0.118ns  (arrival time - required time)
  Source:                 u_core/row_reg[3]__0_rep__0/C
                            (rising edge-triggered cell FDRE clocked by clk  {rise@0.000ns fall@5.000ns period=10.000ns})
  Destination:            u_core/u_logits/mem_reg_768_831_0_2/RAMB/WADR3
                            (rising edge-triggered cell RAMD64E clocked by clk  {rise@0.000ns fall@5.000ns period=10.000ns})
  Path Group:             clk
  Path Type:              Hold (Min at Fast Process Corner)
  Requirement:            0.000ns  (clk rise@0.000ns - clk rise@0.000ns)
  Data Path Delay:        0.380ns  (logic 0.141ns (37.124%)  route 0.239ns (62.876%))
  Logic Levels:           0  
  Clock Path Skew:        0.022ns (DCD - SCD - CPR)
    Destination Clock Delay (DCD):    0.432ns
    Source Clock Delay      (SCD):    0.410ns
    Clock Pessimism Removal (CPR):    -0.000ns

    Location             Delay type                Incr(ns)  Path(ns)    Netlist Resource(s)
  -------------------------------------------------------------------    -------------------
                         (clock clk rise edge)        0.000     0.000 r  <hidden>
                                                      0.000     0.000 r  clk
                         net (fo=52181, unset)        0.410     0.410    u_core/clk
    SLICE_X53Y37         FDRE                                         r  u_core/row_reg[3]__0_rep__0/C
  -------------------------------------------------------------------    -------------------
    SLICE_X53Y37         FDRE (Prop_fdre_C_Q)         0.141     0.551 r  u_core/row_reg[3]__0_rep__0/Q
                         net (fo=886, routed)         0.239     0.790    u_core/u_logits/mem_reg_768_831_0_2/ADDRD3
    SLICE_X56Y37         RAMD64E                                      r  u_core/u_logits/mem_reg_768_831_0_2/RAMB/WADR3
  -------------------------------------------------------------------    -------------------

                         (clock clk rise edge)        0.000     0.000 r  <hidden>
                                                      0.000     0.000 r  clk
                         net (fo=52181, unset)        0.432     0.432    u_core/u_logits/mem_reg_768_831_0_2/WCLK
    SLICE_X56Y37         RAMD64E                                      r  u_core/u_logits/mem_reg_768_831_0_2/RAMB/CLK
                         clock pessimism              0.000     0.432    <hidden>
    SLICE_X56Y37         RAMD64E (Hold_ramd64e_CLK_WADR3)
                                                      0.240     0.672    u_core/u_logits/mem_reg_768_831_0_2/RAMB
  -------------------------------------------------------------------
                         required time                         -0.672    <hidden>
                         arrival time                           0.790    <hidden>
  -------------------------------------------------------------------
                         slack                                  0.118    <hidden>

Slack (MET) :             0.118ns  (arrival time - required time)
  Source:                 u_core/row_reg[3]__0_rep__0/C
                            (rising edge-triggered cell FDRE clocked by clk  {rise@0.000ns fall@5.000ns period=10.000ns})
  Destination:            u_core/u_logits/mem_reg_768_831_0_2/RAMC/WADR3
                            (rising edge-triggered cell RAMD64E clocked by clk  {rise@0.000ns fall@5.000ns period=10.000ns})
  Path Group:             clk
  Path Type:              Hold (Min at Fast Process Corner)
  Requirement:            0.000ns  (clk rise@0.000ns - clk rise@0.000ns)
  Data Path Delay:        0.380ns  (logic 0.141ns (37.124%)  route 0.239ns (62.876%))
  Logic Levels:           0  
  Clock Path Skew:        0.022ns (DCD - SCD - CPR)
    Destination Clock Delay (DCD):    0.432ns
    Source Clock Delay      (SCD):    0.410ns
    Clock Pessimism Removal (CPR):    -0.000ns

    Location             Delay type                Incr(ns)  Path(ns)    Netlist Resource(s)
  -------------------------------------------------------------------    -------------------
                         (clock clk rise edge)        0.000     0.000 r  <hidden>
                                                      0.000     0.000 r  clk
                         net (fo=52181, unset)        0.410     0.410    u_core/clk
    SLICE_X53Y37         FDRE                                         r  u_core/row_reg[3]__0_rep__0/C
  -------------------------------------------------------------------    -------------------
    SLICE_X53Y37         FDRE (Prop_fdre_C_Q)         0.141     0.551 r  u_core/row_reg[3]__0_rep__0/Q
                         net (fo=886, routed)         0.239     0.790    u_core/u_logits/mem_reg_768_831_0_2/ADDRD3
    SLICE_X56Y37         RAMD64E                                      r  u_core/u_logits/mem_reg_768_831_0_2/RAMC/WADR3
  -------------------------------------------------------------------    -------------------

                         (clock clk rise edge)        0.000     0.000 r  <hidden>
                                                      0.000     0.000 r  clk
                         net (fo=52181, unset)        0.432     0.432    u_core/u_logits/mem_reg_768_831_0_2/WCLK
    SLICE_X56Y37         RAMD64E                                      r  u_core/u_logits/mem_reg_768_831_0_2/RAMC/CLK
                         clock pessimism              0.000     0.432    <hidden>
    SLICE_X56Y37         RAMD64E (Hold_ramd64e_CLK_WADR3)
                                                      0.240     0.672    u_core/u_logits/mem_reg_768_831_0_2/RAMC
  -------------------------------------------------------------------
                         required time                         -0.672    <hidden>
                         arrival time                           0.790    <hidden>
  -------------------------------------------------------------------
                         slack                                  0.118    <hidden>

Slack (MET) :             0.118ns  (arrival time - required time)
  Source:                 u_core/row_reg[3]__0_rep__0/C
                            (rising edge-triggered cell FDRE clocked by clk  {rise@0.000ns fall@5.000ns period=10.000ns})
  Destination:            u_core/u_logits/mem_reg_768_831_0_2/RAMD/WADR3
                            (rising edge-triggered cell RAMD64E clocked by clk  {rise@0.000ns fall@5.000ns period=10.000ns})
  Path Group:             clk
  Path Type:              Hold (Min at Fast Process Corner)
  Requirement:            0.000ns  (clk rise@0.000ns - clk rise@0.000ns)
  Data Path Delay:        0.380ns  (logic 0.141ns (37.124%)  route 0.239ns (62.876%))
  Logic Levels:           0  
  Clock Path Skew:        0.022ns (DCD - SCD - CPR)
    Destination Clock Delay (DCD):    0.432ns
    Source Clock Delay      (SCD):    0.410ns
    Clock Pessimism Removal (CPR):    -0.000ns

    Location             Delay type                Incr(ns)  Path(ns)    Netlist Resource(s)
  -------------------------------------------------------------------    -------------------
                         (clock clk rise edge)        0.000     0.000 r  <hidden>
                                                      0.000     0.000 r  clk
                         net (fo=52181, unset)        0.410     0.410    u_core/clk
    SLICE_X53Y37         FDRE                                         r  u_core/row_reg[3]__0_rep__0/C
  -------------------------------------------------------------------    -------------------
    SLICE_X53Y37         FDRE (Prop_fdre_C_Q)         0.141     0.551 r  u_core/row_reg[3]__0_rep__0/Q
                         net (fo=886, routed)         0.239     0.790    u_core/u_logits/mem_reg_768_831_0_2/ADDRD3
    SLICE_X56Y37         RAMD64E                                      r  u_core/u_logits/mem_reg_768_831_0_2/RAMD/WADR3
  -------------------------------------------------------------------    -------------------

                         (clock clk rise edge)        0.000     0.000 r  <hidden>
                                                      0.000     0.000 r  clk
                         net (fo=52181, unset)        0.432     0.432    u_core/u_logits/mem_reg_768_831_0_2/WCLK
    SLICE_X56Y37         RAMD64E                                      r  u_core/u_logits/mem_reg_768_831_0_2/RAMD/CLK
                         clock pessimism              0.000     0.432    <hidden>
    SLICE_X56Y37         RAMD64E (Hold_ramd64e_CLK_WADR3)
                                                      0.240     0.672    u_core/u_logits/mem_reg_768_831_0_2/RAMD
  -------------------------------------------------------------------
                         required time                         -0.672    <hidden>
                         arrival time                           0.790    <hidden>
  -------------------------------------------------------------------
                         slack                                  0.118    <hidden>





Pulse Width Checks
--------------------------------------------------------------------------------------
Clock Name:         clk
Waveform(ns):       { 0.000 5.000 }
Period(ns):         10.000
Sources:            { clk }

Check Type        Corner  Lib Pin             Reference Pin  Required(ns)  Actual(ns)  Slack(ns)  Location      Pin
Min Period        n/a     RAMB36E1/CLKARDCLK  n/a            3.363         10.000      6.637      RAMB36_X1Y15  u_core/u_a/mem_reg_0_0/CLKARDCLK
Min Period        n/a     RAMB36E1/CLKARDCLK  n/a            3.363         10.000      6.637      RAMB36_X2Y8   u_core/u_a/mem_reg_0_1/CLKARDCLK
Min Period        n/a     RAMB36E1/CLKARDCLK  n/a            3.363         10.000      6.637      RAMB36_X3Y10  u_core/u_a/mem_reg_0_10/CLKARDCLK
Min Period        n/a     RAMB36E1/CLKARDCLK  n/a            3.363         10.000      6.637      RAMB36_X1Y11  u_core/u_a/mem_reg_0_11/CLKARDCLK
Min Period        n/a     RAMB36E1/CLKARDCLK  n/a            3.363         10.000      6.637      RAMB36_X1Y13  u_core/u_a/mem_reg_0_12/CLKARDCLK
Min Period        n/a     RAMB36E1/CLKARDCLK  n/a            3.363         10.000      6.637      RAMB36_X0Y11  u_core/u_a/mem_reg_0_13/CLKARDCLK
Min Period        n/a     RAMB36E1/CLKARDCLK  n/a            3.363         10.000      6.637      RAMB36_X1Y19  u_core/u_a/mem_reg_0_14/CLKARDCLK
Min Period        n/a     RAMB36E1/CLKARDCLK  n/a            3.363         10.000      6.637      RAMB36_X1Y17  u_core/u_a/mem_reg_0_15/CLKARDCLK
Min Period        n/a     RAMB36E1/CLKARDCLK  n/a            3.363         10.000      6.637      RAMB36_X2Y16  u_core/u_a/mem_reg_0_2/CLKARDCLK
Min Period        n/a     RAMB36E1/CLKARDCLK  n/a            3.363         10.000      6.637      RAMB36_X3Y12  u_core/u_a/mem_reg_0_3/CLKARDCLK
Min Period        n/a     RAMB36E1/CLKARDCLK  n/a            3.363         10.000      6.637      RAMB36_X3Y18  u_core/u_a/mem_reg_0_4/CLKARDCLK
Min Period        n/a     RAMB36E1/CLKARDCLK  n/a            3.363         10.000      6.637      RAMB36_X0Y19  u_core/u_a/mem_reg_0_5/CLKARDCLK
Min Period        n/a     RAMB36E1/CLKARDCLK  n/a            3.363         10.000      6.637      RAMB36_X2Y18  u_core/u_a/mem_reg_0_6/CLKARDCLK
Min Period        n/a     RAMB36E1/CLKARDCLK  n/a            3.363         10.000      6.637      RAMB36_X0Y15  u_core/u_a/mem_reg_0_7/CLKARDCLK
Min Period        n/a     RAMB36E1/CLKARDCLK  n/a            3.363         10.000      6.637      RAMB36_X2Y10  u_core/u_a/mem_reg_0_8/CLKARDCLK
Min Period        n/a     RAMB36E1/CLKARDCLK  n/a            3.363         10.000      6.637      RAMB36_X2Y14  u_core/u_a/mem_reg_0_9/CLKARDCLK
Min Period        n/a     RAMB36E1/CLKARDCLK  n/a            3.363         10.000      6.637      RAMB36_X1Y16  u_core/u_a/mem_reg_1_0/CLKARDCLK
Min Period        n/a     RAMB36E1/CLKARDCLK  n/a            3.363         10.000      6.637      RAMB36_X2Y9   u_core/u_a/mem_reg_1_1/CLKARDCLK
Min Period        n/a     RAMB36E1/CLKARDCLK  n/a            3.363         10.000      6.637      RAMB36_X3Y11  u_core/u_a/mem_reg_1_10/CLKARDCLK
Min Period        n/a     RAMB36E1/CLKARDCLK  n/a            3.363         10.000      6.637      RAMB36_X1Y12  u_core/u_a/mem_reg_1_11/CLKARDCLK
Low Pulse Width   Slow    RAMD64E/CLK         n/a            1.250         5.000       3.750      SLICE_X58Y38  u_core/u_logits/mem_reg_0_63_0_2/RAMA/CLK
Low Pulse Width   Fast    RAMD64E/CLK         n/a            1.250         5.000       3.750      SLICE_X58Y38  u_core/u_logits/mem_reg_0_63_0_2/RAMA/CLK
Low Pulse Width   Slow    RAMD64E/CLK         n/a            1.250         5.000       3.750      SLICE_X58Y38  u_core/u_logits/mem_reg_0_63_0_2/RAMB/CLK
Low Pulse Width   Fast    RAMD64E/CLK         n/a            1.250         5.000       3.750      SLICE_X58Y38  u_core/u_logits/mem_reg_0_63_0_2/RAMB/CLK
Low Pulse Width   Slow    RAMD64E/CLK         n/a            1.250         5.000       3.750      SLICE_X58Y38  u_core/u_logits/mem_reg_0_63_0_2/RAMC/CLK
Low Pulse Width   Fast    RAMD64E/CLK         n/a            1.250         5.000       3.750      SLICE_X58Y38  u_core/u_logits/mem_reg_0_63_0_2/RAMC/CLK
Low Pulse Width   Slow    RAMD64E/CLK         n/a            1.250         5.000       3.750      SLICE_X58Y38  u_core/u_logits/mem_reg_0_63_0_2/RAMD/CLK
Low Pulse Width   Fast    RAMD64E/CLK         n/a            1.250         5.000       3.750      SLICE_X58Y38  u_core/u_logits/mem_reg_0_63_0_2/RAMD/CLK
Low Pulse Width   Slow    RAMD64E/CLK         n/a            1.250         5.000       3.750      SLICE_X60Y50  u_core/u_logits/mem_reg_0_63_12_14/RAMA/CLK
Low Pulse Width   Fast    RAMD64E/CLK         n/a            1.250         5.000       3.750      SLICE_X60Y50  u_core/u_logits/mem_reg_0_63_12_14/RAMA/CLK
Low Pulse Width   Slow    RAMD64E/CLK         n/a            1.250         5.000       3.750      SLICE_X60Y50  u_core/u_logits/mem_reg_0_63_12_14/RAMB/CLK
Low Pulse Width   Fast    RAMD64E/CLK         n/a            1.250         5.000       3.750      SLICE_X60Y50  u_core/u_logits/mem_reg_0_63_12_14/RAMB/CLK
Low Pulse Width   Slow    RAMD64E/CLK         n/a            1.250         5.000       3.750      SLICE_X60Y50  u_core/u_logits/mem_reg_0_63_12_14/RAMC/CLK
Low Pulse Width   Fast    RAMD64E/CLK         n/a            1.250         5.000       3.750      SLICE_X60Y50  u_core/u_logits/mem_reg_0_63_12_14/RAMC/CLK
Low Pulse Width   Slow    RAMD64E/CLK         n/a            1.250         5.000       3.750      SLICE_X60Y50  u_core/u_logits/mem_reg_0_63_12_14/RAMD/CLK
Low Pulse Width   Fast    RAMD64E/CLK         n/a            1.250         5.000       3.750      SLICE_X60Y50  u_core/u_logits/mem_reg_0_63_12_14/RAMD/CLK
Low Pulse Width   Slow    RAMD64E/CLK         n/a            1.250         5.000       3.750      SLICE_X50Y36  u_core/u_logits/mem_reg_0_63_15_17/RAMA/CLK
Low Pulse Width   Fast    RAMD64E/CLK         n/a            1.250         5.000       3.750      SLICE_X50Y36  u_core/u_logits/mem_reg_0_63_15_17/RAMA/CLK
Low Pulse Width   Slow    RAMD64E/CLK         n/a            1.250         5.000       3.750      SLICE_X50Y36  u_core/u_logits/mem_reg_0_63_15_17/RAMB/CLK
Low Pulse Width   Fast    RAMD64E/CLK         n/a            1.250         5.000       3.750      SLICE_X50Y36  u_core/u_logits/mem_reg_0_63_15_17/RAMB/CLK
High Pulse Width  Slow    RAMD64E/CLK         n/a            1.250         5.000       3.750      SLICE_X58Y38  u_core/u_logits/mem_reg_0_63_0_2/RAMA/CLK
High Pulse Width  Fast    RAMD64E/CLK         n/a            1.250         5.000       3.750      SLICE_X58Y38  u_core/u_logits/mem_reg_0_63_0_2/RAMA/CLK
High Pulse Width  Slow    RAMD64E/CLK         n/a            1.250         5.000       3.750      SLICE_X58Y38  u_core/u_logits/mem_reg_0_63_0_2/RAMB/CLK
High Pulse Width  Fast    RAMD64E/CLK         n/a            1.250         5.000       3.750      SLICE_X58Y38  u_core/u_logits/mem_reg_0_63_0_2/RAMB/CLK
High Pulse Width  Slow    RAMD64E/CLK         n/a            1.250         5.000       3.750      SLICE_X58Y38  u_core/u_logits/mem_reg_0_63_0_2/RAMC/CLK
High Pulse Width  Fast    RAMD64E/CLK         n/a            1.250         5.000       3.750      SLICE_X58Y38  u_core/u_logits/mem_reg_0_63_0_2/RAMC/CLK
High Pulse Width  Slow    RAMD64E/CLK         n/a            1.250         5.000       3.750      SLICE_X58Y38  u_core/u_logits/mem_reg_0_63_0_2/RAMD/CLK
High Pulse Width  Fast    RAMD64E/CLK         n/a            1.250         5.000       3.750      SLICE_X58Y38  u_core/u_logits/mem_reg_0_63_0_2/RAMD/CLK
High Pulse Width  Slow    RAMD64E/CLK         n/a            1.250         5.000       3.750      SLICE_X60Y50  u_core/u_logits/mem_reg_0_63_12_14/RAMA/CLK
High Pulse Width  Fast    RAMD64E/CLK         n/a            1.250         5.000       3.750      SLICE_X60Y50  u_core/u_logits/mem_reg_0_63_12_14/RAMA/CLK
High Pulse Width  Slow    RAMD64E/CLK         n/a            1.250         5.000       3.750      SLICE_X60Y50  u_core/u_logits/mem_reg_0_63_12_14/RAMB/CLK
High Pulse Width  Fast    RAMD64E/CLK         n/a            1.250         5.000       3.750      SLICE_X60Y50  u_core/u_logits/mem_reg_0_63_12_14/RAMB/CLK
High Pulse Width  Slow    RAMD64E/CLK         n/a            1.250         5.000       3.750      SLICE_X60Y50  u_core/u_logits/mem_reg_0_63_12_14/RAMC/CLK
High Pulse Width  Fast    RAMD64E/CLK         n/a            1.250         5.000       3.750      SLICE_X60Y50  u_core/u_logits/mem_reg_0_63_12_14/RAMC/CLK
High Pulse Width  Slow    RAMD64E/CLK         n/a            1.250         5.000       3.750      SLICE_X60Y50  u_core/u_logits/mem_reg_0_63_12_14/RAMD/CLK
High Pulse Width  Fast    RAMD64E/CLK         n/a            1.250         5.000       3.750      SLICE_X60Y50  u_core/u_logits/mem_reg_0_63_12_14/RAMD/CLK
High Pulse Width  Slow    RAMD64E/CLK         n/a            1.250         5.000       3.750      SLICE_X50Y36  u_core/u_logits/mem_reg_0_63_15_17/RAMA/CLK
High Pulse Width  Fast    RAMD64E/CLK         n/a            1.250         5.000       3.750      SLICE_X50Y36  u_core/u_logits/mem_reg_0_63_15_17/RAMA/CLK
High Pulse Width  Slow    RAMD64E/CLK         n/a            1.250         5.000       3.750      SLICE_X50Y36  u_core/u_logits/mem_reg_0_63_15_17/RAMB/CLK
High Pulse Width  Fast    RAMD64E/CLK         n/a            1.250         5.000       3.750      SLICE_X50Y36  u_core/u_logits/mem_reg_0_63_15_17/RAMB/CLK



