#-----------------------------------------------------------
# xsim v2026.1 (64-bit)
# SW Build 6511674 on Tue Jun 16 11:02:23 MDT 2026
# IP Build 6504888 on Tue Jun 09 09:05:25 MDT 2026
# SharedData Build 6501428 on Mon Jun 08 17:34:18 MDT 2026
# Start of session at: Fri Sep  4 00:32:00 2026
# Process ID         : 3856
# Current directory  : D:/Jetking_sem4/SEM_4/arty-a7-online-lm-g14-preboard-00/tests/xsim
# Command line       : xsim.exe -log D:/Jetking_sem4/SEM_4/arty-a7-online-lm-g14-preboard-00/results/A7-NATIVE-GRAPH/GROK-ORCH-00/G14-METRIC-MEASURE-01/p4_xsim.log -mode tcl -source {xsim.dir/g14m01p4/xsim_script.tcl}
# Log file           : D:/Jetking_sem4/SEM_4/arty-a7-online-lm-g14-preboard-00/results/A7-NATIVE-GRAPH/GROK-ORCH-00/G14-METRIC-MEASURE-01/p4_xsim.log
# Journal file       : D:/Jetking_sem4/SEM_4/arty-a7-online-lm-g14-preboard-00/tests/xsim\xsim.jou
# Running On         : laptop-Quan
# Platform           : Windows 11
# Operating System   : 22621
# Processor Detail   : AMD Ryzen 7 5800HS with Radeon Graphics         
# CPU Frequency      : 3194 MHz
# CPU Physical cores : 8
# CPU Logical cores  : 16
# Host memory        : 16541 MB
# Swap memory        : 34171 MB
# Total Virtual      : 50713 MB
# Available Virtual  : 27532 MB
#-----------------------------------------------------------
source xsim.dir/g14m01p4/xsim_script.tcl
# xsim {g14m01p4} -autoloadwcfg -runall
Time resolution is 1 fs
run -all
WARNING: file design.txt could not be opened
 *** Warning: The analog data file design.txt for XADC instance tb_a7ng_ddr_cue_soa.u_mig.u_mig.u_mig_7series_0_mig.temp_mon_enabled.u_tempmon.xadc_supplied_temperature.XADC_inst was not found. Use the SIM_MONITOR_FILE parameter to specify the analog data file name or use the default name: design.txt.

############# Write Clocks PLLE2_ADV Parameters #############

nCK_PER_CLK      =       4
CLK_PERIOD       =    6000
CLKIN1_PERIOD    =   6.000
DIVCLK_DIVIDE    =       1
CLKFBOUT_MULT    =       8
VCO_PERIOD       =   750.0
CLKOUT0_DIVIDE_F =       2
CLKOUT1_DIVIDE   =       4
CLKOUT2_DIVIDE   =      64
CLKOUT3_DIVIDE   =      16
CLKOUT0_PERIOD   =    1500
CLKOUT1_PERIOD   =    3000
CLKOUT2_PERIOD   =   48000
CLKOUT3_PERIOD   =   12000
CLKOUT4_PERIOD   =    6000
############################################################

############# MMCME2_ADV Parameters #############

MMCM_MULT_F           =           8
MMCM_VCO_FREQ (MHz)   = 666.000
MMCM_VCO_PERIOD       = 1501.502
#################################################

tb_a7ng_ddr_cue_soa.u_mig.u_mig.u_mig_7series_0_mig.u_memc_ui_top_axi.mem_intfc0.ddr_phy_top0.u_ddr_mc_phy_wrapper.u_ddr_mc_phy : BYTE_LANES_B0 = f BYTE_LANES_B1 = 0 DATA_CTL_B0 = c DATA_CTL_B1 = 0
tb_a7ng_ddr_cue_soa.u_mig.u_mig.u_mig_7series_0_mig.u_memc_ui_top_axi.mem_intfc0.ddr_phy_top0.u_ddr_mc_phy_wrapper.u_ddr_mc_phy : HIGHEST_LANE =           4 HIGHEST_LANE_B0 =           4 HIGHEST_LANE_B1 =           0
tb_a7ng_ddr_cue_soa.u_mig.u_mig.u_mig_7series_0_mig.u_memc_ui_top_axi.mem_intfc0.ddr_phy_top0.u_ddr_mc_phy_wrapper.u_ddr_mc_phy : HIGHEST_BANK =           1
tb_a7ng_ddr_cue_soa.u_mig.u_mig.u_mig_7series_0_mig.u_memc_ui_top_axi.mem_intfc0.ddr_phy_top0.u_ddr_mc_phy_wrapper.u_ddr_mc_phy : FREQ_REF_PERIOD         = 1500.00 
tb_a7ng_ddr_cue_soa.u_mig.u_mig.u_mig_7series_0_mig.u_memc_ui_top_axi.mem_intfc0.ddr_phy_top0.u_ddr_mc_phy_wrapper.u_ddr_mc_phy : DDR_TCK                 = 3000 
tb_a7ng_ddr_cue_soa.u_mig.u_mig.u_mig_7series_0_mig.u_memc_ui_top_axi.mem_intfc0.ddr_phy_top0.u_ddr_mc_phy_wrapper.u_ddr_mc_phy : PO_S2_TAPS_SIZE         = 11.72 
tb_a7ng_ddr_cue_soa.u_mig.u_mig.u_mig_7series_0_mig.u_memc_ui_top_axi.mem_intfc0.ddr_phy_top0.u_ddr_mc_phy_wrapper.u_ddr_mc_phy : PO_CIRC_BUF_EARLY       = 1 
tb_a7ng_ddr_cue_soa.u_mig.u_mig.u_mig_7series_0_mig.u_memc_ui_top_axi.mem_intfc0.ddr_phy_top0.u_ddr_mc_phy_wrapper.u_ddr_mc_phy : PO_CIRC_BUF_OFFSET      = 1557.90 
tb_a7ng_ddr_cue_soa.u_mig.u_mig.u_mig_7series_0_mig.u_memc_ui_top_axi.mem_intfc0.ddr_phy_top0.u_ddr_mc_phy_wrapper.u_ddr_mc_phy : PO_CIRC_BUF_META_ZONE   = 200.00 
tb_a7ng_ddr_cue_soa.u_mig.u_mig.u_mig_7series_0_mig.u_memc_ui_top_axi.mem_intfc0.ddr_phy_top0.u_ddr_mc_phy_wrapper.u_ddr_mc_phy : PO_STG2_FINE_INTR_DLY   = 874.70 
tb_a7ng_ddr_cue_soa.u_mig.u_mig.u_mig_7series_0_mig.u_memc_ui_top_axi.mem_intfc0.ddr_phy_top0.u_ddr_mc_phy_wrapper.u_ddr_mc_phy : PO_STG2_COARSE_INTR_DLY = 567.40 
tb_a7ng_ddr_cue_soa.u_mig.u_mig.u_mig_7series_0_mig.u_memc_ui_top_axi.mem_intfc0.ddr_phy_top0.u_ddr_mc_phy_wrapper.u_ddr_mc_phy : PO_STG2_INTRINSIC_DELAY = 1442.10 
tb_a7ng_ddr_cue_soa.u_mig.u_mig.u_mig_7series_0_mig.u_memc_ui_top_axi.mem_intfc0.ddr_phy_top0.u_ddr_mc_phy_wrapper.u_ddr_mc_phy : PO_CIRC_BUF_DELAY       = 60 
tb_a7ng_ddr_cue_soa.u_mig.u_mig.u_mig_7series_0_mig.u_memc_ui_top_axi.mem_intfc0.ddr_phy_top0.u_ddr_mc_phy_wrapper.u_ddr_mc_phy : PO_INTRINSIC_DELAY      = 1442.10 
tb_a7ng_ddr_cue_soa.u_mig.u_mig.u_mig_7series_0_mig.u_memc_ui_top_axi.mem_intfc0.ddr_phy_top0.u_ddr_mc_phy_wrapper.u_ddr_mc_phy : PO_DELAY                = 2145.22 
tb_a7ng_ddr_cue_soa.u_mig.u_mig.u_mig_7series_0_mig.u_memc_ui_top_axi.mem_intfc0.ddr_phy_top0.u_ddr_mc_phy_wrapper.u_ddr_mc_phy : PO_OCLK_DELAY           = 0 
tb_a7ng_ddr_cue_soa.u_mig.u_mig.u_mig_7series_0_mig.u_memc_ui_top_axi.mem_intfc0.ddr_phy_top0.u_ddr_mc_phy_wrapper.u_ddr_mc_phy : L_PHY_0_PO_FINE_DELAY   = 60 
tb_a7ng_ddr_cue_soa.u_mig.u_mig.u_mig_7series_0_mig.u_memc_ui_top_axi.mem_intfc0.ddr_phy_top0.u_ddr_mc_phy_wrapper.u_ddr_mc_phy : PI_STG1_INTRINSIC_DELAY = 0.00 
tb_a7ng_ddr_cue_soa.u_mig.u_mig.u_mig_7series_0_mig.u_memc_ui_top_axi.mem_intfc0.ddr_phy_top0.u_ddr_mc_phy_wrapper.u_ddr_mc_phy : PI_STG2_INTRINSIC_DELAY = 849.45 
tb_a7ng_ddr_cue_soa.u_mig.u_mig.u_mig_7series_0_mig.u_memc_ui_top_axi.mem_intfc0.ddr_phy_top0.u_ddr_mc_phy_wrapper.u_ddr_mc_phy : PI_INTRINSIC_DELAY      = 849.45 
tb_a7ng_ddr_cue_soa.u_mig.u_mig.u_mig_7series_0_mig.u_memc_ui_top_axi.mem_intfc0.ddr_phy_top0.u_ddr_mc_phy_wrapper.u_ddr_mc_phy : PI_MAX_STG2_DELAY       = 738.28 
tb_a7ng_ddr_cue_soa.u_mig.u_mig.u_mig_7series_0_mig.u_memc_ui_top_axi.mem_intfc0.ddr_phy_top0.u_ddr_mc_phy_wrapper.u_ddr_mc_phy : PI_OFFSET               = 96.00 
tb_a7ng_ddr_cue_soa.u_mig.u_mig.u_mig_7series_0_mig.u_memc_ui_top_axi.mem_intfc0.ddr_phy_top0.u_ddr_mc_phy_wrapper.u_ddr_mc_phy : PI_STG2_DELAY           = 96.00 
tb_a7ng_ddr_cue_soa.u_mig.u_mig.u_mig_7series_0_mig.u_memc_ui_top_axi.mem_intfc0.ddr_phy_top0.u_ddr_mc_phy_wrapper.u_ddr_mc_phy :PI_STG2_DELAY_CAND       = 96.00 
tb_a7ng_ddr_cue_soa.u_mig.u_mig.u_mig_7series_0_mig.u_memc_ui_top_axi.mem_intfc0.ddr_phy_top0.u_ddr_mc_phy_wrapper.u_ddr_mc_phy : DEFAULT_RCLK_DELAY      = 8 
tb_a7ng_ddr_cue_soa.u_mig.u_mig.u_mig_7series_0_mig.u_memc_ui_top_axi.mem_intfc0.ddr_phy_top0.u_ddr_mc_phy_wrapper.u_ddr_mc_phy : RCLK_SELECT_EDGE        = 111 
PREREG_GATE: ddr_cue_soa_00r_axi_liveness
PREREG_UNKNOWN: SOA layout reduce first-stage DDR bytes/query without law change?
PREREG_CONTROL: AOS 16B/cand = 1024 B/query
PREREG_H_CANDIDATE: SOA 104b fields in 3 columns = 832 B/query
PREREG_UNIT: TOTAL=64 candidates
tb_a7ng_ddr_cue_soa.gen_mem[0].u_comp_ddr3.reset at time 1646725.0 ps WARNING: 200 us is required before RST_N goes inactive.
tb_a7ng_ddr_cue_soa.gen_mem[0].u_comp_ddr3.cmd_task at time 1725466.0 ps WARNING: 500 us is required after RST_N goes inactive before CKE goes active.
tb_a7ng_ddr_cue_soa.gen_mem[0].u_comp_ddr3.cmd_task: at time 2064466.0 ps INFO: Load Mode 2
tb_a7ng_ddr_cue_soa.gen_mem[0].u_comp_ddr3.cmd_task: at time 2064466.0 ps INFO: Load Mode 2 Partial Array Self Refresh = Bank 0-7
tb_a7ng_ddr_cue_soa.gen_mem[0].u_comp_ddr3.cmd_task: at time 2064466.0 ps INFO: Load Mode 2 CAS Write Latency =           5
tb_a7ng_ddr_cue_soa.gen_mem[0].u_comp_ddr3.cmd_task: at time 2064466.0 ps INFO: Load Mode 2 Auto Self Refresh = Disabled
tb_a7ng_ddr_cue_soa.gen_mem[0].u_comp_ddr3.cmd_task: at time 2064466.0 ps INFO: Load Mode 2 Self Refresh Temperature = Normal
tb_a7ng_ddr_cue_soa.gen_mem[0].u_comp_ddr3.cmd_task: at time 2064466.0 ps INFO: Load Mode 2 Dynamic ODT = Disabled
tb_a7ng_ddr_cue_soa.gen_mem[0].u_comp_ddr3.cmd_task: at time 3624466.0 ps INFO: Load Mode 3
tb_a7ng_ddr_cue_soa.gen_mem[0].u_comp_ddr3.cmd_task: at time 3624466.0 ps INFO: Load Mode 3 MultiPurpose Register Select = Pre-defined pattern
tb_a7ng_ddr_cue_soa.gen_mem[0].u_comp_ddr3.cmd_task: at time 3624466.0 ps INFO: Load Mode 3 MultiPurpose Register Enable = Disabled
tb_a7ng_ddr_cue_soa.gen_mem[0].u_comp_ddr3.cmd_task: at time 5184466.0 ps INFO: Load Mode 1
tb_a7ng_ddr_cue_soa.gen_mem[0].u_comp_ddr3.cmd_task: at time 5184466.0 ps INFO: Load Mode 1 DLL Enable = Enabled
tb_a7ng_ddr_cue_soa.gen_mem[0].u_comp_ddr3.cmd_task: at time 5184466.0 ps INFO: Load Mode 1 Output Drive Strength =          40 Ohm
tb_a7ng_ddr_cue_soa.gen_mem[0].u_comp_ddr3.cmd_task: at time 5184466.0 ps INFO: Load Mode 1 ODT Rtt =          40 Ohm
tb_a7ng_ddr_cue_soa.gen_mem[0].u_comp_ddr3.cmd_task: at time 5184466.0 ps INFO: Load Mode 1 Additive Latency = 0
tb_a7ng_ddr_cue_soa.gen_mem[0].u_comp_ddr3.cmd_task: at time 5184466.0 ps INFO: Load Mode 1 Write Levelization = Disabled
tb_a7ng_ddr_cue_soa.gen_mem[0].u_comp_ddr3.cmd_task: at time 5184466.0 ps INFO: Load Mode 1 TDQS Enable = Disabled
tb_a7ng_ddr_cue_soa.gen_mem[0].u_comp_ddr3.cmd_task: at time 5184466.0 ps INFO: Load Mode 1 Qoff = Enabled
tb_a7ng_ddr_cue_soa.gen_mem[0].u_comp_ddr3.cmd_task: at time 6744466.0 ps INFO: Load Mode 0
tb_a7ng_ddr_cue_soa.gen_mem[0].u_comp_ddr3.cmd_task: at time 6744466.0 ps INFO: Load Mode 0 Burst Length =  8
tb_a7ng_ddr_cue_soa.gen_mem[0].u_comp_ddr3.cmd_task: at time 6744466.0 ps INFO: Load Mode 0 Burst Order = Sequential
tb_a7ng_ddr_cue_soa.gen_mem[0].u_comp_ddr3.cmd_task: at time 6744466.0 ps INFO: Load Mode 0 CAS Latency =           5
tb_a7ng_ddr_cue_soa.gen_mem[0].u_comp_ddr3.cmd_task: at time 6744466.0 ps INFO: Load Mode 0 DLL Reset = Reset DLL
tb_a7ng_ddr_cue_soa.gen_mem[0].u_comp_ddr3.cmd_task: at time 6744466.0 ps INFO: Load Mode 0 Write Recovery =           5
tb_a7ng_ddr_cue_soa.gen_mem[0].u_comp_ddr3.cmd_task: at time 6744466.0 ps INFO: Load Mode 0 Power Down Mode = DLL off
tb_a7ng_ddr_cue_soa.gen_mem[0].u_comp_ddr3.cmd_task: at time 8304466.0 ps INFO: ZQ        long = 1
tb_a7ng_ddr_cue_soa.gen_mem[0].u_comp_ddr3.cmd_task: at time 8304466.0 ps INFO: Initialization Sequence is complete
PHY_INIT: Memory Initialization completed at 11282725.0 ps
tb_a7ng_ddr_cue_soa.gen_mem[0].u_comp_ddr3.cmd_task: at time 11400466.0 ps INFO: Activate  bank 0 row 0000
tb_a7ng_ddr_cue_soa.gen_mem[0].u_comp_ddr3.cmd_task: at time 12960466.0 ps INFO: Read      bank 0 col 000, auto precharge 0
tb_a7ng_ddr_cue_soa.gen_mem[0].u_comp_ddr3.cmd_task: at time 12972466.0 ps INFO: Read      bank 0 col 000, auto precharge 0
tb_a7ng_ddr_cue_soa.gen_mem[0].u_comp_ddr3.data_task: at time 12973966.0 ps INFO: READ @ DQS= bank = 0 row = 0000 col = 00000000 data = xxxx
tb_a7ng_ddr_cue_soa.gen_mem[0].u_comp_ddr3.data_task: at time 12975466.0 ps INFO: READ @ DQS= bank = 0 row = 0000 col = 00000001 data = xxxx
tb_a7ng_ddr_cue_soa.gen_mem[0].u_comp_ddr3.data_task: at time 12976966.0 ps INFO: READ @ DQS= bank = 0 row = 0000 col = 00000002 data = xxxx
tb_a7ng_ddr_cue_soa.gen_mem[0].u_comp_ddr3.data_task: at time 12978466.0 ps INFO: READ @ DQS= bank = 0 row = 0000 col = 00000003 data = xxxx
tb_a7ng_ddr_cue_soa.gen_mem[0].u_comp_ddr3.data_task: at time 12979966.0 ps INFO: READ @ DQS= bank = 0 row = 0000 col = 00000004 data = xxxx
tb_a7ng_ddr_cue_soa.gen_mem[0].u_comp_ddr3.data_task: at time 12981466.0 ps INFO: READ @ DQS= bank = 0 row = 0000 col = 00000005 data = xxxx
tb_a7ng_ddr_cue_soa.gen_mem[0].u_comp_ddr3.data_task: at time 12982966.0 ps INFO: READ @ DQS= bank = 0 row = 0000 col = 00000006 data = xxxx
tb_a7ng_ddr_cue_soa.gen_mem[0].u_comp_ddr3.data_task: at time 12984466.0 ps INFO: READ @ DQS= bank = 0 row = 0000 col = 00000007 data = xxxx
tb_a7ng_ddr_cue_soa.gen_mem[0].u_comp_ddr3.cmd_task: at time 12984466.0 ps INFO: Read      bank 0 col 000, auto precharge 0
tb_a7ng_ddr_cue_soa.gen_mem[0].u_comp_ddr3.data_task: at time 12985966.0 ps INFO: READ @ DQS= bank = 0 row = 0000 col = 00000000 data = xxxx
tb_a7ng_ddr_cue_soa.gen_mem[0].u_comp_ddr3.data_task: at time 12987466.0 ps INFO: READ @ DQS= bank = 0 row = 0000 col = 00000001 data = xxxx
tb_a7ng_ddr_cue_soa.gen_mem[0].u_comp_ddr3.data_task: at time 12988966.0 ps INFO: READ @ DQS= bank = 0 row = 0000 col = 00000002 data = xxxx
tb_a7ng_ddr_cue_soa.gen_mem[0].u_comp_ddr3.data_task: at time 12990466.0 ps INFO: READ @ DQS= bank = 0 row = 0000 col = 00000003 data = xxxx
tb_a7ng_ddr_cue_soa.gen_mem[0].u_comp_ddr3.data_task: at time 12991966.0 ps INFO: READ @ DQS= bank = 0 row = 0000 col = 00000004 data = xxxx
tb_a7ng_ddr_cue_soa.gen_mem[0].u_comp_ddr3.data_task: at time 12993466.0 ps INFO: READ @ DQS= bank = 0 row = 0000 col = 00000005 data = xxxx
tb_a7ng_ddr_cue_soa.gen_mem[0].u_comp_ddr3.data_task: at time 12994966.0 ps INFO: READ @ DQS= bank = 0 row = 0000 col = 00000006 data = xxxx
tb_a7ng_ddr_cue_soa.gen_mem[0].u_comp_ddr3.data_task: at time 12996466.0 ps INFO: READ @ DQS= bank = 0 row = 0000 col = 00000007 data = xxxx
tb_a7ng_ddr_cue_soa.gen_mem[0].u_comp_ddr3.cmd_task: at time 12996466.0 ps INFO: Read      bank 0 col 000, auto precharge 0
tb_a7ng_ddr_cue_soa.gen_mem[0].u_comp_ddr3.data_task: at time 12997966.0 ps INFO: READ @ DQS= bank = 0 row = 0000 col = 00000000 data = xxxx
tb_a7ng_ddr_cue_soa.gen_mem[0].u_comp_ddr3.data_task: at time 12999466.0 ps INFO: READ @ DQS= bank = 0 row = 0000 col = 00000001 data = xxxx
tb_a7ng_ddr_cue_soa.gen_mem[0].u_comp_ddr3.data_task: at time 13000966.0 ps INFO: READ @ DQS= bank = 0 row = 0000 col = 00000002 data = xxxx
tb_a7ng_ddr_cue_soa.gen_mem[0].u_comp_ddr3.data_task: at time 13002466.0 ps INFO: READ @ DQS= bank = 0 row = 0000 col = 00000003 data = xxxx
tb_a7ng_ddr_cue_soa.gen_mem[0].u_comp_ddr3.data_task: at time 13003966.0 ps INFO: READ @ DQS= bank = 0 row = 0000 col = 00000004 data = xxxx
tb_a7ng_ddr_cue_soa.gen_mem[0].u_comp_ddr3.data_task: at time 13005466.0 ps INFO: READ @ DQS= bank = 0 row = 0000 col = 00000005 data = xxxx
tb_a7ng_ddr_cue_soa.gen_mem[0].u_comp_ddr3.data_task: at time 13006966.0 ps INFO: READ @ DQS= bank = 0 row = 0000 col = 00000006 data = xxxx
tb_a7ng_ddr_cue_soa.gen_mem[0].u_comp_ddr3.data_task: at time 13008466.0 ps INFO: READ @ DQS= bank = 0 row = 0000 col = 00000007 data = xxxx
tb_a7ng_ddr_cue_soa.gen_mem[0].u_comp_ddr3.cmd_task: at time 13008466.0 ps INFO: Read      bank 0 col 000, auto precharge 0
tb_a7ng_ddr_cue_soa.gen_mem[0].u_comp_ddr3.data_task: at time 13009966.0 ps INFO: READ @ DQS= bank = 0 row = 0000 col = 00000000 data = xxxx
tb_a7ng_ddr_cue_soa.gen_mem[0].u_comp_ddr3.data_task: at time 13011466.0 ps INFO: READ @ DQS= bank = 0 row = 0000 col = 00000001 data = xxxx
tb_a7ng_ddr_cue_soa.gen_mem[0].u_comp_ddr3.data_task: at time 13012966.0 ps INFO: READ @ DQS= bank = 0 row = 0000 col = 00000002 data = xxxx
tb_a7ng_ddr_cue_soa.gen_mem[0].u_comp_ddr3.data_task: at time 13014466.0 ps INFO: READ @ DQS= bank = 0 row = 0000 col = 00000003 data = xxxx
tb_a7ng_ddr_cue_soa.gen_mem[0].u_comp_ddr3.data_task: at time 13015966.0 ps INFO: READ @ DQS= bank = 0 row = 0000 col = 00000004 data = xxxx
tb_a7ng_ddr_cue_soa.gen_mem[0].u_comp_ddr3.data_task: at time 13017466.0 ps INFO: READ @ DQS= bank = 0 row = 0000 col = 00000005 data = xxxx
tb_a7ng_ddr_cue_soa.gen_mem[0].u_comp_ddr3.data_task: at time 13018966.0 ps INFO: READ @ DQS= bank = 0 row = 0000 col = 00000006 data = xxxx
tb_a7ng_ddr_cue_soa.gen_mem[0].u_comp_ddr3.data_task: at time 13020466.0 ps INFO: READ @ DQS= bank = 0 row = 0000 col = 00000007 data = xxxx
tb_a7ng_ddr_cue_soa.gen_mem[0].u_comp_ddr3.cmd_task: at time 13020466.0 ps INFO: Read      bank 0 col 000, auto precharge 0
tb_a7ng_ddr_cue_soa.gen_mem[0].u_comp_ddr3.data_task: at time 13021966.0 ps INFO: READ @ DQS= bank = 0 row = 0000 col = 00000000 data = xxxx
tb_a7ng_ddr_cue_soa.gen_mem[0].u_comp_ddr3.data_task: at time 13023466.0 ps INFO: READ @ DQS= bank = 0 row = 0000 col = 00000001 data = xxxx
tb_a7ng_ddr_cue_soa.gen_mem[0].u_comp_ddr3.data_task: at time 13024966.0 ps INFO: READ @ DQS= bank = 0 row = 0000 col = 00000002 data = xxxx
tb_a7ng_ddr_cue_soa.gen_mem[0].u_comp_ddr3.data_task: at time 13026466.0 ps INFO: READ @ DQS= bank = 0 row = 0000 col = 00000003 data = xxxx
tb_a7ng_ddr_cue_soa.gen_mem[0].u_comp_ddr3.data_task: at time 13027966.0 ps INFO: READ @ DQS= bank = 0 row = 0000 col = 00000004 data = xxxx
tb_a7ng_ddr_cue_soa.gen_mem[0].u_comp_ddr3.data_task: at time 13029466.0 ps INFO: READ @ DQS= bank = 0 row = 0000 col = 00000005 data = xxxx
tb_a7ng_ddr_cue_soa.gen_mem[0].u_comp_ddr3.data_task: at time 13030966.0 ps INFO: READ @ DQS= bank = 0 row = 0000 col = 00000006 data = xxxx
tb_a7ng_ddr_cue_soa.gen_mem[0].u_comp_ddr3.data_task: at time 13032466.0 ps INFO: READ @ DQS= bank = 0 row = 0000 col = 00000007 data = xxxx
tb_a7ng_ddr_cue_soa.gen_mem[0].u_comp_ddr3.cmd_task: at time 13032466.0 ps INFO: Read      bank 0 col 000, auto precharge 0
tb_a7ng_ddr_cue_soa.gen_mem[0].u_comp_ddr3.data_task: at time 13033966.0 ps INFO: READ @ DQS= bank = 0 row = 0000 col = 00000000 data = xxxx
tb_a7ng_ddr_cue_soa.gen_mem[0].u_comp_ddr3.data_task: at time 13035466.0 ps INFO: READ @ DQS= bank = 0 row = 0000 col = 00000001 data = xxxx
tb_a7ng_ddr_cue_soa.gen_mem[0].u_comp_ddr3.data_task: at time 13036966.0 ps INFO: READ @ DQS= bank = 0 row = 0000 col = 00000002 data = xxxx
tb_a7ng_ddr_cue_soa.gen_mem[0].u_comp_ddr3.data_task: at time 13038466.0 ps INFO: READ @ DQS= bank = 0 row = 0000 col = 00000003 data = xxxx
tb_a7ng_ddr_cue_soa.gen_mem[0].u_comp_ddr3.data_task: at time 13039966.0 ps INFO: READ @ DQS= bank = 0 row = 0000 col = 00000004 data = xxxx
tb_a7ng_ddr_cue_soa.gen_mem[0].u_comp_ddr3.data_task: at time 13041466.0 ps INFO: READ @ DQS= bank = 0 row = 0000 col = 00000005 data = xxxx
tb_a7ng_ddr_cue_soa.gen_mem[0].u_comp_ddr3.data_task: at time 13042966.0 ps INFO: READ @ DQS= bank = 0 row = 0000 col = 00000006 data = xxxx
tb_a7ng_ddr_cue_soa.gen_mem[0].u_comp_ddr3.data_task: at time 13044466.0 ps INFO: READ @ DQS= bank = 0 row = 0000 col = 00000007 data = xxxx
tb_a7ng_ddr_cue_soa.gen_mem[0].u_comp_ddr3.cmd_task: at time 13044466.0 ps INFO: Read      bank 0 col 000, auto precharge 0
tb_a7ng_ddr_cue_soa.gen_mem[0].u_comp_ddr3.data_task: at time 13045966.0 ps INFO: READ @ DQS= bank = 0 row = 0000 col = 00000000 data = xxxx
tb_a7ng_ddr_cue_soa.gen_mem[0].u_comp_ddr3.data_task: at time 13047466.0 ps INFO: READ @ DQS= bank = 0 row = 0000 col = 00000001 data = xxxx
tb_a7ng_ddr_cue_soa.gen_mem[0].u_comp_ddr3.data_task: at time 13048966.0 ps INFO: READ @ DQS= bank = 0 row = 0000 col = 00000002 data = xxxx
tb_a7ng_ddr_cue_soa.gen_mem[0].u_comp_ddr3.data_task: at time 13050466.0 ps INFO: READ @ DQS= bank = 0 row = 0000 col = 00000003 data = xxxx
tb_a7ng_ddr_cue_soa.gen_mem[0].u_comp_ddr3.data_task: at time 13051966.0 ps INFO: READ @ DQS= bank = 0 row = 0000 col = 00000004 data = xxxx
tb_a7ng_ddr_cue_soa.gen_mem[0].u_comp_ddr3.data_task: at time 13053466.0 ps INFO: READ @ DQS= bank = 0 row = 0000 col = 00000005 data = xxxx
tb_a7ng_ddr_cue_soa.gen_mem[0].u_comp_ddr3.data_task: at time 13054966.0 ps INFO: READ @ DQS= bank = 0 row = 0000 col = 00000006 data = xxxx
tb_a7ng_ddr_cue_soa.gen_mem[0].u_comp_ddr3.data_task: at time 13056466.0 ps INFO: READ @ DQS= bank = 0 row = 0000 col = 00000007 data = xxxx
tb_a7ng_ddr_cue_soa.gen_mem[0].u_comp_ddr3.cmd_task: at time 13056466.0 ps INFO: Read      bank 0 col 000, auto precharge 0
tb_a7ng_ddr_cue_soa.gen_mem[0].u_comp_ddr3.data_task: at time 13057966.0 ps INFO: READ @ DQS= bank = 0 row = 0000 col = 00000000 data = xxxx
tb_a7ng_ddr_cue_soa.gen_mem[0].u_comp_ddr3.data_task: at time 13059466.0 ps INFO: READ @ DQS= bank = 0 row = 0000 col = 00000001 data = xxxx
tb_a7ng_ddr_cue_soa.gen_mem[0].u_comp_ddr3.data_task: at time 13060966.0 ps INFO: READ @ DQS= bank = 0 row = 0000 col = 00000002 data = xxxx
tb_a7ng_ddr_cue_soa.gen_mem[0].u_comp_ddr3.data_task: at time 13062466.0 ps INFO: READ @ DQS= bank = 0 row = 0000 col = 00000003 data = xxxx
tb_a7ng_ddr_cue_soa.gen_mem[0].u_comp_ddr3.data_task: at time 13063966.0 ps INFO: READ @ DQS= bank = 0 row = 0000 col = 00000004 data = xxxx
tb_a7ng_ddr_cue_soa.gen_mem[0].u_comp_ddr3.data_task: at time 13065466.0 ps INFO: READ @ DQS= bank = 0 row = 0000 col = 00000005 data = xxxx
tb_a7ng_ddr_cue_soa.gen_mem[0].u_comp_ddr3.data_task: at time 13066966.0 ps INFO: READ @ DQS= bank = 0 row = 0000 col = 00000006 data = xxxx
tb_a7ng_ddr_cue_soa.gen_mem[0].u_comp_ddr3.data_task: at time 13068466.0 ps INFO: READ @ DQS= bank = 0 row = 0000 col = 00000007 data = xxxx
tb_a7ng_ddr_cue_soa.gen_mem[0].u_comp_ddr3.cmd_task: at time 13068466.0 ps INFO: Read      bank 0 col 000, auto precharge 0
tb_a7ng_ddr_cue_soa.gen_mem[0].u_comp_ddr3.data_task: at time 13069966.0 ps INFO: READ @ DQS= bank = 0 row = 0000 col = 00000000 data = xxxx
tb_a7ng_ddr_cue_soa.gen_mem[0].u_comp_ddr3.data_task: at time 13071466.0 ps INFO: READ @ DQS= bank = 0 row = 0000 col = 00000001 data = xxxx
tb_a7ng_ddr_cue_soa.gen_mem[0].u_comp_ddr3.data_task: at time 13072966.0 ps INFO: READ @ DQS= bank = 0 row = 0000 col = 00000002 data = xxxx
tb_a7ng_ddr_cue_soa.gen_mem[0].u_comp_ddr3.data_task: at time 13074466.0 ps INFO: READ @ DQS= bank = 0 row = 0000 col = 00000003 data = xxxx
tb_a7ng_ddr_cue_soa.gen_mem[0].u_comp_ddr3.data_task: at time 13075966.0 ps INFO: READ @ DQS= bank = 0 row = 0000 col = 00000004 data = xxxx
tb_a7ng_ddr_cue_soa.gen_mem[0].u_comp_ddr3.data_task: at time 13077466.0 ps INFO: READ @ DQS= bank = 0 row = 0000 col = 00000005 data = xxxx
tb_a7ng_ddr_cue_soa.gen_mem[0].u_comp_ddr3.data_task: at time 13078966.0 ps INFO: READ @ DQS= bank = 0 row = 0000 col = 00000006 data = xxxx
tb_a7ng_ddr_cue_soa.gen_mem[0].u_comp_ddr3.data_task: at time 13080466.0 ps INFO: READ @ DQS= bank = 0 row = 0000 col = 00000007 data = xxxx
tb_a7ng_ddr_cue_soa.gen_mem[0].u_comp_ddr3.cmd_task: at time 13080466.0 ps INFO: Read      bank 0 col 000, auto precharge 0
tb_a7ng_ddr_cue_soa.gen_mem[0].u_comp_ddr3.data_task: at time 13081966.0 ps INFO: READ @ DQS= bank = 0 row = 0000 col = 00000000 data = xxxx
tb_a7ng_ddr_cue_soa.gen_mem[0].u_comp_ddr3.data_task: at time 13083466.0 ps INFO: READ @ DQS= bank = 0 row = 0000 col = 00000001 data = xxxx
tb_a7ng_ddr_cue_soa.gen_mem[0].u_comp_ddr3.data_task: at time 13084966.0 ps INFO: READ @ DQS= bank = 0 row = 0000 col = 00000002 data = xxxx
tb_a7ng_ddr_cue_soa.gen_mem[0].u_comp_ddr3.data_task: at time 13086466.0 ps INFO: READ @ DQS= bank = 0 row = 0000 col = 00000003 data = xxxx
tb_a7ng_ddr_cue_soa.gen_mem[0].u_comp_ddr3.data_task: at time 13087966.0 ps INFO: READ @ DQS= bank = 0 row = 0000 col = 00000004 data = xxxx
tb_a7ng_ddr_cue_soa.gen_mem[0].u_comp_ddr3.data_task: at time 13089466.0 ps INFO: READ @ DQS= bank = 0 row = 0000 col = 00000005 data = xxxx
tb_a7ng_ddr_cue_soa.gen_mem[0].u_comp_ddr3.data_task: at time 13090966.0 ps INFO: READ @ DQS= bank = 0 row = 0000 col = 00000006 data = xxxx
tb_a7ng_ddr_cue_soa.gen_mem[0].u_comp_ddr3.data_task: at time 13092466.0 ps INFO: READ @ DQS= bank = 0 row = 0000 col = 00000007 data = xxxx
tb_a7ng_ddr_cue_soa.gen_mem[0].u_comp_ddr3.cmd_task: at time 13092466.0 ps INFO: Read      bank 0 col 000, auto precharge 0
tb_a7ng_ddr_cue_soa.gen_mem[0].u_comp_ddr3.data_task: at time 13093966.0 ps INFO: READ @ DQS= bank = 0 row = 0000 col = 00000000 data = xxxx
tb_a7ng_ddr_cue_soa.gen_mem[0].u_comp_ddr3.data_task: at time 13095466.0 ps INFO: READ @ DQS= bank = 0 row = 0000 col = 00000001 data = xxxx
tb_a7ng_ddr_cue_soa.gen_mem[0].u_comp_ddr3.data_task: at time 13096966.0 ps INFO: READ @ DQS= bank = 0 row = 0000 col = 00000002 data = xxxx
tb_a7ng_ddr_cue_soa.gen_mem[0].u_comp_ddr3.data_task: at time 13098466.0 ps INFO: READ @ DQS= bank = 0 row = 0000 col = 00000003 data = xxxx
tb_a7ng_ddr_cue_soa.gen_mem[0].u_comp_ddr3.data_task: at time 13099966.0 ps INFO: READ @ DQS= bank = 0 row = 0000 col = 00000004 data = xxxx
tb_a7ng_ddr_cue_soa.gen_mem[0].u_comp_ddr3.data_task: at time 13101466.0 ps INFO: READ @ DQS= bank = 0 row = 0000 col = 00000005 data = xxxx
tb_a7ng_ddr_cue_soa.gen_mem[0].u_comp_ddr3.data_task: at time 13102966.0 ps INFO: READ @ DQS= bank = 0 row = 0000 col = 00000006 data = xxxx
tb_a7ng_ddr_cue_soa.gen_mem[0].u_comp_ddr3.data_task: at time 13104466.0 ps INFO: READ @ DQS= bank = 0 row = 0000 col = 00000007 data = xxxx
tb_a7ng_ddr_cue_soa.gen_mem[0].u_comp_ddr3.cmd_task: at time 13104466.0 ps INFO: Read      bank 0 col 000, auto precharge 0
tb_a7ng_ddr_cue_soa.gen_mem[0].u_comp_ddr3.data_task: at time 13105966.0 ps INFO: READ @ DQS= bank = 0 row = 0000 col = 00000000 data = xxxx
tb_a7ng_ddr_cue_soa.gen_mem[0].u_comp_ddr3.data_task: at time 13107466.0 ps INFO: READ @ DQS= bank = 0 row = 0000 col = 00000001 data = xxxx
tb_a7ng_ddr_cue_soa.gen_mem[0].u_comp_ddr3.data_task: at time 13108966.0 ps INFO: READ @ DQS= bank = 0 row = 0000 col = 00000002 data = xxxx
tb_a7ng_ddr_cue_soa.gen_mem[0].u_comp_ddr3.data_task: at time 13110466.0 ps INFO: READ @ DQS= bank = 0 row = 0000 col = 00000003 data = xxxx
tb_a7ng_ddr_cue_soa.gen_mem[0].u_comp_ddr3.data_task: at time 13111966.0 ps INFO: READ @ DQS= bank = 0 row = 0000 col = 00000004 data = xxxx
tb_a7ng_ddr_cue_soa.gen_mem[0].u_comp_ddr3.data_task: at time 13113466.0 ps INFO: READ @ DQS= bank = 0 row = 0000 col = 00000005 data = xxxx
tb_a7ng_ddr_cue_soa.gen_mem[0].u_comp_ddr3.data_task: at time 13114966.0 ps INFO: READ @ DQS= bank = 0 row = 0000 col = 00000006 data = xxxx
tb_a7ng_ddr_cue_soa.gen_mem[0].u_comp_ddr3.data_task: at time 13116466.0 ps INFO: READ @ DQS= bank = 0 row = 0000 col = 00000007 data = xxxx
tb_a7ng_ddr_cue_soa.gen_mem[0].u_comp_ddr3.cmd_task: at time 13116466.0 ps INFO: Read      bank 0 col 000, auto precharge 0
tb_a7ng_ddr_cue_soa.gen_mem[0].u_comp_ddr3.data_task: at time 13117966.0 ps INFO: READ @ DQS= bank = 0 row = 0000 col = 00000000 data = xxxx
tb_a7ng_ddr_cue_soa.gen_mem[0].u_comp_ddr3.data_task: at time 13119466.0 ps INFO: READ @ DQS= bank = 0 row = 0000 col = 00000001 data = xxxx
tb_a7ng_ddr_cue_soa.gen_mem[0].u_comp_ddr3.data_task: at time 13120966.0 ps INFO: READ @ DQS= bank = 0 row = 0000 col = 00000002 data = xxxx
tb_a7ng_ddr_cue_soa.gen_mem[0].u_comp_ddr3.data_task: at time 13122466.0 ps INFO: READ @ DQS= bank = 0 row = 0000 col = 00000003 data = xxxx
tb_a7ng_ddr_cue_soa.gen_mem[0].u_comp_ddr3.data_task: at time 13123966.0 ps INFO: READ @ DQS= bank = 0 row = 0000 col = 00000004 data = xxxx
tb_a7ng_ddr_cue_soa.gen_mem[0].u_comp_ddr3.data_task: at time 13125466.0 ps INFO: READ @ DQS= bank = 0 row = 0000 col = 00000005 data = xxxx
tb_a7ng_ddr_cue_soa.gen_mem[0].u_comp_ddr3.data_task: at time 13126966.0 ps INFO: READ @ DQS= bank = 0 row = 0000 col = 00000006 data = xxxx
tb_a7ng_ddr_cue_soa.gen_mem[0].u_comp_ddr3.data_task: at time 13128466.0 ps INFO: READ @ DQS= bank = 0 row = 0000 col = 00000007 data = xxxx
tb_a7ng_ddr_cue_soa.gen_mem[0].u_comp_ddr3.cmd_task: at time 13128466.0 ps INFO: Read      bank 0 col 000, auto precharge 0
tb_a7ng_ddr_cue_soa.gen_mem[0].u_comp_ddr3.data_task: at time 13129966.0 ps INFO: READ @ DQS= bank = 0 row = 0000 col = 00000000 data = xxxx
tb_a7ng_ddr_cue_soa.gen_mem[0].u_comp_ddr3.data_task: at time 13131466.0 ps INFO: READ @ DQS= bank = 0 row = 0000 col = 00000001 data = xxxx
tb_a7ng_ddr_cue_soa.gen_mem[0].u_comp_ddr3.data_task: at time 13132966.0 ps INFO: READ @ DQS= bank = 0 row = 0000 col = 00000002 data = xxxx
tb_a7ng_ddr_cue_soa.gen_mem[0].u_comp_ddr3.data_task: at time 13134466.0 ps INFO: READ @ DQS= bank = 0 row = 0000 col = 00000003 data = xxxx
tb_a7ng_ddr_cue_soa.gen_mem[0].u_comp_ddr3.data_task: at time 13135966.0 ps INFO: READ @ DQS= bank = 0 row = 0000 col = 00000004 data = xxxx
tb_a7ng_ddr_cue_soa.gen_mem[0].u_comp_ddr3.data_task: at time 13137466.0 ps INFO: READ @ DQS= bank = 0 row = 0000 col = 00000005 data = xxxx
tb_a7ng_ddr_cue_soa.gen_mem[0].u_comp_ddr3.data_task: at time 13138966.0 ps INFO: READ @ DQS= bank = 0 row = 0000 col = 00000006 data = xxxx
tb_a7ng_ddr_cue_soa.gen_mem[0].u_comp_ddr3.data_task: at time 13140466.0 ps INFO: READ @ DQS= bank = 0 row = 0000 col = 00000007 data = xxxx
tb_a7ng_ddr_cue_soa.gen_mem[0].u_comp_ddr3.cmd_task: at time 13140466.0 ps INFO: Read      bank 0 col 000, auto precharge 0
tb_a7ng_ddr_cue_soa.gen_mem[0].u_comp_ddr3.data_task: at time 13141966.0 ps INFO: READ @ DQS= bank = 0 row = 0000 col = 00000000 data = xxxx
PHY_INIT: Phaser_In Phase Locked at 13142725.0 ps
tb_a7ng_ddr_cue_soa.gen_mem[0].u_comp_ddr3.data_task: at time 13143466.0 ps INFO: READ @ DQS= bank = 0 row = 0000 col = 00000001 data = xxxx
tb_a7ng_ddr_cue_soa.gen_mem[0].u_comp_ddr3.data_task: at time 13144966.0 ps INFO: READ @ DQS= bank = 0 row = 0000 col = 00000002 data = xxxx
tb_a7ng_ddr_cue_soa.gen_mem[0].u_comp_ddr3.data_task: at time 13146466.0 ps INFO: READ @ DQS= bank = 0 row = 0000 col = 00000003 data = xxxx
tb_a7ng_ddr_cue_soa.gen_mem[0].u_comp_ddr3.data_task: at time 13147966.0 ps INFO: READ @ DQS= bank = 0 row = 0000 col = 00000004 data = xxxx
tb_a7ng_ddr_cue_soa.gen_mem[0].u_comp_ddr3.data_task: at time 13149466.0 ps INFO: READ @ DQS= bank = 0 row = 0000 col = 00000005 data = xxxx
tb_a7ng_ddr_cue_soa.gen_mem[0].u_comp_ddr3.data_task: at time 13150966.0 ps INFO: READ @ DQS= bank = 0 row = 0000 col = 00000006 data = xxxx
tb_a7ng_ddr_cue_soa.gen_mem[0].u_comp_ddr3.data_task: at time 13152466.0 ps INFO: READ @ DQS= bank = 0 row = 0000 col = 00000007 data = xxxx
tb_a7ng_ddr_cue_soa.gen_mem[0].u_comp_ddr3.cmd_task: at time 13152466.0 ps INFO: Read      bank 0 col 000, auto precharge 0
tb_a7ng_ddr_cue_soa.gen_mem[0].u_comp_ddr3.data_task: at time 13153966.0 ps INFO: READ @ DQS= bank = 0 row = 0000 col = 00000000 data = xxxx
tb_a7ng_ddr_cue_soa.gen_mem[0].u_comp_ddr3.data_task: at time 13155466.0 ps INFO: READ @ DQS= bank = 0 row = 0000 col = 00000001 data = xxxx
tb_a7ng_ddr_cue_soa.gen_mem[0].u_comp_ddr3.data_task: at time 13156966.0 ps INFO: READ @ DQS= bank = 0 row = 0000 col = 00000002 data = xxxx
tb_a7ng_ddr_cue_soa.gen_mem[0].u_comp_ddr3.data_task: at time 13158466.0 ps INFO: READ @ DQS= bank = 0 row = 0000 col = 00000003 data = xxxx
tb_a7ng_ddr_cue_soa.gen_mem[0].u_comp_ddr3.data_task: at time 13159966.0 ps INFO: READ @ DQS= bank = 0 row = 0000 col = 00000004 data = xxxx
tb_a7ng_ddr_cue_soa.gen_mem[0].u_comp_ddr3.data_task: at time 13161466.0 ps INFO: READ @ DQS= bank = 0 row = 0000 col = 00000005 data = xxxx
tb_a7ng_ddr_cue_soa.gen_mem[0].u_comp_ddr3.data_task: at time 13162966.0 ps INFO: READ @ DQS= bank = 0 row = 0000 col = 00000006 data = xxxx
tb_a7ng_ddr_cue_soa.gen_mem[0].u_comp_ddr3.data_task: at time 13164466.0 ps INFO: READ @ DQS= bank = 0 row = 0000 col = 00000007 data = xxxx
tb_a7ng_ddr_cue_soa.gen_mem[0].u_comp_ddr3.cmd_task: at time 13164466.0 ps INFO: Read      bank 0 col 000, auto precharge 0
tb_a7ng_ddr_cue_soa.gen_mem[0].u_comp_ddr3.data_task: at time 13165966.0 ps INFO: READ @ DQS= bank = 0 row = 0000 col = 00000000 data = xxxx
tb_a7ng_ddr_cue_soa.gen_mem[0].u_comp_ddr3.data_task: at time 13167466.0 ps INFO: READ @ DQS= bank = 0 row = 0000 col = 00000001 data = xxxx
tb_a7ng_ddr_cue_soa.gen_mem[0].u_comp_ddr3.data_task: at time 13168966.0 ps INFO: READ @ DQS= bank = 0 row = 0000 col = 00000002 data = xxxx
tb_a7ng_ddr_cue_soa.gen_mem[0].u_comp_ddr3.data_task: at time 13170466.0 ps INFO: READ @ DQS= bank = 0 row = 0000 col = 00000003 data = xxxx
tb_a7ng_ddr_cue_soa.gen_mem[0].u_comp_ddr3.data_task: at time 13171966.0 ps INFO: READ @ DQS= bank = 0 row = 0000 col = 00000004 data = xxxx
tb_a7ng_ddr_cue_soa.gen_mem[0].u_comp_ddr3.data_task: at time 13173466.0 ps INFO: READ @ DQS= bank = 0 row = 0000 col = 00000005 data = xxxx
tb_a7ng_ddr_cue_soa.gen_mem[0].u_comp_ddr3.data_task: at time 13174966.0 ps INFO: READ @ DQS= bank = 0 row = 0000 col = 00000006 data = xxxx
tb_a7ng_ddr_cue_soa.gen_mem[0].u_comp_ddr3.data_task: at time 13176466.0 ps INFO: READ @ DQS= bank = 0 row = 0000 col = 00000007 data = xxxx
tb_a7ng_ddr_cue_soa.gen_mem[0].u_comp_ddr3.cmd_task: at time 13176466.0 ps INFO: Read      bank 0 col 000, auto precharge 0
tb_a7ng_ddr_cue_soa.gen_mem[0].u_comp_ddr3.data_task: at time 13177966.0 ps INFO: READ @ DQS= bank = 0 row = 0000 col = 00000000 data = xxxx
tb_a7ng_ddr_cue_soa.gen_mem[0].u_comp_ddr3.data_task: at time 13179466.0 ps INFO: READ @ DQS= bank = 0 row = 0000 col = 00000001 data = xxxx
tb_a7ng_ddr_cue_soa.gen_mem[0].u_comp_ddr3.data_task: at time 13180966.0 ps INFO: READ @ DQS= bank = 0 row = 0000 col = 00000002 data = xxxx
tb_a7ng_ddr_cue_soa.gen_mem[0].u_comp_ddr3.data_task: at time 13182466.0 ps INFO: READ @ DQS= bank = 0 row = 0000 col = 00000003 data = xxxx
tb_a7ng_ddr_cue_soa.gen_mem[0].u_comp_ddr3.data_task: at time 13183966.0 ps INFO: READ @ DQS= bank = 0 row = 0000 col = 00000004 data = xxxx
tb_a7ng_ddr_cue_soa.gen_mem[0].u_comp_ddr3.data_task: at time 13185466.0 ps INFO: READ @ DQS= bank = 0 row = 0000 col = 00000005 data = xxxx
tb_a7ng_ddr_cue_soa.gen_mem[0].u_comp_ddr3.data_task: at time 13186966.0 ps INFO: READ @ DQS= bank = 0 row = 0000 col = 00000006 data = xxxx
tb_a7ng_ddr_cue_soa.gen_mem[0].u_comp_ddr3.data_task: at time 13188466.0 ps INFO: READ @ DQS= bank = 0 row = 0000 col = 00000007 data = xxxx
tb_a7ng_ddr_cue_soa.gen_mem[0].u_comp_ddr3.cmd_task: at time 13188466.0 ps INFO: Read      bank 0 col 000, auto precharge 0
tb_a7ng_ddr_cue_soa.gen_mem[0].u_comp_ddr3.data_task: at time 13189966.0 ps INFO: READ @ DQS= bank = 0 row = 0000 col = 00000000 data = xxxx
tb_a7ng_ddr_cue_soa.gen_mem[0].u_comp_ddr3.data_task: at time 13191466.0 ps INFO: READ @ DQS= bank = 0 row = 0000 col = 00000001 data = xxxx
tb_a7ng_ddr_cue_soa.gen_mem[0].u_comp_ddr3.data_task: at time 13192966.0 ps INFO: READ @ DQS= bank = 0 row = 0000 col = 00000002 data = xxxx
tb_a7ng_ddr_cue_soa.gen_mem[0].u_comp_ddr3.data_task: at time 13194466.0 ps INFO: READ @ DQS= bank = 0 row = 0000 col = 00000003 data = xxxx
tb_a7ng_ddr_cue_soa.gen_mem[0].u_comp_ddr3.data_task: at time 13195966.0 ps INFO: READ @ DQS= bank = 0 row = 0000 col = 00000004 data = xxxx
tb_a7ng_ddr_cue_soa.gen_mem[0].u_comp_ddr3.data_task: at time 13197466.0 ps INFO: READ @ DQS= bank = 0 row = 0000 col = 00000005 data = xxxx
tb_a7ng_ddr_cue_soa.gen_mem[0].u_comp_ddr3.data_task: at time 13198966.0 ps INFO: READ @ DQS= bank = 0 row = 0000 col = 00000006 data = xxxx
tb_a7ng_ddr_cue_soa.gen_mem[0].u_comp_ddr3.data_task: at time 13200466.0 ps INFO: READ @ DQS= bank = 0 row = 0000 col = 00000007 data = xxxx
tb_a7ng_ddr_cue_soa.gen_mem[0].u_comp_ddr3.cmd_task: at time 13200466.0 ps INFO: Read      bank 0 col 000, auto precharge 0
tb_a7ng_ddr_cue_soa.gen_mem[0].u_comp_ddr3.data_task: at time 13201966.0 ps INFO: READ @ DQS= bank = 0 row = 0000 col = 00000000 data = xxxx
tb_a7ng_ddr_cue_soa.gen_mem[0].u_comp_ddr3.data_task: at time 13203466.0 ps INFO: READ @ DQS= bank = 0 row = 0000 col = 00000001 data = xxxx
tb_a7ng_ddr_cue_soa.gen_mem[0].u_comp_ddr3.data_task: at time 13204966.0 ps INFO: READ @ DQS= bank = 0 row = 0000 col = 00000002 data = xxxx
tb_a7ng_ddr_cue_soa.gen_mem[0].u_comp_ddr3.data_task: at time 13206466.0 ps INFO: READ @ DQS= bank = 0 row = 0000 col = 00000003 data = xxxx
tb_a7ng_ddr_cue_soa.gen_mem[0].u_comp_ddr3.data_task: at time 13207966.0 ps INFO: READ @ DQS= bank = 0 row = 0000 col = 00000004 data = xxxx
tb_a7ng_ddr_cue_soa.gen_mem[0].u_comp_ddr3.data_task: at time 13209466.0 ps INFO: READ @ DQS= bank = 0 row = 0000 col = 00000005 data = xxxx
tb_a7ng_ddr_cue_soa.gen_mem[0].u_comp_ddr3.data_task: at time 13210966.0 ps INFO: READ @ DQS= bank = 0 row = 0000 col = 00000006 data = xxxx
tb_a7ng_ddr_cue_soa.gen_mem[0].u_comp_ddr3.data_task: at time 13212466.0 ps INFO: READ @ DQS= bank = 0 row = 0000 col = 00000007 data = xxxx
tb_a7ng_ddr_cue_soa.gen_mem[0].u_comp_ddr3.cmd_task: at time 13212466.0 ps INFO: Read      bank 0 col 000, auto precharge 0
tb_a7ng_ddr_cue_soa.gen_mem[0].u_comp_ddr3.data_task: at time 13213966.0 ps INFO: READ @ DQS= bank = 0 row = 0000 col = 00000000 data = xxxx
tb_a7ng_ddr_cue_soa.gen_mem[0].u_comp_ddr3.data_task: at time 13215466.0 ps INFO: READ @ DQS= bank = 0 row = 0000 col = 00000001 data = xxxx
tb_a7ng_ddr_cue_soa.gen_mem[0].u_comp_ddr3.data_task: at time 13216966.0 ps INFO: READ @ DQS= bank = 0 row = 0000 col = 00000002 data = xxxx
tb_a7ng_ddr_cue_soa.gen_mem[0].u_comp_ddr3.data_task: at time 13218466.0 ps INFO: READ @ DQS= bank = 0 row = 0000 col = 00000003 data = xxxx
tb_a7ng_ddr_cue_soa.gen_mem[0].u_comp_ddr3.data_task: at time 13219966.0 ps INFO: READ @ DQS= bank = 0 row = 0000 col = 00000004 data = xxxx
tb_a7ng_ddr_cue_soa.gen_mem[0].u_comp_ddr3.data_task: at time 13221466.0 ps INFO: READ @ DQS= bank = 0 row = 0000 col = 00000005 data = xxxx
tb_a7ng_ddr_cue_soa.gen_mem[0].u_comp_ddr3.data_task: at time 13222966.0 ps INFO: READ @ DQS= bank = 0 row = 0000 col = 00000006 data = xxxx
tb_a7ng_ddr_cue_soa.gen_mem[0].u_comp_ddr3.data_task: at time 13224466.0 ps INFO: READ @ DQS= bank = 0 row = 0000 col = 00000007 data = xxxx
tb_a7ng_ddr_cue_soa.gen_mem[0].u_comp_ddr3.data_task: at time 13225966.0 ps INFO: READ @ DQS= bank = 0 row = 0000 col = 00000000 data = xxxx
tb_a7ng_ddr_cue_soa.gen_mem[0].u_comp_ddr3.data_task: at time 13227466.0 ps INFO: READ @ DQS= bank = 0 row = 0000 col = 00000001 data = xxxx
tb_a7ng_ddr_cue_soa.gen_mem[0].u_comp_ddr3.data_task: at time 13228966.0 ps INFO: READ @ DQS= bank = 0 row = 0000 col = 00000002 data = xxxx
tb_a7ng_ddr_cue_soa.gen_mem[0].u_comp_ddr3.data_task: at time 13230466.0 ps INFO: READ @ DQS= bank = 0 row = 0000 col = 00000003 data = xxxx
tb_a7ng_ddr_cue_soa.gen_mem[0].u_comp_ddr3.data_task: at time 13231966.0 ps INFO: READ @ DQS= bank = 0 row = 0000 col = 00000004 data = xxxx
tb_a7ng_ddr_cue_soa.gen_mem[0].u_comp_ddr3.data_task: at time 13233466.0 ps INFO: READ @ DQS= bank = 0 row = 0000 col = 00000005 data = xxxx
tb_a7ng_ddr_cue_soa.gen_mem[0].u_comp_ddr3.data_task: at time 13234966.0 ps INFO: READ @ DQS= bank = 0 row = 0000 col = 00000006 data = xxxx
tb_a7ng_ddr_cue_soa.gen_mem[0].u_comp_ddr3.data_task: at time 13236466.0 ps INFO: READ @ DQS= bank = 0 row = 0000 col = 00000007 data = xxxx
tb_a7ng_ddr_cue_soa.gen_mem[0].u_comp_ddr3.cmd_task: at time 14772466.0 ps INFO: Precharge All
tb_a7ng_ddr_cue_soa.gen_mem[0].u_comp_ddr3.cmd_task: at time 14772466.0 ps INFO: Precharge bank   0
tb_a7ng_ddr_cue_soa.gen_mem[0].u_comp_ddr3.cmd_task: at time 16332466.0 ps INFO: Refresh  
tb_a7ng_ddr_cue_soa.gen_mem[0].u_comp_ddr3.cmd_task: at time 17892466.0 ps INFO: Refresh  
tb_a7ng_ddr_cue_soa.gen_mem[0].u_comp_ddr3.cmd_task: at time 19452466.0 ps INFO: Refresh  
tb_a7ng_ddr_cue_soa.gen_mem[0].u_comp_ddr3.cmd_task: at time 21012466.0 ps INFO: Refresh  
tb_a7ng_ddr_cue_soa.gen_mem[0].u_comp_ddr3.cmd_task: at time 22572466.0 ps INFO: Refresh  
tb_a7ng_ddr_cue_soa.gen_mem[0].u_comp_ddr3.cmd_task: at time 24132466.0 ps INFO: Refresh  
tb_a7ng_ddr_cue_soa.gen_mem[0].u_comp_ddr3.cmd_task: at time 25692466.0 ps INFO: Refresh  
tb_a7ng_ddr_cue_soa.gen_mem[0].u_comp_ddr3.cmd_task: at time 27252466.0 ps INFO: Refresh  
tb_a7ng_ddr_cue_soa.gen_mem[0].u_comp_ddr3.cmd_task: at time 28812466.0 ps INFO: Activate  bank 0 row 0000
tb_a7ng_ddr_cue_soa.gen_mem[0].u_comp_ddr3.cmd_task: at time 30372466.0 ps INFO: Read      bank 0 col 000, auto precharge 0
tb_a7ng_ddr_cue_soa.gen_mem[0].u_comp_ddr3.cmd_task: at time 30384466.0 ps INFO: Read      bank 0 col 008, auto precharge 0
tb_a7ng_ddr_cue_soa.gen_mem[0].u_comp_ddr3.data_task: at time 30385966.0 ps INFO: READ @ DQS= bank = 0 row = 0000 col = 00000000 data = xxxx
tb_a7ng_ddr_cue_soa.gen_mem[0].u_comp_ddr3.data_task: at time 30387466.0 ps INFO: READ @ DQS= bank = 0 row = 0000 col = 00000001 data = xxxx
tb_a7ng_ddr_cue_soa.gen_mem[0].u_comp_ddr3.data_task: at time 30388966.0 ps INFO: READ @ DQS= bank = 0 row = 0000 col = 00000002 data = xxxx
tb_a7ng_ddr_cue_soa.gen_mem[0].u_comp_ddr3.data_task: at time 30390466.0 ps INFO: READ @ DQS= bank = 0 row = 0000 col = 00000003 data = xxxx
tb_a7ng_ddr_cue_soa.gen_mem[0].u_comp_ddr3.data_task: at time 30391966.0 ps INFO: READ @ DQS= bank = 0 row = 0000 col = 00000004 data = xxxx
tb_a7ng_ddr_cue_soa.gen_mem[0].u_comp_ddr3.data_task: at time 30393466.0 ps INFO: READ @ DQS= bank = 0 row = 0000 col = 00000005 data = xxxx
tb_a7ng_ddr_cue_soa.gen_mem[0].u_comp_ddr3.data_task: at time 30394966.0 ps INFO: READ @ DQS= bank = 0 row = 0000 col = 00000006 data = xxxx
tb_a7ng_ddr_cue_soa.gen_mem[0].u_comp_ddr3.data_task: at time 30396466.0 ps INFO: READ @ DQS= bank = 0 row = 0000 col = 00000007 data = xxxx
tb_a7ng_ddr_cue_soa.gen_mem[0].u_comp_ddr3.cmd_task: at time 30396466.0 ps INFO: Read      bank 0 col 000, auto precharge 0
tb_a7ng_ddr_cue_soa.gen_mem[0].u_comp_ddr3.data_task: at time 30397966.0 ps INFO: READ @ DQS= bank = 0 row = 0000 col = 00000008 data = xxxx
tb_a7ng_ddr_cue_soa.gen_mem[0].u_comp_ddr3.data_task: at time 30399466.0 ps INFO: READ @ DQS= bank = 0 row = 0000 col = 00000009 data = xxxx
tb_a7ng_ddr_cue_soa.gen_mem[0].u_comp_ddr3.data_task: at time 30400966.0 ps INFO: READ @ DQS= bank = 0 row = 0000 col = 0000000a data = xxxx
tb_a7ng_ddr_cue_soa.gen_mem[0].u_comp_ddr3.data_task: at time 30402466.0 ps INFO: READ @ DQS= bank = 0 row = 0000 col = 0000000b data = xxxx
tb_a7ng_ddr_cue_soa.gen_mem[0].u_comp_ddr3.data_task: at time 30403966.0 ps INFO: READ @ DQS= bank = 0 row = 0000 col = 0000000c data = xxxx
tb_a7ng_ddr_cue_soa.gen_mem[0].u_comp_ddr3.data_task: at time 30405466.0 ps INFO: READ @ DQS= bank = 0 row = 0000 col = 0000000d data = xxxx
tb_a7ng_ddr_cue_soa.gen_mem[0].u_comp_ddr3.data_task: at time 30406966.0 ps INFO: READ @ DQS= bank = 0 row = 0000 col = 0000000e data = xxxx
tb_a7ng_ddr_cue_soa.gen_mem[0].u_comp_ddr3.data_task: at time 30408466.0 ps INFO: READ @ DQS= bank = 0 row = 0000 col = 0000000f data = xxxx
tb_a7ng_ddr_cue_soa.gen_mem[0].u_comp_ddr3.cmd_task: at time 30408466.0 ps INFO: Read      bank 0 col 008, auto precharge 0
tb_a7ng_ddr_cue_soa.gen_mem[0].u_comp_ddr3.data_task: at time 30409966.0 ps INFO: READ @ DQS= bank = 0 row = 0000 col = 00000000 data = xxxx
tb_a7ng_ddr_cue_soa.gen_mem[0].u_comp_ddr3.data_task: at time 30411466.0 ps INFO: READ @ DQS= bank = 0 row = 0000 col = 00000001 data = xxxx
tb_a7ng_ddr_cue_soa.gen_mem[0].u_comp_ddr3.data_task: at time 30412966.0 ps INFO: READ @ DQS= bank = 0 row = 0000 col = 00000002 data = xxxx
tb_a7ng_ddr_cue_soa.gen_mem[0].u_comp_ddr3.data_task: at time 30414466.0 ps INFO: READ @ DQS= bank = 0 row = 0000 col = 00000003 data = xxxx
tb_a7ng_ddr_cue_soa.gen_mem[0].u_comp_ddr3.data_task: at time 30415966.0 ps INFO: READ @ DQS= bank = 0 row = 0000 col = 00000004 data = xxxx
tb_a7ng_ddr_cue_soa.gen_mem[0].u_comp_ddr3.data_task: at time 30417466.0 ps INFO: READ @ DQS= bank = 0 row = 0000 col = 00000005 data = xxxx
tb_a7ng_ddr_cue_soa.gen_mem[0].u_comp_ddr3.data_task: at time 30418966.0 ps INFO: READ @ DQS= bank = 0 row = 0000 col = 00000006 data = xxxx
tb_a7ng_ddr_cue_soa.gen_mem[0].u_comp_ddr3.data_task: at time 30420466.0 ps INFO: READ @ DQS= bank = 0 row = 0000 col = 00000007 data = xxxx
tb_a7ng_ddr_cue_soa.gen_mem[0].u_comp_ddr3.data_task: at time 30421966.0 ps INFO: READ @ DQS= bank = 0 row = 0000 col = 00000008 data = xxxx
tb_a7ng_ddr_cue_soa.gen_mem[0].u_comp_ddr3.data_task: at time 30423466.0 ps INFO: READ @ DQS= bank = 0 row = 0000 col = 00000009 data = xxxx
tb_a7ng_ddr_cue_soa.gen_mem[0].u_comp_ddr3.data_task: at time 30424966.0 ps INFO: READ @ DQS= bank = 0 row = 0000 col = 0000000a data = xxxx
tb_a7ng_ddr_cue_soa.gen_mem[0].u_comp_ddr3.data_task: at time 30426466.0 ps INFO: READ @ DQS= bank = 0 row = 0000 col = 0000000b data = xxxx
tb_a7ng_ddr_cue_soa.gen_mem[0].u_comp_ddr3.data_task: at time 30427966.0 ps INFO: READ @ DQS= bank = 0 row = 0000 col = 0000000c data = xxxx
tb_a7ng_ddr_cue_soa.gen_mem[0].u_comp_ddr3.data_task: at time 30429466.0 ps INFO: READ @ DQS= bank = 0 row = 0000 col = 0000000d data = xxxx
tb_a7ng_ddr_cue_soa.gen_mem[0].u_comp_ddr3.data_task: at time 30430966.0 ps INFO: READ @ DQS= bank = 0 row = 0000 col = 0000000e data = xxxx
tb_a7ng_ddr_cue_soa.gen_mem[0].u_comp_ddr3.data_task: at time 30432466.0 ps INFO: READ @ DQS= bank = 0 row = 0000 col = 0000000f data = xxxx
tb_a7ng_ddr_cue_soa.gen_mem[0].u_comp_ddr3.cmd_task: at time 31968466.0 ps INFO: Read      bank 0 col 000, auto precharge 0
tb_a7ng_ddr_cue_soa.gen_mem[0].u_comp_ddr3.cmd_task: at time 31980466.0 ps INFO: Read      bank 0 col 008, auto precharge 0
tb_a7ng_ddr_cue_soa.gen_mem[0].u_comp_ddr3.data_task: at time 31981966.0 ps INFO: READ @ DQS= bank = 0 row = 0000 col = 00000000 data = xxxx
tb_a7ng_ddr_cue_soa.gen_mem[0].u_comp_ddr3.data_task: at time 31983466.0 ps INFO: READ @ DQS= bank = 0 row = 0000 col = 00000001 data = xxxx
tb_a7ng_ddr_cue_soa.gen_mem[0].u_comp_ddr3.data_task: at time 31984966.0 ps INFO: READ @ DQS= bank = 0 row = 0000 col = 00000002 data = xxxx
tb_a7ng_ddr_cue_soa.gen_mem[0].u_comp_ddr3.data_task: at time 31986466.0 ps INFO: READ @ DQS= bank = 0 row = 0000 col = 00000003 data = xxxx
tb_a7ng_ddr_cue_soa.gen_mem[0].u_comp_ddr3.data_task: at time 31987966.0 ps INFO: READ @ DQS= bank = 0 row = 0000 col = 00000004 data = xxxx
tb_a7ng_ddr_cue_soa.gen_mem[0].u_comp_ddr3.data_task: at time 31989466.0 ps INFO: READ @ DQS= bank = 0 row = 0000 col = 00000005 data = xxxx
tb_a7ng_ddr_cue_soa.gen_mem[0].u_comp_ddr3.data_task: at time 31990966.0 ps INFO: READ @ DQS= bank = 0 row = 0000 col = 00000006 data = xxxx
tb_a7ng_ddr_cue_soa.gen_mem[0].u_comp_ddr3.data_task: at time 31992466.0 ps INFO: READ @ DQS= bank = 0 row = 0000 col = 00000007 data = xxxx
tb_a7ng_ddr_cue_soa.gen_mem[0].u_comp_ddr3.cmd_task: at time 31992466.0 ps INFO: Read      bank 0 col 000, auto precharge 0
tb_a7ng_ddr_cue_soa.gen_mem[0].u_comp_ddr3.data_task: at time 31993966.0 ps INFO: READ @ DQS= bank = 0 row = 0000 col = 00000008 data = xxxx
tb_a7ng_ddr_cue_soa.gen_mem[0].u_comp_ddr3.data_task: at time 31995466.0 ps INFO: READ @ DQS= bank = 0 row = 0000 col = 00000009 data = xxxx
tb_a7ng_ddr_cue_soa.gen_mem[0].u_comp_ddr3.data_task: at time 31996966.0 ps INFO: READ @ DQS= bank = 0 row = 0000 col = 0000000a data = xxxx
tb_a7ng_ddr_cue_soa.gen_mem[0].u_comp_ddr3.data_task: at time 31998466.0 ps INFO: READ @ DQS= bank = 0 row = 0000 col = 0000000b data = xxxx
tb_a7ng_ddr_cue_soa.gen_mem[0].u_comp_ddr3.data_task: at time 31999966.0 ps INFO: READ @ DQS= bank = 0 row = 0000 col = 0000000c data = xxxx
tb_a7ng_ddr_cue_soa.gen_mem[0].u_comp_ddr3.data_task: at time 32001466.0 ps INFO: READ @ DQS= bank = 0 row = 0000 col = 0000000d data = xxxx
tb_a7ng_ddr_cue_soa.gen_mem[0].u_comp_ddr3.data_task: at time 32002966.0 ps INFO: READ @ DQS= bank = 0 row = 0000 col = 0000000e data = xxxx
tb_a7ng_ddr_cue_soa.gen_mem[0].u_comp_ddr3.data_task: at time 32004466.0 ps INFO: READ @ DQS= bank = 0 row = 0000 col = 0000000f data = xxxx
tb_a7ng_ddr_cue_soa.gen_mem[0].u_comp_ddr3.cmd_task: at time 32004466.0 ps INFO: Read      bank 0 col 008, auto precharge 0
tb_a7ng_ddr_cue_soa.gen_mem[0].u_comp_ddr3.data_task: at time 32005966.0 ps INFO: READ @ DQS= bank = 0 row = 0000 col = 00000000 data = xxxx
tb_a7ng_ddr_cue_soa.gen_mem[0].u_comp_ddr3.data_task: at time 32007466.0 ps INFO: READ @ DQS= bank = 0 row = 0000 col = 00000001 data = xxxx
tb_a7ng_ddr_cue_soa.gen_mem[0].u_comp_ddr3.data_task: at time 32008966.0 ps INFO: READ @ DQS= bank = 0 row = 0000 col = 00000002 data = xxxx
tb_a7ng_ddr_cue_soa.gen_mem[0].u_comp_ddr3.data_task: at time 32010466.0 ps INFO: READ @ DQS= bank = 0 row = 0000 col = 00000003 data = xxxx
tb_a7ng_ddr_cue_soa.gen_mem[0].u_comp_ddr3.data_task: at time 32011966.0 ps INFO: READ @ DQS= bank = 0 row = 0000 col = 00000004 data = xxxx
tb_a7ng_ddr_cue_soa.gen_mem[0].u_comp_ddr3.data_task: at time 32013466.0 ps INFO: READ @ DQS= bank = 0 row = 0000 col = 00000005 data = xxxx
tb_a7ng_ddr_cue_soa.gen_mem[0].u_comp_ddr3.data_task: at time 32014966.0 ps INFO: READ @ DQS= bank = 0 row = 0000 col = 00000006 data = xxxx
tb_a7ng_ddr_cue_soa.gen_mem[0].u_comp_ddr3.data_task: at time 32016466.0 ps INFO: READ @ DQS= bank = 0 row = 0000 col = 00000007 data = xxxx
tb_a7ng_ddr_cue_soa.gen_mem[0].u_comp_ddr3.data_task: at time 32017966.0 ps INFO: READ @ DQS= bank = 0 row = 0000 col = 00000008 data = xxxx
tb_a7ng_ddr_cue_soa.gen_mem[0].u_comp_ddr3.data_task: at time 32019466.0 ps INFO: READ @ DQS= bank = 0 row = 0000 col = 00000009 data = xxxx
tb_a7ng_ddr_cue_soa.gen_mem[0].u_comp_ddr3.data_task: at time 32020966.0 ps INFO: READ @ DQS= bank = 0 row = 0000 col = 0000000a data = xxxx
tb_a7ng_ddr_cue_soa.gen_mem[0].u_comp_ddr3.data_task: at time 32022466.0 ps INFO: READ @ DQS= bank = 0 row = 0000 col = 0000000b data = xxxx
tb_a7ng_ddr_cue_soa.gen_mem[0].u_comp_ddr3.data_task: at time 32023966.0 ps INFO: READ @ DQS= bank = 0 row = 0000 col = 0000000c data = xxxx
tb_a7ng_ddr_cue_soa.gen_mem[0].u_comp_ddr3.data_task: at time 32025466.0 ps INFO: READ @ DQS= bank = 0 row = 0000 col = 0000000d data = xxxx
tb_a7ng_ddr_cue_soa.gen_mem[0].u_comp_ddr3.data_task: at time 32026966.0 ps INFO: READ @ DQS= bank = 0 row = 0000 col = 0000000e data = xxxx
tb_a7ng_ddr_cue_soa.gen_mem[0].u_comp_ddr3.data_task: at time 32028466.0 ps INFO: READ @ DQS= bank = 0 row = 0000 col = 0000000f data = xxxx
tb_a7ng_ddr_cue_soa.gen_mem[0].u_comp_ddr3.cmd_task: at time 33564466.0 ps INFO: Read      bank 0 col 000, auto precharge 0
tb_a7ng_ddr_cue_soa.gen_mem[0].u_comp_ddr3.cmd_task: at time 33576466.0 ps INFO: Read      bank 0 col 008, auto precharge 0
tb_a7ng_ddr_cue_soa.gen_mem[0].u_comp_ddr3.data_task: at time 33577966.0 ps INFO: READ @ DQS= bank = 0 row = 0000 col = 00000000 data = xxxx
tb_a7ng_ddr_cue_soa.gen_mem[0].u_comp_ddr3.data_task: at time 33579466.0 ps INFO: READ @ DQS= bank = 0 row = 0000 col = 00000001 data = xxxx
tb_a7ng_ddr_cue_soa.gen_mem[0].u_comp_ddr3.data_task: at time 33580966.0 ps INFO: READ @ DQS= bank = 0 row = 0000 col = 00000002 data = xxxx
tb_a7ng_ddr_cue_soa.gen_mem[0].u_comp_ddr3.data_task: at time 33582466.0 ps INFO: READ @ DQS= bank = 0 row = 0000 col = 00000003 data = xxxx
tb_a7ng_ddr_cue_soa.gen_mem[0].u_comp_ddr3.data_task: at time 33583966.0 ps INFO: READ @ DQS= bank = 0 row = 0000 col = 00000004 data = xxxx
tb_a7ng_ddr_cue_soa.gen_mem[0].u_comp_ddr3.data_task: at time 33585466.0 ps INFO: READ @ DQS= bank = 0 row = 0000 col = 00000005 data = xxxx
tb_a7ng_ddr_cue_soa.gen_mem[0].u_comp_ddr3.data_task: at time 33586966.0 ps INFO: READ @ DQS= bank = 0 row = 0000 col = 00000006 data = xxxx
tb_a7ng_ddr_cue_soa.gen_mem[0].u_comp_ddr3.data_task: at time 33588466.0 ps INFO: READ @ DQS= bank = 0 row = 0000 col = 00000007 data = xxxx
tb_a7ng_ddr_cue_soa.gen_mem[0].u_comp_ddr3.cmd_task: at time 33588466.0 ps INFO: Read      bank 0 col 000, auto precharge 0
tb_a7ng_ddr_cue_soa.gen_mem[0].u_comp_ddr3.data_task: at time 33589966.0 ps INFO: READ @ DQS= bank = 0 row = 0000 col = 00000008 data = xxxx
tb_a7ng_ddr_cue_soa.gen_mem[0].u_comp_ddr3.data_task: at time 33591466.0 ps INFO: READ @ DQS= bank = 0 row = 0000 col = 00000009 data = xxxx
tb_a7ng_ddr_cue_soa.gen_mem[0].u_comp_ddr3.data_task: at time 33592966.0 ps INFO: READ @ DQS= bank = 0 row = 0000 col = 0000000a data = xxxx
tb_a7ng_ddr_cue_soa.gen_mem[0].u_comp_ddr3.data_task: at time 33594466.0 ps INFO: READ @ DQS= bank = 0 row = 0000 col = 0000000b data = xxxx
tb_a7ng_ddr_cue_soa.gen_mem[0].u_comp_ddr3.data_task: at time 33595966.0 ps INFO: READ @ DQS= bank = 0 row = 0000 col = 0000000c data = xxxx
tb_a7ng_ddr_cue_soa.gen_mem[0].u_comp_ddr3.data_task: at time 33597466.0 ps INFO: READ @ DQS= bank = 0 row = 0000 col = 0000000d data = xxxx
tb_a7ng_ddr_cue_soa.gen_mem[0].u_comp_ddr3.data_task: at time 33598966.0 ps INFO: READ @ DQS= bank = 0 row = 0000 col = 0000000e data = xxxx
tb_a7ng_ddr_cue_soa.gen_mem[0].u_comp_ddr3.data_task: at time 33600466.0 ps INFO: READ @ DQS= bank = 0 row = 0000 col = 0000000f data = xxxx
tb_a7ng_ddr_cue_soa.gen_mem[0].u_comp_ddr3.cmd_task: at time 33600466.0 ps INFO: Read      bank 0 col 008, auto precharge 0
tb_a7ng_ddr_cue_soa.gen_mem[0].u_comp_ddr3.data_task: at time 33601966.0 ps INFO: READ @ DQS= bank = 0 row = 0000 col = 00000000 data = xxxx
tb_a7ng_ddr_cue_soa.gen_mem[0].u_comp_ddr3.data_task: at time 33603466.0 ps INFO: READ @ DQS= bank = 0 row = 0000 col = 00000001 data = xxxx
tb_a7ng_ddr_cue_soa.gen_mem[0].u_comp_ddr3.data_task: at time 33604966.0 ps INFO: READ @ DQS= bank = 0 row = 0000 col = 00000002 data = xxxx
tb_a7ng_ddr_cue_soa.gen_mem[0].u_comp_ddr3.data_task: at time 33606466.0 ps INFO: READ @ DQS= bank = 0 row = 0000 col = 00000003 data = xxxx
tb_a7ng_ddr_cue_soa.gen_mem[0].u_comp_ddr3.data_task: at time 33607966.0 ps INFO: READ @ DQS= bank = 0 row = 0000 col = 00000004 data = xxxx
tb_a7ng_ddr_cue_soa.gen_mem[0].u_comp_ddr3.data_task: at time 33609466.0 ps INFO: READ @ DQS= bank = 0 row = 0000 col = 00000005 data = xxxx
tb_a7ng_ddr_cue_soa.gen_mem[0].u_comp_ddr3.data_task: at time 33610966.0 ps INFO: READ @ DQS= bank = 0 row = 0000 col = 00000006 data = xxxx
tb_a7ng_ddr_cue_soa.gen_mem[0].u_comp_ddr3.data_task: at time 33612466.0 ps INFO: READ @ DQS= bank = 0 row = 0000 col = 00000007 data = xxxx
tb_a7ng_ddr_cue_soa.gen_mem[0].u_comp_ddr3.data_task: at time 33613966.0 ps INFO: READ @ DQS= bank = 0 row = 0000 col = 00000008 data = xxxx
tb_a7ng_ddr_cue_soa.gen_mem[0].u_comp_ddr3.data_task: at time 33615466.0 ps INFO: READ @ DQS= bank = 0 row = 0000 col = 00000009 data = xxxx
tb_a7ng_ddr_cue_soa.gen_mem[0].u_comp_ddr3.data_task: at time 33616966.0 ps INFO: READ @ DQS= bank = 0 row = 0000 col = 0000000a data = xxxx
tb_a7ng_ddr_cue_soa.gen_mem[0].u_comp_ddr3.data_task: at time 33618466.0 ps INFO: READ @ DQS= bank = 0 row = 0000 col = 0000000b data = xxxx
tb_a7ng_ddr_cue_soa.gen_mem[0].u_comp_ddr3.data_task: at time 33619966.0 ps INFO: READ @ DQS= bank = 0 row = 0000 col = 0000000c data = xxxx
tb_a7ng_ddr_cue_soa.gen_mem[0].u_comp_ddr3.data_task: at time 33621466.0 ps INFO: READ @ DQS= bank = 0 row = 0000 col = 0000000d data = xxxx
tb_a7ng_ddr_cue_soa.gen_mem[0].u_comp_ddr3.data_task: at time 33622966.0 ps INFO: READ @ DQS= bank = 0 row = 0000 col = 0000000e data = xxxx
tb_a7ng_ddr_cue_soa.gen_mem[0].u_comp_ddr3.data_task: at time 33624466.0 ps INFO: READ @ DQS= bank = 0 row = 0000 col = 0000000f data = xxxx
tb_a7ng_ddr_cue_soa.gen_mem[0].u_comp_ddr3.cmd_task: at time 35160466.0 ps INFO: Read      bank 0 col 000, auto precharge 0
tb_a7ng_ddr_cue_soa.gen_mem[0].u_comp_ddr3.cmd_task: at time 35172466.0 ps INFO: Read      bank 0 col 008, auto precharge 0
tb_a7ng_ddr_cue_soa.gen_mem[0].u_comp_ddr3.data_task: at time 35173966.0 ps INFO: READ @ DQS= bank = 0 row = 0000 col = 00000000 data = xxxx
tb_a7ng_ddr_cue_soa.gen_mem[0].u_comp_ddr3.data_task: at time 35175466.0 ps INFO: READ @ DQS= bank = 0 row = 0000 col = 00000001 data = xxxx
tb_a7ng_ddr_cue_soa.gen_mem[0].u_comp_ddr3.data_task: at time 35176966.0 ps INFO: READ @ DQS= bank = 0 row = 0000 col = 00000002 data = xxxx
tb_a7ng_ddr_cue_soa.gen_mem[0].u_comp_ddr3.data_task: at time 35178466.0 ps INFO: READ @ DQS= bank = 0 row = 0000 col = 00000003 data = xxxx
tb_a7ng_ddr_cue_soa.gen_mem[0].u_comp_ddr3.data_task: at time 35179966.0 ps INFO: READ @ DQS= bank = 0 row = 0000 col = 00000004 data = xxxx
tb_a7ng_ddr_cue_soa.gen_mem[0].u_comp_ddr3.data_task: at time 35181466.0 ps INFO: READ @ DQS= bank = 0 row = 0000 col = 00000005 data = xxxx
tb_a7ng_ddr_cue_soa.gen_mem[0].u_comp_ddr3.data_task: at time 35182966.0 ps INFO: READ @ DQS= bank = 0 row = 0000 col = 00000006 data = xxxx
tb_a7ng_ddr_cue_soa.gen_mem[0].u_comp_ddr3.data_task: at time 35184466.0 ps INFO: READ @ DQS= bank = 0 row = 0000 col = 00000007 data = xxxx
tb_a7ng_ddr_cue_soa.gen_mem[0].u_comp_ddr3.cmd_task: at time 35184466.0 ps INFO: Read      bank 0 col 000, auto precharge 0
tb_a7ng_ddr_cue_soa.gen_mem[0].u_comp_ddr3.data_task: at time 35185966.0 ps INFO: READ @ DQS= bank = 0 row = 0000 col = 00000008 data = xxxx
tb_a7ng_ddr_cue_soa.gen_mem[0].u_comp_ddr3.data_task: at time 35187466.0 ps INFO: READ @ DQS= bank = 0 row = 0000 col = 00000009 data = xxxx
tb_a7ng_ddr_cue_soa.gen_mem[0].u_comp_ddr3.data_task: at time 35188966.0 ps INFO: READ @ DQS= bank = 0 row = 0000 col = 0000000a data = xxxx
tb_a7ng_ddr_cue_soa.gen_mem[0].u_comp_ddr3.data_task: at time 35190466.0 ps INFO: READ @ DQS= bank = 0 row = 0000 col = 0000000b data = xxxx
tb_a7ng_ddr_cue_soa.gen_mem[0].u_comp_ddr3.data_task: at time 35191966.0 ps INFO: READ @ DQS= bank = 0 row = 0000 col = 0000000c data = xxxx
tb_a7ng_ddr_cue_soa.gen_mem[0].u_comp_ddr3.data_task: at time 35193466.0 ps INFO: READ @ DQS= bank = 0 row = 0000 col = 0000000d data = xxxx
tb_a7ng_ddr_cue_soa.gen_mem[0].u_comp_ddr3.data_task: at time 35194966.0 ps INFO: READ @ DQS= bank = 0 row = 0000 col = 0000000e data = xxxx
tb_a7ng_ddr_cue_soa.gen_mem[0].u_comp_ddr3.data_task: at time 35196466.0 ps INFO: READ @ DQS= bank = 0 row = 0000 col = 0000000f data = xxxx
tb_a7ng_ddr_cue_soa.gen_mem[0].u_comp_ddr3.cmd_task: at time 35196466.0 ps INFO: Read      bank 0 col 008, auto precharge 0
tb_a7ng_ddr_cue_soa.gen_mem[0].u_comp_ddr3.data_task: at time 35197966.0 ps INFO: READ @ DQS= bank = 0 row = 0000 col = 00000000 data = xxxx
tb_a7ng_ddr_cue_soa.gen_mem[0].u_comp_ddr3.data_task: at time 35199466.0 ps INFO: READ @ DQS= bank = 0 row = 0000 col = 00000001 data = xxxx
tb_a7ng_ddr_cue_soa.gen_mem[0].u_comp_ddr3.data_task: at time 35200966.0 ps INFO: READ @ DQS= bank = 0 row = 0000 col = 00000002 data = xxxx
tb_a7ng_ddr_cue_soa.gen_mem[0].u_comp_ddr3.data_task: at time 35202466.0 ps INFO: READ @ DQS= bank = 0 row = 0000 col = 00000003 data = xxxx
tb_a7ng_ddr_cue_soa.gen_mem[0].u_comp_ddr3.data_task: at time 35203966.0 ps INFO: READ @ DQS= bank = 0 row = 0000 col = 00000004 data = xxxx
tb_a7ng_ddr_cue_soa.gen_mem[0].u_comp_ddr3.data_task: at time 35205466.0 ps INFO: READ @ DQS= bank = 0 row = 0000 col = 00000005 data = xxxx
tb_a7ng_ddr_cue_soa.gen_mem[0].u_comp_ddr3.data_task: at time 35206966.0 ps INFO: READ @ DQS= bank = 0 row = 0000 col = 00000006 data = xxxx
tb_a7ng_ddr_cue_soa.gen_mem[0].u_comp_ddr3.data_task: at time 35208466.0 ps INFO: READ @ DQS= bank = 0 row = 0000 col = 00000007 data = xxxx
tb_a7ng_ddr_cue_soa.gen_mem[0].u_comp_ddr3.data_task: at time 35209966.0 ps INFO: READ @ DQS= bank = 0 row = 0000 col = 00000008 data = xxxx
tb_a7ng_ddr_cue_soa.gen_mem[0].u_comp_ddr3.data_task: at time 35211466.0 ps INFO: READ @ DQS= bank = 0 row = 0000 col = 00000009 data = xxxx
tb_a7ng_ddr_cue_soa.gen_mem[0].u_comp_ddr3.data_task: at time 35212966.0 ps INFO: READ @ DQS= bank = 0 row = 0000 col = 0000000a data = xxxx
tb_a7ng_ddr_cue_soa.gen_mem[0].u_comp_ddr3.data_task: at time 35214466.0 ps INFO: READ @ DQS= bank = 0 row = 0000 col = 0000000b data = xxxx
tb_a7ng_ddr_cue_soa.gen_mem[0].u_comp_ddr3.data_task: at time 35215966.0 ps INFO: READ @ DQS= bank = 0 row = 0000 col = 0000000c data = xxxx
tb_a7ng_ddr_cue_soa.gen_mem[0].u_comp_ddr3.data_task: at time 35217466.0 ps INFO: READ @ DQS= bank = 0 row = 0000 col = 0000000d data = xxxx
tb_a7ng_ddr_cue_soa.gen_mem[0].u_comp_ddr3.data_task: at time 35218966.0 ps INFO: READ @ DQS= bank = 0 row = 0000 col = 0000000e data = xxxx
tb_a7ng_ddr_cue_soa.gen_mem[0].u_comp_ddr3.data_task: at time 35220466.0 ps INFO: READ @ DQS= bank = 0 row = 0000 col = 0000000f data = xxxx
tb_a7ng_ddr_cue_soa.gen_mem[0].u_comp_ddr3.cmd_task: at time 36756466.0 ps INFO: Read      bank 0 col 000, auto precharge 0
tb_a7ng_ddr_cue_soa.gen_mem[0].u_comp_ddr3.cmd_task: at time 36768466.0 ps INFO: Read      bank 0 col 008, auto precharge 0
tb_a7ng_ddr_cue_soa.gen_mem[0].u_comp_ddr3.data_task: at time 36769966.0 ps INFO: READ @ DQS= bank = 0 row = 0000 col = 00000000 data = xxxx
tb_a7ng_ddr_cue_soa.gen_mem[0].u_comp_ddr3.data_task: at time 36771466.0 ps INFO: READ @ DQS= bank = 0 row = 0000 col = 00000001 data = xxxx
tb_a7ng_ddr_cue_soa.gen_mem[0].u_comp_ddr3.data_task: at time 36772966.0 ps INFO: READ @ DQS= bank = 0 row = 0000 col = 00000002 data = xxxx
tb_a7ng_ddr_cue_soa.gen_mem[0].u_comp_ddr3.data_task: at time 36774466.0 ps INFO: READ @ DQS= bank = 0 row = 0000 col = 00000003 data = xxxx
tb_a7ng_ddr_cue_soa.gen_mem[0].u_comp_ddr3.data_task: at time 36775966.0 ps INFO: READ @ DQS= bank = 0 row = 0000 col = 00000004 data = xxxx
tb_a7ng_ddr_cue_soa.gen_mem[0].u_comp_ddr3.data_task: at time 36777466.0 ps INFO: READ @ DQS= bank = 0 row = 0000 col = 00000005 data = xxxx
tb_a7ng_ddr_cue_soa.gen_mem[0].u_comp_ddr3.data_task: at time 36778966.0 ps INFO: READ @ DQS= bank = 0 row = 0000 col = 00000006 data = xxxx
tb_a7ng_ddr_cue_soa.gen_mem[0].u_comp_ddr3.data_task: at time 36780466.0 ps INFO: READ @ DQS= bank = 0 row = 0000 col = 00000007 data = xxxx
tb_a7ng_ddr_cue_soa.gen_mem[0].u_comp_ddr3.cmd_task: at time 36780466.0 ps INFO: Read      bank 0 col 000, auto precharge 0
tb_a7ng_ddr_cue_soa.gen_mem[0].u_comp_ddr3.data_task: at time 36781966.0 ps INFO: READ @ DQS= bank = 0 row = 0000 col = 00000008 data = xxxx
tb_a7ng_ddr_cue_soa.gen_mem[0].u_comp_ddr3.data_task: at time 36783466.0 ps INFO: READ @ DQS= bank = 0 row = 0000 col = 00000009 data = xxxx
tb_a7ng_ddr_cue_soa.gen_mem[0].u_comp_ddr3.data_task: at time 36784966.0 ps INFO: READ @ DQS= bank = 0 row = 0000 col = 0000000a data = xxxx
tb_a7ng_ddr_cue_soa.gen_mem[0].u_comp_ddr3.data_task: at time 36786466.0 ps INFO: READ @ DQS= bank = 0 row = 0000 col = 0000000b data = xxxx
tb_a7ng_ddr_cue_soa.gen_mem[0].u_comp_ddr3.data_task: at time 36787966.0 ps INFO: READ @ DQS= bank = 0 row = 0000 col = 0000000c data = xxxx
tb_a7ng_ddr_cue_soa.gen_mem[0].u_comp_ddr3.data_task: at time 36789466.0 ps INFO: READ @ DQS= bank = 0 row = 0000 col = 0000000d data = xxxx
tb_a7ng_ddr_cue_soa.gen_mem[0].u_comp_ddr3.data_task: at time 36790966.0 ps INFO: READ @ DQS= bank = 0 row = 0000 col = 0000000e data = xxxx
tb_a7ng_ddr_cue_soa.gen_mem[0].u_comp_ddr3.data_task: at time 36792466.0 ps INFO: READ @ DQS= bank = 0 row = 0000 col = 0000000f data = xxxx
tb_a7ng_ddr_cue_soa.gen_mem[0].u_comp_ddr3.cmd_task: at time 36792466.0 ps INFO: Read      bank 0 col 008, auto precharge 0
tb_a7ng_ddr_cue_soa.gen_mem[0].u_comp_ddr3.data_task: at time 36793966.0 ps INFO: READ @ DQS= bank = 0 row = 0000 col = 00000000 data = xxxx
tb_a7ng_ddr_cue_soa.gen_mem[0].u_comp_ddr3.data_task: at time 36795466.0 ps INFO: READ @ DQS= bank = 0 row = 0000 col = 00000001 data = xxxx
tb_a7ng_ddr_cue_soa.gen_mem[0].u_comp_ddr3.data_task: at time 36796966.0 ps INFO: READ @ DQS= bank = 0 row = 0000 col = 00000002 data = xxxx
tb_a7ng_ddr_cue_soa.gen_mem[0].u_comp_ddr3.data_task: at time 36798466.0 ps INFO: READ @ DQS= bank = 0 row = 0000 col = 00000003 data = xxxx
tb_a7ng_ddr_cue_soa.gen_mem[0].u_comp_ddr3.data_task: at time 36799966.0 ps INFO: READ @ DQS= bank = 0 row = 0000 col = 00000004 data = xxxx
tb_a7ng_ddr_cue_soa.gen_mem[0].u_comp_ddr3.data_task: at time 36801466.0 ps INFO: READ @ DQS= bank = 0 row = 0000 col = 00000005 data = xxxx
tb_a7ng_ddr_cue_soa.gen_mem[0].u_comp_ddr3.data_task: at time 36802966.0 ps INFO: READ @ DQS= bank = 0 row = 0000 col = 00000006 data = xxxx
tb_a7ng_ddr_cue_soa.gen_mem[0].u_comp_ddr3.data_task: at time 36804466.0 ps INFO: READ @ DQS= bank = 0 row = 0000 col = 00000007 data = xxxx
tb_a7ng_ddr_cue_soa.gen_mem[0].u_comp_ddr3.data_task: at time 36805966.0 ps INFO: READ @ DQS= bank = 0 row = 0000 col = 00000008 data = xxxx
tb_a7ng_ddr_cue_soa.gen_mem[0].u_comp_ddr3.data_task: at time 36807466.0 ps INFO: READ @ DQS= bank = 0 row = 0000 col = 00000009 data = xxxx
tb_a7ng_ddr_cue_soa.gen_mem[0].u_comp_ddr3.data_task: at time 36808966.0 ps INFO: READ @ DQS= bank = 0 row = 0000 col = 0000000a data = xxxx
tb_a7ng_ddr_cue_soa.gen_mem[0].u_comp_ddr3.data_task: at time 36810466.0 ps INFO: READ @ DQS= bank = 0 row = 0000 col = 0000000b data = xxxx
tb_a7ng_ddr_cue_soa.gen_mem[0].u_comp_ddr3.data_task: at time 36811966.0 ps INFO: READ @ DQS= bank = 0 row = 0000 col = 0000000c data = xxxx
tb_a7ng_ddr_cue_soa.gen_mem[0].u_comp_ddr3.data_task: at time 36813466.0 ps INFO: READ @ DQS= bank = 0 row = 0000 col = 0000000d data = xxxx
tb_a7ng_ddr_cue_soa.gen_mem[0].u_comp_ddr3.data_task: at time 36814966.0 ps INFO: READ @ DQS= bank = 0 row = 0000 col = 0000000e data = xxxx
tb_a7ng_ddr_cue_soa.gen_mem[0].u_comp_ddr3.data_task: at time 36816466.0 ps INFO: READ @ DQS= bank = 0 row = 0000 col = 0000000f data = xxxx
tb_a7ng_ddr_cue_soa.gen_mem[0].u_comp_ddr3.cmd_task: at time 38352466.0 ps INFO: Read      bank 0 col 000, auto precharge 0
tb_a7ng_ddr_cue_soa.gen_mem[0].u_comp_ddr3.cmd_task: at time 38364466.0 ps INFO: Read      bank 0 col 008, auto precharge 0
tb_a7ng_ddr_cue_soa.gen_mem[0].u_comp_ddr3.data_task: at time 38365966.0 ps INFO: READ @ DQS= bank = 0 row = 0000 col = 00000000 data = xxxx
tb_a7ng_ddr_cue_soa.gen_mem[0].u_comp_ddr3.data_task: at time 38367466.0 ps INFO: READ @ DQS= bank = 0 row = 0000 col = 00000001 data = xxxx
tb_a7ng_ddr_cue_soa.gen_mem[0].u_comp_ddr3.data_task: at time 38368966.0 ps INFO: READ @ DQS= bank = 0 row = 0000 col = 00000002 data = xxxx
tb_a7ng_ddr_cue_soa.gen_mem[0].u_comp_ddr3.data_task: at time 38370466.0 ps INFO: READ @ DQS= bank = 0 row = 0000 col = 00000003 data = xxxx
tb_a7ng_ddr_cue_soa.gen_mem[0].u_comp_ddr3.data_task: at time 38371966.0 ps INFO: READ @ DQS= bank = 0 row = 0000 col = 00000004 data = xxxx
tb_a7ng_ddr_cue_soa.gen_mem[0].u_comp_ddr3.data_task: at time 38373466.0 ps INFO: READ @ DQS= bank = 0 row = 0000 col = 00000005 data = xxxx
tb_a7ng_ddr_cue_soa.gen_mem[0].u_comp_ddr3.data_task: at time 38374966.0 ps INFO: READ @ DQS= bank = 0 row = 0000 col = 00000006 data = xxxx
tb_a7ng_ddr_cue_soa.gen_mem[0].u_comp_ddr3.data_task: at time 38376466.0 ps INFO: READ @ DQS= bank = 0 row = 0000 col = 00000007 data = xxxx
tb_a7ng_ddr_cue_soa.gen_mem[0].u_comp_ddr3.cmd_task: at time 38376466.0 ps INFO: Read      bank 0 col 000, auto precharge 0
tb_a7ng_ddr_cue_soa.gen_mem[0].u_comp_ddr3.data_task: at time 38377966.0 ps INFO: READ @ DQS= bank = 0 row = 0000 col = 00000008 data = xxxx
tb_a7ng_ddr_cue_soa.gen_mem[0].u_comp_ddr3.data_task: at time 38379466.0 ps INFO: READ @ DQS= bank = 0 row = 0000 col = 00000009 data = xxxx
tb_a7ng_ddr_cue_soa.gen_mem[0].u_comp_ddr3.data_task: at time 38380966.0 ps INFO: READ @ DQS= bank = 0 row = 0000 col = 0000000a data = xxxx
tb_a7ng_ddr_cue_soa.gen_mem[0].u_comp_ddr3.data_task: at time 38382466.0 ps INFO: READ @ DQS= bank = 0 row = 0000 col = 0000000b data = xxxx
tb_a7ng_ddr_cue_soa.gen_mem[0].u_comp_ddr3.data_task: at time 38383966.0 ps INFO: READ @ DQS= bank = 0 row = 0000 col = 0000000c data = xxxx
tb_a7ng_ddr_cue_soa.gen_mem[0].u_comp_ddr3.data_task: at time 38385466.0 ps INFO: READ @ DQS= bank = 0 row = 0000 col = 0000000d data = xxxx
tb_a7ng_ddr_cue_soa.gen_mem[0].u_comp_ddr3.data_task: at time 38386966.0 ps INFO: READ @ DQS= bank = 0 row = 0000 col = 0000000e data = xxxx
tb_a7ng_ddr_cue_soa.gen_mem[0].u_comp_ddr3.data_task: at time 38388466.0 ps INFO: READ @ DQS= bank = 0 row = 0000 col = 0000000f data = xxxx
tb_a7ng_ddr_cue_soa.gen_mem[0].u_comp_ddr3.cmd_task: at time 38388466.0 ps INFO: Read      bank 0 col 008, auto precharge 0
tb_a7ng_ddr_cue_soa.gen_mem[0].u_comp_ddr3.data_task: at time 38389966.0 ps INFO: READ @ DQS= bank = 0 row = 0000 col = 00000000 data = xxxx
tb_a7ng_ddr_cue_soa.gen_mem[0].u_comp_ddr3.data_task: at time 38391466.0 ps INFO: READ @ DQS= bank = 0 row = 0000 col = 00000001 data = xxxx
tb_a7ng_ddr_cue_soa.gen_mem[0].u_comp_ddr3.data_task: at time 38392966.0 ps INFO: READ @ DQS= bank = 0 row = 0000 col = 00000002 data = xxxx
tb_a7ng_ddr_cue_soa.gen_mem[0].u_comp_ddr3.data_task: at time 38394466.0 ps INFO: READ @ DQS= bank = 0 row = 0000 col = 00000003 data = xxxx
tb_a7ng_ddr_cue_soa.gen_mem[0].u_comp_ddr3.data_task: at time 38395966.0 ps INFO: READ @ DQS= bank = 0 row = 0000 col = 00000004 data = xxxx
tb_a7ng_ddr_cue_soa.gen_mem[0].u_comp_ddr3.data_task: at time 38397466.0 ps INFO: READ @ DQS= bank = 0 row = 0000 col = 00000005 data = xxxx
tb_a7ng_ddr_cue_soa.gen_mem[0].u_comp_ddr3.data_task: at time 38398966.0 ps INFO: READ @ DQS= bank = 0 row = 0000 col = 00000006 data = xxxx
tb_a7ng_ddr_cue_soa.gen_mem[0].u_comp_ddr3.data_task: at time 38400466.0 ps INFO: READ @ DQS= bank = 0 row = 0000 col = 00000007 data = xxxx
tb_a7ng_ddr_cue_soa.gen_mem[0].u_comp_ddr3.data_task: at time 38401966.0 ps INFO: READ @ DQS= bank = 0 row = 0000 col = 00000008 data = xxxx
tb_a7ng_ddr_cue_soa.gen_mem[0].u_comp_ddr3.data_task: at time 38403466.0 ps INFO: READ @ DQS= bank = 0 row = 0000 col = 00000009 data = xxxx
tb_a7ng_ddr_cue_soa.gen_mem[0].u_comp_ddr3.data_task: at time 38404966.0 ps INFO: READ @ DQS= bank = 0 row = 0000 col = 0000000a data = xxxx
tb_a7ng_ddr_cue_soa.gen_mem[0].u_comp_ddr3.data_task: at time 38406466.0 ps INFO: READ @ DQS= bank = 0 row = 0000 col = 0000000b data = xxxx
tb_a7ng_ddr_cue_soa.gen_mem[0].u_comp_ddr3.data_task: at time 38407966.0 ps INFO: READ @ DQS= bank = 0 row = 0000 col = 0000000c data = xxxx
tb_a7ng_ddr_cue_soa.gen_mem[0].u_comp_ddr3.data_task: at time 38409466.0 ps INFO: READ @ DQS= bank = 0 row = 0000 col = 0000000d data = xxxx
tb_a7ng_ddr_cue_soa.gen_mem[0].u_comp_ddr3.data_task: at time 38410966.0 ps INFO: READ @ DQS= bank = 0 row = 0000 col = 0000000e data = xxxx
tb_a7ng_ddr_cue_soa.gen_mem[0].u_comp_ddr3.data_task: at time 38412466.0 ps INFO: READ @ DQS= bank = 0 row = 0000 col = 0000000f data = xxxx
tb_a7ng_ddr_cue_soa.gen_mem[0].u_comp_ddr3.cmd_task: at time 39948466.0 ps INFO: Read      bank 0 col 000, auto precharge 0
tb_a7ng_ddr_cue_soa.gen_mem[0].u_comp_ddr3.cmd_task: at time 39960466.0 ps INFO: Read      bank 0 col 008, auto precharge 0
tb_a7ng_ddr_cue_soa.gen_mem[0].u_comp_ddr3.data_task: at time 39961966.0 ps INFO: READ @ DQS= bank = 0 row = 0000 col = 00000000 data = xxxx
tb_a7ng_ddr_cue_soa.gen_mem[0].u_comp_ddr3.data_task: at time 39963466.0 ps INFO: READ @ DQS= bank = 0 row = 0000 col = 00000001 data = xxxx
tb_a7ng_ddr_cue_soa.gen_mem[0].u_comp_ddr3.data_task: at time 39964966.0 ps INFO: READ @ DQS= bank = 0 row = 0000 col = 00000002 data = xxxx
tb_a7ng_ddr_cue_soa.gen_mem[0].u_comp_ddr3.data_task: at time 39966466.0 ps INFO: READ @ DQS= bank = 0 row = 0000 col = 00000003 data = xxxx
tb_a7ng_ddr_cue_soa.gen_mem[0].u_comp_ddr3.data_task: at time 39967966.0 ps INFO: READ @ DQS= bank = 0 row = 0000 col = 00000004 data = xxxx
tb_a7ng_ddr_cue_soa.gen_mem[0].u_comp_ddr3.data_task: at time 39969466.0 ps INFO: READ @ DQS= bank = 0 row = 0000 col = 00000005 data = xxxx
tb_a7ng_ddr_cue_soa.gen_mem[0].u_comp_ddr3.data_task: at time 39970966.0 ps INFO: READ @ DQS= bank = 0 row = 0000 col = 00000006 data = xxxx
tb_a7ng_ddr_cue_soa.gen_mem[0].u_comp_ddr3.data_task: at time 39972466.0 ps INFO: READ @ DQS= bank = 0 row = 0000 col = 00000007 data = xxxx
tb_a7ng_ddr_cue_soa.gen_mem[0].u_comp_ddr3.cmd_task: at time 39972466.0 ps INFO: Read      bank 0 col 000, auto precharge 0
tb_a7ng_ddr_cue_soa.gen_mem[0].u_comp_ddr3.data_task: at time 39973966.0 ps INFO: READ @ DQS= bank = 0 row = 0000 col = 00000008 data = xxxx
tb_a7ng_ddr_cue_soa.gen_mem[0].u_comp_ddr3.data_task: at time 39975466.0 ps INFO: READ @ DQS= bank = 0 row = 0000 col = 00000009 data = xxxx
tb_a7ng_ddr_cue_soa.gen_mem[0].u_comp_ddr3.data_task: at time 39976966.0 ps INFO: READ @ DQS= bank = 0 row = 0000 col = 0000000a data = xxxx
tb_a7ng_ddr_cue_soa.gen_mem[0].u_comp_ddr3.data_task: at time 39978466.0 ps INFO: READ @ DQS= bank = 0 row = 0000 col = 0000000b data = xxxx
tb_a7ng_ddr_cue_soa.gen_mem[0].u_comp_ddr3.data_task: at time 39979966.0 ps INFO: READ @ DQS= bank = 0 row = 0000 col = 0000000c data = xxxx
tb_a7ng_ddr_cue_soa.gen_mem[0].u_comp_ddr3.data_task: at time 39981466.0 ps INFO: READ @ DQS= bank = 0 row = 0000 col = 0000000d data = xxxx
tb_a7ng_ddr_cue_soa.gen_mem[0].u_comp_ddr3.data_task: at time 39982966.0 ps INFO: READ @ DQS= bank = 0 row = 0000 col = 0000000e data = xxxx
tb_a7ng_ddr_cue_soa.gen_mem[0].u_comp_ddr3.data_task: at time 39984466.0 ps INFO: READ @ DQS= bank = 0 row = 0000 col = 0000000f data = xxxx
tb_a7ng_ddr_cue_soa.gen_mem[0].u_comp_ddr3.cmd_task: at time 39984466.0 ps INFO: Read      bank 0 col 008, auto precharge 0
tb_a7ng_ddr_cue_soa.gen_mem[0].u_comp_ddr3.data_task: at time 39985966.0 ps INFO: READ @ DQS= bank = 0 row = 0000 col = 00000000 data = xxxx
tb_a7ng_ddr_cue_soa.gen_mem[0].u_comp_ddr3.data_task: at time 39987466.0 ps INFO: READ @ DQS= bank = 0 row = 0000 col = 00000001 data = xxxx
tb_a7ng_ddr_cue_soa.gen_mem[0].u_comp_ddr3.data_task: at time 39988966.0 ps INFO: READ @ DQS= bank = 0 row = 0000 col = 00000002 data = xxxx
tb_a7ng_ddr_cue_soa.gen_mem[0].u_comp_ddr3.data_task: at time 39990466.0 ps INFO: READ @ DQS= bank = 0 row = 0000 col = 00000003 data = xxxx
tb_a7ng_ddr_cue_soa.gen_mem[0].u_comp_ddr3.data_task: at time 39991966.0 ps INFO: READ @ DQS= bank = 0 row = 0000 col = 00000004 data = xxxx
tb_a7ng_ddr_cue_soa.gen_mem[0].u_comp_ddr3.data_task: at time 39993466.0 ps INFO: READ @ DQS= bank = 0 row = 0000 col = 00000005 data = xxxx
tb_a7ng_ddr_cue_soa.gen_mem[0].u_comp_ddr3.data_task: at time 39994966.0 ps INFO: READ @ DQS= bank = 0 row = 0000 col = 00000006 data = xxxx
tb_a7ng_ddr_cue_soa.gen_mem[0].u_comp_ddr3.data_task: at time 39996466.0 ps INFO: READ @ DQS= bank = 0 row = 0000 col = 00000007 data = xxxx
tb_a7ng_ddr_cue_soa.gen_mem[0].u_comp_ddr3.data_task: at time 39997966.0 ps INFO: READ @ DQS= bank = 0 row = 0000 col = 00000008 data = xxxx
tb_a7ng_ddr_cue_soa.gen_mem[0].u_comp_ddr3.data_task: at time 39999466.0 ps INFO: READ @ DQS= bank = 0 row = 0000 col = 00000009 data = xxxx
tb_a7ng_ddr_cue_soa.gen_mem[0].u_comp_ddr3.data_task: at time 40000966.0 ps INFO: READ @ DQS= bank = 0 row = 0000 col = 0000000a data = xxxx
tb_a7ng_ddr_cue_soa.gen_mem[0].u_comp_ddr3.data_task: at time 40002466.0 ps INFO: READ @ DQS= bank = 0 row = 0000 col = 0000000b data = xxxx
tb_a7ng_ddr_cue_soa.gen_mem[0].u_comp_ddr3.data_task: at time 40003966.0 ps INFO: READ @ DQS= bank = 0 row = 0000 col = 0000000c data = xxxx
tb_a7ng_ddr_cue_soa.gen_mem[0].u_comp_ddr3.data_task: at time 40005466.0 ps INFO: READ @ DQS= bank = 0 row = 0000 col = 0000000d data = xxxx
tb_a7ng_ddr_cue_soa.gen_mem[0].u_comp_ddr3.data_task: at time 40006966.0 ps INFO: READ @ DQS= bank = 0 row = 0000 col = 0000000e data = xxxx
tb_a7ng_ddr_cue_soa.gen_mem[0].u_comp_ddr3.data_task: at time 40008466.0 ps INFO: READ @ DQS= bank = 0 row = 0000 col = 0000000f data = xxxx
tb_a7ng_ddr_cue_soa.gen_mem[0].u_comp_ddr3.cmd_task: at time 41544466.0 ps INFO: Read      bank 0 col 000, auto precharge 0
tb_a7ng_ddr_cue_soa.gen_mem[0].u_comp_ddr3.cmd_task: at time 41556466.0 ps INFO: Read      bank 0 col 008, auto precharge 0
tb_a7ng_ddr_cue_soa.gen_mem[0].u_comp_ddr3.data_task: at time 41557966.0 ps INFO: READ @ DQS= bank = 0 row = 0000 col = 00000000 data = xxxx
tb_a7ng_ddr_cue_soa.gen_mem[0].u_comp_ddr3.data_task: at time 41559466.0 ps INFO: READ @ DQS= bank = 0 row = 0000 col = 00000001 data = xxxx
tb_a7ng_ddr_cue_soa.gen_mem[0].u_comp_ddr3.data_task: at time 41560966.0 ps INFO: READ @ DQS= bank = 0 row = 0000 col = 00000002 data = xxxx
tb_a7ng_ddr_cue_soa.gen_mem[0].u_comp_ddr3.data_task: at time 41562466.0 ps INFO: READ @ DQS= bank = 0 row = 0000 col = 00000003 data = xxxx
tb_a7ng_ddr_cue_soa.gen_mem[0].u_comp_ddr3.data_task: at time 41563966.0 ps INFO: READ @ DQS= bank = 0 row = 0000 col = 00000004 data = xxxx
tb_a7ng_ddr_cue_soa.gen_mem[0].u_comp_ddr3.data_task: at time 41565466.0 ps INFO: READ @ DQS= bank = 0 row = 0000 col = 00000005 data = xxxx
tb_a7ng_ddr_cue_soa.gen_mem[0].u_comp_ddr3.data_task: at time 41566966.0 ps INFO: READ @ DQS= bank = 0 row = 0000 col = 00000006 data = xxxx
tb_a7ng_ddr_cue_soa.gen_mem[0].u_comp_ddr3.data_task: at time 41568466.0 ps INFO: READ @ DQS= bank = 0 row = 0000 col = 00000007 data = xxxx
tb_a7ng_ddr_cue_soa.gen_mem[0].u_comp_ddr3.cmd_task: at time 41568466.0 ps INFO: Read      bank 0 col 000, auto precharge 0
tb_a7ng_ddr_cue_soa.gen_mem[0].u_comp_ddr3.data_task: at time 41569966.0 ps INFO: READ @ DQS= bank = 0 row = 0000 col = 00000008 data = xxxx
tb_a7ng_ddr_cue_soa.gen_mem[0].u_comp_ddr3.data_task: at time 41571466.0 ps INFO: READ @ DQS= bank = 0 row = 0000 col = 00000009 data = xxxx
tb_a7ng_ddr_cue_soa.gen_mem[0].u_comp_ddr3.data_task: at time 41572966.0 ps INFO: READ @ DQS= bank = 0 row = 0000 col = 0000000a data = xxxx
tb_a7ng_ddr_cue_soa.gen_mem[0].u_comp_ddr3.data_task: at time 41574466.0 ps INFO: READ @ DQS= bank = 0 row = 0000 col = 0000000b data = xxxx
tb_a7ng_ddr_cue_soa.gen_mem[0].u_comp_ddr3.data_task: at time 41575966.0 ps INFO: READ @ DQS= bank = 0 row = 0000 col = 0000000c data = xxxx
tb_a7ng_ddr_cue_soa.gen_mem[0].u_comp_ddr3.data_task: at time 41577466.0 ps INFO: READ @ DQS= bank = 0 row = 0000 col = 0000000d data = xxxx
tb_a7ng_ddr_cue_soa.gen_mem[0].u_comp_ddr3.data_task: at time 41578966.0 ps INFO: READ @ DQS= bank = 0 row = 0000 col = 0000000e data = xxxx
tb_a7ng_ddr_cue_soa.gen_mem[0].u_comp_ddr3.data_task: at time 41580466.0 ps INFO: READ @ DQS= bank = 0 row = 0000 col = 0000000f data = xxxx
tb_a7ng_ddr_cue_soa.gen_mem[0].u_comp_ddr3.cmd_task: at time 41580466.0 ps INFO: Read      bank 0 col 008, auto precharge 0
tb_a7ng_ddr_cue_soa.gen_mem[0].u_comp_ddr3.data_task: at time 41581966.0 ps INFO: READ @ DQS= bank = 0 row = 0000 col = 00000000 data = xxxx
tb_a7ng_ddr_cue_soa.gen_mem[0].u_comp_ddr3.data_task: at time 41583466.0 ps INFO: READ @ DQS= bank = 0 row = 0000 col = 00000001 data = xxxx
tb_a7ng_ddr_cue_soa.gen_mem[0].u_comp_ddr3.data_task: at time 41584966.0 ps INFO: READ @ DQS= bank = 0 row = 0000 col = 00000002 data = xxxx
tb_a7ng_ddr_cue_soa.gen_mem[0].u_comp_ddr3.data_task: at time 41586466.0 ps INFO: READ @ DQS= bank = 0 row = 0000 col = 00000003 data = xxxx
tb_a7ng_ddr_cue_soa.gen_mem[0].u_comp_ddr3.data_task: at time 41587966.0 ps INFO: READ @ DQS= bank = 0 row = 0000 col = 00000004 data = xxxx
tb_a7ng_ddr_cue_soa.gen_mem[0].u_comp_ddr3.data_task: at time 41589466.0 ps INFO: READ @ DQS= bank = 0 row = 0000 col = 00000005 data = xxxx
tb_a7ng_ddr_cue_soa.gen_mem[0].u_comp_ddr3.data_task: at time 41590966.0 ps INFO: READ @ DQS= bank = 0 row = 0000 col = 00000006 data = xxxx
tb_a7ng_ddr_cue_soa.gen_mem[0].u_comp_ddr3.data_task: at time 41592466.0 ps INFO: READ @ DQS= bank = 0 row = 0000 col = 00000007 data = xxxx
tb_a7ng_ddr_cue_soa.gen_mem[0].u_comp_ddr3.data_task: at time 41593966.0 ps INFO: READ @ DQS= bank = 0 row = 0000 col = 00000008 data = xxxx
tb_a7ng_ddr_cue_soa.gen_mem[0].u_comp_ddr3.data_task: at time 41595466.0 ps INFO: READ @ DQS= bank = 0 row = 0000 col = 00000009 data = xxxx
tb_a7ng_ddr_cue_soa.gen_mem[0].u_comp_ddr3.data_task: at time 41596966.0 ps INFO: READ @ DQS= bank = 0 row = 0000 col = 0000000a data = xxxx
tb_a7ng_ddr_cue_soa.gen_mem[0].u_comp_ddr3.data_task: at time 41598466.0 ps INFO: READ @ DQS= bank = 0 row = 0000 col = 0000000b data = xxxx
tb_a7ng_ddr_cue_soa.gen_mem[0].u_comp_ddr3.data_task: at time 41599966.0 ps INFO: READ @ DQS= bank = 0 row = 0000 col = 0000000c data = xxxx
tb_a7ng_ddr_cue_soa.gen_mem[0].u_comp_ddr3.data_task: at time 41601466.0 ps INFO: READ @ DQS= bank = 0 row = 0000 col = 0000000d data = xxxx
tb_a7ng_ddr_cue_soa.gen_mem[0].u_comp_ddr3.data_task: at time 41602966.0 ps INFO: READ @ DQS= bank = 0 row = 0000 col = 0000000e data = xxxx
tb_a7ng_ddr_cue_soa.gen_mem[0].u_comp_ddr3.data_task: at time 41604466.0 ps INFO: READ @ DQS= bank = 0 row = 0000 col = 0000000f data = xxxx
PHY_INIT: Phaser_In DQSFOUND completed at 41714725.0 ps
tb_a7ng_ddr_cue_soa.gen_mem[0].u_comp_ddr3.cmd_task: at time 43140466.0 ps INFO: Precharge All
tb_a7ng_ddr_cue_soa.gen_mem[0].u_comp_ddr3.cmd_task: at time 43140466.0 ps INFO: Precharge bank   0
tb_a7ng_ddr_cue_soa.gen_mem[0].u_comp_ddr3.cmd_task: at time 44700466.0 ps INFO: Refresh  
tb_a7ng_ddr_cue_soa.gen_mem[0].u_comp_ddr3.cmd_task: at time 46260466.0 ps INFO: Load Mode 1
tb_a7ng_ddr_cue_soa.gen_mem[0].u_comp_ddr3.cmd_task: at time 46260466.0 ps INFO: Load Mode 1 DLL Enable = Enabled
tb_a7ng_ddr_cue_soa.gen_mem[0].u_comp_ddr3.cmd_task: at time 46260466.0 ps INFO: Load Mode 1 Output Drive Strength =          40 Ohm
tb_a7ng_ddr_cue_soa.gen_mem[0].u_comp_ddr3.cmd_task: at time 46260466.0 ps INFO: Load Mode 1 ODT Rtt =          40 Ohm
tb_a7ng_ddr_cue_soa.gen_mem[0].u_comp_ddr3.cmd_task: at time 46260466.0 ps INFO: Load Mode 1 Additive Latency = 0
tb_a7ng_ddr_cue_soa.gen_mem[0].u_comp_ddr3.cmd_task: at time 46260466.0 ps INFO: Load Mode 1 Write Levelization = Enabled
tb_a7ng_ddr_cue_soa.gen_mem[0].u_comp_ddr3.cmd_task: at time 46260466.0 ps INFO: Load Mode 1 TDQS Enable = Disabled
tb_a7ng_ddr_cue_soa.gen_mem[0].u_comp_ddr3.cmd_task: at time 46260466.0 ps INFO: Load Mode 1 Qoff = Enabled
tb_a7ng_ddr_cue_soa.gen_mem[0].u_comp_ddr3.main: at time 46422466.0 ps INFO: Sync On Die Termination Rtt_NOM =         40 Ohm
tb_a7ng_ddr_cue_soa.gen_mem[0].u_comp_ddr3.dqs_pos_timing_check: at time 46739136.0 ps WARNING: tWLS violation on DQS bit  0 positive edge.  Indeterminate CK capture is possible.
tb_a7ng_ddr_cue_soa.gen_mem[0].u_comp_ddr3.dqs_pos_timing_check: at time 46739136.0 ps Write Leveling @ DQS ck = 0
tb_a7ng_ddr_cue_soa.gen_mem[0].u_comp_ddr3.dqs_pos_timing_check: at time 46739136.0 ps WARNING: tWLS violation on DQS bit  1 positive edge.  Indeterminate CK capture is possible.
tb_a7ng_ddr_cue_soa.gen_mem[0].u_comp_ddr3.dqs_pos_timing_check: at time 46739136.0 ps Write Leveling @ DQS ck = 0
tb_a7ng_ddr_cue_soa.gen_mem[0].u_comp_ddr3.dqs_pos_timing_check: at time 46742136.0 ps WARNING: tWLS violation on DQS bit  0 positive edge.  Indeterminate CK capture is possible.
tb_a7ng_ddr_cue_soa.gen_mem[0].u_comp_ddr3.dqs_pos_timing_check: at time 46742136.0 ps Write Leveling @ DQS ck = 0
tb_a7ng_ddr_cue_soa.gen_mem[0].u_comp_ddr3.dqs_pos_timing_check: at time 46742136.0 ps WARNING: tWLS violation on DQS bit  1 positive edge.  Indeterminate CK capture is possible.
tb_a7ng_ddr_cue_soa.gen_mem[0].u_comp_ddr3.dqs_pos_timing_check: at time 46742136.0 ps Write Leveling @ DQS ck = 0
tb_a7ng_ddr_cue_soa.gen_mem[0].u_comp_ddr3.dqs_pos_timing_check: at time 46745136.0 ps WARNING: tWLS violation on DQS bit  0 positive edge.  Indeterminate CK capture is possible.
tb_a7ng_ddr_cue_soa.gen_mem[0].u_comp_ddr3.dqs_pos_timing_check: at time 46745136.0 ps Write Leveling @ DQS ck = 0
tb_a7ng_ddr_cue_soa.gen_mem[0].u_comp_ddr3.dqs_pos_timing_check: at time 46745136.0 ps WARNING: tWLS violation on DQS bit  1 positive edge.  Indeterminate CK capture is possible.
tb_a7ng_ddr_cue_soa.gen_mem[0].u_comp_ddr3.dqs_pos_timing_check: at time 46745136.0 ps Write Leveling @ DQS ck = 0
tb_a7ng_ddr_cue_soa.gen_mem[0].u_comp_ddr3.dqs_pos_timing_check: at time 46748136.0 ps WARNING: tWLS violation on DQS bit  0 positive edge.  Indeterminate CK capture is possible.
tb_a7ng_ddr_cue_soa.gen_mem[0].u_comp_ddr3.dqs_pos_timing_check: at time 46748136.0 ps Write Leveling @ DQS ck = 0
tb_a7ng_ddr_cue_soa.gen_mem[0].u_comp_ddr3.dqs_pos_timing_check: at time 46748136.0 ps WARNING: tWLS violation on DQS bit  1 positive edge.  Indeterminate CK capture is possible.
tb_a7ng_ddr_cue_soa.gen_mem[0].u_comp_ddr3.dqs_pos_timing_check: at time 46748136.0 ps Write Leveling @ DQS ck = 0
tb_a7ng_ddr_cue_soa.gen_mem[0].u_comp_ddr3.dqs_pos_timing_check: at time 46751136.0 ps WARNING: tWLS violation on DQS bit  0 positive edge.  Indeterminate CK capture is possible.
tb_a7ng_ddr_cue_soa.gen_mem[0].u_comp_ddr3.dqs_pos_timing_check: at time 46751136.0 ps Write Leveling @ DQS ck = 0
tb_a7ng_ddr_cue_soa.gen_mem[0].u_comp_ddr3.dqs_pos_timing_check: at time 46751136.0 ps WARNING: tWLS violation on DQS bit  1 positive edge.  Indeterminate CK capture is possible.
tb_a7ng_ddr_cue_soa.gen_mem[0].u_comp_ddr3.dqs_pos_timing_check: at time 46751136.0 ps Write Leveling @ DQS ck = 0
tb_a7ng_ddr_cue_soa.gen_mem[0].u_comp_ddr3.dqs_pos_timing_check: at time 46895136.0 ps WARNING: tWLS violation on DQS bit  0 positive edge.  Indeterminate CK capture is possible.
tb_a7ng_ddr_cue_soa.gen_mem[0].u_comp_ddr3.dqs_pos_timing_check: at time 46895136.0 ps Write Leveling @ DQS ck = 0
tb_a7ng_ddr_cue_soa.gen_mem[0].u_comp_ddr3.dqs_pos_timing_check: at time 46895136.0 ps WARNING: tWLS violation on DQS bit  1 positive edge.  Indeterminate CK capture is possible.
tb_a7ng_ddr_cue_soa.gen_mem[0].u_comp_ddr3.dqs_pos_timing_check: at time 46895136.0 ps Write Leveling @ DQS ck = 0
tb_a7ng_ddr_cue_soa.gen_mem[0].u_comp_ddr3.dqs_pos_timing_check: at time 46898136.0 ps WARNING: tWLS violation on DQS bit  0 positive edge.  Indeterminate CK capture is possible.
tb_a7ng_ddr_cue_soa.gen_mem[0].u_comp_ddr3.dqs_pos_timing_check: at time 46898136.0 ps Write Leveling @ DQS ck = 0
tb_a7ng_ddr_cue_soa.gen_mem[0].u_comp_ddr3.dqs_pos_timing_check: at time 46898136.0 ps WARNING: tWLS violation on DQS bit  1 positive edge.  Indeterminate CK capture is possible.
tb_a7ng_ddr_cue_soa.gen_mem[0].u_comp_ddr3.dqs_pos_timing_check: at time 46898136.0 ps Write Leveling @ DQS ck = 0
tb_a7ng_ddr_cue_soa.gen_mem[0].u_comp_ddr3.dqs_pos_timing_check: at time 46901136.0 ps WARNING: tWLS violation on DQS bit  0 positive edge.  Indeterminate CK capture is possible.
tb_a7ng_ddr_cue_soa.gen_mem[0].u_comp_ddr3.dqs_pos_timing_check: at time 46901136.0 ps Write Leveling @ DQS ck = 0
tb_a7ng_ddr_cue_soa.gen_mem[0].u_comp_ddr3.dqs_pos_timing_check: at time 46901136.0 ps WARNING: tWLS violation on DQS bit  1 positive edge.  Indeterminate CK capture is possible.
tb_a7ng_ddr_cue_soa.gen_mem[0].u_comp_ddr3.dqs_pos_timing_check: at time 46901136.0 ps Write Leveling @ DQS ck = 0
tb_a7ng_ddr_cue_soa.gen_mem[0].u_comp_ddr3.dqs_pos_timing_check: at time 46904136.0 ps WARNING: tWLS violation on DQS bit  0 positive edge.  Indeterminate CK capture is possible.
tb_a7ng_ddr_cue_soa.gen_mem[0].u_comp_ddr3.dqs_pos_timing_check: at time 46904136.0 ps Write Leveling @ DQS ck = 0
tb_a7ng_ddr_cue_soa.gen_mem[0].u_comp_ddr3.dqs_pos_timing_check: at time 46904136.0 ps WARNING: tWLS violation on DQS bit  1 positive edge.  Indeterminate CK capture is possible.
tb_a7ng_ddr_cue_soa.gen_mem[0].u_comp_ddr3.dqs_pos_timing_check: at time 46904136.0 ps Write Leveling @ DQS ck = 0
tb_a7ng_ddr_cue_soa.gen_mem[0].u_comp_ddr3.dqs_pos_timing_check: at time 46907136.0 ps WARNING: tWLS violation on DQS bit  0 positive edge.  Indeterminate CK capture is possible.
tb_a7ng_ddr_cue_soa.gen_mem[0].u_comp_ddr3.dqs_pos_timing_check: at time 46907136.0 ps Write Leveling @ DQS ck = 0
tb_a7ng_ddr_cue_soa.gen_mem[0].u_comp_ddr3.dqs_pos_timing_check: at time 46907136.0 ps WARNING: tWLS violation on DQS bit  1 positive edge.  Indeterminate CK capture is possible.
tb_a7ng_ddr_cue_soa.gen_mem[0].u_comp_ddr3.dqs_pos_timing_check: at time 46907136.0 ps Write Leveling @ DQS ck = 0
tb_a7ng_ddr_cue_soa.gen_mem[0].u_comp_ddr3.dqs_pos_timing_check: at time 47051136.0 ps WARNING: tWLS violation on DQS bit  0 positive edge.  Indeterminate CK capture is possible.
tb_a7ng_ddr_cue_soa.gen_mem[0].u_comp_ddr3.dqs_pos_timing_check: at time 47051136.0 ps Write Leveling @ DQS ck = 0
tb_a7ng_ddr_cue_soa.gen_mem[0].u_comp_ddr3.dqs_pos_timing_check: at time 47051136.0 ps WARNING: tWLS violation on DQS bit  1 positive edge.  Indeterminate CK capture is possible.
tb_a7ng_ddr_cue_soa.gen_mem[0].u_comp_ddr3.dqs_pos_timing_check: at time 47051136.0 ps Write Leveling @ DQS ck = 0
tb_a7ng_ddr_cue_soa.gen_mem[0].u_comp_ddr3.dqs_pos_timing_check: at time 47054136.0 ps WARNING: tWLS violation on DQS bit  0 positive edge.  Indeterminate CK capture is possible.
tb_a7ng_ddr_cue_soa.gen_mem[0].u_comp_ddr3.dqs_pos_timing_check: at time 47054136.0 ps Write Leveling @ DQS ck = 0
tb_a7ng_ddr_cue_soa.gen_mem[0].u_comp_ddr3.dqs_pos_timing_check: at time 47054136.0 ps WARNING: tWLS violation on DQS bit  1 positive edge.  Indeterminate CK capture is possible.
tb_a7ng_ddr_cue_soa.gen_mem[0].u_comp_ddr3.dqs_pos_timing_check: at time 47054136.0 ps Write Leveling @ DQS ck = 0
tb_a7ng_ddr_cue_soa.gen_mem[0].u_comp_ddr3.dqs_pos_timing_check: at time 47057136.0 ps WARNING: tWLS violation on DQS bit  0 positive edge.  Indeterminate CK capture is possible.
tb_a7ng_ddr_cue_soa.gen_mem[0].u_comp_ddr3.dqs_pos_timing_check: at time 47057136.0 ps Write Leveling @ DQS ck = 0
tb_a7ng_ddr_cue_soa.gen_mem[0].u_comp_ddr3.dqs_pos_timing_check: at time 47057136.0 ps WARNING: tWLS violation on DQS bit  1 positive edge.  Indeterminate CK capture is possible.
tb_a7ng_ddr_cue_soa.gen_mem[0].u_comp_ddr3.dqs_pos_timing_check: at time 47057136.0 ps Write Leveling @ DQS ck = 0
tb_a7ng_ddr_cue_soa.gen_mem[0].u_comp_ddr3.dqs_pos_timing_check: at time 47060136.0 ps WARNING: tWLS violation on DQS bit  0 positive edge.  Indeterminate CK capture is possible.
tb_a7ng_ddr_cue_soa.gen_mem[0].u_comp_ddr3.dqs_pos_timing_check: at time 47060136.0 ps Write Leveling @ DQS ck = 0
tb_a7ng_ddr_cue_soa.gen_mem[0].u_comp_ddr3.dqs_pos_timing_check: at time 47060136.0 ps WARNING: tWLS violation on DQS bit  1 positive edge.  Indeterminate CK capture is possible.
tb_a7ng_ddr_cue_soa.gen_mem[0].u_comp_ddr3.dqs_pos_timing_check: at time 47060136.0 ps Write Leveling @ DQS ck = 0
tb_a7ng_ddr_cue_soa.gen_mem[0].u_comp_ddr3.dqs_pos_timing_check: at time 47063136.0 ps WARNING: tWLS violation on DQS bit  0 positive edge.  Indeterminate CK capture is possible.
tb_a7ng_ddr_cue_soa.gen_mem[0].u_comp_ddr3.dqs_pos_timing_check: at time 47063136.0 ps Write Leveling @ DQS ck = 0
tb_a7ng_ddr_cue_soa.gen_mem[0].u_comp_ddr3.dqs_pos_timing_check: at time 47063136.0 ps WARNING: tWLS violation on DQS bit  1 positive edge.  Indeterminate CK capture is possible.
tb_a7ng_ddr_cue_soa.gen_mem[0].u_comp_ddr3.dqs_pos_timing_check: at time 47063136.0 ps Write Leveling @ DQS ck = 0
tb_a7ng_ddr_cue_soa.gen_mem[0].u_comp_ddr3.dqs_pos_timing_check: at time 47207160.0 ps WARNING: tWLS violation on DQS bit  0 positive edge.  Indeterminate CK capture is possible.
tb_a7ng_ddr_cue_soa.gen_mem[0].u_comp_ddr3.dqs_pos_timing_check: at time 47207160.0 ps Write Leveling @ DQS ck = 0
tb_a7ng_ddr_cue_soa.gen_mem[0].u_comp_ddr3.dqs_pos_timing_check: at time 47207160.0 ps WARNING: tWLS violation on DQS bit  1 positive edge.  Indeterminate CK capture is possible.
tb_a7ng_ddr_cue_soa.gen_mem[0].u_comp_ddr3.dqs_pos_timing_check: at time 47207160.0 ps Write Leveling @ DQS ck = 0
tb_a7ng_ddr_cue_soa.gen_mem[0].u_comp_ddr3.dqs_pos_timing_check: at time 47210160.0 ps WARNING: tWLS violation on DQS bit  0 positive edge.  Indeterminate CK capture is possible.
tb_a7ng_ddr_cue_soa.gen_mem[0].u_comp_ddr3.dqs_pos_timing_check: at time 47210160.0 ps Write Leveling @ DQS ck = 0
tb_a7ng_ddr_cue_soa.gen_mem[0].u_comp_ddr3.dqs_pos_timing_check: at time 47210160.0 ps WARNING: tWLS violation on DQS bit  1 positive edge.  Indeterminate CK capture is possible.
tb_a7ng_ddr_cue_soa.gen_mem[0].u_comp_ddr3.dqs_pos_timing_check: at time 47210160.0 ps Write Leveling @ DQS ck = 0
tb_a7ng_ddr_cue_soa.gen_mem[0].u_comp_ddr3.dqs_pos_timing_check: at time 47213160.0 ps WARNING: tWLS violation on DQS bit  0 positive edge.  Indeterminate CK capture is possible.
tb_a7ng_ddr_cue_soa.gen_mem[0].u_comp_ddr3.dqs_pos_timing_check: at time 47213160.0 ps Write Leveling @ DQS ck = 0
tb_a7ng_ddr_cue_soa.gen_mem[0].u_comp_ddr3.dqs_pos_timing_check: at time 47213160.0 ps WARNING: tWLS violation on DQS bit  1 positive edge.  Indeterminate CK capture is possible.
tb_a7ng_ddr_cue_soa.gen_mem[0].u_comp_ddr3.dqs_pos_timing_check: at time 47213160.0 ps Write Leveling @ DQS ck = 0
tb_a7ng_ddr_cue_soa.gen_mem[0].u_comp_ddr3.dqs_pos_timing_check: at time 47216160.0 ps WARNING: tWLS violation on DQS bit  0 positive edge.  Indeterminate CK capture is possible.
tb_a7ng_ddr_cue_soa.gen_mem[0].u_comp_ddr3.dqs_pos_timing_check: at time 47216160.0 ps Write Leveling @ DQS ck = 0
tb_a7ng_ddr_cue_soa.gen_mem[0].u_comp_ddr3.dqs_pos_timing_check: at time 47216160.0 ps WARNING: tWLS violation on DQS bit  1 positive edge.  Indeterminate CK capture is possible.
tb_a7ng_ddr_cue_soa.gen_mem[0].u_comp_ddr3.dqs_pos_timing_check: at time 47216160.0 ps Write Leveling @ DQS ck = 0
tb_a7ng_ddr_cue_soa.gen_mem[0].u_comp_ddr3.dqs_pos_timing_check: at time 47219160.0 ps WARNING: tWLS violation on DQS bit  0 positive edge.  Indeterminate CK capture is possible.
tb_a7ng_ddr_cue_soa.gen_mem[0].u_comp_ddr3.dqs_pos_timing_check: at time 47219160.0 ps Write Leveling @ DQS ck = 0
tb_a7ng_ddr_cue_soa.gen_mem[0].u_comp_ddr3.dqs_pos_timing_check: at time 47219160.0 ps WARNING: tWLS violation on DQS bit  1 positive edge.  Indeterminate CK capture is possible.
tb_a7ng_ddr_cue_soa.gen_mem[0].u_comp_ddr3.dqs_pos_timing_check: at time 47219160.0 ps Write Leveling @ DQS ck = 0
tb_a7ng_ddr_cue_soa.gen_mem[0].u_comp_ddr3.dqs_pos_timing_check: at time 47363230.0 ps Write Leveling @ DQS ck = 0
tb_a7ng_ddr_cue_soa.gen_mem[0].u_comp_ddr3.dqs_pos_timing_check: at time 47363230.0 ps Write Leveling @ DQS ck = 0
tb_a7ng_ddr_cue_soa.gen_mem[0].u_comp_ddr3.dqs_pos_timing_check: at time 47366230.0 ps Write Leveling @ DQS ck = 0
tb_a7ng_ddr_cue_soa.gen_mem[0].u_comp_ddr3.dqs_pos_timing_check: at time 47366230.0 ps Write Leveling @ DQS ck = 0
tb_a7ng_ddr_cue_soa.gen_mem[0].u_comp_ddr3.dqs_pos_timing_check: at time 47369230.0 ps Write Leveling @ DQS ck = 0
tb_a7ng_ddr_cue_soa.gen_mem[0].u_comp_ddr3.dqs_pos_timing_check: at time 47369230.0 ps Write Leveling @ DQS ck = 0
tb_a7ng_ddr_cue_soa.gen_mem[0].u_comp_ddr3.dqs_pos_timing_check: at time 47372242.0 ps Write Leveling @ DQS ck = 0
tb_a7ng_ddr_cue_soa.gen_mem[0].u_comp_ddr3.dqs_pos_timing_check: at time 47372242.0 ps Write Leveling @ DQS ck = 0
tb_a7ng_ddr_cue_soa.gen_mem[0].u_comp_ddr3.dqs_pos_timing_check: at time 47375242.0 ps Write Leveling @ DQS ck = 0
tb_a7ng_ddr_cue_soa.gen_mem[0].u_comp_ddr3.dqs_pos_timing_check: at time 47375242.0 ps Write Leveling @ DQS ck = 0
tb_a7ng_ddr_cue_soa.gen_mem[0].u_comp_ddr3.dqs_pos_timing_check: at time 47519312.0 ps Write Leveling @ DQS ck = 0
tb_a7ng_ddr_cue_soa.gen_mem[0].u_comp_ddr3.dqs_pos_timing_check: at time 47519312.0 ps Write Leveling @ DQS ck = 0
tb_a7ng_ddr_cue_soa.gen_mem[0].u_comp_ddr3.dqs_pos_timing_check: at time 47522312.0 ps Write Leveling @ DQS ck = 0
tb_a7ng_ddr_cue_soa.gen_mem[0].u_comp_ddr3.dqs_pos_timing_check: at time 47522312.0 ps Write Leveling @ DQS ck = 0
tb_a7ng_ddr_cue_soa.gen_mem[0].u_comp_ddr3.dqs_pos_timing_check: at time 47525312.0 ps Write Leveling @ DQS ck = 0
tb_a7ng_ddr_cue_soa.gen_mem[0].u_comp_ddr3.dqs_pos_timing_check: at time 47525312.0 ps Write Leveling @ DQS ck = 0
tb_a7ng_ddr_cue_soa.gen_mem[0].u_comp_ddr3.dqs_pos_timing_check: at time 47528312.0 ps Write Leveling @ DQS ck = 0
tb_a7ng_ddr_cue_soa.gen_mem[0].u_comp_ddr3.dqs_pos_timing_check: at time 47528312.0 ps Write Leveling @ DQS ck = 0
tb_a7ng_ddr_cue_soa.gen_mem[0].u_comp_ddr3.dqs_pos_timing_check: at time 47531312.0 ps Write Leveling @ DQS ck = 0
tb_a7ng_ddr_cue_soa.gen_mem[0].u_comp_ddr3.dqs_pos_timing_check: at time 47531312.0 ps Write Leveling @ DQS ck = 0
tb_a7ng_ddr_cue_soa.gen_mem[0].u_comp_ddr3.dqs_pos_timing_check: at time 47675383.0 ps Write Leveling @ DQS ck = 0
tb_a7ng_ddr_cue_soa.gen_mem[0].u_comp_ddr3.dqs_pos_timing_check: at time 47675383.0 ps Write Leveling @ DQS ck = 0
tb_a7ng_ddr_cue_soa.gen_mem[0].u_comp_ddr3.dqs_pos_timing_check: at time 47678383.0 ps Write Leveling @ DQS ck = 0
tb_a7ng_ddr_cue_soa.gen_mem[0].u_comp_ddr3.dqs_pos_timing_check: at time 47678383.0 ps Write Leveling @ DQS ck = 0
tb_a7ng_ddr_cue_soa.gen_mem[0].u_comp_ddr3.dqs_pos_timing_check: at time 47681394.0 ps Write Leveling @ DQS ck = 0
tb_a7ng_ddr_cue_soa.gen_mem[0].u_comp_ddr3.dqs_pos_timing_check: at time 47681394.0 ps Write Leveling @ DQS ck = 0
tb_a7ng_ddr_cue_soa.gen_mem[0].u_comp_ddr3.dqs_pos_timing_check: at time 47684394.0 ps Write Leveling @ DQS ck = 0
tb_a7ng_ddr_cue_soa.gen_mem[0].u_comp_ddr3.dqs_pos_timing_check: at time 47684394.0 ps Write Leveling @ DQS ck = 0
tb_a7ng_ddr_cue_soa.gen_mem[0].u_comp_ddr3.dqs_pos_timing_check: at time 47687394.0 ps Write Leveling @ DQS ck = 0
tb_a7ng_ddr_cue_soa.gen_mem[0].u_comp_ddr3.dqs_pos_timing_check: at time 47687394.0 ps Write Leveling @ DQS ck = 0
tb_a7ng_ddr_cue_soa.gen_mem[0].u_comp_ddr3.dqs_pos_timing_check: at time 47831465.0 ps Write Leveling @ DQS ck = 0
tb_a7ng_ddr_cue_soa.gen_mem[0].u_comp_ddr3.dqs_pos_timing_check: at time 47831465.0 ps Write Leveling @ DQS ck = 0
tb_a7ng_ddr_cue_soa.gen_mem[0].u_comp_ddr3.dqs_pos_timing_check: at time 47834465.0 ps Write Leveling @ DQS ck = 0
tb_a7ng_ddr_cue_soa.gen_mem[0].u_comp_ddr3.dqs_pos_timing_check: at time 47834465.0 ps Write Leveling @ DQS ck = 0
tb_a7ng_ddr_cue_soa.gen_mem[0].u_comp_ddr3.dqs_pos_timing_check: at time 47837465.0 ps Write Leveling @ DQS ck = 0
tb_a7ng_ddr_cue_soa.gen_mem[0].u_comp_ddr3.dqs_pos_timing_check: at time 47837465.0 ps Write Leveling @ DQS ck = 0
tb_a7ng_ddr_cue_soa.gen_mem[0].u_comp_ddr3.dqs_pos_timing_check: at time 47840465.0 ps Write Leveling @ DQS ck = 0
tb_a7ng_ddr_cue_soa.gen_mem[0].u_comp_ddr3.dqs_pos_timing_check: at time 47840465.0 ps Write Leveling @ DQS ck = 0
tb_a7ng_ddr_cue_soa.gen_mem[0].u_comp_ddr3.dqs_pos_timing_check: at time 47843465.0 ps Write Leveling @ DQS ck = 0
tb_a7ng_ddr_cue_soa.gen_mem[0].u_comp_ddr3.dqs_pos_timing_check: at time 47843465.0 ps Write Leveling @ DQS ck = 0
tb_a7ng_ddr_cue_soa.gen_mem[0].u_comp_ddr3.dqs_pos_timing_check: at time 47987535.0 ps Write Leveling @ DQS ck = 0
tb_a7ng_ddr_cue_soa.gen_mem[0].u_comp_ddr3.dqs_pos_timing_check: at time 47987535.0 ps Write Leveling @ DQS ck = 0
tb_a7ng_ddr_cue_soa.gen_mem[0].u_comp_ddr3.dqs_pos_timing_check: at time 47990535.0 ps Write Leveling @ DQS ck = 0
tb_a7ng_ddr_cue_soa.gen_mem[0].u_comp_ddr3.dqs_pos_timing_check: at time 47990535.0 ps Write Leveling @ DQS ck = 0
tb_a7ng_ddr_cue_soa.gen_mem[0].u_comp_ddr3.dqs_pos_timing_check: at time 47993547.0 ps Write Leveling @ DQS ck = 0
tb_a7ng_ddr_cue_soa.gen_mem[0].u_comp_ddr3.dqs_pos_timing_check: at time 47993547.0 ps Write Leveling @ DQS ck = 0
tb_a7ng_ddr_cue_soa.gen_mem[0].u_comp_ddr3.dqs_pos_timing_check: at time 47996547.0 ps Write Leveling @ DQS ck = 0
tb_a7ng_ddr_cue_soa.gen_mem[0].u_comp_ddr3.dqs_pos_timing_check: at time 47996547.0 ps Write Leveling @ DQS ck = 0
tb_a7ng_ddr_cue_soa.gen_mem[0].u_comp_ddr3.dqs_pos_timing_check: at time 47999547.0 ps Write Leveling @ DQS ck = 0
tb_a7ng_ddr_cue_soa.gen_mem[0].u_comp_ddr3.dqs_pos_timing_check: at time 47999547.0 ps Write Leveling @ DQS ck = 0
tb_a7ng_ddr_cue_soa.gen_mem[0].u_comp_ddr3.dqs_pos_timing_check: at time 48143617.0 ps Write Leveling @ DQS ck = 0
tb_a7ng_ddr_cue_soa.gen_mem[0].u_comp_ddr3.dqs_pos_timing_check: at time 48143617.0 ps Write Leveling @ DQS ck = 0
tb_a7ng_ddr_cue_soa.gen_mem[0].u_comp_ddr3.dqs_pos_timing_check: at time 48146617.0 ps Write Leveling @ DQS ck = 0
tb_a7ng_ddr_cue_soa.gen_mem[0].u_comp_ddr3.dqs_pos_timing_check: at time 48146617.0 ps Write Leveling @ DQS ck = 0
tb_a7ng_ddr_cue_soa.gen_mem[0].u_comp_ddr3.dqs_pos_timing_check: at time 48149617.0 ps Write Leveling @ DQS ck = 0
tb_a7ng_ddr_cue_soa.gen_mem[0].u_comp_ddr3.dqs_pos_timing_check: at time 48149617.0 ps Write Leveling @ DQS ck = 0
tb_a7ng_ddr_cue_soa.gen_mem[0].u_comp_ddr3.dqs_pos_timing_check: at time 48152617.0 ps Write Leveling @ DQS ck = 0
tb_a7ng_ddr_cue_soa.gen_mem[0].u_comp_ddr3.dqs_pos_timing_check: at time 48152617.0 ps Write Leveling @ DQS ck = 0
tb_a7ng_ddr_cue_soa.gen_mem[0].u_comp_ddr3.dqs_pos_timing_check: at time 48155617.0 ps Write Leveling @ DQS ck = 0
tb_a7ng_ddr_cue_soa.gen_mem[0].u_comp_ddr3.dqs_pos_timing_check: at time 48155617.0 ps Write Leveling @ DQS ck = 0
tb_a7ng_ddr_cue_soa.gen_mem[0].u_comp_ddr3.dqs_pos_timing_check: at time 48299687.0 ps Write Leveling @ DQS ck = 0
tb_a7ng_ddr_cue_soa.gen_mem[0].u_comp_ddr3.dqs_pos_timing_check: at time 48299687.0 ps Write Leveling @ DQS ck = 0
tb_a7ng_ddr_cue_soa.gen_mem[0].u_comp_ddr3.dqs_pos_timing_check: at time 48302687.0 ps Write Leveling @ DQS ck = 0
tb_a7ng_ddr_cue_soa.gen_mem[0].u_comp_ddr3.dqs_pos_timing_check: at time 48302687.0 ps Write Leveling @ DQS ck = 0
tb_a7ng_ddr_cue_soa.gen_mem[0].u_comp_ddr3.dqs_pos_timing_check: at time 48305687.0 ps Write Leveling @ DQS ck = 0
tb_a7ng_ddr_cue_soa.gen_mem[0].u_comp_ddr3.dqs_pos_timing_check: at time 48305687.0 ps Write Leveling @ DQS ck = 0
tb_a7ng_ddr_cue_soa.gen_mem[0].u_comp_ddr3.dqs_pos_timing_check: at time 48308699.0 ps Write Leveling @ DQS ck = 0
tb_a7ng_ddr_cue_soa.gen_mem[0].u_comp_ddr3.dqs_pos_timing_check: at time 48308699.0 ps Write Leveling @ DQS ck = 0
tb_a7ng_ddr_cue_soa.gen_mem[0].u_comp_ddr3.dqs_pos_timing_check: at time 48311699.0 ps Write Leveling @ DQS ck = 0
tb_a7ng_ddr_cue_soa.gen_mem[0].u_comp_ddr3.dqs_pos_timing_check: at time 48311699.0 ps Write Leveling @ DQS ck = 0
tb_a7ng_ddr_cue_soa.gen_mem[0].u_comp_ddr3.dqs_pos_timing_check: at time 48456086.0 ps Write Leveling @ DQS ck = 0
tb_a7ng_ddr_cue_soa.gen_mem[0].u_comp_ddr3.dqs_pos_timing_check: at time 48456086.0 ps Write Leveling @ DQS ck = 0
tb_a7ng_ddr_cue_soa.gen_mem[0].u_comp_ddr3.dqs_pos_timing_check: at time 48459086.0 ps Write Leveling @ DQS ck = 0
tb_a7ng_ddr_cue_soa.gen_mem[0].u_comp_ddr3.dqs_pos_timing_check: at time 48459086.0 ps Write Leveling @ DQS ck = 0
tb_a7ng_ddr_cue_soa.gen_mem[0].u_comp_ddr3.dqs_pos_timing_check: at time 48462516.0 ps WARNING: tWLS violation on DQS bit  0 positive edge.  Indeterminate CK capture is possible.
tb_a7ng_ddr_cue_soa.gen_mem[0].u_comp_ddr3.dqs_pos_timing_check: at time 48462516.0 ps Write Leveling @ DQS ck = 1
tb_a7ng_ddr_cue_soa.gen_mem[0].u_comp_ddr3.dqs_pos_timing_check: at time 48462516.0 ps WARNING: tWLS violation on DQS bit  1 positive edge.  Indeterminate CK capture is possible.
tb_a7ng_ddr_cue_soa.gen_mem[0].u_comp_ddr3.dqs_pos_timing_check: at time 48462516.0 ps Write Leveling @ DQS ck = 1
tb_a7ng_ddr_cue_soa.gen_mem[0].u_comp_ddr3.dqs_pos_timing_check: at time 48465516.0 ps WARNING: tWLS violation on DQS bit  0 positive edge.  Indeterminate CK capture is possible.
tb_a7ng_ddr_cue_soa.gen_mem[0].u_comp_ddr3.dqs_pos_timing_check: at time 48465516.0 ps Write Leveling @ DQS ck = 1
tb_a7ng_ddr_cue_soa.gen_mem[0].u_comp_ddr3.dqs_pos_timing_check: at time 48465516.0 ps WARNING: tWLS violation on DQS bit  1 positive edge.  Indeterminate CK capture is possible.
tb_a7ng_ddr_cue_soa.gen_mem[0].u_comp_ddr3.dqs_pos_timing_check: at time 48465516.0 ps Write Leveling @ DQS ck = 1
tb_a7ng_ddr_cue_soa.gen_mem[0].u_comp_ddr3.dqs_pos_timing_check: at time 48468516.0 ps WARNING: tWLS violation on DQS bit  0 positive edge.  Indeterminate CK capture is possible.
tb_a7ng_ddr_cue_soa.gen_mem[0].u_comp_ddr3.dqs_pos_timing_check: at time 48468516.0 ps Write Leveling @ DQS ck = 1
tb_a7ng_ddr_cue_soa.gen_mem[0].u_comp_ddr3.dqs_pos_timing_check: at time 48468516.0 ps WARNING: tWLS violation on DQS bit  1 positive edge.  Indeterminate CK capture is possible.
tb_a7ng_ddr_cue_soa.gen_mem[0].u_comp_ddr3.dqs_pos_timing_check: at time 48468516.0 ps Write Leveling @ DQS ck = 1
tb_a7ng_ddr_cue_soa.gen_mem[0].u_comp_ddr3.dqs_pos_timing_check: at time 48612516.0 ps WARNING: tWLS violation on DQS bit  0 positive edge.  Indeterminate CK capture is possible.
tb_a7ng_ddr_cue_soa.gen_mem[0].u_comp_ddr3.dqs_pos_timing_check: at time 48612516.0 ps Write Leveling @ DQS ck = 1
tb_a7ng_ddr_cue_soa.gen_mem[0].u_comp_ddr3.dqs_pos_timing_check: at time 48612516.0 ps WARNING: tWLS violation on DQS bit  1 positive edge.  Indeterminate CK capture is possible.
tb_a7ng_ddr_cue_soa.gen_mem[0].u_comp_ddr3.dqs_pos_timing_check: at time 48612516.0 ps Write Leveling @ DQS ck = 1
tb_a7ng_ddr_cue_soa.gen_mem[0].u_comp_ddr3.dqs_pos_timing_check: at time 48615516.0 ps WARNING: tWLS violation on DQS bit  0 positive edge.  Indeterminate CK capture is possible.
tb_a7ng_ddr_cue_soa.gen_mem[0].u_comp_ddr3.dqs_pos_timing_check: at time 48615516.0 ps Write Leveling @ DQS ck = 1
tb_a7ng_ddr_cue_soa.gen_mem[0].u_comp_ddr3.dqs_pos_timing_check: at time 48615516.0 ps WARNING: tWLS violation on DQS bit  1 positive edge.  Indeterminate CK capture is possible.
tb_a7ng_ddr_cue_soa.gen_mem[0].u_comp_ddr3.dqs_pos_timing_check: at time 48615516.0 ps Write Leveling @ DQS ck = 1
tb_a7ng_ddr_cue_soa.gen_mem[0].u_comp_ddr3.dqs_pos_timing_check: at time 48618516.0 ps WARNING: tWLS violation on DQS bit  0 positive edge.  Indeterminate CK capture is possible.
tb_a7ng_ddr_cue_soa.gen_mem[0].u_comp_ddr3.dqs_pos_timing_check: at time 48618516.0 ps Write Leveling @ DQS ck = 1
tb_a7ng_ddr_cue_soa.gen_mem[0].u_comp_ddr3.dqs_pos_timing_check: at time 48618516.0 ps WARNING: tWLS violation on DQS bit  1 positive edge.  Indeterminate CK capture is possible.
tb_a7ng_ddr_cue_soa.gen_mem[0].u_comp_ddr3.dqs_pos_timing_check: at time 48618516.0 ps Write Leveling @ DQS ck = 1
tb_a7ng_ddr_cue_soa.gen_mem[0].u_comp_ddr3.dqs_pos_timing_check: at time 48621516.0 ps WARNING: tWLS violation on DQS bit  0 positive edge.  Indeterminate CK capture is possible.
tb_a7ng_ddr_cue_soa.gen_mem[0].u_comp_ddr3.dqs_pos_timing_check: at time 48621516.0 ps Write Leveling @ DQS ck = 1
tb_a7ng_ddr_cue_soa.gen_mem[0].u_comp_ddr3.dqs_pos_timing_check: at time 48621516.0 ps WARNING: tWLS violation on DQS bit  1 positive edge.  Indeterminate CK capture is possible.
tb_a7ng_ddr_cue_soa.gen_mem[0].u_comp_ddr3.dqs_pos_timing_check: at time 48621516.0 ps Write Leveling @ DQS ck = 1
tb_a7ng_ddr_cue_soa.gen_mem[0].u_comp_ddr3.dqs_pos_timing_check: at time 48624516.0 ps WARNING: tWLS violation on DQS bit  0 positive edge.  Indeterminate CK capture is possible.
tb_a7ng_ddr_cue_soa.gen_mem[0].u_comp_ddr3.dqs_pos_timing_check: at time 48624516.0 ps Write Leveling @ DQS ck = 1
tb_a7ng_ddr_cue_soa.gen_mem[0].u_comp_ddr3.dqs_pos_timing_check: at time 48624516.0 ps WARNING: tWLS violation on DQS bit  1 positive edge.  Indeterminate CK capture is possible.
tb_a7ng_ddr_cue_soa.gen_mem[0].u_comp_ddr3.dqs_pos_timing_check: at time 48624516.0 ps Write Leveling @ DQS ck = 1
PHY_INIT: Write Leveling completed at 48626725.0 ps
tb_a7ng_ddr_cue_soa.gen_mem[0].u_comp_ddr3.main: at time 48702466.0 ps INFO: Sync On Die Termination Rtt_NOM =          0 Ohm
tb_a7ng_ddr_cue_soa.gen_mem[0].u_comp_ddr3.cmd_task: at time 48768466.0 ps INFO: Load Mode 1
tb_a7ng_ddr_cue_soa.gen_mem[0].u_comp_ddr3.cmd_task: at time 48768466.0 ps INFO: Load Mode 1 DLL Enable = Enabled
tb_a7ng_ddr_cue_soa.gen_mem[0].u_comp_ddr3.cmd_task: at time 48768466.0 ps INFO: Load Mode 1 Output Drive Strength =          40 Ohm
tb_a7ng_ddr_cue_soa.gen_mem[0].u_comp_ddr3.cmd_task: at time 48768466.0 ps INFO: Load Mode 1 ODT Rtt =          40 Ohm
tb_a7ng_ddr_cue_soa.gen_mem[0].u_comp_ddr3.cmd_task: at time 48768466.0 ps INFO: Load Mode 1 Additive Latency = 0
tb_a7ng_ddr_cue_soa.gen_mem[0].u_comp_ddr3.cmd_task: at time 48768466.0 ps INFO: Load Mode 1 Write Levelization = Disabled
tb_a7ng_ddr_cue_soa.gen_mem[0].u_comp_ddr3.cmd_task: at time 48768466.0 ps INFO: Load Mode 1 TDQS Enable = Disabled
tb_a7ng_ddr_cue_soa.gen_mem[0].u_comp_ddr3.cmd_task: at time 48768466.0 ps INFO: Load Mode 1 Qoff = Enabled
tb_a7ng_ddr_cue_soa.gen_mem[0].u_comp_ddr3.cmd_task: at time 50328466.0 ps INFO: Load Mode 2
tb_a7ng_ddr_cue_soa.gen_mem[0].u_comp_ddr3.cmd_task: at time 50328466.0 ps INFO: Load Mode 2 Partial Array Self Refresh = Bank 0-7
tb_a7ng_ddr_cue_soa.gen_mem[0].u_comp_ddr3.cmd_task: at time 50328466.0 ps INFO: Load Mode 2 CAS Write Latency =           5
tb_a7ng_ddr_cue_soa.gen_mem[0].u_comp_ddr3.cmd_task: at time 50328466.0 ps INFO: Load Mode 2 Auto Self Refresh = Disabled
tb_a7ng_ddr_cue_soa.gen_mem[0].u_comp_ddr3.cmd_task: at time 50328466.0 ps INFO: Load Mode 2 Self Refresh Temperature = Normal
tb_a7ng_ddr_cue_soa.gen_mem[0].u_comp_ddr3.cmd_task: at time 50328466.0 ps INFO: Load Mode 2 Dynamic ODT = Disabled
tb_a7ng_ddr_cue_soa.gen_mem[0].u_comp_ddr3.cmd_task: at time 53424466.0 ps INFO: Precharge All
tb_a7ng_ddr_cue_soa.gen_mem[0].u_comp_ddr3.cmd_task: at time 54984466.0 ps INFO: Refresh  
tb_a7ng_ddr_cue_soa.gen_mem[0].u_comp_ddr3.cmd_task: at time 56544466.0 ps INFO: Refresh  
tb_a7ng_ddr_cue_soa.gen_mem[0].u_comp_ddr3.cmd_task: at time 58104466.0 ps INFO: Refresh  
tb_a7ng_ddr_cue_soa.gen_mem[0].u_comp_ddr3.cmd_task: at time 59664466.0 ps INFO: Refresh  
tb_a7ng_ddr_cue_soa.gen_mem[0].u_comp_ddr3.cmd_task: at time 61224466.0 ps INFO: Refresh  
tb_a7ng_ddr_cue_soa.gen_mem[0].u_comp_ddr3.cmd_task: at time 62784466.0 ps INFO: Refresh  
tb_a7ng_ddr_cue_soa.gen_mem[0].u_comp_ddr3.cmd_task: at time 64344466.0 ps INFO: Refresh  
tb_a7ng_ddr_cue_soa.gen_mem[0].u_comp_ddr3.cmd_task: at time 65904466.0 ps INFO: Refresh  
tb_a7ng_ddr_cue_soa.gen_mem[0].u_comp_ddr3.cmd_task: at time 67464466.0 ps INFO: Activate  bank 0 row 0000
tb_a7ng_ddr_cue_soa.gen_mem[0].u_comp_ddr3.cmd_task: at time 69024466.0 ps INFO: Write     bank 0 col 000, auto precharge 0
tb_a7ng_ddr_cue_soa.gen_mem[0].u_comp_ddr3.main: at time 69030466.0 ps INFO: Sync On Die Termination Rtt_NOM =         40 Ohm
tb_a7ng_ddr_cue_soa.gen_mem[0].u_comp_ddr3.cmd_task: at time 69036466.0 ps INFO: Write     bank 0 col 008, auto precharge 0
tb_a7ng_ddr_cue_soa.gen_mem[0].u_comp_ddr3.data_task: at time 69040966.0 ps INFO: WRITE @ DQS= bank = 0 row = 0000 col = 00000000 data = 9999
tb_a7ng_ddr_cue_soa.gen_mem[0].u_comp_ddr3.data_task: at time 69042466.0 ps INFO: WRITE @ DQS= bank = 0 row = 0000 col = 00000001 data = 3333
tb_a7ng_ddr_cue_soa.gen_mem[0].u_comp_ddr3.data_task: at time 69043966.0 ps INFO: WRITE @ DQS= bank = 0 row = 0000 col = 00000002 data = 7777
tb_a7ng_ddr_cue_soa.gen_mem[0].u_comp_ddr3.data_task: at time 69045466.0 ps INFO: WRITE @ DQS= bank = 0 row = 0000 col = 00000003 data = eeee
tb_a7ng_ddr_cue_soa.gen_mem[0].u_comp_ddr3.data_task: at time 69046966.0 ps INFO: WRITE @ DQS= bank = 0 row = 0000 col = 00000004 data = cccc
tb_a7ng_ddr_cue_soa.gen_mem[0].u_comp_ddr3.data_task: at time 69048466.0 ps INFO: WRITE @ DQS= bank = 0 row = 0000 col = 00000005 data = 9999
tb_a7ng_ddr_cue_soa.gen_mem[0].u_comp_ddr3.cmd_task: at time 69048466.0 ps INFO: Write     bank 0 col 010, auto precharge 0
tb_a7ng_ddr_cue_soa.gen_mem[0].u_comp_ddr3.data_task: at time 69049966.0 ps INFO: WRITE @ DQS= bank = 0 row = 0000 col = 00000006 data = 2222
tb_a7ng_ddr_cue_soa.gen_mem[0].u_comp_ddr3.data_task: at time 69051466.0 ps INFO: WRITE @ DQS= bank = 0 row = 0000 col = 00000007 data = 4444
tb_a7ng_ddr_cue_soa.gen_mem[0].u_comp_ddr3.data_task: at time 69052966.0 ps INFO: WRITE @ DQS= bank = 0 row = 0000 col = 00000008 data = bbbb
tb_a7ng_ddr_cue_soa.gen_mem[0].u_comp_ddr3.data_task: at time 69054466.0 ps INFO: WRITE @ DQS= bank = 0 row = 0000 col = 00000009 data = 1111
tb_a7ng_ddr_cue_soa.gen_mem[0].u_comp_ddr3.data_task: at time 69055966.0 ps INFO: WRITE @ DQS= bank = 0 row = 0000 col = 0000000a data = 7777
tb_a7ng_ddr_cue_soa.gen_mem[0].u_comp_ddr3.data_task: at time 69057466.0 ps INFO: WRITE @ DQS= bank = 0 row = 0000 col = 0000000b data = eeee
tb_a7ng_ddr_cue_soa.gen_mem[0].u_comp_ddr3.data_task: at time 69058966.0 ps INFO: WRITE @ DQS= bank = 0 row = 0000 col = 0000000c data = cccc
tb_a7ng_ddr_cue_soa.gen_mem[0].u_comp_ddr3.data_task: at time 69060466.0 ps INFO: WRITE @ DQS= bank = 0 row = 0000 col = 0000000d data = 9999
tb_a7ng_ddr_cue_soa.gen_mem[0].u_comp_ddr3.cmd_task: at time 69060466.0 ps INFO: Write     bank 0 col 018, auto precharge 0
tb_a7ng_ddr_cue_soa.gen_mem[0].u_comp_ddr3.data_task: at time 69061966.0 ps INFO: WRITE @ DQS= bank = 0 row = 0000 col = 0000000e data = 2222
tb_a7ng_ddr_cue_soa.gen_mem[0].u_comp_ddr3.data_task: at time 69063466.0 ps INFO: WRITE @ DQS= bank = 0 row = 0000 col = 0000000f data = 4444
tb_a7ng_ddr_cue_soa.gen_mem[0].u_comp_ddr3.data_task: at time 69064966.0 ps INFO: WRITE @ DQS= bank = 0 row = 0000 col = 00000010 data = bbbb
tb_a7ng_ddr_cue_soa.gen_mem[0].u_comp_ddr3.data_task: at time 69066466.0 ps INFO: WRITE @ DQS= bank = 0 row = 0000 col = 00000011 data = 1111
tb_a7ng_ddr_cue_soa.gen_mem[0].u_comp_ddr3.data_task: at time 69067966.0 ps INFO: WRITE @ DQS= bank = 0 row = 0000 col = 00000012 data = 7777
tb_a7ng_ddr_cue_soa.gen_mem[0].u_comp_ddr3.data_task: at time 69069466.0 ps INFO: WRITE @ DQS= bank = 0 row = 0000 col = 00000013 data = eeee
tb_a7ng_ddr_cue_soa.gen_mem[0].u_comp_ddr3.data_task: at time 69070966.0 ps INFO: WRITE @ DQS= bank = 0 row = 0000 col = 00000014 data = cccc
tb_a7ng_ddr_cue_soa.gen_mem[0].u_comp_ddr3.data_task: at time 69072466.0 ps INFO: WRITE @ DQS= bank = 0 row = 0000 col = 00000015 data = 9999
tb_a7ng_ddr_cue_soa.gen_mem[0].u_comp_ddr3.data_task: at time 69073966.0 ps INFO: WRITE @ DQS= bank = 0 row = 0000 col = 00000016 data = 2222
tb_a7ng_ddr_cue_soa.gen_mem[0].u_comp_ddr3.data_task: at time 69075466.0 ps INFO: WRITE @ DQS= bank = 0 row = 0000 col = 00000017 data = 4444
tb_a7ng_ddr_cue_soa.gen_mem[0].u_comp_ddr3.data_task: at time 69076966.0 ps INFO: WRITE @ DQS= bank = 0 row = 0000 col = 00000018 data = bbbb
tb_a7ng_ddr_cue_soa.gen_mem[0].u_comp_ddr3.data_task: at time 69078466.0 ps INFO: WRITE @ DQS= bank = 0 row = 0000 col = 00000019 data = 1111
tb_a7ng_ddr_cue_soa.gen_mem[0].u_comp_ddr3.data_task: at time 69079966.0 ps INFO: WRITE @ DQS= bank = 0 row = 0000 col = 0000001a data = 7777
tb_a7ng_ddr_cue_soa.gen_mem[0].u_comp_ddr3.data_task: at time 69081466.0 ps INFO: WRITE @ DQS= bank = 0 row = 0000 col = 0000001b data = eeee
tb_a7ng_ddr_cue_soa.gen_mem[0].u_comp_ddr3.data_task: at time 69082966.0 ps INFO: WRITE @ DQS= bank = 0 row = 0000 col = 0000001c data = cccc
tb_a7ng_ddr_cue_soa.gen_mem[0].u_comp_ddr3.data_task: at time 69084466.0 ps INFO: WRITE @ DQS= bank = 0 row = 0000 col = 0000001d data = 9999
tb_a7ng_ddr_cue_soa.gen_mem[0].u_comp_ddr3.data_task: at time 69085966.0 ps INFO: WRITE @ DQS= bank = 0 row = 0000 col = 0000001e data = 2222
tb_a7ng_ddr_cue_soa.gen_mem[0].u_comp_ddr3.data_task: at time 69087466.0 ps INFO: WRITE @ DQS= bank = 0 row = 0000 col = 0000001f data = 4444
tb_a7ng_ddr_cue_soa.gen_mem[0].u_comp_ddr3.main: at time 70626466.0 ps INFO: Sync On Die Termination Rtt_NOM =          0 Ohm
tb_a7ng_ddr_cue_soa.gen_mem[0].u_comp_ddr3.cmd_task: at time 72432466.0 ps INFO: Precharge All
tb_a7ng_ddr_cue_soa.gen_mem[0].u_comp_ddr3.cmd_task: at time 72432466.0 ps INFO: Precharge bank   0
tb_a7ng_ddr_cue_soa.gen_mem[0].u_comp_ddr3.cmd_task: at time 73992466.0 ps INFO: Refresh  
tb_a7ng_ddr_cue_soa.gen_mem[0].u_comp_ddr3.cmd_task: at time 75552466.0 ps INFO: Refresh  
tb_a7ng_ddr_cue_soa.gen_mem[0].u_comp_ddr3.cmd_task: at time 77112466.0 ps INFO: Refresh  
tb_a7ng_ddr_cue_soa.gen_mem[0].u_comp_ddr3.cmd_task: at time 78672466.0 ps INFO: Refresh  
tb_a7ng_ddr_cue_soa.gen_mem[0].u_comp_ddr3.cmd_task: at time 80232466.0 ps INFO: Refresh  
tb_a7ng_ddr_cue_soa.gen_mem[0].u_comp_ddr3.cmd_task: at time 81792466.0 ps INFO: Refresh  
tb_a7ng_ddr_cue_soa.gen_mem[0].u_comp_ddr3.cmd_task: at time 83352466.0 ps INFO: Refresh  
tb_a7ng_ddr_cue_soa.gen_mem[0].u_comp_ddr3.cmd_task: at time 84912466.0 ps INFO: Refresh  
tb_a7ng_ddr_cue_soa.gen_mem[0].u_comp_ddr3.cmd_task: at time 86472466.0 ps INFO: Activate  bank 0 row 0000
PHY_INIT: Read Leveling Stage 1 completed at 88142725.0 ps
PHY_INIT : PRBS/PER_BIT calibration completed at 88142725.0 ps
PHY_INIT : COMPLEX OCLKDELAY calibration completed at 88142725.0 ps
tb_a7ng_ddr_cue_soa.gen_mem[0].u_comp_ddr3.cmd_task: at time 91104466.0 ps INFO: Write     bank 0 col 000, auto precharge 0
tb_a7ng_ddr_cue_soa.gen_mem[0].u_comp_ddr3.main: at time 91110466.0 ps INFO: Sync On Die Termination Rtt_NOM =         40 Ohm
tb_a7ng_ddr_cue_soa.gen_mem[0].u_comp_ddr3.cmd_task: at time 91116466.0 ps INFO: Write     bank 0 col 008, auto precharge 0
tb_a7ng_ddr_cue_soa.gen_mem[0].u_comp_ddr3.data_task: at time 91120966.0 ps INFO: WRITE @ DQS= bank = 0 row = 0000 col = 00000000 data = ffff
tb_a7ng_ddr_cue_soa.gen_mem[0].u_comp_ddr3.data_task: at time 91122466.0 ps INFO: WRITE @ DQS= bank = 0 row = 0000 col = 00000001 data = 0000
tb_a7ng_ddr_cue_soa.gen_mem[0].u_comp_ddr3.data_task: at time 91123966.0 ps INFO: WRITE @ DQS= bank = 0 row = 0000 col = 00000002 data = aaaa
tb_a7ng_ddr_cue_soa.gen_mem[0].u_comp_ddr3.data_task: at time 91125466.0 ps INFO: WRITE @ DQS= bank = 0 row = 0000 col = 00000003 data = 5555
tb_a7ng_ddr_cue_soa.gen_mem[0].u_comp_ddr3.data_task: at time 91126966.0 ps INFO: WRITE @ DQS= bank = 0 row = 0000 col = 00000004 data = 5555
tb_a7ng_ddr_cue_soa.gen_mem[0].u_comp_ddr3.data_task: at time 91128466.0 ps INFO: WRITE @ DQS= bank = 0 row = 0000 col = 00000005 data = aaaa
tb_a7ng_ddr_cue_soa.gen_mem[0].u_comp_ddr3.cmd_task: at time 91128466.0 ps INFO: Write     bank 0 col 010, auto precharge 0
tb_a7ng_ddr_cue_soa.gen_mem[0].u_comp_ddr3.data_task: at time 91129966.0 ps INFO: WRITE @ DQS= bank = 0 row = 0000 col = 00000006 data = 9999
tb_a7ng_ddr_cue_soa.gen_mem[0].u_comp_ddr3.data_task: at time 91131466.0 ps INFO: WRITE @ DQS= bank = 0 row = 0000 col = 00000007 data = 6666
tb_a7ng_ddr_cue_soa.gen_mem[0].u_comp_ddr3.data_task: at time 91132966.0 ps INFO: WRITE @ DQS= bank = 0 row = 0000 col = 00000008 data = bbbb
tb_a7ng_ddr_cue_soa.gen_mem[0].u_comp_ddr3.data_task: at time 91134466.0 ps INFO: WRITE @ DQS= bank = 0 row = 0000 col = 00000009 data = 1111
tb_a7ng_ddr_cue_soa.gen_mem[0].u_comp_ddr3.data_task: at time 91135966.0 ps INFO: WRITE @ DQS= bank = 0 row = 0000 col = 0000000a data = eeee
tb_a7ng_ddr_cue_soa.gen_mem[0].u_comp_ddr3.data_task: at time 91137466.0 ps INFO: WRITE @ DQS= bank = 0 row = 0000 col = 0000000b data = 4444
tb_a7ng_ddr_cue_soa.gen_mem[0].u_comp_ddr3.data_task: at time 91138966.0 ps INFO: WRITE @ DQS= bank = 0 row = 0000 col = 0000000c data = 4444
tb_a7ng_ddr_cue_soa.gen_mem[0].u_comp_ddr3.data_task: at time 91140466.0 ps INFO: WRITE @ DQS= bank = 0 row = 0000 col = 0000000d data = eeee
tb_a7ng_ddr_cue_soa.gen_mem[0].u_comp_ddr3.cmd_task: at time 91140466.0 ps INFO: Write     bank 0 col 018, auto precharge 0
tb_a7ng_ddr_cue_soa.gen_mem[0].u_comp_ddr3.data_task: at time 91141966.0 ps INFO: WRITE @ DQS= bank = 0 row = 0000 col = 0000000e data = dddd
tb_a7ng_ddr_cue_soa.gen_mem[0].u_comp_ddr3.data_task: at time 91143466.0 ps INFO: WRITE @ DQS= bank = 0 row = 0000 col = 0000000f data = 8888
tb_a7ng_ddr_cue_soa.gen_mem[0].u_comp_ddr3.data_task: at time 91144966.0 ps INFO: WRITE @ DQS= bank = 0 row = 0000 col = 00000010 data = bbbb
tb_a7ng_ddr_cue_soa.gen_mem[0].u_comp_ddr3.data_task: at time 91146466.0 ps INFO: WRITE @ DQS= bank = 0 row = 0000 col = 00000011 data = 1111
tb_a7ng_ddr_cue_soa.gen_mem[0].u_comp_ddr3.data_task: at time 91147966.0 ps INFO: WRITE @ DQS= bank = 0 row = 0000 col = 00000012 data = eeee
tb_a7ng_ddr_cue_soa.gen_mem[0].u_comp_ddr3.data_task: at time 91149466.0 ps INFO: WRITE @ DQS= bank = 0 row = 0000 col = 00000013 data = 4444
tb_a7ng_ddr_cue_soa.gen_mem[0].u_comp_ddr3.data_task: at time 91150966.0 ps INFO: WRITE @ DQS= bank = 0 row = 0000 col = 00000014 data = 4444
tb_a7ng_ddr_cue_soa.gen_mem[0].u_comp_ddr3.data_task: at time 91152466.0 ps INFO: WRITE @ DQS= bank = 0 row = 0000 col = 00000015 data = eeee
tb_a7ng_ddr_cue_soa.gen_mem[0].u_comp_ddr3.data_task: at time 91153966.0 ps INFO: WRITE @ DQS= bank = 0 row = 0000 col = 00000016 data = dddd
tb_a7ng_ddr_cue_soa.gen_mem[0].u_comp_ddr3.data_task: at time 91155466.0 ps INFO: WRITE @ DQS= bank = 0 row = 0000 col = 00000017 data = 8888
tb_a7ng_ddr_cue_soa.gen_mem[0].u_comp_ddr3.data_task: at time 91156966.0 ps INFO: WRITE @ DQS= bank = 0 row = 0000 col = 00000018 data = bbbb
tb_a7ng_ddr_cue_soa.gen_mem[0].u_comp_ddr3.data_task: at time 91158466.0 ps INFO: WRITE @ DQS= bank = 0 row = 0000 col = 00000019 data = 1111
tb_a7ng_ddr_cue_soa.gen_mem[0].u_comp_ddr3.data_task: at time 91159966.0 ps INFO: WRITE @ DQS= bank = 0 row = 0000 col = 0000001a data = eeee
tb_a7ng_ddr_cue_soa.gen_mem[0].u_comp_ddr3.data_task: at time 91161466.0 ps INFO: WRITE @ DQS= bank = 0 row = 0000 col = 0000001b data = 4444
tb_a7ng_ddr_cue_soa.gen_mem[0].u_comp_ddr3.data_task: at time 91162966.0 ps INFO: WRITE @ DQS= bank = 0 row = 0000 col = 0000001c data = 4444
tb_a7ng_ddr_cue_soa.gen_mem[0].u_comp_ddr3.data_task: at time 91164466.0 ps INFO: WRITE @ DQS= bank = 0 row = 0000 col = 0000001d data = eeee
tb_a7ng_ddr_cue_soa.gen_mem[0].u_comp_ddr3.data_task: at time 91165966.0 ps INFO: WRITE @ DQS= bank = 0 row = 0000 col = 0000001e data = dddd
tb_a7ng_ddr_cue_soa.gen_mem[0].u_comp_ddr3.data_task: at time 91167466.0 ps INFO: WRITE @ DQS= bank = 0 row = 0000 col = 0000001f data = 8888
tb_a7ng_ddr_cue_soa.gen_mem[0].u_comp_ddr3.cmd_task: at time 92700466.0 ps INFO: Read      bank 0 col 000, auto precharge 0
tb_a7ng_ddr_cue_soa.gen_mem[0].u_comp_ddr3.main: at time 92706466.0 ps INFO: Sync On Die Termination Rtt_NOM =          0 Ohm
tb_a7ng_ddr_cue_soa.gen_mem[0].u_comp_ddr3.data_task: at time 92713966.0 ps INFO: READ @ DQS= bank = 0 row = 0000 col = 00000000 data = ffff
tb_a7ng_ddr_cue_soa.gen_mem[0].u_comp_ddr3.data_task: at time 92715466.0 ps INFO: READ @ DQS= bank = 0 row = 0000 col = 00000001 data = 0000
tb_a7ng_ddr_cue_soa.gen_mem[0].u_comp_ddr3.data_task: at time 92716966.0 ps INFO: READ @ DQS= bank = 0 row = 0000 col = 00000002 data = aaaa
tb_a7ng_ddr_cue_soa.gen_mem[0].u_comp_ddr3.data_task: at time 92718466.0 ps INFO: READ @ DQS= bank = 0 row = 0000 col = 00000003 data = 5555
tb_a7ng_ddr_cue_soa.gen_mem[0].u_comp_ddr3.data_task: at time 92719966.0 ps INFO: READ @ DQS= bank = 0 row = 0000 col = 00000004 data = 5555
tb_a7ng_ddr_cue_soa.gen_mem[0].u_comp_ddr3.data_task: at time 92721466.0 ps INFO: READ @ DQS= bank = 0 row = 0000 col = 00000005 data = aaaa
tb_a7ng_ddr_cue_soa.gen_mem[0].u_comp_ddr3.data_task: at time 92722966.0 ps INFO: READ @ DQS= bank = 0 row = 0000 col = 00000006 data = 9999
tb_a7ng_ddr_cue_soa.gen_mem[0].u_comp_ddr3.data_task: at time 92724466.0 ps INFO: READ @ DQS= bank = 0 row = 0000 col = 00000007 data = 6666
tb_a7ng_ddr_cue_soa.gen_mem[0].u_comp_ddr3.cmd_task: at time 94260466.0 ps INFO: Precharge All
tb_a7ng_ddr_cue_soa.gen_mem[0].u_comp_ddr3.cmd_task: at time 94260466.0 ps INFO: Precharge bank   0
tb_a7ng_ddr_cue_soa.gen_mem[0].u_comp_ddr3.cmd_task: at time 95820466.0 ps INFO: Refresh  
tb_a7ng_ddr_cue_soa.gen_mem[0].u_comp_ddr3.cmd_task: at time 97380466.0 ps INFO: Activate  bank 0 row 0000
PHY_INIT: Write Calibration completed at 99062725.0 ps
tb_a7ng_ddr_cue_soa.gen_mem[0].u_comp_ddr3.cmd_task: at time 100476466.0 ps INFO: Precharge All
tb_a7ng_ddr_cue_soa.gen_mem[0].u_comp_ddr3.cmd_task: at time 100476466.0 ps INFO: Precharge bank   0
tb_a7ng_ddr_cue_soa.gen_mem[0].u_comp_ddr3.cmd_task: at time 102036466.0 ps INFO: Load Mode 0
tb_a7ng_ddr_cue_soa.gen_mem[0].u_comp_ddr3.cmd_task: at time 102036466.0 ps INFO: Load Mode 0 Burst Length =  8
tb_a7ng_ddr_cue_soa.gen_mem[0].u_comp_ddr3.cmd_task: at time 102036466.0 ps INFO: Load Mode 0 Burst Order = Sequential
tb_a7ng_ddr_cue_soa.gen_mem[0].u_comp_ddr3.cmd_task: at time 102036466.0 ps INFO: Load Mode 0 CAS Latency =           5
tb_a7ng_ddr_cue_soa.gen_mem[0].u_comp_ddr3.cmd_task: at time 102036466.0 ps INFO: Load Mode 0 DLL Reset = Normal
tb_a7ng_ddr_cue_soa.gen_mem[0].u_comp_ddr3.cmd_task: at time 102036466.0 ps INFO: Load Mode 0 Write Recovery =           5
tb_a7ng_ddr_cue_soa.gen_mem[0].u_comp_ddr3.cmd_task: at time 102036466.0 ps INFO: Load Mode 0 Power Down Mode = DLL off
tb_a7ng_ddr_cue_soa.gen_mem[0].u_comp_ddr3.cmd_task: at time 103596466.0 ps INFO: Precharge All
tb_a7ng_ddr_cue_soa.gen_mem[0].u_comp_ddr3.cmd_task: at time 105156466.0 ps INFO: Activate  bank 0 row 0000
tb_a7ng_ddr_cue_soa.gen_mem[0].u_comp_ddr3.cmd_task: at time 106716466.0 ps INFO: Precharge All
tb_a7ng_ddr_cue_soa.gen_mem[0].u_comp_ddr3.cmd_task: at time 106716466.0 ps INFO: Precharge bank   0
tb_a7ng_ddr_cue_soa.gen_mem[0].u_comp_ddr3.cmd_task: at time 108276466.0 ps INFO: Refresh  
tb_a7ng_ddr_cue_soa.gen_mem[0].u_comp_ddr3.cmd_task: at time 109836466.0 ps INFO: Activate  bank 0 row 0000
tb_a7ng_ddr_cue_soa.gen_mem[0].u_comp_ddr3.cmd_task: at time 111396466.0 ps INFO: Write     bank 0 col 000, auto precharge 0
tb_a7ng_ddr_cue_soa.gen_mem[0].u_comp_ddr3.main: at time 111402466.0 ps INFO: Sync On Die Termination Rtt_NOM =         40 Ohm
tb_a7ng_ddr_cue_soa.gen_mem[0].u_comp_ddr3.cmd_task: at time 111408466.0 ps INFO: Write     bank 0 col 008, auto precharge 0
tb_a7ng_ddr_cue_soa.gen_mem[0].u_comp_ddr3.data_task: at time 111412966.0 ps INFO: WRITE @ DQS= bank = 0 row = 0000 col = 00000000 data = ffff
tb_a7ng_ddr_cue_soa.gen_mem[0].u_comp_ddr3.data_task: at time 111414466.0 ps INFO: WRITE @ DQS= bank = 0 row = 0000 col = 00000001 data = 0000
tb_a7ng_ddr_cue_soa.gen_mem[0].u_comp_ddr3.data_task: at time 111415966.0 ps INFO: WRITE @ DQS= bank = 0 row = 0000 col = 00000002 data = aaaa
tb_a7ng_ddr_cue_soa.gen_mem[0].u_comp_ddr3.data_task: at time 111417466.0 ps INFO: WRITE @ DQS= bank = 0 row = 0000 col = 00000003 data = 5555
tb_a7ng_ddr_cue_soa.gen_mem[0].u_comp_ddr3.data_task: at time 111418966.0 ps INFO: WRITE @ DQS= bank = 0 row = 0000 col = 00000004 data = 5555
tb_a7ng_ddr_cue_soa.gen_mem[0].u_comp_ddr3.data_task: at time 111420466.0 ps INFO: WRITE @ DQS= bank = 0 row = 0000 col = 00000005 data = aaaa
tb_a7ng_ddr_cue_soa.gen_mem[0].u_comp_ddr3.cmd_task: at time 111420466.0 ps INFO: Write     bank 0 col 010, auto precharge 0
tb_a7ng_ddr_cue_soa.gen_mem[0].u_comp_ddr3.data_task: at time 111421966.0 ps INFO: WRITE @ DQS= bank = 0 row = 0000 col = 00000006 data = 9999
tb_a7ng_ddr_cue_soa.gen_mem[0].u_comp_ddr3.data_task: at time 111423466.0 ps INFO: WRITE @ DQS= bank = 0 row = 0000 col = 00000007 data = 6666
tb_a7ng_ddr_cue_soa.gen_mem[0].u_comp_ddr3.data_task: at time 111424966.0 ps INFO: WRITE @ DQS= bank = 0 row = 0000 col = 00000008 data = bbbb
tb_a7ng_ddr_cue_soa.gen_mem[0].u_comp_ddr3.data_task: at time 111426466.0 ps INFO: WRITE @ DQS= bank = 0 row = 0000 col = 00000009 data = 1111
tb_a7ng_ddr_cue_soa.gen_mem[0].u_comp_ddr3.data_task: at time 111427966.0 ps INFO: WRITE @ DQS= bank = 0 row = 0000 col = 0000000a data = eeee
tb_a7ng_ddr_cue_soa.gen_mem[0].u_comp_ddr3.data_task: at time 111429466.0 ps INFO: WRITE @ DQS= bank = 0 row = 0000 col = 0000000b data = 4444
tb_a7ng_ddr_cue_soa.gen_mem[0].u_comp_ddr3.data_task: at time 111430966.0 ps INFO: WRITE @ DQS= bank = 0 row = 0000 col = 0000000c data = 4444
tb_a7ng_ddr_cue_soa.gen_mem[0].u_comp_ddr3.data_task: at time 111432466.0 ps INFO: WRITE @ DQS= bank = 0 row = 0000 col = 0000000d data = eeee
tb_a7ng_ddr_cue_soa.gen_mem[0].u_comp_ddr3.cmd_task: at time 111432466.0 ps INFO: Write     bank 0 col 018, auto precharge 0
tb_a7ng_ddr_cue_soa.gen_mem[0].u_comp_ddr3.data_task: at time 111433966.0 ps INFO: WRITE @ DQS= bank = 0 row = 0000 col = 0000000e data = dddd
tb_a7ng_ddr_cue_soa.gen_mem[0].u_comp_ddr3.data_task: at time 111435466.0 ps INFO: WRITE @ DQS= bank = 0 row = 0000 col = 0000000f data = 8888
tb_a7ng_ddr_cue_soa.gen_mem[0].u_comp_ddr3.data_task: at time 111436966.0 ps INFO: WRITE @ DQS= bank = 0 row = 0000 col = 00000010 data = bbbb
tb_a7ng_ddr_cue_soa.gen_mem[0].u_comp_ddr3.data_task: at time 111438466.0 ps INFO: WRITE @ DQS= bank = 0 row = 0000 col = 00000011 data = 1111
tb_a7ng_ddr_cue_soa.gen_mem[0].u_comp_ddr3.data_task: at time 111439966.0 ps INFO: WRITE @ DQS= bank = 0 row = 0000 col = 00000012 data = eeee
tb_a7ng_ddr_cue_soa.gen_mem[0].u_comp_ddr3.data_task: at time 111441466.0 ps INFO: WRITE @ DQS= bank = 0 row = 0000 col = 00000013 data = 4444
tb_a7ng_ddr_cue_soa.gen_mem[0].u_comp_ddr3.data_task: at time 111442966.0 ps INFO: WRITE @ DQS= bank = 0 row = 0000 col = 00000014 data = 4444
tb_a7ng_ddr_cue_soa.gen_mem[0].u_comp_ddr3.data_task: at time 111444466.0 ps INFO: WRITE @ DQS= bank = 0 row = 0000 col = 00000015 data = eeee
tb_a7ng_ddr_cue_soa.gen_mem[0].u_comp_ddr3.data_task: at time 111445966.0 ps INFO: WRITE @ DQS= bank = 0 row = 0000 col = 00000016 data = dddd
tb_a7ng_ddr_cue_soa.gen_mem[0].u_comp_ddr3.data_task: at time 111447466.0 ps INFO: WRITE @ DQS= bank = 0 row = 0000 col = 00000017 data = 8888
tb_a7ng_ddr_cue_soa.gen_mem[0].u_comp_ddr3.data_task: at time 111448966.0 ps INFO: WRITE @ DQS= bank = 0 row = 0000 col = 00000018 data = bbbb
tb_a7ng_ddr_cue_soa.gen_mem[0].u_comp_ddr3.data_task: at time 111450466.0 ps INFO: WRITE @ DQS= bank = 0 row = 0000 col = 00000019 data = 1111
tb_a7ng_ddr_cue_soa.gen_mem[0].u_comp_ddr3.data_task: at time 111451966.0 ps INFO: WRITE @ DQS= bank = 0 row = 0000 col = 0000001a data = eeee
tb_a7ng_ddr_cue_soa.gen_mem[0].u_comp_ddr3.data_task: at time 111453466.0 ps INFO: WRITE @ DQS= bank = 0 row = 0000 col = 0000001b data = 4444
tb_a7ng_ddr_cue_soa.gen_mem[0].u_comp_ddr3.data_task: at time 111454966.0 ps INFO: WRITE @ DQS= bank = 0 row = 0000 col = 0000001c data = 4444
tb_a7ng_ddr_cue_soa.gen_mem[0].u_comp_ddr3.data_task: at time 111456466.0 ps INFO: WRITE @ DQS= bank = 0 row = 0000 col = 0000001d data = eeee
tb_a7ng_ddr_cue_soa.gen_mem[0].u_comp_ddr3.data_task: at time 111457966.0 ps INFO: WRITE @ DQS= bank = 0 row = 0000 col = 0000001e data = dddd
tb_a7ng_ddr_cue_soa.gen_mem[0].u_comp_ddr3.data_task: at time 111459466.0 ps INFO: WRITE @ DQS= bank = 0 row = 0000 col = 0000001f data = 8888
tb_a7ng_ddr_cue_soa.gen_mem[0].u_comp_ddr3.cmd_task: at time 112992466.0 ps INFO: Read      bank 0 col 000, auto precharge 0
tb_a7ng_ddr_cue_soa.gen_mem[0].u_comp_ddr3.main: at time 112998466.0 ps INFO: Sync On Die Termination Rtt_NOM =          0 Ohm
tb_a7ng_ddr_cue_soa.gen_mem[0].u_comp_ddr3.data_task: at time 113005966.0 ps INFO: READ @ DQS= bank = 0 row = 0000 col = 00000000 data = ffff
tb_a7ng_ddr_cue_soa.gen_mem[0].u_comp_ddr3.data_task: at time 113007466.0 ps INFO: READ @ DQS= bank = 0 row = 0000 col = 00000001 data = 0000
tb_a7ng_ddr_cue_soa.gen_mem[0].u_comp_ddr3.data_task: at time 113008966.0 ps INFO: READ @ DQS= bank = 0 row = 0000 col = 00000002 data = aaaa
tb_a7ng_ddr_cue_soa.gen_mem[0].u_comp_ddr3.data_task: at time 113010466.0 ps INFO: READ @ DQS= bank = 0 row = 0000 col = 00000003 data = 5555
tb_a7ng_ddr_cue_soa.gen_mem[0].u_comp_ddr3.data_task: at time 113011966.0 ps INFO: READ @ DQS= bank = 0 row = 0000 col = 00000004 data = 5555
tb_a7ng_ddr_cue_soa.gen_mem[0].u_comp_ddr3.data_task: at time 113013466.0 ps INFO: READ @ DQS= bank = 0 row = 0000 col = 00000005 data = aaaa
tb_a7ng_ddr_cue_soa.gen_mem[0].u_comp_ddr3.data_task: at time 113014966.0 ps INFO: READ @ DQS= bank = 0 row = 0000 col = 00000006 data = 9999
tb_a7ng_ddr_cue_soa.gen_mem[0].u_comp_ddr3.data_task: at time 113016466.0 ps INFO: READ @ DQS= bank = 0 row = 0000 col = 00000007 data = 6666
tb_a7ng_ddr_cue_soa.gen_mem[0].u_comp_ddr3.cmd_task: at time 113520466.0 ps INFO: Read      bank 0 col 000, auto precharge 0
tb_a7ng_ddr_cue_soa.gen_mem[0].u_comp_ddr3.data_task: at time 113533966.0 ps INFO: READ @ DQS= bank = 0 row = 0000 col = 00000000 data = ffff
tb_a7ng_ddr_cue_soa.gen_mem[0].u_comp_ddr3.data_task: at time 113535466.0 ps INFO: READ @ DQS= bank = 0 row = 0000 col = 00000001 data = 0000
tb_a7ng_ddr_cue_soa.gen_mem[0].u_comp_ddr3.data_task: at time 113536966.0 ps INFO: READ @ DQS= bank = 0 row = 0000 col = 00000002 data = aaaa
tb_a7ng_ddr_cue_soa.gen_mem[0].u_comp_ddr3.data_task: at time 113538466.0 ps INFO: READ @ DQS= bank = 0 row = 0000 col = 00000003 data = 5555
tb_a7ng_ddr_cue_soa.gen_mem[0].u_comp_ddr3.data_task: at time 113539966.0 ps INFO: READ @ DQS= bank = 0 row = 0000 col = 00000004 data = 5555
tb_a7ng_ddr_cue_soa.gen_mem[0].u_comp_ddr3.data_task: at time 113541466.0 ps INFO: READ @ DQS= bank = 0 row = 0000 col = 00000005 data = aaaa
tb_a7ng_ddr_cue_soa.gen_mem[0].u_comp_ddr3.data_task: at time 113542966.0 ps INFO: READ @ DQS= bank = 0 row = 0000 col = 00000006 data = 9999
tb_a7ng_ddr_cue_soa.gen_mem[0].u_comp_ddr3.data_task: at time 113544466.0 ps INFO: READ @ DQS= bank = 0 row = 0000 col = 00000007 data = 6666
tb_a7ng_ddr_cue_soa.gen_mem[0].u_comp_ddr3.cmd_task: at time 115080466.0 ps INFO: Precharge All
tb_a7ng_ddr_cue_soa.gen_mem[0].u_comp_ddr3.cmd_task: at time 115080466.0 ps INFO: Precharge bank   0
tb_a7ng_ddr_cue_soa.gen_mem[0].u_comp_ddr3.cmd_task: at time 116640466.0 ps INFO: Refresh  
tb_a7ng_ddr_cue_soa.gen_mem[0].u_comp_ddr3.cmd_task: at time 118200466.0 ps INFO: Activate  bank 0 row 0000
PHY_INIT: Write Calibration completed at 120074725.0 ps
tb_a7ng_ddr_cue_soa.gen_mem[0].u_comp_ddr3.cmd_task: at time 121296466.0 ps INFO: Precharge All
tb_a7ng_ddr_cue_soa.gen_mem[0].u_comp_ddr3.cmd_task: at time 121296466.0 ps INFO: Precharge bank   0
tb_a7ng_ddr_cue_soa.gen_mem[0].u_comp_ddr3.cmd_task: at time 122973466.0 ps INFO: Refresh  
tb_a7ng_ddr_cue_soa.gen_mem[0].u_comp_ddr3.cmd_task: at time 123141466.0 ps INFO: Activate  bank 0 row 0000
tb_a7ng_ddr_cue_soa.gen_mem[0].u_comp_ddr3.cmd_task: at time 123216466.0 ps INFO: Read      bank 0 col 000, auto precharge 0
tb_a7ng_ddr_cue_soa.gen_mem[0].u_comp_ddr3.cmd_task: at time 123228466.0 ps INFO: Read      bank 0 col 000, auto precharge 0
tb_a7ng_ddr_cue_soa.gen_mem[0].u_comp_ddr3.data_task: at time 123229966.0 ps INFO: READ @ DQS= bank = 0 row = 0000 col = 00000000 data = ffff
tb_a7ng_ddr_cue_soa.gen_mem[0].u_comp_ddr3.data_task: at time 123231466.0 ps INFO: READ @ DQS= bank = 0 row = 0000 col = 00000001 data = 0000
tb_a7ng_ddr_cue_soa.gen_mem[0].u_comp_ddr3.data_task: at time 123232966.0 ps INFO: READ @ DQS= bank = 0 row = 0000 col = 00000002 data = aaaa
tb_a7ng_ddr_cue_soa.gen_mem[0].u_comp_ddr3.data_task: at time 123234466.0 ps INFO: READ @ DQS= bank = 0 row = 0000 col = 00000003 data = 5555
tb_a7ng_ddr_cue_soa.gen_mem[0].u_comp_ddr3.data_task: at time 123235966.0 ps INFO: READ @ DQS= bank = 0 row = 0000 col = 00000004 data = 5555
tb_a7ng_ddr_cue_soa.gen_mem[0].u_comp_ddr3.data_task: at time 123237466.0 ps INFO: READ @ DQS= bank = 0 row = 0000 col = 00000005 data = aaaa
tb_a7ng_ddr_cue_soa.gen_mem[0].u_comp_ddr3.data_task: at time 123238966.0 ps INFO: READ @ DQS= bank = 0 row = 0000 col = 00000006 data = 9999
tb_a7ng_ddr_cue_soa.gen_mem[0].u_comp_ddr3.data_task: at time 123240466.0 ps INFO: READ @ DQS= bank = 0 row = 0000 col = 00000007 data = 6666
tb_a7ng_ddr_cue_soa.gen_mem[0].u_comp_ddr3.data_task: at time 123241966.0 ps INFO: READ @ DQS= bank = 0 row = 0000 col = 00000000 data = ffff
tb_a7ng_ddr_cue_soa.gen_mem[0].u_comp_ddr3.data_task: at time 123243466.0 ps INFO: READ @ DQS= bank = 0 row = 0000 col = 00000001 data = 0000
tb_a7ng_ddr_cue_soa.gen_mem[0].u_comp_ddr3.data_task: at time 123244966.0 ps INFO: READ @ DQS= bank = 0 row = 0000 col = 00000002 data = aaaa
tb_a7ng_ddr_cue_soa.gen_mem[0].u_comp_ddr3.data_task: at time 123246466.0 ps INFO: READ @ DQS= bank = 0 row = 0000 col = 00000003 data = 5555
tb_a7ng_ddr_cue_soa.gen_mem[0].u_comp_ddr3.data_task: at time 123247966.0 ps INFO: READ @ DQS= bank = 0 row = 0000 col = 00000004 data = 5555
tb_a7ng_ddr_cue_soa.gen_mem[0].u_comp_ddr3.data_task: at time 123249466.0 ps INFO: READ @ DQS= bank = 0 row = 0000 col = 00000005 data = aaaa
tb_a7ng_ddr_cue_soa.gen_mem[0].u_comp_ddr3.data_task: at time 123250966.0 ps INFO: READ @ DQS= bank = 0 row = 0000 col = 00000006 data = 9999
tb_a7ng_ddr_cue_soa.gen_mem[0].u_comp_ddr3.data_task: at time 123252466.0 ps INFO: READ @ DQS= bank = 0 row = 0000 col = 00000007 data = 6666
tb_a7ng_ddr_cue_soa.gen_mem[0].u_comp_ddr3.cmd_task: at time 123279466.0 ps INFO: Precharge bank   0
tb_a7ng_ddr_cue_soa.gen_mem[0].u_comp_ddr3.cmd_task: at time 123309466.0 ps INFO: ZQ        long = 0
tb_a7ng_ddr_cue_soa.gen_mem[0].u_comp_ddr3.cmd_task: at time 123573466.0 ps INFO: Activate  bank 0 row 2000
tb_a7ng_ddr_cue_soa.gen_mem[0].u_comp_ddr3.cmd_task: at time 123588466.0 ps INFO: Write     bank 0 col 000, auto precharge 0
tb_a7ng_ddr_cue_soa.gen_mem[0].u_comp_ddr3.main: at time 123594466.0 ps INFO: Sync On Die Termination Rtt_NOM =         40 Ohm
tb_a7ng_ddr_cue_soa.gen_mem[0].u_comp_ddr3.data_task: at time 123604966.0 ps INFO: WRITE @ DQS= bank = 0 row = 2000 col = 00000000 data = 0000
tb_a7ng_ddr_cue_soa.gen_mem[0].u_comp_ddr3.data_task: at time 123606466.0 ps INFO: WRITE @ DQS= bank = 0 row = 2000 col = 00000001 data = 0000
tb_a7ng_ddr_cue_soa.gen_mem[0].u_comp_ddr3.data_task: at time 123607966.0 ps INFO: WRITE @ DQS= bank = 0 row = 2000 col = 00000002 data = 0001
tb_a7ng_ddr_cue_soa.gen_mem[0].u_comp_ddr3.data_task: at time 123609466.0 ps INFO: WRITE @ DQS= bank = 0 row = 2000 col = 00000003 data = 0000
tb_a7ng_ddr_cue_soa.gen_mem[0].u_comp_ddr3.data_task: at time 123610966.0 ps INFO: WRITE @ DQS= bank = 0 row = 2000 col = 00000004 data = 0002
tb_a7ng_ddr_cue_soa.gen_mem[0].u_comp_ddr3.data_task: at time 123612466.0 ps INFO: WRITE @ DQS= bank = 0 row = 2000 col = 00000005 data = 0000
tb_a7ng_ddr_cue_soa.gen_mem[0].u_comp_ddr3.data_task: at time 123613966.0 ps INFO: WRITE @ DQS= bank = 0 row = 2000 col = 00000006 data = 0003
tb_a7ng_ddr_cue_soa.gen_mem[0].u_comp_ddr3.data_task: at time 123615466.0 ps INFO: WRITE @ DQS= bank = 0 row = 2000 col = 00000007 data = 0000
tb_a7ng_ddr_cue_soa.gen_mem[0].u_comp_ddr3.main: at time 123618466.0 ps INFO: Sync On Die Termination Rtt_NOM =          0 Ohm
tb_a7ng_ddr_cue_soa.gen_mem[0].u_comp_ddr3.cmd_task: at time 123624466.0 ps INFO: Write     bank 0 col 008, auto precharge 0
tb_a7ng_ddr_cue_soa.gen_mem[0].u_comp_ddr3.main: at time 123630466.0 ps INFO: Sync On Die Termination Rtt_NOM =         40 Ohm
tb_a7ng_ddr_cue_soa.gen_mem[0].u_comp_ddr3.data_task: at time 123640966.0 ps INFO: WRITE @ DQS= bank = 0 row = 2000 col = 00000008 data = 0004
tb_a7ng_ddr_cue_soa.gen_mem[0].u_comp_ddr3.data_task: at time 123642466.0 ps INFO: WRITE @ DQS= bank = 0 row = 2000 col = 00000009 data = 0000
tb_a7ng_ddr_cue_soa.gen_mem[0].u_comp_ddr3.data_task: at time 123643966.0 ps INFO: WRITE @ DQS= bank = 0 row = 2000 col = 0000000a data = 0005
tb_a7ng_ddr_cue_soa.gen_mem[0].u_comp_ddr3.data_task: at time 123645466.0 ps INFO: WRITE @ DQS= bank = 0 row = 2000 col = 0000000b data = 0000
tb_a7ng_ddr_cue_soa.gen_mem[0].u_comp_ddr3.data_task: at time 123646966.0 ps INFO: WRITE @ DQS= bank = 0 row = 2000 col = 0000000c data = 0006
tb_a7ng_ddr_cue_soa.gen_mem[0].u_comp_ddr3.data_task: at time 123648466.0 ps INFO: WRITE @ DQS= bank = 0 row = 2000 col = 0000000d data = 0000
tb_a7ng_ddr_cue_soa.gen_mem[0].u_comp_ddr3.data_task: at time 123649966.0 ps INFO: WRITE @ DQS= bank = 0 row = 2000 col = 0000000e data = 0007
tb_a7ng_ddr_cue_soa.gen_mem[0].u_comp_ddr3.data_task: at time 123651466.0 ps INFO: WRITE @ DQS= bank = 0 row = 2000 col = 0000000f data = 0000
tb_a7ng_ddr_cue_soa.gen_mem[0].u_comp_ddr3.main: at time 123654466.0 ps INFO: Sync On Die Termination Rtt_NOM =          0 Ohm
tb_a7ng_ddr_cue_soa.gen_mem[0].u_comp_ddr3.cmd_task: at time 123672466.0 ps INFO: Write     bank 0 col 010, auto precharge 0
tb_a7ng_ddr_cue_soa.gen_mem[0].u_comp_ddr3.main: at time 123678466.0 ps INFO: Sync On Die Termination Rtt_NOM =         40 Ohm
tb_a7ng_ddr_cue_soa.gen_mem[0].u_comp_ddr3.data_task: at time 123688966.0 ps INFO: WRITE @ DQS= bank = 0 row = 2000 col = 00000010 data = 0008
tb_a7ng_ddr_cue_soa.gen_mem[0].u_comp_ddr3.data_task: at time 123690466.0 ps INFO: WRITE @ DQS= bank = 0 row = 2000 col = 00000011 data = 0000
tb_a7ng_ddr_cue_soa.gen_mem[0].u_comp_ddr3.data_task: at time 123691966.0 ps INFO: WRITE @ DQS= bank = 0 row = 2000 col = 00000012 data = 0009
tb_a7ng_ddr_cue_soa.gen_mem[0].u_comp_ddr3.data_task: at time 123693466.0 ps INFO: WRITE @ DQS= bank = 0 row = 2000 col = 00000013 data = 0000
tb_a7ng_ddr_cue_soa.gen_mem[0].u_comp_ddr3.data_task: at time 123694966.0 ps INFO: WRITE @ DQS= bank = 0 row = 2000 col = 00000014 data = 000a
tb_a7ng_ddr_cue_soa.gen_mem[0].u_comp_ddr3.data_task: at time 123696466.0 ps INFO: WRITE @ DQS= bank = 0 row = 2000 col = 00000015 data = 0000
tb_a7ng_ddr_cue_soa.gen_mem[0].u_comp_ddr3.data_task: at time 123697966.0 ps INFO: WRITE @ DQS= bank = 0 row = 2000 col = 00000016 data = 000b
tb_a7ng_ddr_cue_soa.gen_mem[0].u_comp_ddr3.data_task: at time 123699466.0 ps INFO: WRITE @ DQS= bank = 0 row = 2000 col = 00000017 data = 0000
tb_a7ng_ddr_cue_soa.gen_mem[0].u_comp_ddr3.main: at time 123702466.0 ps INFO: Sync On Die Termination Rtt_NOM =          0 Ohm
tb_a7ng_ddr_cue_soa.gen_mem[0].u_comp_ddr3.cmd_task: at time 123720466.0 ps INFO: Write     bank 0 col 018, auto precharge 0
tb_a7ng_ddr_cue_soa.gen_mem[0].u_comp_ddr3.main: at time 123726466.0 ps INFO: Sync On Die Termination Rtt_NOM =         40 Ohm
tb_a7ng_ddr_cue_soa.gen_mem[0].u_comp_ddr3.data_task: at time 123736966.0 ps INFO: WRITE @ DQS= bank = 0 row = 2000 col = 00000018 data = 000c
tb_a7ng_ddr_cue_soa.gen_mem[0].u_comp_ddr3.data_task: at time 123738466.0 ps INFO: WRITE @ DQS= bank = 0 row = 2000 col = 00000019 data = 0000
tb_a7ng_ddr_cue_soa.gen_mem[0].u_comp_ddr3.data_task: at time 123739966.0 ps INFO: WRITE @ DQS= bank = 0 row = 2000 col = 0000001a data = 000d
tb_a7ng_ddr_cue_soa.gen_mem[0].u_comp_ddr3.data_task: at time 123741466.0 ps INFO: WRITE @ DQS= bank = 0 row = 2000 col = 0000001b data = 0000
tb_a7ng_ddr_cue_soa.gen_mem[0].u_comp_ddr3.data_task: at time 123742966.0 ps INFO: WRITE @ DQS= bank = 0 row = 2000 col = 0000001c data = 000e
tb_a7ng_ddr_cue_soa.gen_mem[0].u_comp_ddr3.data_task: at time 123744466.0 ps INFO: WRITE @ DQS= bank = 0 row = 2000 col = 0000001d data = 0000
tb_a7ng_ddr_cue_soa.gen_mem[0].u_comp_ddr3.data_task: at time 123745966.0 ps INFO: WRITE @ DQS= bank = 0 row = 2000 col = 0000001e data = 000f
tb_a7ng_ddr_cue_soa.gen_mem[0].u_comp_ddr3.data_task: at time 123747466.0 ps INFO: WRITE @ DQS= bank = 0 row = 2000 col = 0000001f data = 0000
tb_a7ng_ddr_cue_soa.gen_mem[0].u_comp_ddr3.main: at time 123750466.0 ps INFO: Sync On Die Termination Rtt_NOM =          0 Ohm
tb_a7ng_ddr_cue_soa.gen_mem[0].u_comp_ddr3.cmd_task: at time 123768466.0 ps INFO: Write     bank 0 col 020, auto precharge 0
tb_a7ng_ddr_cue_soa.gen_mem[0].u_comp_ddr3.main: at time 123774466.0 ps INFO: Sync On Die Termination Rtt_NOM =         40 Ohm
tb_a7ng_ddr_cue_soa.gen_mem[0].u_comp_ddr3.data_task: at time 123784966.0 ps INFO: WRITE @ DQS= bank = 0 row = 2000 col = 00000020 data = 0010
tb_a7ng_ddr_cue_soa.gen_mem[0].u_comp_ddr3.data_task: at time 123786466.0 ps INFO: WRITE @ DQS= bank = 0 row = 2000 col = 00000021 data = 0000
tb_a7ng_ddr_cue_soa.gen_mem[0].u_comp_ddr3.data_task: at time 123787966.0 ps INFO: WRITE @ DQS= bank = 0 row = 2000 col = 00000022 data = 0011
tb_a7ng_ddr_cue_soa.gen_mem[0].u_comp_ddr3.data_task: at time 123789466.0 ps INFO: WRITE @ DQS= bank = 0 row = 2000 col = 00000023 data = 0000
tb_a7ng_ddr_cue_soa.gen_mem[0].u_comp_ddr3.data_task: at time 123790966.0 ps INFO: WRITE @ DQS= bank = 0 row = 2000 col = 00000024 data = 0012
tb_a7ng_ddr_cue_soa.gen_mem[0].u_comp_ddr3.data_task: at time 123792466.0 ps INFO: WRITE @ DQS= bank = 0 row = 2000 col = 00000025 data = 0000
tb_a7ng_ddr_cue_soa.gen_mem[0].u_comp_ddr3.data_task: at time 123793966.0 ps INFO: WRITE @ DQS= bank = 0 row = 2000 col = 00000026 data = 0013
tb_a7ng_ddr_cue_soa.gen_mem[0].u_comp_ddr3.data_task: at time 123795466.0 ps INFO: WRITE @ DQS= bank = 0 row = 2000 col = 00000027 data = 0000
tb_a7ng_ddr_cue_soa.gen_mem[0].u_comp_ddr3.main: at time 123798466.0 ps INFO: Sync On Die Termination Rtt_NOM =          0 Ohm
tb_a7ng_ddr_cue_soa.gen_mem[0].u_comp_ddr3.cmd_task: at time 123816466.0 ps INFO: Write     bank 0 col 028, auto precharge 0
tb_a7ng_ddr_cue_soa.gen_mem[0].u_comp_ddr3.main: at time 123822466.0 ps INFO: Sync On Die Termination Rtt_NOM =         40 Ohm
tb_a7ng_ddr_cue_soa.gen_mem[0].u_comp_ddr3.data_task: at time 123832966.0 ps INFO: WRITE @ DQS= bank = 0 row = 2000 col = 00000028 data = 0014
tb_a7ng_ddr_cue_soa.gen_mem[0].u_comp_ddr3.data_task: at time 123834466.0 ps INFO: WRITE @ DQS= bank = 0 row = 2000 col = 00000029 data = 0000
tb_a7ng_ddr_cue_soa.gen_mem[0].u_comp_ddr3.data_task: at time 123835966.0 ps INFO: WRITE @ DQS= bank = 0 row = 2000 col = 0000002a data = 0015
tb_a7ng_ddr_cue_soa.gen_mem[0].u_comp_ddr3.data_task: at time 123837466.0 ps INFO: WRITE @ DQS= bank = 0 row = 2000 col = 0000002b data = 0000
tb_a7ng_ddr_cue_soa.gen_mem[0].u_comp_ddr3.data_task: at time 123838966.0 ps INFO: WRITE @ DQS= bank = 0 row = 2000 col = 0000002c data = 0016
tb_a7ng_ddr_cue_soa.gen_mem[0].u_comp_ddr3.data_task: at time 123840466.0 ps INFO: WRITE @ DQS= bank = 0 row = 2000 col = 0000002d data = 0000
tb_a7ng_ddr_cue_soa.gen_mem[0].u_comp_ddr3.data_task: at time 123841966.0 ps INFO: WRITE @ DQS= bank = 0 row = 2000 col = 0000002e data = 0017
tb_a7ng_ddr_cue_soa.gen_mem[0].u_comp_ddr3.data_task: at time 123843466.0 ps INFO: WRITE @ DQS= bank = 0 row = 2000 col = 0000002f data = 0000
tb_a7ng_ddr_cue_soa.gen_mem[0].u_comp_ddr3.main: at time 123846466.0 ps INFO: Sync On Die Termination Rtt_NOM =          0 Ohm
tb_a7ng_ddr_cue_soa.gen_mem[0].u_comp_ddr3.cmd_task: at time 123864466.0 ps INFO: Write     bank 0 col 030, auto precharge 0
tb_a7ng_ddr_cue_soa.gen_mem[0].u_comp_ddr3.main: at time 123870466.0 ps INFO: Sync On Die Termination Rtt_NOM =         40 Ohm
tb_a7ng_ddr_cue_soa.gen_mem[0].u_comp_ddr3.data_task: at time 123880966.0 ps INFO: WRITE @ DQS= bank = 0 row = 2000 col = 00000030 data = 0018
tb_a7ng_ddr_cue_soa.gen_mem[0].u_comp_ddr3.data_task: at time 123882466.0 ps INFO: WRITE @ DQS= bank = 0 row = 2000 col = 00000031 data = 0000
tb_a7ng_ddr_cue_soa.gen_mem[0].u_comp_ddr3.data_task: at time 123883966.0 ps INFO: WRITE @ DQS= bank = 0 row = 2000 col = 00000032 data = 0019
tb_a7ng_ddr_cue_soa.gen_mem[0].u_comp_ddr3.data_task: at time 123885466.0 ps INFO: WRITE @ DQS= bank = 0 row = 2000 col = 00000033 data = 0000
tb_a7ng_ddr_cue_soa.gen_mem[0].u_comp_ddr3.data_task: at time 123886966.0 ps INFO: WRITE @ DQS= bank = 0 row = 2000 col = 00000034 data = 001a
tb_a7ng_ddr_cue_soa.gen_mem[0].u_comp_ddr3.data_task: at time 123888466.0 ps INFO: WRITE @ DQS= bank = 0 row = 2000 col = 00000035 data = 0000
tb_a7ng_ddr_cue_soa.gen_mem[0].u_comp_ddr3.data_task: at time 123889966.0 ps INFO: WRITE @ DQS= bank = 0 row = 2000 col = 00000036 data = 001b
tb_a7ng_ddr_cue_soa.gen_mem[0].u_comp_ddr3.data_task: at time 123891466.0 ps INFO: WRITE @ DQS= bank = 0 row = 2000 col = 00000037 data = 0000
tb_a7ng_ddr_cue_soa.gen_mem[0].u_comp_ddr3.main: at time 123894466.0 ps INFO: Sync On Die Termination Rtt_NOM =          0 Ohm
tb_a7ng_ddr_cue_soa.gen_mem[0].u_comp_ddr3.cmd_task: at time 123912466.0 ps INFO: Write     bank 0 col 038, auto precharge 0
tb_a7ng_ddr_cue_soa.gen_mem[0].u_comp_ddr3.main: at time 123918466.0 ps INFO: Sync On Die Termination Rtt_NOM =         40 Ohm
tb_a7ng_ddr_cue_soa.gen_mem[0].u_comp_ddr3.data_task: at time 123928966.0 ps INFO: WRITE @ DQS= bank = 0 row = 2000 col = 00000038 data = 001c
tb_a7ng_ddr_cue_soa.gen_mem[0].u_comp_ddr3.data_task: at time 123930466.0 ps INFO: WRITE @ DQS= bank = 0 row = 2000 col = 00000039 data = 0000
tb_a7ng_ddr_cue_soa.gen_mem[0].u_comp_ddr3.data_task: at time 123931966.0 ps INFO: WRITE @ DQS= bank = 0 row = 2000 col = 0000003a data = 001d
tb_a7ng_ddr_cue_soa.gen_mem[0].u_comp_ddr3.data_task: at time 123933466.0 ps INFO: WRITE @ DQS= bank = 0 row = 2000 col = 0000003b data = 0000
tb_a7ng_ddr_cue_soa.gen_mem[0].u_comp_ddr3.data_task: at time 123934966.0 ps INFO: WRITE @ DQS= bank = 0 row = 2000 col = 0000003c data = 001e
tb_a7ng_ddr_cue_soa.gen_mem[0].u_comp_ddr3.data_task: at time 123936466.0 ps INFO: WRITE @ DQS= bank = 0 row = 2000 col = 0000003d data = 0000
tb_a7ng_ddr_cue_soa.gen_mem[0].u_comp_ddr3.data_task: at time 123937966.0 ps INFO: WRITE @ DQS= bank = 0 row = 2000 col = 0000003e data = 001f
tb_a7ng_ddr_cue_soa.gen_mem[0].u_comp_ddr3.data_task: at time 123939466.0 ps INFO: WRITE @ DQS= bank = 0 row = 2000 col = 0000003f data = 0000
tb_a7ng_ddr_cue_soa.gen_mem[0].u_comp_ddr3.main: at time 123942466.0 ps INFO: Sync On Die Termination Rtt_NOM =          0 Ohm
tb_a7ng_ddr_cue_soa.gen_mem[0].u_comp_ddr3.cmd_task: at time 123960466.0 ps INFO: Write     bank 0 col 040, auto precharge 0
tb_a7ng_ddr_cue_soa.gen_mem[0].u_comp_ddr3.main: at time 123966466.0 ps INFO: Sync On Die Termination Rtt_NOM =         40 Ohm
tb_a7ng_ddr_cue_soa.gen_mem[0].u_comp_ddr3.data_task: at time 123976966.0 ps INFO: WRITE @ DQS= bank = 0 row = 2000 col = 00000040 data = 0020
tb_a7ng_ddr_cue_soa.gen_mem[0].u_comp_ddr3.data_task: at time 123978466.0 ps INFO: WRITE @ DQS= bank = 0 row = 2000 col = 00000041 data = 0000
tb_a7ng_ddr_cue_soa.gen_mem[0].u_comp_ddr3.data_task: at time 123979966.0 ps INFO: WRITE @ DQS= bank = 0 row = 2000 col = 00000042 data = 0021
tb_a7ng_ddr_cue_soa.gen_mem[0].u_comp_ddr3.data_task: at time 123981466.0 ps INFO: WRITE @ DQS= bank = 0 row = 2000 col = 00000043 data = 0000
tb_a7ng_ddr_cue_soa.gen_mem[0].u_comp_ddr3.data_task: at time 123982966.0 ps INFO: WRITE @ DQS= bank = 0 row = 2000 col = 00000044 data = 0022
tb_a7ng_ddr_cue_soa.gen_mem[0].u_comp_ddr3.data_task: at time 123984466.0 ps INFO: WRITE @ DQS= bank = 0 row = 2000 col = 00000045 data = 0000
tb_a7ng_ddr_cue_soa.gen_mem[0].u_comp_ddr3.data_task: at time 123985966.0 ps INFO: WRITE @ DQS= bank = 0 row = 2000 col = 00000046 data = 0023
tb_a7ng_ddr_cue_soa.gen_mem[0].u_comp_ddr3.data_task: at time 123987466.0 ps INFO: WRITE @ DQS= bank = 0 row = 2000 col = 00000047 data = 0000
tb_a7ng_ddr_cue_soa.gen_mem[0].u_comp_ddr3.main: at time 123990466.0 ps INFO: Sync On Die Termination Rtt_NOM =          0 Ohm
tb_a7ng_ddr_cue_soa.gen_mem[0].u_comp_ddr3.cmd_task: at time 124008466.0 ps INFO: Write     bank 0 col 048, auto precharge 0
tb_a7ng_ddr_cue_soa.gen_mem[0].u_comp_ddr3.main: at time 124014466.0 ps INFO: Sync On Die Termination Rtt_NOM =         40 Ohm
tb_a7ng_ddr_cue_soa.gen_mem[0].u_comp_ddr3.data_task: at time 124024966.0 ps INFO: WRITE @ DQS= bank = 0 row = 2000 col = 00000048 data = 0024
tb_a7ng_ddr_cue_soa.gen_mem[0].u_comp_ddr3.data_task: at time 124026466.0 ps INFO: WRITE @ DQS= bank = 0 row = 2000 col = 00000049 data = 0000
tb_a7ng_ddr_cue_soa.gen_mem[0].u_comp_ddr3.data_task: at time 124027966.0 ps INFO: WRITE @ DQS= bank = 0 row = 2000 col = 0000004a data = 0025
tb_a7ng_ddr_cue_soa.gen_mem[0].u_comp_ddr3.data_task: at time 124029466.0 ps INFO: WRITE @ DQS= bank = 0 row = 2000 col = 0000004b data = 0000
tb_a7ng_ddr_cue_soa.gen_mem[0].u_comp_ddr3.data_task: at time 124030966.0 ps INFO: WRITE @ DQS= bank = 0 row = 2000 col = 0000004c data = 0026
tb_a7ng_ddr_cue_soa.gen_mem[0].u_comp_ddr3.data_task: at time 124032466.0 ps INFO: WRITE @ DQS= bank = 0 row = 2000 col = 0000004d data = 0000
tb_a7ng_ddr_cue_soa.gen_mem[0].u_comp_ddr3.data_task: at time 124033966.0 ps INFO: WRITE @ DQS= bank = 0 row = 2000 col = 0000004e data = 0027
tb_a7ng_ddr_cue_soa.gen_mem[0].u_comp_ddr3.data_task: at time 124035466.0 ps INFO: WRITE @ DQS= bank = 0 row = 2000 col = 0000004f data = 0000
tb_a7ng_ddr_cue_soa.gen_mem[0].u_comp_ddr3.main: at time 124038466.0 ps INFO: Sync On Die Termination Rtt_NOM =          0 Ohm
tb_a7ng_ddr_cue_soa.gen_mem[0].u_comp_ddr3.cmd_task: at time 124056466.0 ps INFO: Write     bank 0 col 050, auto precharge 0
tb_a7ng_ddr_cue_soa.gen_mem[0].u_comp_ddr3.main: at time 124062466.0 ps INFO: Sync On Die Termination Rtt_NOM =         40 Ohm
tb_a7ng_ddr_cue_soa.gen_mem[0].u_comp_ddr3.data_task: at time 124072966.0 ps INFO: WRITE @ DQS= bank = 0 row = 2000 col = 00000050 data = 0028
tb_a7ng_ddr_cue_soa.gen_mem[0].u_comp_ddr3.data_task: at time 124074466.0 ps INFO: WRITE @ DQS= bank = 0 row = 2000 col = 00000051 data = 0000
tb_a7ng_ddr_cue_soa.gen_mem[0].u_comp_ddr3.data_task: at time 124075966.0 ps INFO: WRITE @ DQS= bank = 0 row = 2000 col = 00000052 data = 0029
tb_a7ng_ddr_cue_soa.gen_mem[0].u_comp_ddr3.data_task: at time 124077466.0 ps INFO: WRITE @ DQS= bank = 0 row = 2000 col = 00000053 data = 0000
tb_a7ng_ddr_cue_soa.gen_mem[0].u_comp_ddr3.data_task: at time 124078966.0 ps INFO: WRITE @ DQS= bank = 0 row = 2000 col = 00000054 data = 002a
tb_a7ng_ddr_cue_soa.gen_mem[0].u_comp_ddr3.data_task: at time 124080466.0 ps INFO: WRITE @ DQS= bank = 0 row = 2000 col = 00000055 data = 0000
tb_a7ng_ddr_cue_soa.gen_mem[0].u_comp_ddr3.data_task: at time 124081966.0 ps INFO: WRITE @ DQS= bank = 0 row = 2000 col = 00000056 data = 002b
tb_a7ng_ddr_cue_soa.gen_mem[0].u_comp_ddr3.data_task: at time 124083466.0 ps INFO: WRITE @ DQS= bank = 0 row = 2000 col = 00000057 data = 0000
tb_a7ng_ddr_cue_soa.gen_mem[0].u_comp_ddr3.main: at time 124086466.0 ps INFO: Sync On Die Termination Rtt_NOM =          0 Ohm
tb_a7ng_ddr_cue_soa.gen_mem[0].u_comp_ddr3.cmd_task: at time 124104466.0 ps INFO: Write     bank 0 col 058, auto precharge 0
tb_a7ng_ddr_cue_soa.gen_mem[0].u_comp_ddr3.main: at time 124110466.0 ps INFO: Sync On Die Termination Rtt_NOM =         40 Ohm
tb_a7ng_ddr_cue_soa.gen_mem[0].u_comp_ddr3.data_task: at time 124120966.0 ps INFO: WRITE @ DQS= bank = 0 row = 2000 col = 00000058 data = 002c
tb_a7ng_ddr_cue_soa.gen_mem[0].u_comp_ddr3.data_task: at time 124122466.0 ps INFO: WRITE @ DQS= bank = 0 row = 2000 col = 00000059 data = 0000
tb_a7ng_ddr_cue_soa.gen_mem[0].u_comp_ddr3.data_task: at time 124123966.0 ps INFO: WRITE @ DQS= bank = 0 row = 2000 col = 0000005a data = 002d
tb_a7ng_ddr_cue_soa.gen_mem[0].u_comp_ddr3.data_task: at time 124125466.0 ps INFO: WRITE @ DQS= bank = 0 row = 2000 col = 0000005b data = 0000
tb_a7ng_ddr_cue_soa.gen_mem[0].u_comp_ddr3.data_task: at time 124126966.0 ps INFO: WRITE @ DQS= bank = 0 row = 2000 col = 0000005c data = 002e
tb_a7ng_ddr_cue_soa.gen_mem[0].u_comp_ddr3.data_task: at time 124128466.0 ps INFO: WRITE @ DQS= bank = 0 row = 2000 col = 0000005d data = 0000
tb_a7ng_ddr_cue_soa.gen_mem[0].u_comp_ddr3.data_task: at time 124129966.0 ps INFO: WRITE @ DQS= bank = 0 row = 2000 col = 0000005e data = 002f
tb_a7ng_ddr_cue_soa.gen_mem[0].u_comp_ddr3.data_task: at time 124131466.0 ps INFO: WRITE @ DQS= bank = 0 row = 2000 col = 0000005f data = 0000
tb_a7ng_ddr_cue_soa.gen_mem[0].u_comp_ddr3.main: at time 124134466.0 ps INFO: Sync On Die Termination Rtt_NOM =          0 Ohm
tb_a7ng_ddr_cue_soa.gen_mem[0].u_comp_ddr3.cmd_task: at time 124152466.0 ps INFO: Read      bank 0 col 058, auto precharge 0
tb_a7ng_ddr_cue_soa.gen_mem[0].u_comp_ddr3.cmd_task: at time 124164466.0 ps INFO: Read      bank 0 col 058, auto precharge 0
tb_a7ng_ddr_cue_soa.gen_mem[0].u_comp_ddr3.data_task: at time 124165966.0 ps INFO: READ @ DQS= bank = 0 row = 2000 col = 00000058 data = 002c
tb_a7ng_ddr_cue_soa.gen_mem[0].u_comp_ddr3.data_task: at time 124167466.0 ps INFO: READ @ DQS= bank = 0 row = 2000 col = 00000059 data = 0000
tb_a7ng_ddr_cue_soa.gen_mem[0].u_comp_ddr3.data_task: at time 124168966.0 ps INFO: READ @ DQS= bank = 0 row = 2000 col = 0000005a data = 002d
tb_a7ng_ddr_cue_soa.gen_mem[0].u_comp_ddr3.data_task: at time 124170466.0 ps INFO: READ @ DQS= bank = 0 row = 2000 col = 0000005b data = 0000
tb_a7ng_ddr_cue_soa.gen_mem[0].u_comp_ddr3.data_task: at time 124171966.0 ps INFO: READ @ DQS= bank = 0 row = 2000 col = 0000005c data = 002e
tb_a7ng_ddr_cue_soa.gen_mem[0].u_comp_ddr3.data_task: at time 124173466.0 ps INFO: READ @ DQS= bank = 0 row = 2000 col = 0000005d data = 0000
tb_a7ng_ddr_cue_soa.gen_mem[0].u_comp_ddr3.data_task: at time 124174966.0 ps INFO: READ @ DQS= bank = 0 row = 2000 col = 0000005e data = 002f
tb_a7ng_ddr_cue_soa.gen_mem[0].u_comp_ddr3.data_task: at time 124176466.0 ps INFO: READ @ DQS= bank = 0 row = 2000 col = 0000005f data = 0000
tb_a7ng_ddr_cue_soa.gen_mem[0].u_comp_ddr3.data_task: at time 124177966.0 ps INFO: READ @ DQS= bank = 0 row = 2000 col = 00000058 data = 002c
tb_a7ng_ddr_cue_soa.gen_mem[0].u_comp_ddr3.data_task: at time 124179466.0 ps INFO: READ @ DQS= bank = 0 row = 2000 col = 00000059 data = 0000
tb_a7ng_ddr_cue_soa.gen_mem[0].u_comp_ddr3.data_task: at time 124180966.0 ps INFO: READ @ DQS= bank = 0 row = 2000 col = 0000005a data = 002d
tb_a7ng_ddr_cue_soa.gen_mem[0].u_comp_ddr3.data_task: at time 124182466.0 ps INFO: READ @ DQS= bank = 0 row = 2000 col = 0000005b data = 0000
tb_a7ng_ddr_cue_soa.gen_mem[0].u_comp_ddr3.data_task: at time 124183966.0 ps INFO: READ @ DQS= bank = 0 row = 2000 col = 0000005c data = 002e
tb_a7ng_ddr_cue_soa.gen_mem[0].u_comp_ddr3.data_task: at time 124185466.0 ps INFO: READ @ DQS= bank = 0 row = 2000 col = 0000005d data = 0000
tb_a7ng_ddr_cue_soa.gen_mem[0].u_comp_ddr3.data_task: at time 124186966.0 ps INFO: READ @ DQS= bank = 0 row = 2000 col = 0000005e data = 002f
tb_a7ng_ddr_cue_soa.gen_mem[0].u_comp_ddr3.data_task: at time 124188466.0 ps INFO: READ @ DQS= bank = 0 row = 2000 col = 0000005f data = 0000
tb_a7ng_ddr_cue_soa.gen_mem[0].u_comp_ddr3.cmd_task: at time 124188466.0 ps INFO: Write     bank 0 col 060, auto precharge 0
tb_a7ng_ddr_cue_soa.gen_mem[0].u_comp_ddr3.main: at time 124194466.0 ps INFO: Sync On Die Termination Rtt_NOM =         40 Ohm
tb_a7ng_ddr_cue_soa.gen_mem[0].u_comp_ddr3.cmd_task: at time 124200466.0 ps INFO: Write     bank 0 col 068, auto precharge 0
tb_a7ng_ddr_cue_soa.gen_mem[0].u_comp_ddr3.data_task: at time 124204966.0 ps INFO: WRITE @ DQS= bank = 0 row = 2000 col = 00000060 data = 0030
tb_a7ng_ddr_cue_soa.gen_mem[0].u_comp_ddr3.data_task: at time 124206466.0 ps INFO: WRITE @ DQS= bank = 0 row = 2000 col = 00000061 data = 0000
tb_a7ng_ddr_cue_soa.gen_mem[0].u_comp_ddr3.data_task: at time 124207966.0 ps INFO: WRITE @ DQS= bank = 0 row = 2000 col = 00000062 data = 0031
tb_a7ng_ddr_cue_soa.gen_mem[0].u_comp_ddr3.data_task: at time 124209466.0 ps INFO: WRITE @ DQS= bank = 0 row = 2000 col = 00000063 data = 0000
tb_a7ng_ddr_cue_soa.gen_mem[0].u_comp_ddr3.data_task: at time 124210966.0 ps INFO: WRITE @ DQS= bank = 0 row = 2000 col = 00000064 data = 0032
tb_a7ng_ddr_cue_soa.gen_mem[0].u_comp_ddr3.data_task: at time 124212466.0 ps INFO: WRITE @ DQS= bank = 0 row = 2000 col = 00000065 data = 0000
tb_a7ng_ddr_cue_soa.gen_mem[0].u_comp_ddr3.data_task: at time 124213966.0 ps INFO: WRITE @ DQS= bank = 0 row = 2000 col = 00000066 data = 0033
tb_a7ng_ddr_cue_soa.gen_mem[0].u_comp_ddr3.data_task: at time 124215466.0 ps INFO: WRITE @ DQS= bank = 0 row = 2000 col = 00000067 data = 0000
tb_a7ng_ddr_cue_soa.gen_mem[0].u_comp_ddr3.data_task: at time 124216966.0 ps INFO: WRITE @ DQS= bank = 0 row = 2000 col = 00000068 data = 0034
tb_a7ng_ddr_cue_soa.gen_mem[0].u_comp_ddr3.data_task: at time 124218466.0 ps INFO: WRITE @ DQS= bank = 0 row = 2000 col = 00000069 data = 0000
tb_a7ng_ddr_cue_soa.gen_mem[0].u_comp_ddr3.data_task: at time 124219966.0 ps INFO: WRITE @ DQS= bank = 0 row = 2000 col = 0000006a data = 0035
tb_a7ng_ddr_cue_soa.gen_mem[0].u_comp_ddr3.data_task: at time 124221466.0 ps INFO: WRITE @ DQS= bank = 0 row = 2000 col = 0000006b data = 0000
tb_a7ng_ddr_cue_soa.gen_mem[0].u_comp_ddr3.data_task: at time 124222966.0 ps INFO: WRITE @ DQS= bank = 0 row = 2000 col = 0000006c data = 0036
tb_a7ng_ddr_cue_soa.gen_mem[0].u_comp_ddr3.data_task: at time 124224466.0 ps INFO: WRITE @ DQS= bank = 0 row = 2000 col = 0000006d data = 0000
tb_a7ng_ddr_cue_soa.gen_mem[0].u_comp_ddr3.data_task: at time 124225966.0 ps INFO: WRITE @ DQS= bank = 0 row = 2000 col = 0000006e data = 0037
tb_a7ng_ddr_cue_soa.gen_mem[0].u_comp_ddr3.data_task: at time 124227466.0 ps INFO: WRITE @ DQS= bank = 0 row = 2000 col = 0000006f data = 0000
tb_a7ng_ddr_cue_soa.gen_mem[0].u_comp_ddr3.main: at time 124230466.0 ps INFO: Sync On Die Termination Rtt_NOM =          0 Ohm
tb_a7ng_ddr_cue_soa.gen_mem[0].u_comp_ddr3.cmd_task: at time 124248466.0 ps INFO: Write     bank 0 col 070, auto precharge 0
tb_a7ng_ddr_cue_soa.gen_mem[0].u_comp_ddr3.main: at time 124254466.0 ps INFO: Sync On Die Termination Rtt_NOM =         40 Ohm
tb_a7ng_ddr_cue_soa.gen_mem[0].u_comp_ddr3.data_task: at time 124264966.0 ps INFO: WRITE @ DQS= bank = 0 row = 2000 col = 00000070 data = 0038
tb_a7ng_ddr_cue_soa.gen_mem[0].u_comp_ddr3.data_task: at time 124266466.0 ps INFO: WRITE @ DQS= bank = 0 row = 2000 col = 00000071 data = 0000
tb_a7ng_ddr_cue_soa.gen_mem[0].u_comp_ddr3.data_task: at time 124267966.0 ps INFO: WRITE @ DQS= bank = 0 row = 2000 col = 00000072 data = 0039
tb_a7ng_ddr_cue_soa.gen_mem[0].u_comp_ddr3.data_task: at time 124269466.0 ps INFO: WRITE @ DQS= bank = 0 row = 2000 col = 00000073 data = 0000
tb_a7ng_ddr_cue_soa.gen_mem[0].u_comp_ddr3.data_task: at time 124270966.0 ps INFO: WRITE @ DQS= bank = 0 row = 2000 col = 00000074 data = 003a
tb_a7ng_ddr_cue_soa.gen_mem[0].u_comp_ddr3.data_task: at time 124272466.0 ps INFO: WRITE @ DQS= bank = 0 row = 2000 col = 00000075 data = 0000
tb_a7ng_ddr_cue_soa.gen_mem[0].u_comp_ddr3.data_task: at time 124273966.0 ps INFO: WRITE @ DQS= bank = 0 row = 2000 col = 00000076 data = 003b
tb_a7ng_ddr_cue_soa.gen_mem[0].u_comp_ddr3.data_task: at time 124275466.0 ps INFO: WRITE @ DQS= bank = 0 row = 2000 col = 00000077 data = 0000
tb_a7ng_ddr_cue_soa.gen_mem[0].u_comp_ddr3.main: at time 124278466.0 ps INFO: Sync On Die Termination Rtt_NOM =          0 Ohm
tb_a7ng_ddr_cue_soa.gen_mem[0].u_comp_ddr3.cmd_task: at time 124296466.0 ps INFO: Write     bank 0 col 078, auto precharge 0
tb_a7ng_ddr_cue_soa.gen_mem[0].u_comp_ddr3.main: at time 124302466.0 ps INFO: Sync On Die Termination Rtt_NOM =         40 Ohm
tb_a7ng_ddr_cue_soa.gen_mem[0].u_comp_ddr3.data_task: at time 124312966.0 ps INFO: WRITE @ DQS= bank = 0 row = 2000 col = 00000078 data = 003c
tb_a7ng_ddr_cue_soa.gen_mem[0].u_comp_ddr3.data_task: at time 124314466.0 ps INFO: WRITE @ DQS= bank = 0 row = 2000 col = 00000079 data = 0000
tb_a7ng_ddr_cue_soa.gen_mem[0].u_comp_ddr3.data_task: at time 124315966.0 ps INFO: WRITE @ DQS= bank = 0 row = 2000 col = 0000007a data = 003d
tb_a7ng_ddr_cue_soa.gen_mem[0].u_comp_ddr3.data_task: at time 124317466.0 ps INFO: WRITE @ DQS= bank = 0 row = 2000 col = 0000007b data = 0000
tb_a7ng_ddr_cue_soa.gen_mem[0].u_comp_ddr3.data_task: at time 124318966.0 ps INFO: WRITE @ DQS= bank = 0 row = 2000 col = 0000007c data = 003e
tb_a7ng_ddr_cue_soa.gen_mem[0].u_comp_ddr3.data_task: at time 124320466.0 ps INFO: WRITE @ DQS= bank = 0 row = 2000 col = 0000007d data = 0000
tb_a7ng_ddr_cue_soa.gen_mem[0].u_comp_ddr3.data_task: at time 124321966.0 ps INFO: WRITE @ DQS= bank = 0 row = 2000 col = 0000007e data = 003f
tb_a7ng_ddr_cue_soa.gen_mem[0].u_comp_ddr3.data_task: at time 124323466.0 ps INFO: WRITE @ DQS= bank = 0 row = 2000 col = 0000007f data = 0000
tb_a7ng_ddr_cue_soa.gen_mem[0].u_comp_ddr3.main: at time 124326466.0 ps INFO: Sync On Die Termination Rtt_NOM =          0 Ohm
tb_a7ng_ddr_cue_soa.gen_mem[0].u_comp_ddr3.cmd_task: at time 124359466.0 ps INFO: Precharge bank   0
tb_a7ng_ddr_cue_soa.gen_mem[0].u_comp_ddr3.cmd_task: at time 124389466.0 ps INFO: Activate  bank 0 row 2200
tb_a7ng_ddr_cue_soa.gen_mem[0].u_comp_ddr3.cmd_task: at time 124404466.0 ps INFO: Write     bank 0 col 000, auto precharge 0
tb_a7ng_ddr_cue_soa.gen_mem[0].u_comp_ddr3.main: at time 124410466.0 ps INFO: Sync On Die Termination Rtt_NOM =         40 Ohm
tb_a7ng_ddr_cue_soa.gen_mem[0].u_comp_ddr3.cmd_task: at time 124416466.0 ps INFO: Write     bank 0 col 008, auto precharge 0
tb_a7ng_ddr_cue_soa.gen_mem[0].u_comp_ddr3.data_task: at time 124420966.0 ps INFO: WRITE @ DQS= bank = 0 row = 2200 col = 00000000 data = ffff
tb_a7ng_ddr_cue_soa.gen_mem[0].u_comp_ddr3.data_task: at time 124422466.0 ps INFO: WRITE @ DQS= bank = 0 row = 2200 col = 00000001 data = 2201
tb_a7ng_ddr_cue_soa.gen_mem[0].u_comp_ddr3.data_task: at time 124423966.0 ps INFO: WRITE @ DQS= bank = 0 row = 2200 col = 00000002 data = 0000
tb_a7ng_ddr_cue_soa.gen_mem[0].u_comp_ddr3.data_task: at time 124425466.0 ps INFO: WRITE @ DQS= bank = 0 row = 2200 col = 00000003 data = ddfe
tb_a7ng_ddr_cue_soa.gen_mem[0].u_comp_ddr3.data_task: at time 124426966.0 ps INFO: WRITE @ DQS= bank = 0 row = 2200 col = 00000004 data = fffe
tb_a7ng_ddr_cue_soa.gen_mem[0].u_comp_ddr3.data_task: at time 124428466.0 ps INFO: WRITE @ DQS= bank = 0 row = 2200 col = 00000005 data = 2201
tb_a7ng_ddr_cue_soa.gen_mem[0].u_comp_ddr3.data_task: at time 124429966.0 ps INFO: WRITE @ DQS= bank = 0 row = 2200 col = 00000006 data = 0001
tb_a7ng_ddr_cue_soa.gen_mem[0].u_comp_ddr3.data_task: at time 124431466.0 ps INFO: WRITE @ DQS= bank = 0 row = 2200 col = 00000007 data = ddfe
tb_a7ng_ddr_cue_soa.gen_mem[0].u_comp_ddr3.data_task: at time 124432966.0 ps INFO: WRITE @ DQS= bank = 0 row = 2200 col = 00000008 data = fffd
tb_a7ng_ddr_cue_soa.gen_mem[0].u_comp_ddr3.data_task: at time 124434466.0 ps INFO: WRITE @ DQS= bank = 0 row = 2200 col = 00000009 data = 2201
tb_a7ng_ddr_cue_soa.gen_mem[0].u_comp_ddr3.data_task: at time 124435966.0 ps INFO: WRITE @ DQS= bank = 0 row = 2200 col = 0000000a data = 0002
tb_a7ng_ddr_cue_soa.gen_mem[0].u_comp_ddr3.data_task: at time 124437466.0 ps INFO: WRITE @ DQS= bank = 0 row = 2200 col = 0000000b data = ddfe
tb_a7ng_ddr_cue_soa.gen_mem[0].u_comp_ddr3.data_task: at time 124438966.0 ps INFO: WRITE @ DQS= bank = 0 row = 2200 col = 0000000c data = fffc
tb_a7ng_ddr_cue_soa.gen_mem[0].u_comp_ddr3.data_task: at time 124440466.0 ps INFO: WRITE @ DQS= bank = 0 row = 2200 col = 0000000d data = 2201
tb_a7ng_ddr_cue_soa.gen_mem[0].u_comp_ddr3.cmd_task: at time 124440466.0 ps INFO: Write     bank 0 col 010, auto precharge 0
tb_a7ng_ddr_cue_soa.gen_mem[0].u_comp_ddr3.data_task: at time 124441966.0 ps INFO: WRITE @ DQS= bank = 0 row = 2200 col = 0000000e data = 0003
tb_a7ng_ddr_cue_soa.gen_mem[0].u_comp_ddr3.data_task: at time 124443466.0 ps INFO: WRITE @ DQS= bank = 0 row = 2200 col = 0000000f data = ddfe
tb_a7ng_ddr_cue_soa.gen_mem[0].u_comp_ddr3.data_task: at time 124456966.0 ps INFO: WRITE @ DQS= bank = 0 row = 2200 col = 00000010 data = fffb
tb_a7ng_ddr_cue_soa.gen_mem[0].u_comp_ddr3.data_task: at time 124458466.0 ps INFO: WRITE @ DQS= bank = 0 row = 2200 col = 00000011 data = 2201
tb_a7ng_ddr_cue_soa.gen_mem[0].u_comp_ddr3.data_task: at time 124459966.0 ps INFO: WRITE @ DQS= bank = 0 row = 2200 col = 00000012 data = 0004
tb_a7ng_ddr_cue_soa.gen_mem[0].u_comp_ddr3.data_task: at time 124461466.0 ps INFO: WRITE @ DQS= bank = 0 row = 2200 col = 00000013 data = ddfe
tb_a7ng_ddr_cue_soa.gen_mem[0].u_comp_ddr3.data_task: at time 124462966.0 ps INFO: WRITE @ DQS= bank = 0 row = 2200 col = 00000014 data = fffa
tb_a7ng_ddr_cue_soa.gen_mem[0].u_comp_ddr3.data_task: at time 124464466.0 ps INFO: WRITE @ DQS= bank = 0 row = 2200 col = 00000015 data = 2201
tb_a7ng_ddr_cue_soa.gen_mem[0].u_comp_ddr3.data_task: at time 124465966.0 ps INFO: WRITE @ DQS= bank = 0 row = 2200 col = 00000016 data = 0005
tb_a7ng_ddr_cue_soa.gen_mem[0].u_comp_ddr3.data_task: at time 124467466.0 ps INFO: WRITE @ DQS= bank = 0 row = 2200 col = 00000017 data = ddfe
tb_a7ng_ddr_cue_soa.gen_mem[0].u_comp_ddr3.main: at time 124470466.0 ps INFO: Sync On Die Termination Rtt_NOM =          0 Ohm
tb_a7ng_ddr_cue_soa.gen_mem[0].u_comp_ddr3.cmd_task: at time 124488466.0 ps INFO: Write     bank 0 col 018, auto precharge 0
tb_a7ng_ddr_cue_soa.gen_mem[0].u_comp_ddr3.main: at time 124494466.0 ps INFO: Sync On Die Termination Rtt_NOM =         40 Ohm
tb_a7ng_ddr_cue_soa.gen_mem[0].u_comp_ddr3.data_task: at time 124504966.0 ps INFO: WRITE @ DQS= bank = 0 row = 2200 col = 00000018 data = fff9
tb_a7ng_ddr_cue_soa.gen_mem[0].u_comp_ddr3.data_task: at time 124506466.0 ps INFO: WRITE @ DQS= bank = 0 row = 2200 col = 00000019 data = 2201
tb_a7ng_ddr_cue_soa.gen_mem[0].u_comp_ddr3.data_task: at time 124507966.0 ps INFO: WRITE @ DQS= bank = 0 row = 2200 col = 0000001a data = 0006
tb_a7ng_ddr_cue_soa.gen_mem[0].u_comp_ddr3.data_task: at time 124509466.0 ps INFO: WRITE @ DQS= bank = 0 row = 2200 col = 0000001b data = ddfe
tb_a7ng_ddr_cue_soa.gen_mem[0].u_comp_ddr3.data_task: at time 124510966.0 ps INFO: WRITE @ DQS= bank = 0 row = 2200 col = 0000001c data = fff8
tb_a7ng_ddr_cue_soa.gen_mem[0].u_comp_ddr3.data_task: at time 124512466.0 ps INFO: WRITE @ DQS= bank = 0 row = 2200 col = 0000001d data = 2201
tb_a7ng_ddr_cue_soa.gen_mem[0].u_comp_ddr3.data_task: at time 124513966.0 ps INFO: WRITE @ DQS= bank = 0 row = 2200 col = 0000001e data = 0007
tb_a7ng_ddr_cue_soa.gen_mem[0].u_comp_ddr3.data_task: at time 124515466.0 ps INFO: WRITE @ DQS= bank = 0 row = 2200 col = 0000001f data = ddfe
tb_a7ng_ddr_cue_soa.gen_mem[0].u_comp_ddr3.main: at time 124518466.0 ps INFO: Sync On Die Termination Rtt_NOM =          0 Ohm
tb_a7ng_ddr_cue_soa.gen_mem[0].u_comp_ddr3.cmd_task: at time 124536466.0 ps INFO: Write     bank 0 col 020, auto precharge 0
tb_a7ng_ddr_cue_soa.gen_mem[0].u_comp_ddr3.main: at time 124542466.0 ps INFO: Sync On Die Termination Rtt_NOM =         40 Ohm
tb_a7ng_ddr_cue_soa.gen_mem[0].u_comp_ddr3.data_task: at time 124552966.0 ps INFO: WRITE @ DQS= bank = 0 row = 2200 col = 00000020 data = fff7
tb_a7ng_ddr_cue_soa.gen_mem[0].u_comp_ddr3.data_task: at time 124554466.0 ps INFO: WRITE @ DQS= bank = 0 row = 2200 col = 00000021 data = 2201
tb_a7ng_ddr_cue_soa.gen_mem[0].u_comp_ddr3.data_task: at time 124555966.0 ps INFO: WRITE @ DQS= bank = 0 row = 2200 col = 00000022 data = 0008
tb_a7ng_ddr_cue_soa.gen_mem[0].u_comp_ddr3.data_task: at time 124557466.0 ps INFO: WRITE @ DQS= bank = 0 row = 2200 col = 00000023 data = ddfe
tb_a7ng_ddr_cue_soa.gen_mem[0].u_comp_ddr3.data_task: at time 124558966.0 ps INFO: WRITE @ DQS= bank = 0 row = 2200 col = 00000024 data = fff6
tb_a7ng_ddr_cue_soa.gen_mem[0].u_comp_ddr3.data_task: at time 124560466.0 ps INFO: WRITE @ DQS= bank = 0 row = 2200 col = 00000025 data = 2201
tb_a7ng_ddr_cue_soa.gen_mem[0].u_comp_ddr3.data_task: at time 124561966.0 ps INFO: WRITE @ DQS= bank = 0 row = 2200 col = 00000026 data = 0009
tb_a7ng_ddr_cue_soa.gen_mem[0].u_comp_ddr3.data_task: at time 124563466.0 ps INFO: WRITE @ DQS= bank = 0 row = 2200 col = 00000027 data = ddfe
tb_a7ng_ddr_cue_soa.gen_mem[0].u_comp_ddr3.main: at time 124566466.0 ps INFO: Sync On Die Termination Rtt_NOM =          0 Ohm
tb_a7ng_ddr_cue_soa.gen_mem[0].u_comp_ddr3.cmd_task: at time 124584466.0 ps INFO: Write     bank 0 col 028, auto precharge 0
tb_a7ng_ddr_cue_soa.gen_mem[0].u_comp_ddr3.main: at time 124590466.0 ps INFO: Sync On Die Termination Rtt_NOM =         40 Ohm
tb_a7ng_ddr_cue_soa.gen_mem[0].u_comp_ddr3.data_task: at time 124600966.0 ps INFO: WRITE @ DQS= bank = 0 row = 2200 col = 00000028 data = fff5
tb_a7ng_ddr_cue_soa.gen_mem[0].u_comp_ddr3.data_task: at time 124602466.0 ps INFO: WRITE @ DQS= bank = 0 row = 2200 col = 00000029 data = 2201
tb_a7ng_ddr_cue_soa.gen_mem[0].u_comp_ddr3.data_task: at time 124603966.0 ps INFO: WRITE @ DQS= bank = 0 row = 2200 col = 0000002a data = 000a
tb_a7ng_ddr_cue_soa.gen_mem[0].u_comp_ddr3.data_task: at time 124605466.0 ps INFO: WRITE @ DQS= bank = 0 row = 2200 col = 0000002b data = ddfe
tb_a7ng_ddr_cue_soa.gen_mem[0].u_comp_ddr3.data_task: at time 124606966.0 ps INFO: WRITE @ DQS= bank = 0 row = 2200 col = 0000002c data = fff4
tb_a7ng_ddr_cue_soa.gen_mem[0].u_comp_ddr3.data_task: at time 124608466.0 ps INFO: WRITE @ DQS= bank = 0 row = 2200 col = 0000002d data = 2201
tb_a7ng_ddr_cue_soa.gen_mem[0].u_comp_ddr3.data_task: at time 124609966.0 ps INFO: WRITE @ DQS= bank = 0 row = 2200 col = 0000002e data = 000b
tb_a7ng_ddr_cue_soa.gen_mem[0].u_comp_ddr3.data_task: at time 124611466.0 ps INFO: WRITE @ DQS= bank = 0 row = 2200 col = 0000002f data = ddfe
tb_a7ng_ddr_cue_soa.gen_mem[0].u_comp_ddr3.main: at time 124614466.0 ps INFO: Sync On Die Termination Rtt_NOM =          0 Ohm
tb_a7ng_ddr_cue_soa.gen_mem[0].u_comp_ddr3.cmd_task: at time 124632466.0 ps INFO: Write     bank 0 col 030, auto precharge 0
tb_a7ng_ddr_cue_soa.gen_mem[0].u_comp_ddr3.main: at time 124638466.0 ps INFO: Sync On Die Termination Rtt_NOM =         40 Ohm
tb_a7ng_ddr_cue_soa.gen_mem[0].u_comp_ddr3.data_task: at time 124648966.0 ps INFO: WRITE @ DQS= bank = 0 row = 2200 col = 00000030 data = fff3
tb_a7ng_ddr_cue_soa.gen_mem[0].u_comp_ddr3.data_task: at time 124650466.0 ps INFO: WRITE @ DQS= bank = 0 row = 2200 col = 00000031 data = 2201
tb_a7ng_ddr_cue_soa.gen_mem[0].u_comp_ddr3.data_task: at time 124651966.0 ps INFO: WRITE @ DQS= bank = 0 row = 2200 col = 00000032 data = 000c
tb_a7ng_ddr_cue_soa.gen_mem[0].u_comp_ddr3.data_task: at time 124653466.0 ps INFO: WRITE @ DQS= bank = 0 row = 2200 col = 00000033 data = ddfe
tb_a7ng_ddr_cue_soa.gen_mem[0].u_comp_ddr3.data_task: at time 124654966.0 ps INFO: WRITE @ DQS= bank = 0 row = 2200 col = 00000034 data = fff2
tb_a7ng_ddr_cue_soa.gen_mem[0].u_comp_ddr3.data_task: at time 124656466.0 ps INFO: WRITE @ DQS= bank = 0 row = 2200 col = 00000035 data = 2201
tb_a7ng_ddr_cue_soa.gen_mem[0].u_comp_ddr3.data_task: at time 124657966.0 ps INFO: WRITE @ DQS= bank = 0 row = 2200 col = 00000036 data = 000d
tb_a7ng_ddr_cue_soa.gen_mem[0].u_comp_ddr3.data_task: at time 124659466.0 ps INFO: WRITE @ DQS= bank = 0 row = 2200 col = 00000037 data = ddfe
tb_a7ng_ddr_cue_soa.gen_mem[0].u_comp_ddr3.main: at time 124662466.0 ps INFO: Sync On Die Termination Rtt_NOM =          0 Ohm
tb_a7ng_ddr_cue_soa.gen_mem[0].u_comp_ddr3.cmd_task: at time 124680466.0 ps INFO: Write     bank 0 col 038, auto precharge 0
tb_a7ng_ddr_cue_soa.gen_mem[0].u_comp_ddr3.main: at time 124686466.0 ps INFO: Sync On Die Termination Rtt_NOM =         40 Ohm
tb_a7ng_ddr_cue_soa.gen_mem[0].u_comp_ddr3.data_task: at time 124696966.0 ps INFO: WRITE @ DQS= bank = 0 row = 2200 col = 00000038 data = fff1
tb_a7ng_ddr_cue_soa.gen_mem[0].u_comp_ddr3.data_task: at time 124698466.0 ps INFO: WRITE @ DQS= bank = 0 row = 2200 col = 00000039 data = 2201
tb_a7ng_ddr_cue_soa.gen_mem[0].u_comp_ddr3.data_task: at time 124699966.0 ps INFO: WRITE @ DQS= bank = 0 row = 2200 col = 0000003a data = 000e
tb_a7ng_ddr_cue_soa.gen_mem[0].u_comp_ddr3.data_task: at time 124701466.0 ps INFO: WRITE @ DQS= bank = 0 row = 2200 col = 0000003b data = ddfe
tb_a7ng_ddr_cue_soa.gen_mem[0].u_comp_ddr3.data_task: at time 124702966.0 ps INFO: WRITE @ DQS= bank = 0 row = 2200 col = 0000003c data = fff0
tb_a7ng_ddr_cue_soa.gen_mem[0].u_comp_ddr3.data_task: at time 124704466.0 ps INFO: WRITE @ DQS= bank = 0 row = 2200 col = 0000003d data = 2201
tb_a7ng_ddr_cue_soa.gen_mem[0].u_comp_ddr3.data_task: at time 124705966.0 ps INFO: WRITE @ DQS= bank = 0 row = 2200 col = 0000003e data = 000f
tb_a7ng_ddr_cue_soa.gen_mem[0].u_comp_ddr3.data_task: at time 124707466.0 ps INFO: WRITE @ DQS= bank = 0 row = 2200 col = 0000003f data = ddfe
tb_a7ng_ddr_cue_soa.gen_mem[0].u_comp_ddr3.main: at time 124710466.0 ps INFO: Sync On Die Termination Rtt_NOM =          0 Ohm
tb_a7ng_ddr_cue_soa.gen_mem[0].u_comp_ddr3.cmd_task: at time 124728466.0 ps INFO: Write     bank 0 col 040, auto precharge 0
tb_a7ng_ddr_cue_soa.gen_mem[0].u_comp_ddr3.main: at time 124734466.0 ps INFO: Sync On Die Termination Rtt_NOM =         40 Ohm
tb_a7ng_ddr_cue_soa.gen_mem[0].u_comp_ddr3.data_task: at time 124744966.0 ps INFO: WRITE @ DQS= bank = 0 row = 2200 col = 00000040 data = ffef
tb_a7ng_ddr_cue_soa.gen_mem[0].u_comp_ddr3.data_task: at time 124746466.0 ps INFO: WRITE @ DQS= bank = 0 row = 2200 col = 00000041 data = 2201
tb_a7ng_ddr_cue_soa.gen_mem[0].u_comp_ddr3.data_task: at time 124747966.0 ps INFO: WRITE @ DQS= bank = 0 row = 2200 col = 00000042 data = 0010
tb_a7ng_ddr_cue_soa.gen_mem[0].u_comp_ddr3.data_task: at time 124749466.0 ps INFO: WRITE @ DQS= bank = 0 row = 2200 col = 00000043 data = ddfe
tb_a7ng_ddr_cue_soa.gen_mem[0].u_comp_ddr3.data_task: at time 124750966.0 ps INFO: WRITE @ DQS= bank = 0 row = 2200 col = 00000044 data = ffee
tb_a7ng_ddr_cue_soa.gen_mem[0].u_comp_ddr3.data_task: at time 124752466.0 ps INFO: WRITE @ DQS= bank = 0 row = 2200 col = 00000045 data = 2201
tb_a7ng_ddr_cue_soa.gen_mem[0].u_comp_ddr3.data_task: at time 124753966.0 ps INFO: WRITE @ DQS= bank = 0 row = 2200 col = 00000046 data = 0011
tb_a7ng_ddr_cue_soa.gen_mem[0].u_comp_ddr3.data_task: at time 124755466.0 ps INFO: WRITE @ DQS= bank = 0 row = 2200 col = 00000047 data = ddfe
tb_a7ng_ddr_cue_soa.gen_mem[0].u_comp_ddr3.main: at time 124758466.0 ps INFO: Sync On Die Termination Rtt_NOM =          0 Ohm
tb_a7ng_ddr_cue_soa.gen_mem[0].u_comp_ddr3.cmd_task: at time 124776466.0 ps INFO: Write     bank 0 col 048, auto precharge 0
tb_a7ng_ddr_cue_soa.gen_mem[0].u_comp_ddr3.main: at time 124782466.0 ps INFO: Sync On Die Termination Rtt_NOM =         40 Ohm
tb_a7ng_ddr_cue_soa.gen_mem[0].u_comp_ddr3.data_task: at time 124792966.0 ps INFO: WRITE @ DQS= bank = 0 row = 2200 col = 00000048 data = ffed
tb_a7ng_ddr_cue_soa.gen_mem[0].u_comp_ddr3.data_task: at time 124794466.0 ps INFO: WRITE @ DQS= bank = 0 row = 2200 col = 00000049 data = 2201
tb_a7ng_ddr_cue_soa.gen_mem[0].u_comp_ddr3.data_task: at time 124795966.0 ps INFO: WRITE @ DQS= bank = 0 row = 2200 col = 0000004a data = 0012
tb_a7ng_ddr_cue_soa.gen_mem[0].u_comp_ddr3.data_task: at time 124797466.0 ps INFO: WRITE @ DQS= bank = 0 row = 2200 col = 0000004b data = ddfe
tb_a7ng_ddr_cue_soa.gen_mem[0].u_comp_ddr3.data_task: at time 124798966.0 ps INFO: WRITE @ DQS= bank = 0 row = 2200 col = 0000004c data = ffec
tb_a7ng_ddr_cue_soa.gen_mem[0].u_comp_ddr3.data_task: at time 124800466.0 ps INFO: WRITE @ DQS= bank = 0 row = 2200 col = 0000004d data = 2201
tb_a7ng_ddr_cue_soa.gen_mem[0].u_comp_ddr3.data_task: at time 124801966.0 ps INFO: WRITE @ DQS= bank = 0 row = 2200 col = 0000004e data = 0013
tb_a7ng_ddr_cue_soa.gen_mem[0].u_comp_ddr3.data_task: at time 124803466.0 ps INFO: WRITE @ DQS= bank = 0 row = 2200 col = 0000004f data = ddfe
tb_a7ng_ddr_cue_soa.gen_mem[0].u_comp_ddr3.main: at time 124806466.0 ps INFO: Sync On Die Termination Rtt_NOM =          0 Ohm
tb_a7ng_ddr_cue_soa.gen_mem[0].u_comp_ddr3.cmd_task: at time 124824466.0 ps INFO: Write     bank 0 col 050, auto precharge 0
tb_a7ng_ddr_cue_soa.gen_mem[0].u_comp_ddr3.main: at time 124830466.0 ps INFO: Sync On Die Termination Rtt_NOM =         40 Ohm
tb_a7ng_ddr_cue_soa.gen_mem[0].u_comp_ddr3.data_task: at time 124840966.0 ps INFO: WRITE @ DQS= bank = 0 row = 2200 col = 00000050 data = ffeb
tb_a7ng_ddr_cue_soa.gen_mem[0].u_comp_ddr3.data_task: at time 124842466.0 ps INFO: WRITE @ DQS= bank = 0 row = 2200 col = 00000051 data = 2201
tb_a7ng_ddr_cue_soa.gen_mem[0].u_comp_ddr3.data_task: at time 124843966.0 ps INFO: WRITE @ DQS= bank = 0 row = 2200 col = 00000052 data = 0014
tb_a7ng_ddr_cue_soa.gen_mem[0].u_comp_ddr3.data_task: at time 124845466.0 ps INFO: WRITE @ DQS= bank = 0 row = 2200 col = 00000053 data = ddfe
tb_a7ng_ddr_cue_soa.gen_mem[0].u_comp_ddr3.data_task: at time 124846966.0 ps INFO: WRITE @ DQS= bank = 0 row = 2200 col = 00000054 data = ffea
tb_a7ng_ddr_cue_soa.gen_mem[0].u_comp_ddr3.data_task: at time 124848466.0 ps INFO: WRITE @ DQS= bank = 0 row = 2200 col = 00000055 data = 2201
tb_a7ng_ddr_cue_soa.gen_mem[0].u_comp_ddr3.data_task: at time 124849966.0 ps INFO: WRITE @ DQS= bank = 0 row = 2200 col = 00000056 data = 0015
tb_a7ng_ddr_cue_soa.gen_mem[0].u_comp_ddr3.data_task: at time 124851466.0 ps INFO: WRITE @ DQS= bank = 0 row = 2200 col = 00000057 data = ddfe
tb_a7ng_ddr_cue_soa.gen_mem[0].u_comp_ddr3.main: at time 124854466.0 ps INFO: Sync On Die Termination Rtt_NOM =          0 Ohm
tb_a7ng_ddr_cue_soa.gen_mem[0].u_comp_ddr3.cmd_task: at time 124872466.0 ps INFO: Write     bank 0 col 058, auto precharge 0
tb_a7ng_ddr_cue_soa.gen_mem[0].u_comp_ddr3.main: at time 124878466.0 ps INFO: Sync On Die Termination Rtt_NOM =         40 Ohm
tb_a7ng_ddr_cue_soa.gen_mem[0].u_comp_ddr3.data_task: at time 124888966.0 ps INFO: WRITE @ DQS= bank = 0 row = 2200 col = 00000058 data = ffe9
tb_a7ng_ddr_cue_soa.gen_mem[0].u_comp_ddr3.data_task: at time 124890466.0 ps INFO: WRITE @ DQS= bank = 0 row = 2200 col = 00000059 data = 2201
tb_a7ng_ddr_cue_soa.gen_mem[0].u_comp_ddr3.data_task: at time 124891966.0 ps INFO: WRITE @ DQS= bank = 0 row = 2200 col = 0000005a data = 0016
tb_a7ng_ddr_cue_soa.gen_mem[0].u_comp_ddr3.data_task: at time 124893466.0 ps INFO: WRITE @ DQS= bank = 0 row = 2200 col = 0000005b data = ddfe
tb_a7ng_ddr_cue_soa.gen_mem[0].u_comp_ddr3.data_task: at time 124894966.0 ps INFO: WRITE @ DQS= bank = 0 row = 2200 col = 0000005c data = ffe8
tb_a7ng_ddr_cue_soa.gen_mem[0].u_comp_ddr3.data_task: at time 124896466.0 ps INFO: WRITE @ DQS= bank = 0 row = 2200 col = 0000005d data = 2201
tb_a7ng_ddr_cue_soa.gen_mem[0].u_comp_ddr3.data_task: at time 124897966.0 ps INFO: WRITE @ DQS= bank = 0 row = 2200 col = 0000005e data = 0017
tb_a7ng_ddr_cue_soa.gen_mem[0].u_comp_ddr3.data_task: at time 124899466.0 ps INFO: WRITE @ DQS= bank = 0 row = 2200 col = 0000005f data = ddfe
tb_a7ng_ddr_cue_soa.gen_mem[0].u_comp_ddr3.main: at time 124902466.0 ps INFO: Sync On Die Termination Rtt_NOM =          0 Ohm
tb_a7ng_ddr_cue_soa.gen_mem[0].u_comp_ddr3.cmd_task: at time 124920466.0 ps INFO: Write     bank 0 col 060, auto precharge 0
tb_a7ng_ddr_cue_soa.gen_mem[0].u_comp_ddr3.main: at time 124926466.0 ps INFO: Sync On Die Termination Rtt_NOM =         40 Ohm
tb_a7ng_ddr_cue_soa.gen_mem[0].u_comp_ddr3.data_task: at time 124936966.0 ps INFO: WRITE @ DQS= bank = 0 row = 2200 col = 00000060 data = ffe7
tb_a7ng_ddr_cue_soa.gen_mem[0].u_comp_ddr3.data_task: at time 124938466.0 ps INFO: WRITE @ DQS= bank = 0 row = 2200 col = 00000061 data = 2201
tb_a7ng_ddr_cue_soa.gen_mem[0].u_comp_ddr3.data_task: at time 124939966.0 ps INFO: WRITE @ DQS= bank = 0 row = 2200 col = 00000062 data = 0018
tb_a7ng_ddr_cue_soa.gen_mem[0].u_comp_ddr3.data_task: at time 124941466.0 ps INFO: WRITE @ DQS= bank = 0 row = 2200 col = 00000063 data = ddfe
tb_a7ng_ddr_cue_soa.gen_mem[0].u_comp_ddr3.data_task: at time 124942966.0 ps INFO: WRITE @ DQS= bank = 0 row = 2200 col = 00000064 data = ffe6
tb_a7ng_ddr_cue_soa.gen_mem[0].u_comp_ddr3.data_task: at time 124944466.0 ps INFO: WRITE @ DQS= bank = 0 row = 2200 col = 00000065 data = 2201
tb_a7ng_ddr_cue_soa.gen_mem[0].u_comp_ddr3.data_task: at time 124945966.0 ps INFO: WRITE @ DQS= bank = 0 row = 2200 col = 00000066 data = 0019
tb_a7ng_ddr_cue_soa.gen_mem[0].u_comp_ddr3.data_task: at time 124947466.0 ps INFO: WRITE @ DQS= bank = 0 row = 2200 col = 00000067 data = ddfe
tb_a7ng_ddr_cue_soa.gen_mem[0].u_comp_ddr3.main: at time 124950466.0 ps INFO: Sync On Die Termination Rtt_NOM =          0 Ohm
tb_a7ng_ddr_cue_soa.gen_mem[0].u_comp_ddr3.cmd_task: at time 124968466.0 ps INFO: Write     bank 0 col 068, auto precharge 0
tb_a7ng_ddr_cue_soa.gen_mem[0].u_comp_ddr3.main: at time 124974466.0 ps INFO: Sync On Die Termination Rtt_NOM =         40 Ohm
tb_a7ng_ddr_cue_soa.gen_mem[0].u_comp_ddr3.data_task: at time 124984966.0 ps INFO: WRITE @ DQS= bank = 0 row = 2200 col = 00000068 data = ffe5
tb_a7ng_ddr_cue_soa.gen_mem[0].u_comp_ddr3.data_task: at time 124986466.0 ps INFO: WRITE @ DQS= bank = 0 row = 2200 col = 00000069 data = 2201
tb_a7ng_ddr_cue_soa.gen_mem[0].u_comp_ddr3.data_task: at time 124987966.0 ps INFO: WRITE @ DQS= bank = 0 row = 2200 col = 0000006a data = 001a
tb_a7ng_ddr_cue_soa.gen_mem[0].u_comp_ddr3.data_task: at time 124989466.0 ps INFO: WRITE @ DQS= bank = 0 row = 2200 col = 0000006b data = ddfe
tb_a7ng_ddr_cue_soa.gen_mem[0].u_comp_ddr3.data_task: at time 124990966.0 ps INFO: WRITE @ DQS= bank = 0 row = 2200 col = 0000006c data = ffe4
tb_a7ng_ddr_cue_soa.gen_mem[0].u_comp_ddr3.data_task: at time 124992466.0 ps INFO: WRITE @ DQS= bank = 0 row = 2200 col = 0000006d data = 2201
tb_a7ng_ddr_cue_soa.gen_mem[0].u_comp_ddr3.data_task: at time 124993966.0 ps INFO: WRITE @ DQS= bank = 0 row = 2200 col = 0000006e data = 001b
tb_a7ng_ddr_cue_soa.gen_mem[0].u_comp_ddr3.data_task: at time 124995466.0 ps INFO: WRITE @ DQS= bank = 0 row = 2200 col = 0000006f data = ddfe
tb_a7ng_ddr_cue_soa.gen_mem[0].u_comp_ddr3.main: at time 124998466.0 ps INFO: Sync On Die Termination Rtt_NOM =          0 Ohm
tb_a7ng_ddr_cue_soa.gen_mem[0].u_comp_ddr3.cmd_task: at time 125016466.0 ps INFO: Write     bank 0 col 070, auto precharge 0
tb_a7ng_ddr_cue_soa.gen_mem[0].u_comp_ddr3.main: at time 125022466.0 ps INFO: Sync On Die Termination Rtt_NOM =         40 Ohm
tb_a7ng_ddr_cue_soa.gen_mem[0].u_comp_ddr3.data_task: at time 125032966.0 ps INFO: WRITE @ DQS= bank = 0 row = 2200 col = 00000070 data = ffe3
tb_a7ng_ddr_cue_soa.gen_mem[0].u_comp_ddr3.data_task: at time 125034466.0 ps INFO: WRITE @ DQS= bank = 0 row = 2200 col = 00000071 data = 2201
tb_a7ng_ddr_cue_soa.gen_mem[0].u_comp_ddr3.data_task: at time 125035966.0 ps INFO: WRITE @ DQS= bank = 0 row = 2200 col = 00000072 data = 001c
tb_a7ng_ddr_cue_soa.gen_mem[0].u_comp_ddr3.data_task: at time 125037466.0 ps INFO: WRITE @ DQS= bank = 0 row = 2200 col = 00000073 data = ddfe
tb_a7ng_ddr_cue_soa.gen_mem[0].u_comp_ddr3.data_task: at time 125038966.0 ps INFO: WRITE @ DQS= bank = 0 row = 2200 col = 00000074 data = ffe2
tb_a7ng_ddr_cue_soa.gen_mem[0].u_comp_ddr3.data_task: at time 125040466.0 ps INFO: WRITE @ DQS= bank = 0 row = 2200 col = 00000075 data = 2201
tb_a7ng_ddr_cue_soa.gen_mem[0].u_comp_ddr3.data_task: at time 125041966.0 ps INFO: WRITE @ DQS= bank = 0 row = 2200 col = 00000076 data = 001d
tb_a7ng_ddr_cue_soa.gen_mem[0].u_comp_ddr3.data_task: at time 125043466.0 ps INFO: WRITE @ DQS= bank = 0 row = 2200 col = 00000077 data = ddfe
tb_a7ng_ddr_cue_soa.gen_mem[0].u_comp_ddr3.main: at time 125046466.0 ps INFO: Sync On Die Termination Rtt_NOM =          0 Ohm
tb_a7ng_ddr_cue_soa.gen_mem[0].u_comp_ddr3.cmd_task: at time 125064466.0 ps INFO: Write     bank 0 col 078, auto precharge 0
tb_a7ng_ddr_cue_soa.gen_mem[0].u_comp_ddr3.main: at time 125070466.0 ps INFO: Sync On Die Termination Rtt_NOM =         40 Ohm
tb_a7ng_ddr_cue_soa.gen_mem[0].u_comp_ddr3.data_task: at time 125080966.0 ps INFO: WRITE @ DQS= bank = 0 row = 2200 col = 00000078 data = ffe1
tb_a7ng_ddr_cue_soa.gen_mem[0].u_comp_ddr3.data_task: at time 125082466.0 ps INFO: WRITE @ DQS= bank = 0 row = 2200 col = 00000079 data = 2201
tb_a7ng_ddr_cue_soa.gen_mem[0].u_comp_ddr3.data_task: at time 125083966.0 ps INFO: WRITE @ DQS= bank = 0 row = 2200 col = 0000007a data = 001e
tb_a7ng_ddr_cue_soa.gen_mem[0].u_comp_ddr3.data_task: at time 125085466.0 ps INFO: WRITE @ DQS= bank = 0 row = 2200 col = 0000007b data = ddfe
tb_a7ng_ddr_cue_soa.gen_mem[0].u_comp_ddr3.data_task: at time 125086966.0 ps INFO: WRITE @ DQS= bank = 0 row = 2200 col = 0000007c data = ffe0
tb_a7ng_ddr_cue_soa.gen_mem[0].u_comp_ddr3.data_task: at time 125088466.0 ps INFO: WRITE @ DQS= bank = 0 row = 2200 col = 0000007d data = 2201
tb_a7ng_ddr_cue_soa.gen_mem[0].u_comp_ddr3.data_task: at time 125089966.0 ps INFO: WRITE @ DQS= bank = 0 row = 2200 col = 0000007e data = 001f
tb_a7ng_ddr_cue_soa.gen_mem[0].u_comp_ddr3.data_task: at time 125091466.0 ps INFO: WRITE @ DQS= bank = 0 row = 2200 col = 0000007f data = ddfe
tb_a7ng_ddr_cue_soa.gen_mem[0].u_comp_ddr3.main: at time 125094466.0 ps INFO: Sync On Die Termination Rtt_NOM =          0 Ohm
tb_a7ng_ddr_cue_soa.gen_mem[0].u_comp_ddr3.cmd_task: at time 125112466.0 ps INFO: Read      bank 0 col 078, auto precharge 0
tb_a7ng_ddr_cue_soa.gen_mem[0].u_comp_ddr3.cmd_task: at time 125124466.0 ps INFO: Read      bank 0 col 078, auto precharge 0
tb_a7ng_ddr_cue_soa.gen_mem[0].u_comp_ddr3.data_task: at time 125125966.0 ps INFO: READ @ DQS= bank = 0 row = 2200 col = 00000078 data = ffe1
tb_a7ng_ddr_cue_soa.gen_mem[0].u_comp_ddr3.data_task: at time 125127466.0 ps INFO: READ @ DQS= bank = 0 row = 2200 col = 00000079 data = 2201
tb_a7ng_ddr_cue_soa.gen_mem[0].u_comp_ddr3.data_task: at time 125128966.0 ps INFO: READ @ DQS= bank = 0 row = 2200 col = 0000007a data = 001e
tb_a7ng_ddr_cue_soa.gen_mem[0].u_comp_ddr3.data_task: at time 125130466.0 ps INFO: READ @ DQS= bank = 0 row = 2200 col = 0000007b data = ddfe
tb_a7ng_ddr_cue_soa.gen_mem[0].u_comp_ddr3.data_task: at time 125131966.0 ps INFO: READ @ DQS= bank = 0 row = 2200 col = 0000007c data = ffe0
tb_a7ng_ddr_cue_soa.gen_mem[0].u_comp_ddr3.data_task: at time 125133466.0 ps INFO: READ @ DQS= bank = 0 row = 2200 col = 0000007d data = 2201
tb_a7ng_ddr_cue_soa.gen_mem[0].u_comp_ddr3.data_task: at time 125134966.0 ps INFO: READ @ DQS= bank = 0 row = 2200 col = 0000007e data = 001f
tb_a7ng_ddr_cue_soa.gen_mem[0].u_comp_ddr3.data_task: at time 125136466.0 ps INFO: READ @ DQS= bank = 0 row = 2200 col = 0000007f data = ddfe
tb_a7ng_ddr_cue_soa.gen_mem[0].u_comp_ddr3.data_task: at time 125137966.0 ps INFO: READ @ DQS= bank = 0 row = 2200 col = 00000078 data = ffe1
tb_a7ng_ddr_cue_soa.gen_mem[0].u_comp_ddr3.data_task: at time 125139466.0 ps INFO: READ @ DQS= bank = 0 row = 2200 col = 00000079 data = 2201
tb_a7ng_ddr_cue_soa.gen_mem[0].u_comp_ddr3.data_task: at time 125140966.0 ps INFO: READ @ DQS= bank = 0 row = 2200 col = 0000007a data = 001e
tb_a7ng_ddr_cue_soa.gen_mem[0].u_comp_ddr3.data_task: at time 125142466.0 ps INFO: READ @ DQS= bank = 0 row = 2200 col = 0000007b data = ddfe
tb_a7ng_ddr_cue_soa.gen_mem[0].u_comp_ddr3.data_task: at time 125143966.0 ps INFO: READ @ DQS= bank = 0 row = 2200 col = 0000007c data = ffe0
tb_a7ng_ddr_cue_soa.gen_mem[0].u_comp_ddr3.data_task: at time 125145466.0 ps INFO: READ @ DQS= bank = 0 row = 2200 col = 0000007d data = 2201
tb_a7ng_ddr_cue_soa.gen_mem[0].u_comp_ddr3.data_task: at time 125146966.0 ps INFO: READ @ DQS= bank = 0 row = 2200 col = 0000007e data = 001f
tb_a7ng_ddr_cue_soa.gen_mem[0].u_comp_ddr3.data_task: at time 125148466.0 ps INFO: READ @ DQS= bank = 0 row = 2200 col = 0000007f data = ddfe
tb_a7ng_ddr_cue_soa.gen_mem[0].u_comp_ddr3.cmd_task: at time 125148466.0 ps INFO: Write     bank 0 col 080, auto precharge 0
tb_a7ng_ddr_cue_soa.gen_mem[0].u_comp_ddr3.main: at time 125154466.0 ps INFO: Sync On Die Termination Rtt_NOM =         40 Ohm
tb_a7ng_ddr_cue_soa.gen_mem[0].u_comp_ddr3.cmd_task: at time 125160466.0 ps INFO: Write     bank 0 col 088, auto precharge 0
tb_a7ng_ddr_cue_soa.gen_mem[0].u_comp_ddr3.data_task: at time 125164966.0 ps INFO: WRITE @ DQS= bank = 0 row = 2200 col = 00000080 data = ffdf
tb_a7ng_ddr_cue_soa.gen_mem[0].u_comp_ddr3.data_task: at time 125166466.0 ps INFO: WRITE @ DQS= bank = 0 row = 2200 col = 00000081 data = 2201
tb_a7ng_ddr_cue_soa.gen_mem[0].u_comp_ddr3.data_task: at time 125167966.0 ps INFO: WRITE @ DQS= bank = 0 row = 2200 col = 00000082 data = 0020
tb_a7ng_ddr_cue_soa.gen_mem[0].u_comp_ddr3.data_task: at time 125169466.0 ps INFO: WRITE @ DQS= bank = 0 row = 2200 col = 00000083 data = ddfe
tb_a7ng_ddr_cue_soa.gen_mem[0].u_comp_ddr3.data_task: at time 125170966.0 ps INFO: WRITE @ DQS= bank = 0 row = 2200 col = 00000084 data = ffde
tb_a7ng_ddr_cue_soa.gen_mem[0].u_comp_ddr3.data_task: at time 125172466.0 ps INFO: WRITE @ DQS= bank = 0 row = 2200 col = 00000085 data = 2201
tb_a7ng_ddr_cue_soa.gen_mem[0].u_comp_ddr3.data_task: at time 125173966.0 ps INFO: WRITE @ DQS= bank = 0 row = 2200 col = 00000086 data = 0021
tb_a7ng_ddr_cue_soa.gen_mem[0].u_comp_ddr3.data_task: at time 125175466.0 ps INFO: WRITE @ DQS= bank = 0 row = 2200 col = 00000087 data = ddfe
tb_a7ng_ddr_cue_soa.gen_mem[0].u_comp_ddr3.data_task: at time 125176966.0 ps INFO: WRITE @ DQS= bank = 0 row = 2200 col = 00000088 data = ffdd
tb_a7ng_ddr_cue_soa.gen_mem[0].u_comp_ddr3.data_task: at time 125178466.0 ps INFO: WRITE @ DQS= bank = 0 row = 2200 col = 00000089 data = 2201
tb_a7ng_ddr_cue_soa.gen_mem[0].u_comp_ddr3.data_task: at time 125179966.0 ps INFO: WRITE @ DQS= bank = 0 row = 2200 col = 0000008a data = 0022
tb_a7ng_ddr_cue_soa.gen_mem[0].u_comp_ddr3.data_task: at time 125181466.0 ps INFO: WRITE @ DQS= bank = 0 row = 2200 col = 0000008b data = ddfe
tb_a7ng_ddr_cue_soa.gen_mem[0].u_comp_ddr3.data_task: at time 125182966.0 ps INFO: WRITE @ DQS= bank = 0 row = 2200 col = 0000008c data = ffdc
tb_a7ng_ddr_cue_soa.gen_mem[0].u_comp_ddr3.data_task: at time 125184466.0 ps INFO: WRITE @ DQS= bank = 0 row = 2200 col = 0000008d data = 2201
tb_a7ng_ddr_cue_soa.gen_mem[0].u_comp_ddr3.data_task: at time 125185966.0 ps INFO: WRITE @ DQS= bank = 0 row = 2200 col = 0000008e data = 0023
tb_a7ng_ddr_cue_soa.gen_mem[0].u_comp_ddr3.data_task: at time 125187466.0 ps INFO: WRITE @ DQS= bank = 0 row = 2200 col = 0000008f data = ddfe
tb_a7ng_ddr_cue_soa.gen_mem[0].u_comp_ddr3.main: at time 125190466.0 ps INFO: Sync On Die Termination Rtt_NOM =          0 Ohm
tb_a7ng_ddr_cue_soa.gen_mem[0].u_comp_ddr3.cmd_task: at time 125208466.0 ps INFO: Write     bank 0 col 090, auto precharge 0
tb_a7ng_ddr_cue_soa.gen_mem[0].u_comp_ddr3.main: at time 125214466.0 ps INFO: Sync On Die Termination Rtt_NOM =         40 Ohm
tb_a7ng_ddr_cue_soa.gen_mem[0].u_comp_ddr3.data_task: at time 125224966.0 ps INFO: WRITE @ DQS= bank = 0 row = 2200 col = 00000090 data = ffdb
tb_a7ng_ddr_cue_soa.gen_mem[0].u_comp_ddr3.data_task: at time 125226466.0 ps INFO: WRITE @ DQS= bank = 0 row = 2200 col = 00000091 data = 2201
tb_a7ng_ddr_cue_soa.gen_mem[0].u_comp_ddr3.data_task: at time 125227966.0 ps INFO: WRITE @ DQS= bank = 0 row = 2200 col = 00000092 data = 0024
tb_a7ng_ddr_cue_soa.gen_mem[0].u_comp_ddr3.data_task: at time 125229466.0 ps INFO: WRITE @ DQS= bank = 0 row = 2200 col = 00000093 data = ddfe
tb_a7ng_ddr_cue_soa.gen_mem[0].u_comp_ddr3.data_task: at time 125230966.0 ps INFO: WRITE @ DQS= bank = 0 row = 2200 col = 00000094 data = ffda
tb_a7ng_ddr_cue_soa.gen_mem[0].u_comp_ddr3.data_task: at time 125232466.0 ps INFO: WRITE @ DQS= bank = 0 row = 2200 col = 00000095 data = 2201
tb_a7ng_ddr_cue_soa.gen_mem[0].u_comp_ddr3.data_task: at time 125233966.0 ps INFO: WRITE @ DQS= bank = 0 row = 2200 col = 00000096 data = 0025
tb_a7ng_ddr_cue_soa.gen_mem[0].u_comp_ddr3.data_task: at time 125235466.0 ps INFO: WRITE @ DQS= bank = 0 row = 2200 col = 00000097 data = ddfe
tb_a7ng_ddr_cue_soa.gen_mem[0].u_comp_ddr3.main: at time 125238466.0 ps INFO: Sync On Die Termination Rtt_NOM =          0 Ohm
tb_a7ng_ddr_cue_soa.gen_mem[0].u_comp_ddr3.cmd_task: at time 125256466.0 ps INFO: Write     bank 0 col 098, auto precharge 0
tb_a7ng_ddr_cue_soa.gen_mem[0].u_comp_ddr3.main: at time 125262466.0 ps INFO: Sync On Die Termination Rtt_NOM =         40 Ohm
tb_a7ng_ddr_cue_soa.gen_mem[0].u_comp_ddr3.data_task: at time 125272966.0 ps INFO: WRITE @ DQS= bank = 0 row = 2200 col = 00000098 data = ffd9
tb_a7ng_ddr_cue_soa.gen_mem[0].u_comp_ddr3.data_task: at time 125274466.0 ps INFO: WRITE @ DQS= bank = 0 row = 2200 col = 00000099 data = 2201
tb_a7ng_ddr_cue_soa.gen_mem[0].u_comp_ddr3.data_task: at time 125275966.0 ps INFO: WRITE @ DQS= bank = 0 row = 2200 col = 0000009a data = 0026
tb_a7ng_ddr_cue_soa.gen_mem[0].u_comp_ddr3.data_task: at time 125277466.0 ps INFO: WRITE @ DQS= bank = 0 row = 2200 col = 0000009b data = ddfe
tb_a7ng_ddr_cue_soa.gen_mem[0].u_comp_ddr3.data_task: at time 125278966.0 ps INFO: WRITE @ DQS= bank = 0 row = 2200 col = 0000009c data = ffd8
tb_a7ng_ddr_cue_soa.gen_mem[0].u_comp_ddr3.data_task: at time 125280466.0 ps INFO: WRITE @ DQS= bank = 0 row = 2200 col = 0000009d data = 2201
tb_a7ng_ddr_cue_soa.gen_mem[0].u_comp_ddr3.data_task: at time 125281966.0 ps INFO: WRITE @ DQS= bank = 0 row = 2200 col = 0000009e data = 0027
tb_a7ng_ddr_cue_soa.gen_mem[0].u_comp_ddr3.data_task: at time 125283466.0 ps INFO: WRITE @ DQS= bank = 0 row = 2200 col = 0000009f data = ddfe
tb_a7ng_ddr_cue_soa.gen_mem[0].u_comp_ddr3.main: at time 125286466.0 ps INFO: Sync On Die Termination Rtt_NOM =          0 Ohm
tb_a7ng_ddr_cue_soa.gen_mem[0].u_comp_ddr3.cmd_task: at time 125304466.0 ps INFO: Write     bank 0 col 0a0, auto precharge 0
tb_a7ng_ddr_cue_soa.gen_mem[0].u_comp_ddr3.main: at time 125310466.0 ps INFO: Sync On Die Termination Rtt_NOM =         40 Ohm
tb_a7ng_ddr_cue_soa.gen_mem[0].u_comp_ddr3.data_task: at time 125320966.0 ps INFO: WRITE @ DQS= bank = 0 row = 2200 col = 000000a0 data = ffd7
tb_a7ng_ddr_cue_soa.gen_mem[0].u_comp_ddr3.data_task: at time 125322466.0 ps INFO: WRITE @ DQS= bank = 0 row = 2200 col = 000000a1 data = 2201
tb_a7ng_ddr_cue_soa.gen_mem[0].u_comp_ddr3.data_task: at time 125323966.0 ps INFO: WRITE @ DQS= bank = 0 row = 2200 col = 000000a2 data = 0028
tb_a7ng_ddr_cue_soa.gen_mem[0].u_comp_ddr3.data_task: at time 125325466.0 ps INFO: WRITE @ DQS= bank = 0 row = 2200 col = 000000a3 data = ddfe
tb_a7ng_ddr_cue_soa.gen_mem[0].u_comp_ddr3.data_task: at time 125326966.0 ps INFO: WRITE @ DQS= bank = 0 row = 2200 col = 000000a4 data = ffd6
tb_a7ng_ddr_cue_soa.gen_mem[0].u_comp_ddr3.data_task: at time 125328466.0 ps INFO: WRITE @ DQS= bank = 0 row = 2200 col = 000000a5 data = 2201
tb_a7ng_ddr_cue_soa.gen_mem[0].u_comp_ddr3.data_task: at time 125329966.0 ps INFO: WRITE @ DQS= bank = 0 row = 2200 col = 000000a6 data = 0029
tb_a7ng_ddr_cue_soa.gen_mem[0].u_comp_ddr3.data_task: at time 125331466.0 ps INFO: WRITE @ DQS= bank = 0 row = 2200 col = 000000a7 data = ddfe
tb_a7ng_ddr_cue_soa.gen_mem[0].u_comp_ddr3.main: at time 125334466.0 ps INFO: Sync On Die Termination Rtt_NOM =          0 Ohm
tb_a7ng_ddr_cue_soa.gen_mem[0].u_comp_ddr3.cmd_task: at time 125352466.0 ps INFO: Write     bank 0 col 0a8, auto precharge 0
tb_a7ng_ddr_cue_soa.gen_mem[0].u_comp_ddr3.main: at time 125358466.0 ps INFO: Sync On Die Termination Rtt_NOM =         40 Ohm
tb_a7ng_ddr_cue_soa.gen_mem[0].u_comp_ddr3.data_task: at time 125368966.0 ps INFO: WRITE @ DQS= bank = 0 row = 2200 col = 000000a8 data = ffd5
tb_a7ng_ddr_cue_soa.gen_mem[0].u_comp_ddr3.data_task: at time 125370466.0 ps INFO: WRITE @ DQS= bank = 0 row = 2200 col = 000000a9 data = 2201
tb_a7ng_ddr_cue_soa.gen_mem[0].u_comp_ddr3.data_task: at time 125371966.0 ps INFO: WRITE @ DQS= bank = 0 row = 2200 col = 000000aa data = 002a
tb_a7ng_ddr_cue_soa.gen_mem[0].u_comp_ddr3.data_task: at time 125373466.0 ps INFO: WRITE @ DQS= bank = 0 row = 2200 col = 000000ab data = ddfe
tb_a7ng_ddr_cue_soa.gen_mem[0].u_comp_ddr3.data_task: at time 125374966.0 ps INFO: WRITE @ DQS= bank = 0 row = 2200 col = 000000ac data = ffd4
tb_a7ng_ddr_cue_soa.gen_mem[0].u_comp_ddr3.data_task: at time 125376466.0 ps INFO: WRITE @ DQS= bank = 0 row = 2200 col = 000000ad data = 2201
tb_a7ng_ddr_cue_soa.gen_mem[0].u_comp_ddr3.data_task: at time 125377966.0 ps INFO: WRITE @ DQS= bank = 0 row = 2200 col = 000000ae data = 002b
tb_a7ng_ddr_cue_soa.gen_mem[0].u_comp_ddr3.data_task: at time 125379466.0 ps INFO: WRITE @ DQS= bank = 0 row = 2200 col = 000000af data = ddfe
tb_a7ng_ddr_cue_soa.gen_mem[0].u_comp_ddr3.main: at time 125382466.0 ps INFO: Sync On Die Termination Rtt_NOM =          0 Ohm
tb_a7ng_ddr_cue_soa.gen_mem[0].u_comp_ddr3.cmd_task: at time 125400466.0 ps INFO: Write     bank 0 col 0b0, auto precharge 0
tb_a7ng_ddr_cue_soa.gen_mem[0].u_comp_ddr3.main: at time 125406466.0 ps INFO: Sync On Die Termination Rtt_NOM =         40 Ohm
tb_a7ng_ddr_cue_soa.gen_mem[0].u_comp_ddr3.data_task: at time 125416966.0 ps INFO: WRITE @ DQS= bank = 0 row = 2200 col = 000000b0 data = ffd3
tb_a7ng_ddr_cue_soa.gen_mem[0].u_comp_ddr3.data_task: at time 125418466.0 ps INFO: WRITE @ DQS= bank = 0 row = 2200 col = 000000b1 data = 2201
tb_a7ng_ddr_cue_soa.gen_mem[0].u_comp_ddr3.data_task: at time 125419966.0 ps INFO: WRITE @ DQS= bank = 0 row = 2200 col = 000000b2 data = 002c
tb_a7ng_ddr_cue_soa.gen_mem[0].u_comp_ddr3.data_task: at time 125421466.0 ps INFO: WRITE @ DQS= bank = 0 row = 2200 col = 000000b3 data = ddfe
tb_a7ng_ddr_cue_soa.gen_mem[0].u_comp_ddr3.data_task: at time 125422966.0 ps INFO: WRITE @ DQS= bank = 0 row = 2200 col = 000000b4 data = ffd2
tb_a7ng_ddr_cue_soa.gen_mem[0].u_comp_ddr3.data_task: at time 125424466.0 ps INFO: WRITE @ DQS= bank = 0 row = 2200 col = 000000b5 data = 2201
tb_a7ng_ddr_cue_soa.gen_mem[0].u_comp_ddr3.data_task: at time 125425966.0 ps INFO: WRITE @ DQS= bank = 0 row = 2200 col = 000000b6 data = 002d
tb_a7ng_ddr_cue_soa.gen_mem[0].u_comp_ddr3.data_task: at time 125427466.0 ps INFO: WRITE @ DQS= bank = 0 row = 2200 col = 000000b7 data = ddfe
tb_a7ng_ddr_cue_soa.gen_mem[0].u_comp_ddr3.main: at time 125430466.0 ps INFO: Sync On Die Termination Rtt_NOM =          0 Ohm
tb_a7ng_ddr_cue_soa.gen_mem[0].u_comp_ddr3.cmd_task: at time 125448466.0 ps INFO: Write     bank 0 col 0b8, auto precharge 0
tb_a7ng_ddr_cue_soa.gen_mem[0].u_comp_ddr3.main: at time 125454466.0 ps INFO: Sync On Die Termination Rtt_NOM =         40 Ohm
tb_a7ng_ddr_cue_soa.gen_mem[0].u_comp_ddr3.data_task: at time 125464966.0 ps INFO: WRITE @ DQS= bank = 0 row = 2200 col = 000000b8 data = ffd1
tb_a7ng_ddr_cue_soa.gen_mem[0].u_comp_ddr3.data_task: at time 125466466.0 ps INFO: WRITE @ DQS= bank = 0 row = 2200 col = 000000b9 data = 2201
tb_a7ng_ddr_cue_soa.gen_mem[0].u_comp_ddr3.data_task: at time 125467966.0 ps INFO: WRITE @ DQS= bank = 0 row = 2200 col = 000000ba data = 002e
tb_a7ng_ddr_cue_soa.gen_mem[0].u_comp_ddr3.data_task: at time 125469466.0 ps INFO: WRITE @ DQS= bank = 0 row = 2200 col = 000000bb data = ddfe
tb_a7ng_ddr_cue_soa.gen_mem[0].u_comp_ddr3.data_task: at time 125470966.0 ps INFO: WRITE @ DQS= bank = 0 row = 2200 col = 000000bc data = ffd0
tb_a7ng_ddr_cue_soa.gen_mem[0].u_comp_ddr3.data_task: at time 125472466.0 ps INFO: WRITE @ DQS= bank = 0 row = 2200 col = 000000bd data = 2201
tb_a7ng_ddr_cue_soa.gen_mem[0].u_comp_ddr3.data_task: at time 125473966.0 ps INFO: WRITE @ DQS= bank = 0 row = 2200 col = 000000be data = 002f
tb_a7ng_ddr_cue_soa.gen_mem[0].u_comp_ddr3.data_task: at time 125475466.0 ps INFO: WRITE @ DQS= bank = 0 row = 2200 col = 000000bf data = ddfe
tb_a7ng_ddr_cue_soa.gen_mem[0].u_comp_ddr3.main: at time 125478466.0 ps INFO: Sync On Die Termination Rtt_NOM =          0 Ohm
tb_a7ng_ddr_cue_soa.gen_mem[0].u_comp_ddr3.cmd_task: at time 125496466.0 ps INFO: Write     bank 0 col 0c0, auto precharge 0
tb_a7ng_ddr_cue_soa.gen_mem[0].u_comp_ddr3.main: at time 125502466.0 ps INFO: Sync On Die Termination Rtt_NOM =         40 Ohm
tb_a7ng_ddr_cue_soa.gen_mem[0].u_comp_ddr3.data_task: at time 125512966.0 ps INFO: WRITE @ DQS= bank = 0 row = 2200 col = 000000c0 data = ffcf
tb_a7ng_ddr_cue_soa.gen_mem[0].u_comp_ddr3.data_task: at time 125514466.0 ps INFO: WRITE @ DQS= bank = 0 row = 2200 col = 000000c1 data = 2201
tb_a7ng_ddr_cue_soa.gen_mem[0].u_comp_ddr3.data_task: at time 125515966.0 ps INFO: WRITE @ DQS= bank = 0 row = 2200 col = 000000c2 data = 0030
tb_a7ng_ddr_cue_soa.gen_mem[0].u_comp_ddr3.data_task: at time 125517466.0 ps INFO: WRITE @ DQS= bank = 0 row = 2200 col = 000000c3 data = ddfe
tb_a7ng_ddr_cue_soa.gen_mem[0].u_comp_ddr3.data_task: at time 125518966.0 ps INFO: WRITE @ DQS= bank = 0 row = 2200 col = 000000c4 data = ffce
tb_a7ng_ddr_cue_soa.gen_mem[0].u_comp_ddr3.data_task: at time 125520466.0 ps INFO: WRITE @ DQS= bank = 0 row = 2200 col = 000000c5 data = 2201
tb_a7ng_ddr_cue_soa.gen_mem[0].u_comp_ddr3.data_task: at time 125521966.0 ps INFO: WRITE @ DQS= bank = 0 row = 2200 col = 000000c6 data = 0031
tb_a7ng_ddr_cue_soa.gen_mem[0].u_comp_ddr3.data_task: at time 125523466.0 ps INFO: WRITE @ DQS= bank = 0 row = 2200 col = 000000c7 data = ddfe
tb_a7ng_ddr_cue_soa.gen_mem[0].u_comp_ddr3.main: at time 125526466.0 ps INFO: Sync On Die Termination Rtt_NOM =          0 Ohm
tb_a7ng_ddr_cue_soa.gen_mem[0].u_comp_ddr3.cmd_task: at time 125544466.0 ps INFO: Write     bank 0 col 0c8, auto precharge 0
tb_a7ng_ddr_cue_soa.gen_mem[0].u_comp_ddr3.main: at time 125550466.0 ps INFO: Sync On Die Termination Rtt_NOM =         40 Ohm
tb_a7ng_ddr_cue_soa.gen_mem[0].u_comp_ddr3.data_task: at time 125560966.0 ps INFO: WRITE @ DQS= bank = 0 row = 2200 col = 000000c8 data = ffcd
tb_a7ng_ddr_cue_soa.gen_mem[0].u_comp_ddr3.data_task: at time 125562466.0 ps INFO: WRITE @ DQS= bank = 0 row = 2200 col = 000000c9 data = 2201
tb_a7ng_ddr_cue_soa.gen_mem[0].u_comp_ddr3.data_task: at time 125563966.0 ps INFO: WRITE @ DQS= bank = 0 row = 2200 col = 000000ca data = 0032
tb_a7ng_ddr_cue_soa.gen_mem[0].u_comp_ddr3.data_task: at time 125565466.0 ps INFO: WRITE @ DQS= bank = 0 row = 2200 col = 000000cb data = ddfe
tb_a7ng_ddr_cue_soa.gen_mem[0].u_comp_ddr3.data_task: at time 125566966.0 ps INFO: WRITE @ DQS= bank = 0 row = 2200 col = 000000cc data = ffcc
tb_a7ng_ddr_cue_soa.gen_mem[0].u_comp_ddr3.data_task: at time 125568466.0 ps INFO: WRITE @ DQS= bank = 0 row = 2200 col = 000000cd data = 2201
tb_a7ng_ddr_cue_soa.gen_mem[0].u_comp_ddr3.data_task: at time 125569966.0 ps INFO: WRITE @ DQS= bank = 0 row = 2200 col = 000000ce data = 0033
tb_a7ng_ddr_cue_soa.gen_mem[0].u_comp_ddr3.data_task: at time 125571466.0 ps INFO: WRITE @ DQS= bank = 0 row = 2200 col = 000000cf data = ddfe
tb_a7ng_ddr_cue_soa.gen_mem[0].u_comp_ddr3.main: at time 125574466.0 ps INFO: Sync On Die Termination Rtt_NOM =          0 Ohm
tb_a7ng_ddr_cue_soa.gen_mem[0].u_comp_ddr3.cmd_task: at time 125592466.0 ps INFO: Write     bank 0 col 0d0, auto precharge 0
tb_a7ng_ddr_cue_soa.gen_mem[0].u_comp_ddr3.main: at time 125598466.0 ps INFO: Sync On Die Termination Rtt_NOM =         40 Ohm
tb_a7ng_ddr_cue_soa.gen_mem[0].u_comp_ddr3.data_task: at time 125608966.0 ps INFO: WRITE @ DQS= bank = 0 row = 2200 col = 000000d0 data = ffcb
tb_a7ng_ddr_cue_soa.gen_mem[0].u_comp_ddr3.data_task: at time 125610466.0 ps INFO: WRITE @ DQS= bank = 0 row = 2200 col = 000000d1 data = 2201
tb_a7ng_ddr_cue_soa.gen_mem[0].u_comp_ddr3.data_task: at time 125611966.0 ps INFO: WRITE @ DQS= bank = 0 row = 2200 col = 000000d2 data = 0034
tb_a7ng_ddr_cue_soa.gen_mem[0].u_comp_ddr3.data_task: at time 125613466.0 ps INFO: WRITE @ DQS= bank = 0 row = 2200 col = 000000d3 data = ddfe
tb_a7ng_ddr_cue_soa.gen_mem[0].u_comp_ddr3.data_task: at time 125614966.0 ps INFO: WRITE @ DQS= bank = 0 row = 2200 col = 000000d4 data = ffca
tb_a7ng_ddr_cue_soa.gen_mem[0].u_comp_ddr3.data_task: at time 125616466.0 ps INFO: WRITE @ DQS= bank = 0 row = 2200 col = 000000d5 data = 2201
tb_a7ng_ddr_cue_soa.gen_mem[0].u_comp_ddr3.data_task: at time 125617966.0 ps INFO: WRITE @ DQS= bank = 0 row = 2200 col = 000000d6 data = 0035
tb_a7ng_ddr_cue_soa.gen_mem[0].u_comp_ddr3.data_task: at time 125619466.0 ps INFO: WRITE @ DQS= bank = 0 row = 2200 col = 000000d7 data = ddfe
tb_a7ng_ddr_cue_soa.gen_mem[0].u_comp_ddr3.main: at time 125622466.0 ps INFO: Sync On Die Termination Rtt_NOM =          0 Ohm
tb_a7ng_ddr_cue_soa.gen_mem[0].u_comp_ddr3.cmd_task: at time 125640466.0 ps INFO: Write     bank 0 col 0d8, auto precharge 0
tb_a7ng_ddr_cue_soa.gen_mem[0].u_comp_ddr3.main: at time 125646466.0 ps INFO: Sync On Die Termination Rtt_NOM =         40 Ohm
tb_a7ng_ddr_cue_soa.gen_mem[0].u_comp_ddr3.data_task: at time 125656966.0 ps INFO: WRITE @ DQS= bank = 0 row = 2200 col = 000000d8 data = ffc9
tb_a7ng_ddr_cue_soa.gen_mem[0].u_comp_ddr3.data_task: at time 125658466.0 ps INFO: WRITE @ DQS= bank = 0 row = 2200 col = 000000d9 data = 2201
tb_a7ng_ddr_cue_soa.gen_mem[0].u_comp_ddr3.data_task: at time 125659966.0 ps INFO: WRITE @ DQS= bank = 0 row = 2200 col = 000000da data = 0036
tb_a7ng_ddr_cue_soa.gen_mem[0].u_comp_ddr3.data_task: at time 125661466.0 ps INFO: WRITE @ DQS= bank = 0 row = 2200 col = 000000db data = ddfe
tb_a7ng_ddr_cue_soa.gen_mem[0].u_comp_ddr3.data_task: at time 125662966.0 ps INFO: WRITE @ DQS= bank = 0 row = 2200 col = 000000dc data = ffc8
tb_a7ng_ddr_cue_soa.gen_mem[0].u_comp_ddr3.data_task: at time 125664466.0 ps INFO: WRITE @ DQS= bank = 0 row = 2200 col = 000000dd data = 2201
tb_a7ng_ddr_cue_soa.gen_mem[0].u_comp_ddr3.data_task: at time 125665966.0 ps INFO: WRITE @ DQS= bank = 0 row = 2200 col = 000000de data = 0037
tb_a7ng_ddr_cue_soa.gen_mem[0].u_comp_ddr3.data_task: at time 125667466.0 ps INFO: WRITE @ DQS= bank = 0 row = 2200 col = 000000df data = ddfe
tb_a7ng_ddr_cue_soa.gen_mem[0].u_comp_ddr3.main: at time 125670466.0 ps INFO: Sync On Die Termination Rtt_NOM =          0 Ohm
tb_a7ng_ddr_cue_soa.gen_mem[0].u_comp_ddr3.cmd_task: at time 125688466.0 ps INFO: Write     bank 0 col 0e0, auto precharge 0
tb_a7ng_ddr_cue_soa.gen_mem[0].u_comp_ddr3.main: at time 125694466.0 ps INFO: Sync On Die Termination Rtt_NOM =         40 Ohm
tb_a7ng_ddr_cue_soa.gen_mem[0].u_comp_ddr3.data_task: at time 125704966.0 ps INFO: WRITE @ DQS= bank = 0 row = 2200 col = 000000e0 data = ffc7
tb_a7ng_ddr_cue_soa.gen_mem[0].u_comp_ddr3.data_task: at time 125706466.0 ps INFO: WRITE @ DQS= bank = 0 row = 2200 col = 000000e1 data = 2201
tb_a7ng_ddr_cue_soa.gen_mem[0].u_comp_ddr3.data_task: at time 125707966.0 ps INFO: WRITE @ DQS= bank = 0 row = 2200 col = 000000e2 data = 0038
tb_a7ng_ddr_cue_soa.gen_mem[0].u_comp_ddr3.data_task: at time 125709466.0 ps INFO: WRITE @ DQS= bank = 0 row = 2200 col = 000000e3 data = ddfe
tb_a7ng_ddr_cue_soa.gen_mem[0].u_comp_ddr3.data_task: at time 125710966.0 ps INFO: WRITE @ DQS= bank = 0 row = 2200 col = 000000e4 data = ffc6
tb_a7ng_ddr_cue_soa.gen_mem[0].u_comp_ddr3.data_task: at time 125712466.0 ps INFO: WRITE @ DQS= bank = 0 row = 2200 col = 000000e5 data = 2201
tb_a7ng_ddr_cue_soa.gen_mem[0].u_comp_ddr3.data_task: at time 125713966.0 ps INFO: WRITE @ DQS= bank = 0 row = 2200 col = 000000e6 data = 0039
tb_a7ng_ddr_cue_soa.gen_mem[0].u_comp_ddr3.data_task: at time 125715466.0 ps INFO: WRITE @ DQS= bank = 0 row = 2200 col = 000000e7 data = ddfe
tb_a7ng_ddr_cue_soa.gen_mem[0].u_comp_ddr3.main: at time 125718466.0 ps INFO: Sync On Die Termination Rtt_NOM =          0 Ohm
tb_a7ng_ddr_cue_soa.gen_mem[0].u_comp_ddr3.cmd_task: at time 125736466.0 ps INFO: Write     bank 0 col 0e8, auto precharge 0
tb_a7ng_ddr_cue_soa.gen_mem[0].u_comp_ddr3.main: at time 125742466.0 ps INFO: Sync On Die Termination Rtt_NOM =         40 Ohm
tb_a7ng_ddr_cue_soa.gen_mem[0].u_comp_ddr3.data_task: at time 125752966.0 ps INFO: WRITE @ DQS= bank = 0 row = 2200 col = 000000e8 data = ffc5
tb_a7ng_ddr_cue_soa.gen_mem[0].u_comp_ddr3.data_task: at time 125754466.0 ps INFO: WRITE @ DQS= bank = 0 row = 2200 col = 000000e9 data = 2201
tb_a7ng_ddr_cue_soa.gen_mem[0].u_comp_ddr3.data_task: at time 125755966.0 ps INFO: WRITE @ DQS= bank = 0 row = 2200 col = 000000ea data = 003a
tb_a7ng_ddr_cue_soa.gen_mem[0].u_comp_ddr3.data_task: at time 125757466.0 ps INFO: WRITE @ DQS= bank = 0 row = 2200 col = 000000eb data = ddfe
tb_a7ng_ddr_cue_soa.gen_mem[0].u_comp_ddr3.data_task: at time 125758966.0 ps INFO: WRITE @ DQS= bank = 0 row = 2200 col = 000000ec data = ffc4
tb_a7ng_ddr_cue_soa.gen_mem[0].u_comp_ddr3.data_task: at time 125760466.0 ps INFO: WRITE @ DQS= bank = 0 row = 2200 col = 000000ed data = 2201
tb_a7ng_ddr_cue_soa.gen_mem[0].u_comp_ddr3.data_task: at time 125761966.0 ps INFO: WRITE @ DQS= bank = 0 row = 2200 col = 000000ee data = 003b
tb_a7ng_ddr_cue_soa.gen_mem[0].u_comp_ddr3.data_task: at time 125763466.0 ps INFO: WRITE @ DQS= bank = 0 row = 2200 col = 000000ef data = ddfe
tb_a7ng_ddr_cue_soa.gen_mem[0].u_comp_ddr3.main: at time 125766466.0 ps INFO: Sync On Die Termination Rtt_NOM =          0 Ohm
tb_a7ng_ddr_cue_soa.gen_mem[0].u_comp_ddr3.cmd_task: at time 125784466.0 ps INFO: Write     bank 0 col 0f0, auto precharge 0
tb_a7ng_ddr_cue_soa.gen_mem[0].u_comp_ddr3.main: at time 125790466.0 ps INFO: Sync On Die Termination Rtt_NOM =         40 Ohm
tb_a7ng_ddr_cue_soa.gen_mem[0].u_comp_ddr3.data_task: at time 125800966.0 ps INFO: WRITE @ DQS= bank = 0 row = 2200 col = 000000f0 data = ffc3
tb_a7ng_ddr_cue_soa.gen_mem[0].u_comp_ddr3.data_task: at time 125802466.0 ps INFO: WRITE @ DQS= bank = 0 row = 2200 col = 000000f1 data = 2201
tb_a7ng_ddr_cue_soa.gen_mem[0].u_comp_ddr3.data_task: at time 125803966.0 ps INFO: WRITE @ DQS= bank = 0 row = 2200 col = 000000f2 data = 003c
tb_a7ng_ddr_cue_soa.gen_mem[0].u_comp_ddr3.data_task: at time 125805466.0 ps INFO: WRITE @ DQS= bank = 0 row = 2200 col = 000000f3 data = ddfe
tb_a7ng_ddr_cue_soa.gen_mem[0].u_comp_ddr3.data_task: at time 125806966.0 ps INFO: WRITE @ DQS= bank = 0 row = 2200 col = 000000f4 data = ffc2
tb_a7ng_ddr_cue_soa.gen_mem[0].u_comp_ddr3.data_task: at time 125808466.0 ps INFO: WRITE @ DQS= bank = 0 row = 2200 col = 000000f5 data = 2201
tb_a7ng_ddr_cue_soa.gen_mem[0].u_comp_ddr3.data_task: at time 125809966.0 ps INFO: WRITE @ DQS= bank = 0 row = 2200 col = 000000f6 data = 003d
tb_a7ng_ddr_cue_soa.gen_mem[0].u_comp_ddr3.data_task: at time 125811466.0 ps INFO: WRITE @ DQS= bank = 0 row = 2200 col = 000000f7 data = ddfe
tb_a7ng_ddr_cue_soa.gen_mem[0].u_comp_ddr3.main: at time 125814466.0 ps INFO: Sync On Die Termination Rtt_NOM =          0 Ohm
tb_a7ng_ddr_cue_soa.gen_mem[0].u_comp_ddr3.cmd_task: at time 125832466.0 ps INFO: Write     bank 0 col 0f8, auto precharge 0
tb_a7ng_ddr_cue_soa.gen_mem[0].u_comp_ddr3.main: at time 125838466.0 ps INFO: Sync On Die Termination Rtt_NOM =         40 Ohm
tb_a7ng_ddr_cue_soa.gen_mem[0].u_comp_ddr3.data_task: at time 125848966.0 ps INFO: WRITE @ DQS= bank = 0 row = 2200 col = 000000f8 data = ffc1
tb_a7ng_ddr_cue_soa.gen_mem[0].u_comp_ddr3.data_task: at time 125850466.0 ps INFO: WRITE @ DQS= bank = 0 row = 2200 col = 000000f9 data = 2201
tb_a7ng_ddr_cue_soa.gen_mem[0].u_comp_ddr3.data_task: at time 125851966.0 ps INFO: WRITE @ DQS= bank = 0 row = 2200 col = 000000fa data = 003e
tb_a7ng_ddr_cue_soa.gen_mem[0].u_comp_ddr3.data_task: at time 125853466.0 ps INFO: WRITE @ DQS= bank = 0 row = 2200 col = 000000fb data = ddfe
tb_a7ng_ddr_cue_soa.gen_mem[0].u_comp_ddr3.data_task: at time 125854966.0 ps INFO: WRITE @ DQS= bank = 0 row = 2200 col = 000000fc data = ffc0
tb_a7ng_ddr_cue_soa.gen_mem[0].u_comp_ddr3.data_task: at time 125856466.0 ps INFO: WRITE @ DQS= bank = 0 row = 2200 col = 000000fd data = 2201
tb_a7ng_ddr_cue_soa.gen_mem[0].u_comp_ddr3.data_task: at time 125857966.0 ps INFO: WRITE @ DQS= bank = 0 row = 2200 col = 000000fe data = 003f
tb_a7ng_ddr_cue_soa.gen_mem[0].u_comp_ddr3.data_task: at time 125859466.0 ps INFO: WRITE @ DQS= bank = 0 row = 2200 col = 000000ff data = ddfe
tb_a7ng_ddr_cue_soa.gen_mem[0].u_comp_ddr3.main: at time 125862466.0 ps INFO: Sync On Die Termination Rtt_NOM =          0 Ohm
tb_a7ng_ddr_cue_soa.gen_mem[0].u_comp_ddr3.cmd_task: at time 125877466.0 ps INFO: Activate  bank 1 row 2000
tb_a7ng_ddr_cue_soa.gen_mem[0].u_comp_ddr3.cmd_task: at time 125892466.0 ps INFO: Write     bank 1 col 000, auto precharge 0
tb_a7ng_ddr_cue_soa.gen_mem[0].u_comp_ddr3.cmd_task: at time 125895466.0 ps INFO: Precharge bank   0
tb_a7ng_ddr_cue_soa.gen_mem[0].u_comp_ddr3.main: at time 125898466.0 ps INFO: Sync On Die Termination Rtt_NOM =         40 Ohm
SOA_PRELOAD_DONE planes id/cue64/prior candidates=64
tb_a7ng_ddr_cue_soa.gen_mem[0].u_comp_ddr3.data_task: at time 125908966.0 ps INFO: WRITE @ DQS= bank = 1 row = 2000 col = 00000000 data = 0101
tb_a7ng_ddr_cue_soa.gen_mem[0].u_comp_ddr3.data_task: at time 125910466.0 ps INFO: WRITE @ DQS= bank = 1 row = 2000 col = 00000001 data = 0101
tb_a7ng_ddr_cue_soa.gen_mem[0].u_comp_ddr3.data_task: at time 125911966.0 ps INFO: WRITE @ DQS= bank = 1 row = 2000 col = 00000002 data = 0101
tb_a7ng_ddr_cue_soa.gen_mem[0].u_comp_ddr3.data_task: at time 125913466.0 ps INFO: WRITE @ DQS= bank = 1 row = 2000 col = 00000003 data = 0101
tb_a7ng_ddr_cue_soa.gen_mem[0].u_comp_ddr3.data_task: at time 125914966.0 ps INFO: WRITE @ DQS= bank = 1 row = 2000 col = 00000004 data = 0101
tb_a7ng_ddr_cue_soa.gen_mem[0].u_comp_ddr3.data_task: at time 125916466.0 ps INFO: WRITE @ DQS= bank = 1 row = 2000 col = 00000005 data = 0101
tb_a7ng_ddr_cue_soa.gen_mem[0].u_comp_ddr3.data_task: at time 125917966.0 ps INFO: WRITE @ DQS= bank = 1 row = 2000 col = 00000006 data = 0101
tb_a7ng_ddr_cue_soa.gen_mem[0].u_comp_ddr3.data_task: at time 125919466.0 ps INFO: WRITE @ DQS= bank = 1 row = 2000 col = 00000007 data = 0101
tb_a7ng_ddr_cue_soa.gen_mem[0].u_comp_ddr3.main: at time 125922466.0 ps INFO: Sync On Die Termination Rtt_NOM =          0 Ohm
tb_a7ng_ddr_cue_soa.gen_mem[0].u_comp_ddr3.cmd_task: at time 125928466.0 ps INFO: Write     bank 1 col 008, auto precharge 0
tb_a7ng_ddr_cue_soa.gen_mem[0].u_comp_ddr3.main: at time 125934466.0 ps INFO: Sync On Die Termination Rtt_NOM =         40 Ohm
tb_a7ng_ddr_cue_soa.gen_mem[0].u_comp_ddr3.data_task: at time 125944966.0 ps INFO: WRITE @ DQS= bank = 1 row = 2000 col = 00000008 data = 0101
tb_a7ng_ddr_cue_soa.gen_mem[0].u_comp_ddr3.data_task: at time 125946466.0 ps INFO: WRITE @ DQS= bank = 1 row = 2000 col = 00000009 data = 0101
tb_a7ng_ddr_cue_soa.gen_mem[0].u_comp_ddr3.data_task: at time 125947966.0 ps INFO: WRITE @ DQS= bank = 1 row = 2000 col = 0000000a data = 0101
tb_a7ng_ddr_cue_soa.gen_mem[0].u_comp_ddr3.data_task: at time 125949466.0 ps INFO: WRITE @ DQS= bank = 1 row = 2000 col = 0000000b data = 0101
tb_a7ng_ddr_cue_soa.gen_mem[0].u_comp_ddr3.data_task: at time 125950966.0 ps INFO: WRITE @ DQS= bank = 1 row = 2000 col = 0000000c data = 0101
tb_a7ng_ddr_cue_soa.gen_mem[0].u_comp_ddr3.data_task: at time 125952466.0 ps INFO: WRITE @ DQS= bank = 1 row = 2000 col = 0000000d data = 0101
tb_a7ng_ddr_cue_soa.gen_mem[0].u_comp_ddr3.data_task: at time 125953966.0 ps INFO: WRITE @ DQS= bank = 1 row = 2000 col = 0000000e data = 0101
tb_a7ng_ddr_cue_soa.gen_mem[0].u_comp_ddr3.data_task: at time 125955466.0 ps INFO: WRITE @ DQS= bank = 1 row = 2000 col = 0000000f data = 0101
tb_a7ng_ddr_cue_soa.gen_mem[0].u_comp_ddr3.main: at time 125958466.0 ps INFO: Sync On Die Termination Rtt_NOM =          0 Ohm
tb_a7ng_ddr_cue_soa.gen_mem[0].u_comp_ddr3.cmd_task: at time 125976466.0 ps INFO: Write     bank 1 col 010, auto precharge 0
tb_a7ng_ddr_cue_soa.gen_mem[0].u_comp_ddr3.main: at time 125982466.0 ps INFO: Sync On Die Termination Rtt_NOM =         40 Ohm
tb_a7ng_ddr_cue_soa.gen_mem[0].u_comp_ddr3.data_task: at time 125992966.0 ps INFO: WRITE @ DQS= bank = 1 row = 2000 col = 00000010 data = 0101
tb_a7ng_ddr_cue_soa.gen_mem[0].u_comp_ddr3.data_task: at time 125994466.0 ps INFO: WRITE @ DQS= bank = 1 row = 2000 col = 00000011 data = 0101
tb_a7ng_ddr_cue_soa.gen_mem[0].u_comp_ddr3.data_task: at time 125995966.0 ps INFO: WRITE @ DQS= bank = 1 row = 2000 col = 00000012 data = 0101
tb_a7ng_ddr_cue_soa.gen_mem[0].u_comp_ddr3.data_task: at time 125997466.0 ps INFO: WRITE @ DQS= bank = 1 row = 2000 col = 00000013 data = 0101
tb_a7ng_ddr_cue_soa.gen_mem[0].u_comp_ddr3.data_task: at time 125998966.0 ps INFO: WRITE @ DQS= bank = 1 row = 2000 col = 00000014 data = 0101
tb_a7ng_ddr_cue_soa.gen_mem[0].u_comp_ddr3.data_task: at time 126000466.0 ps INFO: WRITE @ DQS= bank = 1 row = 2000 col = 00000015 data = 0101
tb_a7ng_ddr_cue_soa.gen_mem[0].u_comp_ddr3.data_task: at time 126001966.0 ps INFO: WRITE @ DQS= bank = 1 row = 2000 col = 00000016 data = 0101
tb_a7ng_ddr_cue_soa.gen_mem[0].u_comp_ddr3.data_task: at time 126003466.0 ps INFO: WRITE @ DQS= bank = 1 row = 2000 col = 00000017 data = 0101
tb_a7ng_ddr_cue_soa.gen_mem[0].u_comp_ddr3.main: at time 126006466.0 ps INFO: Sync On Die Termination Rtt_NOM =          0 Ohm
tb_a7ng_ddr_cue_soa.gen_mem[0].u_comp_ddr3.cmd_task: at time 126024466.0 ps INFO: Write     bank 1 col 018, auto precharge 0
tb_a7ng_ddr_cue_soa.gen_mem[0].u_comp_ddr3.main: at time 126030466.0 ps INFO: Sync On Die Termination Rtt_NOM =         40 Ohm
tb_a7ng_ddr_cue_soa.gen_mem[0].u_comp_ddr3.data_task: at time 126040966.0 ps INFO: WRITE @ DQS= bank = 1 row = 2000 col = 00000018 data = 0101
tb_a7ng_ddr_cue_soa.gen_mem[0].u_comp_ddr3.data_task: at time 126042466.0 ps INFO: WRITE @ DQS= bank = 1 row = 2000 col = 00000019 data = 0101
tb_a7ng_ddr_cue_soa.gen_mem[0].u_comp_ddr3.data_task: at time 126043966.0 ps INFO: WRITE @ DQS= bank = 1 row = 2000 col = 0000001a data = 0101
tb_a7ng_ddr_cue_soa.gen_mem[0].u_comp_ddr3.data_task: at time 126045466.0 ps INFO: WRITE @ DQS= bank = 1 row = 2000 col = 0000001b data = 0101
tb_a7ng_ddr_cue_soa.gen_mem[0].u_comp_ddr3.data_task: at time 126046966.0 ps INFO: WRITE @ DQS= bank = 1 row = 2000 col = 0000001c data = 0101
tb_a7ng_ddr_cue_soa.gen_mem[0].u_comp_ddr3.data_task: at time 126048466.0 ps INFO: WRITE @ DQS= bank = 1 row = 2000 col = 0000001d data = 0101
tb_a7ng_ddr_cue_soa.gen_mem[0].u_comp_ddr3.data_task: at time 126049966.0 ps INFO: WRITE @ DQS= bank = 1 row = 2000 col = 0000001e data = 0101
tb_a7ng_ddr_cue_soa.gen_mem[0].u_comp_ddr3.data_task: at time 126051466.0 ps INFO: WRITE @ DQS= bank = 1 row = 2000 col = 0000001f data = 0101
tb_a7ng_ddr_cue_soa.gen_mem[0].u_comp_ddr3.main: at time 126054466.0 ps INFO: Sync On Die Termination Rtt_NOM =          0 Ohm
tb_a7ng_ddr_cue_soa.gen_mem[0].u_comp_ddr3.cmd_task: at time 126072466.0 ps INFO: Read      bank 1 col 018, auto precharge 0
tb_a7ng_ddr_cue_soa.gen_mem[0].u_comp_ddr3.cmd_task: at time 126084466.0 ps INFO: Read      bank 1 col 018, auto precharge 0
tb_a7ng_ddr_cue_soa.gen_mem[0].u_comp_ddr3.data_task: at time 126085966.0 ps INFO: READ @ DQS= bank = 1 row = 2000 col = 00000018 data = 0101
tb_a7ng_ddr_cue_soa.gen_mem[0].u_comp_ddr3.data_task: at time 126087466.0 ps INFO: READ @ DQS= bank = 1 row = 2000 col = 00000019 data = 0101
tb_a7ng_ddr_cue_soa.gen_mem[0].u_comp_ddr3.data_task: at time 126088966.0 ps INFO: READ @ DQS= bank = 1 row = 2000 col = 0000001a data = 0101
tb_a7ng_ddr_cue_soa.gen_mem[0].u_comp_ddr3.data_task: at time 126090466.0 ps INFO: READ @ DQS= bank = 1 row = 2000 col = 0000001b data = 0101
tb_a7ng_ddr_cue_soa.gen_mem[0].u_comp_ddr3.data_task: at time 126091966.0 ps INFO: READ @ DQS= bank = 1 row = 2000 col = 0000001c data = 0101
tb_a7ng_ddr_cue_soa.gen_mem[0].u_comp_ddr3.data_task: at time 126093466.0 ps INFO: READ @ DQS= bank = 1 row = 2000 col = 0000001d data = 0101
tb_a7ng_ddr_cue_soa.gen_mem[0].u_comp_ddr3.data_task: at time 126094966.0 ps INFO: READ @ DQS= bank = 1 row = 2000 col = 0000001e data = 0101
tb_a7ng_ddr_cue_soa.gen_mem[0].u_comp_ddr3.data_task: at time 126096466.0 ps INFO: READ @ DQS= bank = 1 row = 2000 col = 0000001f data = 0101
tb_a7ng_ddr_cue_soa.gen_mem[0].u_comp_ddr3.data_task: at time 126097966.0 ps INFO: READ @ DQS= bank = 1 row = 2000 col = 00000018 data = 0101
tb_a7ng_ddr_cue_soa.gen_mem[0].u_comp_ddr3.data_task: at time 126099466.0 ps INFO: READ @ DQS= bank = 1 row = 2000 col = 00000019 data = 0101
tb_a7ng_ddr_cue_soa.gen_mem[0].u_comp_ddr3.data_task: at time 126100966.0 ps INFO: READ @ DQS= bank = 1 row = 2000 col = 0000001a data = 0101
tb_a7ng_ddr_cue_soa.gen_mem[0].u_comp_ddr3.data_task: at time 126102466.0 ps INFO: READ @ DQS= bank = 1 row = 2000 col = 0000001b data = 0101
tb_a7ng_ddr_cue_soa.gen_mem[0].u_comp_ddr3.data_task: at time 126103966.0 ps INFO: READ @ DQS= bank = 1 row = 2000 col = 0000001c data = 0101
tb_a7ng_ddr_cue_soa.gen_mem[0].u_comp_ddr3.data_task: at time 126105466.0 ps INFO: READ @ DQS= bank = 1 row = 2000 col = 0000001d data = 0101
tb_a7ng_ddr_cue_soa.gen_mem[0].u_comp_ddr3.data_task: at time 126106966.0 ps INFO: READ @ DQS= bank = 1 row = 2000 col = 0000001e data = 0101
tb_a7ng_ddr_cue_soa.gen_mem[0].u_comp_ddr3.data_task: at time 126108466.0 ps INFO: READ @ DQS= bank = 1 row = 2000 col = 0000001f data = 0101
tb_a7ng_ddr_cue_soa.gen_mem[0].u_comp_ddr3.cmd_task: at time 126135466.0 ps INFO: Precharge bank   1
SOA_PRELOAD_DRAIN quiet=32 guard=32
SOA_OWNER_READY ok cycles=0
tb_a7ng_ddr_cue_soa.gen_mem[0].u_comp_ddr3.cmd_task: at time 126957466.0 ps INFO: Activate  bank 0 row 2000
tb_a7ng_ddr_cue_soa.gen_mem[0].u_comp_ddr3.cmd_task: at time 126972466.0 ps INFO: Read      bank 0 col 000, auto precharge 0
tb_a7ng_ddr_cue_soa.gen_mem[0].u_comp_ddr3.data_task: at time 126985966.0 ps INFO: READ @ DQS= bank = 0 row = 2000 col = 00000000 data = 0000
tb_a7ng_ddr_cue_soa.gen_mem[0].u_comp_ddr3.data_task: at time 126987466.0 ps INFO: READ @ DQS= bank = 0 row = 2000 col = 00000001 data = 0000
tb_a7ng_ddr_cue_soa.gen_mem[0].u_comp_ddr3.data_task: at time 126988966.0 ps INFO: READ @ DQS= bank = 0 row = 2000 col = 00000002 data = 0001
tb_a7ng_ddr_cue_soa.gen_mem[0].u_comp_ddr3.data_task: at time 126990466.0 ps INFO: READ @ DQS= bank = 0 row = 2000 col = 00000003 data = 0000
tb_a7ng_ddr_cue_soa.gen_mem[0].u_comp_ddr3.data_task: at time 126991966.0 ps INFO: READ @ DQS= bank = 0 row = 2000 col = 00000004 data = 0002
tb_a7ng_ddr_cue_soa.gen_mem[0].u_comp_ddr3.data_task: at time 126993466.0 ps INFO: READ @ DQS= bank = 0 row = 2000 col = 00000005 data = 0000
tb_a7ng_ddr_cue_soa.gen_mem[0].u_comp_ddr3.data_task: at time 126994966.0 ps INFO: READ @ DQS= bank = 0 row = 2000 col = 00000006 data = 0003
tb_a7ng_ddr_cue_soa.gen_mem[0].u_comp_ddr3.data_task: at time 126996466.0 ps INFO: READ @ DQS= bank = 0 row = 2000 col = 00000007 data = 0000
tb_a7ng_ddr_cue_soa.gen_mem[0].u_comp_ddr3.cmd_task: at time 127020466.0 ps INFO: Read      bank 0 col 000, auto precharge 0
tb_a7ng_ddr_cue_soa.gen_mem[0].u_comp_ddr3.cmd_task: at time 127032466.0 ps INFO: Read      bank 0 col 000, auto precharge 0
tb_a7ng_ddr_cue_soa.gen_mem[0].u_comp_ddr3.data_task: at time 127033966.0 ps INFO: READ @ DQS= bank = 0 row = 2000 col = 00000000 data = 0000
tb_a7ng_ddr_cue_soa.gen_mem[0].u_comp_ddr3.data_task: at time 127035466.0 ps INFO: READ @ DQS= bank = 0 row = 2000 col = 00000001 data = 0000
tb_a7ng_ddr_cue_soa.gen_mem[0].u_comp_ddr3.data_task: at time 127036966.0 ps INFO: READ @ DQS= bank = 0 row = 2000 col = 00000002 data = 0001
tb_a7ng_ddr_cue_soa.gen_mem[0].u_comp_ddr3.data_task: at time 127038466.0 ps INFO: READ @ DQS= bank = 0 row = 2000 col = 00000003 data = 0000
tb_a7ng_ddr_cue_soa.gen_mem[0].u_comp_ddr3.data_task: at time 127039966.0 ps INFO: READ @ DQS= bank = 0 row = 2000 col = 00000004 data = 0002
tb_a7ng_ddr_cue_soa.gen_mem[0].u_comp_ddr3.data_task: at time 127041466.0 ps INFO: READ @ DQS= bank = 0 row = 2000 col = 00000005 data = 0000
tb_a7ng_ddr_cue_soa.gen_mem[0].u_comp_ddr3.data_task: at time 127042966.0 ps INFO: READ @ DQS= bank = 0 row = 2000 col = 00000006 data = 0003
tb_a7ng_ddr_cue_soa.gen_mem[0].u_comp_ddr3.data_task: at time 127044466.0 ps INFO: READ @ DQS= bank = 0 row = 2000 col = 00000007 data = 0000
tb_a7ng_ddr_cue_soa.gen_mem[0].u_comp_ddr3.data_task: at time 127045966.0 ps INFO: READ @ DQS= bank = 0 row = 2000 col = 00000000 data = 0000
tb_a7ng_ddr_cue_soa.gen_mem[0].u_comp_ddr3.data_task: at time 127047466.0 ps INFO: READ @ DQS= bank = 0 row = 2000 col = 00000001 data = 0000
tb_a7ng_ddr_cue_soa.gen_mem[0].u_comp_ddr3.data_task: at time 127048966.0 ps INFO: READ @ DQS= bank = 0 row = 2000 col = 00000002 data = 0001
tb_a7ng_ddr_cue_soa.gen_mem[0].u_comp_ddr3.data_task: at time 127050466.0 ps INFO: READ @ DQS= bank = 0 row = 2000 col = 00000003 data = 0000
tb_a7ng_ddr_cue_soa.gen_mem[0].u_comp_ddr3.data_task: at time 127051966.0 ps INFO: READ @ DQS= bank = 0 row = 2000 col = 00000004 data = 0002
tb_a7ng_ddr_cue_soa.gen_mem[0].u_comp_ddr3.data_task: at time 127053466.0 ps INFO: READ @ DQS= bank = 0 row = 2000 col = 00000005 data = 0000
tb_a7ng_ddr_cue_soa.gen_mem[0].u_comp_ddr3.data_task: at time 127054966.0 ps INFO: READ @ DQS= bank = 0 row = 2000 col = 00000006 data = 0003
tb_a7ng_ddr_cue_soa.gen_mem[0].u_comp_ddr3.data_task: at time 127056466.0 ps INFO: READ @ DQS= bank = 0 row = 2000 col = 00000007 data = 0000
tb_a7ng_ddr_cue_soa.gen_mem[0].u_comp_ddr3.cmd_task: at time 127083466.0 ps INFO: Precharge bank   0
tb_a7ng_ddr_cue_soa.gen_mem[0].u_comp_ddr3.cmd_task: at time 127269466.0 ps INFO: Activate  bank 0 row 2000
tb_a7ng_ddr_cue_soa.gen_mem[0].u_comp_ddr3.cmd_task: at time 127284466.0 ps INFO: Read      bank 0 col 008, auto precharge 0
tb_a7ng_ddr_cue_soa.gen_mem[0].u_comp_ddr3.data_task: at time 127297966.0 ps INFO: READ @ DQS= bank = 0 row = 2000 col = 00000008 data = 0004
tb_a7ng_ddr_cue_soa.gen_mem[0].u_comp_ddr3.data_task: at time 127299466.0 ps INFO: READ @ DQS= bank = 0 row = 2000 col = 00000009 data = 0000
tb_a7ng_ddr_cue_soa.gen_mem[0].u_comp_ddr3.data_task: at time 127300966.0 ps INFO: READ @ DQS= bank = 0 row = 2000 col = 0000000a data = 0005
tb_a7ng_ddr_cue_soa.gen_mem[0].u_comp_ddr3.data_task: at time 127302466.0 ps INFO: READ @ DQS= bank = 0 row = 2000 col = 0000000b data = 0000
tb_a7ng_ddr_cue_soa.gen_mem[0].u_comp_ddr3.data_task: at time 127303966.0 ps INFO: READ @ DQS= bank = 0 row = 2000 col = 0000000c data = 0006
tb_a7ng_ddr_cue_soa.gen_mem[0].u_comp_ddr3.data_task: at time 127305466.0 ps INFO: READ @ DQS= bank = 0 row = 2000 col = 0000000d data = 0000
tb_a7ng_ddr_cue_soa.gen_mem[0].u_comp_ddr3.data_task: at time 127306966.0 ps INFO: READ @ DQS= bank = 0 row = 2000 col = 0000000e data = 0007
tb_a7ng_ddr_cue_soa.gen_mem[0].u_comp_ddr3.data_task: at time 127308466.0 ps INFO: READ @ DQS= bank = 0 row = 2000 col = 0000000f data = 0000
tb_a7ng_ddr_cue_soa.gen_mem[0].u_comp_ddr3.cmd_task: at time 127335466.0 ps INFO: Precharge bank   0
tb_a7ng_ddr_cue_soa.gen_mem[0].u_comp_ddr3.cmd_task: at time 127581466.0 ps INFO: Activate  bank 0 row 2000
tb_a7ng_ddr_cue_soa.gen_mem[0].u_comp_ddr3.cmd_task: at time 127596466.0 ps INFO: Read      bank 0 col 010, auto precharge 0
tb_a7ng_ddr_cue_soa.gen_mem[0].u_comp_ddr3.data_task: at time 127609966.0 ps INFO: READ @ DQS= bank = 0 row = 2000 col = 00000010 data = 0008
tb_a7ng_ddr_cue_soa.gen_mem[0].u_comp_ddr3.data_task: at time 127611466.0 ps INFO: READ @ DQS= bank = 0 row = 2000 col = 00000011 data = 0000
tb_a7ng_ddr_cue_soa.gen_mem[0].u_comp_ddr3.data_task: at time 127612966.0 ps INFO: READ @ DQS= bank = 0 row = 2000 col = 00000012 data = 0009
tb_a7ng_ddr_cue_soa.gen_mem[0].u_comp_ddr3.data_task: at time 127614466.0 ps INFO: READ @ DQS= bank = 0 row = 2000 col = 00000013 data = 0000
tb_a7ng_ddr_cue_soa.gen_mem[0].u_comp_ddr3.data_task: at time 127615966.0 ps INFO: READ @ DQS= bank = 0 row = 2000 col = 00000014 data = 000a
tb_a7ng_ddr_cue_soa.gen_mem[0].u_comp_ddr3.data_task: at time 127617466.0 ps INFO: READ @ DQS= bank = 0 row = 2000 col = 00000015 data = 0000
tb_a7ng_ddr_cue_soa.gen_mem[0].u_comp_ddr3.data_task: at time 127618966.0 ps INFO: READ @ DQS= bank = 0 row = 2000 col = 00000016 data = 000b
tb_a7ng_ddr_cue_soa.gen_mem[0].u_comp_ddr3.data_task: at time 127620466.0 ps INFO: READ @ DQS= bank = 0 row = 2000 col = 00000017 data = 0000
tb_a7ng_ddr_cue_soa.gen_mem[0].u_comp_ddr3.cmd_task: at time 127647466.0 ps INFO: Precharge bank   0
tb_a7ng_ddr_cue_soa.gen_mem[0].u_comp_ddr3.cmd_task: at time 127893466.0 ps INFO: Activate  bank 0 row 2000
tb_a7ng_ddr_cue_soa.gen_mem[0].u_comp_ddr3.cmd_task: at time 127908466.0 ps INFO: Read      bank 0 col 018, auto precharge 0
tb_a7ng_ddr_cue_soa.gen_mem[0].u_comp_ddr3.data_task: at time 127921966.0 ps INFO: READ @ DQS= bank = 0 row = 2000 col = 00000018 data = 000c
tb_a7ng_ddr_cue_soa.gen_mem[0].u_comp_ddr3.data_task: at time 127923466.0 ps INFO: READ @ DQS= bank = 0 row = 2000 col = 00000019 data = 0000
tb_a7ng_ddr_cue_soa.gen_mem[0].u_comp_ddr3.data_task: at time 127924966.0 ps INFO: READ @ DQS= bank = 0 row = 2000 col = 0000001a data = 000d
tb_a7ng_ddr_cue_soa.gen_mem[0].u_comp_ddr3.data_task: at time 127926466.0 ps INFO: READ @ DQS= bank = 0 row = 2000 col = 0000001b data = 0000
tb_a7ng_ddr_cue_soa.gen_mem[0].u_comp_ddr3.data_task: at time 127927966.0 ps INFO: READ @ DQS= bank = 0 row = 2000 col = 0000001c data = 000e
tb_a7ng_ddr_cue_soa.gen_mem[0].u_comp_ddr3.data_task: at time 127929466.0 ps INFO: READ @ DQS= bank = 0 row = 2000 col = 0000001d data = 0000
tb_a7ng_ddr_cue_soa.gen_mem[0].u_comp_ddr3.data_task: at time 127930966.0 ps INFO: READ @ DQS= bank = 0 row = 2000 col = 0000001e data = 000f
tb_a7ng_ddr_cue_soa.gen_mem[0].u_comp_ddr3.data_task: at time 127932466.0 ps INFO: READ @ DQS= bank = 0 row = 2000 col = 0000001f data = 0000
tb_a7ng_ddr_cue_soa.gen_mem[0].u_comp_ddr3.cmd_task: at time 127959466.0 ps INFO: Precharge bank   0
tb_a7ng_ddr_cue_soa.gen_mem[0].u_comp_ddr3.cmd_task: at time 127989466.0 ps INFO: Activate  bank 0 row 2000
tb_a7ng_ddr_cue_soa.gen_mem[0].u_comp_ddr3.cmd_task: at time 128004466.0 ps INFO: Read      bank 0 col 018, auto precharge 0
tb_a7ng_ddr_cue_soa.gen_mem[0].u_comp_ddr3.cmd_task: at time 128016466.0 ps INFO: Read      bank 0 col 018, auto precharge 0
tb_a7ng_ddr_cue_soa.gen_mem[0].u_comp_ddr3.data_task: at time 128017966.0 ps INFO: READ @ DQS= bank = 0 row = 2000 col = 00000018 data = 000c
tb_a7ng_ddr_cue_soa.gen_mem[0].u_comp_ddr3.data_task: at time 128019466.0 ps INFO: READ @ DQS= bank = 0 row = 2000 col = 00000019 data = 0000
tb_a7ng_ddr_cue_soa.gen_mem[0].u_comp_ddr3.data_task: at time 128020966.0 ps INFO: READ @ DQS= bank = 0 row = 2000 col = 0000001a data = 000d
tb_a7ng_ddr_cue_soa.gen_mem[0].u_comp_ddr3.data_task: at time 128022466.0 ps INFO: READ @ DQS= bank = 0 row = 2000 col = 0000001b data = 0000
tb_a7ng_ddr_cue_soa.gen_mem[0].u_comp_ddr3.data_task: at time 128023966.0 ps INFO: READ @ DQS= bank = 0 row = 2000 col = 0000001c data = 000e
tb_a7ng_ddr_cue_soa.gen_mem[0].u_comp_ddr3.data_task: at time 128025466.0 ps INFO: READ @ DQS= bank = 0 row = 2000 col = 0000001d data = 0000
tb_a7ng_ddr_cue_soa.gen_mem[0].u_comp_ddr3.data_task: at time 128026966.0 ps INFO: READ @ DQS= bank = 0 row = 2000 col = 0000001e data = 000f
tb_a7ng_ddr_cue_soa.gen_mem[0].u_comp_ddr3.data_task: at time 128028466.0 ps INFO: READ @ DQS= bank = 0 row = 2000 col = 0000001f data = 0000
tb_a7ng_ddr_cue_soa.gen_mem[0].u_comp_ddr3.data_task: at time 128029966.0 ps INFO: READ @ DQS= bank = 0 row = 2000 col = 00000018 data = 000c
tb_a7ng_ddr_cue_soa.gen_mem[0].u_comp_ddr3.data_task: at time 128031466.0 ps INFO: READ @ DQS= bank = 0 row = 2000 col = 00000019 data = 0000
tb_a7ng_ddr_cue_soa.gen_mem[0].u_comp_ddr3.data_task: at time 128032966.0 ps INFO: READ @ DQS= bank = 0 row = 2000 col = 0000001a data = 000d
tb_a7ng_ddr_cue_soa.gen_mem[0].u_comp_ddr3.data_task: at time 128034466.0 ps INFO: READ @ DQS= bank = 0 row = 2000 col = 0000001b data = 0000
tb_a7ng_ddr_cue_soa.gen_mem[0].u_comp_ddr3.data_task: at time 128035966.0 ps INFO: READ @ DQS= bank = 0 row = 2000 col = 0000001c data = 000e
tb_a7ng_ddr_cue_soa.gen_mem[0].u_comp_ddr3.data_task: at time 128037466.0 ps INFO: READ @ DQS= bank = 0 row = 2000 col = 0000001d data = 0000
tb_a7ng_ddr_cue_soa.gen_mem[0].u_comp_ddr3.data_task: at time 128038966.0 ps INFO: READ @ DQS= bank = 0 row = 2000 col = 0000001e data = 000f
tb_a7ng_ddr_cue_soa.gen_mem[0].u_comp_ddr3.data_task: at time 128040466.0 ps INFO: READ @ DQS= bank = 0 row = 2000 col = 0000001f data = 0000
tb_a7ng_ddr_cue_soa.gen_mem[0].u_comp_ddr3.cmd_task: at time 128067466.0 ps INFO: Precharge bank   0
tb_a7ng_ddr_cue_soa.gen_mem[0].u_comp_ddr3.cmd_task: at time 128205466.0 ps INFO: Activate  bank 0 row 2000
tb_a7ng_ddr_cue_soa.gen_mem[0].u_comp_ddr3.cmd_task: at time 128220466.0 ps INFO: Read      bank 0 col 020, auto precharge 0
tb_a7ng_ddr_cue_soa.gen_mem[0].u_comp_ddr3.data_task: at time 128233966.0 ps INFO: READ @ DQS= bank = 0 row = 2000 col = 00000020 data = 0010
tb_a7ng_ddr_cue_soa.gen_mem[0].u_comp_ddr3.data_task: at time 128235466.0 ps INFO: READ @ DQS= bank = 0 row = 2000 col = 00000021 data = 0000
tb_a7ng_ddr_cue_soa.gen_mem[0].u_comp_ddr3.data_task: at time 128236966.0 ps INFO: READ @ DQS= bank = 0 row = 2000 col = 00000022 data = 0011
tb_a7ng_ddr_cue_soa.gen_mem[0].u_comp_ddr3.data_task: at time 128238466.0 ps INFO: READ @ DQS= bank = 0 row = 2000 col = 00000023 data = 0000
tb_a7ng_ddr_cue_soa.gen_mem[0].u_comp_ddr3.data_task: at time 128239966.0 ps INFO: READ @ DQS= bank = 0 row = 2000 col = 00000024 data = 0012
tb_a7ng_ddr_cue_soa.gen_mem[0].u_comp_ddr3.data_task: at time 128241466.0 ps INFO: READ @ DQS= bank = 0 row = 2000 col = 00000025 data = 0000
tb_a7ng_ddr_cue_soa.gen_mem[0].u_comp_ddr3.data_task: at time 128242966.0 ps INFO: READ @ DQS= bank = 0 row = 2000 col = 00000026 data = 0013
tb_a7ng_ddr_cue_soa.gen_mem[0].u_comp_ddr3.data_task: at time 128244466.0 ps INFO: READ @ DQS= bank = 0 row = 2000 col = 00000027 data = 0000
tb_a7ng_ddr_cue_soa.gen_mem[0].u_comp_ddr3.cmd_task: at time 128271466.0 ps INFO: Precharge bank   0
tb_a7ng_ddr_cue_soa.gen_mem[0].u_comp_ddr3.cmd_task: at time 128517466.0 ps INFO: Activate  bank 0 row 2000
tb_a7ng_ddr_cue_soa.gen_mem[0].u_comp_ddr3.cmd_task: at time 128532466.0 ps INFO: Read      bank 0 col 028, auto precharge 0
tb_a7ng_ddr_cue_soa.gen_mem[0].u_comp_ddr3.data_task: at time 128545966.0 ps INFO: READ @ DQS= bank = 0 row = 2000 col = 00000028 data = 0014
tb_a7ng_ddr_cue_soa.gen_mem[0].u_comp_ddr3.data_task: at time 128547466.0 ps INFO: READ @ DQS= bank = 0 row = 2000 col = 00000029 data = 0000
tb_a7ng_ddr_cue_soa.gen_mem[0].u_comp_ddr3.data_task: at time 128548966.0 ps INFO: READ @ DQS= bank = 0 row = 2000 col = 0000002a data = 0015
tb_a7ng_ddr_cue_soa.gen_mem[0].u_comp_ddr3.data_task: at time 128550466.0 ps INFO: READ @ DQS= bank = 0 row = 2000 col = 0000002b data = 0000
tb_a7ng_ddr_cue_soa.gen_mem[0].u_comp_ddr3.data_task: at time 128551966.0 ps INFO: READ @ DQS= bank = 0 row = 2000 col = 0000002c data = 0016
tb_a7ng_ddr_cue_soa.gen_mem[0].u_comp_ddr3.data_task: at time 128553466.0 ps INFO: READ @ DQS= bank = 0 row = 2000 col = 0000002d data = 0000
tb_a7ng_ddr_cue_soa.gen_mem[0].u_comp_ddr3.data_task: at time 128554966.0 ps INFO: READ @ DQS= bank = 0 row = 2000 col = 0000002e data = 0017
tb_a7ng_ddr_cue_soa.gen_mem[0].u_comp_ddr3.data_task: at time 128556466.0 ps INFO: READ @ DQS= bank = 0 row = 2000 col = 0000002f data = 0000
tb_a7ng_ddr_cue_soa.gen_mem[0].u_comp_ddr3.cmd_task: at time 128583466.0 ps INFO: Precharge bank   0
tb_a7ng_ddr_cue_soa.gen_mem[0].u_comp_ddr3.cmd_task: at time 128829466.0 ps INFO: Activate  bank 0 row 2000
tb_a7ng_ddr_cue_soa.gen_mem[0].u_comp_ddr3.cmd_task: at time 128844466.0 ps INFO: Read      bank 0 col 030, auto precharge 0
tb_a7ng_ddr_cue_soa.gen_mem[0].u_comp_ddr3.data_task: at time 128857966.0 ps INFO: READ @ DQS= bank = 0 row = 2000 col = 00000030 data = 0018
tb_a7ng_ddr_cue_soa.gen_mem[0].u_comp_ddr3.data_task: at time 128859466.0 ps INFO: READ @ DQS= bank = 0 row = 2000 col = 00000031 data = 0000
tb_a7ng_ddr_cue_soa.gen_mem[0].u_comp_ddr3.data_task: at time 128860966.0 ps INFO: READ @ DQS= bank = 0 row = 2000 col = 00000032 data = 0019
tb_a7ng_ddr_cue_soa.gen_mem[0].u_comp_ddr3.data_task: at time 128862466.0 ps INFO: READ @ DQS= bank = 0 row = 2000 col = 00000033 data = 0000
tb_a7ng_ddr_cue_soa.gen_mem[0].u_comp_ddr3.data_task: at time 128863966.0 ps INFO: READ @ DQS= bank = 0 row = 2000 col = 00000034 data = 001a
tb_a7ng_ddr_cue_soa.gen_mem[0].u_comp_ddr3.data_task: at time 128865466.0 ps INFO: READ @ DQS= bank = 0 row = 2000 col = 00000035 data = 0000
tb_a7ng_ddr_cue_soa.gen_mem[0].u_comp_ddr3.data_task: at time 128866966.0 ps INFO: READ @ DQS= bank = 0 row = 2000 col = 00000036 data = 001b
tb_a7ng_ddr_cue_soa.gen_mem[0].u_comp_ddr3.data_task: at time 128868466.0 ps INFO: READ @ DQS= bank = 0 row = 2000 col = 00000037 data = 0000
tb_a7ng_ddr_cue_soa.gen_mem[0].u_comp_ddr3.cmd_task: at time 128895466.0 ps INFO: Precharge bank   0
tb_a7ng_ddr_cue_soa.gen_mem[0].u_comp_ddr3.cmd_task: at time 128937466.0 ps INFO: Activate  bank 0 row 2000
tb_a7ng_ddr_cue_soa.gen_mem[0].u_comp_ddr3.cmd_task: at time 128952466.0 ps INFO: Read      bank 0 col 030, auto precharge 0
tb_a7ng_ddr_cue_soa.gen_mem[0].u_comp_ddr3.cmd_task: at time 128964466.0 ps INFO: Read      bank 0 col 030, auto precharge 0
tb_a7ng_ddr_cue_soa.gen_mem[0].u_comp_ddr3.data_task: at time 128965966.0 ps INFO: READ @ DQS= bank = 0 row = 2000 col = 00000030 data = 0018
tb_a7ng_ddr_cue_soa.gen_mem[0].u_comp_ddr3.data_task: at time 128967466.0 ps INFO: READ @ DQS= bank = 0 row = 2000 col = 00000031 data = 0000
tb_a7ng_ddr_cue_soa.gen_mem[0].u_comp_ddr3.data_task: at time 128968966.0 ps INFO: READ @ DQS= bank = 0 row = 2000 col = 00000032 data = 0019
tb_a7ng_ddr_cue_soa.gen_mem[0].u_comp_ddr3.data_task: at time 128970466.0 ps INFO: READ @ DQS= bank = 0 row = 2000 col = 00000033 data = 0000
tb_a7ng_ddr_cue_soa.gen_mem[0].u_comp_ddr3.data_task: at time 128971966.0 ps INFO: READ @ DQS= bank = 0 row = 2000 col = 00000034 data = 001a
tb_a7ng_ddr_cue_soa.gen_mem[0].u_comp_ddr3.data_task: at time 128973466.0 ps INFO: READ @ DQS= bank = 0 row = 2000 col = 00000035 data = 0000
tb_a7ng_ddr_cue_soa.gen_mem[0].u_comp_ddr3.data_task: at time 128974966.0 ps INFO: READ @ DQS= bank = 0 row = 2000 col = 00000036 data = 001b
tb_a7ng_ddr_cue_soa.gen_mem[0].u_comp_ddr3.data_task: at time 128976466.0 ps INFO: READ @ DQS= bank = 0 row = 2000 col = 00000037 data = 0000
tb_a7ng_ddr_cue_soa.gen_mem[0].u_comp_ddr3.data_task: at time 128977966.0 ps INFO: READ @ DQS= bank = 0 row = 2000 col = 00000030 data = 0018
tb_a7ng_ddr_cue_soa.gen_mem[0].u_comp_ddr3.data_task: at time 128979466.0 ps INFO: READ @ DQS= bank = 0 row = 2000 col = 00000031 data = 0000
tb_a7ng_ddr_cue_soa.gen_mem[0].u_comp_ddr3.data_task: at time 128980966.0 ps INFO: READ @ DQS= bank = 0 row = 2000 col = 00000032 data = 0019
tb_a7ng_ddr_cue_soa.gen_mem[0].u_comp_ddr3.data_task: at time 128982466.0 ps INFO: READ @ DQS= bank = 0 row = 2000 col = 00000033 data = 0000
tb_a7ng_ddr_cue_soa.gen_mem[0].u_comp_ddr3.data_task: at time 128983966.0 ps INFO: READ @ DQS= bank = 0 row = 2000 col = 00000034 data = 001a
tb_a7ng_ddr_cue_soa.gen_mem[0].u_comp_ddr3.data_task: at time 128985466.0 ps INFO: READ @ DQS= bank = 0 row = 2000 col = 00000035 data = 0000
tb_a7ng_ddr_cue_soa.gen_mem[0].u_comp_ddr3.data_task: at time 128986966.0 ps INFO: READ @ DQS= bank = 0 row = 2000 col = 00000036 data = 001b
tb_a7ng_ddr_cue_soa.gen_mem[0].u_comp_ddr3.data_task: at time 128988466.0 ps INFO: READ @ DQS= bank = 0 row = 2000 col = 00000037 data = 0000
tb_a7ng_ddr_cue_soa.gen_mem[0].u_comp_ddr3.cmd_task: at time 129015466.0 ps INFO: Precharge bank   0
tb_a7ng_ddr_cue_soa.gen_mem[0].u_comp_ddr3.cmd_task: at time 129141466.0 ps INFO: Activate  bank 0 row 2000
tb_a7ng_ddr_cue_soa.gen_mem[0].u_comp_ddr3.cmd_task: at time 129156466.0 ps INFO: Read      bank 0 col 038, auto precharge 0
tb_a7ng_ddr_cue_soa.gen_mem[0].u_comp_ddr3.data_task: at time 129169966.0 ps INFO: READ @ DQS= bank = 0 row = 2000 col = 00000038 data = 001c
tb_a7ng_ddr_cue_soa.gen_mem[0].u_comp_ddr3.data_task: at time 129171466.0 ps INFO: READ @ DQS= bank = 0 row = 2000 col = 00000039 data = 0000
tb_a7ng_ddr_cue_soa.gen_mem[0].u_comp_ddr3.data_task: at time 129172966.0 ps INFO: READ @ DQS= bank = 0 row = 2000 col = 0000003a data = 001d
tb_a7ng_ddr_cue_soa.gen_mem[0].u_comp_ddr3.data_task: at time 129174466.0 ps INFO: READ @ DQS= bank = 0 row = 2000 col = 0000003b data = 0000
tb_a7ng_ddr_cue_soa.gen_mem[0].u_comp_ddr3.data_task: at time 129175966.0 ps INFO: READ @ DQS= bank = 0 row = 2000 col = 0000003c data = 001e
tb_a7ng_ddr_cue_soa.gen_mem[0].u_comp_ddr3.data_task: at time 129177466.0 ps INFO: READ @ DQS= bank = 0 row = 2000 col = 0000003d data = 0000
tb_a7ng_ddr_cue_soa.gen_mem[0].u_comp_ddr3.data_task: at time 129178966.0 ps INFO: READ @ DQS= bank = 0 row = 2000 col = 0000003e data = 001f
tb_a7ng_ddr_cue_soa.gen_mem[0].u_comp_ddr3.data_task: at time 129180466.0 ps INFO: READ @ DQS= bank = 0 row = 2000 col = 0000003f data = 0000
tb_a7ng_ddr_cue_soa.gen_mem[0].u_comp_ddr3.cmd_task: at time 129207466.0 ps INFO: Precharge bank   0
tb_a7ng_ddr_cue_soa.gen_mem[0].u_comp_ddr3.cmd_task: at time 129453466.0 ps INFO: Activate  bank 0 row 2000
tb_a7ng_ddr_cue_soa.gen_mem[0].u_comp_ddr3.cmd_task: at time 129468466.0 ps INFO: Read      bank 0 col 040, auto precharge 0
tb_a7ng_ddr_cue_soa.gen_mem[0].u_comp_ddr3.data_task: at time 129481966.0 ps INFO: READ @ DQS= bank = 0 row = 2000 col = 00000040 data = 0020
tb_a7ng_ddr_cue_soa.gen_mem[0].u_comp_ddr3.data_task: at time 129483466.0 ps INFO: READ @ DQS= bank = 0 row = 2000 col = 00000041 data = 0000
tb_a7ng_ddr_cue_soa.gen_mem[0].u_comp_ddr3.data_task: at time 129484966.0 ps INFO: READ @ DQS= bank = 0 row = 2000 col = 00000042 data = 0021
tb_a7ng_ddr_cue_soa.gen_mem[0].u_comp_ddr3.data_task: at time 129486466.0 ps INFO: READ @ DQS= bank = 0 row = 2000 col = 00000043 data = 0000
tb_a7ng_ddr_cue_soa.gen_mem[0].u_comp_ddr3.data_task: at time 129487966.0 ps INFO: READ @ DQS= bank = 0 row = 2000 col = 00000044 data = 0022
tb_a7ng_ddr_cue_soa.gen_mem[0].u_comp_ddr3.data_task: at time 129489466.0 ps INFO: READ @ DQS= bank = 0 row = 2000 col = 00000045 data = 0000
tb_a7ng_ddr_cue_soa.gen_mem[0].u_comp_ddr3.data_task: at time 129490966.0 ps INFO: READ @ DQS= bank = 0 row = 2000 col = 00000046 data = 0023
tb_a7ng_ddr_cue_soa.gen_mem[0].u_comp_ddr3.data_task: at time 129492466.0 ps INFO: READ @ DQS= bank = 0 row = 2000 col = 00000047 data = 0000
tb_a7ng_ddr_cue_soa.gen_mem[0].u_comp_ddr3.cmd_task: at time 129519466.0 ps INFO: Precharge bank   0
tb_a7ng_ddr_cue_soa.gen_mem[0].u_comp_ddr3.cmd_task: at time 129765466.0 ps INFO: Activate  bank 0 row 2000
tb_a7ng_ddr_cue_soa.gen_mem[0].u_comp_ddr3.cmd_task: at time 129780466.0 ps INFO: Read      bank 0 col 048, auto precharge 0
tb_a7ng_ddr_cue_soa.gen_mem[0].u_comp_ddr3.data_task: at time 129793966.0 ps INFO: READ @ DQS= bank = 0 row = 2000 col = 00000048 data = 0024
tb_a7ng_ddr_cue_soa.gen_mem[0].u_comp_ddr3.data_task: at time 129795466.0 ps INFO: READ @ DQS= bank = 0 row = 2000 col = 00000049 data = 0000
tb_a7ng_ddr_cue_soa.gen_mem[0].u_comp_ddr3.data_task: at time 129796966.0 ps INFO: READ @ DQS= bank = 0 row = 2000 col = 0000004a data = 0025
tb_a7ng_ddr_cue_soa.gen_mem[0].u_comp_ddr3.data_task: at time 129798466.0 ps INFO: READ @ DQS= bank = 0 row = 2000 col = 0000004b data = 0000
tb_a7ng_ddr_cue_soa.gen_mem[0].u_comp_ddr3.data_task: at time 129799966.0 ps INFO: READ @ DQS= bank = 0 row = 2000 col = 0000004c data = 0026
tb_a7ng_ddr_cue_soa.gen_mem[0].u_comp_ddr3.data_task: at time 129801466.0 ps INFO: READ @ DQS= bank = 0 row = 2000 col = 0000004d data = 0000
tb_a7ng_ddr_cue_soa.gen_mem[0].u_comp_ddr3.data_task: at time 129802966.0 ps INFO: READ @ DQS= bank = 0 row = 2000 col = 0000004e data = 0027
tb_a7ng_ddr_cue_soa.gen_mem[0].u_comp_ddr3.data_task: at time 129804466.0 ps INFO: READ @ DQS= bank = 0 row = 2000 col = 0000004f data = 0000
tb_a7ng_ddr_cue_soa.gen_mem[0].u_comp_ddr3.cmd_task: at time 129831466.0 ps INFO: Precharge bank   0
tb_a7ng_ddr_cue_soa.gen_mem[0].u_comp_ddr3.cmd_task: at time 129897466.0 ps INFO: Activate  bank 0 row 2000
tb_a7ng_ddr_cue_soa.gen_mem[0].u_comp_ddr3.cmd_task: at time 129912466.0 ps INFO: Read      bank 0 col 048, auto precharge 0
tb_a7ng_ddr_cue_soa.gen_mem[0].u_comp_ddr3.cmd_task: at time 129924466.0 ps INFO: Read      bank 0 col 048, auto precharge 0
tb_a7ng_ddr_cue_soa.gen_mem[0].u_comp_ddr3.data_task: at time 129925966.0 ps INFO: READ @ DQS= bank = 0 row = 2000 col = 00000048 data = 0024
tb_a7ng_ddr_cue_soa.gen_mem[0].u_comp_ddr3.data_task: at time 129927466.0 ps INFO: READ @ DQS= bank = 0 row = 2000 col = 00000049 data = 0000
tb_a7ng_ddr_cue_soa.gen_mem[0].u_comp_ddr3.data_task: at time 129928966.0 ps INFO: READ @ DQS= bank = 0 row = 2000 col = 0000004a data = 0025
tb_a7ng_ddr_cue_soa.gen_mem[0].u_comp_ddr3.data_task: at time 129930466.0 ps INFO: READ @ DQS= bank = 0 row = 2000 col = 0000004b data = 0000
tb_a7ng_ddr_cue_soa.gen_mem[0].u_comp_ddr3.data_task: at time 129931966.0 ps INFO: READ @ DQS= bank = 0 row = 2000 col = 0000004c data = 0026
tb_a7ng_ddr_cue_soa.gen_mem[0].u_comp_ddr3.data_task: at time 129933466.0 ps INFO: READ @ DQS= bank = 0 row = 2000 col = 0000004d data = 0000
tb_a7ng_ddr_cue_soa.gen_mem[0].u_comp_ddr3.data_task: at time 129934966.0 ps INFO: READ @ DQS= bank = 0 row = 2000 col = 0000004e data = 0027
tb_a7ng_ddr_cue_soa.gen_mem[0].u_comp_ddr3.data_task: at time 129936466.0 ps INFO: READ @ DQS= bank = 0 row = 2000 col = 0000004f data = 0000
tb_a7ng_ddr_cue_soa.gen_mem[0].u_comp_ddr3.data_task: at time 129937966.0 ps INFO: READ @ DQS= bank = 0 row = 2000 col = 00000048 data = 0024
tb_a7ng_ddr_cue_soa.gen_mem[0].u_comp_ddr3.data_task: at time 129939466.0 ps INFO: READ @ DQS= bank = 0 row = 2000 col = 00000049 data = 0000
tb_a7ng_ddr_cue_soa.gen_mem[0].u_comp_ddr3.data_task: at time 129940966.0 ps INFO: READ @ DQS= bank = 0 row = 2000 col = 0000004a data = 0025
tb_a7ng_ddr_cue_soa.gen_mem[0].u_comp_ddr3.data_task: at time 129942466.0 ps INFO: READ @ DQS= bank = 0 row = 2000 col = 0000004b data = 0000
tb_a7ng_ddr_cue_soa.gen_mem[0].u_comp_ddr3.data_task: at time 129943966.0 ps INFO: READ @ DQS= bank = 0 row = 2000 col = 0000004c data = 0026
tb_a7ng_ddr_cue_soa.gen_mem[0].u_comp_ddr3.data_task: at time 129945466.0 ps INFO: READ @ DQS= bank = 0 row = 2000 col = 0000004d data = 0000
tb_a7ng_ddr_cue_soa.gen_mem[0].u_comp_ddr3.data_task: at time 129946966.0 ps INFO: READ @ DQS= bank = 0 row = 2000 col = 0000004e data = 0027
tb_a7ng_ddr_cue_soa.gen_mem[0].u_comp_ddr3.data_task: at time 129948466.0 ps INFO: READ @ DQS= bank = 0 row = 2000 col = 0000004f data = 0000
tb_a7ng_ddr_cue_soa.gen_mem[0].u_comp_ddr3.cmd_task: at time 129975466.0 ps INFO: Precharge bank   0
tb_a7ng_ddr_cue_soa.gen_mem[0].u_comp_ddr3.cmd_task: at time 130077466.0 ps INFO: Activate  bank 0 row 2000
tb_a7ng_ddr_cue_soa.gen_mem[0].u_comp_ddr3.cmd_task: at time 130092466.0 ps INFO: Read      bank 0 col 050, auto precharge 0
tb_a7ng_ddr_cue_soa.gen_mem[0].u_comp_ddr3.data_task: at time 130105966.0 ps INFO: READ @ DQS= bank = 0 row = 2000 col = 00000050 data = 0028
tb_a7ng_ddr_cue_soa.gen_mem[0].u_comp_ddr3.data_task: at time 130107466.0 ps INFO: READ @ DQS= bank = 0 row = 2000 col = 00000051 data = 0000
tb_a7ng_ddr_cue_soa.gen_mem[0].u_comp_ddr3.data_task: at time 130108966.0 ps INFO: READ @ DQS= bank = 0 row = 2000 col = 00000052 data = 0029
tb_a7ng_ddr_cue_soa.gen_mem[0].u_comp_ddr3.data_task: at time 130110466.0 ps INFO: READ @ DQS= bank = 0 row = 2000 col = 00000053 data = 0000
tb_a7ng_ddr_cue_soa.gen_mem[0].u_comp_ddr3.data_task: at time 130111966.0 ps INFO: READ @ DQS= bank = 0 row = 2000 col = 00000054 data = 002a
tb_a7ng_ddr_cue_soa.gen_mem[0].u_comp_ddr3.data_task: at time 130113466.0 ps INFO: READ @ DQS= bank = 0 row = 2000 col = 00000055 data = 0000
tb_a7ng_ddr_cue_soa.gen_mem[0].u_comp_ddr3.data_task: at time 130114966.0 ps INFO: READ @ DQS= bank = 0 row = 2000 col = 00000056 data = 002b
tb_a7ng_ddr_cue_soa.gen_mem[0].u_comp_ddr3.data_task: at time 130116466.0 ps INFO: READ @ DQS= bank = 0 row = 2000 col = 00000057 data = 0000
tb_a7ng_ddr_cue_soa.gen_mem[0].u_comp_ddr3.cmd_task: at time 130143466.0 ps INFO: Precharge bank   0
tb_a7ng_ddr_cue_soa.gen_mem[0].u_comp_ddr3.cmd_task: at time 130173466.0 ps INFO: Refresh  
tb_a7ng_ddr_cue_soa.gen_mem[0].u_comp_ddr3.cmd_task: at time 130389466.0 ps INFO: Activate  bank 0 row 2000
tb_a7ng_ddr_cue_soa.gen_mem[0].u_comp_ddr3.cmd_task: at time 130404466.0 ps INFO: Read      bank 0 col 058, auto precharge 0
tb_a7ng_ddr_cue_soa.gen_mem[0].u_comp_ddr3.data_task: at time 130417966.0 ps INFO: READ @ DQS= bank = 0 row = 2000 col = 00000058 data = 002c
tb_a7ng_ddr_cue_soa.gen_mem[0].u_comp_ddr3.data_task: at time 130419466.0 ps INFO: READ @ DQS= bank = 0 row = 2000 col = 00000059 data = 0000
tb_a7ng_ddr_cue_soa.gen_mem[0].u_comp_ddr3.data_task: at time 130420966.0 ps INFO: READ @ DQS= bank = 0 row = 2000 col = 0000005a data = 002d
tb_a7ng_ddr_cue_soa.gen_mem[0].u_comp_ddr3.data_task: at time 130422466.0 ps INFO: READ @ DQS= bank = 0 row = 2000 col = 0000005b data = 0000
tb_a7ng_ddr_cue_soa.gen_mem[0].u_comp_ddr3.data_task: at time 130423966.0 ps INFO: READ @ DQS= bank = 0 row = 2000 col = 0000005c data = 002e
tb_a7ng_ddr_cue_soa.gen_mem[0].u_comp_ddr3.data_task: at time 130425466.0 ps INFO: READ @ DQS= bank = 0 row = 2000 col = 0000005d data = 0000
tb_a7ng_ddr_cue_soa.gen_mem[0].u_comp_ddr3.data_task: at time 130426966.0 ps INFO: READ @ DQS= bank = 0 row = 2000 col = 0000005e data = 002f
tb_a7ng_ddr_cue_soa.gen_mem[0].u_comp_ddr3.data_task: at time 130428466.0 ps INFO: READ @ DQS= bank = 0 row = 2000 col = 0000005f data = 0000
tb_a7ng_ddr_cue_soa.gen_mem[0].u_comp_ddr3.cmd_task: at time 130455466.0 ps INFO: Precharge bank   0
tb_a7ng_ddr_cue_soa.gen_mem[0].u_comp_ddr3.cmd_task: at time 130701466.0 ps INFO: Activate  bank 0 row 2000
tb_a7ng_ddr_cue_soa.gen_mem[0].u_comp_ddr3.cmd_task: at time 130716466.0 ps INFO: Read      bank 0 col 060, auto precharge 0
tb_a7ng_ddr_cue_soa.gen_mem[0].u_comp_ddr3.data_task: at time 130729966.0 ps INFO: READ @ DQS= bank = 0 row = 2000 col = 00000060 data = 0030
tb_a7ng_ddr_cue_soa.gen_mem[0].u_comp_ddr3.data_task: at time 130731466.0 ps INFO: READ @ DQS= bank = 0 row = 2000 col = 00000061 data = 0000
tb_a7ng_ddr_cue_soa.gen_mem[0].u_comp_ddr3.data_task: at time 130732966.0 ps INFO: READ @ DQS= bank = 0 row = 2000 col = 00000062 data = 0031
tb_a7ng_ddr_cue_soa.gen_mem[0].u_comp_ddr3.data_task: at time 130734466.0 ps INFO: READ @ DQS= bank = 0 row = 2000 col = 00000063 data = 0000
tb_a7ng_ddr_cue_soa.gen_mem[0].u_comp_ddr3.data_task: at time 130735966.0 ps INFO: READ @ DQS= bank = 0 row = 2000 col = 00000064 data = 0032
tb_a7ng_ddr_cue_soa.gen_mem[0].u_comp_ddr3.data_task: at time 130737466.0 ps INFO: READ @ DQS= bank = 0 row = 2000 col = 00000065 data = 0000
tb_a7ng_ddr_cue_soa.gen_mem[0].u_comp_ddr3.data_task: at time 130738966.0 ps INFO: READ @ DQS= bank = 0 row = 2000 col = 00000066 data = 0033
tb_a7ng_ddr_cue_soa.gen_mem[0].u_comp_ddr3.data_task: at time 130740466.0 ps INFO: READ @ DQS= bank = 0 row = 2000 col = 00000067 data = 0000
tb_a7ng_ddr_cue_soa.gen_mem[0].u_comp_ddr3.cmd_task: at time 130767466.0 ps INFO: Precharge bank   0
tb_a7ng_ddr_cue_soa.gen_mem[0].u_comp_ddr3.cmd_task: at time 130857466.0 ps INFO: Activate  bank 0 row 2000
tb_a7ng_ddr_cue_soa.gen_mem[0].u_comp_ddr3.cmd_task: at time 130872466.0 ps INFO: Read      bank 0 col 060, auto precharge 0
tb_a7ng_ddr_cue_soa.gen_mem[0].u_comp_ddr3.cmd_task: at time 130884466.0 ps INFO: Read      bank 0 col 060, auto precharge 0
tb_a7ng_ddr_cue_soa.gen_mem[0].u_comp_ddr3.data_task: at time 130885966.0 ps INFO: READ @ DQS= bank = 0 row = 2000 col = 00000060 data = 0030
tb_a7ng_ddr_cue_soa.gen_mem[0].u_comp_ddr3.data_task: at time 130887466.0 ps INFO: READ @ DQS= bank = 0 row = 2000 col = 00000061 data = 0000
tb_a7ng_ddr_cue_soa.gen_mem[0].u_comp_ddr3.data_task: at time 130888966.0 ps INFO: READ @ DQS= bank = 0 row = 2000 col = 00000062 data = 0031
tb_a7ng_ddr_cue_soa.gen_mem[0].u_comp_ddr3.data_task: at time 130890466.0 ps INFO: READ @ DQS= bank = 0 row = 2000 col = 00000063 data = 0000
tb_a7ng_ddr_cue_soa.gen_mem[0].u_comp_ddr3.data_task: at time 130891966.0 ps INFO: READ @ DQS= bank = 0 row = 2000 col = 00000064 data = 0032
tb_a7ng_ddr_cue_soa.gen_mem[0].u_comp_ddr3.data_task: at time 130893466.0 ps INFO: READ @ DQS= bank = 0 row = 2000 col = 00000065 data = 0000
tb_a7ng_ddr_cue_soa.gen_mem[0].u_comp_ddr3.data_task: at time 130894966.0 ps INFO: READ @ DQS= bank = 0 row = 2000 col = 00000066 data = 0033
tb_a7ng_ddr_cue_soa.gen_mem[0].u_comp_ddr3.data_task: at time 130896466.0 ps INFO: READ @ DQS= bank = 0 row = 2000 col = 00000067 data = 0000
tb_a7ng_ddr_cue_soa.gen_mem[0].u_comp_ddr3.data_task: at time 130897966.0 ps INFO: READ @ DQS= bank = 0 row = 2000 col = 00000060 data = 0030
tb_a7ng_ddr_cue_soa.gen_mem[0].u_comp_ddr3.data_task: at time 130899466.0 ps INFO: READ @ DQS= bank = 0 row = 2000 col = 00000061 data = 0000
tb_a7ng_ddr_cue_soa.gen_mem[0].u_comp_ddr3.data_task: at time 130900966.0 ps INFO: READ @ DQS= bank = 0 row = 2000 col = 00000062 data = 0031
tb_a7ng_ddr_cue_soa.gen_mem[0].u_comp_ddr3.data_task: at time 130902466.0 ps INFO: READ @ DQS= bank = 0 row = 2000 col = 00000063 data = 0000
tb_a7ng_ddr_cue_soa.gen_mem[0].u_comp_ddr3.data_task: at time 130903966.0 ps INFO: READ @ DQS= bank = 0 row = 2000 col = 00000064 data = 0032
tb_a7ng_ddr_cue_soa.gen_mem[0].u_comp_ddr3.data_task: at time 130905466.0 ps INFO: READ @ DQS= bank = 0 row = 2000 col = 00000065 data = 0000
tb_a7ng_ddr_cue_soa.gen_mem[0].u_comp_ddr3.data_task: at time 130906966.0 ps INFO: READ @ DQS= bank = 0 row = 2000 col = 00000066 data = 0033
tb_a7ng_ddr_cue_soa.gen_mem[0].u_comp_ddr3.data_task: at time 130908466.0 ps INFO: READ @ DQS= bank = 0 row = 2000 col = 00000067 data = 0000
tb_a7ng_ddr_cue_soa.gen_mem[0].u_comp_ddr3.cmd_task: at time 130935466.0 ps INFO: Precharge bank   0
tb_a7ng_ddr_cue_soa.gen_mem[0].u_comp_ddr3.cmd_task: at time 131013466.0 ps INFO: Activate  bank 0 row 2000
tb_a7ng_ddr_cue_soa.gen_mem[0].u_comp_ddr3.cmd_task: at time 131028466.0 ps INFO: Read      bank 0 col 068, auto precharge 0
tb_a7ng_ddr_cue_soa.gen_mem[0].u_comp_ddr3.data_task: at time 131041966.0 ps INFO: READ @ DQS= bank = 0 row = 2000 col = 00000068 data = 0034
tb_a7ng_ddr_cue_soa.gen_mem[0].u_comp_ddr3.data_task: at time 131043466.0 ps INFO: READ @ DQS= bank = 0 row = 2000 col = 00000069 data = 0000
tb_a7ng_ddr_cue_soa.gen_mem[0].u_comp_ddr3.data_task: at time 131044966.0 ps INFO: READ @ DQS= bank = 0 row = 2000 col = 0000006a data = 0035
tb_a7ng_ddr_cue_soa.gen_mem[0].u_comp_ddr3.data_task: at time 131046466.0 ps INFO: READ @ DQS= bank = 0 row = 2000 col = 0000006b data = 0000
tb_a7ng_ddr_cue_soa.gen_mem[0].u_comp_ddr3.data_task: at time 131047966.0 ps INFO: READ @ DQS= bank = 0 row = 2000 col = 0000006c data = 0036
tb_a7ng_ddr_cue_soa.gen_mem[0].u_comp_ddr3.data_task: at time 131049466.0 ps INFO: READ @ DQS= bank = 0 row = 2000 col = 0000006d data = 0000
tb_a7ng_ddr_cue_soa.gen_mem[0].u_comp_ddr3.data_task: at time 131050966.0 ps INFO: READ @ DQS= bank = 0 row = 2000 col = 0000006e data = 0037
tb_a7ng_ddr_cue_soa.gen_mem[0].u_comp_ddr3.data_task: at time 131052466.0 ps INFO: READ @ DQS= bank = 0 row = 2000 col = 0000006f data = 0000
tb_a7ng_ddr_cue_soa.gen_mem[0].u_comp_ddr3.cmd_task: at time 131079466.0 ps INFO: Precharge bank   0
tb_a7ng_ddr_cue_soa.gen_mem[0].u_comp_ddr3.cmd_task: at time 131325466.0 ps INFO: Activate  bank 0 row 2000
tb_a7ng_ddr_cue_soa.gen_mem[0].u_comp_ddr3.cmd_task: at time 131340466.0 ps INFO: Read      bank 0 col 070, auto precharge 0
tb_a7ng_ddr_cue_soa.gen_mem[0].u_comp_ddr3.data_task: at time 131353966.0 ps INFO: READ @ DQS= bank = 0 row = 2000 col = 00000070 data = 0038
tb_a7ng_ddr_cue_soa.gen_mem[0].u_comp_ddr3.data_task: at time 131355466.0 ps INFO: READ @ DQS= bank = 0 row = 2000 col = 00000071 data = 0000
tb_a7ng_ddr_cue_soa.gen_mem[0].u_comp_ddr3.data_task: at time 131356966.0 ps INFO: READ @ DQS= bank = 0 row = 2000 col = 00000072 data = 0039
tb_a7ng_ddr_cue_soa.gen_mem[0].u_comp_ddr3.data_task: at time 131358466.0 ps INFO: READ @ DQS= bank = 0 row = 2000 col = 00000073 data = 0000
tb_a7ng_ddr_cue_soa.gen_mem[0].u_comp_ddr3.data_task: at time 131359966.0 ps INFO: READ @ DQS= bank = 0 row = 2000 col = 00000074 data = 003a
tb_a7ng_ddr_cue_soa.gen_mem[0].u_comp_ddr3.data_task: at time 131361466.0 ps INFO: READ @ DQS= bank = 0 row = 2000 col = 00000075 data = 0000
tb_a7ng_ddr_cue_soa.gen_mem[0].u_comp_ddr3.data_task: at time 131362966.0 ps INFO: READ @ DQS= bank = 0 row = 2000 col = 00000076 data = 003b
tb_a7ng_ddr_cue_soa.gen_mem[0].u_comp_ddr3.data_task: at time 131364466.0 ps INFO: READ @ DQS= bank = 0 row = 2000 col = 00000077 data = 0000
tb_a7ng_ddr_cue_soa.gen_mem[0].u_comp_ddr3.cmd_task: at time 131391466.0 ps INFO: Precharge bank   0
tb_a7ng_ddr_cue_soa.gen_mem[0].u_comp_ddr3.cmd_task: at time 131637466.0 ps INFO: Activate  bank 0 row 2000
tb_a7ng_ddr_cue_soa.gen_mem[0].u_comp_ddr3.cmd_task: at time 131652466.0 ps INFO: Read      bank 0 col 078, auto precharge 0
tb_a7ng_ddr_cue_soa.gen_mem[0].u_comp_ddr3.data_task: at time 131665966.0 ps INFO: READ @ DQS= bank = 0 row = 2000 col = 00000078 data = 003c
tb_a7ng_ddr_cue_soa.gen_mem[0].u_comp_ddr3.data_task: at time 131667466.0 ps INFO: READ @ DQS= bank = 0 row = 2000 col = 00000079 data = 0000
tb_a7ng_ddr_cue_soa.gen_mem[0].u_comp_ddr3.data_task: at time 131668966.0 ps INFO: READ @ DQS= bank = 0 row = 2000 col = 0000007a data = 003d
tb_a7ng_ddr_cue_soa.gen_mem[0].u_comp_ddr3.data_task: at time 131670466.0 ps INFO: READ @ DQS= bank = 0 row = 2000 col = 0000007b data = 0000
tb_a7ng_ddr_cue_soa.gen_mem[0].u_comp_ddr3.data_task: at time 131671966.0 ps INFO: READ @ DQS= bank = 0 row = 2000 col = 0000007c data = 003e
tb_a7ng_ddr_cue_soa.gen_mem[0].u_comp_ddr3.data_task: at time 131673466.0 ps INFO: READ @ DQS= bank = 0 row = 2000 col = 0000007d data = 0000
tb_a7ng_ddr_cue_soa.gen_mem[0].u_comp_ddr3.data_task: at time 131674966.0 ps INFO: READ @ DQS= bank = 0 row = 2000 col = 0000007e data = 003f
tb_a7ng_ddr_cue_soa.gen_mem[0].u_comp_ddr3.data_task: at time 131676466.0 ps INFO: READ @ DQS= bank = 0 row = 2000 col = 0000007f data = 0000
tb_a7ng_ddr_cue_soa.gen_mem[0].u_comp_ddr3.cmd_task: at time 131703466.0 ps INFO: Precharge bank   0
tb_a7ng_ddr_cue_soa.gen_mem[0].u_comp_ddr3.cmd_task: at time 131817466.0 ps INFO: Activate  bank 0 row 2000
tb_a7ng_ddr_cue_soa.gen_mem[0].u_comp_ddr3.cmd_task: at time 131832466.0 ps INFO: Read      bank 0 col 078, auto precharge 0
tb_a7ng_ddr_cue_soa.gen_mem[0].u_comp_ddr3.cmd_task: at time 131844466.0 ps INFO: Read      bank 0 col 078, auto precharge 0
tb_a7ng_ddr_cue_soa.gen_mem[0].u_comp_ddr3.data_task: at time 131845966.0 ps INFO: READ @ DQS= bank = 0 row = 2000 col = 00000078 data = 003c
tb_a7ng_ddr_cue_soa.gen_mem[0].u_comp_ddr3.data_task: at time 131847466.0 ps INFO: READ @ DQS= bank = 0 row = 2000 col = 00000079 data = 0000
tb_a7ng_ddr_cue_soa.gen_mem[0].u_comp_ddr3.data_task: at time 131848966.0 ps INFO: READ @ DQS= bank = 0 row = 2000 col = 0000007a data = 003d
tb_a7ng_ddr_cue_soa.gen_mem[0].u_comp_ddr3.data_task: at time 131850466.0 ps INFO: READ @ DQS= bank = 0 row = 2000 col = 0000007b data = 0000
tb_a7ng_ddr_cue_soa.gen_mem[0].u_comp_ddr3.data_task: at time 131851966.0 ps INFO: READ @ DQS= bank = 0 row = 2000 col = 0000007c data = 003e
tb_a7ng_ddr_cue_soa.gen_mem[0].u_comp_ddr3.data_task: at time 131853466.0 ps INFO: READ @ DQS= bank = 0 row = 2000 col = 0000007d data = 0000
tb_a7ng_ddr_cue_soa.gen_mem[0].u_comp_ddr3.data_task: at time 131854966.0 ps INFO: READ @ DQS= bank = 0 row = 2000 col = 0000007e data = 003f
tb_a7ng_ddr_cue_soa.gen_mem[0].u_comp_ddr3.data_task: at time 131856466.0 ps INFO: READ @ DQS= bank = 0 row = 2000 col = 0000007f data = 0000
tb_a7ng_ddr_cue_soa.gen_mem[0].u_comp_ddr3.data_task: at time 131857966.0 ps INFO: READ @ DQS= bank = 0 row = 2000 col = 00000078 data = 003c
tb_a7ng_ddr_cue_soa.gen_mem[0].u_comp_ddr3.data_task: at time 131859466.0 ps INFO: READ @ DQS= bank = 0 row = 2000 col = 00000079 data = 0000
tb_a7ng_ddr_cue_soa.gen_mem[0].u_comp_ddr3.data_task: at time 131860966.0 ps INFO: READ @ DQS= bank = 0 row = 2000 col = 0000007a data = 003d
tb_a7ng_ddr_cue_soa.gen_mem[0].u_comp_ddr3.data_task: at time 131862466.0 ps INFO: READ @ DQS= bank = 0 row = 2000 col = 0000007b data = 0000
tb_a7ng_ddr_cue_soa.gen_mem[0].u_comp_ddr3.data_task: at time 131863966.0 ps INFO: READ @ DQS= bank = 0 row = 2000 col = 0000007c data = 003e
tb_a7ng_ddr_cue_soa.gen_mem[0].u_comp_ddr3.data_task: at time 131865466.0 ps INFO: READ @ DQS= bank = 0 row = 2000 col = 0000007d data = 0000
tb_a7ng_ddr_cue_soa.gen_mem[0].u_comp_ddr3.data_task: at time 131866966.0 ps INFO: READ @ DQS= bank = 0 row = 2000 col = 0000007e data = 003f
tb_a7ng_ddr_cue_soa.gen_mem[0].u_comp_ddr3.data_task: at time 131868466.0 ps INFO: READ @ DQS= bank = 0 row = 2000 col = 0000007f data = 0000
tb_a7ng_ddr_cue_soa.gen_mem[0].u_comp_ddr3.cmd_task: at time 131895466.0 ps INFO: Precharge bank   0
tb_a7ng_ddr_cue_soa.gen_mem[0].u_comp_ddr3.cmd_task: at time 131997466.0 ps INFO: Activate  bank 0 row 2000
tb_a7ng_ddr_cue_soa.gen_mem[0].u_comp_ddr3.cmd_task: at time 132012466.0 ps INFO: Read      bank 0 col 080, auto precharge 0
tb_a7ng_ddr_cue_soa.gen_mem[0].u_comp_ddr3.data_task: at time 132025966.0 ps INFO: READ @ DQS= bank = 0 row = 2000 col = 00000080 data = xxxx
tb_a7ng_ddr_cue_soa.gen_mem[0].u_comp_ddr3.data_task: at time 132027466.0 ps INFO: READ @ DQS= bank = 0 row = 2000 col = 00000081 data = xxxx
tb_a7ng_ddr_cue_soa.gen_mem[0].u_comp_ddr3.data_task: at time 132028966.0 ps INFO: READ @ DQS= bank = 0 row = 2000 col = 00000082 data = xxxx
tb_a7ng_ddr_cue_soa.gen_mem[0].u_comp_ddr3.data_task: at time 132030466.0 ps INFO: READ @ DQS= bank = 0 row = 2000 col = 00000083 data = xxxx
tb_a7ng_ddr_cue_soa.gen_mem[0].u_comp_ddr3.data_task: at time 132031966.0 ps INFO: READ @ DQS= bank = 0 row = 2000 col = 00000084 data = xxxx
tb_a7ng_ddr_cue_soa.gen_mem[0].u_comp_ddr3.data_task: at time 132033466.0 ps INFO: READ @ DQS= bank = 0 row = 2000 col = 00000085 data = xxxx
tb_a7ng_ddr_cue_soa.gen_mem[0].u_comp_ddr3.data_task: at time 132034966.0 ps INFO: READ @ DQS= bank = 0 row = 2000 col = 00000086 data = xxxx
tb_a7ng_ddr_cue_soa.gen_mem[0].u_comp_ddr3.data_task: at time 132036466.0 ps INFO: READ @ DQS= bank = 0 row = 2000 col = 00000087 data = xxxx
tb_a7ng_ddr_cue_soa.gen_mem[0].u_comp_ddr3.cmd_task: at time 132063466.0 ps INFO: Precharge bank   0
tb_a7ng_ddr_cue_soa.gen_mem[0].u_comp_ddr3.cmd_task: at time 132309466.0 ps INFO: Activate  bank 0 row 2000
tb_a7ng_ddr_cue_soa.gen_mem[0].u_comp_ddr3.cmd_task: at time 132324466.0 ps INFO: Read      bank 0 col 088, auto precharge 0
tb_a7ng_ddr_cue_soa.gen_mem[0].u_comp_ddr3.data_task: at time 132337966.0 ps INFO: READ @ DQS= bank = 0 row = 2000 col = 00000088 data = xxxx
tb_a7ng_ddr_cue_soa.gen_mem[0].u_comp_ddr3.data_task: at time 132339466.0 ps INFO: READ @ DQS= bank = 0 row = 2000 col = 00000089 data = xxxx
tb_a7ng_ddr_cue_soa.gen_mem[0].u_comp_ddr3.data_task: at time 132340966.0 ps INFO: READ @ DQS= bank = 0 row = 2000 col = 0000008a data = xxxx
tb_a7ng_ddr_cue_soa.gen_mem[0].u_comp_ddr3.data_task: at time 132342466.0 ps INFO: READ @ DQS= bank = 0 row = 2000 col = 0000008b data = xxxx
tb_a7ng_ddr_cue_soa.gen_mem[0].u_comp_ddr3.data_task: at time 132343966.0 ps INFO: READ @ DQS= bank = 0 row = 2000 col = 0000008c data = xxxx
tb_a7ng_ddr_cue_soa.gen_mem[0].u_comp_ddr3.data_task: at time 132345466.0 ps INFO: READ @ DQS= bank = 0 row = 2000 col = 0000008d data = xxxx
tb_a7ng_ddr_cue_soa.gen_mem[0].u_comp_ddr3.data_task: at time 132346966.0 ps INFO: READ @ DQS= bank = 0 row = 2000 col = 0000008e data = xxxx
tb_a7ng_ddr_cue_soa.gen_mem[0].u_comp_ddr3.data_task: at time 132348466.0 ps INFO: READ @ DQS= bank = 0 row = 2000 col = 0000008f data = xxxx
tb_a7ng_ddr_cue_soa.gen_mem[0].u_comp_ddr3.cmd_task: at time 132375466.0 ps INFO: Precharge bank   0
tb_a7ng_ddr_cue_soa.gen_mem[0].u_comp_ddr3.cmd_task: at time 132621466.0 ps INFO: Activate  bank 0 row 2000
tb_a7ng_ddr_cue_soa.gen_mem[0].u_comp_ddr3.cmd_task: at time 132636466.0 ps INFO: Read      bank 0 col 090, auto precharge 0
tb_a7ng_ddr_cue_soa.gen_mem[0].u_comp_ddr3.data_task: at time 132649966.0 ps INFO: READ @ DQS= bank = 0 row = 2000 col = 00000090 data = xxxx
tb_a7ng_ddr_cue_soa.gen_mem[0].u_comp_ddr3.data_task: at time 132651466.0 ps INFO: READ @ DQS= bank = 0 row = 2000 col = 00000091 data = xxxx
tb_a7ng_ddr_cue_soa.gen_mem[0].u_comp_ddr3.data_task: at time 132652966.0 ps INFO: READ @ DQS= bank = 0 row = 2000 col = 00000092 data = xxxx
tb_a7ng_ddr_cue_soa.gen_mem[0].u_comp_ddr3.data_task: at time 132654466.0 ps INFO: READ @ DQS= bank = 0 row = 2000 col = 00000093 data = xxxx
tb_a7ng_ddr_cue_soa.gen_mem[0].u_comp_ddr3.data_task: at time 132655966.0 ps INFO: READ @ DQS= bank = 0 row = 2000 col = 00000094 data = xxxx
tb_a7ng_ddr_cue_soa.gen_mem[0].u_comp_ddr3.data_task: at time 132657466.0 ps INFO: READ @ DQS= bank = 0 row = 2000 col = 00000095 data = xxxx
tb_a7ng_ddr_cue_soa.gen_mem[0].u_comp_ddr3.data_task: at time 132658966.0 ps INFO: READ @ DQS= bank = 0 row = 2000 col = 00000096 data = xxxx
tb_a7ng_ddr_cue_soa.gen_mem[0].u_comp_ddr3.data_task: at time 132660466.0 ps INFO: READ @ DQS= bank = 0 row = 2000 col = 00000097 data = xxxx
tb_a7ng_ddr_cue_soa.gen_mem[0].u_comp_ddr3.cmd_task: at time 132687466.0 ps INFO: Precharge bank   0
tb_a7ng_ddr_cue_soa.gen_mem[0].u_comp_ddr3.cmd_task: at time 132777466.0 ps INFO: Activate  bank 0 row 2000
tb_a7ng_ddr_cue_soa.gen_mem[0].u_comp_ddr3.cmd_task: at time 132792466.0 ps INFO: Read      bank 0 col 090, auto precharge 0
tb_a7ng_ddr_cue_soa.gen_mem[0].u_comp_ddr3.cmd_task: at time 132804466.0 ps INFO: Read      bank 0 col 090, auto precharge 0
tb_a7ng_ddr_cue_soa.gen_mem[0].u_comp_ddr3.data_task: at time 132805966.0 ps INFO: READ @ DQS= bank = 0 row = 2000 col = 00000090 data = xxxx
tb_a7ng_ddr_cue_soa.gen_mem[0].u_comp_ddr3.data_task: at time 132807466.0 ps INFO: READ @ DQS= bank = 0 row = 2000 col = 00000091 data = xxxx
tb_a7ng_ddr_cue_soa.gen_mem[0].u_comp_ddr3.data_task: at time 132808966.0 ps INFO: READ @ DQS= bank = 0 row = 2000 col = 00000092 data = xxxx
tb_a7ng_ddr_cue_soa.gen_mem[0].u_comp_ddr3.data_task: at time 132810466.0 ps INFO: READ @ DQS= bank = 0 row = 2000 col = 00000093 data = xxxx
tb_a7ng_ddr_cue_soa.gen_mem[0].u_comp_ddr3.data_task: at time 132811966.0 ps INFO: READ @ DQS= bank = 0 row = 2000 col = 00000094 data = xxxx
tb_a7ng_ddr_cue_soa.gen_mem[0].u_comp_ddr3.data_task: at time 132813466.0 ps INFO: READ @ DQS= bank = 0 row = 2000 col = 00000095 data = xxxx
tb_a7ng_ddr_cue_soa.gen_mem[0].u_comp_ddr3.data_task: at time 132814966.0 ps INFO: READ @ DQS= bank = 0 row = 2000 col = 00000096 data = xxxx
tb_a7ng_ddr_cue_soa.gen_mem[0].u_comp_ddr3.data_task: at time 132816466.0 ps INFO: READ @ DQS= bank = 0 row = 2000 col = 00000097 data = xxxx
tb_a7ng_ddr_cue_soa.gen_mem[0].u_comp_ddr3.data_task: at time 132817966.0 ps INFO: READ @ DQS= bank = 0 row = 2000 col = 00000090 data = xxxx
tb_a7ng_ddr_cue_soa.gen_mem[0].u_comp_ddr3.data_task: at time 132819466.0 ps INFO: READ @ DQS= bank = 0 row = 2000 col = 00000091 data = xxxx
tb_a7ng_ddr_cue_soa.gen_mem[0].u_comp_ddr3.data_task: at time 132820966.0 ps INFO: READ @ DQS= bank = 0 row = 2000 col = 00000092 data = xxxx
tb_a7ng_ddr_cue_soa.gen_mem[0].u_comp_ddr3.data_task: at time 132822466.0 ps INFO: READ @ DQS= bank = 0 row = 2000 col = 00000093 data = xxxx
tb_a7ng_ddr_cue_soa.gen_mem[0].u_comp_ddr3.data_task: at time 132823966.0 ps INFO: READ @ DQS= bank = 0 row = 2000 col = 00000094 data = xxxx
tb_a7ng_ddr_cue_soa.gen_mem[0].u_comp_ddr3.data_task: at time 132825466.0 ps INFO: READ @ DQS= bank = 0 row = 2000 col = 00000095 data = xxxx
tb_a7ng_ddr_cue_soa.gen_mem[0].u_comp_ddr3.data_task: at time 132826966.0 ps INFO: READ @ DQS= bank = 0 row = 2000 col = 00000096 data = xxxx
tb_a7ng_ddr_cue_soa.gen_mem[0].u_comp_ddr3.data_task: at time 132828466.0 ps INFO: READ @ DQS= bank = 0 row = 2000 col = 00000097 data = xxxx
tb_a7ng_ddr_cue_soa.gen_mem[0].u_comp_ddr3.cmd_task: at time 132855466.0 ps INFO: Precharge bank   0
tb_a7ng_ddr_cue_soa.gen_mem[0].u_comp_ddr3.cmd_task: at time 132933466.0 ps INFO: Activate  bank 0 row 2000
tb_a7ng_ddr_cue_soa.gen_mem[0].u_comp_ddr3.cmd_task: at time 132948466.0 ps INFO: Read      bank 0 col 098, auto precharge 0
tb_a7ng_ddr_cue_soa.gen_mem[0].u_comp_ddr3.data_task: at time 132961966.0 ps INFO: READ @ DQS= bank = 0 row = 2000 col = 00000098 data = xxxx
tb_a7ng_ddr_cue_soa.gen_mem[0].u_comp_ddr3.data_task: at time 132963466.0 ps INFO: READ @ DQS= bank = 0 row = 2000 col = 00000099 data = xxxx
tb_a7ng_ddr_cue_soa.gen_mem[0].u_comp_ddr3.data_task: at time 132964966.0 ps INFO: READ @ DQS= bank = 0 row = 2000 col = 0000009a data = xxxx
tb_a7ng_ddr_cue_soa.gen_mem[0].u_comp_ddr3.data_task: at time 132966466.0 ps INFO: READ @ DQS= bank = 0 row = 2000 col = 0000009b data = xxxx
tb_a7ng_ddr_cue_soa.gen_mem[0].u_comp_ddr3.data_task: at time 132967966.0 ps INFO: READ @ DQS= bank = 0 row = 2000 col = 0000009c data = xxxx
tb_a7ng_ddr_cue_soa.gen_mem[0].u_comp_ddr3.data_task: at time 132969466.0 ps INFO: READ @ DQS= bank = 0 row = 2000 col = 0000009d data = xxxx
tb_a7ng_ddr_cue_soa.gen_mem[0].u_comp_ddr3.data_task: at time 132970966.0 ps INFO: READ @ DQS= bank = 0 row = 2000 col = 0000009e data = xxxx
tb_a7ng_ddr_cue_soa.gen_mem[0].u_comp_ddr3.data_task: at time 132972466.0 ps INFO: READ @ DQS= bank = 0 row = 2000 col = 0000009f data = xxxx
tb_a7ng_ddr_cue_soa.gen_mem[0].u_comp_ddr3.cmd_task: at time 132999466.0 ps INFO: Precharge bank   0
tb_a7ng_ddr_cue_soa.gen_mem[0].u_comp_ddr3.cmd_task: at time 133245466.0 ps INFO: Activate  bank 0 row 2000
tb_a7ng_ddr_cue_soa.gen_mem[0].u_comp_ddr3.cmd_task: at time 133260466.0 ps INFO: Read      bank 0 col 0a0, auto precharge 0
tb_a7ng_ddr_cue_soa.gen_mem[0].u_comp_ddr3.data_task: at time 133273966.0 ps INFO: READ @ DQS= bank = 0 row = 2000 col = 000000a0 data = xxxx
tb_a7ng_ddr_cue_soa.gen_mem[0].u_comp_ddr3.data_task: at time 133275466.0 ps INFO: READ @ DQS= bank = 0 row = 2000 col = 000000a1 data = xxxx
tb_a7ng_ddr_cue_soa.gen_mem[0].u_comp_ddr3.data_task: at time 133276966.0 ps INFO: READ @ DQS= bank = 0 row = 2000 col = 000000a2 data = xxxx
tb_a7ng_ddr_cue_soa.gen_mem[0].u_comp_ddr3.data_task: at time 133278466.0 ps INFO: READ @ DQS= bank = 0 row = 2000 col = 000000a3 data = xxxx
tb_a7ng_ddr_cue_soa.gen_mem[0].u_comp_ddr3.data_task: at time 133279966.0 ps INFO: READ @ DQS= bank = 0 row = 2000 col = 000000a4 data = xxxx
tb_a7ng_ddr_cue_soa.gen_mem[0].u_comp_ddr3.data_task: at time 133281466.0 ps INFO: READ @ DQS= bank = 0 row = 2000 col = 000000a5 data = xxxx
tb_a7ng_ddr_cue_soa.gen_mem[0].u_comp_ddr3.data_task: at time 133282966.0 ps INFO: READ @ DQS= bank = 0 row = 2000 col = 000000a6 data = xxxx
tb_a7ng_ddr_cue_soa.gen_mem[0].u_comp_ddr3.data_task: at time 133284466.0 ps INFO: READ @ DQS= bank = 0 row = 2000 col = 000000a7 data = xxxx
tb_a7ng_ddr_cue_soa.gen_mem[0].u_comp_ddr3.cmd_task: at time 133311466.0 ps INFO: Precharge bank   0
tb_a7ng_ddr_cue_soa.gen_mem[0].u_comp_ddr3.cmd_task: at time 133557466.0 ps INFO: Activate  bank 0 row 2000
tb_a7ng_ddr_cue_soa.gen_mem[0].u_comp_ddr3.cmd_task: at time 133572466.0 ps INFO: Read      bank 0 col 0a8, auto precharge 0
tb_a7ng_ddr_cue_soa.gen_mem[0].u_comp_ddr3.data_task: at time 133585966.0 ps INFO: READ @ DQS= bank = 0 row = 2000 col = 000000a8 data = xxxx
tb_a7ng_ddr_cue_soa.gen_mem[0].u_comp_ddr3.data_task: at time 133587466.0 ps INFO: READ @ DQS= bank = 0 row = 2000 col = 000000a9 data = xxxx
tb_a7ng_ddr_cue_soa.gen_mem[0].u_comp_ddr3.data_task: at time 133588966.0 ps INFO: READ @ DQS= bank = 0 row = 2000 col = 000000aa data = xxxx
tb_a7ng_ddr_cue_soa.gen_mem[0].u_comp_ddr3.data_task: at time 133590466.0 ps INFO: READ @ DQS= bank = 0 row = 2000 col = 000000ab data = xxxx
tb_a7ng_ddr_cue_soa.gen_mem[0].u_comp_ddr3.data_task: at time 133591966.0 ps INFO: READ @ DQS= bank = 0 row = 2000 col = 000000ac data = xxxx
tb_a7ng_ddr_cue_soa.gen_mem[0].u_comp_ddr3.data_task: at time 133593466.0 ps INFO: READ @ DQS= bank = 0 row = 2000 col = 000000ad data = xxxx
tb_a7ng_ddr_cue_soa.gen_mem[0].u_comp_ddr3.data_task: at time 133594966.0 ps INFO: READ @ DQS= bank = 0 row = 2000 col = 000000ae data = xxxx
tb_a7ng_ddr_cue_soa.gen_mem[0].u_comp_ddr3.data_task: at time 133596466.0 ps INFO: READ @ DQS= bank = 0 row = 2000 col = 000000af data = xxxx
tb_a7ng_ddr_cue_soa.gen_mem[0].u_comp_ddr3.cmd_task: at time 133623466.0 ps INFO: Precharge bank   0
tb_a7ng_ddr_cue_soa.gen_mem[0].u_comp_ddr3.cmd_task: at time 133737466.0 ps INFO: Activate  bank 0 row 2000
tb_a7ng_ddr_cue_soa.gen_mem[0].u_comp_ddr3.cmd_task: at time 133752466.0 ps INFO: Read      bank 0 col 0a8, auto precharge 0
tb_a7ng_ddr_cue_soa.gen_mem[0].u_comp_ddr3.cmd_task: at time 133764466.0 ps INFO: Read      bank 0 col 0a8, auto precharge 0
tb_a7ng_ddr_cue_soa.gen_mem[0].u_comp_ddr3.data_task: at time 133765966.0 ps INFO: READ @ DQS= bank = 0 row = 2000 col = 000000a8 data = xxxx
tb_a7ng_ddr_cue_soa.gen_mem[0].u_comp_ddr3.data_task: at time 133767466.0 ps INFO: READ @ DQS= bank = 0 row = 2000 col = 000000a9 data = xxxx
tb_a7ng_ddr_cue_soa.gen_mem[0].u_comp_ddr3.data_task: at time 133768966.0 ps INFO: READ @ DQS= bank = 0 row = 2000 col = 000000aa data = xxxx
tb_a7ng_ddr_cue_soa.gen_mem[0].u_comp_ddr3.data_task: at time 133770466.0 ps INFO: READ @ DQS= bank = 0 row = 2000 col = 000000ab data = xxxx
tb_a7ng_ddr_cue_soa.gen_mem[0].u_comp_ddr3.data_task: at time 133771966.0 ps INFO: READ @ DQS= bank = 0 row = 2000 col = 000000ac data = xxxx
tb_a7ng_ddr_cue_soa.gen_mem[0].u_comp_ddr3.data_task: at time 133773466.0 ps INFO: READ @ DQS= bank = 0 row = 2000 col = 000000ad data = xxxx
tb_a7ng_ddr_cue_soa.gen_mem[0].u_comp_ddr3.data_task: at time 133774966.0 ps INFO: READ @ DQS= bank = 0 row = 2000 col = 000000ae data = xxxx
tb_a7ng_ddr_cue_soa.gen_mem[0].u_comp_ddr3.data_task: at time 133776466.0 ps INFO: READ @ DQS= bank = 0 row = 2000 col = 000000af data = xxxx
tb_a7ng_ddr_cue_soa.gen_mem[0].u_comp_ddr3.data_task: at time 133777966.0 ps INFO: READ @ DQS= bank = 0 row = 2000 col = 000000a8 data = xxxx
tb_a7ng_ddr_cue_soa.gen_mem[0].u_comp_ddr3.data_task: at time 133779466.0 ps INFO: READ @ DQS= bank = 0 row = 2000 col = 000000a9 data = xxxx
tb_a7ng_ddr_cue_soa.gen_mem[0].u_comp_ddr3.data_task: at time 133780966.0 ps INFO: READ @ DQS= bank = 0 row = 2000 col = 000000aa data = xxxx
tb_a7ng_ddr_cue_soa.gen_mem[0].u_comp_ddr3.data_task: at time 133782466.0 ps INFO: READ @ DQS= bank = 0 row = 2000 col = 000000ab data = xxxx
tb_a7ng_ddr_cue_soa.gen_mem[0].u_comp_ddr3.data_task: at time 133783966.0 ps INFO: READ @ DQS= bank = 0 row = 2000 col = 000000ac data = xxxx
tb_a7ng_ddr_cue_soa.gen_mem[0].u_comp_ddr3.data_task: at time 133785466.0 ps INFO: READ @ DQS= bank = 0 row = 2000 col = 000000ad data = xxxx
tb_a7ng_ddr_cue_soa.gen_mem[0].u_comp_ddr3.data_task: at time 133786966.0 ps INFO: READ @ DQS= bank = 0 row = 2000 col = 000000ae data = xxxx
tb_a7ng_ddr_cue_soa.gen_mem[0].u_comp_ddr3.data_task: at time 133788466.0 ps INFO: READ @ DQS= bank = 0 row = 2000 col = 000000af data = xxxx
tb_a7ng_ddr_cue_soa.gen_mem[0].u_comp_ddr3.cmd_task: at time 133815466.0 ps INFO: Precharge bank   0
tb_a7ng_ddr_cue_soa.gen_mem[0].u_comp_ddr3.cmd_task: at time 133869466.0 ps INFO: Activate  bank 0 row 2000
tb_a7ng_ddr_cue_soa.gen_mem[0].u_comp_ddr3.cmd_task: at time 133884466.0 ps INFO: Read      bank 0 col 0b0, auto precharge 0
tb_a7ng_ddr_cue_soa.gen_mem[0].u_comp_ddr3.data_task: at time 133897966.0 ps INFO: READ @ DQS= bank = 0 row = 2000 col = 000000b0 data = xxxx
tb_a7ng_ddr_cue_soa.gen_mem[0].u_comp_ddr3.data_task: at time 133899466.0 ps INFO: READ @ DQS= bank = 0 row = 2000 col = 000000b1 data = xxxx
tb_a7ng_ddr_cue_soa.gen_mem[0].u_comp_ddr3.data_task: at time 133900966.0 ps INFO: READ @ DQS= bank = 0 row = 2000 col = 000000b2 data = xxxx
tb_a7ng_ddr_cue_soa.gen_mem[0].u_comp_ddr3.data_task: at time 133902466.0 ps INFO: READ @ DQS= bank = 0 row = 2000 col = 000000b3 data = xxxx
tb_a7ng_ddr_cue_soa.gen_mem[0].u_comp_ddr3.data_task: at time 133903966.0 ps INFO: READ @ DQS= bank = 0 row = 2000 col = 000000b4 data = xxxx
tb_a7ng_ddr_cue_soa.gen_mem[0].u_comp_ddr3.data_task: at time 133905466.0 ps INFO: READ @ DQS= bank = 0 row = 2000 col = 000000b5 data = xxxx
tb_a7ng_ddr_cue_soa.gen_mem[0].u_comp_ddr3.data_task: at time 133906966.0 ps INFO: READ @ DQS= bank = 0 row = 2000 col = 000000b6 data = xxxx
tb_a7ng_ddr_cue_soa.gen_mem[0].u_comp_ddr3.data_task: at time 133908466.0 ps INFO: READ @ DQS= bank = 0 row = 2000 col = 000000b7 data = xxxx
tb_a7ng_ddr_cue_soa.gen_mem[0].u_comp_ddr3.cmd_task: at time 133935466.0 ps INFO: Precharge bank   0
tb_a7ng_ddr_cue_soa.gen_mem[0].u_comp_ddr3.cmd_task: at time 134181466.0 ps INFO: Activate  bank 0 row 2000
tb_a7ng_ddr_cue_soa.gen_mem[0].u_comp_ddr3.cmd_task: at time 134196466.0 ps INFO: Read      bank 0 col 0b8, auto precharge 0
tb_a7ng_ddr_cue_soa.gen_mem[0].u_comp_ddr3.data_task: at time 134209966.0 ps INFO: READ @ DQS= bank = 0 row = 2000 col = 000000b8 data = xxxx
tb_a7ng_ddr_cue_soa.gen_mem[0].u_comp_ddr3.data_task: at time 134211466.0 ps INFO: READ @ DQS= bank = 0 row = 2000 col = 000000b9 data = xxxx
tb_a7ng_ddr_cue_soa.gen_mem[0].u_comp_ddr3.data_task: at time 134212966.0 ps INFO: READ @ DQS= bank = 0 row = 2000 col = 000000ba data = xxxx
tb_a7ng_ddr_cue_soa.gen_mem[0].u_comp_ddr3.data_task: at time 134214466.0 ps INFO: READ @ DQS= bank = 0 row = 2000 col = 000000bb data = xxxx
tb_a7ng_ddr_cue_soa.gen_mem[0].u_comp_ddr3.data_task: at time 134215966.0 ps INFO: READ @ DQS= bank = 0 row = 2000 col = 000000bc data = xxxx
tb_a7ng_ddr_cue_soa.gen_mem[0].u_comp_ddr3.data_task: at time 134217466.0 ps INFO: READ @ DQS= bank = 0 row = 2000 col = 000000bd data = xxxx
tb_a7ng_ddr_cue_soa.gen_mem[0].u_comp_ddr3.data_task: at time 134218966.0 ps INFO: READ @ DQS= bank = 0 row = 2000 col = 000000be data = xxxx
tb_a7ng_ddr_cue_soa.gen_mem[0].u_comp_ddr3.data_task: at time 134220466.0 ps INFO: READ @ DQS= bank = 0 row = 2000 col = 000000bf data = xxxx
tb_a7ng_ddr_cue_soa.gen_mem[0].u_comp_ddr3.cmd_task: at time 134247466.0 ps INFO: Precharge bank   0
tb_a7ng_ddr_cue_soa.gen_mem[0].u_comp_ddr3.cmd_task: at time 134493466.0 ps INFO: Activate  bank 0 row 2000
tb_a7ng_ddr_cue_soa.gen_mem[0].u_comp_ddr3.cmd_task: at time 134508466.0 ps INFO: Read      bank 0 col 0c0, auto precharge 0
tb_a7ng_ddr_cue_soa.gen_mem[0].u_comp_ddr3.data_task: at time 134521966.0 ps INFO: READ @ DQS= bank = 0 row = 2000 col = 000000c0 data = xxxx
tb_a7ng_ddr_cue_soa.gen_mem[0].u_comp_ddr3.data_task: at time 134523466.0 ps INFO: READ @ DQS= bank = 0 row = 2000 col = 000000c1 data = xxxx
tb_a7ng_ddr_cue_soa.gen_mem[0].u_comp_ddr3.data_task: at time 134524966.0 ps INFO: READ @ DQS= bank = 0 row = 2000 col = 000000c2 data = xxxx
tb_a7ng_ddr_cue_soa.gen_mem[0].u_comp_ddr3.data_task: at time 134526466.0 ps INFO: READ @ DQS= bank = 0 row = 2000 col = 000000c3 data = xxxx
tb_a7ng_ddr_cue_soa.gen_mem[0].u_comp_ddr3.data_task: at time 134527966.0 ps INFO: READ @ DQS= bank = 0 row = 2000 col = 000000c4 data = xxxx
tb_a7ng_ddr_cue_soa.gen_mem[0].u_comp_ddr3.data_task: at time 134529466.0 ps INFO: READ @ DQS= bank = 0 row = 2000 col = 000000c5 data = xxxx
tb_a7ng_ddr_cue_soa.gen_mem[0].u_comp_ddr3.data_task: at time 134530966.0 ps INFO: READ @ DQS= bank = 0 row = 2000 col = 000000c6 data = xxxx
tb_a7ng_ddr_cue_soa.gen_mem[0].u_comp_ddr3.data_task: at time 134532466.0 ps INFO: READ @ DQS= bank = 0 row = 2000 col = 000000c7 data = xxxx
tb_a7ng_ddr_cue_soa.gen_mem[0].u_comp_ddr3.cmd_task: at time 134559466.0 ps INFO: Precharge bank   0
tb_a7ng_ddr_cue_soa.gen_mem[0].u_comp_ddr3.cmd_task: at time 134697466.0 ps INFO: Activate  bank 0 row 2000
tb_a7ng_ddr_cue_soa.gen_mem[0].u_comp_ddr3.cmd_task: at time 134712466.0 ps INFO: Read      bank 0 col 0c0, auto precharge 0
tb_a7ng_ddr_cue_soa.gen_mem[0].u_comp_ddr3.cmd_task: at time 134724466.0 ps INFO: Read      bank 0 col 0c0, auto precharge 0
tb_a7ng_ddr_cue_soa.gen_mem[0].u_comp_ddr3.data_task: at time 134725966.0 ps INFO: READ @ DQS= bank = 0 row = 2000 col = 000000c0 data = xxxx
tb_a7ng_ddr_cue_soa.gen_mem[0].u_comp_ddr3.data_task: at time 134727466.0 ps INFO: READ @ DQS= bank = 0 row = 2000 col = 000000c1 data = xxxx
tb_a7ng_ddr_cue_soa.gen_mem[0].u_comp_ddr3.data_task: at time 134728966.0 ps INFO: READ @ DQS= bank = 0 row = 2000 col = 000000c2 data = xxxx
tb_a7ng_ddr_cue_soa.gen_mem[0].u_comp_ddr3.data_task: at time 134730466.0 ps INFO: READ @ DQS= bank = 0 row = 2000 col = 000000c3 data = xxxx
tb_a7ng_ddr_cue_soa.gen_mem[0].u_comp_ddr3.data_task: at time 134731966.0 ps INFO: READ @ DQS= bank = 0 row = 2000 col = 000000c4 data = xxxx
tb_a7ng_ddr_cue_soa.gen_mem[0].u_comp_ddr3.data_task: at time 134733466.0 ps INFO: READ @ DQS= bank = 0 row = 2000 col = 000000c5 data = xxxx
tb_a7ng_ddr_cue_soa.gen_mem[0].u_comp_ddr3.data_task: at time 134734966.0 ps INFO: READ @ DQS= bank = 0 row = 2000 col = 000000c6 data = xxxx
tb_a7ng_ddr_cue_soa.gen_mem[0].u_comp_ddr3.data_task: at time 134736466.0 ps INFO: READ @ DQS= bank = 0 row = 2000 col = 000000c7 data = xxxx
tb_a7ng_ddr_cue_soa.gen_mem[0].u_comp_ddr3.data_task: at time 134737966.0 ps INFO: READ @ DQS= bank = 0 row = 2000 col = 000000c0 data = xxxx
tb_a7ng_ddr_cue_soa.gen_mem[0].u_comp_ddr3.data_task: at time 134739466.0 ps INFO: READ @ DQS= bank = 0 row = 2000 col = 000000c1 data = xxxx
tb_a7ng_ddr_cue_soa.gen_mem[0].u_comp_ddr3.data_task: at time 134740966.0 ps INFO: READ @ DQS= bank = 0 row = 2000 col = 000000c2 data = xxxx
tb_a7ng_ddr_cue_soa.gen_mem[0].u_comp_ddr3.data_task: at time 134742466.0 ps INFO: READ @ DQS= bank = 0 row = 2000 col = 000000c3 data = xxxx
tb_a7ng_ddr_cue_soa.gen_mem[0].u_comp_ddr3.data_task: at time 134743966.0 ps INFO: READ @ DQS= bank = 0 row = 2000 col = 000000c4 data = xxxx
tb_a7ng_ddr_cue_soa.gen_mem[0].u_comp_ddr3.data_task: at time 134745466.0 ps INFO: READ @ DQS= bank = 0 row = 2000 col = 000000c5 data = xxxx
tb_a7ng_ddr_cue_soa.gen_mem[0].u_comp_ddr3.data_task: at time 134746966.0 ps INFO: READ @ DQS= bank = 0 row = 2000 col = 000000c6 data = xxxx
tb_a7ng_ddr_cue_soa.gen_mem[0].u_comp_ddr3.data_task: at time 134748466.0 ps INFO: READ @ DQS= bank = 0 row = 2000 col = 000000c7 data = xxxx
tb_a7ng_ddr_cue_soa.gen_mem[0].u_comp_ddr3.cmd_task: at time 134775466.0 ps INFO: Precharge bank   0
tb_a7ng_ddr_cue_soa.gen_mem[0].u_comp_ddr3.cmd_task: at time 134805466.0 ps INFO: Activate  bank 0 row 2000
tb_a7ng_ddr_cue_soa.gen_mem[0].u_comp_ddr3.cmd_task: at time 134820466.0 ps INFO: Read      bank 0 col 0c8, auto precharge 0
tb_a7ng_ddr_cue_soa.gen_mem[0].u_comp_ddr3.data_task: at time 134833966.0 ps INFO: READ @ DQS= bank = 0 row = 2000 col = 000000c8 data = xxxx
tb_a7ng_ddr_cue_soa.gen_mem[0].u_comp_ddr3.data_task: at time 134835466.0 ps INFO: READ @ DQS= bank = 0 row = 2000 col = 000000c9 data = xxxx
tb_a7ng_ddr_cue_soa.gen_mem[0].u_comp_ddr3.data_task: at time 134836966.0 ps INFO: READ @ DQS= bank = 0 row = 2000 col = 000000ca data = xxxx
tb_a7ng_ddr_cue_soa.gen_mem[0].u_comp_ddr3.data_task: at time 134838466.0 ps INFO: READ @ DQS= bank = 0 row = 2000 col = 000000cb data = xxxx
tb_a7ng_ddr_cue_soa.gen_mem[0].u_comp_ddr3.data_task: at time 134839966.0 ps INFO: READ @ DQS= bank = 0 row = 2000 col = 000000cc data = xxxx
tb_a7ng_ddr_cue_soa.gen_mem[0].u_comp_ddr3.data_task: at time 134841466.0 ps INFO: READ @ DQS= bank = 0 row = 2000 col = 000000cd data = xxxx
tb_a7ng_ddr_cue_soa.gen_mem[0].u_comp_ddr3.data_task: at time 134842966.0 ps INFO: READ @ DQS= bank = 0 row = 2000 col = 000000ce data = xxxx
tb_a7ng_ddr_cue_soa.gen_mem[0].u_comp_ddr3.data_task: at time 134844466.0 ps INFO: READ @ DQS= bank = 0 row = 2000 col = 000000cf data = xxxx
tb_a7ng_ddr_cue_soa.gen_mem[0].u_comp_ddr3.cmd_task: at time 134871466.0 ps INFO: Precharge bank   0
tb_a7ng_ddr_cue_soa.gen_mem[0].u_comp_ddr3.cmd_task: at time 135117466.0 ps INFO: Activate  bank 0 row 2000
tb_a7ng_ddr_cue_soa.gen_mem[0].u_comp_ddr3.cmd_task: at time 135132466.0 ps INFO: Read      bank 0 col 0d0, auto precharge 0
tb_a7ng_ddr_cue_soa.gen_mem[0].u_comp_ddr3.data_task: at time 135145966.0 ps INFO: READ @ DQS= bank = 0 row = 2000 col = 000000d0 data = xxxx
tb_a7ng_ddr_cue_soa.gen_mem[0].u_comp_ddr3.data_task: at time 135147466.0 ps INFO: READ @ DQS= bank = 0 row = 2000 col = 000000d1 data = xxxx
tb_a7ng_ddr_cue_soa.gen_mem[0].u_comp_ddr3.data_task: at time 135148966.0 ps INFO: READ @ DQS= bank = 0 row = 2000 col = 000000d2 data = xxxx
tb_a7ng_ddr_cue_soa.gen_mem[0].u_comp_ddr3.data_task: at time 135150466.0 ps INFO: READ @ DQS= bank = 0 row = 2000 col = 000000d3 data = xxxx
tb_a7ng_ddr_cue_soa.gen_mem[0].u_comp_ddr3.data_task: at time 135151966.0 ps INFO: READ @ DQS= bank = 0 row = 2000 col = 000000d4 data = xxxx
tb_a7ng_ddr_cue_soa.gen_mem[0].u_comp_ddr3.data_task: at time 135153466.0 ps INFO: READ @ DQS= bank = 0 row = 2000 col = 000000d5 data = xxxx
tb_a7ng_ddr_cue_soa.gen_mem[0].u_comp_ddr3.data_task: at time 135154966.0 ps INFO: READ @ DQS= bank = 0 row = 2000 col = 000000d6 data = xxxx
tb_a7ng_ddr_cue_soa.gen_mem[0].u_comp_ddr3.data_task: at time 135156466.0 ps INFO: READ @ DQS= bank = 0 row = 2000 col = 000000d7 data = xxxx
tb_a7ng_ddr_cue_soa.gen_mem[0].u_comp_ddr3.cmd_task: at time 135183466.0 ps INFO: Precharge bank   0
tb_a7ng_ddr_cue_soa.gen_mem[0].u_comp_ddr3.cmd_task: at time 135429466.0 ps INFO: Activate  bank 0 row 2000
tb_a7ng_ddr_cue_soa.gen_mem[0].u_comp_ddr3.cmd_task: at time 135444466.0 ps INFO: Read      bank 0 col 0d8, auto precharge 0
tb_a7ng_ddr_cue_soa.gen_mem[0].u_comp_ddr3.data_task: at time 135457966.0 ps INFO: READ @ DQS= bank = 0 row = 2000 col = 000000d8 data = xxxx
tb_a7ng_ddr_cue_soa.gen_mem[0].u_comp_ddr3.data_task: at time 135459466.0 ps INFO: READ @ DQS= bank = 0 row = 2000 col = 000000d9 data = xxxx
tb_a7ng_ddr_cue_soa.gen_mem[0].u_comp_ddr3.data_task: at time 135460966.0 ps INFO: READ @ DQS= bank = 0 row = 2000 col = 000000da data = xxxx
tb_a7ng_ddr_cue_soa.gen_mem[0].u_comp_ddr3.data_task: at time 135462466.0 ps INFO: READ @ DQS= bank = 0 row = 2000 col = 000000db data = xxxx
tb_a7ng_ddr_cue_soa.gen_mem[0].u_comp_ddr3.data_task: at time 135463966.0 ps INFO: READ @ DQS= bank = 0 row = 2000 col = 000000dc data = xxxx
tb_a7ng_ddr_cue_soa.gen_mem[0].u_comp_ddr3.data_task: at time 135465466.0 ps INFO: READ @ DQS= bank = 0 row = 2000 col = 000000dd data = xxxx
tb_a7ng_ddr_cue_soa.gen_mem[0].u_comp_ddr3.data_task: at time 135466966.0 ps INFO: READ @ DQS= bank = 0 row = 2000 col = 000000de data = xxxx
tb_a7ng_ddr_cue_soa.gen_mem[0].u_comp_ddr3.data_task: at time 135468466.0 ps INFO: READ @ DQS= bank = 0 row = 2000 col = 000000df data = xxxx
tb_a7ng_ddr_cue_soa.gen_mem[0].u_comp_ddr3.cmd_task: at time 135495466.0 ps INFO: Precharge bank   0
tb_a7ng_ddr_cue_soa.gen_mem[0].u_comp_ddr3.cmd_task: at time 135657466.0 ps INFO: Activate  bank 0 row 2000
tb_a7ng_ddr_cue_soa.gen_mem[0].u_comp_ddr3.cmd_task: at time 135672466.0 ps INFO: Read      bank 0 col 0d8, auto precharge 0
tb_a7ng_ddr_cue_soa.gen_mem[0].u_comp_ddr3.cmd_task: at time 135684466.0 ps INFO: Read      bank 0 col 0d8, auto precharge 0
tb_a7ng_ddr_cue_soa.gen_mem[0].u_comp_ddr3.data_task: at time 135685966.0 ps INFO: READ @ DQS= bank = 0 row = 2000 col = 000000d8 data = xxxx
tb_a7ng_ddr_cue_soa.gen_mem[0].u_comp_ddr3.data_task: at time 135687466.0 ps INFO: READ @ DQS= bank = 0 row = 2000 col = 000000d9 data = xxxx
tb_a7ng_ddr_cue_soa.gen_mem[0].u_comp_ddr3.data_task: at time 135688966.0 ps INFO: READ @ DQS= bank = 0 row = 2000 col = 000000da data = xxxx
tb_a7ng_ddr_cue_soa.gen_mem[0].u_comp_ddr3.data_task: at time 135690466.0 ps INFO: READ @ DQS= bank = 0 row = 2000 col = 000000db data = xxxx
tb_a7ng_ddr_cue_soa.gen_mem[0].u_comp_ddr3.data_task: at time 135691966.0 ps INFO: READ @ DQS= bank = 0 row = 2000 col = 000000dc data = xxxx
tb_a7ng_ddr_cue_soa.gen_mem[0].u_comp_ddr3.data_task: at time 135693466.0 ps INFO: READ @ DQS= bank = 0 row = 2000 col = 000000dd data = xxxx
tb_a7ng_ddr_cue_soa.gen_mem[0].u_comp_ddr3.data_task: at time 135694966.0 ps INFO: READ @ DQS= bank = 0 row = 2000 col = 000000de data = xxxx
tb_a7ng_ddr_cue_soa.gen_mem[0].u_comp_ddr3.data_task: at time 135696466.0 ps INFO: READ @ DQS= bank = 0 row = 2000 col = 000000df data = xxxx
tb_a7ng_ddr_cue_soa.gen_mem[0].u_comp_ddr3.data_task: at time 135697966.0 ps INFO: READ @ DQS= bank = 0 row = 2000 col = 000000d8 data = xxxx
tb_a7ng_ddr_cue_soa.gen_mem[0].u_comp_ddr3.data_task: at time 135699466.0 ps INFO: READ @ DQS= bank = 0 row = 2000 col = 000000d9 data = xxxx
tb_a7ng_ddr_cue_soa.gen_mem[0].u_comp_ddr3.data_task: at time 135700966.0 ps INFO: READ @ DQS= bank = 0 row = 2000 col = 000000da data = xxxx
tb_a7ng_ddr_cue_soa.gen_mem[0].u_comp_ddr3.data_task: at time 135702466.0 ps INFO: READ @ DQS= bank = 0 row = 2000 col = 000000db data = xxxx
tb_a7ng_ddr_cue_soa.gen_mem[0].u_comp_ddr3.data_task: at time 135703966.0 ps INFO: READ @ DQS= bank = 0 row = 2000 col = 000000dc data = xxxx
tb_a7ng_ddr_cue_soa.gen_mem[0].u_comp_ddr3.data_task: at time 135705466.0 ps INFO: READ @ DQS= bank = 0 row = 2000 col = 000000dd data = xxxx
tb_a7ng_ddr_cue_soa.gen_mem[0].u_comp_ddr3.data_task: at time 135706966.0 ps INFO: READ @ DQS= bank = 0 row = 2000 col = 000000de data = xxxx
tb_a7ng_ddr_cue_soa.gen_mem[0].u_comp_ddr3.data_task: at time 135708466.0 ps INFO: READ @ DQS= bank = 0 row = 2000 col = 000000df data = xxxx
tb_a7ng_ddr_cue_soa.gen_mem[0].u_comp_ddr3.cmd_task: at time 135735466.0 ps INFO: Precharge bank   0
tb_a7ng_ddr_cue_soa.gen_mem[0].u_comp_ddr3.cmd_task: at time 135765466.0 ps INFO: Activate  bank 0 row 2000
tb_a7ng_ddr_cue_soa.gen_mem[0].u_comp_ddr3.cmd_task: at time 135780466.0 ps INFO: Read      bank 0 col 0e0, auto precharge 0
tb_a7ng_ddr_cue_soa.gen_mem[0].u_comp_ddr3.data_task: at time 135793966.0 ps INFO: READ @ DQS= bank = 0 row = 2000 col = 000000e0 data = xxxx
tb_a7ng_ddr_cue_soa.gen_mem[0].u_comp_ddr3.data_task: at time 135795466.0 ps INFO: READ @ DQS= bank = 0 row = 2000 col = 000000e1 data = xxxx
tb_a7ng_ddr_cue_soa.gen_mem[0].u_comp_ddr3.data_task: at time 135796966.0 ps INFO: READ @ DQS= bank = 0 row = 2000 col = 000000e2 data = xxxx
tb_a7ng_ddr_cue_soa.gen_mem[0].u_comp_ddr3.data_task: at time 135798466.0 ps INFO: READ @ DQS= bank = 0 row = 2000 col = 000000e3 data = xxxx
tb_a7ng_ddr_cue_soa.gen_mem[0].u_comp_ddr3.data_task: at time 135799966.0 ps INFO: READ @ DQS= bank = 0 row = 2000 col = 000000e4 data = xxxx
tb_a7ng_ddr_cue_soa.gen_mem[0].u_comp_ddr3.data_task: at time 135801466.0 ps INFO: READ @ DQS= bank = 0 row = 2000 col = 000000e5 data = xxxx
tb_a7ng_ddr_cue_soa.gen_mem[0].u_comp_ddr3.data_task: at time 135802966.0 ps INFO: READ @ DQS= bank = 0 row = 2000 col = 000000e6 data = xxxx
tb_a7ng_ddr_cue_soa.gen_mem[0].u_comp_ddr3.data_task: at time 135804466.0 ps INFO: READ @ DQS= bank = 0 row = 2000 col = 000000e7 data = xxxx
tb_a7ng_ddr_cue_soa.gen_mem[0].u_comp_ddr3.cmd_task: at time 135831466.0 ps INFO: Precharge bank   0
tb_a7ng_ddr_cue_soa.gen_mem[0].u_comp_ddr3.cmd_task: at time 136077466.0 ps INFO: Activate  bank 0 row 2000
tb_a7ng_ddr_cue_soa.gen_mem[0].u_comp_ddr3.cmd_task: at time 136092466.0 ps INFO: Read      bank 0 col 0e8, auto precharge 0
tb_a7ng_ddr_cue_soa.gen_mem[0].u_comp_ddr3.data_task: at time 136105966.0 ps INFO: READ @ DQS= bank = 0 row = 2000 col = 000000e8 data = xxxx
tb_a7ng_ddr_cue_soa.gen_mem[0].u_comp_ddr3.data_task: at time 136107466.0 ps INFO: READ @ DQS= bank = 0 row = 2000 col = 000000e9 data = xxxx
tb_a7ng_ddr_cue_soa.gen_mem[0].u_comp_ddr3.data_task: at time 136108966.0 ps INFO: READ @ DQS= bank = 0 row = 2000 col = 000000ea data = xxxx
tb_a7ng_ddr_cue_soa.gen_mem[0].u_comp_ddr3.data_task: at time 136110466.0 ps INFO: READ @ DQS= bank = 0 row = 2000 col = 000000eb data = xxxx
tb_a7ng_ddr_cue_soa.gen_mem[0].u_comp_ddr3.data_task: at time 136111966.0 ps INFO: READ @ DQS= bank = 0 row = 2000 col = 000000ec data = xxxx
tb_a7ng_ddr_cue_soa.gen_mem[0].u_comp_ddr3.data_task: at time 136113466.0 ps INFO: READ @ DQS= bank = 0 row = 2000 col = 000000ed data = xxxx
tb_a7ng_ddr_cue_soa.gen_mem[0].u_comp_ddr3.data_task: at time 136114966.0 ps INFO: READ @ DQS= bank = 0 row = 2000 col = 000000ee data = xxxx
tb_a7ng_ddr_cue_soa.gen_mem[0].u_comp_ddr3.data_task: at time 136116466.0 ps INFO: READ @ DQS= bank = 0 row = 2000 col = 000000ef data = xxxx
tb_a7ng_ddr_cue_soa.gen_mem[0].u_comp_ddr3.cmd_task: at time 136143466.0 ps INFO: Precharge bank   0
tb_a7ng_ddr_cue_soa.gen_mem[0].u_comp_ddr3.cmd_task: at time 136389466.0 ps INFO: Activate  bank 0 row 2000
tb_a7ng_ddr_cue_soa.gen_mem[0].u_comp_ddr3.cmd_task: at time 136404466.0 ps INFO: Read      bank 0 col 0f0, auto precharge 0
tb_a7ng_ddr_cue_soa.gen_mem[0].u_comp_ddr3.data_task: at time 136417966.0 ps INFO: READ @ DQS= bank = 0 row = 2000 col = 000000f0 data = xxxx
tb_a7ng_ddr_cue_soa.gen_mem[0].u_comp_ddr3.data_task: at time 136419466.0 ps INFO: READ @ DQS= bank = 0 row = 2000 col = 000000f1 data = xxxx
tb_a7ng_ddr_cue_soa.gen_mem[0].u_comp_ddr3.data_task: at time 136420966.0 ps INFO: READ @ DQS= bank = 0 row = 2000 col = 000000f2 data = xxxx
tb_a7ng_ddr_cue_soa.gen_mem[0].u_comp_ddr3.data_task: at time 136422466.0 ps INFO: READ @ DQS= bank = 0 row = 2000 col = 000000f3 data = xxxx
tb_a7ng_ddr_cue_soa.gen_mem[0].u_comp_ddr3.data_task: at time 136423966.0 ps INFO: READ @ DQS= bank = 0 row = 2000 col = 000000f4 data = xxxx
tb_a7ng_ddr_cue_soa.gen_mem[0].u_comp_ddr3.data_task: at time 136425466.0 ps INFO: READ @ DQS= bank = 0 row = 2000 col = 000000f5 data = xxxx
tb_a7ng_ddr_cue_soa.gen_mem[0].u_comp_ddr3.data_task: at time 136426966.0 ps INFO: READ @ DQS= bank = 0 row = 2000 col = 000000f6 data = xxxx
tb_a7ng_ddr_cue_soa.gen_mem[0].u_comp_ddr3.data_task: at time 136428466.0 ps INFO: READ @ DQS= bank = 0 row = 2000 col = 000000f7 data = xxxx
tb_a7ng_ddr_cue_soa.gen_mem[0].u_comp_ddr3.cmd_task: at time 136455466.0 ps INFO: Precharge bank   0
tb_a7ng_ddr_cue_soa.gen_mem[0].u_comp_ddr3.cmd_task: at time 136617466.0 ps INFO: Activate  bank 0 row 2000
tb_a7ng_ddr_cue_soa.gen_mem[0].u_comp_ddr3.cmd_task: at time 136632466.0 ps INFO: Read      bank 0 col 0f0, auto precharge 0
tb_a7ng_ddr_cue_soa.gen_mem[0].u_comp_ddr3.cmd_task: at time 136644466.0 ps INFO: Read      bank 0 col 0f0, auto precharge 0
tb_a7ng_ddr_cue_soa.gen_mem[0].u_comp_ddr3.data_task: at time 136645966.0 ps INFO: READ @ DQS= bank = 0 row = 2000 col = 000000f0 data = xxxx
tb_a7ng_ddr_cue_soa.gen_mem[0].u_comp_ddr3.data_task: at time 136647466.0 ps INFO: READ @ DQS= bank = 0 row = 2000 col = 000000f1 data = xxxx
tb_a7ng_ddr_cue_soa.gen_mem[0].u_comp_ddr3.data_task: at time 136648966.0 ps INFO: READ @ DQS= bank = 0 row = 2000 col = 000000f2 data = xxxx
tb_a7ng_ddr_cue_soa.gen_mem[0].u_comp_ddr3.data_task: at time 136650466.0 ps INFO: READ @ DQS= bank = 0 row = 2000 col = 000000f3 data = xxxx
tb_a7ng_ddr_cue_soa.gen_mem[0].u_comp_ddr3.data_task: at time 136651966.0 ps INFO: READ @ DQS= bank = 0 row = 2000 col = 000000f4 data = xxxx
tb_a7ng_ddr_cue_soa.gen_mem[0].u_comp_ddr3.data_task: at time 136653466.0 ps INFO: READ @ DQS= bank = 0 row = 2000 col = 000000f5 data = xxxx
tb_a7ng_ddr_cue_soa.gen_mem[0].u_comp_ddr3.data_task: at time 136654966.0 ps INFO: READ @ DQS= bank = 0 row = 2000 col = 000000f6 data = xxxx
tb_a7ng_ddr_cue_soa.gen_mem[0].u_comp_ddr3.data_task: at time 136656466.0 ps INFO: READ @ DQS= bank = 0 row = 2000 col = 000000f7 data = xxxx
tb_a7ng_ddr_cue_soa.gen_mem[0].u_comp_ddr3.data_task: at time 136657966.0 ps INFO: READ @ DQS= bank = 0 row = 2000 col = 000000f0 data = xxxx
tb_a7ng_ddr_cue_soa.gen_mem[0].u_comp_ddr3.data_task: at time 136659466.0 ps INFO: READ @ DQS= bank = 0 row = 2000 col = 000000f1 data = xxxx
tb_a7ng_ddr_cue_soa.gen_mem[0].u_comp_ddr3.data_task: at time 136660966.0 ps INFO: READ @ DQS= bank = 0 row = 2000 col = 000000f2 data = xxxx
tb_a7ng_ddr_cue_soa.gen_mem[0].u_comp_ddr3.data_task: at time 136662466.0 ps INFO: READ @ DQS= bank = 0 row = 2000 col = 000000f3 data = xxxx
tb_a7ng_ddr_cue_soa.gen_mem[0].u_comp_ddr3.data_task: at time 136663966.0 ps INFO: READ @ DQS= bank = 0 row = 2000 col = 000000f4 data = xxxx
tb_a7ng_ddr_cue_soa.gen_mem[0].u_comp_ddr3.data_task: at time 136665466.0 ps INFO: READ @ DQS= bank = 0 row = 2000 col = 000000f5 data = xxxx
tb_a7ng_ddr_cue_soa.gen_mem[0].u_comp_ddr3.data_task: at time 136666966.0 ps INFO: READ @ DQS= bank = 0 row = 2000 col = 000000f6 data = xxxx
tb_a7ng_ddr_cue_soa.gen_mem[0].u_comp_ddr3.data_task: at time 136668466.0 ps INFO: READ @ DQS= bank = 0 row = 2000 col = 000000f7 data = xxxx
tb_a7ng_ddr_cue_soa.gen_mem[0].u_comp_ddr3.cmd_task: at time 136695466.0 ps INFO: Precharge bank   0
tb_a7ng_ddr_cue_soa.gen_mem[0].u_comp_ddr3.cmd_task: at time 136725466.0 ps INFO: Activate  bank 0 row 2000
tb_a7ng_ddr_cue_soa.gen_mem[0].u_comp_ddr3.cmd_task: at time 136740466.0 ps INFO: Read      bank 0 col 0f8, auto precharge 0
tb_a7ng_ddr_cue_soa.gen_mem[0].u_comp_ddr3.data_task: at time 136753966.0 ps INFO: READ @ DQS= bank = 0 row = 2000 col = 000000f8 data = xxxx
tb_a7ng_ddr_cue_soa.gen_mem[0].u_comp_ddr3.data_task: at time 136755466.0 ps INFO: READ @ DQS= bank = 0 row = 2000 col = 000000f9 data = xxxx
tb_a7ng_ddr_cue_soa.gen_mem[0].u_comp_ddr3.data_task: at time 136756966.0 ps INFO: READ @ DQS= bank = 0 row = 2000 col = 000000fa data = xxxx
tb_a7ng_ddr_cue_soa.gen_mem[0].u_comp_ddr3.data_task: at time 136758466.0 ps INFO: READ @ DQS= bank = 0 row = 2000 col = 000000fb data = xxxx
tb_a7ng_ddr_cue_soa.gen_mem[0].u_comp_ddr3.data_task: at time 136759966.0 ps INFO: READ @ DQS= bank = 0 row = 2000 col = 000000fc data = xxxx
tb_a7ng_ddr_cue_soa.gen_mem[0].u_comp_ddr3.data_task: at time 136761466.0 ps INFO: READ @ DQS= bank = 0 row = 2000 col = 000000fd data = xxxx
tb_a7ng_ddr_cue_soa.gen_mem[0].u_comp_ddr3.data_task: at time 136762966.0 ps INFO: READ @ DQS= bank = 0 row = 2000 col = 000000fe data = xxxx
tb_a7ng_ddr_cue_soa.gen_mem[0].u_comp_ddr3.data_task: at time 136764466.0 ps INFO: READ @ DQS= bank = 0 row = 2000 col = 000000ff data = xxxx
tb_a7ng_ddr_cue_soa.gen_mem[0].u_comp_ddr3.cmd_task: at time 136791466.0 ps INFO: Precharge bank   0
tb_a7ng_ddr_cue_soa.gen_mem[0].u_comp_ddr3.cmd_task: at time 137085466.0 ps INFO: Activate  bank 0 row 2000
tb_a7ng_ddr_cue_soa.gen_mem[0].u_comp_ddr3.cmd_task: at time 137100466.0 ps INFO: Read      bank 0 col 100, auto precharge 0
tb_a7ng_ddr_cue_soa.gen_mem[0].u_comp_ddr3.data_task: at time 137113966.0 ps INFO: READ @ DQS= bank = 0 row = 2000 col = 00000100 data = xxxx
tb_a7ng_ddr_cue_soa.gen_mem[0].u_comp_ddr3.data_task: at time 137115466.0 ps INFO: READ @ DQS= bank = 0 row = 2000 col = 00000101 data = xxxx
tb_a7ng_ddr_cue_soa.gen_mem[0].u_comp_ddr3.data_task: at time 137116966.0 ps INFO: READ @ DQS= bank = 0 row = 2000 col = 00000102 data = xxxx
tb_a7ng_ddr_cue_soa.gen_mem[0].u_comp_ddr3.data_task: at time 137118466.0 ps INFO: READ @ DQS= bank = 0 row = 2000 col = 00000103 data = xxxx
tb_a7ng_ddr_cue_soa.gen_mem[0].u_comp_ddr3.data_task: at time 137119966.0 ps INFO: READ @ DQS= bank = 0 row = 2000 col = 00000104 data = xxxx
tb_a7ng_ddr_cue_soa.gen_mem[0].u_comp_ddr3.data_task: at time 137121466.0 ps INFO: READ @ DQS= bank = 0 row = 2000 col = 00000105 data = xxxx
tb_a7ng_ddr_cue_soa.gen_mem[0].u_comp_ddr3.data_task: at time 137122966.0 ps INFO: READ @ DQS= bank = 0 row = 2000 col = 00000106 data = xxxx
tb_a7ng_ddr_cue_soa.gen_mem[0].u_comp_ddr3.data_task: at time 137124466.0 ps INFO: READ @ DQS= bank = 0 row = 2000 col = 00000107 data = xxxx
tb_a7ng_ddr_cue_soa.gen_mem[0].u_comp_ddr3.cmd_task: at time 137151466.0 ps INFO: Precharge bank   0
tb_a7ng_ddr_cue_soa.gen_mem[0].u_comp_ddr3.cmd_task: at time 137193466.0 ps INFO: Refresh  
tb_a7ng_ddr_cue_soa.gen_mem[0].u_comp_ddr3.cmd_task: at time 137397466.0 ps INFO: Activate  bank 0 row 2000
tb_a7ng_ddr_cue_soa.gen_mem[0].u_comp_ddr3.cmd_task: at time 137412466.0 ps INFO: Read      bank 0 col 108, auto precharge 0
tb_a7ng_ddr_cue_soa.gen_mem[0].u_comp_ddr3.data_task: at time 137425966.0 ps INFO: READ @ DQS= bank = 0 row = 2000 col = 00000108 data = xxxx
tb_a7ng_ddr_cue_soa.gen_mem[0].u_comp_ddr3.data_task: at time 137427466.0 ps INFO: READ @ DQS= bank = 0 row = 2000 col = 00000109 data = xxxx
tb_a7ng_ddr_cue_soa.gen_mem[0].u_comp_ddr3.data_task: at time 137428966.0 ps INFO: READ @ DQS= bank = 0 row = 2000 col = 0000010a data = xxxx
tb_a7ng_ddr_cue_soa.gen_mem[0].u_comp_ddr3.data_task: at time 137430466.0 ps INFO: READ @ DQS= bank = 0 row = 2000 col = 0000010b data = xxxx
tb_a7ng_ddr_cue_soa.gen_mem[0].u_comp_ddr3.data_task: at time 137431966.0 ps INFO: READ @ DQS= bank = 0 row = 2000 col = 0000010c data = xxxx
tb_a7ng_ddr_cue_soa.gen_mem[0].u_comp_ddr3.data_task: at time 137433466.0 ps INFO: READ @ DQS= bank = 0 row = 2000 col = 0000010d data = xxxx
tb_a7ng_ddr_cue_soa.gen_mem[0].u_comp_ddr3.data_task: at time 137434966.0 ps INFO: READ @ DQS= bank = 0 row = 2000 col = 0000010e data = xxxx
tb_a7ng_ddr_cue_soa.gen_mem[0].u_comp_ddr3.data_task: at time 137436466.0 ps INFO: READ @ DQS= bank = 0 row = 2000 col = 0000010f data = xxxx
tb_a7ng_ddr_cue_soa.gen_mem[0].u_comp_ddr3.cmd_task: at time 137463466.0 ps INFO: Precharge bank   0
tb_a7ng_ddr_cue_soa.gen_mem[0].u_comp_ddr3.cmd_task: at time 137577466.0 ps INFO: Activate  bank 0 row 2000
tb_a7ng_ddr_cue_soa.gen_mem[0].u_comp_ddr3.cmd_task: at time 137592466.0 ps INFO: Read      bank 0 col 108, auto precharge 0
tb_a7ng_ddr_cue_soa.gen_mem[0].u_comp_ddr3.cmd_task: at time 137604466.0 ps INFO: Read      bank 0 col 108, auto precharge 0
tb_a7ng_ddr_cue_soa.gen_mem[0].u_comp_ddr3.data_task: at time 137605966.0 ps INFO: READ @ DQS= bank = 0 row = 2000 col = 00000108 data = xxxx
tb_a7ng_ddr_cue_soa.gen_mem[0].u_comp_ddr3.data_task: at time 137607466.0 ps INFO: READ @ DQS= bank = 0 row = 2000 col = 00000109 data = xxxx
tb_a7ng_ddr_cue_soa.gen_mem[0].u_comp_ddr3.data_task: at time 137608966.0 ps INFO: READ @ DQS= bank = 0 row = 2000 col = 0000010a data = xxxx
tb_a7ng_ddr_cue_soa.gen_mem[0].u_comp_ddr3.data_task: at time 137610466.0 ps INFO: READ @ DQS= bank = 0 row = 2000 col = 0000010b data = xxxx
tb_a7ng_ddr_cue_soa.gen_mem[0].u_comp_ddr3.data_task: at time 137611966.0 ps INFO: READ @ DQS= bank = 0 row = 2000 col = 0000010c data = xxxx
tb_a7ng_ddr_cue_soa.gen_mem[0].u_comp_ddr3.data_task: at time 137613466.0 ps INFO: READ @ DQS= bank = 0 row = 2000 col = 0000010d data = xxxx
tb_a7ng_ddr_cue_soa.gen_mem[0].u_comp_ddr3.data_task: at time 137614966.0 ps INFO: READ @ DQS= bank = 0 row = 2000 col = 0000010e data = xxxx
tb_a7ng_ddr_cue_soa.gen_mem[0].u_comp_ddr3.data_task: at time 137616466.0 ps INFO: READ @ DQS= bank = 0 row = 2000 col = 0000010f data = xxxx
tb_a7ng_ddr_cue_soa.gen_mem[0].u_comp_ddr3.data_task: at time 137617966.0 ps INFO: READ @ DQS= bank = 0 row = 2000 col = 00000108 data = xxxx
tb_a7ng_ddr_cue_soa.gen_mem[0].u_comp_ddr3.data_task: at time 137619466.0 ps INFO: READ @ DQS= bank = 0 row = 2000 col = 00000109 data = xxxx
tb_a7ng_ddr_cue_soa.gen_mem[0].u_comp_ddr3.data_task: at time 137620966.0 ps INFO: READ @ DQS= bank = 0 row = 2000 col = 0000010a data = xxxx
tb_a7ng_ddr_cue_soa.gen_mem[0].u_comp_ddr3.data_task: at time 137622466.0 ps INFO: READ @ DQS= bank = 0 row = 2000 col = 0000010b data = xxxx
tb_a7ng_ddr_cue_soa.gen_mem[0].u_comp_ddr3.data_task: at time 137623966.0 ps INFO: READ @ DQS= bank = 0 row = 2000 col = 0000010c data = xxxx
tb_a7ng_ddr_cue_soa.gen_mem[0].u_comp_ddr3.data_task: at time 137625466.0 ps INFO: READ @ DQS= bank = 0 row = 2000 col = 0000010d data = xxxx
tb_a7ng_ddr_cue_soa.gen_mem[0].u_comp_ddr3.data_task: at time 137626966.0 ps INFO: READ @ DQS= bank = 0 row = 2000 col = 0000010e data = xxxx
tb_a7ng_ddr_cue_soa.gen_mem[0].u_comp_ddr3.data_task: at time 137628466.0 ps INFO: READ @ DQS= bank = 0 row = 2000 col = 0000010f data = xxxx
tb_a7ng_ddr_cue_soa.gen_mem[0].u_comp_ddr3.cmd_task: at time 137655466.0 ps INFO: Precharge bank   0
tb_a7ng_ddr_cue_soa.gen_mem[0].u_comp_ddr3.cmd_task: at time 137709466.0 ps INFO: Activate  bank 0 row 2000
tb_a7ng_ddr_cue_soa.gen_mem[0].u_comp_ddr3.cmd_task: at time 137724466.0 ps INFO: Read      bank 0 col 110, auto precharge 0
tb_a7ng_ddr_cue_soa.gen_mem[0].u_comp_ddr3.data_task: at time 137737966.0 ps INFO: READ @ DQS= bank = 0 row = 2000 col = 00000110 data = xxxx
tb_a7ng_ddr_cue_soa.gen_mem[0].u_comp_ddr3.data_task: at time 137739466.0 ps INFO: READ @ DQS= bank = 0 row = 2000 col = 00000111 data = xxxx
tb_a7ng_ddr_cue_soa.gen_mem[0].u_comp_ddr3.data_task: at time 137740966.0 ps INFO: READ @ DQS= bank = 0 row = 2000 col = 00000112 data = xxxx
tb_a7ng_ddr_cue_soa.gen_mem[0].u_comp_ddr3.data_task: at time 137742466.0 ps INFO: READ @ DQS= bank = 0 row = 2000 col = 00000113 data = xxxx
tb_a7ng_ddr_cue_soa.gen_mem[0].u_comp_ddr3.data_task: at time 137743966.0 ps INFO: READ @ DQS= bank = 0 row = 2000 col = 00000114 data = xxxx
tb_a7ng_ddr_cue_soa.gen_mem[0].u_comp_ddr3.data_task: at time 137745466.0 ps INFO: READ @ DQS= bank = 0 row = 2000 col = 00000115 data = xxxx
tb_a7ng_ddr_cue_soa.gen_mem[0].u_comp_ddr3.data_task: at time 137746966.0 ps INFO: READ @ DQS= bank = 0 row = 2000 col = 00000116 data = xxxx
tb_a7ng_ddr_cue_soa.gen_mem[0].u_comp_ddr3.data_task: at time 137748466.0 ps INFO: READ @ DQS= bank = 0 row = 2000 col = 00000117 data = xxxx
tb_a7ng_ddr_cue_soa.gen_mem[0].u_comp_ddr3.cmd_task: at time 137775466.0 ps INFO: Precharge bank   0
tb_a7ng_ddr_cue_soa.gen_mem[0].u_comp_ddr3.cmd_task: at time 138021466.0 ps INFO: Activate  bank 0 row 2000
tb_a7ng_ddr_cue_soa.gen_mem[0].u_comp_ddr3.cmd_task: at time 138036466.0 ps INFO: Read      bank 0 col 118, auto precharge 0
tb_a7ng_ddr_cue_soa.gen_mem[0].u_comp_ddr3.data_task: at time 138049966.0 ps INFO: READ @ DQS= bank = 0 row = 2000 col = 00000118 data = xxxx
tb_a7ng_ddr_cue_soa.gen_mem[0].u_comp_ddr3.data_task: at time 138051466.0 ps INFO: READ @ DQS= bank = 0 row = 2000 col = 00000119 data = xxxx
tb_a7ng_ddr_cue_soa.gen_mem[0].u_comp_ddr3.data_task: at time 138052966.0 ps INFO: READ @ DQS= bank = 0 row = 2000 col = 0000011a data = xxxx
tb_a7ng_ddr_cue_soa.gen_mem[0].u_comp_ddr3.data_task: at time 138054466.0 ps INFO: READ @ DQS= bank = 0 row = 2000 col = 0000011b data = xxxx
tb_a7ng_ddr_cue_soa.gen_mem[0].u_comp_ddr3.data_task: at time 138055966.0 ps INFO: READ @ DQS= bank = 0 row = 2000 col = 0000011c data = xxxx
tb_a7ng_ddr_cue_soa.gen_mem[0].u_comp_ddr3.data_task: at time 138057466.0 ps INFO: READ @ DQS= bank = 0 row = 2000 col = 0000011d data = xxxx
tb_a7ng_ddr_cue_soa.gen_mem[0].u_comp_ddr3.data_task: at time 138058966.0 ps INFO: READ @ DQS= bank = 0 row = 2000 col = 0000011e data = xxxx
tb_a7ng_ddr_cue_soa.gen_mem[0].u_comp_ddr3.data_task: at time 138060466.0 ps INFO: READ @ DQS= bank = 0 row = 2000 col = 0000011f data = xxxx
tb_a7ng_ddr_cue_soa.gen_mem[0].u_comp_ddr3.cmd_task: at time 138087466.0 ps INFO: Precharge bank   0
tb_a7ng_ddr_cue_soa.gen_mem[0].u_comp_ddr3.cmd_task: at time 138333466.0 ps INFO: Activate  bank 0 row 2000
tb_a7ng_ddr_cue_soa.gen_mem[0].u_comp_ddr3.cmd_task: at time 138348466.0 ps INFO: Read      bank 0 col 120, auto precharge 0
tb_a7ng_ddr_cue_soa.gen_mem[0].u_comp_ddr3.data_task: at time 138361966.0 ps INFO: READ @ DQS= bank = 0 row = 2000 col = 00000120 data = xxxx
tb_a7ng_ddr_cue_soa.gen_mem[0].u_comp_ddr3.data_task: at time 138363466.0 ps INFO: READ @ DQS= bank = 0 row = 2000 col = 00000121 data = xxxx
tb_a7ng_ddr_cue_soa.gen_mem[0].u_comp_ddr3.data_task: at time 138364966.0 ps INFO: READ @ DQS= bank = 0 row = 2000 col = 00000122 data = xxxx
tb_a7ng_ddr_cue_soa.gen_mem[0].u_comp_ddr3.data_task: at time 138366466.0 ps INFO: READ @ DQS= bank = 0 row = 2000 col = 00000123 data = xxxx
tb_a7ng_ddr_cue_soa.gen_mem[0].u_comp_ddr3.data_task: at time 138367966.0 ps INFO: READ @ DQS= bank = 0 row = 2000 col = 00000124 data = xxxx
tb_a7ng_ddr_cue_soa.gen_mem[0].u_comp_ddr3.data_task: at time 138369466.0 ps INFO: READ @ DQS= bank = 0 row = 2000 col = 00000125 data = xxxx
tb_a7ng_ddr_cue_soa.gen_mem[0].u_comp_ddr3.data_task: at time 138370966.0 ps INFO: READ @ DQS= bank = 0 row = 2000 col = 00000126 data = xxxx
tb_a7ng_ddr_cue_soa.gen_mem[0].u_comp_ddr3.data_task: at time 138372466.0 ps INFO: READ @ DQS= bank = 0 row = 2000 col = 00000127 data = xxxx
tb_a7ng_ddr_cue_soa.gen_mem[0].u_comp_ddr3.cmd_task: at time 138399466.0 ps INFO: Precharge bank   0
tb_a7ng_ddr_cue_soa.gen_mem[0].u_comp_ddr3.cmd_task: at time 138537466.0 ps INFO: Activate  bank 0 row 2000
tb_a7ng_ddr_cue_soa.gen_mem[0].u_comp_ddr3.cmd_task: at time 138552466.0 ps INFO: Read      bank 0 col 120, auto precharge 0
tb_a7ng_ddr_cue_soa.gen_mem[0].u_comp_ddr3.cmd_task: at time 138564466.0 ps INFO: Read      bank 0 col 120, auto precharge 0
tb_a7ng_ddr_cue_soa.gen_mem[0].u_comp_ddr3.data_task: at time 138565966.0 ps INFO: READ @ DQS= bank = 0 row = 2000 col = 00000120 data = xxxx
tb_a7ng_ddr_cue_soa.gen_mem[0].u_comp_ddr3.data_task: at time 138567466.0 ps INFO: READ @ DQS= bank = 0 row = 2000 col = 00000121 data = xxxx
tb_a7ng_ddr_cue_soa.gen_mem[0].u_comp_ddr3.data_task: at time 138568966.0 ps INFO: READ @ DQS= bank = 0 row = 2000 col = 00000122 data = xxxx
tb_a7ng_ddr_cue_soa.gen_mem[0].u_comp_ddr3.data_task: at time 138570466.0 ps INFO: READ @ DQS= bank = 0 row = 2000 col = 00000123 data = xxxx
tb_a7ng_ddr_cue_soa.gen_mem[0].u_comp_ddr3.data_task: at time 138571966.0 ps INFO: READ @ DQS= bank = 0 row = 2000 col = 00000124 data = xxxx
tb_a7ng_ddr_cue_soa.gen_mem[0].u_comp_ddr3.data_task: at time 138573466.0 ps INFO: READ @ DQS= bank = 0 row = 2000 col = 00000125 data = xxxx
tb_a7ng_ddr_cue_soa.gen_mem[0].u_comp_ddr3.data_task: at time 138574966.0 ps INFO: READ @ DQS= bank = 0 row = 2000 col = 00000126 data = xxxx
tb_a7ng_ddr_cue_soa.gen_mem[0].u_comp_ddr3.data_task: at time 138576466.0 ps INFO: READ @ DQS= bank = 0 row = 2000 col = 00000127 data = xxxx
tb_a7ng_ddr_cue_soa.gen_mem[0].u_comp_ddr3.data_task: at time 138577966.0 ps INFO: READ @ DQS= bank = 0 row = 2000 col = 00000120 data = xxxx
tb_a7ng_ddr_cue_soa.gen_mem[0].u_comp_ddr3.data_task: at time 138579466.0 ps INFO: READ @ DQS= bank = 0 row = 2000 col = 00000121 data = xxxx
tb_a7ng_ddr_cue_soa.gen_mem[0].u_comp_ddr3.data_task: at time 138580966.0 ps INFO: READ @ DQS= bank = 0 row = 2000 col = 00000122 data = xxxx
tb_a7ng_ddr_cue_soa.gen_mem[0].u_comp_ddr3.data_task: at time 138582466.0 ps INFO: READ @ DQS= bank = 0 row = 2000 col = 00000123 data = xxxx
tb_a7ng_ddr_cue_soa.gen_mem[0].u_comp_ddr3.data_task: at time 138583966.0 ps INFO: READ @ DQS= bank = 0 row = 2000 col = 00000124 data = xxxx
tb_a7ng_ddr_cue_soa.gen_mem[0].u_comp_ddr3.data_task: at time 138585466.0 ps INFO: READ @ DQS= bank = 0 row = 2000 col = 00000125 data = xxxx
tb_a7ng_ddr_cue_soa.gen_mem[0].u_comp_ddr3.data_task: at time 138586966.0 ps INFO: READ @ DQS= bank = 0 row = 2000 col = 00000126 data = xxxx
tb_a7ng_ddr_cue_soa.gen_mem[0].u_comp_ddr3.data_task: at time 138588466.0 ps INFO: READ @ DQS= bank = 0 row = 2000 col = 00000127 data = xxxx
tb_a7ng_ddr_cue_soa.gen_mem[0].u_comp_ddr3.cmd_task: at time 138615466.0 ps INFO: Precharge bank   0
tb_a7ng_ddr_cue_soa.gen_mem[0].u_comp_ddr3.cmd_task: at time 138645466.0 ps INFO: Activate  bank 0 row 2000
tb_a7ng_ddr_cue_soa.gen_mem[0].u_comp_ddr3.cmd_task: at time 138660466.0 ps INFO: Read      bank 0 col 128, auto precharge 0
tb_a7ng_ddr_cue_soa.gen_mem[0].u_comp_ddr3.data_task: at time 138673966.0 ps INFO: READ @ DQS= bank = 0 row = 2000 col = 00000128 data = xxxx
tb_a7ng_ddr_cue_soa.gen_mem[0].u_comp_ddr3.data_task: at time 138675466.0 ps INFO: READ @ DQS= bank = 0 row = 2000 col = 00000129 data = xxxx
tb_a7ng_ddr_cue_soa.gen_mem[0].u_comp_ddr3.data_task: at time 138676966.0 ps INFO: READ @ DQS= bank = 0 row = 2000 col = 0000012a data = xxxx
tb_a7ng_ddr_cue_soa.gen_mem[0].u_comp_ddr3.data_task: at time 138678466.0 ps INFO: READ @ DQS= bank = 0 row = 2000 col = 0000012b data = xxxx
tb_a7ng_ddr_cue_soa.gen_mem[0].u_comp_ddr3.data_task: at time 138679966.0 ps INFO: READ @ DQS= bank = 0 row = 2000 col = 0000012c data = xxxx
tb_a7ng_ddr_cue_soa.gen_mem[0].u_comp_ddr3.data_task: at time 138681466.0 ps INFO: READ @ DQS= bank = 0 row = 2000 col = 0000012d data = xxxx
tb_a7ng_ddr_cue_soa.gen_mem[0].u_comp_ddr3.data_task: at time 138682966.0 ps INFO: READ @ DQS= bank = 0 row = 2000 col = 0000012e data = xxxx
tb_a7ng_ddr_cue_soa.gen_mem[0].u_comp_ddr3.data_task: at time 138684466.0 ps INFO: READ @ DQS= bank = 0 row = 2000 col = 0000012f data = xxxx
tb_a7ng_ddr_cue_soa.gen_mem[0].u_comp_ddr3.cmd_task: at time 138711466.0 ps INFO: Precharge bank   0
tb_a7ng_ddr_cue_soa.gen_mem[0].u_comp_ddr3.cmd_task: at time 138957466.0 ps INFO: Activate  bank 0 row 2000
tb_a7ng_ddr_cue_soa.gen_mem[0].u_comp_ddr3.cmd_task: at time 138972466.0 ps INFO: Read      bank 0 col 130, auto precharge 0
tb_a7ng_ddr_cue_soa.gen_mem[0].u_comp_ddr3.data_task: at time 138985966.0 ps INFO: READ @ DQS= bank = 0 row = 2000 col = 00000130 data = xxxx
tb_a7ng_ddr_cue_soa.gen_mem[0].u_comp_ddr3.data_task: at time 138987466.0 ps INFO: READ @ DQS= bank = 0 row = 2000 col = 00000131 data = xxxx
tb_a7ng_ddr_cue_soa.gen_mem[0].u_comp_ddr3.data_task: at time 138988966.0 ps INFO: READ @ DQS= bank = 0 row = 2000 col = 00000132 data = xxxx
tb_a7ng_ddr_cue_soa.gen_mem[0].u_comp_ddr3.data_task: at time 138990466.0 ps INFO: READ @ DQS= bank = 0 row = 2000 col = 00000133 data = xxxx
tb_a7ng_ddr_cue_soa.gen_mem[0].u_comp_ddr3.data_task: at time 138991966.0 ps INFO: READ @ DQS= bank = 0 row = 2000 col = 00000134 data = xxxx
tb_a7ng_ddr_cue_soa.gen_mem[0].u_comp_ddr3.data_task: at time 138993466.0 ps INFO: READ @ DQS= bank = 0 row = 2000 col = 00000135 data = xxxx
tb_a7ng_ddr_cue_soa.gen_mem[0].u_comp_ddr3.data_task: at time 138994966.0 ps INFO: READ @ DQS= bank = 0 row = 2000 col = 00000136 data = xxxx
tb_a7ng_ddr_cue_soa.gen_mem[0].u_comp_ddr3.data_task: at time 138996466.0 ps INFO: READ @ DQS= bank = 0 row = 2000 col = 00000137 data = xxxx
tb_a7ng_ddr_cue_soa.gen_mem[0].u_comp_ddr3.cmd_task: at time 139023466.0 ps INFO: Precharge bank   0
tb_a7ng_ddr_cue_soa.gen_mem[0].u_comp_ddr3.cmd_task: at time 139269466.0 ps INFO: Activate  bank 0 row 2000
tb_a7ng_ddr_cue_soa.gen_mem[0].u_comp_ddr3.cmd_task: at time 139284466.0 ps INFO: Read      bank 0 col 138, auto precharge 0
tb_a7ng_ddr_cue_soa.gen_mem[0].u_comp_ddr3.data_task: at time 139297966.0 ps INFO: READ @ DQS= bank = 0 row = 2000 col = 00000138 data = xxxx
tb_a7ng_ddr_cue_soa.gen_mem[0].u_comp_ddr3.data_task: at time 139299466.0 ps INFO: READ @ DQS= bank = 0 row = 2000 col = 00000139 data = xxxx
tb_a7ng_ddr_cue_soa.gen_mem[0].u_comp_ddr3.data_task: at time 139300966.0 ps INFO: READ @ DQS= bank = 0 row = 2000 col = 0000013a data = xxxx
tb_a7ng_ddr_cue_soa.gen_mem[0].u_comp_ddr3.data_task: at time 139302466.0 ps INFO: READ @ DQS= bank = 0 row = 2000 col = 0000013b data = xxxx
tb_a7ng_ddr_cue_soa.gen_mem[0].u_comp_ddr3.data_task: at time 139303966.0 ps INFO: READ @ DQS= bank = 0 row = 2000 col = 0000013c data = xxxx
tb_a7ng_ddr_cue_soa.gen_mem[0].u_comp_ddr3.data_task: at time 139305466.0 ps INFO: READ @ DQS= bank = 0 row = 2000 col = 0000013d data = xxxx
tb_a7ng_ddr_cue_soa.gen_mem[0].u_comp_ddr3.data_task: at time 139306966.0 ps INFO: READ @ DQS= bank = 0 row = 2000 col = 0000013e data = xxxx
tb_a7ng_ddr_cue_soa.gen_mem[0].u_comp_ddr3.data_task: at time 139308466.0 ps INFO: READ @ DQS= bank = 0 row = 2000 col = 0000013f data = xxxx
tb_a7ng_ddr_cue_soa.gen_mem[0].u_comp_ddr3.cmd_task: at time 139335466.0 ps INFO: Precharge bank   0
tb_a7ng_ddr_cue_soa.gen_mem[0].u_comp_ddr3.cmd_task: at time 139497466.0 ps INFO: Activate  bank 0 row 2000
tb_a7ng_ddr_cue_soa.gen_mem[0].u_comp_ddr3.cmd_task: at time 139512466.0 ps INFO: Read      bank 0 col 138, auto precharge 0
tb_a7ng_ddr_cue_soa.gen_mem[0].u_comp_ddr3.cmd_task: at time 139524466.0 ps INFO: Read      bank 0 col 138, auto precharge 0
tb_a7ng_ddr_cue_soa.gen_mem[0].u_comp_ddr3.data_task: at time 139525966.0 ps INFO: READ @ DQS= bank = 0 row = 2000 col = 00000138 data = xxxx
tb_a7ng_ddr_cue_soa.gen_mem[0].u_comp_ddr3.data_task: at time 139527466.0 ps INFO: READ @ DQS= bank = 0 row = 2000 col = 00000139 data = xxxx
tb_a7ng_ddr_cue_soa.gen_mem[0].u_comp_ddr3.data_task: at time 139528966.0 ps INFO: READ @ DQS= bank = 0 row = 2000 col = 0000013a data = xxxx
tb_a7ng_ddr_cue_soa.gen_mem[0].u_comp_ddr3.data_task: at time 139530466.0 ps INFO: READ @ DQS= bank = 0 row = 2000 col = 0000013b data = xxxx
tb_a7ng_ddr_cue_soa.gen_mem[0].u_comp_ddr3.data_task: at time 139531966.0 ps INFO: READ @ DQS= bank = 0 row = 2000 col = 0000013c data = xxxx
tb_a7ng_ddr_cue_soa.gen_mem[0].u_comp_ddr3.data_task: at time 139533466.0 ps INFO: READ @ DQS= bank = 0 row = 2000 col = 0000013d data = xxxx
tb_a7ng_ddr_cue_soa.gen_mem[0].u_comp_ddr3.data_task: at time 139534966.0 ps INFO: READ @ DQS= bank = 0 row = 2000 col = 0000013e data = xxxx
tb_a7ng_ddr_cue_soa.gen_mem[0].u_comp_ddr3.data_task: at time 139536466.0 ps INFO: READ @ DQS= bank = 0 row = 2000 col = 0000013f data = xxxx
tb_a7ng_ddr_cue_soa.gen_mem[0].u_comp_ddr3.data_task: at time 139537966.0 ps INFO: READ @ DQS= bank = 0 row = 2000 col = 00000138 data = xxxx
tb_a7ng_ddr_cue_soa.gen_mem[0].u_comp_ddr3.data_task: at time 139539466.0 ps INFO: READ @ DQS= bank = 0 row = 2000 col = 00000139 data = xxxx
tb_a7ng_ddr_cue_soa.gen_mem[0].u_comp_ddr3.data_task: at time 139540966.0 ps INFO: READ @ DQS= bank = 0 row = 2000 col = 0000013a data = xxxx
tb_a7ng_ddr_cue_soa.gen_mem[0].u_comp_ddr3.data_task: at time 139542466.0 ps INFO: READ @ DQS= bank = 0 row = 2000 col = 0000013b data = xxxx
tb_a7ng_ddr_cue_soa.gen_mem[0].u_comp_ddr3.data_task: at time 139543966.0 ps INFO: READ @ DQS= bank = 0 row = 2000 col = 0000013c data = xxxx
tb_a7ng_ddr_cue_soa.gen_mem[0].u_comp_ddr3.data_task: at time 139545466.0 ps INFO: READ @ DQS= bank = 0 row = 2000 col = 0000013d data = xxxx
tb_a7ng_ddr_cue_soa.gen_mem[0].u_comp_ddr3.data_task: at time 139546966.0 ps INFO: READ @ DQS= bank = 0 row = 2000 col = 0000013e data = xxxx
tb_a7ng_ddr_cue_soa.gen_mem[0].u_comp_ddr3.data_task: at time 139548466.0 ps INFO: READ @ DQS= bank = 0 row = 2000 col = 0000013f data = xxxx
tb_a7ng_ddr_cue_soa.gen_mem[0].u_comp_ddr3.cmd_task: at time 139575466.0 ps INFO: Precharge bank   0
tb_a7ng_ddr_cue_soa.gen_mem[0].u_comp_ddr3.cmd_task: at time 139605466.0 ps INFO: Activate  bank 0 row 2000
tb_a7ng_ddr_cue_soa.gen_mem[0].u_comp_ddr3.cmd_task: at time 139620466.0 ps INFO: Read      bank 0 col 140, auto precharge 0
tb_a7ng_ddr_cue_soa.gen_mem[0].u_comp_ddr3.data_task: at time 139633966.0 ps INFO: READ @ DQS= bank = 0 row = 2000 col = 00000140 data = xxxx
tb_a7ng_ddr_cue_soa.gen_mem[0].u_comp_ddr3.data_task: at time 139635466.0 ps INFO: READ @ DQS= bank = 0 row = 2000 col = 00000141 data = xxxx
tb_a7ng_ddr_cue_soa.gen_mem[0].u_comp_ddr3.data_task: at time 139636966.0 ps INFO: READ @ DQS= bank = 0 row = 2000 col = 00000142 data = xxxx
tb_a7ng_ddr_cue_soa.gen_mem[0].u_comp_ddr3.data_task: at time 139638466.0 ps INFO: READ @ DQS= bank = 0 row = 2000 col = 00000143 data = xxxx
tb_a7ng_ddr_cue_soa.gen_mem[0].u_comp_ddr3.data_task: at time 139639966.0 ps INFO: READ @ DQS= bank = 0 row = 2000 col = 00000144 data = xxxx
tb_a7ng_ddr_cue_soa.gen_mem[0].u_comp_ddr3.data_task: at time 139641466.0 ps INFO: READ @ DQS= bank = 0 row = 2000 col = 00000145 data = xxxx
tb_a7ng_ddr_cue_soa.gen_mem[0].u_comp_ddr3.data_task: at time 139642966.0 ps INFO: READ @ DQS= bank = 0 row = 2000 col = 00000146 data = xxxx
tb_a7ng_ddr_cue_soa.gen_mem[0].u_comp_ddr3.data_task: at time 139644466.0 ps INFO: READ @ DQS= bank = 0 row = 2000 col = 00000147 data = xxxx
tb_a7ng_ddr_cue_soa.gen_mem[0].u_comp_ddr3.cmd_task: at time 139671466.0 ps INFO: Precharge bank   0
tb_a7ng_ddr_cue_soa.gen_mem[0].u_comp_ddr3.cmd_task: at time 139917466.0 ps INFO: Activate  bank 0 row 2000
tb_a7ng_ddr_cue_soa.gen_mem[0].u_comp_ddr3.cmd_task: at time 139932466.0 ps INFO: Read      bank 0 col 148, auto precharge 0
tb_a7ng_ddr_cue_soa.gen_mem[0].u_comp_ddr3.data_task: at time 139945966.0 ps INFO: READ @ DQS= bank = 0 row = 2000 col = 00000148 data = xxxx
tb_a7ng_ddr_cue_soa.gen_mem[0].u_comp_ddr3.data_task: at time 139947466.0 ps INFO: READ @ DQS= bank = 0 row = 2000 col = 00000149 data = xxxx
tb_a7ng_ddr_cue_soa.gen_mem[0].u_comp_ddr3.data_task: at time 139948966.0 ps INFO: READ @ DQS= bank = 0 row = 2000 col = 0000014a data = xxxx
tb_a7ng_ddr_cue_soa.gen_mem[0].u_comp_ddr3.data_task: at time 139950466.0 ps INFO: READ @ DQS= bank = 0 row = 2000 col = 0000014b data = xxxx
tb_a7ng_ddr_cue_soa.gen_mem[0].u_comp_ddr3.data_task: at time 139951966.0 ps INFO: READ @ DQS= bank = 0 row = 2000 col = 0000014c data = xxxx
tb_a7ng_ddr_cue_soa.gen_mem[0].u_comp_ddr3.data_task: at time 139953466.0 ps INFO: READ @ DQS= bank = 0 row = 2000 col = 0000014d data = xxxx
tb_a7ng_ddr_cue_soa.gen_mem[0].u_comp_ddr3.data_task: at time 139954966.0 ps INFO: READ @ DQS= bank = 0 row = 2000 col = 0000014e data = xxxx
tb_a7ng_ddr_cue_soa.gen_mem[0].u_comp_ddr3.data_task: at time 139956466.0 ps INFO: READ @ DQS= bank = 0 row = 2000 col = 0000014f data = xxxx
tb_a7ng_ddr_cue_soa.gen_mem[0].u_comp_ddr3.cmd_task: at time 139983466.0 ps INFO: Precharge bank   0
tb_a7ng_ddr_cue_soa.gen_mem[0].u_comp_ddr3.cmd_task: at time 140229466.0 ps INFO: Activate  bank 0 row 2000
tb_a7ng_ddr_cue_soa.gen_mem[0].u_comp_ddr3.cmd_task: at time 140244466.0 ps INFO: Read      bank 0 col 150, auto precharge 0
tb_a7ng_ddr_cue_soa.gen_mem[0].u_comp_ddr3.data_task: at time 140257966.0 ps INFO: READ @ DQS= bank = 0 row = 2000 col = 00000150 data = xxxx
tb_a7ng_ddr_cue_soa.gen_mem[0].u_comp_ddr3.data_task: at time 140259466.0 ps INFO: READ @ DQS= bank = 0 row = 2000 col = 00000151 data = xxxx
tb_a7ng_ddr_cue_soa.gen_mem[0].u_comp_ddr3.data_task: at time 140260966.0 ps INFO: READ @ DQS= bank = 0 row = 2000 col = 00000152 data = xxxx
tb_a7ng_ddr_cue_soa.gen_mem[0].u_comp_ddr3.data_task: at time 140262466.0 ps INFO: READ @ DQS= bank = 0 row = 2000 col = 00000153 data = xxxx
tb_a7ng_ddr_cue_soa.gen_mem[0].u_comp_ddr3.data_task: at time 140263966.0 ps INFO: READ @ DQS= bank = 0 row = 2000 col = 00000154 data = xxxx
tb_a7ng_ddr_cue_soa.gen_mem[0].u_comp_ddr3.data_task: at time 140265466.0 ps INFO: READ @ DQS= bank = 0 row = 2000 col = 00000155 data = xxxx
tb_a7ng_ddr_cue_soa.gen_mem[0].u_comp_ddr3.data_task: at time 140266966.0 ps INFO: READ @ DQS= bank = 0 row = 2000 col = 00000156 data = xxxx
tb_a7ng_ddr_cue_soa.gen_mem[0].u_comp_ddr3.data_task: at time 140268466.0 ps INFO: READ @ DQS= bank = 0 row = 2000 col = 00000157 data = xxxx
tb_a7ng_ddr_cue_soa.gen_mem[0].u_comp_ddr3.cmd_task: at time 140295466.0 ps INFO: Precharge bank   0
tb_a7ng_ddr_cue_soa.gen_mem[0].u_comp_ddr3.cmd_task: at time 140457466.0 ps INFO: Activate  bank 0 row 2000
tb_a7ng_ddr_cue_soa.gen_mem[0].u_comp_ddr3.cmd_task: at time 140472466.0 ps INFO: Read      bank 0 col 150, auto precharge 0
tb_a7ng_ddr_cue_soa.gen_mem[0].u_comp_ddr3.cmd_task: at time 140484466.0 ps INFO: Read      bank 0 col 150, auto precharge 0
tb_a7ng_ddr_cue_soa.gen_mem[0].u_comp_ddr3.data_task: at time 140485966.0 ps INFO: READ @ DQS= bank = 0 row = 2000 col = 00000150 data = xxxx
tb_a7ng_ddr_cue_soa.gen_mem[0].u_comp_ddr3.data_task: at time 140487466.0 ps INFO: READ @ DQS= bank = 0 row = 2000 col = 00000151 data = xxxx
tb_a7ng_ddr_cue_soa.gen_mem[0].u_comp_ddr3.data_task: at time 140488966.0 ps INFO: READ @ DQS= bank = 0 row = 2000 col = 00000152 data = xxxx
tb_a7ng_ddr_cue_soa.gen_mem[0].u_comp_ddr3.data_task: at time 140490466.0 ps INFO: READ @ DQS= bank = 0 row = 2000 col = 00000153 data = xxxx
tb_a7ng_ddr_cue_soa.gen_mem[0].u_comp_ddr3.data_task: at time 140491966.0 ps INFO: READ @ DQS= bank = 0 row = 2000 col = 00000154 data = xxxx
tb_a7ng_ddr_cue_soa.gen_mem[0].u_comp_ddr3.data_task: at time 140493466.0 ps INFO: READ @ DQS= bank = 0 row = 2000 col = 00000155 data = xxxx
tb_a7ng_ddr_cue_soa.gen_mem[0].u_comp_ddr3.data_task: at time 140494966.0 ps INFO: READ @ DQS= bank = 0 row = 2000 col = 00000156 data = xxxx
tb_a7ng_ddr_cue_soa.gen_mem[0].u_comp_ddr3.data_task: at time 140496466.0 ps INFO: READ @ DQS= bank = 0 row = 2000 col = 00000157 data = xxxx
tb_a7ng_ddr_cue_soa.gen_mem[0].u_comp_ddr3.data_task: at time 140497966.0 ps INFO: READ @ DQS= bank = 0 row = 2000 col = 00000150 data = xxxx
tb_a7ng_ddr_cue_soa.gen_mem[0].u_comp_ddr3.data_task: at time 140499466.0 ps INFO: READ @ DQS= bank = 0 row = 2000 col = 00000151 data = xxxx
tb_a7ng_ddr_cue_soa.gen_mem[0].u_comp_ddr3.data_task: at time 140500966.0 ps INFO: READ @ DQS= bank = 0 row = 2000 col = 00000152 data = xxxx
tb_a7ng_ddr_cue_soa.gen_mem[0].u_comp_ddr3.data_task: at time 140502466.0 ps INFO: READ @ DQS= bank = 0 row = 2000 col = 00000153 data = xxxx
tb_a7ng_ddr_cue_soa.gen_mem[0].u_comp_ddr3.data_task: at time 140503966.0 ps INFO: READ @ DQS= bank = 0 row = 2000 col = 00000154 data = xxxx
tb_a7ng_ddr_cue_soa.gen_mem[0].u_comp_ddr3.data_task: at time 140505466.0 ps INFO: READ @ DQS= bank = 0 row = 2000 col = 00000155 data = xxxx
tb_a7ng_ddr_cue_soa.gen_mem[0].u_comp_ddr3.data_task: at time 140506966.0 ps INFO: READ @ DQS= bank = 0 row = 2000 col = 00000156 data = xxxx
tb_a7ng_ddr_cue_soa.gen_mem[0].u_comp_ddr3.data_task: at time 140508466.0 ps INFO: READ @ DQS= bank = 0 row = 2000 col = 00000157 data = xxxx
tb_a7ng_ddr_cue_soa.gen_mem[0].u_comp_ddr3.cmd_task: at time 140535466.0 ps INFO: Precharge bank   0
tb_a7ng_ddr_cue_soa.gen_mem[0].u_comp_ddr3.cmd_task: at time 140565466.0 ps INFO: Activate  bank 0 row 2000
tb_a7ng_ddr_cue_soa.gen_mem[0].u_comp_ddr3.cmd_task: at time 140580466.0 ps INFO: Read      bank 0 col 158, auto precharge 0
tb_a7ng_ddr_cue_soa.gen_mem[0].u_comp_ddr3.data_task: at time 140593966.0 ps INFO: READ @ DQS= bank = 0 row = 2000 col = 00000158 data = xxxx
tb_a7ng_ddr_cue_soa.gen_mem[0].u_comp_ddr3.data_task: at time 140595466.0 ps INFO: READ @ DQS= bank = 0 row = 2000 col = 00000159 data = xxxx
tb_a7ng_ddr_cue_soa.gen_mem[0].u_comp_ddr3.data_task: at time 140596966.0 ps INFO: READ @ DQS= bank = 0 row = 2000 col = 0000015a data = xxxx
tb_a7ng_ddr_cue_soa.gen_mem[0].u_comp_ddr3.data_task: at time 140598466.0 ps INFO: READ @ DQS= bank = 0 row = 2000 col = 0000015b data = xxxx
tb_a7ng_ddr_cue_soa.gen_mem[0].u_comp_ddr3.data_task: at time 140599966.0 ps INFO: READ @ DQS= bank = 0 row = 2000 col = 0000015c data = xxxx
tb_a7ng_ddr_cue_soa.gen_mem[0].u_comp_ddr3.data_task: at time 140601466.0 ps INFO: READ @ DQS= bank = 0 row = 2000 col = 0000015d data = xxxx
tb_a7ng_ddr_cue_soa.gen_mem[0].u_comp_ddr3.data_task: at time 140602966.0 ps INFO: READ @ DQS= bank = 0 row = 2000 col = 0000015e data = xxxx
tb_a7ng_ddr_cue_soa.gen_mem[0].u_comp_ddr3.data_task: at time 140604466.0 ps INFO: READ @ DQS= bank = 0 row = 2000 col = 0000015f data = xxxx
tb_a7ng_ddr_cue_soa.gen_mem[0].u_comp_ddr3.cmd_task: at time 140631466.0 ps INFO: Precharge bank   0
tb_a7ng_ddr_cue_soa.gen_mem[0].u_comp_ddr3.cmd_task: at time 140877466.0 ps INFO: Activate  bank 0 row 2000
tb_a7ng_ddr_cue_soa.gen_mem[0].u_comp_ddr3.cmd_task: at time 140892466.0 ps INFO: Read      bank 0 col 160, auto precharge 0
tb_a7ng_ddr_cue_soa.gen_mem[0].u_comp_ddr3.data_task: at time 140905966.0 ps INFO: READ @ DQS= bank = 0 row = 2000 col = 00000160 data = xxxx
tb_a7ng_ddr_cue_soa.gen_mem[0].u_comp_ddr3.data_task: at time 140907466.0 ps INFO: READ @ DQS= bank = 0 row = 2000 col = 00000161 data = xxxx
tb_a7ng_ddr_cue_soa.gen_mem[0].u_comp_ddr3.data_task: at time 140908966.0 ps INFO: READ @ DQS= bank = 0 row = 2000 col = 00000162 data = xxxx
tb_a7ng_ddr_cue_soa.gen_mem[0].u_comp_ddr3.data_task: at time 140910466.0 ps INFO: READ @ DQS= bank = 0 row = 2000 col = 00000163 data = xxxx
tb_a7ng_ddr_cue_soa.gen_mem[0].u_comp_ddr3.data_task: at time 140911966.0 ps INFO: READ @ DQS= bank = 0 row = 2000 col = 00000164 data = xxxx
tb_a7ng_ddr_cue_soa.gen_mem[0].u_comp_ddr3.data_task: at time 140913466.0 ps INFO: READ @ DQS= bank = 0 row = 2000 col = 00000165 data = xxxx
tb_a7ng_ddr_cue_soa.gen_mem[0].u_comp_ddr3.data_task: at time 140914966.0 ps INFO: READ @ DQS= bank = 0 row = 2000 col = 00000166 data = xxxx
tb_a7ng_ddr_cue_soa.gen_mem[0].u_comp_ddr3.data_task: at time 140916466.0 ps INFO: READ @ DQS= bank = 0 row = 2000 col = 00000167 data = xxxx
tb_a7ng_ddr_cue_soa.gen_mem[0].u_comp_ddr3.cmd_task: at time 140943466.0 ps INFO: Precharge bank   0
tb_a7ng_ddr_cue_soa.gen_mem[0].u_comp_ddr3.cmd_task: at time 141189466.0 ps INFO: Activate  bank 0 row 2000
tb_a7ng_ddr_cue_soa.gen_mem[0].u_comp_ddr3.cmd_task: at time 141204466.0 ps INFO: Read      bank 0 col 168, auto precharge 0
tb_a7ng_ddr_cue_soa.gen_mem[0].u_comp_ddr3.data_task: at time 141217966.0 ps INFO: READ @ DQS= bank = 0 row = 2000 col = 00000168 data = xxxx
tb_a7ng_ddr_cue_soa.gen_mem[0].u_comp_ddr3.data_task: at time 141219466.0 ps INFO: READ @ DQS= bank = 0 row = 2000 col = 00000169 data = xxxx
tb_a7ng_ddr_cue_soa.gen_mem[0].u_comp_ddr3.data_task: at time 141220966.0 ps INFO: READ @ DQS= bank = 0 row = 2000 col = 0000016a data = xxxx
tb_a7ng_ddr_cue_soa.gen_mem[0].u_comp_ddr3.data_task: at time 141222466.0 ps INFO: READ @ DQS= bank = 0 row = 2000 col = 0000016b data = xxxx
tb_a7ng_ddr_cue_soa.gen_mem[0].u_comp_ddr3.data_task: at time 141223966.0 ps INFO: READ @ DQS= bank = 0 row = 2000 col = 0000016c data = xxxx
tb_a7ng_ddr_cue_soa.gen_mem[0].u_comp_ddr3.data_task: at time 141225466.0 ps INFO: READ @ DQS= bank = 0 row = 2000 col = 0000016d data = xxxx
tb_a7ng_ddr_cue_soa.gen_mem[0].u_comp_ddr3.data_task: at time 141226966.0 ps INFO: READ @ DQS= bank = 0 row = 2000 col = 0000016e data = xxxx
tb_a7ng_ddr_cue_soa.gen_mem[0].u_comp_ddr3.data_task: at time 141228466.0 ps INFO: READ @ DQS= bank = 0 row = 2000 col = 0000016f data = xxxx
tb_a7ng_ddr_cue_soa.gen_mem[0].u_comp_ddr3.cmd_task: at time 141255466.0 ps INFO: Precharge bank   0
tb_a7ng_ddr_cue_soa.gen_mem[0].u_comp_ddr3.cmd_task: at time 141417466.0 ps INFO: Activate  bank 0 row 2000
tb_a7ng_ddr_cue_soa.gen_mem[0].u_comp_ddr3.cmd_task: at time 141432466.0 ps INFO: Read      bank 0 col 168, auto precharge 0
tb_a7ng_ddr_cue_soa.gen_mem[0].u_comp_ddr3.cmd_task: at time 141444466.0 ps INFO: Read      bank 0 col 168, auto precharge 0
tb_a7ng_ddr_cue_soa.gen_mem[0].u_comp_ddr3.data_task: at time 141445966.0 ps INFO: READ @ DQS= bank = 0 row = 2000 col = 00000168 data = xxxx
tb_a7ng_ddr_cue_soa.gen_mem[0].u_comp_ddr3.data_task: at time 141447466.0 ps INFO: READ @ DQS= bank = 0 row = 2000 col = 00000169 data = xxxx
tb_a7ng_ddr_cue_soa.gen_mem[0].u_comp_ddr3.data_task: at time 141448966.0 ps INFO: READ @ DQS= bank = 0 row = 2000 col = 0000016a data = xxxx
tb_a7ng_ddr_cue_soa.gen_mem[0].u_comp_ddr3.data_task: at time 141450466.0 ps INFO: READ @ DQS= bank = 0 row = 2000 col = 0000016b data = xxxx
tb_a7ng_ddr_cue_soa.gen_mem[0].u_comp_ddr3.data_task: at time 141451966.0 ps INFO: READ @ DQS= bank = 0 row = 2000 col = 0000016c data = xxxx
tb_a7ng_ddr_cue_soa.gen_mem[0].u_comp_ddr3.data_task: at time 141453466.0 ps INFO: READ @ DQS= bank = 0 row = 2000 col = 0000016d data = xxxx
tb_a7ng_ddr_cue_soa.gen_mem[0].u_comp_ddr3.data_task: at time 141454966.0 ps INFO: READ @ DQS= bank = 0 row = 2000 col = 0000016e data = xxxx
tb_a7ng_ddr_cue_soa.gen_mem[0].u_comp_ddr3.data_task: at time 141456466.0 ps INFO: READ @ DQS= bank = 0 row = 2000 col = 0000016f data = xxxx
tb_a7ng_ddr_cue_soa.gen_mem[0].u_comp_ddr3.data_task: at time 141457966.0 ps INFO: READ @ DQS= bank = 0 row = 2000 col = 00000168 data = xxxx
tb_a7ng_ddr_cue_soa.gen_mem[0].u_comp_ddr3.data_task: at time 141459466.0 ps INFO: READ @ DQS= bank = 0 row = 2000 col = 00000169 data = xxxx
tb_a7ng_ddr_cue_soa.gen_mem[0].u_comp_ddr3.data_task: at time 141460966.0 ps INFO: READ @ DQS= bank = 0 row = 2000 col = 0000016a data = xxxx
tb_a7ng_ddr_cue_soa.gen_mem[0].u_comp_ddr3.data_task: at time 141462466.0 ps INFO: READ @ DQS= bank = 0 row = 2000 col = 0000016b data = xxxx
tb_a7ng_ddr_cue_soa.gen_mem[0].u_comp_ddr3.data_task: at time 141463966.0 ps INFO: READ @ DQS= bank = 0 row = 2000 col = 0000016c data = xxxx
tb_a7ng_ddr_cue_soa.gen_mem[0].u_comp_ddr3.data_task: at time 141465466.0 ps INFO: READ @ DQS= bank = 0 row = 2000 col = 0000016d data = xxxx
tb_a7ng_ddr_cue_soa.gen_mem[0].u_comp_ddr3.data_task: at time 141466966.0 ps INFO: READ @ DQS= bank = 0 row = 2000 col = 0000016e data = xxxx
tb_a7ng_ddr_cue_soa.gen_mem[0].u_comp_ddr3.data_task: at time 141468466.0 ps INFO: READ @ DQS= bank = 0 row = 2000 col = 0000016f data = xxxx
tb_a7ng_ddr_cue_soa.gen_mem[0].u_comp_ddr3.cmd_task: at time 141495466.0 ps INFO: Precharge bank   0
tb_a7ng_ddr_cue_soa.gen_mem[0].u_comp_ddr3.cmd_task: at time 141525466.0 ps INFO: Activate  bank 0 row 2000
tb_a7ng_ddr_cue_soa.gen_mem[0].u_comp_ddr3.cmd_task: at time 141540466.0 ps INFO: Read      bank 0 col 170, auto precharge 0
tb_a7ng_ddr_cue_soa.gen_mem[0].u_comp_ddr3.data_task: at time 141553966.0 ps INFO: READ @ DQS= bank = 0 row = 2000 col = 00000170 data = xxxx
tb_a7ng_ddr_cue_soa.gen_mem[0].u_comp_ddr3.data_task: at time 141555466.0 ps INFO: READ @ DQS= bank = 0 row = 2000 col = 00000171 data = xxxx
tb_a7ng_ddr_cue_soa.gen_mem[0].u_comp_ddr3.data_task: at time 141556966.0 ps INFO: READ @ DQS= bank = 0 row = 2000 col = 00000172 data = xxxx
tb_a7ng_ddr_cue_soa.gen_mem[0].u_comp_ddr3.data_task: at time 141558466.0 ps INFO: READ @ DQS= bank = 0 row = 2000 col = 00000173 data = xxxx
tb_a7ng_ddr_cue_soa.gen_mem[0].u_comp_ddr3.data_task: at time 141559966.0 ps INFO: READ @ DQS= bank = 0 row = 2000 col = 00000174 data = xxxx
tb_a7ng_ddr_cue_soa.gen_mem[0].u_comp_ddr3.data_task: at time 141561466.0 ps INFO: READ @ DQS= bank = 0 row = 2000 col = 00000175 data = xxxx
tb_a7ng_ddr_cue_soa.gen_mem[0].u_comp_ddr3.data_task: at time 141562966.0 ps INFO: READ @ DQS= bank = 0 row = 2000 col = 00000176 data = xxxx
tb_a7ng_ddr_cue_soa.gen_mem[0].u_comp_ddr3.data_task: at time 141564466.0 ps INFO: READ @ DQS= bank = 0 row = 2000 col = 00000177 data = xxxx
tb_a7ng_ddr_cue_soa.gen_mem[0].u_comp_ddr3.cmd_task: at time 141591466.0 ps INFO: Precharge bank   0
tb_a7ng_ddr_cue_soa.gen_mem[0].u_comp_ddr3.cmd_task: at time 141837466.0 ps INFO: Activate  bank 0 row 2000
tb_a7ng_ddr_cue_soa.gen_mem[0].u_comp_ddr3.cmd_task: at time 141852466.0 ps INFO: Read      bank 0 col 178, auto precharge 0
tb_a7ng_ddr_cue_soa.gen_mem[0].u_comp_ddr3.data_task: at time 141865966.0 ps INFO: READ @ DQS= bank = 0 row = 2000 col = 00000178 data = xxxx
tb_a7ng_ddr_cue_soa.gen_mem[0].u_comp_ddr3.data_task: at time 141867466.0 ps INFO: READ @ DQS= bank = 0 row = 2000 col = 00000179 data = xxxx
tb_a7ng_ddr_cue_soa.gen_mem[0].u_comp_ddr3.data_task: at time 141868966.0 ps INFO: READ @ DQS= bank = 0 row = 2000 col = 0000017a data = xxxx
tb_a7ng_ddr_cue_soa.gen_mem[0].u_comp_ddr3.data_task: at time 141870466.0 ps INFO: READ @ DQS= bank = 0 row = 2000 col = 0000017b data = xxxx
tb_a7ng_ddr_cue_soa.gen_mem[0].u_comp_ddr3.data_task: at time 141871966.0 ps INFO: READ @ DQS= bank = 0 row = 2000 col = 0000017c data = xxxx
tb_a7ng_ddr_cue_soa.gen_mem[0].u_comp_ddr3.data_task: at time 141873466.0 ps INFO: READ @ DQS= bank = 0 row = 2000 col = 0000017d data = xxxx
tb_a7ng_ddr_cue_soa.gen_mem[0].u_comp_ddr3.data_task: at time 141874966.0 ps INFO: READ @ DQS= bank = 0 row = 2000 col = 0000017e data = xxxx
tb_a7ng_ddr_cue_soa.gen_mem[0].u_comp_ddr3.data_task: at time 141876466.0 ps INFO: READ @ DQS= bank = 0 row = 2000 col = 0000017f data = xxxx
tb_a7ng_ddr_cue_soa.gen_mem[0].u_comp_ddr3.cmd_task: at time 141903466.0 ps INFO: Precharge bank   0
tb_a7ng_ddr_cue_soa.gen_mem[0].u_comp_ddr3.cmd_task: at time 142197466.0 ps INFO: Activate  bank 0 row 2000
tb_a7ng_ddr_cue_soa.gen_mem[0].u_comp_ddr3.cmd_task: at time 142212466.0 ps INFO: Read      bank 0 col 180, auto precharge 0
tb_a7ng_ddr_cue_soa.gen_mem[0].u_comp_ddr3.data_task: at time 142225966.0 ps INFO: READ @ DQS= bank = 0 row = 2000 col = 00000180 data = xxxx
tb_a7ng_ddr_cue_soa.gen_mem[0].u_comp_ddr3.data_task: at time 142227466.0 ps INFO: READ @ DQS= bank = 0 row = 2000 col = 00000181 data = xxxx
tb_a7ng_ddr_cue_soa.gen_mem[0].u_comp_ddr3.data_task: at time 142228966.0 ps INFO: READ @ DQS= bank = 0 row = 2000 col = 00000182 data = xxxx
tb_a7ng_ddr_cue_soa.gen_mem[0].u_comp_ddr3.data_task: at time 142230466.0 ps INFO: READ @ DQS= bank = 0 row = 2000 col = 00000183 data = xxxx
tb_a7ng_ddr_cue_soa.gen_mem[0].u_comp_ddr3.data_task: at time 142231966.0 ps INFO: READ @ DQS= bank = 0 row = 2000 col = 00000184 data = xxxx
tb_a7ng_ddr_cue_soa.gen_mem[0].u_comp_ddr3.data_task: at time 142233466.0 ps INFO: READ @ DQS= bank = 0 row = 2000 col = 00000185 data = xxxx
tb_a7ng_ddr_cue_soa.gen_mem[0].u_comp_ddr3.data_task: at time 142234966.0 ps INFO: READ @ DQS= bank = 0 row = 2000 col = 00000186 data = xxxx
tb_a7ng_ddr_cue_soa.gen_mem[0].u_comp_ddr3.data_task: at time 142236466.0 ps INFO: READ @ DQS= bank = 0 row = 2000 col = 00000187 data = xxxx
tb_a7ng_ddr_cue_soa.gen_mem[0].u_comp_ddr3.cmd_task: at time 142263466.0 ps INFO: Precharge bank   0
tb_a7ng_ddr_cue_soa.gen_mem[0].u_comp_ddr3.cmd_task: at time 142377466.0 ps INFO: Activate  bank 0 row 2000
tb_a7ng_ddr_cue_soa.gen_mem[0].u_comp_ddr3.cmd_task: at time 142392466.0 ps INFO: Read      bank 0 col 180, auto precharge 0
tb_a7ng_ddr_cue_soa.gen_mem[0].u_comp_ddr3.cmd_task: at time 142404466.0 ps INFO: Read      bank 0 col 180, auto precharge 0
tb_a7ng_ddr_cue_soa.gen_mem[0].u_comp_ddr3.data_task: at time 142405966.0 ps INFO: READ @ DQS= bank = 0 row = 2000 col = 00000180 data = xxxx
tb_a7ng_ddr_cue_soa.gen_mem[0].u_comp_ddr3.data_task: at time 142407466.0 ps INFO: READ @ DQS= bank = 0 row = 2000 col = 00000181 data = xxxx
tb_a7ng_ddr_cue_soa.gen_mem[0].u_comp_ddr3.data_task: at time 142408966.0 ps INFO: READ @ DQS= bank = 0 row = 2000 col = 00000182 data = xxxx
tb_a7ng_ddr_cue_soa.gen_mem[0].u_comp_ddr3.data_task: at time 142410466.0 ps INFO: READ @ DQS= bank = 0 row = 2000 col = 00000183 data = xxxx
tb_a7ng_ddr_cue_soa.gen_mem[0].u_comp_ddr3.data_task: at time 142411966.0 ps INFO: READ @ DQS= bank = 0 row = 2000 col = 00000184 data = xxxx
tb_a7ng_ddr_cue_soa.gen_mem[0].u_comp_ddr3.data_task: at time 142413466.0 ps INFO: READ @ DQS= bank = 0 row = 2000 col = 00000185 data = xxxx
tb_a7ng_ddr_cue_soa.gen_mem[0].u_comp_ddr3.data_task: at time 142414966.0 ps INFO: READ @ DQS= bank = 0 row = 2000 col = 00000186 data = xxxx
tb_a7ng_ddr_cue_soa.gen_mem[0].u_comp_ddr3.data_task: at time 142416466.0 ps INFO: READ @ DQS= bank = 0 row = 2000 col = 00000187 data = xxxx
tb_a7ng_ddr_cue_soa.gen_mem[0].u_comp_ddr3.data_task: at time 142417966.0 ps INFO: READ @ DQS= bank = 0 row = 2000 col = 00000180 data = xxxx
tb_a7ng_ddr_cue_soa.gen_mem[0].u_comp_ddr3.data_task: at time 142419466.0 ps INFO: READ @ DQS= bank = 0 row = 2000 col = 00000181 data = xxxx
tb_a7ng_ddr_cue_soa.gen_mem[0].u_comp_ddr3.data_task: at time 142420966.0 ps INFO: READ @ DQS= bank = 0 row = 2000 col = 00000182 data = xxxx
tb_a7ng_ddr_cue_soa.gen_mem[0].u_comp_ddr3.data_task: at time 142422466.0 ps INFO: READ @ DQS= bank = 0 row = 2000 col = 00000183 data = xxxx
tb_a7ng_ddr_cue_soa.gen_mem[0].u_comp_ddr3.data_task: at time 142423966.0 ps INFO: READ @ DQS= bank = 0 row = 2000 col = 00000184 data = xxxx
tb_a7ng_ddr_cue_soa.gen_mem[0].u_comp_ddr3.data_task: at time 142425466.0 ps INFO: READ @ DQS= bank = 0 row = 2000 col = 00000185 data = xxxx
tb_a7ng_ddr_cue_soa.gen_mem[0].u_comp_ddr3.data_task: at time 142426966.0 ps INFO: READ @ DQS= bank = 0 row = 2000 col = 00000186 data = xxxx
tb_a7ng_ddr_cue_soa.gen_mem[0].u_comp_ddr3.data_task: at time 142428466.0 ps INFO: READ @ DQS= bank = 0 row = 2000 col = 00000187 data = xxxx
tb_a7ng_ddr_cue_soa.gen_mem[0].u_comp_ddr3.cmd_task: at time 142455466.0 ps INFO: Precharge bank   0
tb_a7ng_ddr_cue_soa.gen_mem[0].u_comp_ddr3.cmd_task: at time 142509466.0 ps INFO: Activate  bank 0 row 2000
tb_a7ng_ddr_cue_soa.gen_mem[0].u_comp_ddr3.cmd_task: at time 142524466.0 ps INFO: Read      bank 0 col 188, auto precharge 0
tb_a7ng_ddr_cue_soa.gen_mem[0].u_comp_ddr3.data_task: at time 142537966.0 ps INFO: READ @ DQS= bank = 0 row = 2000 col = 00000188 data = xxxx
tb_a7ng_ddr_cue_soa.gen_mem[0].u_comp_ddr3.data_task: at time 142539466.0 ps INFO: READ @ DQS= bank = 0 row = 2000 col = 00000189 data = xxxx
tb_a7ng_ddr_cue_soa.gen_mem[0].u_comp_ddr3.data_task: at time 142540966.0 ps INFO: READ @ DQS= bank = 0 row = 2000 col = 0000018a data = xxxx
tb_a7ng_ddr_cue_soa.gen_mem[0].u_comp_ddr3.data_task: at time 142542466.0 ps INFO: READ @ DQS= bank = 0 row = 2000 col = 0000018b data = xxxx
tb_a7ng_ddr_cue_soa.gen_mem[0].u_comp_ddr3.data_task: at time 142543966.0 ps INFO: READ @ DQS= bank = 0 row = 2000 col = 0000018c data = xxxx
tb_a7ng_ddr_cue_soa.gen_mem[0].u_comp_ddr3.data_task: at time 142545466.0 ps INFO: READ @ DQS= bank = 0 row = 2000 col = 0000018d data = xxxx
tb_a7ng_ddr_cue_soa.gen_mem[0].u_comp_ddr3.data_task: at time 142546966.0 ps INFO: READ @ DQS= bank = 0 row = 2000 col = 0000018e data = xxxx
tb_a7ng_ddr_cue_soa.gen_mem[0].u_comp_ddr3.data_task: at time 142548466.0 ps INFO: READ @ DQS= bank = 0 row = 2000 col = 0000018f data = xxxx
tb_a7ng_ddr_cue_soa.gen_mem[0].u_comp_ddr3.cmd_task: at time 142575466.0 ps INFO: Precharge bank   0
tb_a7ng_ddr_cue_soa.gen_mem[0].u_comp_ddr3.cmd_task: at time 142821466.0 ps INFO: Activate  bank 0 row 2000
tb_a7ng_ddr_cue_soa.gen_mem[0].u_comp_ddr3.cmd_task: at time 142836466.0 ps INFO: Read      bank 0 col 190, auto precharge 0
tb_a7ng_ddr_cue_soa.gen_mem[0].u_comp_ddr3.data_task: at time 142849966.0 ps INFO: READ @ DQS= bank = 0 row = 2000 col = 00000190 data = xxxx
tb_a7ng_ddr_cue_soa.gen_mem[0].u_comp_ddr3.data_task: at time 142851466.0 ps INFO: READ @ DQS= bank = 0 row = 2000 col = 00000191 data = xxxx
tb_a7ng_ddr_cue_soa.gen_mem[0].u_comp_ddr3.data_task: at time 142852966.0 ps INFO: READ @ DQS= bank = 0 row = 2000 col = 00000192 data = xxxx
tb_a7ng_ddr_cue_soa.gen_mem[0].u_comp_ddr3.data_task: at time 142854466.0 ps INFO: READ @ DQS= bank = 0 row = 2000 col = 00000193 data = xxxx
tb_a7ng_ddr_cue_soa.gen_mem[0].u_comp_ddr3.data_task: at time 142855966.0 ps INFO: READ @ DQS= bank = 0 row = 2000 col = 00000194 data = xxxx
tb_a7ng_ddr_cue_soa.gen_mem[0].u_comp_ddr3.data_task: at time 142857466.0 ps INFO: READ @ DQS= bank = 0 row = 2000 col = 00000195 data = xxxx
tb_a7ng_ddr_cue_soa.gen_mem[0].u_comp_ddr3.data_task: at time 142858966.0 ps INFO: READ @ DQS= bank = 0 row = 2000 col = 00000196 data = xxxx
tb_a7ng_ddr_cue_soa.gen_mem[0].u_comp_ddr3.data_task: at time 142860466.0 ps INFO: READ @ DQS= bank = 0 row = 2000 col = 00000197 data = xxxx
tb_a7ng_ddr_cue_soa.gen_mem[0].u_comp_ddr3.cmd_task: at time 142887466.0 ps INFO: Precharge bank   0
tb_a7ng_ddr_cue_soa.gen_mem[0].u_comp_ddr3.cmd_task: at time 143133466.0 ps INFO: Activate  bank 0 row 2000
tb_a7ng_ddr_cue_soa.gen_mem[0].u_comp_ddr3.cmd_task: at time 143148466.0 ps INFO: Read      bank 0 col 198, auto precharge 0
tb_a7ng_ddr_cue_soa.gen_mem[0].u_comp_ddr3.data_task: at time 143161966.0 ps INFO: READ @ DQS= bank = 0 row = 2000 col = 00000198 data = xxxx
tb_a7ng_ddr_cue_soa.gen_mem[0].u_comp_ddr3.data_task: at time 143163466.0 ps INFO: READ @ DQS= bank = 0 row = 2000 col = 00000199 data = xxxx
tb_a7ng_ddr_cue_soa.gen_mem[0].u_comp_ddr3.data_task: at time 143164966.0 ps INFO: READ @ DQS= bank = 0 row = 2000 col = 0000019a data = xxxx
tb_a7ng_ddr_cue_soa.gen_mem[0].u_comp_ddr3.data_task: at time 143166466.0 ps INFO: READ @ DQS= bank = 0 row = 2000 col = 0000019b data = xxxx
tb_a7ng_ddr_cue_soa.gen_mem[0].u_comp_ddr3.data_task: at time 143167966.0 ps INFO: READ @ DQS= bank = 0 row = 2000 col = 0000019c data = xxxx
tb_a7ng_ddr_cue_soa.gen_mem[0].u_comp_ddr3.data_task: at time 143169466.0 ps INFO: READ @ DQS= bank = 0 row = 2000 col = 0000019d data = xxxx
tb_a7ng_ddr_cue_soa.gen_mem[0].u_comp_ddr3.data_task: at time 143170966.0 ps INFO: READ @ DQS= bank = 0 row = 2000 col = 0000019e data = xxxx
tb_a7ng_ddr_cue_soa.gen_mem[0].u_comp_ddr3.data_task: at time 143172466.0 ps INFO: READ @ DQS= bank = 0 row = 2000 col = 0000019f data = xxxx
tb_a7ng_ddr_cue_soa.gen_mem[0].u_comp_ddr3.cmd_task: at time 143199466.0 ps INFO: Precharge bank   0
tb_a7ng_ddr_cue_soa.gen_mem[0].u_comp_ddr3.cmd_task: at time 143337466.0 ps INFO: Activate  bank 0 row 2000
tb_a7ng_ddr_cue_soa.gen_mem[0].u_comp_ddr3.cmd_task: at time 143352466.0 ps INFO: Read      bank 0 col 198, auto precharge 0
tb_a7ng_ddr_cue_soa.gen_mem[0].u_comp_ddr3.cmd_task: at time 143364466.0 ps INFO: Read      bank 0 col 198, auto precharge 0
tb_a7ng_ddr_cue_soa.gen_mem[0].u_comp_ddr3.data_task: at time 143365966.0 ps INFO: READ @ DQS= bank = 0 row = 2000 col = 00000198 data = xxxx
tb_a7ng_ddr_cue_soa.gen_mem[0].u_comp_ddr3.data_task: at time 143367466.0 ps INFO: READ @ DQS= bank = 0 row = 2000 col = 00000199 data = xxxx
tb_a7ng_ddr_cue_soa.gen_mem[0].u_comp_ddr3.data_task: at time 143368966.0 ps INFO: READ @ DQS= bank = 0 row = 2000 col = 0000019a data = xxxx
tb_a7ng_ddr_cue_soa.gen_mem[0].u_comp_ddr3.data_task: at time 143370466.0 ps INFO: READ @ DQS= bank = 0 row = 2000 col = 0000019b data = xxxx
tb_a7ng_ddr_cue_soa.gen_mem[0].u_comp_ddr3.data_task: at time 143371966.0 ps INFO: READ @ DQS= bank = 0 row = 2000 col = 0000019c data = xxxx
tb_a7ng_ddr_cue_soa.gen_mem[0].u_comp_ddr3.data_task: at time 143373466.0 ps INFO: READ @ DQS= bank = 0 row = 2000 col = 0000019d data = xxxx
tb_a7ng_ddr_cue_soa.gen_mem[0].u_comp_ddr3.data_task: at time 143374966.0 ps INFO: READ @ DQS= bank = 0 row = 2000 col = 0000019e data = xxxx
tb_a7ng_ddr_cue_soa.gen_mem[0].u_comp_ddr3.data_task: at time 143376466.0 ps INFO: READ @ DQS= bank = 0 row = 2000 col = 0000019f data = xxxx
tb_a7ng_ddr_cue_soa.gen_mem[0].u_comp_ddr3.data_task: at time 143377966.0 ps INFO: READ @ DQS= bank = 0 row = 2000 col = 00000198 data = xxxx
tb_a7ng_ddr_cue_soa.gen_mem[0].u_comp_ddr3.data_task: at time 143379466.0 ps INFO: READ @ DQS= bank = 0 row = 2000 col = 00000199 data = xxxx
tb_a7ng_ddr_cue_soa.gen_mem[0].u_comp_ddr3.data_task: at time 143380966.0 ps INFO: READ @ DQS= bank = 0 row = 2000 col = 0000019a data = xxxx
tb_a7ng_ddr_cue_soa.gen_mem[0].u_comp_ddr3.data_task: at time 143382466.0 ps INFO: READ @ DQS= bank = 0 row = 2000 col = 0000019b data = xxxx
tb_a7ng_ddr_cue_soa.gen_mem[0].u_comp_ddr3.data_task: at time 143383966.0 ps INFO: READ @ DQS= bank = 0 row = 2000 col = 0000019c data = xxxx
tb_a7ng_ddr_cue_soa.gen_mem[0].u_comp_ddr3.data_task: at time 143385466.0 ps INFO: READ @ DQS= bank = 0 row = 2000 col = 0000019d data = xxxx
tb_a7ng_ddr_cue_soa.gen_mem[0].u_comp_ddr3.data_task: at time 143386966.0 ps INFO: READ @ DQS= bank = 0 row = 2000 col = 0000019e data = xxxx
tb_a7ng_ddr_cue_soa.gen_mem[0].u_comp_ddr3.data_task: at time 143388466.0 ps INFO: READ @ DQS= bank = 0 row = 2000 col = 0000019f data = xxxx
tb_a7ng_ddr_cue_soa.gen_mem[0].u_comp_ddr3.cmd_task: at time 143415466.0 ps INFO: Precharge bank   0
tb_a7ng_ddr_cue_soa.gen_mem[0].u_comp_ddr3.cmd_task: at time 143445466.0 ps INFO: Activate  bank 0 row 2000
tb_a7ng_ddr_cue_soa.gen_mem[0].u_comp_ddr3.cmd_task: at time 143460466.0 ps INFO: Read      bank 0 col 1a0, auto precharge 0
tb_a7ng_ddr_cue_soa.gen_mem[0].u_comp_ddr3.data_task: at time 143473966.0 ps INFO: READ @ DQS= bank = 0 row = 2000 col = 000001a0 data = xxxx
tb_a7ng_ddr_cue_soa.gen_mem[0].u_comp_ddr3.data_task: at time 143475466.0 ps INFO: READ @ DQS= bank = 0 row = 2000 col = 000001a1 data = xxxx
tb_a7ng_ddr_cue_soa.gen_mem[0].u_comp_ddr3.data_task: at time 143476966.0 ps INFO: READ @ DQS= bank = 0 row = 2000 col = 000001a2 data = xxxx
tb_a7ng_ddr_cue_soa.gen_mem[0].u_comp_ddr3.data_task: at time 143478466.0 ps INFO: READ @ DQS= bank = 0 row = 2000 col = 000001a3 data = xxxx
tb_a7ng_ddr_cue_soa.gen_mem[0].u_comp_ddr3.data_task: at time 143479966.0 ps INFO: READ @ DQS= bank = 0 row = 2000 col = 000001a4 data = xxxx
tb_a7ng_ddr_cue_soa.gen_mem[0].u_comp_ddr3.data_task: at time 143481466.0 ps INFO: READ @ DQS= bank = 0 row = 2000 col = 000001a5 data = xxxx
tb_a7ng_ddr_cue_soa.gen_mem[0].u_comp_ddr3.data_task: at time 143482966.0 ps INFO: READ @ DQS= bank = 0 row = 2000 col = 000001a6 data = xxxx
tb_a7ng_ddr_cue_soa.gen_mem[0].u_comp_ddr3.data_task: at time 143484466.0 ps INFO: READ @ DQS= bank = 0 row = 2000 col = 000001a7 data = xxxx
tb_a7ng_ddr_cue_soa.gen_mem[0].u_comp_ddr3.cmd_task: at time 143511466.0 ps INFO: Precharge bank   0
tb_a7ng_ddr_cue_soa.gen_mem[0].u_comp_ddr3.cmd_task: at time 143757466.0 ps INFO: Activate  bank 0 row 2000
tb_a7ng_ddr_cue_soa.gen_mem[0].u_comp_ddr3.cmd_task: at time 143772466.0 ps INFO: Read      bank 0 col 1a8, auto precharge 0
tb_a7ng_ddr_cue_soa.gen_mem[0].u_comp_ddr3.data_task: at time 143785966.0 ps INFO: READ @ DQS= bank = 0 row = 2000 col = 000001a8 data = xxxx
tb_a7ng_ddr_cue_soa.gen_mem[0].u_comp_ddr3.data_task: at time 143787466.0 ps INFO: READ @ DQS= bank = 0 row = 2000 col = 000001a9 data = xxxx
tb_a7ng_ddr_cue_soa.gen_mem[0].u_comp_ddr3.data_task: at time 143788966.0 ps INFO: READ @ DQS= bank = 0 row = 2000 col = 000001aa data = xxxx
tb_a7ng_ddr_cue_soa.gen_mem[0].u_comp_ddr3.data_task: at time 143790466.0 ps INFO: READ @ DQS= bank = 0 row = 2000 col = 000001ab data = xxxx
tb_a7ng_ddr_cue_soa.gen_mem[0].u_comp_ddr3.data_task: at time 143791966.0 ps INFO: READ @ DQS= bank = 0 row = 2000 col = 000001ac data = xxxx
tb_a7ng_ddr_cue_soa.gen_mem[0].u_comp_ddr3.data_task: at time 143793466.0 ps INFO: READ @ DQS= bank = 0 row = 2000 col = 000001ad data = xxxx
tb_a7ng_ddr_cue_soa.gen_mem[0].u_comp_ddr3.data_task: at time 143794966.0 ps INFO: READ @ DQS= bank = 0 row = 2000 col = 000001ae data = xxxx
tb_a7ng_ddr_cue_soa.gen_mem[0].u_comp_ddr3.data_task: at time 143796466.0 ps INFO: READ @ DQS= bank = 0 row = 2000 col = 000001af data = xxxx
tb_a7ng_ddr_cue_soa.gen_mem[0].u_comp_ddr3.cmd_task: at time 143823466.0 ps INFO: Precharge bank   0
tb_a7ng_ddr_cue_soa.gen_mem[0].u_comp_ddr3.cmd_task: at time 144069466.0 ps INFO: Activate  bank 0 row 2000
tb_a7ng_ddr_cue_soa.gen_mem[0].u_comp_ddr3.cmd_task: at time 144084466.0 ps INFO: Read      bank 0 col 1b0, auto precharge 0
tb_a7ng_ddr_cue_soa.gen_mem[0].u_comp_ddr3.data_task: at time 144097966.0 ps INFO: READ @ DQS= bank = 0 row = 2000 col = 000001b0 data = xxxx
tb_a7ng_ddr_cue_soa.gen_mem[0].u_comp_ddr3.data_task: at time 144099466.0 ps INFO: READ @ DQS= bank = 0 row = 2000 col = 000001b1 data = xxxx
tb_a7ng_ddr_cue_soa.gen_mem[0].u_comp_ddr3.data_task: at time 144100966.0 ps INFO: READ @ DQS= bank = 0 row = 2000 col = 000001b2 data = xxxx
tb_a7ng_ddr_cue_soa.gen_mem[0].u_comp_ddr3.data_task: at time 144102466.0 ps INFO: READ @ DQS= bank = 0 row = 2000 col = 000001b3 data = xxxx
tb_a7ng_ddr_cue_soa.gen_mem[0].u_comp_ddr3.data_task: at time 144103966.0 ps INFO: READ @ DQS= bank = 0 row = 2000 col = 000001b4 data = xxxx
tb_a7ng_ddr_cue_soa.gen_mem[0].u_comp_ddr3.data_task: at time 144105466.0 ps INFO: READ @ DQS= bank = 0 row = 2000 col = 000001b5 data = xxxx
tb_a7ng_ddr_cue_soa.gen_mem[0].u_comp_ddr3.data_task: at time 144106966.0 ps INFO: READ @ DQS= bank = 0 row = 2000 col = 000001b6 data = xxxx
tb_a7ng_ddr_cue_soa.gen_mem[0].u_comp_ddr3.data_task: at time 144108466.0 ps INFO: READ @ DQS= bank = 0 row = 2000 col = 000001b7 data = xxxx
tb_a7ng_ddr_cue_soa.gen_mem[0].u_comp_ddr3.cmd_task: at time 144135466.0 ps INFO: Precharge bank   0
tb_a7ng_ddr_cue_soa.gen_mem[0].u_comp_ddr3.cmd_task: at time 144297466.0 ps INFO: Refresh  
tb_a7ng_ddr_cue_soa.gen_mem[0].u_comp_ddr3.cmd_task: at time 144465466.0 ps INFO: Activate  bank 0 row 2000
tb_a7ng_ddr_cue_soa.gen_mem[0].u_comp_ddr3.cmd_task: at time 144480466.0 ps INFO: Read      bank 0 col 1b0, auto precharge 0
tb_a7ng_ddr_cue_soa.gen_mem[0].u_comp_ddr3.cmd_task: at time 144492466.0 ps INFO: Read      bank 0 col 1b0, auto precharge 0
tb_a7ng_ddr_cue_soa.gen_mem[0].u_comp_ddr3.data_task: at time 144493966.0 ps INFO: READ @ DQS= bank = 0 row = 2000 col = 000001b0 data = xxxx
tb_a7ng_ddr_cue_soa.gen_mem[0].u_comp_ddr3.data_task: at time 144495466.0 ps INFO: READ @ DQS= bank = 0 row = 2000 col = 000001b1 data = xxxx
tb_a7ng_ddr_cue_soa.gen_mem[0].u_comp_ddr3.data_task: at time 144496966.0 ps INFO: READ @ DQS= bank = 0 row = 2000 col = 000001b2 data = xxxx
tb_a7ng_ddr_cue_soa.gen_mem[0].u_comp_ddr3.data_task: at time 144498466.0 ps INFO: READ @ DQS= bank = 0 row = 2000 col = 000001b3 data = xxxx
tb_a7ng_ddr_cue_soa.gen_mem[0].u_comp_ddr3.data_task: at time 144499966.0 ps INFO: READ @ DQS= bank = 0 row = 2000 col = 000001b4 data = xxxx
tb_a7ng_ddr_cue_soa.gen_mem[0].u_comp_ddr3.data_task: at time 144501466.0 ps INFO: READ @ DQS= bank = 0 row = 2000 col = 000001b5 data = xxxx
tb_a7ng_ddr_cue_soa.gen_mem[0].u_comp_ddr3.data_task: at time 144502966.0 ps INFO: READ @ DQS= bank = 0 row = 2000 col = 000001b6 data = xxxx
tb_a7ng_ddr_cue_soa.gen_mem[0].u_comp_ddr3.data_task: at time 144504466.0 ps INFO: READ @ DQS= bank = 0 row = 2000 col = 000001b7 data = xxxx
tb_a7ng_ddr_cue_soa.gen_mem[0].u_comp_ddr3.cmd_task: at time 144504466.0 ps INFO: Read      bank 0 col 1b8, auto precharge 0
tb_a7ng_ddr_cue_soa.gen_mem[0].u_comp_ddr3.data_task: at time 144505966.0 ps INFO: READ @ DQS= bank = 0 row = 2000 col = 000001b0 data = xxxx
tb_a7ng_ddr_cue_soa.gen_mem[0].u_comp_ddr3.data_task: at time 144507466.0 ps INFO: READ @ DQS= bank = 0 row = 2000 col = 000001b1 data = xxxx
tb_a7ng_ddr_cue_soa.gen_mem[0].u_comp_ddr3.data_task: at time 144508966.0 ps INFO: READ @ DQS= bank = 0 row = 2000 col = 000001b2 data = xxxx
tb_a7ng_ddr_cue_soa.gen_mem[0].u_comp_ddr3.data_task: at time 144510466.0 ps INFO: READ @ DQS= bank = 0 row = 2000 col = 000001b3 data = xxxx
tb_a7ng_ddr_cue_soa.gen_mem[0].u_comp_ddr3.data_task: at time 144511966.0 ps INFO: READ @ DQS= bank = 0 row = 2000 col = 000001b4 data = xxxx
tb_a7ng_ddr_cue_soa.gen_mem[0].u_comp_ddr3.data_task: at time 144513466.0 ps INFO: READ @ DQS= bank = 0 row = 2000 col = 000001b5 data = xxxx
tb_a7ng_ddr_cue_soa.gen_mem[0].u_comp_ddr3.data_task: at time 144514966.0 ps INFO: READ @ DQS= bank = 0 row = 2000 col = 000001b6 data = xxxx
tb_a7ng_ddr_cue_soa.gen_mem[0].u_comp_ddr3.data_task: at time 144516466.0 ps INFO: READ @ DQS= bank = 0 row = 2000 col = 000001b7 data = xxxx
tb_a7ng_ddr_cue_soa.gen_mem[0].u_comp_ddr3.data_task: at time 144517966.0 ps INFO: READ @ DQS= bank = 0 row = 2000 col = 000001b8 data = xxxx
tb_a7ng_ddr_cue_soa.gen_mem[0].u_comp_ddr3.data_task: at time 144519466.0 ps INFO: READ @ DQS= bank = 0 row = 2000 col = 000001b9 data = xxxx
tb_a7ng_ddr_cue_soa.gen_mem[0].u_comp_ddr3.data_task: at time 144520966.0 ps INFO: READ @ DQS= bank = 0 row = 2000 col = 000001ba data = xxxx
tb_a7ng_ddr_cue_soa.gen_mem[0].u_comp_ddr3.data_task: at time 144522466.0 ps INFO: READ @ DQS= bank = 0 row = 2000 col = 000001bb data = xxxx
tb_a7ng_ddr_cue_soa.gen_mem[0].u_comp_ddr3.data_task: at time 144523966.0 ps INFO: READ @ DQS= bank = 0 row = 2000 col = 000001bc data = xxxx
tb_a7ng_ddr_cue_soa.gen_mem[0].u_comp_ddr3.data_task: at time 144525466.0 ps INFO: READ @ DQS= bank = 0 row = 2000 col = 000001bd data = xxxx
tb_a7ng_ddr_cue_soa.gen_mem[0].u_comp_ddr3.data_task: at time 144526966.0 ps INFO: READ @ DQS= bank = 0 row = 2000 col = 000001be data = xxxx
tb_a7ng_ddr_cue_soa.gen_mem[0].u_comp_ddr3.data_task: at time 144528466.0 ps INFO: READ @ DQS= bank = 0 row = 2000 col = 000001bf data = xxxx
tb_a7ng_ddr_cue_soa.gen_mem[0].u_comp_ddr3.cmd_task: at time 144555466.0 ps INFO: Precharge bank   0
tb_a7ng_ddr_cue_soa.gen_mem[0].u_comp_ddr3.cmd_task: at time 144801466.0 ps INFO: Activate  bank 0 row 2000
tb_a7ng_ddr_cue_soa.gen_mem[0].u_comp_ddr3.cmd_task: at time 144816466.0 ps INFO: Read      bank 0 col 1c0, auto precharge 0
tb_a7ng_ddr_cue_soa.gen_mem[0].u_comp_ddr3.data_task: at time 144829966.0 ps INFO: READ @ DQS= bank = 0 row = 2000 col = 000001c0 data = xxxx
tb_a7ng_ddr_cue_soa.gen_mem[0].u_comp_ddr3.data_task: at time 144831466.0 ps INFO: READ @ DQS= bank = 0 row = 2000 col = 000001c1 data = xxxx
tb_a7ng_ddr_cue_soa.gen_mem[0].u_comp_ddr3.data_task: at time 144832966.0 ps INFO: READ @ DQS= bank = 0 row = 2000 col = 000001c2 data = xxxx
tb_a7ng_ddr_cue_soa.gen_mem[0].u_comp_ddr3.data_task: at time 144834466.0 ps INFO: READ @ DQS= bank = 0 row = 2000 col = 000001c3 data = xxxx
tb_a7ng_ddr_cue_soa.gen_mem[0].u_comp_ddr3.data_task: at time 144835966.0 ps INFO: READ @ DQS= bank = 0 row = 2000 col = 000001c4 data = xxxx
tb_a7ng_ddr_cue_soa.gen_mem[0].u_comp_ddr3.data_task: at time 144837466.0 ps INFO: READ @ DQS= bank = 0 row = 2000 col = 000001c5 data = xxxx
tb_a7ng_ddr_cue_soa.gen_mem[0].u_comp_ddr3.data_task: at time 144838966.0 ps INFO: READ @ DQS= bank = 0 row = 2000 col = 000001c6 data = xxxx
tb_a7ng_ddr_cue_soa.gen_mem[0].u_comp_ddr3.data_task: at time 144840466.0 ps INFO: READ @ DQS= bank = 0 row = 2000 col = 000001c7 data = xxxx
tb_a7ng_ddr_cue_soa.gen_mem[0].u_comp_ddr3.cmd_task: at time 144867466.0 ps INFO: Precharge bank   0
tb_a7ng_ddr_cue_soa.gen_mem[0].u_comp_ddr3.cmd_task: at time 145113466.0 ps INFO: Activate  bank 0 row 2000
tb_a7ng_ddr_cue_soa.gen_mem[0].u_comp_ddr3.cmd_task: at time 145128466.0 ps INFO: Read      bank 0 col 1c8, auto precharge 0
tb_a7ng_ddr_cue_soa.gen_mem[0].u_comp_ddr3.data_task: at time 145141966.0 ps INFO: READ @ DQS= bank = 0 row = 2000 col = 000001c8 data = xxxx
tb_a7ng_ddr_cue_soa.gen_mem[0].u_comp_ddr3.data_task: at time 145143466.0 ps INFO: READ @ DQS= bank = 0 row = 2000 col = 000001c9 data = xxxx
tb_a7ng_ddr_cue_soa.gen_mem[0].u_comp_ddr3.data_task: at time 145144966.0 ps INFO: READ @ DQS= bank = 0 row = 2000 col = 000001ca data = xxxx
tb_a7ng_ddr_cue_soa.gen_mem[0].u_comp_ddr3.data_task: at time 145146466.0 ps INFO: READ @ DQS= bank = 0 row = 2000 col = 000001cb data = xxxx
tb_a7ng_ddr_cue_soa.gen_mem[0].u_comp_ddr3.data_task: at time 145147966.0 ps INFO: READ @ DQS= bank = 0 row = 2000 col = 000001cc data = xxxx
tb_a7ng_ddr_cue_soa.gen_mem[0].u_comp_ddr3.data_task: at time 145149466.0 ps INFO: READ @ DQS= bank = 0 row = 2000 col = 000001cd data = xxxx
tb_a7ng_ddr_cue_soa.gen_mem[0].u_comp_ddr3.data_task: at time 145150966.0 ps INFO: READ @ DQS= bank = 0 row = 2000 col = 000001ce data = xxxx
tb_a7ng_ddr_cue_soa.gen_mem[0].u_comp_ddr3.data_task: at time 145152466.0 ps INFO: READ @ DQS= bank = 0 row = 2000 col = 000001cf data = xxxx
tb_a7ng_ddr_cue_soa.gen_mem[0].u_comp_ddr3.cmd_task: at time 145179466.0 ps INFO: Precharge bank   0
tb_a7ng_ddr_cue_soa.gen_mem[0].u_comp_ddr3.cmd_task: at time 145425466.0 ps INFO: Activate  bank 0 row 2000
tb_a7ng_ddr_cue_soa.gen_mem[0].u_comp_ddr3.cmd_task: at time 145440466.0 ps INFO: Read      bank 0 col 1d0, auto precharge 0
tb_a7ng_ddr_cue_soa.gen_mem[0].u_comp_ddr3.cmd_task: at time 145452466.0 ps INFO: Read      bank 0 col 1d0, auto precharge 0
tb_a7ng_ddr_cue_soa.gen_mem[0].u_comp_ddr3.data_task: at time 145453966.0 ps INFO: READ @ DQS= bank = 0 row = 2000 col = 000001d0 data = xxxx
tb_a7ng_ddr_cue_soa.gen_mem[0].u_comp_ddr3.data_task: at time 145455466.0 ps INFO: READ @ DQS= bank = 0 row = 2000 col = 000001d1 data = xxxx
tb_a7ng_ddr_cue_soa.gen_mem[0].u_comp_ddr3.data_task: at time 145456966.0 ps INFO: READ @ DQS= bank = 0 row = 2000 col = 000001d2 data = xxxx
tb_a7ng_ddr_cue_soa.gen_mem[0].u_comp_ddr3.data_task: at time 145458466.0 ps INFO: READ @ DQS= bank = 0 row = 2000 col = 000001d3 data = xxxx
tb_a7ng_ddr_cue_soa.gen_mem[0].u_comp_ddr3.data_task: at time 145459966.0 ps INFO: READ @ DQS= bank = 0 row = 2000 col = 000001d4 data = xxxx
tb_a7ng_ddr_cue_soa.gen_mem[0].u_comp_ddr3.data_task: at time 145461466.0 ps INFO: READ @ DQS= bank = 0 row = 2000 col = 000001d5 data = xxxx
tb_a7ng_ddr_cue_soa.gen_mem[0].u_comp_ddr3.data_task: at time 145462966.0 ps INFO: READ @ DQS= bank = 0 row = 2000 col = 000001d6 data = xxxx
tb_a7ng_ddr_cue_soa.gen_mem[0].u_comp_ddr3.data_task: at time 145464466.0 ps INFO: READ @ DQS= bank = 0 row = 2000 col = 000001d7 data = xxxx
tb_a7ng_ddr_cue_soa.gen_mem[0].u_comp_ddr3.cmd_task: at time 145464466.0 ps INFO: Read      bank 0 col 1d0, auto precharge 0
tb_a7ng_ddr_cue_soa.gen_mem[0].u_comp_ddr3.data_task: at time 145465966.0 ps INFO: READ @ DQS= bank = 0 row = 2000 col = 000001d0 data = xxxx
tb_a7ng_ddr_cue_soa.gen_mem[0].u_comp_ddr3.data_task: at time 145467466.0 ps INFO: READ @ DQS= bank = 0 row = 2000 col = 000001d1 data = xxxx
tb_a7ng_ddr_cue_soa.gen_mem[0].u_comp_ddr3.data_task: at time 145468966.0 ps INFO: READ @ DQS= bank = 0 row = 2000 col = 000001d2 data = xxxx
tb_a7ng_ddr_cue_soa.gen_mem[0].u_comp_ddr3.data_task: at time 145470466.0 ps INFO: READ @ DQS= bank = 0 row = 2000 col = 000001d3 data = xxxx
tb_a7ng_ddr_cue_soa.gen_mem[0].u_comp_ddr3.data_task: at time 145471966.0 ps INFO: READ @ DQS= bank = 0 row = 2000 col = 000001d4 data = xxxx
tb_a7ng_ddr_cue_soa.gen_mem[0].u_comp_ddr3.data_task: at time 145473466.0 ps INFO: READ @ DQS= bank = 0 row = 2000 col = 000001d5 data = xxxx
tb_a7ng_ddr_cue_soa.gen_mem[0].u_comp_ddr3.data_task: at time 145474966.0 ps INFO: READ @ DQS= bank = 0 row = 2000 col = 000001d6 data = xxxx
tb_a7ng_ddr_cue_soa.gen_mem[0].u_comp_ddr3.data_task: at time 145476466.0 ps INFO: READ @ DQS= bank = 0 row = 2000 col = 000001d7 data = xxxx
tb_a7ng_ddr_cue_soa.gen_mem[0].u_comp_ddr3.data_task: at time 145477966.0 ps INFO: READ @ DQS= bank = 0 row = 2000 col = 000001d0 data = xxxx
tb_a7ng_ddr_cue_soa.gen_mem[0].u_comp_ddr3.data_task: at time 145479466.0 ps INFO: READ @ DQS= bank = 0 row = 2000 col = 000001d1 data = xxxx
tb_a7ng_ddr_cue_soa.gen_mem[0].u_comp_ddr3.data_task: at time 145480966.0 ps INFO: READ @ DQS= bank = 0 row = 2000 col = 000001d2 data = xxxx
tb_a7ng_ddr_cue_soa.gen_mem[0].u_comp_ddr3.data_task: at time 145482466.0 ps INFO: READ @ DQS= bank = 0 row = 2000 col = 000001d3 data = xxxx
tb_a7ng_ddr_cue_soa.gen_mem[0].u_comp_ddr3.data_task: at time 145483966.0 ps INFO: READ @ DQS= bank = 0 row = 2000 col = 000001d4 data = xxxx
tb_a7ng_ddr_cue_soa.gen_mem[0].u_comp_ddr3.data_task: at time 145485466.0 ps INFO: READ @ DQS= bank = 0 row = 2000 col = 000001d5 data = xxxx
tb_a7ng_ddr_cue_soa.gen_mem[0].u_comp_ddr3.data_task: at time 145486966.0 ps INFO: READ @ DQS= bank = 0 row = 2000 col = 000001d6 data = xxxx
tb_a7ng_ddr_cue_soa.gen_mem[0].u_comp_ddr3.data_task: at time 145488466.0 ps INFO: READ @ DQS= bank = 0 row = 2000 col = 000001d7 data = xxxx
tb_a7ng_ddr_cue_soa.gen_mem[0].u_comp_ddr3.cmd_task: at time 145515466.0 ps INFO: Precharge bank   0
tb_a7ng_ddr_cue_soa.gen_mem[0].u_comp_ddr3.cmd_task: at time 145737466.0 ps INFO: Activate  bank 0 row 2000
tb_a7ng_ddr_cue_soa.gen_mem[0].u_comp_ddr3.cmd_task: at time 145752466.0 ps INFO: Read      bank 0 col 1d8, auto precharge 0
tb_a7ng_ddr_cue_soa.gen_mem[0].u_comp_ddr3.data_task: at time 145765966.0 ps INFO: READ @ DQS= bank = 0 row = 2000 col = 000001d8 data = xxxx
tb_a7ng_ddr_cue_soa.gen_mem[0].u_comp_ddr3.data_task: at time 145767466.0 ps INFO: READ @ DQS= bank = 0 row = 2000 col = 000001d9 data = xxxx
tb_a7ng_ddr_cue_soa.gen_mem[0].u_comp_ddr3.data_task: at time 145768966.0 ps INFO: READ @ DQS= bank = 0 row = 2000 col = 000001da data = xxxx
tb_a7ng_ddr_cue_soa.gen_mem[0].u_comp_ddr3.data_task: at time 145770466.0 ps INFO: READ @ DQS= bank = 0 row = 2000 col = 000001db data = xxxx
tb_a7ng_ddr_cue_soa.gen_mem[0].u_comp_ddr3.data_task: at time 145771966.0 ps INFO: READ @ DQS= bank = 0 row = 2000 col = 000001dc data = xxxx
tb_a7ng_ddr_cue_soa.gen_mem[0].u_comp_ddr3.data_task: at time 145773466.0 ps INFO: READ @ DQS= bank = 0 row = 2000 col = 000001dd data = xxxx
tb_a7ng_ddr_cue_soa.gen_mem[0].u_comp_ddr3.data_task: at time 145774966.0 ps INFO: READ @ DQS= bank = 0 row = 2000 col = 000001de data = xxxx
tb_a7ng_ddr_cue_soa.gen_mem[0].u_comp_ddr3.data_task: at time 145776466.0 ps INFO: READ @ DQS= bank = 0 row = 2000 col = 000001df data = xxxx
tb_a7ng_ddr_cue_soa.gen_mem[0].u_comp_ddr3.cmd_task: at time 145803466.0 ps INFO: Precharge bank   0
tb_a7ng_ddr_cue_soa.gen_mem[0].u_comp_ddr3.cmd_task: at time 146049466.0 ps INFO: Activate  bank 0 row 2000
tb_a7ng_ddr_cue_soa.gen_mem[0].u_comp_ddr3.cmd_task: at time 146064466.0 ps INFO: Read      bank 0 col 1e0, auto precharge 0
tb_a7ng_ddr_cue_soa.gen_mem[0].u_comp_ddr3.data_task: at time 146077966.0 ps INFO: READ @ DQS= bank = 0 row = 2000 col = 000001e0 data = xxxx
tb_a7ng_ddr_cue_soa.gen_mem[0].u_comp_ddr3.data_task: at time 146079466.0 ps INFO: READ @ DQS= bank = 0 row = 2000 col = 000001e1 data = xxxx
tb_a7ng_ddr_cue_soa.gen_mem[0].u_comp_ddr3.data_task: at time 146080966.0 ps INFO: READ @ DQS= bank = 0 row = 2000 col = 000001e2 data = xxxx
tb_a7ng_ddr_cue_soa.gen_mem[0].u_comp_ddr3.data_task: at time 146082466.0 ps INFO: READ @ DQS= bank = 0 row = 2000 col = 000001e3 data = xxxx
tb_a7ng_ddr_cue_soa.gen_mem[0].u_comp_ddr3.data_task: at time 146083966.0 ps INFO: READ @ DQS= bank = 0 row = 2000 col = 000001e4 data = xxxx
tb_a7ng_ddr_cue_soa.gen_mem[0].u_comp_ddr3.data_task: at time 146085466.0 ps INFO: READ @ DQS= bank = 0 row = 2000 col = 000001e5 data = xxxx
tb_a7ng_ddr_cue_soa.gen_mem[0].u_comp_ddr3.data_task: at time 146086966.0 ps INFO: READ @ DQS= bank = 0 row = 2000 col = 000001e6 data = xxxx
tb_a7ng_ddr_cue_soa.gen_mem[0].u_comp_ddr3.data_task: at time 146088466.0 ps INFO: READ @ DQS= bank = 0 row = 2000 col = 000001e7 data = xxxx
tb_a7ng_ddr_cue_soa.gen_mem[0].u_comp_ddr3.cmd_task: at time 146115466.0 ps INFO: Precharge bank   0
tb_a7ng_ddr_cue_soa.gen_mem[0].u_comp_ddr3.cmd_task: at time 146361466.0 ps INFO: Activate  bank 0 row 2000
tb_a7ng_ddr_cue_soa.gen_mem[0].u_comp_ddr3.cmd_task: at time 146376466.0 ps INFO: Read      bank 0 col 1e8, auto precharge 0
tb_a7ng_ddr_cue_soa.gen_mem[0].u_comp_ddr3.data_task: at time 146389966.0 ps INFO: READ @ DQS= bank = 0 row = 2000 col = 000001e8 data = xxxx
tb_a7ng_ddr_cue_soa.gen_mem[0].u_comp_ddr3.data_task: at time 146391466.0 ps INFO: READ @ DQS= bank = 0 row = 2000 col = 000001e9 data = xxxx
tb_a7ng_ddr_cue_soa.gen_mem[0].u_comp_ddr3.data_task: at time 146392966.0 ps INFO: READ @ DQS= bank = 0 row = 2000 col = 000001ea data = xxxx
tb_a7ng_ddr_cue_soa.gen_mem[0].u_comp_ddr3.data_task: at time 146394466.0 ps INFO: READ @ DQS= bank = 0 row = 2000 col = 000001eb data = xxxx
tb_a7ng_ddr_cue_soa.gen_mem[0].u_comp_ddr3.data_task: at time 146395966.0 ps INFO: READ @ DQS= bank = 0 row = 2000 col = 000001ec data = xxxx
tb_a7ng_ddr_cue_soa.gen_mem[0].u_comp_ddr3.data_task: at time 146397466.0 ps INFO: READ @ DQS= bank = 0 row = 2000 col = 000001ed data = xxxx
tb_a7ng_ddr_cue_soa.gen_mem[0].u_comp_ddr3.data_task: at time 146398966.0 ps INFO: READ @ DQS= bank = 0 row = 2000 col = 000001ee data = xxxx
tb_a7ng_ddr_cue_soa.gen_mem[0].u_comp_ddr3.data_task: at time 146400466.0 ps INFO: READ @ DQS= bank = 0 row = 2000 col = 000001ef data = xxxx
tb_a7ng_ddr_cue_soa.gen_mem[0].u_comp_ddr3.cmd_task: at time 146412466.0 ps INFO: Read      bank 0 col 1e8, auto precharge 0
tb_a7ng_ddr_cue_soa.gen_mem[0].u_comp_ddr3.cmd_task: at time 146424466.0 ps INFO: Read      bank 0 col 1e8, auto precharge 0
tb_a7ng_ddr_cue_soa.gen_mem[0].u_comp_ddr3.data_task: at time 146425966.0 ps INFO: READ @ DQS= bank = 0 row = 2000 col = 000001e8 data = xxxx
tb_a7ng_ddr_cue_soa.gen_mem[0].u_comp_ddr3.data_task: at time 146427466.0 ps INFO: READ @ DQS= bank = 0 row = 2000 col = 000001e9 data = xxxx
tb_a7ng_ddr_cue_soa.gen_mem[0].u_comp_ddr3.data_task: at time 146428966.0 ps INFO: READ @ DQS= bank = 0 row = 2000 col = 000001ea data = xxxx
tb_a7ng_ddr_cue_soa.gen_mem[0].u_comp_ddr3.data_task: at time 146430466.0 ps INFO: READ @ DQS= bank = 0 row = 2000 col = 000001eb data = xxxx
tb_a7ng_ddr_cue_soa.gen_mem[0].u_comp_ddr3.data_task: at time 146431966.0 ps INFO: READ @ DQS= bank = 0 row = 2000 col = 000001ec data = xxxx
tb_a7ng_ddr_cue_soa.gen_mem[0].u_comp_ddr3.data_task: at time 146433466.0 ps INFO: READ @ DQS= bank = 0 row = 2000 col = 000001ed data = xxxx
tb_a7ng_ddr_cue_soa.gen_mem[0].u_comp_ddr3.data_task: at time 146434966.0 ps INFO: READ @ DQS= bank = 0 row = 2000 col = 000001ee data = xxxx
tb_a7ng_ddr_cue_soa.gen_mem[0].u_comp_ddr3.data_task: at time 146436466.0 ps INFO: READ @ DQS= bank = 0 row = 2000 col = 000001ef data = xxxx
tb_a7ng_ddr_cue_soa.gen_mem[0].u_comp_ddr3.data_task: at time 146437966.0 ps INFO: READ @ DQS= bank = 0 row = 2000 col = 000001e8 data = xxxx
tb_a7ng_ddr_cue_soa.gen_mem[0].u_comp_ddr3.data_task: at time 146439466.0 ps INFO: READ @ DQS= bank = 0 row = 2000 col = 000001e9 data = xxxx
tb_a7ng_ddr_cue_soa.gen_mem[0].u_comp_ddr3.data_task: at time 146440966.0 ps INFO: READ @ DQS= bank = 0 row = 2000 col = 000001ea data = xxxx
tb_a7ng_ddr_cue_soa.gen_mem[0].u_comp_ddr3.data_task: at time 146442466.0 ps INFO: READ @ DQS= bank = 0 row = 2000 col = 000001eb data = xxxx
tb_a7ng_ddr_cue_soa.gen_mem[0].u_comp_ddr3.data_task: at time 146443966.0 ps INFO: READ @ DQS= bank = 0 row = 2000 col = 000001ec data = xxxx
tb_a7ng_ddr_cue_soa.gen_mem[0].u_comp_ddr3.data_task: at time 146445466.0 ps INFO: READ @ DQS= bank = 0 row = 2000 col = 000001ed data = xxxx
tb_a7ng_ddr_cue_soa.gen_mem[0].u_comp_ddr3.data_task: at time 146446966.0 ps INFO: READ @ DQS= bank = 0 row = 2000 col = 000001ee data = xxxx
tb_a7ng_ddr_cue_soa.gen_mem[0].u_comp_ddr3.data_task: at time 146448466.0 ps INFO: READ @ DQS= bank = 0 row = 2000 col = 000001ef data = xxxx
tb_a7ng_ddr_cue_soa.gen_mem[0].u_comp_ddr3.cmd_task: at time 146475466.0 ps INFO: Precharge bank   0
tb_a7ng_ddr_cue_soa.gen_mem[0].u_comp_ddr3.cmd_task: at time 146673466.0 ps INFO: Activate  bank 0 row 2000
tb_a7ng_ddr_cue_soa.gen_mem[0].u_comp_ddr3.cmd_task: at time 146688466.0 ps INFO: Read      bank 0 col 1f0, auto precharge 0
tb_a7ng_ddr_cue_soa.gen_mem[0].u_comp_ddr3.data_task: at time 146701966.0 ps INFO: READ @ DQS= bank = 0 row = 2000 col = 000001f0 data = xxxx
tb_a7ng_ddr_cue_soa.gen_mem[0].u_comp_ddr3.data_task: at time 146703466.0 ps INFO: READ @ DQS= bank = 0 row = 2000 col = 000001f1 data = xxxx
tb_a7ng_ddr_cue_soa.gen_mem[0].u_comp_ddr3.data_task: at time 146704966.0 ps INFO: READ @ DQS= bank = 0 row = 2000 col = 000001f2 data = xxxx
tb_a7ng_ddr_cue_soa.gen_mem[0].u_comp_ddr3.data_task: at time 146706466.0 ps INFO: READ @ DQS= bank = 0 row = 2000 col = 000001f3 data = xxxx
tb_a7ng_ddr_cue_soa.gen_mem[0].u_comp_ddr3.data_task: at time 146707966.0 ps INFO: READ @ DQS= bank = 0 row = 2000 col = 000001f4 data = xxxx
tb_a7ng_ddr_cue_soa.gen_mem[0].u_comp_ddr3.data_task: at time 146709466.0 ps INFO: READ @ DQS= bank = 0 row = 2000 col = 000001f5 data = xxxx
tb_a7ng_ddr_cue_soa.gen_mem[0].u_comp_ddr3.data_task: at time 146710966.0 ps INFO: READ @ DQS= bank = 0 row = 2000 col = 000001f6 data = xxxx
tb_a7ng_ddr_cue_soa.gen_mem[0].u_comp_ddr3.data_task: at time 146712466.0 ps INFO: READ @ DQS= bank = 0 row = 2000 col = 000001f7 data = xxxx
tb_a7ng_ddr_cue_soa.gen_mem[0].u_comp_ddr3.cmd_task: at time 146739466.0 ps INFO: Precharge bank   0
tb_a7ng_ddr_cue_soa.gen_mem[0].u_comp_ddr3.cmd_task: at time 146985466.0 ps INFO: Activate  bank 0 row 2000
tb_a7ng_ddr_cue_soa.gen_mem[0].u_comp_ddr3.cmd_task: at time 147000466.0 ps INFO: Read      bank 0 col 1f8, auto precharge 0
tb_a7ng_ddr_cue_soa.gen_mem[0].u_comp_ddr3.data_task: at time 147013966.0 ps INFO: READ @ DQS= bank = 0 row = 2000 col = 000001f8 data = xxxx
tb_a7ng_ddr_cue_soa.gen_mem[0].u_comp_ddr3.data_task: at time 147015466.0 ps INFO: READ @ DQS= bank = 0 row = 2000 col = 000001f9 data = xxxx
tb_a7ng_ddr_cue_soa.gen_mem[0].u_comp_ddr3.data_task: at time 147016966.0 ps INFO: READ @ DQS= bank = 0 row = 2000 col = 000001fa data = xxxx
tb_a7ng_ddr_cue_soa.gen_mem[0].u_comp_ddr3.data_task: at time 147018466.0 ps INFO: READ @ DQS= bank = 0 row = 2000 col = 000001fb data = xxxx
tb_a7ng_ddr_cue_soa.gen_mem[0].u_comp_ddr3.data_task: at time 147019966.0 ps INFO: READ @ DQS= bank = 0 row = 2000 col = 000001fc data = xxxx
tb_a7ng_ddr_cue_soa.gen_mem[0].u_comp_ddr3.data_task: at time 147021466.0 ps INFO: READ @ DQS= bank = 0 row = 2000 col = 000001fd data = xxxx
tb_a7ng_ddr_cue_soa.gen_mem[0].u_comp_ddr3.data_task: at time 147022966.0 ps INFO: READ @ DQS= bank = 0 row = 2000 col = 000001fe data = xxxx
tb_a7ng_ddr_cue_soa.gen_mem[0].u_comp_ddr3.data_task: at time 147024466.0 ps INFO: READ @ DQS= bank = 0 row = 2000 col = 000001ff data = xxxx
tb_a7ng_ddr_cue_soa.gen_mem[0].u_comp_ddr3.cmd_task: at time 147051466.0 ps INFO: Precharge bank   0
P4_MIG_HIER empty_stall=0 r_backpressure=0 axi_read_bytes=1024 delivered=64
P4_MIG_LANE_ACT_SUM=48 ELIG=1699 FIRE=12 PHYS=4
P4_MIG_LANE_UTIL=0.007063 STALL_FRAC=0.000000
=== SOA_PATTERN p=1 burst=1 out=1 ===
SOA_AR_ORDER first4_cnt=0 prior_in_first4=0
SOA_DELTA axi_read_bytes=1024 axi_read_beats=64 (expect 832/52)
SOA_CONTROL aos_bytes=1024 reduction_bytes=0 bytes_per_cand=16.0000 (aos=16.0000)
SOA_PLANE id_beats=64 cue_beats=0 prior_beats=0
SOA_PLANE_CREDIT id=1024 cue=0 prior=0 total=1024
SOA_SCORE delivered=64 waves=4 data_mismatch=64 topk_batches=4
SOA_PATTERN_FAIL p=1 BYTES got=1024 expect=832
SOA_PATTERN_FAIL p=1 BEATS got=64 expect=52
SOA_PATTERN_FAIL p=1 DATA_MISMATCH=64
tb_a7ng_ddr_cue_soa.gen_mem[0].u_comp_ddr3.cmd_task: at time 147369466.0 ps INFO: Activate  bank 0 row 2000
tb_a7ng_ddr_cue_soa.gen_mem[0].u_comp_ddr3.cmd_task: at time 147384466.0 ps INFO: Read      bank 0 col 1f8, auto precharge 0
tb_a7ng_ddr_cue_soa.gen_mem[0].u_comp_ddr3.cmd_task: at time 147396466.0 ps INFO: Read      bank 0 col 1f8, auto precharge 0
tb_a7ng_ddr_cue_soa.gen_mem[0].u_comp_ddr3.data_task: at time 147397966.0 ps INFO: READ @ DQS= bank = 0 row = 2000 col = 000001f8 data = xxxx
tb_a7ng_ddr_cue_soa.gen_mem[0].u_comp_ddr3.data_task: at time 147399466.0 ps INFO: READ @ DQS= bank = 0 row = 2000 col = 000001f9 data = xxxx
tb_a7ng_ddr_cue_soa.gen_mem[0].u_comp_ddr3.data_task: at time 147400966.0 ps INFO: READ @ DQS= bank = 0 row = 2000 col = 000001fa data = xxxx
tb_a7ng_ddr_cue_soa.gen_mem[0].u_comp_ddr3.data_task: at time 147402466.0 ps INFO: READ @ DQS= bank = 0 row = 2000 col = 000001fb data = xxxx
tb_a7ng_ddr_cue_soa.gen_mem[0].u_comp_ddr3.data_task: at time 147403966.0 ps INFO: READ @ DQS= bank = 0 row = 2000 col = 000001fc data = xxxx
tb_a7ng_ddr_cue_soa.gen_mem[0].u_comp_ddr3.data_task: at time 147405466.0 ps INFO: READ @ DQS= bank = 0 row = 2000 col = 000001fd data = xxxx
tb_a7ng_ddr_cue_soa.gen_mem[0].u_comp_ddr3.data_task: at time 147406966.0 ps INFO: READ @ DQS= bank = 0 row = 2000 col = 000001fe data = xxxx
tb_a7ng_ddr_cue_soa.gen_mem[0].u_comp_ddr3.data_task: at time 147408466.0 ps INFO: READ @ DQS= bank = 0 row = 2000 col = 000001ff data = xxxx
tb_a7ng_ddr_cue_soa.gen_mem[0].u_comp_ddr3.data_task: at time 147409966.0 ps INFO: READ @ DQS= bank = 0 row = 2000 col = 000001f8 data = xxxx
tb_a7ng_ddr_cue_soa.gen_mem[0].u_comp_ddr3.data_task: at time 147411466.0 ps INFO: READ @ DQS= bank = 0 row = 2000 col = 000001f9 data = xxxx
tb_a7ng_ddr_cue_soa.gen_mem[0].u_comp_ddr3.data_task: at time 147412966.0 ps INFO: READ @ DQS= bank = 0 row = 2000 col = 000001fa data = xxxx
tb_a7ng_ddr_cue_soa.gen_mem[0].u_comp_ddr3.data_task: at time 147414466.0 ps INFO: READ @ DQS= bank = 0 row = 2000 col = 000001fb data = xxxx
tb_a7ng_ddr_cue_soa.gen_mem[0].u_comp_ddr3.data_task: at time 147415966.0 ps INFO: READ @ DQS= bank = 0 row = 2000 col = 000001fc data = xxxx
tb_a7ng_ddr_cue_soa.gen_mem[0].u_comp_ddr3.data_task: at time 147417466.0 ps INFO: READ @ DQS= bank = 0 row = 2000 col = 000001fd data = xxxx
tb_a7ng_ddr_cue_soa.gen_mem[0].u_comp_ddr3.data_task: at time 147418966.0 ps INFO: READ @ DQS= bank = 0 row = 2000 col = 000001fe data = xxxx
tb_a7ng_ddr_cue_soa.gen_mem[0].u_comp_ddr3.data_task: at time 147420466.0 ps INFO: READ @ DQS= bank = 0 row = 2000 col = 000001ff data = xxxx
tb_a7ng_ddr_cue_soa.gen_mem[0].u_comp_ddr3.cmd_task: at time 147447466.0 ps INFO: Precharge bank   0
=== SOA_PATTERN p=2 burst=4 out=8 ===
SOA_AR_ORDER first4_cnt=0 prior_in_first4=0
SOA_DELTA axi_read_bytes=1024 axi_read_beats=64 (expect 832/52)
SOA_CONTROL aos_bytes=1024 reduction_bytes=0 bytes_per_cand=16.0000 (aos=16.0000)
SOA_PLANE id_beats=64 cue_beats=0 prior_beats=0
SOA_PLANE_CREDIT id=1024 cue=0 prior=0 total=1024
SOA_SCORE delivered=64 waves=4 data_mismatch=64 topk_batches=4
SOA_PATTERN_FAIL p=2 BYTES got=1024 expect=832
SOA_PATTERN_FAIL p=2 BEATS got=64 expect=52
SOA_PATTERN_FAIL p=2 DATA_MISMATCH=64
A7NG_DDR_CUE_SOA_XSIM_FAIL fails=2
$finish called at time : 147854625 ps : File "D:/Jetking_sem4/SEM_4/arty-a7-online-lm-g14-preboard-00/tests/xsim/tb_a7ng_ddr_cue_soa.sv" Line 476
run: Time (s): cpu = 00:00:01 ; elapsed = 00:03:46 . Memory (MB): peak = 235.422 ; gain = 0.000
exit
INFO: xsimkernel Simulation Memory Usage: 85132 KB (Peak: 85132 KB), Simulation CPU Usage: 200702 ms
INFO: [Common 17-206] Exiting xsim at Fri Sep  4 00:35:48 2026...
