Copyright 1986-2022 Xilinx, Inc. All Rights Reserved. Copyright 2022-2026 Advanced Micro Devices, Inc. All Rights Reserved.
---------------------------------------------------------------------------------------------------------------------------------------------------------
| Tool Version : Vivado v.2026.1 (win64) Build 6511674 Tue Jun 16 11:02:23 MDT 2026
| Date         : Tue Aug 25 07:49:22 2026
| Host         : laptop-Quan running 64-bit major release  (build 9200)
| Command      : report_cdc -details -file D:/Jetking_sem4/SEM_4/arty-a7-online-lm-board/results/A7-NATIVE-GRAPH/E2R-CLOCK-CDC-00/report_cdc_details.rpt
| Design       : arty_a7_ng_native_v1_ab_soc_top
| Device       : 7a100t-csg324
| Speed File   : -1  PRODUCTION 1.23 2018-06-13
| Design State : Physopt postRoute
---------------------------------------------------------------------------------------------------------------------------------------------------------

CDC Report

ID      Severity  Count  Description
------  --------  -----  ---------------------------------------------------------------
CDC-1   Critical    293  1-bit unknown CDC circuitry
CDC-2   Warning      14  1-bit synchronized with missing ASYNC_REG property
CDC-3   Info          7  1-bit synchronized with ASYNC_REG property
CDC-4   Critical      1  Multi-bit unknown CDC circuitry
CDC-6   Warning       8  Multi-bit synchronized with ASYNC_REG property
CDC-8   Warning       1  Asynchronous reset synchronized with missing ASYNC_REG property
CDC-10  Critical      4  Combinational logic detected before a synchronizer
CDC-13  Critical    160  1-bit CDC path on a non-FD primitive
CDC-15  Warning     312  Clock enable controlled CDC structure detected

Source Clock: c166_raw
Destination Clock: c200_raw
CDC Type: User Ignored

Row  ID     Severity  Description                                                      Depth  Exception   Source (From)    Destination (To)
---  -----  --------  ---------------------------------------------------------------  -----  ----------  ---------------  ---------------------------------------------------------------------------
  1  CDC-8  Warning   Asynchronous reset synchronized with missing ASYNC_REG property     15  False Path  mig_rst_n_reg/C  u_mig/u_mig/u_mig_7series_0_mig/u_iodelay_ctrl/rst_ref_sync_r_reg[0][0]/PRE

Source Clock: clk_pll_i
Destination Clock: c200_raw
CDC Type: Safely Timed

Row  ID     Severity  Description                                 Depth  Exception                Source (From)                                                                    Destination (To)
---  -----  --------  ------------------------------------------  -----  -----------------------  -------------------------------------------------------------------------------  -------------------------------------------------------------------------------------------------
  1  CDC-3  Info      1-bit synchronized with ASYNC_REG property      2  Max Delay Datapath Only  u_mig/u_mig/u_mig_7series_0_mig/u_ddr3_infrastructure/rstdiv0_sync_r1_reg_rep/C  u_mig/u_mig/u_mig_7series_0_mig/temp_mon_enabled.u_tempmon/xadc_supplied_temperature.rst_r1_reg/D

Source Clock: c166_raw
Destination Clock: clk_div2_bufg_in
CDC Type: User Ignored

Row  ID      Severity  Description                                         Depth  Exception   Source (From)    Destination (To)
---  ------  --------  --------------------------------------------------  -----  ----------  ---------------  -------------------------------------------------------------------------------
  1  CDC-10  Critical  Combinational logic detected before a synchronizer     13  False Path  mig_rst_n_reg/C  u_mig/u_mig/u_mig_7series_0_mig/u_ddr3_infrastructure/rstdiv2_sync_r_reg[0]/PRE

Source Clock: c166_raw
Destination Clock: clk_pll_i
CDC Type: User Ignored

Row  ID      Severity  Description                                         Depth  Exception   Source (From)    Destination (To)
---  ------  --------  --------------------------------------------------  -----  ----------  ---------------  -------------------------------------------------------------------------------
  1  CDC-10  Critical  Combinational logic detected before a synchronizer     12  False Path  mig_rst_n_reg/C  u_mig/u_mig/u_mig_7series_0_mig/u_ddr3_infrastructure/rstdiv0_sync_r_reg[0]/PRE

Source Clock: core_raw
Destination Clock: clk_pll_i
CDC Type: User Ignored

Row  ID      Severity  Description                                         Depth  Exception            Source (From)                                                                                                                                     Destination (To)
---  ------  --------  --------------------------------------------------  -----  -------------------  ------------------------------------------------------------------------------------------------------------------------------------------------  -------------------------------------------------------------------------------------------------------------------------
  1  CDC-1   Critical  1-bit unknown CDC circuitry                             0  Asynch Clock Groups  u_ab/u_core/u_w/TILE.is_flush_reg/C                                                                                                               u_ab/u_core/u_w/FSM_sequential_TILE.dst_reg[0]/D
  2  CDC-15  Warning   Clock enable controlled CDC structure detected          0  Asynch Clock Groups  u_ab/u_core/u_w/TILE.ch_reg[0]/C                                                                                                                  u_ab/u_core/u_w/TILE.dma_addr_reg[7]/D
  3  CDC-15  Warning   Clock enable controlled CDC structure detected          0  Asynch Clock Groups  u_ab/u_core/u_w/TILE.ch_reg[1]/C                                                                                                                  u_ab/u_core/u_w/TILE.dma_addr_reg[8]/D
  4  CDC-15  Warning   Clock enable controlled CDC structure detected          0  Asynch Clock Groups  u_ab/u_core/u_w/TILE.ch_reg[2]/C                                                                                                                  u_ab/u_core/u_w/TILE.dma_addr_reg[9]/D
  5  CDC-15  Warning   Clock enable controlled CDC structure detected          0  Asynch Clock Groups  u_ab/u_core/u_w/TILE.ch_reg[3]/C                                                                                                                  u_ab/u_core/u_w/TILE.dma_addr_reg[10]/D
  6  CDC-15  Warning   Clock enable controlled CDC structure detected          0  Asynch Clock Groups  u_ab/u_core/u_w/TILE.ch_reg[4]/C                                                                                                                  u_ab/u_core/u_w/TILE.dma_addr_reg[11]/D
  7  CDC-15  Warning   Clock enable controlled CDC structure detected          0  Asynch Clock Groups  u_ab/u_core/u_w/TILE.ch_reg[5]/C                                                                                                                  u_ab/u_core/u_w/TILE.dma_addr_reg[12]/D
  8  CDC-15  Warning   Clock enable controlled CDC structure detected          0  Asynch Clock Groups  u_ab/u_core/u_w/TILE.ch_reg[6]/C                                                                                                                  u_ab/u_core/u_w/TILE.dma_addr_reg[13]/D
  9  CDC-15  Warning   Clock enable controlled CDC structure detected          0  Asynch Clock Groups  u_ab/u_core/u_w/TILE.hold_rg_reg[1]/C                                                                                                             u_ab/u_core/u_w/TILE.dma_addr_reg[14]/D
 10  CDC-15  Warning   Clock enable controlled CDC structure detected          0  Asynch Clock Groups  u_ab/u_core/u_w/TILE.hold_rg_reg[1]/C                                                                                                             u_ab/u_core/u_w/TILE.dma_addr_reg[15]/D
 11  CDC-15  Warning   Clock enable controlled CDC structure detected          0  Asynch Clock Groups  u_ab/u_core/u_w/TILE.hold_rg_reg[1]/C                                                                                                             u_ab/u_core/u_w/TILE.dma_addr_reg[16]/D
 12  CDC-15  Warning   Clock enable controlled CDC structure detected          0  Asynch Clock Groups  u_ab/u_core/u_w/TILE.hold_rg_reg[1]/C                                                                                                             u_ab/u_core/u_w/TILE.dma_addr_reg[17]/D
 13  CDC-15  Warning   Clock enable controlled CDC structure detected          0  Asynch Clock Groups  u_ab/u_core/u_w/TILE.hold_rg_reg[1]/C                                                                                                             u_ab/u_core/u_w/TILE.dma_addr_reg[18]/D
 14  CDC-15  Warning   Clock enable controlled CDC structure detected          0  Asynch Clock Groups  u_ab/u_core/u_w/TILE.hold_rg_reg[1]/C                                                                                                             u_ab/u_core/u_w/TILE.dma_addr_reg[19]/D
 15  CDC-15  Warning   Clock enable controlled CDC structure detected          0  Asynch Clock Groups  u_ab/u_core/u_w/TILE.hold_rg_reg[1]/C                                                                                                             u_ab/u_core/u_w/TILE.dma_addr_reg[20]/D
 16  CDC-15  Warning   Clock enable controlled CDC structure detected          0  Asynch Clock Groups  u_ab/u_core/u_w/TILE.hold_rg_reg[1]/C                                                                                                             u_ab/u_core/u_w/TILE.dma_addr_reg[21]/D
 17  CDC-1   Critical  1-bit unknown CDC circuitry                             0  Asynch Clock Groups  u_ab/u_core/u_w/TILE.is_flush_reg/C                                                                                                               u_ab/u_core/u_w/TILE.dma_wr_reg/D
 18  CDC-2   Warning   1-bit synchronized with missing ASYNC_REG property      2  Asynch Clock Groups  u_ab/u_core/u_w/TILE.req_reg/C                                                                                                                    u_ab/u_core/u_w/TILE.req_s_reg[0]/D
 19  CDC-15  Warning   Clock enable controlled CDC structure detected          0  Asynch Clock Groups  u_axi_cdc/u_ar_fifo/gnuram_async_fifo.xpm_fifo_base_inst/gen_sdpram.xpm_memory_base_inst/gen_wr_a.gen_word_narrow.mem_reg_0_15_0_5/RAMA/CLK       u_axi_cdc/s_araddr_r_reg[0]/D
 20  CDC-15  Warning   Clock enable controlled CDC structure detected          0  Asynch Clock Groups  u_axi_cdc/u_ar_fifo/gnuram_async_fifo.xpm_fifo_base_inst/gen_sdpram.xpm_memory_base_inst/gen_wr_a.gen_word_narrow.mem_reg_0_15_0_5/RAMA_D1/CLK    u_axi_cdc/s_araddr_r_reg[1]/D
 21  CDC-15  Warning   Clock enable controlled CDC structure detected          0  Asynch Clock Groups  u_axi_cdc/u_ar_fifo/gnuram_async_fifo.xpm_fifo_base_inst/gen_sdpram.xpm_memory_base_inst/gen_wr_a.gen_word_narrow.mem_reg_0_15_0_5/RAMB/CLK       u_axi_cdc/s_araddr_r_reg[2]/D
 22  CDC-15  Warning   Clock enable controlled CDC structure detected          0  Asynch Clock Groups  u_axi_cdc/u_ar_fifo/gnuram_async_fifo.xpm_fifo_base_inst/gen_sdpram.xpm_memory_base_inst/gen_wr_a.gen_word_narrow.mem_reg_0_15_0_5/RAMB_D1/CLK    u_axi_cdc/s_araddr_r_reg[3]/D
 23  CDC-15  Warning   Clock enable controlled CDC structure detected          0  Asynch Clock Groups  u_axi_cdc/u_ar_fifo/gnuram_async_fifo.xpm_fifo_base_inst/gen_sdpram.xpm_memory_base_inst/gen_wr_a.gen_word_narrow.mem_reg_0_15_0_5/RAMC/CLK       u_axi_cdc/s_araddr_r_reg[4]/D
 24  CDC-15  Warning   Clock enable controlled CDC structure detected          0  Asynch Clock Groups  u_axi_cdc/u_ar_fifo/gnuram_async_fifo.xpm_fifo_base_inst/gen_sdpram.xpm_memory_base_inst/gen_wr_a.gen_word_narrow.mem_reg_0_15_0_5/RAMC_D1/CLK    u_axi_cdc/s_araddr_r_reg[5]/D
 25  CDC-15  Warning   Clock enable controlled CDC structure detected          0  Asynch Clock Groups  u_axi_cdc/u_ar_fifo/gnuram_async_fifo.xpm_fifo_base_inst/gen_sdpram.xpm_memory_base_inst/gen_wr_a.gen_word_narrow.mem_reg_0_15_6_11/RAMA/CLK      u_axi_cdc/s_araddr_r_reg[6]/D
 26  CDC-15  Warning   Clock enable controlled CDC structure detected          0  Asynch Clock Groups  u_axi_cdc/u_ar_fifo/gnuram_async_fifo.xpm_fifo_base_inst/gen_sdpram.xpm_memory_base_inst/gen_wr_a.gen_word_narrow.mem_reg_0_15_6_11/RAMA_D1/CLK   u_axi_cdc/s_araddr_r_reg[7]/D
 27  CDC-15  Warning   Clock enable controlled CDC structure detected          0  Asynch Clock Groups  u_axi_cdc/u_ar_fifo/gnuram_async_fifo.xpm_fifo_base_inst/gen_sdpram.xpm_memory_base_inst/gen_wr_a.gen_word_narrow.mem_reg_0_15_6_11/RAMB/CLK      u_axi_cdc/s_araddr_r_reg[8]/D
 28  CDC-15  Warning   Clock enable controlled CDC structure detected          0  Asynch Clock Groups  u_axi_cdc/u_ar_fifo/gnuram_async_fifo.xpm_fifo_base_inst/gen_sdpram.xpm_memory_base_inst/gen_wr_a.gen_word_narrow.mem_reg_0_15_6_11/RAMB_D1/CLK   u_axi_cdc/s_araddr_r_reg[9]/D
 29  CDC-15  Warning   Clock enable controlled CDC structure detected          0  Asynch Clock Groups  u_axi_cdc/u_ar_fifo/gnuram_async_fifo.xpm_fifo_base_inst/gen_sdpram.xpm_memory_base_inst/gen_wr_a.gen_word_narrow.mem_reg_0_15_6_11/RAMC/CLK      u_axi_cdc/s_araddr_r_reg[10]/D
 30  CDC-15  Warning   Clock enable controlled CDC structure detected          0  Asynch Clock Groups  u_axi_cdc/u_ar_fifo/gnuram_async_fifo.xpm_fifo_base_inst/gen_sdpram.xpm_memory_base_inst/gen_wr_a.gen_word_narrow.mem_reg_0_15_6_11/RAMC_D1/CLK   u_axi_cdc/s_araddr_r_reg[11]/D
 31  CDC-15  Warning   Clock enable controlled CDC structure detected          0  Asynch Clock Groups  u_axi_cdc/u_ar_fifo/gnuram_async_fifo.xpm_fifo_base_inst/gen_sdpram.xpm_memory_base_inst/gen_wr_a.gen_word_narrow.mem_reg_0_15_12_17/RAMA/CLK     u_axi_cdc/s_araddr_r_reg[12]/D
 32  CDC-15  Warning   Clock enable controlled CDC structure detected          0  Asynch Clock Groups  u_axi_cdc/u_ar_fifo/gnuram_async_fifo.xpm_fifo_base_inst/gen_sdpram.xpm_memory_base_inst/gen_wr_a.gen_word_narrow.mem_reg_0_15_12_17/RAMA_D1/CLK  u_axi_cdc/s_araddr_r_reg[13]/D
 33  CDC-15  Warning   Clock enable controlled CDC structure detected          0  Asynch Clock Groups  u_axi_cdc/u_ar_fifo/gnuram_async_fifo.xpm_fifo_base_inst/gen_sdpram.xpm_memory_base_inst/gen_wr_a.gen_word_narrow.mem_reg_0_15_12_17/RAMB/CLK     u_axi_cdc/s_araddr_r_reg[14]/D
 34  CDC-15  Warning   Clock enable controlled CDC structure detected          0  Asynch Clock Groups  u_axi_cdc/u_ar_fifo/gnuram_async_fifo.xpm_fifo_base_inst/gen_sdpram.xpm_memory_base_inst/gen_wr_a.gen_word_narrow.mem_reg_0_15_12_17/RAMB_D1/CLK  u_axi_cdc/s_araddr_r_reg[15]/D
 35  CDC-15  Warning   Clock enable controlled CDC structure detected          0  Asynch Clock Groups  u_axi_cdc/u_ar_fifo/gnuram_async_fifo.xpm_fifo_base_inst/gen_sdpram.xpm_memory_base_inst/gen_wr_a.gen_word_narrow.mem_reg_0_15_12_17/RAMC/CLK     u_axi_cdc/s_araddr_r_reg[16]/D
 36  CDC-15  Warning   Clock enable controlled CDC structure detected          0  Asynch Clock Groups  u_axi_cdc/u_ar_fifo/gnuram_async_fifo.xpm_fifo_base_inst/gen_sdpram.xpm_memory_base_inst/gen_wr_a.gen_word_narrow.mem_reg_0_15_12_17/RAMC_D1/CLK  u_axi_cdc/s_araddr_r_reg[17]/D
 37  CDC-15  Warning   Clock enable controlled CDC structure detected          0  Asynch Clock Groups  u_axi_cdc/u_ar_fifo/gnuram_async_fifo.xpm_fifo_base_inst/gen_sdpram.xpm_memory_base_inst/gen_wr_a.gen_word_narrow.mem_reg_0_15_18_23/RAMA/CLK     u_axi_cdc/s_araddr_r_reg[18]/D
 38  CDC-15  Warning   Clock enable controlled CDC structure detected          0  Asynch Clock Groups  u_axi_cdc/u_ar_fifo/gnuram_async_fifo.xpm_fifo_base_inst/gen_sdpram.xpm_memory_base_inst/gen_wr_a.gen_word_narrow.mem_reg_0_15_18_23/RAMA_D1/CLK  u_axi_cdc/s_araddr_r_reg[19]/D
 39  CDC-15  Warning   Clock enable controlled CDC structure detected          0  Asynch Clock Groups  u_axi_cdc/u_ar_fifo/gnuram_async_fifo.xpm_fifo_base_inst/gen_sdpram.xpm_memory_base_inst/gen_wr_a.gen_word_narrow.mem_reg_0_15_18_23/RAMB/CLK     u_axi_cdc/s_araddr_r_reg[20]/D
 40  CDC-15  Warning   Clock enable controlled CDC structure detected          0  Asynch Clock Groups  u_axi_cdc/u_ar_fifo/gnuram_async_fifo.xpm_fifo_base_inst/gen_sdpram.xpm_memory_base_inst/gen_wr_a.gen_word_narrow.mem_reg_0_15_18_23/RAMB_D1/CLK  u_axi_cdc/s_araddr_r_reg[21]/D
 41  CDC-15  Warning   Clock enable controlled CDC structure detected          0  Asynch Clock Groups  u_axi_cdc/u_ar_fifo/gnuram_async_fifo.xpm_fifo_base_inst/gen_sdpram.xpm_memory_base_inst/gen_wr_a.gen_word_narrow.mem_reg_0_15_18_23/RAMC/CLK     u_axi_cdc/s_araddr_r_reg[22]/D
 42  CDC-15  Warning   Clock enable controlled CDC structure detected          0  Asynch Clock Groups  u_axi_cdc/u_ar_fifo/gnuram_async_fifo.xpm_fifo_base_inst/gen_sdpram.xpm_memory_base_inst/gen_wr_a.gen_word_narrow.mem_reg_0_15_18_23/RAMC_D1/CLK  u_axi_cdc/s_araddr_r_reg[23]/D
 43  CDC-15  Warning   Clock enable controlled CDC structure detected          0  Asynch Clock Groups  u_axi_cdc/u_ar_fifo/gnuram_async_fifo.xpm_fifo_base_inst/gen_sdpram.xpm_memory_base_inst/gen_wr_a.gen_word_narrow.mem_reg_0_15_24_29/RAMA/CLK     u_axi_cdc/s_araddr_r_reg[24]/D
 44  CDC-15  Warning   Clock enable controlled CDC structure detected          0  Asynch Clock Groups  u_axi_cdc/u_ar_fifo/gnuram_async_fifo.xpm_fifo_base_inst/gen_sdpram.xpm_memory_base_inst/gen_wr_a.gen_word_narrow.mem_reg_0_15_24_29/RAMA_D1/CLK  u_axi_cdc/s_araddr_r_reg[25]/D
 45  CDC-15  Warning   Clock enable controlled CDC structure detected          0  Asynch Clock Groups  u_axi_cdc/u_ar_fifo/gnuram_async_fifo.xpm_fifo_base_inst/gen_sdpram.xpm_memory_base_inst/gen_wr_a.gen_word_narrow.mem_reg_0_15_24_29/RAMB/CLK     u_axi_cdc/s_araddr_r_reg[26]/D
 46  CDC-15  Warning   Clock enable controlled CDC structure detected          0  Asynch Clock Groups  u_axi_cdc/u_ar_fifo/gnuram_async_fifo.xpm_fifo_base_inst/gen_sdpram.xpm_memory_base_inst/gen_wr_a.gen_word_narrow.mem_reg_0_15_24_29/RAMB_D1/CLK  u_axi_cdc/s_araddr_r_reg[27]/D
 47  CDC-15  Warning   Clock enable controlled CDC structure detected          0  Asynch Clock Groups  u_axi_cdc/u_ar_fifo/gnuram_async_fifo.xpm_fifo_base_inst/gen_sdpram.xpm_memory_base_inst/gen_wr_a.gen_word_narrow.mem_reg_0_15_42_46/RAMA/CLK     u_axi_cdc/s_arburst_r_reg[1]/D
 48  CDC-15  Warning   Clock enable controlled CDC structure detected          0  Asynch Clock Groups  u_axi_cdc/u_ar_fifo/gnuram_async_fifo.xpm_fifo_base_inst/gen_sdpram.xpm_memory_base_inst/gen_wr_a.gen_word_narrow.mem_reg_0_15_42_46/RAMB/CLK     u_axi_cdc/s_arid_r_reg[0]/D
 49  CDC-15  Warning   Clock enable controlled CDC structure detected          0  Asynch Clock Groups  u_axi_cdc/u_ar_fifo/gnuram_async_fifo.xpm_fifo_base_inst/gen_sdpram.xpm_memory_base_inst/gen_wr_a.gen_word_narrow.mem_reg_0_15_42_46/RAMB_D1/CLK  u_axi_cdc/s_arid_r_reg[1]/D
 50  CDC-15  Warning   Clock enable controlled CDC structure detected          0  Asynch Clock Groups  u_axi_cdc/u_ar_fifo/gnuram_async_fifo.xpm_fifo_base_inst/gen_sdpram.xpm_memory_base_inst/gen_wr_a.gen_word_narrow.mem_reg_0_15_42_46/RAMC/CLK     u_axi_cdc/s_arid_r_reg[2]/D
 51  CDC-15  Warning   Clock enable controlled CDC structure detected          0  Asynch Clock Groups  u_axi_cdc/u_ar_fifo/gnuram_async_fifo.xpm_fifo_base_inst/gen_sdpram.xpm_memory_base_inst/gen_wr_a.gen_word_narrow.mem_reg_0_15_24_29/RAMC/CLK     u_axi_cdc/s_arlen_r_reg[0]/D
 52  CDC-15  Warning   Clock enable controlled CDC structure detected          0  Asynch Clock Groups  u_axi_cdc/u_ar_fifo/gnuram_async_fifo.xpm_fifo_base_inst/gen_sdpram.xpm_memory_base_inst/gen_wr_a.gen_word_narrow.mem_reg_0_15_24_29/RAMC_D1/CLK  u_axi_cdc/s_arlen_r_reg[1]/D
 53  CDC-15  Warning   Clock enable controlled CDC structure detected          0  Asynch Clock Groups  u_axi_cdc/u_ar_fifo/gnuram_async_fifo.xpm_fifo_base_inst/gen_sdpram.xpm_memory_base_inst/gen_wr_a.gen_word_narrow.mem_reg_0_15_30_35/RAMA/CLK     u_axi_cdc/s_arlen_r_reg[2]/D
 54  CDC-15  Warning   Clock enable controlled CDC structure detected          0  Asynch Clock Groups  u_axi_cdc/u_ar_fifo/gnuram_async_fifo.xpm_fifo_base_inst/gen_sdpram.xpm_memory_base_inst/gen_wr_a.gen_word_narrow.mem_reg_0_15_30_35/RAMA_D1/CLK  u_axi_cdc/s_arlen_r_reg[3]/D
 55  CDC-15  Warning   Clock enable controlled CDC structure detected          0  Asynch Clock Groups  u_axi_cdc/u_ar_fifo/gnuram_async_fifo.xpm_fifo_base_inst/gen_sdpram.xpm_memory_base_inst/gen_wr_a.gen_word_narrow.mem_reg_0_15_30_35/RAMB/CLK     u_axi_cdc/s_arlen_r_reg[4]/D
 56  CDC-15  Warning   Clock enable controlled CDC structure detected          0  Asynch Clock Groups  u_axi_cdc/u_ar_fifo/gnuram_async_fifo.xpm_fifo_base_inst/gen_sdpram.xpm_memory_base_inst/gen_wr_a.gen_word_narrow.mem_reg_0_15_30_35/RAMB_D1/CLK  u_axi_cdc/s_arlen_r_reg[5]/D
 57  CDC-15  Warning   Clock enable controlled CDC structure detected          0  Asynch Clock Groups  u_axi_cdc/u_ar_fifo/gnuram_async_fifo.xpm_fifo_base_inst/gen_sdpram.xpm_memory_base_inst/gen_wr_a.gen_word_narrow.mem_reg_0_15_30_35/RAMC/CLK     u_axi_cdc/s_arlen_r_reg[6]/D
 58  CDC-15  Warning   Clock enable controlled CDC structure detected          0  Asynch Clock Groups  u_axi_cdc/u_ar_fifo/gnuram_async_fifo.xpm_fifo_base_inst/gen_sdpram.xpm_memory_base_inst/gen_wr_a.gen_word_narrow.mem_reg_0_15_30_35/RAMC_D1/CLK  u_axi_cdc/s_arlen_r_reg[7]/D
 59  CDC-6   Warning   Multi-bit synchronized with ASYNC_REG property          2  Asynch Clock Groups  u_axi_cdc/u_ar_fifo/gnuram_async_fifo.xpm_fifo_base_inst/gen_cdc_pntr.wr_pntr_cdc_dc_inst/src_gray_ff_reg[4:0]/C                                  u_axi_cdc/u_ar_fifo/gnuram_async_fifo.xpm_fifo_base_inst/gen_cdc_pntr.wr_pntr_cdc_dc_inst/dest_graysync_ff_reg[0][4:0]/D
 60  CDC-6   Warning   Multi-bit synchronized with ASYNC_REG property          2  Asynch Clock Groups  u_axi_cdc/u_ar_fifo/gnuram_async_fifo.xpm_fifo_base_inst/gen_cdc_pntr.wr_pntr_cdc_inst/src_gray_ff_reg[3:0]/C                                     u_axi_cdc/u_ar_fifo/gnuram_async_fifo.xpm_fifo_base_inst/gen_cdc_pntr.wr_pntr_cdc_inst/dest_graysync_ff_reg[0][3:0]/D
 61  CDC-3   Info      1-bit synchronized with ASYNC_REG property              2  Asynch Clock Groups  u_axi_cdc/u_ar_fifo/gnuram_async_fifo.xpm_fifo_base_inst/xpm_fifo_rst_inst/gen_rst_ic.fifo_wr_rst_ic_reg/C                                        u_axi_cdc/u_ar_fifo/gnuram_async_fifo.xpm_fifo_base_inst/xpm_fifo_rst_inst/gen_rst_ic.wrst_rd_inst/syncstages_ff_reg[0]/D
 62  CDC-6   Warning   Multi-bit synchronized with ASYNC_REG property          2  Asynch Clock Groups  u_axi_cdc/u_r_fifo/gnuram_async_fifo.xpm_fifo_base_inst/gen_cdc_pntr.rd_pntr_cdc_dc_inst/src_gray_ff_reg[5:0]/C                                   u_axi_cdc/u_r_fifo/gnuram_async_fifo.xpm_fifo_base_inst/gen_cdc_pntr.rd_pntr_cdc_dc_inst/dest_graysync_ff_reg[0][5:0]/D
 63  CDC-6   Warning   Multi-bit synchronized with ASYNC_REG property          2  Asynch Clock Groups  u_axi_cdc/u_r_fifo/gnuram_async_fifo.xpm_fifo_base_inst/gen_cdc_pntr.rd_pntr_cdc_inst/src_gray_ff_reg[4:0]/C                                      u_axi_cdc/u_r_fifo/gnuram_async_fifo.xpm_fifo_base_inst/gen_cdc_pntr.rd_pntr_cdc_inst/dest_graysync_ff_reg[0][4:0]/D
 64  CDC-1   Critical  1-bit unknown CDC circuitry                             0  Asynch Clock Groups  u_boot_core_sync/sync_out_reg[1]/C                                                                                                                u_axi_cdc/u_r_fifo/gnuram_async_fifo.xpm_fifo_base_inst/xpm_fifo_rst_inst/FSM_onehot_gen_rst_ic.curr_wrst_state_reg[0]/D
 65  CDC-1   Critical  1-bit unknown CDC circuitry                             0  Asynch Clock Groups  u_boot_core_sync/sync_out_reg[1]/C                                                                                                                u_axi_cdc/u_r_fifo/gnuram_async_fifo.xpm_fifo_base_inst/xpm_fifo_rst_inst/FSM_onehot_gen_rst_ic.curr_wrst_state_reg[1]/D
 66  CDC-1   Critical  1-bit unknown CDC circuitry                             0  Asynch Clock Groups  u_boot_core_sync/sync_out_reg[1]/C                                                                                                                u_axi_cdc/u_r_fifo/gnuram_async_fifo.xpm_fifo_base_inst/xpm_fifo_rst_inst/FSM_onehot_gen_rst_ic.curr_wrst_state_reg[2]/D
 67  CDC-1   Critical  1-bit unknown CDC circuitry                             0  Asynch Clock Groups  u_boot_core_sync/sync_out_reg[1]/C                                                                                                                u_axi_cdc/u_r_fifo/gnuram_async_fifo.xpm_fifo_base_inst/xpm_fifo_rst_inst/FSM_onehot_gen_rst_ic.curr_wrst_state_reg[3]/D
 68  CDC-1   Critical  1-bit unknown CDC circuitry                             0  Asynch Clock Groups  u_boot_core_sync/sync_out_reg[1]/C                                                                                                                u_axi_cdc/u_r_fifo/gnuram_async_fifo.xpm_fifo_base_inst/xpm_fifo_rst_inst/FSM_onehot_gen_rst_ic.curr_wrst_state_reg[4]/D
 69  CDC-1   Critical  1-bit unknown CDC circuitry                             0  Asynch Clock Groups  u_boot_core_sync/sync_out_reg[1]/C                                                                                                                u_axi_cdc/u_r_fifo/gnuram_async_fifo.xpm_fifo_base_inst/xpm_fifo_rst_inst/gen_rst_ic.fifo_wr_rst_ic_reg/D
 70  CDC-3   Info      1-bit synchronized with ASYNC_REG property              2  Asynch Clock Groups  u_axi_cdc/u_r_fifo/gnuram_async_fifo.xpm_fifo_base_inst/xpm_fifo_rst_inst/gen_rst_ic.fifo_rd_rst_ic_reg/C                                         u_axi_cdc/u_r_fifo/gnuram_async_fifo.xpm_fifo_base_inst/xpm_fifo_rst_inst/gen_rst_ic.rrst_wr_inst/syncstages_ff_reg[0]/D
 71  CDC-1   Critical  1-bit unknown CDC circuitry                             0  Asynch Clock Groups  u_boot_core_sync/sync_out_reg[1]/C                                                                                                                u_axi_cdc/u_r_fifo/gnuram_async_fifo.xpm_fifo_base_inst/xpm_fifo_rst_inst/gen_rst_ic.rst_seq_reentered_reg/D
 72  CDC-1   Critical  1-bit unknown CDC circuitry                             0  Asynch Clock Groups  u_boot_core_sync/sync_out_reg[1]/C                                                                                                                u_axi_cdc/u_r_fifo/gnuram_async_fifo.xpm_fifo_base_inst/xpm_fifo_rst_inst/gen_rst_ic.wr_rst_busy_ic_reg/D
 73  CDC-1   Critical  1-bit unknown CDC circuitry                             0  Asynch Clock Groups  u_ab/u_core/u_w/TILE.line_wr_reg[640]/C                                                                                                           u_mig/u_mig/u_mig_7series_0_mig/u_memc_ui_top_axi/u_axi_mc/axi_mc_w_channel_0/mc_app_wdf_data_reg_reg[0]/D
 74  CDC-1   Critical  1-bit unknown CDC circuitry                             0  Asynch Clock Groups  u_ab/u_core/u_w/TILE.line_wr_reg[129]/C                                                                                                           u_mig/u_mig/u_mig_7series_0_mig/u_memc_ui_top_axi/u_axi_mc/axi_mc_w_channel_0/mc_app_wdf_data_reg_reg[1]/D
 75  CDC-1   Critical  1-bit unknown CDC circuitry                             0  Asynch Clock Groups  u_ab/u_core/u_w/TILE.line_wr_reg[514]/C                                                                                                           u_mig/u_mig/u_mig_7series_0_mig/u_memc_ui_top_axi/u_axi_mc/axi_mc_w_channel_0/mc_app_wdf_data_reg_reg[2]/D
 76  CDC-1   Critical  1-bit unknown CDC circuitry                             0  Asynch Clock Groups  u_ab/u_core/u_w/TILE.line_wr_reg[131]/C                                                                                                           u_mig/u_mig/u_mig_7series_0_mig/u_memc_ui_top_axi/u_axi_mc/axi_mc_w_channel_0/mc_app_wdf_data_reg_reg[3]/D
 77  CDC-1   Critical  1-bit unknown CDC circuitry                             0  Asynch Clock Groups  u_ab/u_core/u_w/TILE.line_wr_reg[4]/C                                                                                                             u_mig/u_mig/u_mig_7series_0_mig/u_memc_ui_top_axi/u_axi_mc/axi_mc_w_channel_0/mc_app_wdf_data_reg_reg[4]/D
 78  CDC-1   Critical  1-bit unknown CDC circuitry                             0  Asynch Clock Groups  u_ab/u_core/u_w/TILE.line_wr_reg[901]/C                                                                                                           u_mig/u_mig/u_mig_7series_0_mig/u_memc_ui_top_axi/u_axi_mc/axi_mc_w_channel_0/mc_app_wdf_data_reg_reg[5]/D
 79  CDC-1   Critical  1-bit unknown CDC circuitry                             0  Asynch Clock Groups  u_ab/u_core/u_w/TILE.line_wr_reg[390]/C                                                                                                           u_mig/u_mig/u_mig_7series_0_mig/u_memc_ui_top_axi/u_axi_mc/axi_mc_w_channel_0/mc_app_wdf_data_reg_reg[6]/D
 80  CDC-1   Critical  1-bit unknown CDC circuitry                             0  Asynch Clock Groups  u_ab/u_core/u_w/TILE.line_wr_reg[775]/C                                                                                                           u_mig/u_mig/u_mig_7series_0_mig/u_memc_ui_top_axi/u_axi_mc/axi_mc_w_channel_0/mc_app_wdf_data_reg_reg[7]/D
 81  CDC-1   Critical  1-bit unknown CDC circuitry                             0  Asynch Clock Groups  u_ab/u_core/u_w/TILE.line_wr_reg[136]/C                                                                                                           u_mig/u_mig/u_mig_7series_0_mig/u_memc_ui_top_axi/u_axi_mc/axi_mc_w_channel_0/mc_app_wdf_data_reg_reg[8]/D
 82  CDC-1   Critical  1-bit unknown CDC circuitry                             0  Asynch Clock Groups  u_ab/u_core/u_w/TILE.line_wr_reg[265]/C                                                                                                           u_mig/u_mig/u_mig_7series_0_mig/u_memc_ui_top_axi/u_axi_mc/axi_mc_w_channel_0/mc_app_wdf_data_reg_reg[9]/D
 83  CDC-1   Critical  1-bit unknown CDC circuitry                             0  Asynch Clock Groups  u_ab/u_core/u_w/TILE.line_wr_reg[522]/C                                                                                                           u_mig/u_mig/u_mig_7series_0_mig/u_memc_ui_top_axi/u_axi_mc/axi_mc_w_channel_0/mc_app_wdf_data_reg_reg[10]/D
 84  CDC-1   Critical  1-bit unknown CDC circuitry                             0  Asynch Clock Groups  u_ab/u_core/u_w/TILE.line_wr_reg[267]/C                                                                                                           u_mig/u_mig/u_mig_7series_0_mig/u_memc_ui_top_axi/u_axi_mc/axi_mc_w_channel_0/mc_app_wdf_data_reg_reg[11]/D
 85  CDC-1   Critical  1-bit unknown CDC circuitry                             0  Asynch Clock Groups  u_ab/u_core/u_w/TILE.line_wr_reg[140]/C                                                                                                           u_mig/u_mig/u_mig_7series_0_mig/u_memc_ui_top_axi/u_axi_mc/axi_mc_w_channel_0/mc_app_wdf_data_reg_reg[12]/D
 86  CDC-1   Critical  1-bit unknown CDC circuitry                             0  Asynch Clock Groups  u_ab/u_core/u_w/TILE.line_wr_reg[525]/C                                                                                                           u_mig/u_mig/u_mig_7series_0_mig/u_memc_ui_top_axi/u_axi_mc/axi_mc_w_channel_0/mc_app_wdf_data_reg_reg[13]/D
 87  CDC-1   Critical  1-bit unknown CDC circuitry                             0  Asynch Clock Groups  u_ab/u_core/u_w/TILE.line_wr_reg[910]/C                                                                                                           u_mig/u_mig/u_mig_7series_0_mig/u_memc_ui_top_axi/u_axi_mc/axi_mc_w_channel_0/mc_app_wdf_data_reg_reg[14]/D
 88  CDC-1   Critical  1-bit unknown CDC circuitry                             0  Asynch Clock Groups  u_ab/u_core/u_w/TILE.line_wr_reg[271]/C                                                                                                           u_mig/u_mig/u_mig_7series_0_mig/u_memc_ui_top_axi/u_axi_mc/axi_mc_w_channel_0/mc_app_wdf_data_reg_reg[15]/D
 89  CDC-1   Critical  1-bit unknown CDC circuitry                             0  Asynch Clock Groups  u_ab/u_core/u_w/TILE.line_wr_reg[272]/C                                                                                                           u_mig/u_mig/u_mig_7series_0_mig/u_memc_ui_top_axi/u_axi_mc/axi_mc_w_channel_0/mc_app_wdf_data_reg_reg[16]/D
 90  CDC-1   Critical  1-bit unknown CDC circuitry                             0  Asynch Clock Groups  u_ab/u_core/u_w/TILE.line_wr_reg[785]/C                                                                                                           u_mig/u_mig/u_mig_7series_0_mig/u_memc_ui_top_axi/u_axi_mc/axi_mc_w_channel_0/mc_app_wdf_data_reg_reg[17]/D
 91  CDC-1   Critical  1-bit unknown CDC circuitry                             0  Asynch Clock Groups  u_ab/u_core/u_w/TILE.line_wr_reg[786]/C                                                                                                           u_mig/u_mig/u_mig_7series_0_mig/u_memc_ui_top_axi/u_axi_mc/axi_mc_w_channel_0/mc_app_wdf_data_reg_reg[18]/D
 92  CDC-1   Critical  1-bit unknown CDC circuitry                             0  Asynch Clock Groups  u_ab/u_core/u_w/TILE.line_wr_reg[403]/C                                                                                                           u_mig/u_mig/u_mig_7series_0_mig/u_memc_ui_top_axi/u_axi_mc/axi_mc_w_channel_0/mc_app_wdf_data_reg_reg[19]/D
 93  CDC-1   Critical  1-bit unknown CDC circuitry                             0  Asynch Clock Groups  u_ab/u_core/u_w/TILE.line_wr_reg[660]/C                                                                                                           u_mig/u_mig/u_mig_7series_0_mig/u_memc_ui_top_axi/u_axi_mc/axi_mc_w_channel_0/mc_app_wdf_data_reg_reg[20]/D
 94  CDC-1   Critical  1-bit unknown CDC circuitry                             0  Asynch Clock Groups  u_ab/u_core/u_w/TILE.line_wr_reg[405]/C                                                                                                           u_mig/u_mig/u_mig_7series_0_mig/u_memc_ui_top_axi/u_axi_mc/axi_mc_w_channel_0/mc_app_wdf_data_reg_reg[21]/D
 95  CDC-1   Critical  1-bit unknown CDC circuitry                             0  Asynch Clock Groups  u_ab/u_core/u_w/TILE.line_wr_reg[406]/C                                                                                                           u_mig/u_mig/u_mig_7series_0_mig/u_memc_ui_top_axi/u_axi_mc/axi_mc_w_channel_0/mc_app_wdf_data_reg_reg[22]/D
 96  CDC-1   Critical  1-bit unknown CDC circuitry                             0  Asynch Clock Groups  u_ab/u_core/u_w/TILE.line_wr_reg[663]/C                                                                                                           u_mig/u_mig/u_mig_7series_0_mig/u_memc_ui_top_axi/u_axi_mc/axi_mc_w_channel_0/mc_app_wdf_data_reg_reg[23]/D
 97  CDC-1   Critical  1-bit unknown CDC circuitry                             0  Asynch Clock Groups  u_ab/u_core/u_w/TILE.line_wr_reg[664]/C                                                                                                           u_mig/u_mig/u_mig_7series_0_mig/u_memc_ui_top_axi/u_axi_mc/axi_mc_w_channel_0/mc_app_wdf_data_reg_reg[24]/D
 98  CDC-1   Critical  1-bit unknown CDC circuitry                             0  Asynch Clock Groups  u_ab/u_core/u_w/TILE.line_wr_reg[153]/C                                                                                                           u_mig/u_mig/u_mig_7series_0_mig/u_memc_ui_top_axi/u_axi_mc/axi_mc_w_channel_0/mc_app_wdf_data_reg_reg[25]/D
 99  CDC-1   Critical  1-bit unknown CDC circuitry                             0  Asynch Clock Groups  u_ab/u_core/u_w/TILE.line_wr_reg[538]/C                                                                                                           u_mig/u_mig/u_mig_7series_0_mig/u_memc_ui_top_axi/u_axi_mc/axi_mc_w_channel_0/mc_app_wdf_data_reg_reg[26]/D
100  CDC-1   Critical  1-bit unknown CDC circuitry                             0  Asynch Clock Groups  u_ab/u_core/u_w/TILE.line_wr_reg[923]/C                                                                                                           u_mig/u_mig/u_mig_7series_0_mig/u_memc_ui_top_axi/u_axi_mc/axi_mc_w_channel_0/mc_app_wdf_data_reg_reg[27]/D
101  CDC-1   Critical  1-bit unknown CDC circuitry                             0  Asynch Clock Groups  u_ab/u_core/u_w/TILE.line_wr_reg[156]/C                                                                                                           u_mig/u_mig/u_mig_7series_0_mig/u_memc_ui_top_axi/u_axi_mc/axi_mc_w_channel_0/mc_app_wdf_data_reg_reg[28]/D
102  CDC-1   Critical  1-bit unknown CDC circuitry                             0  Asynch Clock Groups  u_ab/u_core/u_w/TILE.line_wr_reg[669]/C                                                                                                           u_mig/u_mig/u_mig_7series_0_mig/u_memc_ui_top_axi/u_axi_mc/axi_mc_w_channel_0/mc_app_wdf_data_reg_reg[29]/D
103  CDC-1   Critical  1-bit unknown CDC circuitry                             0  Asynch Clock Groups  u_ab/u_core/u_w/TILE.line_wr_reg[542]/C                                                                                                           u_mig/u_mig/u_mig_7series_0_mig/u_memc_ui_top_axi/u_axi_mc/axi_mc_w_channel_0/mc_app_wdf_data_reg_reg[30]/D
104  CDC-1   Critical  1-bit unknown CDC circuitry                             0  Asynch Clock Groups  u_ab/u_core/u_w/TILE.line_wr_reg[543]/C                                                                                                           u_mig/u_mig/u_mig_7series_0_mig/u_memc_ui_top_axi/u_axi_mc/axi_mc_w_channel_0/mc_app_wdf_data_reg_reg[31]/D
105  CDC-1   Critical  1-bit unknown CDC circuitry                             0  Asynch Clock Groups  u_ab/u_core/u_w/TILE.line_wr_reg[672]/C                                                                                                           u_mig/u_mig/u_mig_7series_0_mig/u_memc_ui_top_axi/u_axi_mc/axi_mc_w_channel_0/mc_app_wdf_data_reg_reg[32]/D
106  CDC-1   Critical  1-bit unknown CDC circuitry                             0  Asynch Clock Groups  u_ab/u_core/u_w/TILE.line_wr_reg[289]/C                                                                                                           u_mig/u_mig/u_mig_7series_0_mig/u_memc_ui_top_axi/u_axi_mc/axi_mc_w_channel_0/mc_app_wdf_data_reg_reg[33]/D
107  CDC-1   Critical  1-bit unknown CDC circuitry                             0  Asynch Clock Groups  u_ab/u_core/u_w/TILE.line_wr_reg[162]/C                                                                                                           u_mig/u_mig/u_mig_7series_0_mig/u_memc_ui_top_axi/u_axi_mc/axi_mc_w_channel_0/mc_app_wdf_data_reg_reg[34]/D
108  CDC-1   Critical  1-bit unknown CDC circuitry                             0  Asynch Clock Groups  u_ab/u_core/u_w/TILE.line_wr_reg[931]/C                                                                                                           u_mig/u_mig/u_mig_7series_0_mig/u_memc_ui_top_axi/u_axi_mc/axi_mc_w_channel_0/mc_app_wdf_data_reg_reg[35]/D
109  CDC-1   Critical  1-bit unknown CDC circuitry                             0  Asynch Clock Groups  u_ab/u_core/u_w/TILE.line_wr_reg[292]/C                                                                                                           u_mig/u_mig/u_mig_7series_0_mig/u_memc_ui_top_axi/u_axi_mc/axi_mc_w_channel_0/mc_app_wdf_data_reg_reg[36]/D
110  CDC-1   Critical  1-bit unknown CDC circuitry                             0  Asynch Clock Groups  u_ab/u_core/u_w/TILE.line_wr_reg[165]/C                                                                                                           u_mig/u_mig/u_mig_7series_0_mig/u_memc_ui_top_axi/u_axi_mc/axi_mc_w_channel_0/mc_app_wdf_data_reg_reg[37]/D
111  CDC-1   Critical  1-bit unknown CDC circuitry                             0  Asynch Clock Groups  u_ab/u_core/u_w/TILE.line_wr_reg[678]/C                                                                                                           u_mig/u_mig/u_mig_7series_0_mig/u_memc_ui_top_axi/u_axi_mc/axi_mc_w_channel_0/mc_app_wdf_data_reg_reg[38]/D
112  CDC-1   Critical  1-bit unknown CDC circuitry                             0  Asynch Clock Groups  u_ab/u_core/u_w/TILE.line_wr_reg[295]/C                                                                                                           u_mig/u_mig/u_mig_7series_0_mig/u_memc_ui_top_axi/u_axi_mc/axi_mc_w_channel_0/mc_app_wdf_data_reg_reg[39]/D
113  CDC-1   Critical  1-bit unknown CDC circuitry                             0  Asynch Clock Groups  u_ab/u_core/u_w/TILE.line_wr_reg[424]/C                                                                                                           u_mig/u_mig/u_mig_7series_0_mig/u_memc_ui_top_axi/u_axi_mc/axi_mc_w_channel_0/mc_app_wdf_data_reg_reg[40]/D
114  CDC-1   Critical  1-bit unknown CDC circuitry                             0  Asynch Clock Groups  u_ab/u_core/u_w/TILE.line_wr_reg[809]/C                                                                                                           u_mig/u_mig/u_mig_7series_0_mig/u_memc_ui_top_axi/u_axi_mc/axi_mc_w_channel_0/mc_app_wdf_data_reg_reg[41]/D
115  CDC-1   Critical  1-bit unknown CDC circuitry                             0  Asynch Clock Groups  u_ab/u_core/u_w/TILE.line_wr_reg[554]/C                                                                                                           u_mig/u_mig/u_mig_7series_0_mig/u_memc_ui_top_axi/u_axi_mc/axi_mc_w_channel_0/mc_app_wdf_data_reg_reg[42]/D
116  CDC-1   Critical  1-bit unknown CDC circuitry                             0  Asynch Clock Groups  u_ab/u_core/u_w/TILE.line_wr_reg[811]/C                                                                                                           u_mig/u_mig/u_mig_7series_0_mig/u_memc_ui_top_axi/u_axi_mc/axi_mc_w_channel_0/mc_app_wdf_data_reg_reg[43]/D
117  CDC-1   Critical  1-bit unknown CDC circuitry                             0  Asynch Clock Groups  u_ab/u_core/u_w/TILE.line_wr_reg[172]/C                                                                                                           u_mig/u_mig/u_mig_7series_0_mig/u_memc_ui_top_axi/u_axi_mc/axi_mc_w_channel_0/mc_app_wdf_data_reg_reg[44]/D
118  CDC-1   Critical  1-bit unknown CDC circuitry                             0  Asynch Clock Groups  u_ab/u_core/u_w/TILE.line_wr_reg[301]/C                                                                                                           u_mig/u_mig/u_mig_7series_0_mig/u_memc_ui_top_axi/u_axi_mc/axi_mc_w_channel_0/mc_app_wdf_data_reg_reg[45]/D
119  CDC-1   Critical  1-bit unknown CDC circuitry                             0  Asynch Clock Groups  u_ab/u_core/u_w/TILE.line_wr_reg[46]/C                                                                                                            u_mig/u_mig/u_mig_7series_0_mig/u_memc_ui_top_axi/u_axi_mc/axi_mc_w_channel_0/mc_app_wdf_data_reg_reg[46]/D
120  CDC-1   Critical  1-bit unknown CDC circuitry                             0  Asynch Clock Groups  u_ab/u_core/u_w/TILE.line_wr_reg[559]/C                                                                                                           u_mig/u_mig/u_mig_7series_0_mig/u_memc_ui_top_axi/u_axi_mc/axi_mc_w_channel_0/mc_app_wdf_data_reg_reg[47]/D
121  CDC-1   Critical  1-bit unknown CDC circuitry                             0  Asynch Clock Groups  u_ab/u_core/u_w/TILE.line_wr_reg[688]/C                                                                                                           u_mig/u_mig/u_mig_7series_0_mig/u_memc_ui_top_axi/u_axi_mc/axi_mc_w_channel_0/mc_app_wdf_data_reg_reg[48]/D
122  CDC-1   Critical  1-bit unknown CDC circuitry                             0  Asynch Clock Groups  u_ab/u_core/u_w/TILE.line_wr_reg[817]/C                                                                                                           u_mig/u_mig/u_mig_7series_0_mig/u_memc_ui_top_axi/u_axi_mc/axi_mc_w_channel_0/mc_app_wdf_data_reg_reg[49]/D
123  CDC-1   Critical  1-bit unknown CDC circuitry                             0  Asynch Clock Groups  u_ab/u_core/u_w/TILE.line_wr_reg[50]/C                                                                                                            u_mig/u_mig/u_mig_7series_0_mig/u_memc_ui_top_axi/u_axi_mc/axi_mc_w_channel_0/mc_app_wdf_data_reg_reg[50]/D
124  CDC-1   Critical  1-bit unknown CDC circuitry                             0  Asynch Clock Groups  u_ab/u_core/u_w/TILE.line_wr_reg[435]/C                                                                                                           u_mig/u_mig/u_mig_7series_0_mig/u_memc_ui_top_axi/u_axi_mc/axi_mc_w_channel_0/mc_app_wdf_data_reg_reg[51]/D
125  CDC-1   Critical  1-bit unknown CDC circuitry                             0  Asynch Clock Groups  u_ab/u_core/u_w/TILE.line_wr_reg[52]/C                                                                                                            u_mig/u_mig/u_mig_7series_0_mig/u_memc_ui_top_axi/u_axi_mc/axi_mc_w_channel_0/mc_app_wdf_data_reg_reg[52]/D
126  CDC-1   Critical  1-bit unknown CDC circuitry                             0  Asynch Clock Groups  u_ab/u_core/u_w/TILE.line_wr_reg[437]/C                                                                                                           u_mig/u_mig/u_mig_7series_0_mig/u_memc_ui_top_axi/u_axi_mc/axi_mc_w_channel_0/mc_app_wdf_data_reg_reg[53]/D
127  CDC-1   Critical  1-bit unknown CDC circuitry                             0  Asynch Clock Groups  u_ab/u_core/u_w/TILE.line_wr_reg[438]/C                                                                                                           u_mig/u_mig/u_mig_7series_0_mig/u_memc_ui_top_axi/u_axi_mc/axi_mc_w_channel_0/mc_app_wdf_data_reg_reg[54]/D
128  CDC-1   Critical  1-bit unknown CDC circuitry                             0  Asynch Clock Groups  u_ab/u_core/u_w/TILE.line_wr_reg[311]/C                                                                                                           u_mig/u_mig/u_mig_7series_0_mig/u_memc_ui_top_axi/u_axi_mc/axi_mc_w_channel_0/mc_app_wdf_data_reg_reg[55]/D
129  CDC-1   Critical  1-bit unknown CDC circuitry                             0  Asynch Clock Groups  u_ab/u_core/u_w/TILE.line_wr_reg[824]/C                                                                                                           u_mig/u_mig/u_mig_7series_0_mig/u_memc_ui_top_axi/u_axi_mc/axi_mc_w_channel_0/mc_app_wdf_data_reg_reg[56]/D
130  CDC-1   Critical  1-bit unknown CDC circuitry                             0  Asynch Clock Groups  u_ab/u_core/u_w/TILE.line_wr_reg[825]/C                                                                                                           u_mig/u_mig/u_mig_7series_0_mig/u_memc_ui_top_axi/u_axi_mc/axi_mc_w_channel_0/mc_app_wdf_data_reg_reg[57]/D
131  CDC-1   Critical  1-bit unknown CDC circuitry                             0  Asynch Clock Groups  u_ab/u_core/u_w/TILE.line_wr_reg[826]/C                                                                                                           u_mig/u_mig/u_mig_7series_0_mig/u_memc_ui_top_axi/u_axi_mc/axi_mc_w_channel_0/mc_app_wdf_data_reg_reg[58]/D
132  CDC-1   Critical  1-bit unknown CDC circuitry                             0  Asynch Clock Groups  u_ab/u_core/u_w/TILE.line_wr_reg[187]/C                                                                                                           u_mig/u_mig/u_mig_7series_0_mig/u_memc_ui_top_axi/u_axi_mc/axi_mc_w_channel_0/mc_app_wdf_data_reg_reg[59]/D
133  CDC-1   Critical  1-bit unknown CDC circuitry                             0  Asynch Clock Groups  u_ab/u_core/u_w/TILE.line_wr_reg[828]/C                                                                                                           u_mig/u_mig/u_mig_7series_0_mig/u_memc_ui_top_axi/u_axi_mc/axi_mc_w_channel_0/mc_app_wdf_data_reg_reg[60]/D
134  CDC-1   Critical  1-bit unknown CDC circuitry                             0  Asynch Clock Groups  u_ab/u_core/u_w/TILE.line_wr_reg[829]/C                                                                                                           u_mig/u_mig/u_mig_7series_0_mig/u_memc_ui_top_axi/u_axi_mc/axi_mc_w_channel_0/mc_app_wdf_data_reg_reg[61]/D
135  CDC-1   Critical  1-bit unknown CDC circuitry                             0  Asynch Clock Groups  u_ab/u_core/u_w/TILE.line_wr_reg[318]/C                                                                                                           u_mig/u_mig/u_mig_7series_0_mig/u_memc_ui_top_axi/u_axi_mc/axi_mc_w_channel_0/mc_app_wdf_data_reg_reg[62]/D
136  CDC-1   Critical  1-bit unknown CDC circuitry                             0  Asynch Clock Groups  u_ab/u_core/u_w/TILE.line_wr_reg[831]/C                                                                                                           u_mig/u_mig/u_mig_7series_0_mig/u_memc_ui_top_axi/u_axi_mc/axi_mc_w_channel_0/mc_app_wdf_data_reg_reg[63]/D
137  CDC-1   Critical  1-bit unknown CDC circuitry                             0  Asynch Clock Groups  u_ab/u_core/u_w/TILE.line_wr_reg[320]/C                                                                                                           u_mig/u_mig/u_mig_7series_0_mig/u_memc_ui_top_axi/u_axi_mc/axi_mc_w_channel_0/mc_app_wdf_data_reg_reg[64]/D
138  CDC-1   Critical  1-bit unknown CDC circuitry                             0  Asynch Clock Groups  u_ab/u_core/u_w/TILE.line_wr_reg[449]/C                                                                                                           u_mig/u_mig/u_mig_7series_0_mig/u_memc_ui_top_axi/u_axi_mc/axi_mc_w_channel_0/mc_app_wdf_data_reg_reg[65]/D
139  CDC-1   Critical  1-bit unknown CDC circuitry                             0  Asynch Clock Groups  u_ab/u_core/u_w/TILE.line_wr_reg[450]/C                                                                                                           u_mig/u_mig/u_mig_7series_0_mig/u_memc_ui_top_axi/u_axi_mc/axi_mc_w_channel_0/mc_app_wdf_data_reg_reg[66]/D
140  CDC-1   Critical  1-bit unknown CDC circuitry                             0  Asynch Clock Groups  u_ab/u_core/u_w/TILE.line_wr_reg[707]/C                                                                                                           u_mig/u_mig/u_mig_7series_0_mig/u_memc_ui_top_axi/u_axi_mc/axi_mc_w_channel_0/mc_app_wdf_data_reg_reg[67]/D
141  CDC-1   Critical  1-bit unknown CDC circuitry                             0  Asynch Clock Groups  u_ab/u_core/u_w/TILE.line_wr_reg[452]/C                                                                                                           u_mig/u_mig/u_mig_7series_0_mig/u_memc_ui_top_axi/u_axi_mc/axi_mc_w_channel_0/mc_app_wdf_data_reg_reg[68]/D
142  CDC-1   Critical  1-bit unknown CDC circuitry                             0  Asynch Clock Groups  u_ab/u_core/u_w/TILE.line_wr_reg[453]/C                                                                                                           u_mig/u_mig/u_mig_7series_0_mig/u_memc_ui_top_axi/u_axi_mc/axi_mc_w_channel_0/mc_app_wdf_data_reg_reg[69]/D
143  CDC-1   Critical  1-bit unknown CDC circuitry                             0  Asynch Clock Groups  u_ab/u_core/u_w/TILE.line_wr_reg[710]/C                                                                                                           u_mig/u_mig/u_mig_7series_0_mig/u_memc_ui_top_axi/u_axi_mc/axi_mc_w_channel_0/mc_app_wdf_data_reg_reg[70]/D
144  CDC-1   Critical  1-bit unknown CDC circuitry                             0  Asynch Clock Groups  u_ab/u_core/u_w/TILE.line_wr_reg[455]/C                                                                                                           u_mig/u_mig/u_mig_7series_0_mig/u_memc_ui_top_axi/u_axi_mc/axi_mc_w_channel_0/mc_app_wdf_data_reg_reg[71]/D
145  CDC-1   Critical  1-bit unknown CDC circuitry                             0  Asynch Clock Groups  u_ab/u_core/u_w/TILE.line_wr_reg[456]/C                                                                                                           u_mig/u_mig/u_mig_7series_0_mig/u_memc_ui_top_axi/u_axi_mc/axi_mc_w_channel_0/mc_app_wdf_data_reg_reg[72]/D
146  CDC-1   Critical  1-bit unknown CDC circuitry                             0  Asynch Clock Groups  u_ab/u_core/u_w/TILE.line_wr_reg[585]/C                                                                                                           u_mig/u_mig/u_mig_7series_0_mig/u_memc_ui_top_axi/u_axi_mc/axi_mc_w_channel_0/mc_app_wdf_data_reg_reg[73]/D
147  CDC-1   Critical  1-bit unknown CDC circuitry                             0  Asynch Clock Groups  u_ab/u_core/u_w/TILE.line_wr_reg[202]/C                                                                                                           u_mig/u_mig/u_mig_7series_0_mig/u_memc_ui_top_axi/u_axi_mc/axi_mc_w_channel_0/mc_app_wdf_data_reg_reg[74]/D
148  CDC-1   Critical  1-bit unknown CDC circuitry                             0  Asynch Clock Groups  u_ab/u_core/u_w/TILE.line_wr_reg[587]/C                                                                                                           u_mig/u_mig/u_mig_7series_0_mig/u_memc_ui_top_axi/u_axi_mc/axi_mc_w_channel_0/mc_app_wdf_data_reg_reg[75]/D
149  CDC-1   Critical  1-bit unknown CDC circuitry                             0  Asynch Clock Groups  u_ab/u_core/u_w/TILE.line_wr_reg[716]/C                                                                                                           u_mig/u_mig/u_mig_7series_0_mig/u_memc_ui_top_axi/u_axi_mc/axi_mc_w_channel_0/mc_app_wdf_data_reg_reg[76]/D
150  CDC-1   Critical  1-bit unknown CDC circuitry                             0  Asynch Clock Groups  u_ab/u_core/u_w/TILE.line_wr_reg[589]/C                                                                                                           u_mig/u_mig/u_mig_7series_0_mig/u_memc_ui_top_axi/u_axi_mc/axi_mc_w_channel_0/mc_app_wdf_data_reg_reg[77]/D
151  CDC-1   Critical  1-bit unknown CDC circuitry                             0  Asynch Clock Groups  u_ab/u_core/u_w/TILE.line_wr_reg[462]/C                                                                                                           u_mig/u_mig/u_mig_7series_0_mig/u_memc_ui_top_axi/u_axi_mc/axi_mc_w_channel_0/mc_app_wdf_data_reg_reg[78]/D
152  CDC-1   Critical  1-bit unknown CDC circuitry                             0  Asynch Clock Groups  u_ab/u_core/u_w/TILE.line_wr_reg[79]/C                                                                                                            u_mig/u_mig/u_mig_7series_0_mig/u_memc_ui_top_axi/u_axi_mc/axi_mc_w_channel_0/mc_app_wdf_data_reg_reg[79]/D
153  CDC-1   Critical  1-bit unknown CDC circuitry                             0  Asynch Clock Groups  u_ab/u_core/u_w/TILE.line_wr_reg[592]/C                                                                                                           u_mig/u_mig/u_mig_7series_0_mig/u_memc_ui_top_axi/u_axi_mc/axi_mc_w_channel_0/mc_app_wdf_data_reg_reg[80]/D
154  CDC-1   Critical  1-bit unknown CDC circuitry                             0  Asynch Clock Groups  u_ab/u_core/u_w/TILE.line_wr_reg[593]/C                                                                                                           u_mig/u_mig/u_mig_7series_0_mig/u_memc_ui_top_axi/u_axi_mc/axi_mc_w_channel_0/mc_app_wdf_data_reg_reg[81]/D
155  CDC-1   Critical  1-bit unknown CDC circuitry                             0  Asynch Clock Groups  u_ab/u_core/u_w/TILE.line_wr_reg[338]/C                                                                                                           u_mig/u_mig/u_mig_7series_0_mig/u_memc_ui_top_axi/u_axi_mc/axi_mc_w_channel_0/mc_app_wdf_data_reg_reg[82]/D
156  CDC-1   Critical  1-bit unknown CDC circuitry                             0  Asynch Clock Groups  u_ab/u_core/u_w/TILE.line_wr_reg[211]/C                                                                                                           u_mig/u_mig/u_mig_7series_0_mig/u_memc_ui_top_axi/u_axi_mc/axi_mc_w_channel_0/mc_app_wdf_data_reg_reg[83]/D
157  CDC-1   Critical  1-bit unknown CDC circuitry                             0  Asynch Clock Groups  u_ab/u_core/u_w/TILE.line_wr_reg[212]/C                                                                                                           u_mig/u_mig/u_mig_7series_0_mig/u_memc_ui_top_axi/u_axi_mc/axi_mc_w_channel_0/mc_app_wdf_data_reg_reg[84]/D
158  CDC-1   Critical  1-bit unknown CDC circuitry                             0  Asynch Clock Groups  u_ab/u_core/u_w/TILE.line_wr_reg[213]/C                                                                                                           u_mig/u_mig/u_mig_7series_0_mig/u_memc_ui_top_axi/u_axi_mc/axi_mc_w_channel_0/mc_app_wdf_data_reg_reg[85]/D
159  CDC-1   Critical  1-bit unknown CDC circuitry                             0  Asynch Clock Groups  u_ab/u_core/u_w/TILE.line_wr_reg[982]/C                                                                                                           u_mig/u_mig/u_mig_7series_0_mig/u_memc_ui_top_axi/u_axi_mc/axi_mc_w_channel_0/mc_app_wdf_data_reg_reg[86]/D
160  CDC-1   Critical  1-bit unknown CDC circuitry                             0  Asynch Clock Groups  u_ab/u_core/u_w/TILE.line_wr_reg[215]/C                                                                                                           u_mig/u_mig/u_mig_7series_0_mig/u_memc_ui_top_axi/u_axi_mc/axi_mc_w_channel_0/mc_app_wdf_data_reg_reg[87]/D
161  CDC-1   Critical  1-bit unknown CDC circuitry                             0  Asynch Clock Groups  u_ab/u_core/u_w/TILE.line_wr_reg[344]/C                                                                                                           u_mig/u_mig/u_mig_7series_0_mig/u_memc_ui_top_axi/u_axi_mc/axi_mc_w_channel_0/mc_app_wdf_data_reg_reg[88]/D
162  CDC-1   Critical  1-bit unknown CDC circuitry                             0  Asynch Clock Groups  u_ab/u_core/u_w/TILE.line_wr_reg[217]/C                                                                                                           u_mig/u_mig/u_mig_7series_0_mig/u_memc_ui_top_axi/u_axi_mc/axi_mc_w_channel_0/mc_app_wdf_data_reg_reg[89]/D
163  CDC-1   Critical  1-bit unknown CDC circuitry                             0  Asynch Clock Groups  u_ab/u_core/u_w/TILE.line_wr_reg[474]/C                                                                                                           u_mig/u_mig/u_mig_7series_0_mig/u_memc_ui_top_axi/u_axi_mc/axi_mc_w_channel_0/mc_app_wdf_data_reg_reg[90]/D
164  CDC-1   Critical  1-bit unknown CDC circuitry                             0  Asynch Clock Groups  u_ab/u_core/u_w/TILE.line_wr_reg[91]/C                                                                                                            u_mig/u_mig/u_mig_7series_0_mig/u_memc_ui_top_axi/u_axi_mc/axi_mc_w_channel_0/mc_app_wdf_data_reg_reg[91]/D
165  CDC-1   Critical  1-bit unknown CDC circuitry                             0  Asynch Clock Groups  u_ab/u_core/u_w/TILE.line_wr_reg[348]/C                                                                                                           u_mig/u_mig/u_mig_7series_0_mig/u_memc_ui_top_axi/u_axi_mc/axi_mc_w_channel_0/mc_app_wdf_data_reg_reg[92]/D
166  CDC-1   Critical  1-bit unknown CDC circuitry                             0  Asynch Clock Groups  u_ab/u_core/u_w/TILE.line_wr_reg[221]/C                                                                                                           u_mig/u_mig/u_mig_7series_0_mig/u_memc_ui_top_axi/u_axi_mc/axi_mc_w_channel_0/mc_app_wdf_data_reg_reg[93]/D
167  CDC-1   Critical  1-bit unknown CDC circuitry                             0  Asynch Clock Groups  u_ab/u_core/u_w/TILE.line_wr_reg[990]/C                                                                                                           u_mig/u_mig/u_mig_7series_0_mig/u_memc_ui_top_axi/u_axi_mc/axi_mc_w_channel_0/mc_app_wdf_data_reg_reg[94]/D
168  CDC-1   Critical  1-bit unknown CDC circuitry                             0  Asynch Clock Groups  u_ab/u_core/u_w/TILE.line_wr_reg[479]/C                                                                                                           u_mig/u_mig/u_mig_7series_0_mig/u_memc_ui_top_axi/u_axi_mc/axi_mc_w_channel_0/mc_app_wdf_data_reg_reg[95]/D
169  CDC-1   Critical  1-bit unknown CDC circuitry                             0  Asynch Clock Groups  u_ab/u_core/u_w/TILE.line_wr_reg[352]/C                                                                                                           u_mig/u_mig/u_mig_7series_0_mig/u_memc_ui_top_axi/u_axi_mc/axi_mc_w_channel_0/mc_app_wdf_data_reg_reg[96]/D
170  CDC-1   Critical  1-bit unknown CDC circuitry                             0  Asynch Clock Groups  u_ab/u_core/u_w/TILE.line_wr_reg[481]/C                                                                                                           u_mig/u_mig/u_mig_7series_0_mig/u_memc_ui_top_axi/u_axi_mc/axi_mc_w_channel_0/mc_app_wdf_data_reg_reg[97]/D
171  CDC-1   Critical  1-bit unknown CDC circuitry                             0  Asynch Clock Groups  u_ab/u_core/u_w/TILE.line_wr_reg[98]/C                                                                                                            u_mig/u_mig/u_mig_7series_0_mig/u_memc_ui_top_axi/u_axi_mc/axi_mc_w_channel_0/mc_app_wdf_data_reg_reg[98]/D
172  CDC-1   Critical  1-bit unknown CDC circuitry                             0  Asynch Clock Groups  u_ab/u_core/u_w/TILE.line_wr_reg[99]/C                                                                                                            u_mig/u_mig/u_mig_7series_0_mig/u_memc_ui_top_axi/u_axi_mc/axi_mc_w_channel_0/mc_app_wdf_data_reg_reg[99]/D
173  CDC-1   Critical  1-bit unknown CDC circuitry                             0  Asynch Clock Groups  u_ab/u_core/u_w/TILE.line_wr_reg[484]/C                                                                                                           u_mig/u_mig/u_mig_7series_0_mig/u_memc_ui_top_axi/u_axi_mc/axi_mc_w_channel_0/mc_app_wdf_data_reg_reg[100]/D
174  CDC-1   Critical  1-bit unknown CDC circuitry                             0  Asynch Clock Groups  u_ab/u_core/u_w/TILE.line_wr_reg[229]/C                                                                                                           u_mig/u_mig/u_mig_7series_0_mig/u_memc_ui_top_axi/u_axi_mc/axi_mc_w_channel_0/mc_app_wdf_data_reg_reg[101]/D
175  CDC-1   Critical  1-bit unknown CDC circuitry                             0  Asynch Clock Groups  u_ab/u_core/u_w/TILE.line_wr_reg[230]/C                                                                                                           u_mig/u_mig/u_mig_7series_0_mig/u_memc_ui_top_axi/u_axi_mc/axi_mc_w_channel_0/mc_app_wdf_data_reg_reg[102]/D
176  CDC-1   Critical  1-bit unknown CDC circuitry                             0  Asynch Clock Groups  u_ab/u_core/u_w/TILE.line_wr_reg[487]/C                                                                                                           u_mig/u_mig/u_mig_7series_0_mig/u_memc_ui_top_axi/u_axi_mc/axi_mc_w_channel_0/mc_app_wdf_data_reg_reg[103]/D
177  CDC-1   Critical  1-bit unknown CDC circuitry                             0  Asynch Clock Groups  u_ab/u_core/u_w/TILE.line_wr_reg[872]/C                                                                                                           u_mig/u_mig/u_mig_7series_0_mig/u_memc_ui_top_axi/u_axi_mc/axi_mc_w_channel_0/mc_app_wdf_data_reg_reg[104]/D
178  CDC-1   Critical  1-bit unknown CDC circuitry                             0  Asynch Clock Groups  u_ab/u_core/u_w/TILE.line_wr_reg[105]/C                                                                                                           u_mig/u_mig/u_mig_7series_0_mig/u_memc_ui_top_axi/u_axi_mc/axi_mc_w_channel_0/mc_app_wdf_data_reg_reg[105]/D
179  CDC-1   Critical  1-bit unknown CDC circuitry                             0  Asynch Clock Groups  u_ab/u_core/u_w/TILE.line_wr_reg[362]/C                                                                                                           u_mig/u_mig/u_mig_7series_0_mig/u_memc_ui_top_axi/u_axi_mc/axi_mc_w_channel_0/mc_app_wdf_data_reg_reg[106]/D
180  CDC-1   Critical  1-bit unknown CDC circuitry                             0  Asynch Clock Groups  u_ab/u_core/u_w/TILE.line_wr_reg[1003]/C                                                                                                          u_mig/u_mig/u_mig_7series_0_mig/u_memc_ui_top_axi/u_axi_mc/axi_mc_w_channel_0/mc_app_wdf_data_reg_reg[107]/D
181  CDC-1   Critical  1-bit unknown CDC circuitry                             0  Asynch Clock Groups  u_ab/u_core/u_w/TILE.line_wr_reg[492]/C                                                                                                           u_mig/u_mig/u_mig_7series_0_mig/u_memc_ui_top_axi/u_axi_mc/axi_mc_w_channel_0/mc_app_wdf_data_reg_reg[108]/D
182  CDC-1   Critical  1-bit unknown CDC circuitry                             0  Asynch Clock Groups  u_ab/u_core/u_w/TILE.line_wr_reg[493]/C                                                                                                           u_mig/u_mig/u_mig_7series_0_mig/u_memc_ui_top_axi/u_axi_mc/axi_mc_w_channel_0/mc_app_wdf_data_reg_reg[109]/D
183  CDC-1   Critical  1-bit unknown CDC circuitry                             0  Asynch Clock Groups  u_ab/u_core/u_w/TILE.line_wr_reg[750]/C                                                                                                           u_mig/u_mig/u_mig_7series_0_mig/u_memc_ui_top_axi/u_axi_mc/axi_mc_w_channel_0/mc_app_wdf_data_reg_reg[110]/D
184  CDC-1   Critical  1-bit unknown CDC circuitry                             0  Asynch Clock Groups  u_ab/u_core/u_w/TILE.line_wr_reg[367]/C                                                                                                           u_mig/u_mig/u_mig_7series_0_mig/u_memc_ui_top_axi/u_axi_mc/axi_mc_w_channel_0/mc_app_wdf_data_reg_reg[111]/D
185  CDC-1   Critical  1-bit unknown CDC circuitry                             0  Asynch Clock Groups  u_ab/u_core/u_w/TILE.line_wr_reg[368]/C                                                                                                           u_mig/u_mig/u_mig_7series_0_mig/u_memc_ui_top_axi/u_axi_mc/axi_mc_w_channel_0/mc_app_wdf_data_reg_reg[112]/D
186  CDC-1   Critical  1-bit unknown CDC circuitry                             0  Asynch Clock Groups  u_ab/u_core/u_w/TILE.line_wr_reg[497]/C                                                                                                           u_mig/u_mig/u_mig_7series_0_mig/u_memc_ui_top_axi/u_axi_mc/axi_mc_w_channel_0/mc_app_wdf_data_reg_reg[113]/D
187  CDC-1   Critical  1-bit unknown CDC circuitry                             0  Asynch Clock Groups  u_ab/u_core/u_w/TILE.line_wr_reg[626]/C                                                                                                           u_mig/u_mig/u_mig_7series_0_mig/u_memc_ui_top_axi/u_axi_mc/axi_mc_w_channel_0/mc_app_wdf_data_reg_reg[114]/D
188  CDC-1   Critical  1-bit unknown CDC circuitry                             0  Asynch Clock Groups  u_ab/u_core/u_w/TILE.line_wr_reg[627]/C                                                                                                           u_mig/u_mig/u_mig_7series_0_mig/u_memc_ui_top_axi/u_axi_mc/axi_mc_w_channel_0/mc_app_wdf_data_reg_reg[115]/D
189  CDC-1   Critical  1-bit unknown CDC circuitry                             0  Asynch Clock Groups  u_ab/u_core/u_w/TILE.line_wr_reg[628]/C                                                                                                           u_mig/u_mig/u_mig_7series_0_mig/u_memc_ui_top_axi/u_axi_mc/axi_mc_w_channel_0/mc_app_wdf_data_reg_reg[116]/D
190  CDC-1   Critical  1-bit unknown CDC circuitry                             0  Asynch Clock Groups  u_ab/u_core/u_w/TILE.line_wr_reg[1013]/C                                                                                                          u_mig/u_mig/u_mig_7series_0_mig/u_memc_ui_top_axi/u_axi_mc/axi_mc_w_channel_0/mc_app_wdf_data_reg_reg[117]/D
191  CDC-1   Critical  1-bit unknown CDC circuitry                             0  Asynch Clock Groups  u_ab/u_core/u_w/TILE.line_wr_reg[246]/C                                                                                                           u_mig/u_mig/u_mig_7series_0_mig/u_memc_ui_top_axi/u_axi_mc/axi_mc_w_channel_0/mc_app_wdf_data_reg_reg[118]/D
192  CDC-1   Critical  1-bit unknown CDC circuitry                             0  Asynch Clock Groups  u_ab/u_core/u_w/TILE.line_wr_reg[375]/C                                                                                                           u_mig/u_mig/u_mig_7series_0_mig/u_memc_ui_top_axi/u_axi_mc/axi_mc_w_channel_0/mc_app_wdf_data_reg_reg[119]/D
193  CDC-1   Critical  1-bit unknown CDC circuitry                             0  Asynch Clock Groups  u_ab/u_core/u_w/TILE.line_wr_reg[120]/C                                                                                                           u_mig/u_mig/u_mig_7series_0_mig/u_memc_ui_top_axi/u_axi_mc/axi_mc_w_channel_0/mc_app_wdf_data_reg_reg[120]/D
194  CDC-1   Critical  1-bit unknown CDC circuitry                             0  Asynch Clock Groups  u_ab/u_core/u_w/TILE.line_wr_reg[1017]/C                                                                                                          u_mig/u_mig/u_mig_7series_0_mig/u_memc_ui_top_axi/u_axi_mc/axi_mc_w_channel_0/mc_app_wdf_data_reg_reg[121]/D
195  CDC-1   Critical  1-bit unknown CDC circuitry                             0  Asynch Clock Groups  u_ab/u_core/u_w/TILE.line_wr_reg[890]/C                                                                                                           u_mig/u_mig/u_mig_7series_0_mig/u_memc_ui_top_axi/u_axi_mc/axi_mc_w_channel_0/mc_app_wdf_data_reg_reg[122]/D
196  CDC-1   Critical  1-bit unknown CDC circuitry                             0  Asynch Clock Groups  u_ab/u_core/u_w/TILE.line_wr_reg[123]/C                                                                                                           u_mig/u_mig/u_mig_7series_0_mig/u_memc_ui_top_axi/u_axi_mc/axi_mc_w_channel_0/mc_app_wdf_data_reg_reg[123]/D
197  CDC-1   Critical  1-bit unknown CDC circuitry                             0  Asynch Clock Groups  u_ab/u_core/u_w/TILE.line_wr_reg[1020]/C                                                                                                          u_mig/u_mig/u_mig_7series_0_mig/u_memc_ui_top_axi/u_axi_mc/axi_mc_w_channel_0/mc_app_wdf_data_reg_reg[124]/D
198  CDC-1   Critical  1-bit unknown CDC circuitry                             0  Asynch Clock Groups  u_ab/u_core/u_w/TILE.line_wr_reg[125]/C                                                                                                           u_mig/u_mig/u_mig_7series_0_mig/u_memc_ui_top_axi/u_axi_mc/axi_mc_w_channel_0/mc_app_wdf_data_reg_reg[125]/D
199  CDC-1   Critical  1-bit unknown CDC circuitry                             0  Asynch Clock Groups  u_ab/u_core/u_w/TILE.line_wr_reg[1022]/C                                                                                                          u_mig/u_mig/u_mig_7series_0_mig/u_memc_ui_top_axi/u_axi_mc/axi_mc_w_channel_0/mc_app_wdf_data_reg_reg[126]/D
200  CDC-1   Critical  1-bit unknown CDC circuitry                             0  Asynch Clock Groups  u_ab/u_core/u_w/TILE.line_wr_reg[127]/C                                                                                                           u_mig/u_mig/u_mig_7series_0_mig/u_memc_ui_top_axi/u_axi_mc/axi_mc_w_channel_0/mc_app_wdf_data_reg_reg[127]/D
201  CDC-1   Critical  1-bit unknown CDC circuitry                             0  Asynch Clock Groups  u_ab/u_core/u_w/TILE.line_wr_reg[640]/C                                                                                                           u_mig/u_mig/u_mig_7series_0_mig/u_memc_ui_top_axi/u_axi_mc/axi_mc_w_channel_0/wdf_data_reg[0]/D
202  CDC-1   Critical  1-bit unknown CDC circuitry                             0  Asynch Clock Groups  u_ab/u_core/u_w/TILE.line_wr_reg[129]/C                                                                                                           u_mig/u_mig/u_mig_7series_0_mig/u_memc_ui_top_axi/u_axi_mc/axi_mc_w_channel_0/wdf_data_reg[1]/D
203  CDC-1   Critical  1-bit unknown CDC circuitry                             0  Asynch Clock Groups  u_ab/u_core/u_w/TILE.line_wr_reg[514]/C                                                                                                           u_mig/u_mig/u_mig_7series_0_mig/u_memc_ui_top_axi/u_axi_mc/axi_mc_w_channel_0/wdf_data_reg[2]/D
204  CDC-1   Critical  1-bit unknown CDC circuitry                             0  Asynch Clock Groups  u_ab/u_core/u_w/TILE.line_wr_reg[131]/C                                                                                                           u_mig/u_mig/u_mig_7series_0_mig/u_memc_ui_top_axi/u_axi_mc/axi_mc_w_channel_0/wdf_data_reg[3]/D
205  CDC-1   Critical  1-bit unknown CDC circuitry                             0  Asynch Clock Groups  u_ab/u_core/u_w/TILE.line_wr_reg[4]/C                                                                                                             u_mig/u_mig/u_mig_7series_0_mig/u_memc_ui_top_axi/u_axi_mc/axi_mc_w_channel_0/wdf_data_reg[4]/D
206  CDC-1   Critical  1-bit unknown CDC circuitry                             0  Asynch Clock Groups  u_ab/u_core/u_w/TILE.line_wr_reg[901]/C                                                                                                           u_mig/u_mig/u_mig_7series_0_mig/u_memc_ui_top_axi/u_axi_mc/axi_mc_w_channel_0/wdf_data_reg[5]/D
207  CDC-1   Critical  1-bit unknown CDC circuitry                             0  Asynch Clock Groups  u_ab/u_core/u_w/TILE.line_wr_reg[390]/C                                                                                                           u_mig/u_mig/u_mig_7series_0_mig/u_memc_ui_top_axi/u_axi_mc/axi_mc_w_channel_0/wdf_data_reg[6]/D
208  CDC-1   Critical  1-bit unknown CDC circuitry                             0  Asynch Clock Groups  u_ab/u_core/u_w/TILE.line_wr_reg[775]/C                                                                                                           u_mig/u_mig/u_mig_7series_0_mig/u_memc_ui_top_axi/u_axi_mc/axi_mc_w_channel_0/wdf_data_reg[7]/D
209  CDC-1   Critical  1-bit unknown CDC circuitry                             0  Asynch Clock Groups  u_ab/u_core/u_w/TILE.line_wr_reg[136]/C                                                                                                           u_mig/u_mig/u_mig_7series_0_mig/u_memc_ui_top_axi/u_axi_mc/axi_mc_w_channel_0/wdf_data_reg[8]/D
210  CDC-1   Critical  1-bit unknown CDC circuitry                             0  Asynch Clock Groups  u_ab/u_core/u_w/TILE.line_wr_reg[265]/C                                                                                                           u_mig/u_mig/u_mig_7series_0_mig/u_memc_ui_top_axi/u_axi_mc/axi_mc_w_channel_0/wdf_data_reg[9]/D
211  CDC-1   Critical  1-bit unknown CDC circuitry                             0  Asynch Clock Groups  u_ab/u_core/u_w/TILE.line_wr_reg[522]/C                                                                                                           u_mig/u_mig/u_mig_7series_0_mig/u_memc_ui_top_axi/u_axi_mc/axi_mc_w_channel_0/wdf_data_reg[10]/D
212  CDC-1   Critical  1-bit unknown CDC circuitry                             0  Asynch Clock Groups  u_ab/u_core/u_w/TILE.line_wr_reg[267]/C                                                                                                           u_mig/u_mig/u_mig_7series_0_mig/u_memc_ui_top_axi/u_axi_mc/axi_mc_w_channel_0/wdf_data_reg[11]/D
213  CDC-1   Critical  1-bit unknown CDC circuitry                             0  Asynch Clock Groups  u_ab/u_core/u_w/TILE.line_wr_reg[140]/C                                                                                                           u_mig/u_mig/u_mig_7series_0_mig/u_memc_ui_top_axi/u_axi_mc/axi_mc_w_channel_0/wdf_data_reg[12]/D
214  CDC-1   Critical  1-bit unknown CDC circuitry                             0  Asynch Clock Groups  u_ab/u_core/u_w/TILE.line_wr_reg[525]/C                                                                                                           u_mig/u_mig/u_mig_7series_0_mig/u_memc_ui_top_axi/u_axi_mc/axi_mc_w_channel_0/wdf_data_reg[13]/D
215  CDC-1   Critical  1-bit unknown CDC circuitry                             0  Asynch Clock Groups  u_ab/u_core/u_w/TILE.line_wr_reg[910]/C                                                                                                           u_mig/u_mig/u_mig_7series_0_mig/u_memc_ui_top_axi/u_axi_mc/axi_mc_w_channel_0/wdf_data_reg[14]/D
216  CDC-1   Critical  1-bit unknown CDC circuitry                             0  Asynch Clock Groups  u_ab/u_core/u_w/TILE.line_wr_reg[271]/C                                                                                                           u_mig/u_mig/u_mig_7series_0_mig/u_memc_ui_top_axi/u_axi_mc/axi_mc_w_channel_0/wdf_data_reg[15]/D
217  CDC-1   Critical  1-bit unknown CDC circuitry                             0  Asynch Clock Groups  u_ab/u_core/u_w/TILE.line_wr_reg[272]/C                                                                                                           u_mig/u_mig/u_mig_7series_0_mig/u_memc_ui_top_axi/u_axi_mc/axi_mc_w_channel_0/wdf_data_reg[16]/D
218  CDC-1   Critical  1-bit unknown CDC circuitry                             0  Asynch Clock Groups  u_ab/u_core/u_w/TILE.line_wr_reg[785]/C                                                                                                           u_mig/u_mig/u_mig_7series_0_mig/u_memc_ui_top_axi/u_axi_mc/axi_mc_w_channel_0/wdf_data_reg[17]/D
219  CDC-1   Critical  1-bit unknown CDC circuitry                             0  Asynch Clock Groups  u_ab/u_core/u_w/TILE.line_wr_reg[786]/C                                                                                                           u_mig/u_mig/u_mig_7series_0_mig/u_memc_ui_top_axi/u_axi_mc/axi_mc_w_channel_0/wdf_data_reg[18]/D
220  CDC-1   Critical  1-bit unknown CDC circuitry                             0  Asynch Clock Groups  u_ab/u_core/u_w/TILE.line_wr_reg[403]/C                                                                                                           u_mig/u_mig/u_mig_7series_0_mig/u_memc_ui_top_axi/u_axi_mc/axi_mc_w_channel_0/wdf_data_reg[19]/D
221  CDC-1   Critical  1-bit unknown CDC circuitry                             0  Asynch Clock Groups  u_ab/u_core/u_w/TILE.line_wr_reg[660]/C                                                                                                           u_mig/u_mig/u_mig_7series_0_mig/u_memc_ui_top_axi/u_axi_mc/axi_mc_w_channel_0/wdf_data_reg[20]/D
222  CDC-1   Critical  1-bit unknown CDC circuitry                             0  Asynch Clock Groups  u_ab/u_core/u_w/TILE.line_wr_reg[405]/C                                                                                                           u_mig/u_mig/u_mig_7series_0_mig/u_memc_ui_top_axi/u_axi_mc/axi_mc_w_channel_0/wdf_data_reg[21]/D
223  CDC-1   Critical  1-bit unknown CDC circuitry                             0  Asynch Clock Groups  u_ab/u_core/u_w/TILE.line_wr_reg[406]/C                                                                                                           u_mig/u_mig/u_mig_7series_0_mig/u_memc_ui_top_axi/u_axi_mc/axi_mc_w_channel_0/wdf_data_reg[22]/D
224  CDC-1   Critical  1-bit unknown CDC circuitry                             0  Asynch Clock Groups  u_ab/u_core/u_w/TILE.line_wr_reg[663]/C                                                                                                           u_mig/u_mig/u_mig_7series_0_mig/u_memc_ui_top_axi/u_axi_mc/axi_mc_w_channel_0/wdf_data_reg[23]/D
225  CDC-1   Critical  1-bit unknown CDC circuitry                             0  Asynch Clock Groups  u_ab/u_core/u_w/TILE.line_wr_reg[664]/C                                                                                                           u_mig/u_mig/u_mig_7series_0_mig/u_memc_ui_top_axi/u_axi_mc/axi_mc_w_channel_0/wdf_data_reg[24]/D
226  CDC-1   Critical  1-bit unknown CDC circuitry                             0  Asynch Clock Groups  u_ab/u_core/u_w/TILE.line_wr_reg[153]/C                                                                                                           u_mig/u_mig/u_mig_7series_0_mig/u_memc_ui_top_axi/u_axi_mc/axi_mc_w_channel_0/wdf_data_reg[25]/D
227  CDC-1   Critical  1-bit unknown CDC circuitry                             0  Asynch Clock Groups  u_ab/u_core/u_w/TILE.line_wr_reg[538]/C                                                                                                           u_mig/u_mig/u_mig_7series_0_mig/u_memc_ui_top_axi/u_axi_mc/axi_mc_w_channel_0/wdf_data_reg[26]/D
228  CDC-1   Critical  1-bit unknown CDC circuitry                             0  Asynch Clock Groups  u_ab/u_core/u_w/TILE.line_wr_reg[923]/C                                                                                                           u_mig/u_mig/u_mig_7series_0_mig/u_memc_ui_top_axi/u_axi_mc/axi_mc_w_channel_0/wdf_data_reg[27]/D
229  CDC-1   Critical  1-bit unknown CDC circuitry                             0  Asynch Clock Groups  u_ab/u_core/u_w/TILE.line_wr_reg[156]/C                                                                                                           u_mig/u_mig/u_mig_7series_0_mig/u_memc_ui_top_axi/u_axi_mc/axi_mc_w_channel_0/wdf_data_reg[28]/D
230  CDC-1   Critical  1-bit unknown CDC circuitry                             0  Asynch Clock Groups  u_ab/u_core/u_w/TILE.line_wr_reg[669]/C                                                                                                           u_mig/u_mig/u_mig_7series_0_mig/u_memc_ui_top_axi/u_axi_mc/axi_mc_w_channel_0/wdf_data_reg[29]/D
231  CDC-1   Critical  1-bit unknown CDC circuitry                             0  Asynch Clock Groups  u_ab/u_core/u_w/TILE.line_wr_reg[542]/C                                                                                                           u_mig/u_mig/u_mig_7series_0_mig/u_memc_ui_top_axi/u_axi_mc/axi_mc_w_channel_0/wdf_data_reg[30]/D
232  CDC-1   Critical  1-bit unknown CDC circuitry                             0  Asynch Clock Groups  u_ab/u_core/u_w/TILE.line_wr_reg[543]/C                                                                                                           u_mig/u_mig/u_mig_7series_0_mig/u_memc_ui_top_axi/u_axi_mc/axi_mc_w_channel_0/wdf_data_reg[31]/D
233  CDC-1   Critical  1-bit unknown CDC circuitry                             0  Asynch Clock Groups  u_ab/u_core/u_w/TILE.line_wr_reg[672]/C                                                                                                           u_mig/u_mig/u_mig_7series_0_mig/u_memc_ui_top_axi/u_axi_mc/axi_mc_w_channel_0/wdf_data_reg[32]/D
234  CDC-1   Critical  1-bit unknown CDC circuitry                             0  Asynch Clock Groups  u_ab/u_core/u_w/TILE.line_wr_reg[289]/C                                                                                                           u_mig/u_mig/u_mig_7series_0_mig/u_memc_ui_top_axi/u_axi_mc/axi_mc_w_channel_0/wdf_data_reg[33]/D
235  CDC-1   Critical  1-bit unknown CDC circuitry                             0  Asynch Clock Groups  u_ab/u_core/u_w/TILE.line_wr_reg[162]/C                                                                                                           u_mig/u_mig/u_mig_7series_0_mig/u_memc_ui_top_axi/u_axi_mc/axi_mc_w_channel_0/wdf_data_reg[34]/D
236  CDC-1   Critical  1-bit unknown CDC circuitry                             0  Asynch Clock Groups  u_ab/u_core/u_w/TILE.line_wr_reg[931]/C                                                                                                           u_mig/u_mig/u_mig_7series_0_mig/u_memc_ui_top_axi/u_axi_mc/axi_mc_w_channel_0/wdf_data_reg[35]/D
237  CDC-1   Critical  1-bit unknown CDC circuitry                             0  Asynch Clock Groups  u_ab/u_core/u_w/TILE.line_wr_reg[292]/C                                                                                                           u_mig/u_mig/u_mig_7series_0_mig/u_memc_ui_top_axi/u_axi_mc/axi_mc_w_channel_0/wdf_data_reg[36]/D
238  CDC-1   Critical  1-bit unknown CDC circuitry                             0  Asynch Clock Groups  u_ab/u_core/u_w/TILE.line_wr_reg[165]/C                                                                                                           u_mig/u_mig/u_mig_7series_0_mig/u_memc_ui_top_axi/u_axi_mc/axi_mc_w_channel_0/wdf_data_reg[37]/D
239  CDC-1   Critical  1-bit unknown CDC circuitry                             0  Asynch Clock Groups  u_ab/u_core/u_w/TILE.line_wr_reg[678]/C                                                                                                           u_mig/u_mig/u_mig_7series_0_mig/u_memc_ui_top_axi/u_axi_mc/axi_mc_w_channel_0/wdf_data_reg[38]/D
240  CDC-1   Critical  1-bit unknown CDC circuitry                             0  Asynch Clock Groups  u_ab/u_core/u_w/TILE.line_wr_reg[295]/C                                                                                                           u_mig/u_mig/u_mig_7series_0_mig/u_memc_ui_top_axi/u_axi_mc/axi_mc_w_channel_0/wdf_data_reg[39]/D
241  CDC-1   Critical  1-bit unknown CDC circuitry                             0  Asynch Clock Groups  u_ab/u_core/u_w/TILE.line_wr_reg[424]/C                                                                                                           u_mig/u_mig/u_mig_7series_0_mig/u_memc_ui_top_axi/u_axi_mc/axi_mc_w_channel_0/wdf_data_reg[40]/D
242  CDC-1   Critical  1-bit unknown CDC circuitry                             0  Asynch Clock Groups  u_ab/u_core/u_w/TILE.line_wr_reg[809]/C                                                                                                           u_mig/u_mig/u_mig_7series_0_mig/u_memc_ui_top_axi/u_axi_mc/axi_mc_w_channel_0/wdf_data_reg[41]/D
243  CDC-1   Critical  1-bit unknown CDC circuitry                             0  Asynch Clock Groups  u_ab/u_core/u_w/TILE.line_wr_reg[554]/C                                                                                                           u_mig/u_mig/u_mig_7series_0_mig/u_memc_ui_top_axi/u_axi_mc/axi_mc_w_channel_0/wdf_data_reg[42]/D
244  CDC-1   Critical  1-bit unknown CDC circuitry                             0  Asynch Clock Groups  u_ab/u_core/u_w/TILE.line_wr_reg[811]/C                                                                                                           u_mig/u_mig/u_mig_7series_0_mig/u_memc_ui_top_axi/u_axi_mc/axi_mc_w_channel_0/wdf_data_reg[43]/D
245  CDC-1   Critical  1-bit unknown CDC circuitry                             0  Asynch Clock Groups  u_ab/u_core/u_w/TILE.line_wr_reg[172]/C                                                                                                           u_mig/u_mig/u_mig_7series_0_mig/u_memc_ui_top_axi/u_axi_mc/axi_mc_w_channel_0/wdf_data_reg[44]/D
246  CDC-1   Critical  1-bit unknown CDC circuitry                             0  Asynch Clock Groups  u_ab/u_core/u_w/TILE.line_wr_reg[301]/C                                                                                                           u_mig/u_mig/u_mig_7series_0_mig/u_memc_ui_top_axi/u_axi_mc/axi_mc_w_channel_0/wdf_data_reg[45]/D
247  CDC-1   Critical  1-bit unknown CDC circuitry                             0  Asynch Clock Groups  u_ab/u_core/u_w/TILE.line_wr_reg[46]/C                                                                                                            u_mig/u_mig/u_mig_7series_0_mig/u_memc_ui_top_axi/u_axi_mc/axi_mc_w_channel_0/wdf_data_reg[46]/D
248  CDC-1   Critical  1-bit unknown CDC circuitry                             0  Asynch Clock Groups  u_ab/u_core/u_w/TILE.line_wr_reg[559]/C                                                                                                           u_mig/u_mig/u_mig_7series_0_mig/u_memc_ui_top_axi/u_axi_mc/axi_mc_w_channel_0/wdf_data_reg[47]/D
249  CDC-1   Critical  1-bit unknown CDC circuitry                             0  Asynch Clock Groups  u_ab/u_core/u_w/TILE.line_wr_reg[688]/C                                                                                                           u_mig/u_mig/u_mig_7series_0_mig/u_memc_ui_top_axi/u_axi_mc/axi_mc_w_channel_0/wdf_data_reg[48]/D
250  CDC-1   Critical  1-bit unknown CDC circuitry                             0  Asynch Clock Groups  u_ab/u_core/u_w/TILE.line_wr_reg[817]/C                                                                                                           u_mig/u_mig/u_mig_7series_0_mig/u_memc_ui_top_axi/u_axi_mc/axi_mc_w_channel_0/wdf_data_reg[49]/D
251  CDC-1   Critical  1-bit unknown CDC circuitry                             0  Asynch Clock Groups  u_ab/u_core/u_w/TILE.line_wr_reg[50]/C                                                                                                            u_mig/u_mig/u_mig_7series_0_mig/u_memc_ui_top_axi/u_axi_mc/axi_mc_w_channel_0/wdf_data_reg[50]/D
252  CDC-1   Critical  1-bit unknown CDC circuitry                             0  Asynch Clock Groups  u_ab/u_core/u_w/TILE.line_wr_reg[435]/C                                                                                                           u_mig/u_mig/u_mig_7series_0_mig/u_memc_ui_top_axi/u_axi_mc/axi_mc_w_channel_0/wdf_data_reg[51]/D
253  CDC-1   Critical  1-bit unknown CDC circuitry                             0  Asynch Clock Groups  u_ab/u_core/u_w/TILE.line_wr_reg[52]/C                                                                                                            u_mig/u_mig/u_mig_7series_0_mig/u_memc_ui_top_axi/u_axi_mc/axi_mc_w_channel_0/wdf_data_reg[52]/D
254  CDC-1   Critical  1-bit unknown CDC circuitry                             0  Asynch Clock Groups  u_ab/u_core/u_w/TILE.line_wr_reg[437]/C                                                                                                           u_mig/u_mig/u_mig_7series_0_mig/u_memc_ui_top_axi/u_axi_mc/axi_mc_w_channel_0/wdf_data_reg[53]/D
255  CDC-1   Critical  1-bit unknown CDC circuitry                             0  Asynch Clock Groups  u_ab/u_core/u_w/TILE.line_wr_reg[438]/C                                                                                                           u_mig/u_mig/u_mig_7series_0_mig/u_memc_ui_top_axi/u_axi_mc/axi_mc_w_channel_0/wdf_data_reg[54]/D
256  CDC-1   Critical  1-bit unknown CDC circuitry                             0  Asynch Clock Groups  u_ab/u_core/u_w/TILE.line_wr_reg[311]/C                                                                                                           u_mig/u_mig/u_mig_7series_0_mig/u_memc_ui_top_axi/u_axi_mc/axi_mc_w_channel_0/wdf_data_reg[55]/D
257  CDC-1   Critical  1-bit unknown CDC circuitry                             0  Asynch Clock Groups  u_ab/u_core/u_w/TILE.line_wr_reg[824]/C                                                                                                           u_mig/u_mig/u_mig_7series_0_mig/u_memc_ui_top_axi/u_axi_mc/axi_mc_w_channel_0/wdf_data_reg[56]/D
258  CDC-1   Critical  1-bit unknown CDC circuitry                             0  Asynch Clock Groups  u_ab/u_core/u_w/TILE.line_wr_reg[825]/C                                                                                                           u_mig/u_mig/u_mig_7series_0_mig/u_memc_ui_top_axi/u_axi_mc/axi_mc_w_channel_0/wdf_data_reg[57]/D
259  CDC-1   Critical  1-bit unknown CDC circuitry                             0  Asynch Clock Groups  u_ab/u_core/u_w/TILE.line_wr_reg[826]/C                                                                                                           u_mig/u_mig/u_mig_7series_0_mig/u_memc_ui_top_axi/u_axi_mc/axi_mc_w_channel_0/wdf_data_reg[58]/D
260  CDC-1   Critical  1-bit unknown CDC circuitry                             0  Asynch Clock Groups  u_ab/u_core/u_w/TILE.line_wr_reg[187]/C                                                                                                           u_mig/u_mig/u_mig_7series_0_mig/u_memc_ui_top_axi/u_axi_mc/axi_mc_w_channel_0/wdf_data_reg[59]/D
261  CDC-1   Critical  1-bit unknown CDC circuitry                             0  Asynch Clock Groups  u_ab/u_core/u_w/TILE.line_wr_reg[828]/C                                                                                                           u_mig/u_mig/u_mig_7series_0_mig/u_memc_ui_top_axi/u_axi_mc/axi_mc_w_channel_0/wdf_data_reg[60]/D
262  CDC-1   Critical  1-bit unknown CDC circuitry                             0  Asynch Clock Groups  u_ab/u_core/u_w/TILE.line_wr_reg[829]/C                                                                                                           u_mig/u_mig/u_mig_7series_0_mig/u_memc_ui_top_axi/u_axi_mc/axi_mc_w_channel_0/wdf_data_reg[61]/D
263  CDC-1   Critical  1-bit unknown CDC circuitry                             0  Asynch Clock Groups  u_ab/u_core/u_w/TILE.line_wr_reg[318]/C                                                                                                           u_mig/u_mig/u_mig_7series_0_mig/u_memc_ui_top_axi/u_axi_mc/axi_mc_w_channel_0/wdf_data_reg[62]/D
264  CDC-1   Critical  1-bit unknown CDC circuitry                             0  Asynch Clock Groups  u_ab/u_core/u_w/TILE.line_wr_reg[831]/C                                                                                                           u_mig/u_mig/u_mig_7series_0_mig/u_memc_ui_top_axi/u_axi_mc/axi_mc_w_channel_0/wdf_data_reg[63]/D
265  CDC-1   Critical  1-bit unknown CDC circuitry                             0  Asynch Clock Groups  u_ab/u_core/u_w/TILE.line_wr_reg[320]/C                                                                                                           u_mig/u_mig/u_mig_7series_0_mig/u_memc_ui_top_axi/u_axi_mc/axi_mc_w_channel_0/wdf_data_reg[64]/D
266  CDC-1   Critical  1-bit unknown CDC circuitry                             0  Asynch Clock Groups  u_ab/u_core/u_w/TILE.line_wr_reg[449]/C                                                                                                           u_mig/u_mig/u_mig_7series_0_mig/u_memc_ui_top_axi/u_axi_mc/axi_mc_w_channel_0/wdf_data_reg[65]/D
267  CDC-1   Critical  1-bit unknown CDC circuitry                             0  Asynch Clock Groups  u_ab/u_core/u_w/TILE.line_wr_reg[450]/C                                                                                                           u_mig/u_mig/u_mig_7series_0_mig/u_memc_ui_top_axi/u_axi_mc/axi_mc_w_channel_0/wdf_data_reg[66]/D
268  CDC-1   Critical  1-bit unknown CDC circuitry                             0  Asynch Clock Groups  u_ab/u_core/u_w/TILE.line_wr_reg[707]/C                                                                                                           u_mig/u_mig/u_mig_7series_0_mig/u_memc_ui_top_axi/u_axi_mc/axi_mc_w_channel_0/wdf_data_reg[67]/D
269  CDC-1   Critical  1-bit unknown CDC circuitry                             0  Asynch Clock Groups  u_ab/u_core/u_w/TILE.line_wr_reg[452]/C                                                                                                           u_mig/u_mig/u_mig_7series_0_mig/u_memc_ui_top_axi/u_axi_mc/axi_mc_w_channel_0/wdf_data_reg[68]/D
270  CDC-1   Critical  1-bit unknown CDC circuitry                             0  Asynch Clock Groups  u_ab/u_core/u_w/TILE.line_wr_reg[453]/C                                                                                                           u_mig/u_mig/u_mig_7series_0_mig/u_memc_ui_top_axi/u_axi_mc/axi_mc_w_channel_0/wdf_data_reg[69]/D
271  CDC-1   Critical  1-bit unknown CDC circuitry                             0  Asynch Clock Groups  u_ab/u_core/u_w/TILE.line_wr_reg[710]/C                                                                                                           u_mig/u_mig/u_mig_7series_0_mig/u_memc_ui_top_axi/u_axi_mc/axi_mc_w_channel_0/wdf_data_reg[70]/D
272  CDC-1   Critical  1-bit unknown CDC circuitry                             0  Asynch Clock Groups  u_ab/u_core/u_w/TILE.line_wr_reg[455]/C                                                                                                           u_mig/u_mig/u_mig_7series_0_mig/u_memc_ui_top_axi/u_axi_mc/axi_mc_w_channel_0/wdf_data_reg[71]/D
273  CDC-1   Critical  1-bit unknown CDC circuitry                             0  Asynch Clock Groups  u_ab/u_core/u_w/TILE.line_wr_reg[456]/C                                                                                                           u_mig/u_mig/u_mig_7series_0_mig/u_memc_ui_top_axi/u_axi_mc/axi_mc_w_channel_0/wdf_data_reg[72]/D
274  CDC-1   Critical  1-bit unknown CDC circuitry                             0  Asynch Clock Groups  u_ab/u_core/u_w/TILE.line_wr_reg[585]/C                                                                                                           u_mig/u_mig/u_mig_7series_0_mig/u_memc_ui_top_axi/u_axi_mc/axi_mc_w_channel_0/wdf_data_reg[73]/D
275  CDC-1   Critical  1-bit unknown CDC circuitry                             0  Asynch Clock Groups  u_ab/u_core/u_w/TILE.line_wr_reg[202]/C                                                                                                           u_mig/u_mig/u_mig_7series_0_mig/u_memc_ui_top_axi/u_axi_mc/axi_mc_w_channel_0/wdf_data_reg[74]/D
276  CDC-1   Critical  1-bit unknown CDC circuitry                             0  Asynch Clock Groups  u_ab/u_core/u_w/TILE.line_wr_reg[587]/C                                                                                                           u_mig/u_mig/u_mig_7series_0_mig/u_memc_ui_top_axi/u_axi_mc/axi_mc_w_channel_0/wdf_data_reg[75]/D
277  CDC-1   Critical  1-bit unknown CDC circuitry                             0  Asynch Clock Groups  u_ab/u_core/u_w/TILE.line_wr_reg[716]/C                                                                                                           u_mig/u_mig/u_mig_7series_0_mig/u_memc_ui_top_axi/u_axi_mc/axi_mc_w_channel_0/wdf_data_reg[76]/D
278  CDC-1   Critical  1-bit unknown CDC circuitry                             0  Asynch Clock Groups  u_ab/u_core/u_w/TILE.line_wr_reg[589]/C                                                                                                           u_mig/u_mig/u_mig_7series_0_mig/u_memc_ui_top_axi/u_axi_mc/axi_mc_w_channel_0/wdf_data_reg[77]/D
279  CDC-1   Critical  1-bit unknown CDC circuitry                             0  Asynch Clock Groups  u_ab/u_core/u_w/TILE.line_wr_reg[462]/C                                                                                                           u_mig/u_mig/u_mig_7series_0_mig/u_memc_ui_top_axi/u_axi_mc/axi_mc_w_channel_0/wdf_data_reg[78]/D
280  CDC-1   Critical  1-bit unknown CDC circuitry                             0  Asynch Clock Groups  u_ab/u_core/u_w/TILE.line_wr_reg[79]/C                                                                                                            u_mig/u_mig/u_mig_7series_0_mig/u_memc_ui_top_axi/u_axi_mc/axi_mc_w_channel_0/wdf_data_reg[79]/D
281  CDC-1   Critical  1-bit unknown CDC circuitry                             0  Asynch Clock Groups  u_ab/u_core/u_w/TILE.line_wr_reg[592]/C                                                                                                           u_mig/u_mig/u_mig_7series_0_mig/u_memc_ui_top_axi/u_axi_mc/axi_mc_w_channel_0/wdf_data_reg[80]/D
282  CDC-1   Critical  1-bit unknown CDC circuitry                             0  Asynch Clock Groups  u_ab/u_core/u_w/TILE.line_wr_reg[593]/C                                                                                                           u_mig/u_mig/u_mig_7series_0_mig/u_memc_ui_top_axi/u_axi_mc/axi_mc_w_channel_0/wdf_data_reg[81]/D
283  CDC-1   Critical  1-bit unknown CDC circuitry                             0  Asynch Clock Groups  u_ab/u_core/u_w/TILE.line_wr_reg[338]/C                                                                                                           u_mig/u_mig/u_mig_7series_0_mig/u_memc_ui_top_axi/u_axi_mc/axi_mc_w_channel_0/wdf_data_reg[82]/D
284  CDC-1   Critical  1-bit unknown CDC circuitry                             0  Asynch Clock Groups  u_ab/u_core/u_w/TILE.line_wr_reg[211]/C                                                                                                           u_mig/u_mig/u_mig_7series_0_mig/u_memc_ui_top_axi/u_axi_mc/axi_mc_w_channel_0/wdf_data_reg[83]/D
285  CDC-1   Critical  1-bit unknown CDC circuitry                             0  Asynch Clock Groups  u_ab/u_core/u_w/TILE.line_wr_reg[212]/C                                                                                                           u_mig/u_mig/u_mig_7series_0_mig/u_memc_ui_top_axi/u_axi_mc/axi_mc_w_channel_0/wdf_data_reg[84]/D
286  CDC-1   Critical  1-bit unknown CDC circuitry                             0  Asynch Clock Groups  u_ab/u_core/u_w/TILE.line_wr_reg[213]/C                                                                                                           u_mig/u_mig/u_mig_7series_0_mig/u_memc_ui_top_axi/u_axi_mc/axi_mc_w_channel_0/wdf_data_reg[85]/D
287  CDC-1   Critical  1-bit unknown CDC circuitry                             0  Asynch Clock Groups  u_ab/u_core/u_w/TILE.line_wr_reg[982]/C                                                                                                           u_mig/u_mig/u_mig_7series_0_mig/u_memc_ui_top_axi/u_axi_mc/axi_mc_w_channel_0/wdf_data_reg[86]/D
288  CDC-1   Critical  1-bit unknown CDC circuitry                             0  Asynch Clock Groups  u_ab/u_core/u_w/TILE.line_wr_reg[215]/C                                                                                                           u_mig/u_mig/u_mig_7series_0_mig/u_memc_ui_top_axi/u_axi_mc/axi_mc_w_channel_0/wdf_data_reg[87]/D
289  CDC-1   Critical  1-bit unknown CDC circuitry                             0  Asynch Clock Groups  u_ab/u_core/u_w/TILE.line_wr_reg[344]/C                                                                                                           u_mig/u_mig/u_mig_7series_0_mig/u_memc_ui_top_axi/u_axi_mc/axi_mc_w_channel_0/wdf_data_reg[88]/D
290  CDC-1   Critical  1-bit unknown CDC circuitry                             0  Asynch Clock Groups  u_ab/u_core/u_w/TILE.line_wr_reg[217]/C                                                                                                           u_mig/u_mig/u_mig_7series_0_mig/u_memc_ui_top_axi/u_axi_mc/axi_mc_w_channel_0/wdf_data_reg[89]/D
291  CDC-1   Critical  1-bit unknown CDC circuitry                             0  Asynch Clock Groups  u_ab/u_core/u_w/TILE.line_wr_reg[474]/C                                                                                                           u_mig/u_mig/u_mig_7series_0_mig/u_memc_ui_top_axi/u_axi_mc/axi_mc_w_channel_0/wdf_data_reg[90]/D
292  CDC-1   Critical  1-bit unknown CDC circuitry                             0  Asynch Clock Groups  u_ab/u_core/u_w/TILE.line_wr_reg[91]/C                                                                                                            u_mig/u_mig/u_mig_7series_0_mig/u_memc_ui_top_axi/u_axi_mc/axi_mc_w_channel_0/wdf_data_reg[91]/D
293  CDC-1   Critical  1-bit unknown CDC circuitry                             0  Asynch Clock Groups  u_ab/u_core/u_w/TILE.line_wr_reg[348]/C                                                                                                           u_mig/u_mig/u_mig_7series_0_mig/u_memc_ui_top_axi/u_axi_mc/axi_mc_w_channel_0/wdf_data_reg[92]/D
294  CDC-1   Critical  1-bit unknown CDC circuitry                             0  Asynch Clock Groups  u_ab/u_core/u_w/TILE.line_wr_reg[221]/C                                                                                                           u_mig/u_mig/u_mig_7series_0_mig/u_memc_ui_top_axi/u_axi_mc/axi_mc_w_channel_0/wdf_data_reg[93]/D
295  CDC-1   Critical  1-bit unknown CDC circuitry                             0  Asynch Clock Groups  u_ab/u_core/u_w/TILE.line_wr_reg[990]/C                                                                                                           u_mig/u_mig/u_mig_7series_0_mig/u_memc_ui_top_axi/u_axi_mc/axi_mc_w_channel_0/wdf_data_reg[94]/D
296  CDC-1   Critical  1-bit unknown CDC circuitry                             0  Asynch Clock Groups  u_ab/u_core/u_w/TILE.line_wr_reg[479]/C                                                                                                           u_mig/u_mig/u_mig_7series_0_mig/u_memc_ui_top_axi/u_axi_mc/axi_mc_w_channel_0/wdf_data_reg[95]/D
297  CDC-1   Critical  1-bit unknown CDC circuitry                             0  Asynch Clock Groups  u_ab/u_core/u_w/TILE.line_wr_reg[352]/C                                                                                                           u_mig/u_mig/u_mig_7series_0_mig/u_memc_ui_top_axi/u_axi_mc/axi_mc_w_channel_0/wdf_data_reg[96]/D
298  CDC-1   Critical  1-bit unknown CDC circuitry                             0  Asynch Clock Groups  u_ab/u_core/u_w/TILE.line_wr_reg[481]/C                                                                                                           u_mig/u_mig/u_mig_7series_0_mig/u_memc_ui_top_axi/u_axi_mc/axi_mc_w_channel_0/wdf_data_reg[97]/D
299  CDC-1   Critical  1-bit unknown CDC circuitry                             0  Asynch Clock Groups  u_ab/u_core/u_w/TILE.line_wr_reg[98]/C                                                                                                            u_mig/u_mig/u_mig_7series_0_mig/u_memc_ui_top_axi/u_axi_mc/axi_mc_w_channel_0/wdf_data_reg[98]/D
300  CDC-1   Critical  1-bit unknown CDC circuitry                             0  Asynch Clock Groups  u_ab/u_core/u_w/TILE.line_wr_reg[99]/C                                                                                                            u_mig/u_mig/u_mig_7series_0_mig/u_memc_ui_top_axi/u_axi_mc/axi_mc_w_channel_0/wdf_data_reg[99]/D
301  CDC-1   Critical  1-bit unknown CDC circuitry                             0  Asynch Clock Groups  u_ab/u_core/u_w/TILE.line_wr_reg[484]/C                                                                                                           u_mig/u_mig/u_mig_7series_0_mig/u_memc_ui_top_axi/u_axi_mc/axi_mc_w_channel_0/wdf_data_reg[100]/D
302  CDC-1   Critical  1-bit unknown CDC circuitry                             0  Asynch Clock Groups  u_ab/u_core/u_w/TILE.line_wr_reg[229]/C                                                                                                           u_mig/u_mig/u_mig_7series_0_mig/u_memc_ui_top_axi/u_axi_mc/axi_mc_w_channel_0/wdf_data_reg[101]/D
303  CDC-1   Critical  1-bit unknown CDC circuitry                             0  Asynch Clock Groups  u_ab/u_core/u_w/TILE.line_wr_reg[230]/C                                                                                                           u_mig/u_mig/u_mig_7series_0_mig/u_memc_ui_top_axi/u_axi_mc/axi_mc_w_channel_0/wdf_data_reg[102]/D
304  CDC-1   Critical  1-bit unknown CDC circuitry                             0  Asynch Clock Groups  u_ab/u_core/u_w/TILE.line_wr_reg[487]/C                                                                                                           u_mig/u_mig/u_mig_7series_0_mig/u_memc_ui_top_axi/u_axi_mc/axi_mc_w_channel_0/wdf_data_reg[103]/D
305  CDC-1   Critical  1-bit unknown CDC circuitry                             0  Asynch Clock Groups  u_ab/u_core/u_w/TILE.line_wr_reg[872]/C                                                                                                           u_mig/u_mig/u_mig_7series_0_mig/u_memc_ui_top_axi/u_axi_mc/axi_mc_w_channel_0/wdf_data_reg[104]/D
306  CDC-1   Critical  1-bit unknown CDC circuitry                             0  Asynch Clock Groups  u_ab/u_core/u_w/TILE.line_wr_reg[105]/C                                                                                                           u_mig/u_mig/u_mig_7series_0_mig/u_memc_ui_top_axi/u_axi_mc/axi_mc_w_channel_0/wdf_data_reg[105]/D
307  CDC-1   Critical  1-bit unknown CDC circuitry                             0  Asynch Clock Groups  u_ab/u_core/u_w/TILE.line_wr_reg[362]/C                                                                                                           u_mig/u_mig/u_mig_7series_0_mig/u_memc_ui_top_axi/u_axi_mc/axi_mc_w_channel_0/wdf_data_reg[106]/D
308  CDC-1   Critical  1-bit unknown CDC circuitry                             0  Asynch Clock Groups  u_ab/u_core/u_w/TILE.line_wr_reg[1003]/C                                                                                                          u_mig/u_mig/u_mig_7series_0_mig/u_memc_ui_top_axi/u_axi_mc/axi_mc_w_channel_0/wdf_data_reg[107]/D
309  CDC-1   Critical  1-bit unknown CDC circuitry                             0  Asynch Clock Groups  u_ab/u_core/u_w/TILE.line_wr_reg[492]/C                                                                                                           u_mig/u_mig/u_mig_7series_0_mig/u_memc_ui_top_axi/u_axi_mc/axi_mc_w_channel_0/wdf_data_reg[108]/D
310  CDC-1   Critical  1-bit unknown CDC circuitry                             0  Asynch Clock Groups  u_ab/u_core/u_w/TILE.line_wr_reg[493]/C                                                                                                           u_mig/u_mig/u_mig_7series_0_mig/u_memc_ui_top_axi/u_axi_mc/axi_mc_w_channel_0/wdf_data_reg[109]/D
311  CDC-1   Critical  1-bit unknown CDC circuitry                             0  Asynch Clock Groups  u_ab/u_core/u_w/TILE.line_wr_reg[750]/C                                                                                                           u_mig/u_mig/u_mig_7series_0_mig/u_memc_ui_top_axi/u_axi_mc/axi_mc_w_channel_0/wdf_data_reg[110]/D
312  CDC-1   Critical  1-bit unknown CDC circuitry                             0  Asynch Clock Groups  u_ab/u_core/u_w/TILE.line_wr_reg[367]/C                                                                                                           u_mig/u_mig/u_mig_7series_0_mig/u_memc_ui_top_axi/u_axi_mc/axi_mc_w_channel_0/wdf_data_reg[111]/D
313  CDC-1   Critical  1-bit unknown CDC circuitry                             0  Asynch Clock Groups  u_ab/u_core/u_w/TILE.line_wr_reg[368]/C                                                                                                           u_mig/u_mig/u_mig_7series_0_mig/u_memc_ui_top_axi/u_axi_mc/axi_mc_w_channel_0/wdf_data_reg[112]/D
314  CDC-1   Critical  1-bit unknown CDC circuitry                             0  Asynch Clock Groups  u_ab/u_core/u_w/TILE.line_wr_reg[497]/C                                                                                                           u_mig/u_mig/u_mig_7series_0_mig/u_memc_ui_top_axi/u_axi_mc/axi_mc_w_channel_0/wdf_data_reg[113]/D
315  CDC-1   Critical  1-bit unknown CDC circuitry                             0  Asynch Clock Groups  u_ab/u_core/u_w/TILE.line_wr_reg[626]/C                                                                                                           u_mig/u_mig/u_mig_7series_0_mig/u_memc_ui_top_axi/u_axi_mc/axi_mc_w_channel_0/wdf_data_reg[114]/D
316  CDC-1   Critical  1-bit unknown CDC circuitry                             0  Asynch Clock Groups  u_ab/u_core/u_w/TILE.line_wr_reg[627]/C                                                                                                           u_mig/u_mig/u_mig_7series_0_mig/u_memc_ui_top_axi/u_axi_mc/axi_mc_w_channel_0/wdf_data_reg[115]/D
317  CDC-1   Critical  1-bit unknown CDC circuitry                             0  Asynch Clock Groups  u_ab/u_core/u_w/TILE.line_wr_reg[628]/C                                                                                                           u_mig/u_mig/u_mig_7series_0_mig/u_memc_ui_top_axi/u_axi_mc/axi_mc_w_channel_0/wdf_data_reg[116]/D
318  CDC-1   Critical  1-bit unknown CDC circuitry                             0  Asynch Clock Groups  u_ab/u_core/u_w/TILE.line_wr_reg[1013]/C                                                                                                          u_mig/u_mig/u_mig_7series_0_mig/u_memc_ui_top_axi/u_axi_mc/axi_mc_w_channel_0/wdf_data_reg[117]/D
319  CDC-1   Critical  1-bit unknown CDC circuitry                             0  Asynch Clock Groups  u_ab/u_core/u_w/TILE.line_wr_reg[246]/C                                                                                                           u_mig/u_mig/u_mig_7series_0_mig/u_memc_ui_top_axi/u_axi_mc/axi_mc_w_channel_0/wdf_data_reg[118]/D
320  CDC-1   Critical  1-bit unknown CDC circuitry                             0  Asynch Clock Groups  u_ab/u_core/u_w/TILE.line_wr_reg[375]/C                                                                                                           u_mig/u_mig/u_mig_7series_0_mig/u_memc_ui_top_axi/u_axi_mc/axi_mc_w_channel_0/wdf_data_reg[119]/D
321  CDC-1   Critical  1-bit unknown CDC circuitry                             0  Asynch Clock Groups  u_ab/u_core/u_w/TILE.line_wr_reg[120]/C                                                                                                           u_mig/u_mig/u_mig_7series_0_mig/u_memc_ui_top_axi/u_axi_mc/axi_mc_w_channel_0/wdf_data_reg[120]/D
322  CDC-1   Critical  1-bit unknown CDC circuitry                             0  Asynch Clock Groups  u_ab/u_core/u_w/TILE.line_wr_reg[1017]/C                                                                                                          u_mig/u_mig/u_mig_7series_0_mig/u_memc_ui_top_axi/u_axi_mc/axi_mc_w_channel_0/wdf_data_reg[121]/D
323  CDC-1   Critical  1-bit unknown CDC circuitry                             0  Asynch Clock Groups  u_ab/u_core/u_w/TILE.line_wr_reg[890]/C                                                                                                           u_mig/u_mig/u_mig_7series_0_mig/u_memc_ui_top_axi/u_axi_mc/axi_mc_w_channel_0/wdf_data_reg[122]/D
324  CDC-1   Critical  1-bit unknown CDC circuitry                             0  Asynch Clock Groups  u_ab/u_core/u_w/TILE.line_wr_reg[123]/C                                                                                                           u_mig/u_mig/u_mig_7series_0_mig/u_memc_ui_top_axi/u_axi_mc/axi_mc_w_channel_0/wdf_data_reg[123]/D
325  CDC-1   Critical  1-bit unknown CDC circuitry                             0  Asynch Clock Groups  u_ab/u_core/u_w/TILE.line_wr_reg[1020]/C                                                                                                          u_mig/u_mig/u_mig_7series_0_mig/u_memc_ui_top_axi/u_axi_mc/axi_mc_w_channel_0/wdf_data_reg[124]/D
326  CDC-1   Critical  1-bit unknown CDC circuitry                             0  Asynch Clock Groups  u_ab/u_core/u_w/TILE.line_wr_reg[125]/C                                                                                                           u_mig/u_mig/u_mig_7series_0_mig/u_memc_ui_top_axi/u_axi_mc/axi_mc_w_channel_0/wdf_data_reg[125]/D
327  CDC-1   Critical  1-bit unknown CDC circuitry                             0  Asynch Clock Groups  u_ab/u_core/u_w/TILE.line_wr_reg[1022]/C                                                                                                          u_mig/u_mig/u_mig_7series_0_mig/u_memc_ui_top_axi/u_axi_mc/axi_mc_w_channel_0/wdf_data_reg[126]/D
328  CDC-1   Critical  1-bit unknown CDC circuitry                             0  Asynch Clock Groups  u_ab/u_core/u_w/TILE.line_wr_reg[127]/C                                                                                                           u_mig/u_mig/u_mig_7series_0_mig/u_memc_ui_top_axi/u_axi_mc/axi_mc_w_channel_0/wdf_data_reg[127]/D
329  CDC-15  Warning   Clock enable controlled CDC structure detected          0  Asynch Clock Groups  u_ab/u_core/u_w/TILE.line_wr_reg[640]/C                                                                                                           u_mig/u_mig/u_mig_7series_0_mig/u_memc_ui_top_axi/u_ui_top/ui_wr_data0/app_wdf_data_r1_reg[0]/D
330  CDC-15  Warning   Clock enable controlled CDC structure detected          0  Asynch Clock Groups  u_ab/u_core/u_w/TILE.line_wr_reg[129]/C                                                                                                           u_mig/u_mig/u_mig_7series_0_mig/u_memc_ui_top_axi/u_ui_top/ui_wr_data0/app_wdf_data_r1_reg[1]/D
331  CDC-15  Warning   Clock enable controlled CDC structure detected          0  Asynch Clock Groups  u_ab/u_core/u_w/TILE.line_wr_reg[514]/C                                                                                                           u_mig/u_mig/u_mig_7series_0_mig/u_memc_ui_top_axi/u_ui_top/ui_wr_data0/app_wdf_data_r1_reg[2]/D
332  CDC-15  Warning   Clock enable controlled CDC structure detected          0  Asynch Clock Groups  u_ab/u_core/u_w/TILE.line_wr_reg[131]/C                                                                                                           u_mig/u_mig/u_mig_7series_0_mig/u_memc_ui_top_axi/u_ui_top/ui_wr_data0/app_wdf_data_r1_reg[3]/D
333  CDC-15  Warning   Clock enable controlled CDC structure detected          0  Asynch Clock Groups  u_ab/u_core/u_w/TILE.line_wr_reg[4]/C                                                                                                             u_mig/u_mig/u_mig_7series_0_mig/u_memc_ui_top_axi/u_ui_top/ui_wr_data0/app_wdf_data_r1_reg[4]/D
334  CDC-15  Warning   Clock enable controlled CDC structure detected          0  Asynch Clock Groups  u_ab/u_core/u_w/TILE.line_wr_reg[901]/C                                                                                                           u_mig/u_mig/u_mig_7series_0_mig/u_memc_ui_top_axi/u_ui_top/ui_wr_data0/app_wdf_data_r1_reg[5]/D
335  CDC-15  Warning   Clock enable controlled CDC structure detected          0  Asynch Clock Groups  u_ab/u_core/u_w/TILE.line_wr_reg[390]/C                                                                                                           u_mig/u_mig/u_mig_7series_0_mig/u_memc_ui_top_axi/u_ui_top/ui_wr_data0/app_wdf_data_r1_reg[6]/D
336  CDC-15  Warning   Clock enable controlled CDC structure detected          0  Asynch Clock Groups  u_ab/u_core/u_w/TILE.line_wr_reg[775]/C                                                                                                           u_mig/u_mig/u_mig_7series_0_mig/u_memc_ui_top_axi/u_ui_top/ui_wr_data0/app_wdf_data_r1_reg[7]/D
337  CDC-15  Warning   Clock enable controlled CDC structure detected          0  Asynch Clock Groups  u_ab/u_core/u_w/TILE.line_wr_reg[136]/C                                                                                                           u_mig/u_mig/u_mig_7series_0_mig/u_memc_ui_top_axi/u_ui_top/ui_wr_data0/app_wdf_data_r1_reg[8]/D
338  CDC-15  Warning   Clock enable controlled CDC structure detected          0  Asynch Clock Groups  u_ab/u_core/u_w/TILE.line_wr_reg[265]/C                                                                                                           u_mig/u_mig/u_mig_7series_0_mig/u_memc_ui_top_axi/u_ui_top/ui_wr_data0/app_wdf_data_r1_reg[9]/D
339  CDC-15  Warning   Clock enable controlled CDC structure detected          0  Asynch Clock Groups  u_ab/u_core/u_w/TILE.line_wr_reg[522]/C                                                                                                           u_mig/u_mig/u_mig_7series_0_mig/u_memc_ui_top_axi/u_ui_top/ui_wr_data0/app_wdf_data_r1_reg[10]/D
340  CDC-15  Warning   Clock enable controlled CDC structure detected          0  Asynch Clock Groups  u_ab/u_core/u_w/TILE.line_wr_reg[267]/C                                                                                                           u_mig/u_mig/u_mig_7series_0_mig/u_memc_ui_top_axi/u_ui_top/ui_wr_data0/app_wdf_data_r1_reg[11]/D
341  CDC-15  Warning   Clock enable controlled CDC structure detected          0  Asynch Clock Groups  u_ab/u_core/u_w/TILE.line_wr_reg[140]/C                                                                                                           u_mig/u_mig/u_mig_7series_0_mig/u_memc_ui_top_axi/u_ui_top/ui_wr_data0/app_wdf_data_r1_reg[12]/D
342  CDC-15  Warning   Clock enable controlled CDC structure detected          0  Asynch Clock Groups  u_ab/u_core/u_w/TILE.line_wr_reg[525]/C                                                                                                           u_mig/u_mig/u_mig_7series_0_mig/u_memc_ui_top_axi/u_ui_top/ui_wr_data0/app_wdf_data_r1_reg[13]/D
343  CDC-15  Warning   Clock enable controlled CDC structure detected          0  Asynch Clock Groups  u_ab/u_core/u_w/TILE.line_wr_reg[910]/C                                                                                                           u_mig/u_mig/u_mig_7series_0_mig/u_memc_ui_top_axi/u_ui_top/ui_wr_data0/app_wdf_data_r1_reg[14]/D
344  CDC-15  Warning   Clock enable controlled CDC structure detected          0  Asynch Clock Groups  u_ab/u_core/u_w/TILE.line_wr_reg[271]/C                                                                                                           u_mig/u_mig/u_mig_7series_0_mig/u_memc_ui_top_axi/u_ui_top/ui_wr_data0/app_wdf_data_r1_reg[15]/D
345  CDC-15  Warning   Clock enable controlled CDC structure detected          0  Asynch Clock Groups  u_ab/u_core/u_w/TILE.line_wr_reg[272]/C                                                                                                           u_mig/u_mig/u_mig_7series_0_mig/u_memc_ui_top_axi/u_ui_top/ui_wr_data0/app_wdf_data_r1_reg[16]/D
346  CDC-15  Warning   Clock enable controlled CDC structure detected          0  Asynch Clock Groups  u_ab/u_core/u_w/TILE.line_wr_reg[785]/C                                                                                                           u_mig/u_mig/u_mig_7series_0_mig/u_memc_ui_top_axi/u_ui_top/ui_wr_data0/app_wdf_data_r1_reg[17]/D
347  CDC-15  Warning   Clock enable controlled CDC structure detected          0  Asynch Clock Groups  u_ab/u_core/u_w/TILE.line_wr_reg[786]/C                                                                                                           u_mig/u_mig/u_mig_7series_0_mig/u_memc_ui_top_axi/u_ui_top/ui_wr_data0/app_wdf_data_r1_reg[18]/D
348  CDC-15  Warning   Clock enable controlled CDC structure detected          0  Asynch Clock Groups  u_ab/u_core/u_w/TILE.line_wr_reg[403]/C                                                                                                           u_mig/u_mig/u_mig_7series_0_mig/u_memc_ui_top_axi/u_ui_top/ui_wr_data0/app_wdf_data_r1_reg[19]/D
349  CDC-15  Warning   Clock enable controlled CDC structure detected          0  Asynch Clock Groups  u_ab/u_core/u_w/TILE.line_wr_reg[660]/C                                                                                                           u_mig/u_mig/u_mig_7series_0_mig/u_memc_ui_top_axi/u_ui_top/ui_wr_data0/app_wdf_data_r1_reg[20]/D
350  CDC-15  Warning   Clock enable controlled CDC structure detected          0  Asynch Clock Groups  u_ab/u_core/u_w/TILE.line_wr_reg[405]/C                                                                                                           u_mig/u_mig/u_mig_7series_0_mig/u_memc_ui_top_axi/u_ui_top/ui_wr_data0/app_wdf_data_r1_reg[21]/D
351  CDC-15  Warning   Clock enable controlled CDC structure detected          0  Asynch Clock Groups  u_ab/u_core/u_w/TILE.line_wr_reg[406]/C                                                                                                           u_mig/u_mig/u_mig_7series_0_mig/u_memc_ui_top_axi/u_ui_top/ui_wr_data0/app_wdf_data_r1_reg[22]/D
352  CDC-15  Warning   Clock enable controlled CDC structure detected          0  Asynch Clock Groups  u_ab/u_core/u_w/TILE.line_wr_reg[663]/C                                                                                                           u_mig/u_mig/u_mig_7series_0_mig/u_memc_ui_top_axi/u_ui_top/ui_wr_data0/app_wdf_data_r1_reg[23]/D
353  CDC-15  Warning   Clock enable controlled CDC structure detected          0  Asynch Clock Groups  u_ab/u_core/u_w/TILE.line_wr_reg[664]/C                                                                                                           u_mig/u_mig/u_mig_7series_0_mig/u_memc_ui_top_axi/u_ui_top/ui_wr_data0/app_wdf_data_r1_reg[24]/D
354  CDC-15  Warning   Clock enable controlled CDC structure detected          0  Asynch Clock Groups  u_ab/u_core/u_w/TILE.line_wr_reg[153]/C                                                                                                           u_mig/u_mig/u_mig_7series_0_mig/u_memc_ui_top_axi/u_ui_top/ui_wr_data0/app_wdf_data_r1_reg[25]/D
355  CDC-15  Warning   Clock enable controlled CDC structure detected          0  Asynch Clock Groups  u_ab/u_core/u_w/TILE.line_wr_reg[538]/C                                                                                                           u_mig/u_mig/u_mig_7series_0_mig/u_memc_ui_top_axi/u_ui_top/ui_wr_data0/app_wdf_data_r1_reg[26]/D
356  CDC-15  Warning   Clock enable controlled CDC structure detected          0  Asynch Clock Groups  u_ab/u_core/u_w/TILE.line_wr_reg[923]/C                                                                                                           u_mig/u_mig/u_mig_7series_0_mig/u_memc_ui_top_axi/u_ui_top/ui_wr_data0/app_wdf_data_r1_reg[27]/D
357  CDC-15  Warning   Clock enable controlled CDC structure detected          0  Asynch Clock Groups  u_ab/u_core/u_w/TILE.line_wr_reg[156]/C                                                                                                           u_mig/u_mig/u_mig_7series_0_mig/u_memc_ui_top_axi/u_ui_top/ui_wr_data0/app_wdf_data_r1_reg[28]/D
358  CDC-15  Warning   Clock enable controlled CDC structure detected          0  Asynch Clock Groups  u_ab/u_core/u_w/TILE.line_wr_reg[669]/C                                                                                                           u_mig/u_mig/u_mig_7series_0_mig/u_memc_ui_top_axi/u_ui_top/ui_wr_data0/app_wdf_data_r1_reg[29]/D
359  CDC-15  Warning   Clock enable controlled CDC structure detected          0  Asynch Clock Groups  u_ab/u_core/u_w/TILE.line_wr_reg[542]/C                                                                                                           u_mig/u_mig/u_mig_7series_0_mig/u_memc_ui_top_axi/u_ui_top/ui_wr_data0/app_wdf_data_r1_reg[30]/D
360  CDC-15  Warning   Clock enable controlled CDC structure detected          0  Asynch Clock Groups  u_ab/u_core/u_w/TILE.line_wr_reg[543]/C                                                                                                           u_mig/u_mig/u_mig_7series_0_mig/u_memc_ui_top_axi/u_ui_top/ui_wr_data0/app_wdf_data_r1_reg[31]/D
361  CDC-15  Warning   Clock enable controlled CDC structure detected          0  Asynch Clock Groups  u_ab/u_core/u_w/TILE.line_wr_reg[672]/C                                                                                                           u_mig/u_mig/u_mig_7series_0_mig/u_memc_ui_top_axi/u_ui_top/ui_wr_data0/app_wdf_data_r1_reg[32]/D
362  CDC-15  Warning   Clock enable controlled CDC structure detected          0  Asynch Clock Groups  u_ab/u_core/u_w/TILE.line_wr_reg[289]/C                                                                                                           u_mig/u_mig/u_mig_7series_0_mig/u_memc_ui_top_axi/u_ui_top/ui_wr_data0/app_wdf_data_r1_reg[33]/D
363  CDC-15  Warning   Clock enable controlled CDC structure detected          0  Asynch Clock Groups  u_ab/u_core/u_w/TILE.line_wr_reg[162]/C                                                                                                           u_mig/u_mig/u_mig_7series_0_mig/u_memc_ui_top_axi/u_ui_top/ui_wr_data0/app_wdf_data_r1_reg[34]/D
364  CDC-15  Warning   Clock enable controlled CDC structure detected          0  Asynch Clock Groups  u_ab/u_core/u_w/TILE.line_wr_reg[931]/C                                                                                                           u_mig/u_mig/u_mig_7series_0_mig/u_memc_ui_top_axi/u_ui_top/ui_wr_data0/app_wdf_data_r1_reg[35]/D
365  CDC-15  Warning   Clock enable controlled CDC structure detected          0  Asynch Clock Groups  u_ab/u_core/u_w/TILE.line_wr_reg[292]/C                                                                                                           u_mig/u_mig/u_mig_7series_0_mig/u_memc_ui_top_axi/u_ui_top/ui_wr_data0/app_wdf_data_r1_reg[36]/D
366  CDC-15  Warning   Clock enable controlled CDC structure detected          0  Asynch Clock Groups  u_ab/u_core/u_w/TILE.line_wr_reg[165]/C                                                                                                           u_mig/u_mig/u_mig_7series_0_mig/u_memc_ui_top_axi/u_ui_top/ui_wr_data0/app_wdf_data_r1_reg[37]/D
367  CDC-15  Warning   Clock enable controlled CDC structure detected          0  Asynch Clock Groups  u_ab/u_core/u_w/TILE.line_wr_reg[678]/C                                                                                                           u_mig/u_mig/u_mig_7series_0_mig/u_memc_ui_top_axi/u_ui_top/ui_wr_data0/app_wdf_data_r1_reg[38]/D
368  CDC-15  Warning   Clock enable controlled CDC structure detected          0  Asynch Clock Groups  u_ab/u_core/u_w/TILE.line_wr_reg[295]/C                                                                                                           u_mig/u_mig/u_mig_7series_0_mig/u_memc_ui_top_axi/u_ui_top/ui_wr_data0/app_wdf_data_r1_reg[39]/D
369  CDC-15  Warning   Clock enable controlled CDC structure detected          0  Asynch Clock Groups  u_ab/u_core/u_w/TILE.line_wr_reg[424]/C                                                                                                           u_mig/u_mig/u_mig_7series_0_mig/u_memc_ui_top_axi/u_ui_top/ui_wr_data0/app_wdf_data_r1_reg[40]/D
370  CDC-15  Warning   Clock enable controlled CDC structure detected          0  Asynch Clock Groups  u_ab/u_core/u_w/TILE.line_wr_reg[809]/C                                                                                                           u_mig/u_mig/u_mig_7series_0_mig/u_memc_ui_top_axi/u_ui_top/ui_wr_data0/app_wdf_data_r1_reg[41]/D
371  CDC-15  Warning   Clock enable controlled CDC structure detected          0  Asynch Clock Groups  u_ab/u_core/u_w/TILE.line_wr_reg[554]/C                                                                                                           u_mig/u_mig/u_mig_7series_0_mig/u_memc_ui_top_axi/u_ui_top/ui_wr_data0/app_wdf_data_r1_reg[42]/D
372  CDC-15  Warning   Clock enable controlled CDC structure detected          0  Asynch Clock Groups  u_ab/u_core/u_w/TILE.line_wr_reg[811]/C                                                                                                           u_mig/u_mig/u_mig_7series_0_mig/u_memc_ui_top_axi/u_ui_top/ui_wr_data0/app_wdf_data_r1_reg[43]/D
373  CDC-15  Warning   Clock enable controlled CDC structure detected          0  Asynch Clock Groups  u_ab/u_core/u_w/TILE.line_wr_reg[172]/C                                                                                                           u_mig/u_mig/u_mig_7series_0_mig/u_memc_ui_top_axi/u_ui_top/ui_wr_data0/app_wdf_data_r1_reg[44]/D
374  CDC-15  Warning   Clock enable controlled CDC structure detected          0  Asynch Clock Groups  u_ab/u_core/u_w/TILE.line_wr_reg[301]/C                                                                                                           u_mig/u_mig/u_mig_7series_0_mig/u_memc_ui_top_axi/u_ui_top/ui_wr_data0/app_wdf_data_r1_reg[45]/D
375  CDC-15  Warning   Clock enable controlled CDC structure detected          0  Asynch Clock Groups  u_ab/u_core/u_w/TILE.line_wr_reg[46]/C                                                                                                            u_mig/u_mig/u_mig_7series_0_mig/u_memc_ui_top_axi/u_ui_top/ui_wr_data0/app_wdf_data_r1_reg[46]/D
376  CDC-15  Warning   Clock enable controlled CDC structure detected          0  Asynch Clock Groups  u_ab/u_core/u_w/TILE.line_wr_reg[559]/C                                                                                                           u_mig/u_mig/u_mig_7series_0_mig/u_memc_ui_top_axi/u_ui_top/ui_wr_data0/app_wdf_data_r1_reg[47]/D
377  CDC-15  Warning   Clock enable controlled CDC structure detected          0  Asynch Clock Groups  u_ab/u_core/u_w/TILE.line_wr_reg[688]/C                                                                                                           u_mig/u_mig/u_mig_7series_0_mig/u_memc_ui_top_axi/u_ui_top/ui_wr_data0/app_wdf_data_r1_reg[48]/D
378  CDC-15  Warning   Clock enable controlled CDC structure detected          0  Asynch Clock Groups  u_ab/u_core/u_w/TILE.line_wr_reg[817]/C                                                                                                           u_mig/u_mig/u_mig_7series_0_mig/u_memc_ui_top_axi/u_ui_top/ui_wr_data0/app_wdf_data_r1_reg[49]/D
379  CDC-15  Warning   Clock enable controlled CDC structure detected          0  Asynch Clock Groups  u_ab/u_core/u_w/TILE.line_wr_reg[50]/C                                                                                                            u_mig/u_mig/u_mig_7series_0_mig/u_memc_ui_top_axi/u_ui_top/ui_wr_data0/app_wdf_data_r1_reg[50]/D
380  CDC-15  Warning   Clock enable controlled CDC structure detected          0  Asynch Clock Groups  u_ab/u_core/u_w/TILE.line_wr_reg[435]/C                                                                                                           u_mig/u_mig/u_mig_7series_0_mig/u_memc_ui_top_axi/u_ui_top/ui_wr_data0/app_wdf_data_r1_reg[51]/D
381  CDC-15  Warning   Clock enable controlled CDC structure detected          0  Asynch Clock Groups  u_ab/u_core/u_w/TILE.line_wr_reg[52]/C                                                                                                            u_mig/u_mig/u_mig_7series_0_mig/u_memc_ui_top_axi/u_ui_top/ui_wr_data0/app_wdf_data_r1_reg[52]/D
382  CDC-15  Warning   Clock enable controlled CDC structure detected          0  Asynch Clock Groups  u_ab/u_core/u_w/TILE.line_wr_reg[437]/C                                                                                                           u_mig/u_mig/u_mig_7series_0_mig/u_memc_ui_top_axi/u_ui_top/ui_wr_data0/app_wdf_data_r1_reg[53]/D
383  CDC-15  Warning   Clock enable controlled CDC structure detected          0  Asynch Clock Groups  u_ab/u_core/u_w/TILE.line_wr_reg[438]/C                                                                                                           u_mig/u_mig/u_mig_7series_0_mig/u_memc_ui_top_axi/u_ui_top/ui_wr_data0/app_wdf_data_r1_reg[54]/D
384  CDC-15  Warning   Clock enable controlled CDC structure detected          0  Asynch Clock Groups  u_ab/u_core/u_w/TILE.line_wr_reg[311]/C                                                                                                           u_mig/u_mig/u_mig_7series_0_mig/u_memc_ui_top_axi/u_ui_top/ui_wr_data0/app_wdf_data_r1_reg[55]/D
385  CDC-15  Warning   Clock enable controlled CDC structure detected          0  Asynch Clock Groups  u_ab/u_core/u_w/TILE.line_wr_reg[824]/C                                                                                                           u_mig/u_mig/u_mig_7series_0_mig/u_memc_ui_top_axi/u_ui_top/ui_wr_data0/app_wdf_data_r1_reg[56]/D
386  CDC-15  Warning   Clock enable controlled CDC structure detected          0  Asynch Clock Groups  u_ab/u_core/u_w/TILE.line_wr_reg[825]/C                                                                                                           u_mig/u_mig/u_mig_7series_0_mig/u_memc_ui_top_axi/u_ui_top/ui_wr_data0/app_wdf_data_r1_reg[57]/D
387  CDC-15  Warning   Clock enable controlled CDC structure detected          0  Asynch Clock Groups  u_ab/u_core/u_w/TILE.line_wr_reg[826]/C                                                                                                           u_mig/u_mig/u_mig_7series_0_mig/u_memc_ui_top_axi/u_ui_top/ui_wr_data0/app_wdf_data_r1_reg[58]/D
388  CDC-15  Warning   Clock enable controlled CDC structure detected          0  Asynch Clock Groups  u_ab/u_core/u_w/TILE.line_wr_reg[187]/C                                                                                                           u_mig/u_mig/u_mig_7series_0_mig/u_memc_ui_top_axi/u_ui_top/ui_wr_data0/app_wdf_data_r1_reg[59]/D
389  CDC-15  Warning   Clock enable controlled CDC structure detected          0  Asynch Clock Groups  u_ab/u_core/u_w/TILE.line_wr_reg[828]/C                                                                                                           u_mig/u_mig/u_mig_7series_0_mig/u_memc_ui_top_axi/u_ui_top/ui_wr_data0/app_wdf_data_r1_reg[60]/D
390  CDC-15  Warning   Clock enable controlled CDC structure detected          0  Asynch Clock Groups  u_ab/u_core/u_w/TILE.line_wr_reg[829]/C                                                                                                           u_mig/u_mig/u_mig_7series_0_mig/u_memc_ui_top_axi/u_ui_top/ui_wr_data0/app_wdf_data_r1_reg[61]/D
391  CDC-15  Warning   Clock enable controlled CDC structure detected          0  Asynch Clock Groups  u_ab/u_core/u_w/TILE.line_wr_reg[318]/C                                                                                                           u_mig/u_mig/u_mig_7series_0_mig/u_memc_ui_top_axi/u_ui_top/ui_wr_data0/app_wdf_data_r1_reg[62]/D
392  CDC-15  Warning   Clock enable controlled CDC structure detected          0  Asynch Clock Groups  u_ab/u_core/u_w/TILE.line_wr_reg[831]/C                                                                                                           u_mig/u_mig/u_mig_7series_0_mig/u_memc_ui_top_axi/u_ui_top/ui_wr_data0/app_wdf_data_r1_reg[63]/D
393  CDC-15  Warning   Clock enable controlled CDC structure detected          0  Asynch Clock Groups  u_ab/u_core/u_w/TILE.line_wr_reg[320]/C                                                                                                           u_mig/u_mig/u_mig_7series_0_mig/u_memc_ui_top_axi/u_ui_top/ui_wr_data0/app_wdf_data_r1_reg[64]/D
394  CDC-15  Warning   Clock enable controlled CDC structure detected          0  Asynch Clock Groups  u_ab/u_core/u_w/TILE.line_wr_reg[449]/C                                                                                                           u_mig/u_mig/u_mig_7series_0_mig/u_memc_ui_top_axi/u_ui_top/ui_wr_data0/app_wdf_data_r1_reg[65]/D
395  CDC-15  Warning   Clock enable controlled CDC structure detected          0  Asynch Clock Groups  u_ab/u_core/u_w/TILE.line_wr_reg[450]/C                                                                                                           u_mig/u_mig/u_mig_7series_0_mig/u_memc_ui_top_axi/u_ui_top/ui_wr_data0/app_wdf_data_r1_reg[66]/D
396  CDC-15  Warning   Clock enable controlled CDC structure detected          0  Asynch Clock Groups  u_ab/u_core/u_w/TILE.line_wr_reg[707]/C                                                                                                           u_mig/u_mig/u_mig_7series_0_mig/u_memc_ui_top_axi/u_ui_top/ui_wr_data0/app_wdf_data_r1_reg[67]/D
397  CDC-15  Warning   Clock enable controlled CDC structure detected          0  Asynch Clock Groups  u_ab/u_core/u_w/TILE.line_wr_reg[452]/C                                                                                                           u_mig/u_mig/u_mig_7series_0_mig/u_memc_ui_top_axi/u_ui_top/ui_wr_data0/app_wdf_data_r1_reg[68]/D
398  CDC-15  Warning   Clock enable controlled CDC structure detected          0  Asynch Clock Groups  u_ab/u_core/u_w/TILE.line_wr_reg[453]/C                                                                                                           u_mig/u_mig/u_mig_7series_0_mig/u_memc_ui_top_axi/u_ui_top/ui_wr_data0/app_wdf_data_r1_reg[69]/D
399  CDC-15  Warning   Clock enable controlled CDC structure detected          0  Asynch Clock Groups  u_ab/u_core/u_w/TILE.line_wr_reg[710]/C                                                                                                           u_mig/u_mig/u_mig_7series_0_mig/u_memc_ui_top_axi/u_ui_top/ui_wr_data0/app_wdf_data_r1_reg[70]/D
400  CDC-15  Warning   Clock enable controlled CDC structure detected          0  Asynch Clock Groups  u_ab/u_core/u_w/TILE.line_wr_reg[455]/C                                                                                                           u_mig/u_mig/u_mig_7series_0_mig/u_memc_ui_top_axi/u_ui_top/ui_wr_data0/app_wdf_data_r1_reg[71]/D
401  CDC-15  Warning   Clock enable controlled CDC structure detected          0  Asynch Clock Groups  u_ab/u_core/u_w/TILE.line_wr_reg[456]/C                                                                                                           u_mig/u_mig/u_mig_7series_0_mig/u_memc_ui_top_axi/u_ui_top/ui_wr_data0/app_wdf_data_r1_reg[72]/D
402  CDC-15  Warning   Clock enable controlled CDC structure detected          0  Asynch Clock Groups  u_ab/u_core/u_w/TILE.line_wr_reg[585]/C                                                                                                           u_mig/u_mig/u_mig_7series_0_mig/u_memc_ui_top_axi/u_ui_top/ui_wr_data0/app_wdf_data_r1_reg[73]/D
403  CDC-15  Warning   Clock enable controlled CDC structure detected          0  Asynch Clock Groups  u_ab/u_core/u_w/TILE.line_wr_reg[202]/C                                                                                                           u_mig/u_mig/u_mig_7series_0_mig/u_memc_ui_top_axi/u_ui_top/ui_wr_data0/app_wdf_data_r1_reg[74]/D
404  CDC-15  Warning   Clock enable controlled CDC structure detected          0  Asynch Clock Groups  u_ab/u_core/u_w/TILE.line_wr_reg[587]/C                                                                                                           u_mig/u_mig/u_mig_7series_0_mig/u_memc_ui_top_axi/u_ui_top/ui_wr_data0/app_wdf_data_r1_reg[75]/D
405  CDC-15  Warning   Clock enable controlled CDC structure detected          0  Asynch Clock Groups  u_ab/u_core/u_w/TILE.line_wr_reg[716]/C                                                                                                           u_mig/u_mig/u_mig_7series_0_mig/u_memc_ui_top_axi/u_ui_top/ui_wr_data0/app_wdf_data_r1_reg[76]/D
406  CDC-15  Warning   Clock enable controlled CDC structure detected          0  Asynch Clock Groups  u_ab/u_core/u_w/TILE.line_wr_reg[589]/C                                                                                                           u_mig/u_mig/u_mig_7series_0_mig/u_memc_ui_top_axi/u_ui_top/ui_wr_data0/app_wdf_data_r1_reg[77]/D
407  CDC-15  Warning   Clock enable controlled CDC structure detected          0  Asynch Clock Groups  u_ab/u_core/u_w/TILE.line_wr_reg[462]/C                                                                                                           u_mig/u_mig/u_mig_7series_0_mig/u_memc_ui_top_axi/u_ui_top/ui_wr_data0/app_wdf_data_r1_reg[78]/D
408  CDC-15  Warning   Clock enable controlled CDC structure detected          0  Asynch Clock Groups  u_ab/u_core/u_w/TILE.line_wr_reg[79]/C                                                                                                            u_mig/u_mig/u_mig_7series_0_mig/u_memc_ui_top_axi/u_ui_top/ui_wr_data0/app_wdf_data_r1_reg[79]/D
409  CDC-15  Warning   Clock enable controlled CDC structure detected          0  Asynch Clock Groups  u_ab/u_core/u_w/TILE.line_wr_reg[592]/C                                                                                                           u_mig/u_mig/u_mig_7series_0_mig/u_memc_ui_top_axi/u_ui_top/ui_wr_data0/app_wdf_data_r1_reg[80]/D
410  CDC-15  Warning   Clock enable controlled CDC structure detected          0  Asynch Clock Groups  u_ab/u_core/u_w/TILE.line_wr_reg[593]/C                                                                                                           u_mig/u_mig/u_mig_7series_0_mig/u_memc_ui_top_axi/u_ui_top/ui_wr_data0/app_wdf_data_r1_reg[81]/D
411  CDC-15  Warning   Clock enable controlled CDC structure detected          0  Asynch Clock Groups  u_ab/u_core/u_w/TILE.line_wr_reg[338]/C                                                                                                           u_mig/u_mig/u_mig_7series_0_mig/u_memc_ui_top_axi/u_ui_top/ui_wr_data0/app_wdf_data_r1_reg[82]/D
412  CDC-15  Warning   Clock enable controlled CDC structure detected          0  Asynch Clock Groups  u_ab/u_core/u_w/TILE.line_wr_reg[211]/C                                                                                                           u_mig/u_mig/u_mig_7series_0_mig/u_memc_ui_top_axi/u_ui_top/ui_wr_data0/app_wdf_data_r1_reg[83]/D
413  CDC-15  Warning   Clock enable controlled CDC structure detected          0  Asynch Clock Groups  u_ab/u_core/u_w/TILE.line_wr_reg[212]/C                                                                                                           u_mig/u_mig/u_mig_7series_0_mig/u_memc_ui_top_axi/u_ui_top/ui_wr_data0/app_wdf_data_r1_reg[84]/D
414  CDC-15  Warning   Clock enable controlled CDC structure detected          0  Asynch Clock Groups  u_ab/u_core/u_w/TILE.line_wr_reg[213]/C                                                                                                           u_mig/u_mig/u_mig_7series_0_mig/u_memc_ui_top_axi/u_ui_top/ui_wr_data0/app_wdf_data_r1_reg[85]/D
415  CDC-15  Warning   Clock enable controlled CDC structure detected          0  Asynch Clock Groups  u_ab/u_core/u_w/TILE.line_wr_reg[982]/C                                                                                                           u_mig/u_mig/u_mig_7series_0_mig/u_memc_ui_top_axi/u_ui_top/ui_wr_data0/app_wdf_data_r1_reg[86]/D
416  CDC-15  Warning   Clock enable controlled CDC structure detected          0  Asynch Clock Groups  u_ab/u_core/u_w/TILE.line_wr_reg[215]/C                                                                                                           u_mig/u_mig/u_mig_7series_0_mig/u_memc_ui_top_axi/u_ui_top/ui_wr_data0/app_wdf_data_r1_reg[87]/D
417  CDC-15  Warning   Clock enable controlled CDC structure detected          0  Asynch Clock Groups  u_ab/u_core/u_w/TILE.line_wr_reg[344]/C                                                                                                           u_mig/u_mig/u_mig_7series_0_mig/u_memc_ui_top_axi/u_ui_top/ui_wr_data0/app_wdf_data_r1_reg[88]/D
418  CDC-15  Warning   Clock enable controlled CDC structure detected          0  Asynch Clock Groups  u_ab/u_core/u_w/TILE.line_wr_reg[217]/C                                                                                                           u_mig/u_mig/u_mig_7series_0_mig/u_memc_ui_top_axi/u_ui_top/ui_wr_data0/app_wdf_data_r1_reg[89]/D
419  CDC-15  Warning   Clock enable controlled CDC structure detected          0  Asynch Clock Groups  u_ab/u_core/u_w/TILE.line_wr_reg[474]/C                                                                                                           u_mig/u_mig/u_mig_7series_0_mig/u_memc_ui_top_axi/u_ui_top/ui_wr_data0/app_wdf_data_r1_reg[90]/D
420  CDC-15  Warning   Clock enable controlled CDC structure detected          0  Asynch Clock Groups  u_ab/u_core/u_w/TILE.line_wr_reg[91]/C                                                                                                            u_mig/u_mig/u_mig_7series_0_mig/u_memc_ui_top_axi/u_ui_top/ui_wr_data0/app_wdf_data_r1_reg[91]/D
421  CDC-15  Warning   Clock enable controlled CDC structure detected          0  Asynch Clock Groups  u_ab/u_core/u_w/TILE.line_wr_reg[348]/C                                                                                                           u_mig/u_mig/u_mig_7series_0_mig/u_memc_ui_top_axi/u_ui_top/ui_wr_data0/app_wdf_data_r1_reg[92]/D
422  CDC-15  Warning   Clock enable controlled CDC structure detected          0  Asynch Clock Groups  u_ab/u_core/u_w/TILE.line_wr_reg[221]/C                                                                                                           u_mig/u_mig/u_mig_7series_0_mig/u_memc_ui_top_axi/u_ui_top/ui_wr_data0/app_wdf_data_r1_reg[93]/D
423  CDC-15  Warning   Clock enable controlled CDC structure detected          0  Asynch Clock Groups  u_ab/u_core/u_w/TILE.line_wr_reg[990]/C                                                                                                           u_mig/u_mig/u_mig_7series_0_mig/u_memc_ui_top_axi/u_ui_top/ui_wr_data0/app_wdf_data_r1_reg[94]/D
424  CDC-15  Warning   Clock enable controlled CDC structure detected          0  Asynch Clock Groups  u_ab/u_core/u_w/TILE.line_wr_reg[479]/C                                                                                                           u_mig/u_mig/u_mig_7series_0_mig/u_memc_ui_top_axi/u_ui_top/ui_wr_data0/app_wdf_data_r1_reg[95]/D
425  CDC-15  Warning   Clock enable controlled CDC structure detected          0  Asynch Clock Groups  u_ab/u_core/u_w/TILE.line_wr_reg[352]/C                                                                                                           u_mig/u_mig/u_mig_7series_0_mig/u_memc_ui_top_axi/u_ui_top/ui_wr_data0/app_wdf_data_r1_reg[96]/D
426  CDC-15  Warning   Clock enable controlled CDC structure detected          0  Asynch Clock Groups  u_ab/u_core/u_w/TILE.line_wr_reg[481]/C                                                                                                           u_mig/u_mig/u_mig_7series_0_mig/u_memc_ui_top_axi/u_ui_top/ui_wr_data0/app_wdf_data_r1_reg[97]/D
427  CDC-15  Warning   Clock enable controlled CDC structure detected          0  Asynch Clock Groups  u_ab/u_core/u_w/TILE.line_wr_reg[98]/C                                                                                                            u_mig/u_mig/u_mig_7series_0_mig/u_memc_ui_top_axi/u_ui_top/ui_wr_data0/app_wdf_data_r1_reg[98]/D
428  CDC-15  Warning   Clock enable controlled CDC structure detected          0  Asynch Clock Groups  u_ab/u_core/u_w/TILE.line_wr_reg[99]/C                                                                                                            u_mig/u_mig/u_mig_7series_0_mig/u_memc_ui_top_axi/u_ui_top/ui_wr_data0/app_wdf_data_r1_reg[99]/D
429  CDC-15  Warning   Clock enable controlled CDC structure detected          0  Asynch Clock Groups  u_ab/u_core/u_w/TILE.line_wr_reg[484]/C                                                                                                           u_mig/u_mig/u_mig_7series_0_mig/u_memc_ui_top_axi/u_ui_top/ui_wr_data0/app_wdf_data_r1_reg[100]/D
430  CDC-15  Warning   Clock enable controlled CDC structure detected          0  Asynch Clock Groups  u_ab/u_core/u_w/TILE.line_wr_reg[229]/C                                                                                                           u_mig/u_mig/u_mig_7series_0_mig/u_memc_ui_top_axi/u_ui_top/ui_wr_data0/app_wdf_data_r1_reg[101]/D
431  CDC-15  Warning   Clock enable controlled CDC structure detected          0  Asynch Clock Groups  u_ab/u_core/u_w/TILE.line_wr_reg[230]/C                                                                                                           u_mig/u_mig/u_mig_7series_0_mig/u_memc_ui_top_axi/u_ui_top/ui_wr_data0/app_wdf_data_r1_reg[102]/D
432  CDC-15  Warning   Clock enable controlled CDC structure detected          0  Asynch Clock Groups  u_ab/u_core/u_w/TILE.line_wr_reg[487]/C                                                                                                           u_mig/u_mig/u_mig_7series_0_mig/u_memc_ui_top_axi/u_ui_top/ui_wr_data0/app_wdf_data_r1_reg[103]/D
433  CDC-15  Warning   Clock enable controlled CDC structure detected          0  Asynch Clock Groups  u_ab/u_core/u_w/TILE.line_wr_reg[872]/C                                                                                                           u_mig/u_mig/u_mig_7series_0_mig/u_memc_ui_top_axi/u_ui_top/ui_wr_data0/app_wdf_data_r1_reg[104]/D
434  CDC-15  Warning   Clock enable controlled CDC structure detected          0  Asynch Clock Groups  u_ab/u_core/u_w/TILE.line_wr_reg[105]/C                                                                                                           u_mig/u_mig/u_mig_7series_0_mig/u_memc_ui_top_axi/u_ui_top/ui_wr_data0/app_wdf_data_r1_reg[105]/D
435  CDC-15  Warning   Clock enable controlled CDC structure detected          0  Asynch Clock Groups  u_ab/u_core/u_w/TILE.line_wr_reg[362]/C                                                                                                           u_mig/u_mig/u_mig_7series_0_mig/u_memc_ui_top_axi/u_ui_top/ui_wr_data0/app_wdf_data_r1_reg[106]/D
436  CDC-15  Warning   Clock enable controlled CDC structure detected          0  Asynch Clock Groups  u_ab/u_core/u_w/TILE.line_wr_reg[1003]/C                                                                                                          u_mig/u_mig/u_mig_7series_0_mig/u_memc_ui_top_axi/u_ui_top/ui_wr_data0/app_wdf_data_r1_reg[107]/D
437  CDC-15  Warning   Clock enable controlled CDC structure detected          0  Asynch Clock Groups  u_ab/u_core/u_w/TILE.line_wr_reg[492]/C                                                                                                           u_mig/u_mig/u_mig_7series_0_mig/u_memc_ui_top_axi/u_ui_top/ui_wr_data0/app_wdf_data_r1_reg[108]/D
438  CDC-15  Warning   Clock enable controlled CDC structure detected          0  Asynch Clock Groups  u_ab/u_core/u_w/TILE.line_wr_reg[493]/C                                                                                                           u_mig/u_mig/u_mig_7series_0_mig/u_memc_ui_top_axi/u_ui_top/ui_wr_data0/app_wdf_data_r1_reg[109]/D
439  CDC-15  Warning   Clock enable controlled CDC structure detected          0  Asynch Clock Groups  u_ab/u_core/u_w/TILE.line_wr_reg[750]/C                                                                                                           u_mig/u_mig/u_mig_7series_0_mig/u_memc_ui_top_axi/u_ui_top/ui_wr_data0/app_wdf_data_r1_reg[110]/D
440  CDC-15  Warning   Clock enable controlled CDC structure detected          0  Asynch Clock Groups  u_ab/u_core/u_w/TILE.line_wr_reg[367]/C                                                                                                           u_mig/u_mig/u_mig_7series_0_mig/u_memc_ui_top_axi/u_ui_top/ui_wr_data0/app_wdf_data_r1_reg[111]/D
441  CDC-15  Warning   Clock enable controlled CDC structure detected          0  Asynch Clock Groups  u_ab/u_core/u_w/TILE.line_wr_reg[368]/C                                                                                                           u_mig/u_mig/u_mig_7series_0_mig/u_memc_ui_top_axi/u_ui_top/ui_wr_data0/app_wdf_data_r1_reg[112]/D
442  CDC-15  Warning   Clock enable controlled CDC structure detected          0  Asynch Clock Groups  u_ab/u_core/u_w/TILE.line_wr_reg[497]/C                                                                                                           u_mig/u_mig/u_mig_7series_0_mig/u_memc_ui_top_axi/u_ui_top/ui_wr_data0/app_wdf_data_r1_reg[113]/D
443  CDC-15  Warning   Clock enable controlled CDC structure detected          0  Asynch Clock Groups  u_ab/u_core/u_w/TILE.line_wr_reg[626]/C                                                                                                           u_mig/u_mig/u_mig_7series_0_mig/u_memc_ui_top_axi/u_ui_top/ui_wr_data0/app_wdf_data_r1_reg[114]/D
444  CDC-15  Warning   Clock enable controlled CDC structure detected          0  Asynch Clock Groups  u_ab/u_core/u_w/TILE.line_wr_reg[627]/C                                                                                                           u_mig/u_mig/u_mig_7series_0_mig/u_memc_ui_top_axi/u_ui_top/ui_wr_data0/app_wdf_data_r1_reg[115]/D
445  CDC-15  Warning   Clock enable controlled CDC structure detected          0  Asynch Clock Groups  u_ab/u_core/u_w/TILE.line_wr_reg[628]/C                                                                                                           u_mig/u_mig/u_mig_7series_0_mig/u_memc_ui_top_axi/u_ui_top/ui_wr_data0/app_wdf_data_r1_reg[116]/D
446  CDC-15  Warning   Clock enable controlled CDC structure detected          0  Asynch Clock Groups  u_ab/u_core/u_w/TILE.line_wr_reg[1013]/C                                                                                                          u_mig/u_mig/u_mig_7series_0_mig/u_memc_ui_top_axi/u_ui_top/ui_wr_data0/app_wdf_data_r1_reg[117]/D
447  CDC-15  Warning   Clock enable controlled CDC structure detected          0  Asynch Clock Groups  u_ab/u_core/u_w/TILE.line_wr_reg[246]/C                                                                                                           u_mig/u_mig/u_mig_7series_0_mig/u_memc_ui_top_axi/u_ui_top/ui_wr_data0/app_wdf_data_r1_reg[118]/D
448  CDC-15  Warning   Clock enable controlled CDC structure detected          0  Asynch Clock Groups  u_ab/u_core/u_w/TILE.line_wr_reg[375]/C                                                                                                           u_mig/u_mig/u_mig_7series_0_mig/u_memc_ui_top_axi/u_ui_top/ui_wr_data0/app_wdf_data_r1_reg[119]/D
449  CDC-15  Warning   Clock enable controlled CDC structure detected          0  Asynch Clock Groups  u_ab/u_core/u_w/TILE.line_wr_reg[120]/C                                                                                                           u_mig/u_mig/u_mig_7series_0_mig/u_memc_ui_top_axi/u_ui_top/ui_wr_data0/app_wdf_data_r1_reg[120]/D
450  CDC-15  Warning   Clock enable controlled CDC structure detected          0  Asynch Clock Groups  u_ab/u_core/u_w/TILE.line_wr_reg[1017]/C                                                                                                          u_mig/u_mig/u_mig_7series_0_mig/u_memc_ui_top_axi/u_ui_top/ui_wr_data0/app_wdf_data_r1_reg[121]/D
451  CDC-15  Warning   Clock enable controlled CDC structure detected          0  Asynch Clock Groups  u_ab/u_core/u_w/TILE.line_wr_reg[890]/C                                                                                                           u_mig/u_mig/u_mig_7series_0_mig/u_memc_ui_top_axi/u_ui_top/ui_wr_data0/app_wdf_data_r1_reg[122]/D
452  CDC-15  Warning   Clock enable controlled CDC structure detected          0  Asynch Clock Groups  u_ab/u_core/u_w/TILE.line_wr_reg[123]/C                                                                                                           u_mig/u_mig/u_mig_7series_0_mig/u_memc_ui_top_axi/u_ui_top/ui_wr_data0/app_wdf_data_r1_reg[123]/D
453  CDC-15  Warning   Clock enable controlled CDC structure detected          0  Asynch Clock Groups  u_ab/u_core/u_w/TILE.line_wr_reg[1020]/C                                                                                                          u_mig/u_mig/u_mig_7series_0_mig/u_memc_ui_top_axi/u_ui_top/ui_wr_data0/app_wdf_data_r1_reg[124]/D
454  CDC-15  Warning   Clock enable controlled CDC structure detected          0  Asynch Clock Groups  u_ab/u_core/u_w/TILE.line_wr_reg[125]/C                                                                                                           u_mig/u_mig/u_mig_7series_0_mig/u_memc_ui_top_axi/u_ui_top/ui_wr_data0/app_wdf_data_r1_reg[125]/D
455  CDC-15  Warning   Clock enable controlled CDC structure detected          0  Asynch Clock Groups  u_ab/u_core/u_w/TILE.line_wr_reg[1022]/C                                                                                                          u_mig/u_mig/u_mig_7series_0_mig/u_memc_ui_top_axi/u_ui_top/ui_wr_data0/app_wdf_data_r1_reg[126]/D
456  CDC-15  Warning   Clock enable controlled CDC structure detected          0  Asynch Clock Groups  u_ab/u_core/u_w/TILE.line_wr_reg[127]/C                                                                                                           u_mig/u_mig/u_mig_7series_0_mig/u_memc_ui_top_axi/u_ui_top/ui_wr_data0/app_wdf_data_r1_reg[127]/D
457  CDC-13  Critical  1-bit CDC path on a non-FD primitive                    0  Asynch Clock Groups  u_ab/u_core/u_w/TILE.line_wr_reg[4]/C                                                                                                             u_mig/u_mig/u_mig_7series_0_mig/u_memc_ui_top_axi/u_ui_top/ui_wr_data0/write_buffer.wr_buffer_ram[0].RAM32M0/RAMA/I
458  CDC-13  Critical  1-bit CDC path on a non-FD primitive                    0  Asynch Clock Groups  u_ab/u_core/u_w/TILE.line_wr_reg[901]/C                                                                                                           u_mig/u_mig/u_mig_7series_0_mig/u_memc_ui_top_axi/u_ui_top/ui_wr_data0/write_buffer.wr_buffer_ram[0].RAM32M0/RAMA_D1/I
459  CDC-13  Critical  1-bit CDC path on a non-FD primitive                    0  Asynch Clock Groups  u_ab/u_core/u_w/TILE.line_wr_reg[514]/C                                                                                                           u_mig/u_mig/u_mig_7series_0_mig/u_memc_ui_top_axi/u_ui_top/ui_wr_data0/write_buffer.wr_buffer_ram[0].RAM32M0/RAMB/I
460  CDC-13  Critical  1-bit CDC path on a non-FD primitive                    0  Asynch Clock Groups  u_ab/u_core/u_w/TILE.line_wr_reg[131]/C                                                                                                           u_mig/u_mig/u_mig_7series_0_mig/u_memc_ui_top_axi/u_ui_top/ui_wr_data0/write_buffer.wr_buffer_ram[0].RAM32M0/RAMB_D1/I
461  CDC-13  Critical  1-bit CDC path on a non-FD primitive                    0  Asynch Clock Groups  u_ab/u_core/u_w/TILE.line_wr_reg[640]/C                                                                                                           u_mig/u_mig/u_mig_7series_0_mig/u_memc_ui_top_axi/u_ui_top/ui_wr_data0/write_buffer.wr_buffer_ram[0].RAM32M0/RAMC/I
462  CDC-13  Critical  1-bit CDC path on a non-FD primitive                    0  Asynch Clock Groups  u_ab/u_core/u_w/TILE.line_wr_reg[129]/C                                                                                                           u_mig/u_mig/u_mig_7series_0_mig/u_memc_ui_top_axi/u_ui_top/ui_wr_data0/write_buffer.wr_buffer_ram[0].RAM32M0/RAMC_D1/I
463  CDC-13  Critical  1-bit CDC path on a non-FD primitive                    0  Asynch Clock Groups  u_ab/u_core/u_w/TILE.line_wr_reg[522]/C                                                                                                           u_mig/u_mig/u_mig_7series_0_mig/u_memc_ui_top_axi/u_ui_top/ui_wr_data0/write_buffer.wr_buffer_ram[1].RAM32M0/RAMA/I
464  CDC-13  Critical  1-bit CDC path on a non-FD primitive                    0  Asynch Clock Groups  u_ab/u_core/u_w/TILE.line_wr_reg[267]/C                                                                                                           u_mig/u_mig/u_mig_7series_0_mig/u_memc_ui_top_axi/u_ui_top/ui_wr_data0/write_buffer.wr_buffer_ram[1].RAM32M0/RAMA_D1/I
465  CDC-13  Critical  1-bit CDC path on a non-FD primitive                    0  Asynch Clock Groups  u_ab/u_core/u_w/TILE.line_wr_reg[136]/C                                                                                                           u_mig/u_mig/u_mig_7series_0_mig/u_memc_ui_top_axi/u_ui_top/ui_wr_data0/write_buffer.wr_buffer_ram[1].RAM32M0/RAMB/I
466  CDC-13  Critical  1-bit CDC path on a non-FD primitive                    0  Asynch Clock Groups  u_ab/u_core/u_w/TILE.line_wr_reg[265]/C                                                                                                           u_mig/u_mig/u_mig_7series_0_mig/u_memc_ui_top_axi/u_ui_top/ui_wr_data0/write_buffer.wr_buffer_ram[1].RAM32M0/RAMB_D1/I
467  CDC-13  Critical  1-bit CDC path on a non-FD primitive                    0  Asynch Clock Groups  u_ab/u_core/u_w/TILE.line_wr_reg[390]/C                                                                                                           u_mig/u_mig/u_mig_7series_0_mig/u_memc_ui_top_axi/u_ui_top/ui_wr_data0/write_buffer.wr_buffer_ram[1].RAM32M0/RAMC/I
468  CDC-13  Critical  1-bit CDC path on a non-FD primitive                    0  Asynch Clock Groups  u_ab/u_core/u_w/TILE.line_wr_reg[775]/C                                                                                                           u_mig/u_mig/u_mig_7series_0_mig/u_memc_ui_top_axi/u_ui_top/ui_wr_data0/write_buffer.wr_buffer_ram[1].RAM32M0/RAMC_D1/I
469  CDC-13  Critical  1-bit CDC path on a non-FD primitive                    0  Asynch Clock Groups  u_ab/u_core/u_w/TILE.line_wr_reg[272]/C                                                                                                           u_mig/u_mig/u_mig_7series_0_mig/u_memc_ui_top_axi/u_ui_top/ui_wr_data0/write_buffer.wr_buffer_ram[2].RAM32M0/RAMA/I
470  CDC-13  Critical  1-bit CDC path on a non-FD primitive                    0  Asynch Clock Groups  u_ab/u_core/u_w/TILE.line_wr_reg[785]/C                                                                                                           u_mig/u_mig/u_mig_7series_0_mig/u_memc_ui_top_axi/u_ui_top/ui_wr_data0/write_buffer.wr_buffer_ram[2].RAM32M0/RAMA_D1/I
471  CDC-13  Critical  1-bit CDC path on a non-FD primitive                    0  Asynch Clock Groups  u_ab/u_core/u_w/TILE.line_wr_reg[910]/C                                                                                                           u_mig/u_mig/u_mig_7series_0_mig/u_memc_ui_top_axi/u_ui_top/ui_wr_data0/write_buffer.wr_buffer_ram[2].RAM32M0/RAMB/I
472  CDC-13  Critical  1-bit CDC path on a non-FD primitive                    0  Asynch Clock Groups  u_ab/u_core/u_w/TILE.line_wr_reg[271]/C                                                                                                           u_mig/u_mig/u_mig_7series_0_mig/u_memc_ui_top_axi/u_ui_top/ui_wr_data0/write_buffer.wr_buffer_ram[2].RAM32M0/RAMB_D1/I
473  CDC-13  Critical  1-bit CDC path on a non-FD primitive                    0  Asynch Clock Groups  u_ab/u_core/u_w/TILE.line_wr_reg[140]/C                                                                                                           u_mig/u_mig/u_mig_7series_0_mig/u_memc_ui_top_axi/u_ui_top/ui_wr_data0/write_buffer.wr_buffer_ram[2].RAM32M0/RAMC/I
474  CDC-13  Critical  1-bit CDC path on a non-FD primitive                    0  Asynch Clock Groups  u_ab/u_core/u_w/TILE.line_wr_reg[525]/C                                                                                                           u_mig/u_mig/u_mig_7series_0_mig/u_memc_ui_top_axi/u_ui_top/ui_wr_data0/write_buffer.wr_buffer_ram[2].RAM32M0/RAMC_D1/I
475  CDC-13  Critical  1-bit CDC path on a non-FD primitive                    0  Asynch Clock Groups  u_ab/u_core/u_w/TILE.line_wr_reg[406]/C                                                                                                           u_mig/u_mig/u_mig_7series_0_mig/u_memc_ui_top_axi/u_ui_top/ui_wr_data0/write_buffer.wr_buffer_ram[3].RAM32M0/RAMA/I
476  CDC-13  Critical  1-bit CDC path on a non-FD primitive                    0  Asynch Clock Groups  u_ab/u_core/u_w/TILE.line_wr_reg[663]/C                                                                                                           u_mig/u_mig/u_mig_7series_0_mig/u_memc_ui_top_axi/u_ui_top/ui_wr_data0/write_buffer.wr_buffer_ram[3].RAM32M0/RAMA_D1/I
477  CDC-13  Critical  1-bit CDC path on a non-FD primitive                    0  Asynch Clock Groups  u_ab/u_core/u_w/TILE.line_wr_reg[660]/C                                                                                                           u_mig/u_mig/u_mig_7series_0_mig/u_memc_ui_top_axi/u_ui_top/ui_wr_data0/write_buffer.wr_buffer_ram[3].RAM32M0/RAMB/I
478  CDC-13  Critical  1-bit CDC path on a non-FD primitive                    0  Asynch Clock Groups  u_ab/u_core/u_w/TILE.line_wr_reg[405]/C                                                                                                           u_mig/u_mig/u_mig_7series_0_mig/u_memc_ui_top_axi/u_ui_top/ui_wr_data0/write_buffer.wr_buffer_ram[3].RAM32M0/RAMB_D1/I
479  CDC-13  Critical  1-bit CDC path on a non-FD primitive                    0  Asynch Clock Groups  u_ab/u_core/u_w/TILE.line_wr_reg[786]/C                                                                                                           u_mig/u_mig/u_mig_7series_0_mig/u_memc_ui_top_axi/u_ui_top/ui_wr_data0/write_buffer.wr_buffer_ram[3].RAM32M0/RAMC/I
480  CDC-13  Critical  1-bit CDC path on a non-FD primitive                    0  Asynch Clock Groups  u_ab/u_core/u_w/TILE.line_wr_reg[403]/C                                                                                                           u_mig/u_mig/u_mig_7series_0_mig/u_memc_ui_top_axi/u_ui_top/ui_wr_data0/write_buffer.wr_buffer_ram[3].RAM32M0/RAMC_D1/I
481  CDC-13  Critical  1-bit CDC path on a non-FD primitive                    0  Asynch Clock Groups  u_ab/u_core/u_w/TILE.line_wr_reg[156]/C                                                                                                           u_mig/u_mig/u_mig_7series_0_mig/u_memc_ui_top_axi/u_ui_top/ui_wr_data0/write_buffer.wr_buffer_ram[4].RAM32M0/RAMA/I
482  CDC-13  Critical  1-bit CDC path on a non-FD primitive                    0  Asynch Clock Groups  u_ab/u_core/u_w/TILE.line_wr_reg[669]/C                                                                                                           u_mig/u_mig/u_mig_7series_0_mig/u_memc_ui_top_axi/u_ui_top/ui_wr_data0/write_buffer.wr_buffer_ram[4].RAM32M0/RAMA_D1/I
483  CDC-13  Critical  1-bit CDC path on a non-FD primitive                    0  Asynch Clock Groups  u_ab/u_core/u_w/TILE.line_wr_reg[538]/C                                                                                                           u_mig/u_mig/u_mig_7series_0_mig/u_memc_ui_top_axi/u_ui_top/ui_wr_data0/write_buffer.wr_buffer_ram[4].RAM32M0/RAMB/I
484  CDC-13  Critical  1-bit CDC path on a non-FD primitive                    0  Asynch Clock Groups  u_ab/u_core/u_w/TILE.line_wr_reg[923]/C                                                                                                           u_mig/u_mig/u_mig_7series_0_mig/u_memc_ui_top_axi/u_ui_top/ui_wr_data0/write_buffer.wr_buffer_ram[4].RAM32M0/RAMB_D1/I
485  CDC-13  Critical  1-bit CDC path on a non-FD primitive                    0  Asynch Clock Groups  u_ab/u_core/u_w/TILE.line_wr_reg[664]/C                                                                                                           u_mig/u_mig/u_mig_7series_0_mig/u_memc_ui_top_axi/u_ui_top/ui_wr_data0/write_buffer.wr_buffer_ram[4].RAM32M0/RAMC/I
486  CDC-13  Critical  1-bit CDC path on a non-FD primitive                    0  Asynch Clock Groups  u_ab/u_core/u_w/TILE.line_wr_reg[153]/C                                                                                                           u_mig/u_mig/u_mig_7series_0_mig/u_memc_ui_top_axi/u_ui_top/ui_wr_data0/write_buffer.wr_buffer_ram[4].RAM32M0/RAMC_D1/I
487  CDC-13  Critical  1-bit CDC path on a non-FD primitive                    0  Asynch Clock Groups  u_ab/u_core/u_w/TILE.line_wr_reg[162]/C                                                                                                           u_mig/u_mig/u_mig_7series_0_mig/u_memc_ui_top_axi/u_ui_top/ui_wr_data0/write_buffer.wr_buffer_ram[5].RAM32M0/RAMA/I
488  CDC-13  Critical  1-bit CDC path on a non-FD primitive                    0  Asynch Clock Groups  u_ab/u_core/u_w/TILE.line_wr_reg[931]/C                                                                                                           u_mig/u_mig/u_mig_7series_0_mig/u_memc_ui_top_axi/u_ui_top/ui_wr_data0/write_buffer.wr_buffer_ram[5].RAM32M0/RAMA_D1/I
489  CDC-13  Critical  1-bit CDC path on a non-FD primitive                    0  Asynch Clock Groups  u_ab/u_core/u_w/TILE.line_wr_reg[672]/C                                                                                                           u_mig/u_mig/u_mig_7series_0_mig/u_memc_ui_top_axi/u_ui_top/ui_wr_data0/write_buffer.wr_buffer_ram[5].RAM32M0/RAMB/I
490  CDC-13  Critical  1-bit CDC path on a non-FD primitive                    0  Asynch Clock Groups  u_ab/u_core/u_w/TILE.line_wr_reg[289]/C                                                                                                           u_mig/u_mig/u_mig_7series_0_mig/u_memc_ui_top_axi/u_ui_top/ui_wr_data0/write_buffer.wr_buffer_ram[5].RAM32M0/RAMB_D1/I
491  CDC-13  Critical  1-bit CDC path on a non-FD primitive                    0  Asynch Clock Groups  u_ab/u_core/u_w/TILE.line_wr_reg[542]/C                                                                                                           u_mig/u_mig/u_mig_7series_0_mig/u_memc_ui_top_axi/u_ui_top/ui_wr_data0/write_buffer.wr_buffer_ram[5].RAM32M0/RAMC/I
492  CDC-13  Critical  1-bit CDC path on a non-FD primitive                    0  Asynch Clock Groups  u_ab/u_core/u_w/TILE.line_wr_reg[543]/C                                                                                                           u_mig/u_mig/u_mig_7series_0_mig/u_memc_ui_top_axi/u_ui_top/ui_wr_data0/write_buffer.wr_buffer_ram[5].RAM32M0/RAMC_D1/I
493  CDC-13  Critical  1-bit CDC path on a non-FD primitive                    0  Asynch Clock Groups  u_ab/u_core/u_w/TILE.line_wr_reg[424]/C                                                                                                           u_mig/u_mig/u_mig_7series_0_mig/u_memc_ui_top_axi/u_ui_top/ui_wr_data0/write_buffer.wr_buffer_ram[6].RAM32M0/RAMA/I
494  CDC-13  Critical  1-bit CDC path on a non-FD primitive                    0  Asynch Clock Groups  u_ab/u_core/u_w/TILE.line_wr_reg[809]/C                                                                                                           u_mig/u_mig/u_mig_7series_0_mig/u_memc_ui_top_axi/u_ui_top/ui_wr_data0/write_buffer.wr_buffer_ram[6].RAM32M0/RAMA_D1/I
495  CDC-13  Critical  1-bit CDC path on a non-FD primitive                    0  Asynch Clock Groups  u_ab/u_core/u_w/TILE.line_wr_reg[678]/C                                                                                                           u_mig/u_mig/u_mig_7series_0_mig/u_memc_ui_top_axi/u_ui_top/ui_wr_data0/write_buffer.wr_buffer_ram[6].RAM32M0/RAMB/I
496  CDC-13  Critical  1-bit CDC path on a non-FD primitive                    0  Asynch Clock Groups  u_ab/u_core/u_w/TILE.line_wr_reg[295]/C                                                                                                           u_mig/u_mig/u_mig_7series_0_mig/u_memc_ui_top_axi/u_ui_top/ui_wr_data0/write_buffer.wr_buffer_ram[6].RAM32M0/RAMB_D1/I
497  CDC-13  Critical  1-bit CDC path on a non-FD primitive                    0  Asynch Clock Groups  u_ab/u_core/u_w/TILE.line_wr_reg[292]/C                                                                                                           u_mig/u_mig/u_mig_7series_0_mig/u_memc_ui_top_axi/u_ui_top/ui_wr_data0/write_buffer.wr_buffer_ram[6].RAM32M0/RAMC/I
498  CDC-13  Critical  1-bit CDC path on a non-FD primitive                    0  Asynch Clock Groups  u_ab/u_core/u_w/TILE.line_wr_reg[165]/C                                                                                                           u_mig/u_mig/u_mig_7series_0_mig/u_memc_ui_top_axi/u_ui_top/ui_wr_data0/write_buffer.wr_buffer_ram[6].RAM32M0/RAMC_D1/I
499  CDC-13  Critical  1-bit CDC path on a non-FD primitive                    0  Asynch Clock Groups  u_ab/u_core/u_w/TILE.line_wr_reg[46]/C                                                                                                            u_mig/u_mig/u_mig_7series_0_mig/u_memc_ui_top_axi/u_ui_top/ui_wr_data0/write_buffer.wr_buffer_ram[7].RAM32M0/RAMA/I
500  CDC-13  Critical  1-bit CDC path on a non-FD primitive                    0  Asynch Clock Groups  u_ab/u_core/u_w/TILE.line_wr_reg[559]/C                                                                                                           u_mig/u_mig/u_mig_7series_0_mig/u_memc_ui_top_axi/u_ui_top/ui_wr_data0/write_buffer.wr_buffer_ram[7].RAM32M0/RAMA_D1/I
501  CDC-13  Critical  1-bit CDC path on a non-FD primitive                    0  Asynch Clock Groups  u_ab/u_core/u_w/TILE.line_wr_reg[172]/C                                                                                                           u_mig/u_mig/u_mig_7series_0_mig/u_memc_ui_top_axi/u_ui_top/ui_wr_data0/write_buffer.wr_buffer_ram[7].RAM32M0/RAMB/I
502  CDC-13  Critical  1-bit CDC path on a non-FD primitive                    0  Asynch Clock Groups  u_ab/u_core/u_w/TILE.line_wr_reg[301]/C                                                                                                           u_mig/u_mig/u_mig_7series_0_mig/u_memc_ui_top_axi/u_ui_top/ui_wr_data0/write_buffer.wr_buffer_ram[7].RAM32M0/RAMB_D1/I
503  CDC-13  Critical  1-bit CDC path on a non-FD primitive                    0  Asynch Clock Groups  u_ab/u_core/u_w/TILE.line_wr_reg[554]/C                                                                                                           u_mig/u_mig/u_mig_7series_0_mig/u_memc_ui_top_axi/u_ui_top/ui_wr_data0/write_buffer.wr_buffer_ram[7].RAM32M0/RAMC/I
504  CDC-13  Critical  1-bit CDC path on a non-FD primitive                    0  Asynch Clock Groups  u_ab/u_core/u_w/TILE.line_wr_reg[811]/C                                                                                                           u_mig/u_mig/u_mig_7series_0_mig/u_memc_ui_top_axi/u_ui_top/ui_wr_data0/write_buffer.wr_buffer_ram[7].RAM32M0/RAMC_D1/I
505  CDC-13  Critical  1-bit CDC path on a non-FD primitive                    0  Asynch Clock Groups  u_ab/u_core/u_w/TILE.line_wr_reg[52]/C                                                                                                            u_mig/u_mig/u_mig_7series_0_mig/u_memc_ui_top_axi/u_ui_top/ui_wr_data0/write_buffer.wr_buffer_ram[8].RAM32M0/RAMA/I
506  CDC-13  Critical  1-bit CDC path on a non-FD primitive                    0  Asynch Clock Groups  u_ab/u_core/u_w/TILE.line_wr_reg[437]/C                                                                                                           u_mig/u_mig/u_mig_7series_0_mig/u_memc_ui_top_axi/u_ui_top/ui_wr_data0/write_buffer.wr_buffer_ram[8].RAM32M0/RAMA_D1/I
507  CDC-13  Critical  1-bit CDC path on a non-FD primitive                    0  Asynch Clock Groups  u_ab/u_core/u_w/TILE.line_wr_reg[50]/C                                                                                                            u_mig/u_mig/u_mig_7series_0_mig/u_memc_ui_top_axi/u_ui_top/ui_wr_data0/write_buffer.wr_buffer_ram[8].RAM32M0/RAMB/I
508  CDC-13  Critical  1-bit CDC path on a non-FD primitive                    0  Asynch Clock Groups  u_ab/u_core/u_w/TILE.line_wr_reg[435]/C                                                                                                           u_mig/u_mig/u_mig_7series_0_mig/u_memc_ui_top_axi/u_ui_top/ui_wr_data0/write_buffer.wr_buffer_ram[8].RAM32M0/RAMB_D1/I
509  CDC-13  Critical  1-bit CDC path on a non-FD primitive                    0  Asynch Clock Groups  u_ab/u_core/u_w/TILE.line_wr_reg[688]/C                                                                                                           u_mig/u_mig/u_mig_7series_0_mig/u_memc_ui_top_axi/u_ui_top/ui_wr_data0/write_buffer.wr_buffer_ram[8].RAM32M0/RAMC/I
510  CDC-13  Critical  1-bit CDC path on a non-FD primitive                    0  Asynch Clock Groups  u_ab/u_core/u_w/TILE.line_wr_reg[817]/C                                                                                                           u_mig/u_mig/u_mig_7series_0_mig/u_memc_ui_top_axi/u_ui_top/ui_wr_data0/write_buffer.wr_buffer_ram[8].RAM32M0/RAMC_D1/I
511  CDC-13  Critical  1-bit CDC path on a non-FD primitive                    0  Asynch Clock Groups  u_ab/u_core/u_w/TILE.line_wr_reg[826]/C                                                                                                           u_mig/u_mig/u_mig_7series_0_mig/u_memc_ui_top_axi/u_ui_top/ui_wr_data0/write_buffer.wr_buffer_ram[9].RAM32M0/RAMA/I
512  CDC-13  Critical  1-bit CDC path on a non-FD primitive                    0  Asynch Clock Groups  u_ab/u_core/u_w/TILE.line_wr_reg[187]/C                                                                                                           u_mig/u_mig/u_mig_7series_0_mig/u_memc_ui_top_axi/u_ui_top/ui_wr_data0/write_buffer.wr_buffer_ram[9].RAM32M0/RAMA_D1/I
513  CDC-13  Critical  1-bit CDC path on a non-FD primitive                    0  Asynch Clock Groups  u_ab/u_core/u_w/TILE.line_wr_reg[824]/C                                                                                                           u_mig/u_mig/u_mig_7series_0_mig/u_memc_ui_top_axi/u_ui_top/ui_wr_data0/write_buffer.wr_buffer_ram[9].RAM32M0/RAMB/I
514  CDC-13  Critical  1-bit CDC path on a non-FD primitive                    0  Asynch Clock Groups  u_ab/u_core/u_w/TILE.line_wr_reg[825]/C                                                                                                           u_mig/u_mig/u_mig_7series_0_mig/u_memc_ui_top_axi/u_ui_top/ui_wr_data0/write_buffer.wr_buffer_ram[9].RAM32M0/RAMB_D1/I
515  CDC-13  Critical  1-bit CDC path on a non-FD primitive                    0  Asynch Clock Groups  u_ab/u_core/u_w/TILE.line_wr_reg[438]/C                                                                                                           u_mig/u_mig/u_mig_7series_0_mig/u_memc_ui_top_axi/u_ui_top/ui_wr_data0/write_buffer.wr_buffer_ram[9].RAM32M0/RAMC/I
516  CDC-13  Critical  1-bit CDC path on a non-FD primitive                    0  Asynch Clock Groups  u_ab/u_core/u_w/TILE.line_wr_reg[311]/C                                                                                                           u_mig/u_mig/u_mig_7series_0_mig/u_memc_ui_top_axi/u_ui_top/ui_wr_data0/write_buffer.wr_buffer_ram[9].RAM32M0/RAMC_D1/I
517  CDC-13  Critical  1-bit CDC path on a non-FD primitive                    0  Asynch Clock Groups  u_ab/u_core/u_w/TILE.line_wr_reg[320]/C                                                                                                           u_mig/u_mig/u_mig_7series_0_mig/u_memc_ui_top_axi/u_ui_top/ui_wr_data0/write_buffer.wr_buffer_ram[10].RAM32M0/RAMA/I
518  CDC-13  Critical  1-bit CDC path on a non-FD primitive                    0  Asynch Clock Groups  u_ab/u_core/u_w/TILE.line_wr_reg[449]/C                                                                                                           u_mig/u_mig/u_mig_7series_0_mig/u_memc_ui_top_axi/u_ui_top/ui_wr_data0/write_buffer.wr_buffer_ram[10].RAM32M0/RAMA_D1/I
519  CDC-13  Critical  1-bit CDC path on a non-FD primitive                    0  Asynch Clock Groups  u_ab/u_core/u_w/TILE.line_wr_reg[318]/C                                                                                                           u_mig/u_mig/u_mig_7series_0_mig/u_memc_ui_top_axi/u_ui_top/ui_wr_data0/write_buffer.wr_buffer_ram[10].RAM32M0/RAMB/I
520  CDC-13  Critical  1-bit CDC path on a non-FD primitive                    0  Asynch Clock Groups  u_ab/u_core/u_w/TILE.line_wr_reg[831]/C                                                                                                           u_mig/u_mig/u_mig_7series_0_mig/u_memc_ui_top_axi/u_ui_top/ui_wr_data0/write_buffer.wr_buffer_ram[10].RAM32M0/RAMB_D1/I
521  CDC-13  Critical  1-bit CDC path on a non-FD primitive                    0  Asynch Clock Groups  u_ab/u_core/u_w/TILE.line_wr_reg[828]/C                                                                                                           u_mig/u_mig/u_mig_7series_0_mig/u_memc_ui_top_axi/u_ui_top/ui_wr_data0/write_buffer.wr_buffer_ram[10].RAM32M0/RAMC/I
522  CDC-13  Critical  1-bit CDC path on a non-FD primitive                    0  Asynch Clock Groups  u_ab/u_core/u_w/TILE.line_wr_reg[829]/C                                                                                                           u_mig/u_mig/u_mig_7series_0_mig/u_memc_ui_top_axi/u_ui_top/ui_wr_data0/write_buffer.wr_buffer_ram[10].RAM32M0/RAMC_D1/I
523  CDC-13  Critical  1-bit CDC path on a non-FD primitive                    0  Asynch Clock Groups  u_ab/u_core/u_w/TILE.line_wr_reg[710]/C                                                                                                           u_mig/u_mig/u_mig_7series_0_mig/u_memc_ui_top_axi/u_ui_top/ui_wr_data0/write_buffer.wr_buffer_ram[11].RAM32M0/RAMA/I
524  CDC-13  Critical  1-bit CDC path on a non-FD primitive                    0  Asynch Clock Groups  u_ab/u_core/u_w/TILE.line_wr_reg[455]/C                                                                                                           u_mig/u_mig/u_mig_7series_0_mig/u_memc_ui_top_axi/u_ui_top/ui_wr_data0/write_buffer.wr_buffer_ram[11].RAM32M0/RAMA_D1/I
525  CDC-13  Critical  1-bit CDC path on a non-FD primitive                    0  Asynch Clock Groups  u_ab/u_core/u_w/TILE.line_wr_reg[452]/C                                                                                                           u_mig/u_mig/u_mig_7series_0_mig/u_memc_ui_top_axi/u_ui_top/ui_wr_data0/write_buffer.wr_buffer_ram[11].RAM32M0/RAMB/I
526  CDC-13  Critical  1-bit CDC path on a non-FD primitive                    0  Asynch Clock Groups  u_ab/u_core/u_w/TILE.line_wr_reg[453]/C                                                                                                           u_mig/u_mig/u_mig_7series_0_mig/u_memc_ui_top_axi/u_ui_top/ui_wr_data0/write_buffer.wr_buffer_ram[11].RAM32M0/RAMB_D1/I
527  CDC-13  Critical  1-bit CDC path on a non-FD primitive                    0  Asynch Clock Groups  u_ab/u_core/u_w/TILE.line_wr_reg[450]/C                                                                                                           u_mig/u_mig/u_mig_7series_0_mig/u_memc_ui_top_axi/u_ui_top/ui_wr_data0/write_buffer.wr_buffer_ram[11].RAM32M0/RAMC/I
528  CDC-13  Critical  1-bit CDC path on a non-FD primitive                    0  Asynch Clock Groups  u_ab/u_core/u_w/TILE.line_wr_reg[707]/C                                                                                                           u_mig/u_mig/u_mig_7series_0_mig/u_memc_ui_top_axi/u_ui_top/ui_wr_data0/write_buffer.wr_buffer_ram[11].RAM32M0/RAMC_D1/I
529  CDC-13  Critical  1-bit CDC path on a non-FD primitive                    0  Asynch Clock Groups  u_ab/u_core/u_w/TILE.line_wr_reg[716]/C                                                                                                           u_mig/u_mig/u_mig_7series_0_mig/u_memc_ui_top_axi/u_ui_top/ui_wr_data0/write_buffer.wr_buffer_ram[12].RAM32M0/RAMA/I
530  CDC-13  Critical  1-bit CDC path on a non-FD primitive                    0  Asynch Clock Groups  u_ab/u_core/u_w/TILE.line_wr_reg[589]/C                                                                                                           u_mig/u_mig/u_mig_7series_0_mig/u_memc_ui_top_axi/u_ui_top/ui_wr_data0/write_buffer.wr_buffer_ram[12].RAM32M0/RAMA_D1/I
531  CDC-13  Critical  1-bit CDC path on a non-FD primitive                    0  Asynch Clock Groups  u_ab/u_core/u_w/TILE.line_wr_reg[202]/C                                                                                                           u_mig/u_mig/u_mig_7series_0_mig/u_memc_ui_top_axi/u_ui_top/ui_wr_data0/write_buffer.wr_buffer_ram[12].RAM32M0/RAMB/I
532  CDC-13  Critical  1-bit CDC path on a non-FD primitive                    0  Asynch Clock Groups  u_ab/u_core/u_w/TILE.line_wr_reg[587]/C                                                                                                           u_mig/u_mig/u_mig_7series_0_mig/u_memc_ui_top_axi/u_ui_top/ui_wr_data0/write_buffer.wr_buffer_ram[12].RAM32M0/RAMB_D1/I
533  CDC-13  Critical  1-bit CDC path on a non-FD primitive                    0  Asynch Clock Groups  u_ab/u_core/u_w/TILE.line_wr_reg[456]/C                                                                                                           u_mig/u_mig/u_mig_7series_0_mig/u_memc_ui_top_axi/u_ui_top/ui_wr_data0/write_buffer.wr_buffer_ram[12].RAM32M0/RAMC/I
534  CDC-13  Critical  1-bit CDC path on a non-FD primitive                    0  Asynch Clock Groups  u_ab/u_core/u_w/TILE.line_wr_reg[585]/C                                                                                                           u_mig/u_mig/u_mig_7series_0_mig/u_memc_ui_top_axi/u_ui_top/ui_wr_data0/write_buffer.wr_buffer_ram[12].RAM32M0/RAMC_D1/I
535  CDC-13  Critical  1-bit CDC path on a non-FD primitive                    0  Asynch Clock Groups  u_ab/u_core/u_w/TILE.line_wr_reg[338]/C                                                                                                           u_mig/u_mig/u_mig_7series_0_mig/u_memc_ui_top_axi/u_ui_top/ui_wr_data0/write_buffer.wr_buffer_ram[13].RAM32M0/RAMA/I
536  CDC-13  Critical  1-bit CDC path on a non-FD primitive                    0  Asynch Clock Groups  u_ab/u_core/u_w/TILE.line_wr_reg[211]/C                                                                                                           u_mig/u_mig/u_mig_7series_0_mig/u_memc_ui_top_axi/u_ui_top/ui_wr_data0/write_buffer.wr_buffer_ram[13].RAM32M0/RAMA_D1/I
537  CDC-13  Critical  1-bit CDC path on a non-FD primitive                    0  Asynch Clock Groups  u_ab/u_core/u_w/TILE.line_wr_reg[592]/C                                                                                                           u_mig/u_mig/u_mig_7series_0_mig/u_memc_ui_top_axi/u_ui_top/ui_wr_data0/write_buffer.wr_buffer_ram[13].RAM32M0/RAMB/I
538  CDC-13  Critical  1-bit CDC path on a non-FD primitive                    0  Asynch Clock Groups  u_ab/u_core/u_w/TILE.line_wr_reg[593]/C                                                                                                           u_mig/u_mig/u_mig_7series_0_mig/u_memc_ui_top_axi/u_ui_top/ui_wr_data0/write_buffer.wr_buffer_ram[13].RAM32M0/RAMB_D1/I
539  CDC-13  Critical  1-bit CDC path on a non-FD primitive                    0  Asynch Clock Groups  u_ab/u_core/u_w/TILE.line_wr_reg[462]/C                                                                                                           u_mig/u_mig/u_mig_7series_0_mig/u_memc_ui_top_axi/u_ui_top/ui_wr_data0/write_buffer.wr_buffer_ram[13].RAM32M0/RAMC/I
540  CDC-13  Critical  1-bit CDC path on a non-FD primitive                    0  Asynch Clock Groups  u_ab/u_core/u_w/TILE.line_wr_reg[79]/C                                                                                                            u_mig/u_mig/u_mig_7series_0_mig/u_memc_ui_top_axi/u_ui_top/ui_wr_data0/write_buffer.wr_buffer_ram[13].RAM32M0/RAMC_D1/I
541  CDC-13  Critical  1-bit CDC path on a non-FD primitive                    0  Asynch Clock Groups  u_ab/u_core/u_w/TILE.line_wr_reg[344]/C                                                                                                           u_mig/u_mig/u_mig_7series_0_mig/u_memc_ui_top_axi/u_ui_top/ui_wr_data0/write_buffer.wr_buffer_ram[14].RAM32M0/RAMA/I
542  CDC-13  Critical  1-bit CDC path on a non-FD primitive                    0  Asynch Clock Groups  u_ab/u_core/u_w/TILE.line_wr_reg[217]/C                                                                                                           u_mig/u_mig/u_mig_7series_0_mig/u_memc_ui_top_axi/u_ui_top/ui_wr_data0/write_buffer.wr_buffer_ram[14].RAM32M0/RAMA_D1/I
543  CDC-13  Critical  1-bit CDC path on a non-FD primitive                    0  Asynch Clock Groups  u_ab/u_core/u_w/TILE.line_wr_reg[982]/C                                                                                                           u_mig/u_mig/u_mig_7series_0_mig/u_memc_ui_top_axi/u_ui_top/ui_wr_data0/write_buffer.wr_buffer_ram[14].RAM32M0/RAMB/I
544  CDC-13  Critical  1-bit CDC path on a non-FD primitive                    0  Asynch Clock Groups  u_ab/u_core/u_w/TILE.line_wr_reg[215]/C                                                                                                           u_mig/u_mig/u_mig_7series_0_mig/u_memc_ui_top_axi/u_ui_top/ui_wr_data0/write_buffer.wr_buffer_ram[14].RAM32M0/RAMB_D1/I
545  CDC-13  Critical  1-bit CDC path on a non-FD primitive                    0  Asynch Clock Groups  u_ab/u_core/u_w/TILE.line_wr_reg[212]/C                                                                                                           u_mig/u_mig/u_mig_7series_0_mig/u_memc_ui_top_axi/u_ui_top/ui_wr_data0/write_buffer.wr_buffer_ram[14].RAM32M0/RAMC/I
546  CDC-13  Critical  1-bit CDC path on a non-FD primitive                    0  Asynch Clock Groups  u_ab/u_core/u_w/TILE.line_wr_reg[213]/C                                                                                                           u_mig/u_mig/u_mig_7series_0_mig/u_memc_ui_top_axi/u_ui_top/ui_wr_data0/write_buffer.wr_buffer_ram[14].RAM32M0/RAMC_D1/I
547  CDC-13  Critical  1-bit CDC path on a non-FD primitive                    0  Asynch Clock Groups  u_ab/u_core/u_w/TILE.line_wr_reg[990]/C                                                                                                           u_mig/u_mig/u_mig_7series_0_mig/u_memc_ui_top_axi/u_ui_top/ui_wr_data0/write_buffer.wr_buffer_ram[15].RAM32M0/RAMA/I
548  CDC-13  Critical  1-bit CDC path on a non-FD primitive                    0  Asynch Clock Groups  u_ab/u_core/u_w/TILE.line_wr_reg[479]/C                                                                                                           u_mig/u_mig/u_mig_7series_0_mig/u_memc_ui_top_axi/u_ui_top/ui_wr_data0/write_buffer.wr_buffer_ram[15].RAM32M0/RAMA_D1/I
549  CDC-13  Critical  1-bit CDC path on a non-FD primitive                    0  Asynch Clock Groups  u_ab/u_core/u_w/TILE.line_wr_reg[348]/C                                                                                                           u_mig/u_mig/u_mig_7series_0_mig/u_memc_ui_top_axi/u_ui_top/ui_wr_data0/write_buffer.wr_buffer_ram[15].RAM32M0/RAMB/I
550  CDC-13  Critical  1-bit CDC path on a non-FD primitive                    0  Asynch Clock Groups  u_ab/u_core/u_w/TILE.line_wr_reg[221]/C                                                                                                           u_mig/u_mig/u_mig_7series_0_mig/u_memc_ui_top_axi/u_ui_top/ui_wr_data0/write_buffer.wr_buffer_ram[15].RAM32M0/RAMB_D1/I
551  CDC-13  Critical  1-bit CDC path on a non-FD primitive                    0  Asynch Clock Groups  u_ab/u_core/u_w/TILE.line_wr_reg[474]/C                                                                                                           u_mig/u_mig/u_mig_7series_0_mig/u_memc_ui_top_axi/u_ui_top/ui_wr_data0/write_buffer.wr_buffer_ram[15].RAM32M0/RAMC/I
552  CDC-13  Critical  1-bit CDC path on a non-FD primitive                    0  Asynch Clock Groups  u_ab/u_core/u_w/TILE.line_wr_reg[91]/C                                                                                                            u_mig/u_mig/u_mig_7series_0_mig/u_memc_ui_top_axi/u_ui_top/ui_wr_data0/write_buffer.wr_buffer_ram[15].RAM32M0/RAMC_D1/I
553  CDC-13  Critical  1-bit CDC path on a non-FD primitive                    0  Asynch Clock Groups  u_ab/u_core/u_w/TILE.line_wr_reg[484]/C                                                                                                           u_mig/u_mig/u_mig_7series_0_mig/u_memc_ui_top_axi/u_ui_top/ui_wr_data0/write_buffer.wr_buffer_ram[16].RAM32M0/RAMA/I
554  CDC-13  Critical  1-bit CDC path on a non-FD primitive                    0  Asynch Clock Groups  u_ab/u_core/u_w/TILE.line_wr_reg[229]/C                                                                                                           u_mig/u_mig/u_mig_7series_0_mig/u_memc_ui_top_axi/u_ui_top/ui_wr_data0/write_buffer.wr_buffer_ram[16].RAM32M0/RAMA_D1/I
555  CDC-13  Critical  1-bit CDC path on a non-FD primitive                    0  Asynch Clock Groups  u_ab/u_core/u_w/TILE.line_wr_reg[98]/C                                                                                                            u_mig/u_mig/u_mig_7series_0_mig/u_memc_ui_top_axi/u_ui_top/ui_wr_data0/write_buffer.wr_buffer_ram[16].RAM32M0/RAMB/I
556  CDC-13  Critical  1-bit CDC path on a non-FD primitive                    0  Asynch Clock Groups  u_ab/u_core/u_w/TILE.line_wr_reg[99]/C                                                                                                            u_mig/u_mig/u_mig_7series_0_mig/u_memc_ui_top_axi/u_ui_top/ui_wr_data0/write_buffer.wr_buffer_ram[16].RAM32M0/RAMB_D1/I
557  CDC-13  Critical  1-bit CDC path on a non-FD primitive                    0  Asynch Clock Groups  u_ab/u_core/u_w/TILE.line_wr_reg[352]/C                                                                                                           u_mig/u_mig/u_mig_7series_0_mig/u_memc_ui_top_axi/u_ui_top/ui_wr_data0/write_buffer.wr_buffer_ram[16].RAM32M0/RAMC/I
558  CDC-13  Critical  1-bit CDC path on a non-FD primitive                    0  Asynch Clock Groups  u_ab/u_core/u_w/TILE.line_wr_reg[481]/C                                                                                                           u_mig/u_mig/u_mig_7series_0_mig/u_memc_ui_top_axi/u_ui_top/ui_wr_data0/write_buffer.wr_buffer_ram[16].RAM32M0/RAMC_D1/I
559  CDC-13  Critical  1-bit CDC path on a non-FD primitive                    0  Asynch Clock Groups  u_ab/u_core/u_w/TILE.line_wr_reg[362]/C                                                                                                           u_mig/u_mig/u_mig_7series_0_mig/u_memc_ui_top_axi/u_ui_top/ui_wr_data0/write_buffer.wr_buffer_ram[17].RAM32M0/RAMA/I
560  CDC-13  Critical  1-bit CDC path on a non-FD primitive                    0  Asynch Clock Groups  u_ab/u_core/u_w/TILE.line_wr_reg[1003]/C                                                                                                          u_mig/u_mig/u_mig_7series_0_mig/u_memc_ui_top_axi/u_ui_top/ui_wr_data0/write_buffer.wr_buffer_ram[17].RAM32M0/RAMA_D1/I
561  CDC-13  Critical  1-bit CDC path on a non-FD primitive                    0  Asynch Clock Groups  u_ab/u_core/u_w/TILE.line_wr_reg[872]/C                                                                                                           u_mig/u_mig/u_mig_7series_0_mig/u_memc_ui_top_axi/u_ui_top/ui_wr_data0/write_buffer.wr_buffer_ram[17].RAM32M0/RAMB/I
562  CDC-13  Critical  1-bit CDC path on a non-FD primitive                    0  Asynch Clock Groups  u_ab/u_core/u_w/TILE.line_wr_reg[105]/C                                                                                                           u_mig/u_mig/u_mig_7series_0_mig/u_memc_ui_top_axi/u_ui_top/ui_wr_data0/write_buffer.wr_buffer_ram[17].RAM32M0/RAMB_D1/I
563  CDC-13  Critical  1-bit CDC path on a non-FD primitive                    0  Asynch Clock Groups  u_ab/u_core/u_w/TILE.line_wr_reg[230]/C                                                                                                           u_mig/u_mig/u_mig_7series_0_mig/u_memc_ui_top_axi/u_ui_top/ui_wr_data0/write_buffer.wr_buffer_ram[17].RAM32M0/RAMC/I
564  CDC-13  Critical  1-bit CDC path on a non-FD primitive                    0  Asynch Clock Groups  u_ab/u_core/u_w/TILE.line_wr_reg[487]/C                                                                                                           u_mig/u_mig/u_mig_7series_0_mig/u_memc_ui_top_axi/u_ui_top/ui_wr_data0/write_buffer.wr_buffer_ram[17].RAM32M0/RAMC_D1/I
565  CDC-13  Critical  1-bit CDC path on a non-FD primitive                    0  Asynch Clock Groups  u_ab/u_core/u_w/TILE.line_wr_reg[368]/C                                                                                                           u_mig/u_mig/u_mig_7series_0_mig/u_memc_ui_top_axi/u_ui_top/ui_wr_data0/write_buffer.wr_buffer_ram[18].RAM32M0/RAMA/I
566  CDC-13  Critical  1-bit CDC path on a non-FD primitive                    0  Asynch Clock Groups  u_ab/u_core/u_w/TILE.line_wr_reg[497]/C                                                                                                           u_mig/u_mig/u_mig_7series_0_mig/u_memc_ui_top_axi/u_ui_top/ui_wr_data0/write_buffer.wr_buffer_ram[18].RAM32M0/RAMA_D1/I
567  CDC-13  Critical  1-bit CDC path on a non-FD primitive                    0  Asynch Clock Groups  u_ab/u_core/u_w/TILE.line_wr_reg[750]/C                                                                                                           u_mig/u_mig/u_mig_7series_0_mig/u_memc_ui_top_axi/u_ui_top/ui_wr_data0/write_buffer.wr_buffer_ram[18].RAM32M0/RAMB/I
568  CDC-13  Critical  1-bit CDC path on a non-FD primitive                    0  Asynch Clock Groups  u_ab/u_core/u_w/TILE.line_wr_reg[367]/C                                                                                                           u_mig/u_mig/u_mig_7series_0_mig/u_memc_ui_top_axi/u_ui_top/ui_wr_data0/write_buffer.wr_buffer_ram[18].RAM32M0/RAMB_D1/I
569  CDC-13  Critical  1-bit CDC path on a non-FD primitive                    0  Asynch Clock Groups  u_ab/u_core/u_w/TILE.line_wr_reg[492]/C                                                                                                           u_mig/u_mig/u_mig_7series_0_mig/u_memc_ui_top_axi/u_ui_top/ui_wr_data0/write_buffer.wr_buffer_ram[18].RAM32M0/RAMC/I
570  CDC-13  Critical  1-bit CDC path on a non-FD primitive                    0  Asynch Clock Groups  u_ab/u_core/u_w/TILE.line_wr_reg[493]/C                                                                                                           u_mig/u_mig/u_mig_7series_0_mig/u_memc_ui_top_axi/u_ui_top/ui_wr_data0/write_buffer.wr_buffer_ram[18].RAM32M0/RAMC_D1/I
571  CDC-13  Critical  1-bit CDC path on a non-FD primitive                    0  Asynch Clock Groups  u_ab/u_core/u_w/TILE.line_wr_reg[246]/C                                                                                                           u_mig/u_mig/u_mig_7series_0_mig/u_memc_ui_top_axi/u_ui_top/ui_wr_data0/write_buffer.wr_buffer_ram[19].RAM32M0/RAMA/I
572  CDC-13  Critical  1-bit CDC path on a non-FD primitive                    0  Asynch Clock Groups  u_ab/u_core/u_w/TILE.line_wr_reg[375]/C                                                                                                           u_mig/u_mig/u_mig_7series_0_mig/u_memc_ui_top_axi/u_ui_top/ui_wr_data0/write_buffer.wr_buffer_ram[19].RAM32M0/RAMA_D1/I
573  CDC-13  Critical  1-bit CDC path on a non-FD primitive                    0  Asynch Clock Groups  u_ab/u_core/u_w/TILE.line_wr_reg[628]/C                                                                                                           u_mig/u_mig/u_mig_7series_0_mig/u_memc_ui_top_axi/u_ui_top/ui_wr_data0/write_buffer.wr_buffer_ram[19].RAM32M0/RAMB/I
574  CDC-13  Critical  1-bit CDC path on a non-FD primitive                    0  Asynch Clock Groups  u_ab/u_core/u_w/TILE.line_wr_reg[1013]/C                                                                                                          u_mig/u_mig/u_mig_7series_0_mig/u_memc_ui_top_axi/u_ui_top/ui_wr_data0/write_buffer.wr_buffer_ram[19].RAM32M0/RAMB_D1/I
575  CDC-13  Critical  1-bit CDC path on a non-FD primitive                    0  Asynch Clock Groups  u_ab/u_core/u_w/TILE.line_wr_reg[626]/C                                                                                                           u_mig/u_mig/u_mig_7series_0_mig/u_memc_ui_top_axi/u_ui_top/ui_wr_data0/write_buffer.wr_buffer_ram[19].RAM32M0/RAMC/I
576  CDC-13  Critical  1-bit CDC path on a non-FD primitive                    0  Asynch Clock Groups  u_ab/u_core/u_w/TILE.line_wr_reg[627]/C                                                                                                           u_mig/u_mig/u_mig_7series_0_mig/u_memc_ui_top_axi/u_ui_top/ui_wr_data0/write_buffer.wr_buffer_ram[19].RAM32M0/RAMC_D1/I
577  CDC-13  Critical  1-bit CDC path on a non-FD primitive                    0  Asynch Clock Groups  u_ab/u_core/u_w/TILE.line_wr_reg[1020]/C                                                                                                          u_mig/u_mig/u_mig_7series_0_mig/u_memc_ui_top_axi/u_ui_top/ui_wr_data0/write_buffer.wr_buffer_ram[20].RAM32M0/RAMA/I
578  CDC-13  Critical  1-bit CDC path on a non-FD primitive                    0  Asynch Clock Groups  u_ab/u_core/u_w/TILE.line_wr_reg[125]/C                                                                                                           u_mig/u_mig/u_mig_7series_0_mig/u_memc_ui_top_axi/u_ui_top/ui_wr_data0/write_buffer.wr_buffer_ram[20].RAM32M0/RAMA_D1/I
579  CDC-13  Critical  1-bit CDC path on a non-FD primitive                    0  Asynch Clock Groups  u_ab/u_core/u_w/TILE.line_wr_reg[890]/C                                                                                                           u_mig/u_mig/u_mig_7series_0_mig/u_memc_ui_top_axi/u_ui_top/ui_wr_data0/write_buffer.wr_buffer_ram[20].RAM32M0/RAMB/I
580  CDC-13  Critical  1-bit CDC path on a non-FD primitive                    0  Asynch Clock Groups  u_ab/u_core/u_w/TILE.line_wr_reg[123]/C                                                                                                           u_mig/u_mig/u_mig_7series_0_mig/u_memc_ui_top_axi/u_ui_top/ui_wr_data0/write_buffer.wr_buffer_ram[20].RAM32M0/RAMB_D1/I
581  CDC-13  Critical  1-bit CDC path on a non-FD primitive                    0  Asynch Clock Groups  u_ab/u_core/u_w/TILE.line_wr_reg[120]/C                                                                                                           u_mig/u_mig/u_mig_7series_0_mig/u_memc_ui_top_axi/u_ui_top/ui_wr_data0/write_buffer.wr_buffer_ram[20].RAM32M0/RAMC/I
582  CDC-13  Critical  1-bit CDC path on a non-FD primitive                    0  Asynch Clock Groups  u_ab/u_core/u_w/TILE.line_wr_reg[1017]/C                                                                                                          u_mig/u_mig/u_mig_7series_0_mig/u_memc_ui_top_axi/u_ui_top/ui_wr_data0/write_buffer.wr_buffer_ram[20].RAM32M0/RAMC_D1/I
583  CDC-13  Critical  1-bit CDC path on a non-FD primitive                    0  Asynch Clock Groups  u_ab/u_core/u_w/TILE.line_wr_reg[1022]/C                                                                                                          u_mig/u_mig/u_mig_7series_0_mig/u_memc_ui_top_axi/u_ui_top/ui_wr_data0/write_buffer.wr_buffer_ram[21].RAM32M0/RAMC/I
584  CDC-13  Critical  1-bit CDC path on a non-FD primitive                    0  Asynch Clock Groups  u_ab/u_core/u_w/TILE.line_wr_reg[127]/C                                                                                                           u_mig/u_mig/u_mig_7series_0_mig/u_memc_ui_top_axi/u_ui_top/ui_wr_data0/write_buffer.wr_buffer_ram[21].RAM32M0/RAMC_D1/I

Source Clock: mem_refclk
Destination Clock: clk_pll_i
CDC Type: User Ignored

Row  ID     Severity  Description                                 Depth  Exception   Source (From)                                                                                                                                                                                                    Destination (To)
---  -----  --------  ------------------------------------------  -----  ----------  ---------------------------------------------------------------------------------------------------------------------------------------------------------------------------------------------------------------  ----------------------------------------------------------------------------------------------------------------------------------------------------------------------
  1  CDC-3  Info      1-bit synchronized with ASYNC_REG property      3  False Path  u_mig/u_mig/u_mig_7series_0_mig/u_memc_ui_top_axi/mem_intfc0/ddr_phy_top0/u_ddr_mc_phy_wrapper/u_ddr_mc_phy/ddr_phy_4lanes_0.u_ddr_phy_4lanes/ddr_byte_lane_C.ddr_byte_lane_C/phaser_in_gen.phaser_in/MEMREFCLK  u_mig/u_mig/u_mig_7series_0_mig/u_memc_ui_top_axi/mem_intfc0/ddr_phy_top0/u_ddr_calib_top/dqsfind_calib_left.u_ddr_phy_dqs_found_cal_hr/pi_dqs_found_lanes_r1_reg[2]/D
  2  CDC-3  Info      1-bit synchronized with ASYNC_REG property      3  False Path  u_mig/u_mig/u_mig_7series_0_mig/u_memc_ui_top_axi/mem_intfc0/ddr_phy_top0/u_ddr_mc_phy_wrapper/u_ddr_mc_phy/ddr_phy_4lanes_0.u_ddr_phy_4lanes/ddr_byte_lane_D.ddr_byte_lane_D/phaser_in_gen.phaser_in/MEMREFCLK  u_mig/u_mig/u_mig_7series_0_mig/u_memc_ui_top_axi/mem_intfc0/ddr_phy_top0/u_ddr_calib_top/dqsfind_calib_left.u_ddr_phy_dqs_found_cal_hr/pi_dqs_found_lanes_r1_reg[3]/D

Source Clock: clk_pll_i
Destination Clock: core_raw
CDC Type: User Ignored

Row  ID      Severity  Description                                         Depth  Exception            Source (From)                                                                                                                                      Destination (To)
---  ------  --------  --------------------------------------------------  -----  -------------------  -------------------------------------------------------------------------------------------------------------------------------------------------  -------------------------------------------------------------------------------------------------------------------------
  1  CDC-2   Warning   1-bit synchronized with missing ASYNC_REG property      2  Asynch Clock Groups  u_ab/u_core/u_w/TILE.ack_reg/C                                                                                                                     u_ab/u_core/u_w/TILE.ack_s_reg[0]/D
  2  CDC-13  Critical  1-bit CDC path on a non-FD primitive                    0  Asynch Clock Groups  u_ab/u_core/u_w/TILE.line_rd_reg[464]/C                                                                                                            u_ab/u_core/u_w/TILE.u_bank/mem_reg_0_0/DIADI[0]
  3  CDC-13  Critical  1-bit CDC path on a non-FD primitive                    0  Asynch Clock Groups  u_ab/u_core/u_w/TILE.line_rd_reg[161]/C                                                                                                            u_ab/u_core/u_w/TILE.u_bank/mem_reg_0_1/DIADI[0]
  4  CDC-13  Critical  1-bit CDC path on a non-FD primitive                    0  Asynch Clock Groups  u_ab/u_core/u_w/TILE.line_rd_reg[418]/C                                                                                                            u_ab/u_core/u_w/TILE.u_bank/mem_reg_0_2/DIADI[0]
  5  CDC-13  Critical  1-bit CDC path on a non-FD primitive                    0  Asynch Clock Groups  u_ab/u_core/u_w/TILE.line_rd_reg[123]/C                                                                                                            u_ab/u_core/u_w/TILE.u_bank/mem_reg_0_3/DIADI[0]
  6  CDC-13  Critical  1-bit CDC path on a non-FD primitive                    0  Asynch Clock Groups  u_ab/u_core/u_w/TILE.line_rd_reg[796]/C                                                                                                            u_ab/u_core/u_w/TILE.u_bank/mem_reg_0_4/DIADI[0]
  7  CDC-13  Critical  1-bit CDC path on a non-FD primitive                    0  Asynch Clock Groups  u_ab/u_core/u_w/TILE.line_rd_reg[133]/C                                                                                                            u_ab/u_core/u_w/TILE.u_bank/mem_reg_0_5/DIADI[0]
  8  CDC-13  Critical  1-bit CDC path on a non-FD primitive                    0  Asynch Clock Groups  u_ab/u_core/u_w/TILE.line_rd_reg[582]/C                                                                                                            u_ab/u_core/u_w/TILE.u_bank/mem_reg_0_6/DIADI[0]
  9  CDC-13  Critical  1-bit CDC path on a non-FD primitive                    0  Asynch Clock Groups  u_ab/u_core/u_w/TILE.line_rd_reg[919]/C                                                                                                            u_ab/u_core/u_w/TILE.u_bank/mem_reg_0_7/DIADI[0]
 10  CDC-13  Critical  1-bit CDC path on a non-FD primitive                    0  Asynch Clock Groups  u_ab/u_core/u_w/TILE.line_rd_reg[464]/C                                                                                                            u_ab/u_core/u_w/TILE.u_bank/mem_reg_1_0/DIADI[0]
 11  CDC-13  Critical  1-bit CDC path on a non-FD primitive                    0  Asynch Clock Groups  u_ab/u_core/u_w/TILE.line_rd_reg[161]/C                                                                                                            u_ab/u_core/u_w/TILE.u_bank/mem_reg_1_1/DIADI[0]
 12  CDC-13  Critical  1-bit CDC path on a non-FD primitive                    0  Asynch Clock Groups  u_ab/u_core/u_w/TILE.line_rd_reg[418]/C                                                                                                            u_ab/u_core/u_w/TILE.u_bank/mem_reg_1_2/DIADI[0]
 13  CDC-13  Critical  1-bit CDC path on a non-FD primitive                    0  Asynch Clock Groups  u_ab/u_core/u_w/TILE.line_rd_reg[123]/C                                                                                                            u_ab/u_core/u_w/TILE.u_bank/mem_reg_1_3/DIADI[0]
 14  CDC-13  Critical  1-bit CDC path on a non-FD primitive                    0  Asynch Clock Groups  u_ab/u_core/u_w/TILE.line_rd_reg[796]/C                                                                                                            u_ab/u_core/u_w/TILE.u_bank/mem_reg_1_4/DIADI[0]
 15  CDC-13  Critical  1-bit CDC path on a non-FD primitive                    0  Asynch Clock Groups  u_ab/u_core/u_w/TILE.line_rd_reg[133]/C                                                                                                            u_ab/u_core/u_w/TILE.u_bank/mem_reg_1_5/DIADI[0]
 16  CDC-13  Critical  1-bit CDC path on a non-FD primitive                    0  Asynch Clock Groups  u_ab/u_core/u_w/TILE.line_rd_reg[582]/C                                                                                                            u_ab/u_core/u_w/TILE.u_bank/mem_reg_1_6/DIADI[0]
 17  CDC-13  Critical  1-bit CDC path on a non-FD primitive                    0  Asynch Clock Groups  u_ab/u_core/u_w/TILE.line_rd_reg[919]/C                                                                                                            u_ab/u_core/u_w/TILE.u_bank/mem_reg_1_7/DIADI[0]
 18  CDC-13  Critical  1-bit CDC path on a non-FD primitive                    0  Asynch Clock Groups  u_ab/u_core/u_w/TILE.line_rd_reg[464]/C                                                                                                            u_ab/u_core/u_w/TILE.u_bank/mem_reg_2_0/DIADI[0]
 19  CDC-13  Critical  1-bit CDC path on a non-FD primitive                    0  Asynch Clock Groups  u_ab/u_core/u_w/TILE.line_rd_reg[161]/C                                                                                                            u_ab/u_core/u_w/TILE.u_bank/mem_reg_2_1/DIADI[0]
 20  CDC-13  Critical  1-bit CDC path on a non-FD primitive                    0  Asynch Clock Groups  u_ab/u_core/u_w/TILE.line_rd_reg[418]/C                                                                                                            u_ab/u_core/u_w/TILE.u_bank/mem_reg_2_2/DIADI[0]
 21  CDC-13  Critical  1-bit CDC path on a non-FD primitive                    0  Asynch Clock Groups  u_ab/u_core/u_w/TILE.line_rd_reg[123]/C                                                                                                            u_ab/u_core/u_w/TILE.u_bank/mem_reg_2_3/DIADI[0]
 22  CDC-13  Critical  1-bit CDC path on a non-FD primitive                    0  Asynch Clock Groups  u_ab/u_core/u_w/TILE.line_rd_reg[796]/C                                                                                                            u_ab/u_core/u_w/TILE.u_bank/mem_reg_2_4/DIADI[0]
 23  CDC-13  Critical  1-bit CDC path on a non-FD primitive                    0  Asynch Clock Groups  u_ab/u_core/u_w/TILE.line_rd_reg[133]/C                                                                                                            u_ab/u_core/u_w/TILE.u_bank/mem_reg_2_5/DIADI[0]
 24  CDC-13  Critical  1-bit CDC path on a non-FD primitive                    0  Asynch Clock Groups  u_ab/u_core/u_w/TILE.line_rd_reg[582]/C                                                                                                            u_ab/u_core/u_w/TILE.u_bank/mem_reg_2_6/DIADI[0]
 25  CDC-13  Critical  1-bit CDC path on a non-FD primitive                    0  Asynch Clock Groups  u_ab/u_core/u_w/TILE.line_rd_reg[919]/C                                                                                                            u_ab/u_core/u_w/TILE.u_bank/mem_reg_2_7/DIADI[0]
 26  CDC-13  Critical  1-bit CDC path on a non-FD primitive                    0  Asynch Clock Groups  u_ab/u_core/u_w/TILE.line_rd_reg[464]/C                                                                                                            u_ab/u_core/u_w/TILE.u_bank/mem_reg_3_0/DIADI[0]
 27  CDC-13  Critical  1-bit CDC path on a non-FD primitive                    0  Asynch Clock Groups  u_ab/u_core/u_w/TILE.line_rd_reg[161]/C                                                                                                            u_ab/u_core/u_w/TILE.u_bank/mem_reg_3_1/DIADI[0]
 28  CDC-13  Critical  1-bit CDC path on a non-FD primitive                    0  Asynch Clock Groups  u_ab/u_core/u_w/TILE.line_rd_reg[418]/C                                                                                                            u_ab/u_core/u_w/TILE.u_bank/mem_reg_3_2/DIADI[0]
 29  CDC-13  Critical  1-bit CDC path on a non-FD primitive                    0  Asynch Clock Groups  u_ab/u_core/u_w/TILE.line_rd_reg[123]/C                                                                                                            u_ab/u_core/u_w/TILE.u_bank/mem_reg_3_3/DIADI[0]
 30  CDC-13  Critical  1-bit CDC path on a non-FD primitive                    0  Asynch Clock Groups  u_ab/u_core/u_w/TILE.line_rd_reg[796]/C                                                                                                            u_ab/u_core/u_w/TILE.u_bank/mem_reg_3_4/DIADI[0]
 31  CDC-13  Critical  1-bit CDC path on a non-FD primitive                    0  Asynch Clock Groups  u_ab/u_core/u_w/TILE.line_rd_reg[133]/C                                                                                                            u_ab/u_core/u_w/TILE.u_bank/mem_reg_3_5/DIADI[0]
 32  CDC-13  Critical  1-bit CDC path on a non-FD primitive                    0  Asynch Clock Groups  u_ab/u_core/u_w/TILE.line_rd_reg[582]/C                                                                                                            u_ab/u_core/u_w/TILE.u_bank/mem_reg_3_6/DIADI[0]
 33  CDC-13  Critical  1-bit CDC path on a non-FD primitive                    0  Asynch Clock Groups  u_ab/u_core/u_w/TILE.line_rd_reg[919]/C                                                                                                            u_ab/u_core/u_w/TILE.u_bank/mem_reg_3_7/DIADI[0]
 34  CDC-15  Warning   Clock enable controlled CDC structure detected          0  Asynch Clock Groups  u_axi_cdc/u_r_fifo/gnuram_async_fifo.xpm_fifo_base_inst/gen_sdpram.xpm_memory_base_inst/gen_wr_a.gen_word_narrow.mem_reg_0_31_0_5/RAMA/CLK         u_axi_cdc/m_rdata_r_reg[0]/D
 35  CDC-15  Warning   Clock enable controlled CDC structure detected          0  Asynch Clock Groups  u_axi_cdc/u_r_fifo/gnuram_async_fifo.xpm_fifo_base_inst/gen_sdpram.xpm_memory_base_inst/gen_wr_a.gen_word_narrow.mem_reg_0_31_0_5/RAMA_D1/CLK      u_axi_cdc/m_rdata_r_reg[1]/D
 36  CDC-15  Warning   Clock enable controlled CDC structure detected          0  Asynch Clock Groups  u_axi_cdc/u_r_fifo/gnuram_async_fifo.xpm_fifo_base_inst/gen_sdpram.xpm_memory_base_inst/gen_wr_a.gen_word_narrow.mem_reg_0_31_0_5/RAMB/CLK         u_axi_cdc/m_rdata_r_reg[2]/D
 37  CDC-15  Warning   Clock enable controlled CDC structure detected          0  Asynch Clock Groups  u_axi_cdc/u_r_fifo/gnuram_async_fifo.xpm_fifo_base_inst/gen_sdpram.xpm_memory_base_inst/gen_wr_a.gen_word_narrow.mem_reg_0_31_0_5/RAMB_D1/CLK      u_axi_cdc/m_rdata_r_reg[3]/D
 38  CDC-15  Warning   Clock enable controlled CDC structure detected          0  Asynch Clock Groups  u_axi_cdc/u_r_fifo/gnuram_async_fifo.xpm_fifo_base_inst/gen_sdpram.xpm_memory_base_inst/gen_wr_a.gen_word_narrow.mem_reg_0_31_0_5/RAMC/CLK         u_axi_cdc/m_rdata_r_reg[4]/D
 39  CDC-15  Warning   Clock enable controlled CDC structure detected          0  Asynch Clock Groups  u_axi_cdc/u_r_fifo/gnuram_async_fifo.xpm_fifo_base_inst/gen_sdpram.xpm_memory_base_inst/gen_wr_a.gen_word_narrow.mem_reg_0_31_0_5/RAMC_D1/CLK      u_axi_cdc/m_rdata_r_reg[5]/D
 40  CDC-15  Warning   Clock enable controlled CDC structure detected          0  Asynch Clock Groups  u_axi_cdc/u_r_fifo/gnuram_async_fifo.xpm_fifo_base_inst/gen_sdpram.xpm_memory_base_inst/gen_wr_a.gen_word_narrow.mem_reg_0_31_6_11/RAMA/CLK        u_axi_cdc/m_rdata_r_reg[6]/D
 41  CDC-15  Warning   Clock enable controlled CDC structure detected          0  Asynch Clock Groups  u_axi_cdc/u_r_fifo/gnuram_async_fifo.xpm_fifo_base_inst/gen_sdpram.xpm_memory_base_inst/gen_wr_a.gen_word_narrow.mem_reg_0_31_6_11/RAMA_D1/CLK     u_axi_cdc/m_rdata_r_reg[7]/D
 42  CDC-15  Warning   Clock enable controlled CDC structure detected          0  Asynch Clock Groups  u_axi_cdc/u_r_fifo/gnuram_async_fifo.xpm_fifo_base_inst/gen_sdpram.xpm_memory_base_inst/gen_wr_a.gen_word_narrow.mem_reg_0_31_6_11/RAMB/CLK        u_axi_cdc/m_rdata_r_reg[8]/D
 43  CDC-15  Warning   Clock enable controlled CDC structure detected          0  Asynch Clock Groups  u_axi_cdc/u_r_fifo/gnuram_async_fifo.xpm_fifo_base_inst/gen_sdpram.xpm_memory_base_inst/gen_wr_a.gen_word_narrow.mem_reg_0_31_6_11/RAMB_D1/CLK     u_axi_cdc/m_rdata_r_reg[9]/D
 44  CDC-15  Warning   Clock enable controlled CDC structure detected          0  Asynch Clock Groups  u_axi_cdc/u_r_fifo/gnuram_async_fifo.xpm_fifo_base_inst/gen_sdpram.xpm_memory_base_inst/gen_wr_a.gen_word_narrow.mem_reg_0_31_6_11/RAMC/CLK        u_axi_cdc/m_rdata_r_reg[10]/D
 45  CDC-15  Warning   Clock enable controlled CDC structure detected          0  Asynch Clock Groups  u_axi_cdc/u_r_fifo/gnuram_async_fifo.xpm_fifo_base_inst/gen_sdpram.xpm_memory_base_inst/gen_wr_a.gen_word_narrow.mem_reg_0_31_6_11/RAMC_D1/CLK     u_axi_cdc/m_rdata_r_reg[11]/D
 46  CDC-15  Warning   Clock enable controlled CDC structure detected          0  Asynch Clock Groups  u_axi_cdc/u_r_fifo/gnuram_async_fifo.xpm_fifo_base_inst/gen_sdpram.xpm_memory_base_inst/gen_wr_a.gen_word_narrow.mem_reg_0_31_12_17/RAMA/CLK       u_axi_cdc/m_rdata_r_reg[12]/D
 47  CDC-15  Warning   Clock enable controlled CDC structure detected          0  Asynch Clock Groups  u_axi_cdc/u_r_fifo/gnuram_async_fifo.xpm_fifo_base_inst/gen_sdpram.xpm_memory_base_inst/gen_wr_a.gen_word_narrow.mem_reg_0_31_12_17/RAMA_D1/CLK    u_axi_cdc/m_rdata_r_reg[13]/D
 48  CDC-15  Warning   Clock enable controlled CDC structure detected          0  Asynch Clock Groups  u_axi_cdc/u_r_fifo/gnuram_async_fifo.xpm_fifo_base_inst/gen_sdpram.xpm_memory_base_inst/gen_wr_a.gen_word_narrow.mem_reg_0_31_12_17/RAMB/CLK       u_axi_cdc/m_rdata_r_reg[14]/D
 49  CDC-15  Warning   Clock enable controlled CDC structure detected          0  Asynch Clock Groups  u_axi_cdc/u_r_fifo/gnuram_async_fifo.xpm_fifo_base_inst/gen_sdpram.xpm_memory_base_inst/gen_wr_a.gen_word_narrow.mem_reg_0_31_12_17/RAMB_D1/CLK    u_axi_cdc/m_rdata_r_reg[15]/D
 50  CDC-15  Warning   Clock enable controlled CDC structure detected          0  Asynch Clock Groups  u_axi_cdc/u_r_fifo/gnuram_async_fifo.xpm_fifo_base_inst/gen_sdpram.xpm_memory_base_inst/gen_wr_a.gen_word_narrow.mem_reg_0_31_12_17/RAMC/CLK       u_axi_cdc/m_rdata_r_reg[16]/D
 51  CDC-15  Warning   Clock enable controlled CDC structure detected          0  Asynch Clock Groups  u_axi_cdc/u_r_fifo/gnuram_async_fifo.xpm_fifo_base_inst/gen_sdpram.xpm_memory_base_inst/gen_wr_a.gen_word_narrow.mem_reg_0_31_12_17/RAMC_D1/CLK    u_axi_cdc/m_rdata_r_reg[17]/D
 52  CDC-15  Warning   Clock enable controlled CDC structure detected          0  Asynch Clock Groups  u_axi_cdc/u_r_fifo/gnuram_async_fifo.xpm_fifo_base_inst/gen_sdpram.xpm_memory_base_inst/gen_wr_a.gen_word_narrow.mem_reg_0_31_18_23/RAMA/CLK       u_axi_cdc/m_rdata_r_reg[18]/D
 53  CDC-15  Warning   Clock enable controlled CDC structure detected          0  Asynch Clock Groups  u_axi_cdc/u_r_fifo/gnuram_async_fifo.xpm_fifo_base_inst/gen_sdpram.xpm_memory_base_inst/gen_wr_a.gen_word_narrow.mem_reg_0_31_18_23/RAMA_D1/CLK    u_axi_cdc/m_rdata_r_reg[19]/D
 54  CDC-15  Warning   Clock enable controlled CDC structure detected          0  Asynch Clock Groups  u_axi_cdc/u_r_fifo/gnuram_async_fifo.xpm_fifo_base_inst/gen_sdpram.xpm_memory_base_inst/gen_wr_a.gen_word_narrow.mem_reg_0_31_18_23/RAMB/CLK       u_axi_cdc/m_rdata_r_reg[20]/D
 55  CDC-15  Warning   Clock enable controlled CDC structure detected          0  Asynch Clock Groups  u_axi_cdc/u_r_fifo/gnuram_async_fifo.xpm_fifo_base_inst/gen_sdpram.xpm_memory_base_inst/gen_wr_a.gen_word_narrow.mem_reg_0_31_18_23/RAMB_D1/CLK    u_axi_cdc/m_rdata_r_reg[21]/D
 56  CDC-15  Warning   Clock enable controlled CDC structure detected          0  Asynch Clock Groups  u_axi_cdc/u_r_fifo/gnuram_async_fifo.xpm_fifo_base_inst/gen_sdpram.xpm_memory_base_inst/gen_wr_a.gen_word_narrow.mem_reg_0_31_18_23/RAMC/CLK       u_axi_cdc/m_rdata_r_reg[22]/D
 57  CDC-15  Warning   Clock enable controlled CDC structure detected          0  Asynch Clock Groups  u_axi_cdc/u_r_fifo/gnuram_async_fifo.xpm_fifo_base_inst/gen_sdpram.xpm_memory_base_inst/gen_wr_a.gen_word_narrow.mem_reg_0_31_18_23/RAMC_D1/CLK    u_axi_cdc/m_rdata_r_reg[23]/D
 58  CDC-15  Warning   Clock enable controlled CDC structure detected          0  Asynch Clock Groups  u_axi_cdc/u_r_fifo/gnuram_async_fifo.xpm_fifo_base_inst/gen_sdpram.xpm_memory_base_inst/gen_wr_a.gen_word_narrow.mem_reg_0_31_24_29/RAMA/CLK       u_axi_cdc/m_rdata_r_reg[24]/D
 59  CDC-15  Warning   Clock enable controlled CDC structure detected          0  Asynch Clock Groups  u_axi_cdc/u_r_fifo/gnuram_async_fifo.xpm_fifo_base_inst/gen_sdpram.xpm_memory_base_inst/gen_wr_a.gen_word_narrow.mem_reg_0_31_24_29/RAMA_D1/CLK    u_axi_cdc/m_rdata_r_reg[25]/D
 60  CDC-15  Warning   Clock enable controlled CDC structure detected          0  Asynch Clock Groups  u_axi_cdc/u_r_fifo/gnuram_async_fifo.xpm_fifo_base_inst/gen_sdpram.xpm_memory_base_inst/gen_wr_a.gen_word_narrow.mem_reg_0_31_24_29/RAMB/CLK       u_axi_cdc/m_rdata_r_reg[26]/D
 61  CDC-15  Warning   Clock enable controlled CDC structure detected          0  Asynch Clock Groups  u_axi_cdc/u_r_fifo/gnuram_async_fifo.xpm_fifo_base_inst/gen_sdpram.xpm_memory_base_inst/gen_wr_a.gen_word_narrow.mem_reg_0_31_24_29/RAMB_D1/CLK    u_axi_cdc/m_rdata_r_reg[27]/D
 62  CDC-15  Warning   Clock enable controlled CDC structure detected          0  Asynch Clock Groups  u_axi_cdc/u_r_fifo/gnuram_async_fifo.xpm_fifo_base_inst/gen_sdpram.xpm_memory_base_inst/gen_wr_a.gen_word_narrow.mem_reg_0_31_24_29/RAMC/CLK       u_axi_cdc/m_rdata_r_reg[28]/D
 63  CDC-15  Warning   Clock enable controlled CDC structure detected          0  Asynch Clock Groups  u_axi_cdc/u_r_fifo/gnuram_async_fifo.xpm_fifo_base_inst/gen_sdpram.xpm_memory_base_inst/gen_wr_a.gen_word_narrow.mem_reg_0_31_24_29/RAMC_D1/CLK    u_axi_cdc/m_rdata_r_reg[29]/D
 64  CDC-15  Warning   Clock enable controlled CDC structure detected          0  Asynch Clock Groups  u_axi_cdc/u_r_fifo/gnuram_async_fifo.xpm_fifo_base_inst/gen_sdpram.xpm_memory_base_inst/gen_wr_a.gen_word_narrow.mem_reg_0_31_30_35/RAMA/CLK       u_axi_cdc/m_rdata_r_reg[30]/D
 65  CDC-15  Warning   Clock enable controlled CDC structure detected          0  Asynch Clock Groups  u_axi_cdc/u_r_fifo/gnuram_async_fifo.xpm_fifo_base_inst/gen_sdpram.xpm_memory_base_inst/gen_wr_a.gen_word_narrow.mem_reg_0_31_30_35/RAMA_D1/CLK    u_axi_cdc/m_rdata_r_reg[31]/D
 66  CDC-15  Warning   Clock enable controlled CDC structure detected          0  Asynch Clock Groups  u_axi_cdc/u_r_fifo/gnuram_async_fifo.xpm_fifo_base_inst/gen_sdpram.xpm_memory_base_inst/gen_wr_a.gen_word_narrow.mem_reg_0_31_30_35/RAMB/CLK       u_axi_cdc/m_rdata_r_reg[32]/D
 67  CDC-15  Warning   Clock enable controlled CDC structure detected          0  Asynch Clock Groups  u_axi_cdc/u_r_fifo/gnuram_async_fifo.xpm_fifo_base_inst/gen_sdpram.xpm_memory_base_inst/gen_wr_a.gen_word_narrow.mem_reg_0_31_30_35/RAMB_D1/CLK    u_axi_cdc/m_rdata_r_reg[33]/D
 68  CDC-15  Warning   Clock enable controlled CDC structure detected          0  Asynch Clock Groups  u_axi_cdc/u_r_fifo/gnuram_async_fifo.xpm_fifo_base_inst/gen_sdpram.xpm_memory_base_inst/gen_wr_a.gen_word_narrow.mem_reg_0_31_30_35/RAMC/CLK       u_axi_cdc/m_rdata_r_reg[34]/D
 69  CDC-15  Warning   Clock enable controlled CDC structure detected          0  Asynch Clock Groups  u_axi_cdc/u_r_fifo/gnuram_async_fifo.xpm_fifo_base_inst/gen_sdpram.xpm_memory_base_inst/gen_wr_a.gen_word_narrow.mem_reg_0_31_30_35/RAMC_D1/CLK    u_axi_cdc/m_rdata_r_reg[35]/D
 70  CDC-15  Warning   Clock enable controlled CDC structure detected          0  Asynch Clock Groups  u_axi_cdc/u_r_fifo/gnuram_async_fifo.xpm_fifo_base_inst/gen_sdpram.xpm_memory_base_inst/gen_wr_a.gen_word_narrow.mem_reg_0_31_36_41/RAMA/CLK       u_axi_cdc/m_rdata_r_reg[36]/D
 71  CDC-15  Warning   Clock enable controlled CDC structure detected          0  Asynch Clock Groups  u_axi_cdc/u_r_fifo/gnuram_async_fifo.xpm_fifo_base_inst/gen_sdpram.xpm_memory_base_inst/gen_wr_a.gen_word_narrow.mem_reg_0_31_36_41/RAMA_D1/CLK    u_axi_cdc/m_rdata_r_reg[37]/D
 72  CDC-15  Warning   Clock enable controlled CDC structure detected          0  Asynch Clock Groups  u_axi_cdc/u_r_fifo/gnuram_async_fifo.xpm_fifo_base_inst/gen_sdpram.xpm_memory_base_inst/gen_wr_a.gen_word_narrow.mem_reg_0_31_36_41/RAMB/CLK       u_axi_cdc/m_rdata_r_reg[38]/D
 73  CDC-15  Warning   Clock enable controlled CDC structure detected          0  Asynch Clock Groups  u_axi_cdc/u_r_fifo/gnuram_async_fifo.xpm_fifo_base_inst/gen_sdpram.xpm_memory_base_inst/gen_wr_a.gen_word_narrow.mem_reg_0_31_36_41/RAMB_D1/CLK    u_axi_cdc/m_rdata_r_reg[39]/D
 74  CDC-15  Warning   Clock enable controlled CDC structure detected          0  Asynch Clock Groups  u_axi_cdc/u_r_fifo/gnuram_async_fifo.xpm_fifo_base_inst/gen_sdpram.xpm_memory_base_inst/gen_wr_a.gen_word_narrow.mem_reg_0_31_36_41/RAMC/CLK       u_axi_cdc/m_rdata_r_reg[40]/D
 75  CDC-15  Warning   Clock enable controlled CDC structure detected          0  Asynch Clock Groups  u_axi_cdc/u_r_fifo/gnuram_async_fifo.xpm_fifo_base_inst/gen_sdpram.xpm_memory_base_inst/gen_wr_a.gen_word_narrow.mem_reg_0_31_36_41/RAMC_D1/CLK    u_axi_cdc/m_rdata_r_reg[41]/D
 76  CDC-15  Warning   Clock enable controlled CDC structure detected          0  Asynch Clock Groups  u_axi_cdc/u_r_fifo/gnuram_async_fifo.xpm_fifo_base_inst/gen_sdpram.xpm_memory_base_inst/gen_wr_a.gen_word_narrow.mem_reg_0_31_42_47/RAMA/CLK       u_axi_cdc/m_rdata_r_reg[42]/D
 77  CDC-15  Warning   Clock enable controlled CDC structure detected          0  Asynch Clock Groups  u_axi_cdc/u_r_fifo/gnuram_async_fifo.xpm_fifo_base_inst/gen_sdpram.xpm_memory_base_inst/gen_wr_a.gen_word_narrow.mem_reg_0_31_42_47/RAMA_D1/CLK    u_axi_cdc/m_rdata_r_reg[43]/D
 78  CDC-15  Warning   Clock enable controlled CDC structure detected          0  Asynch Clock Groups  u_axi_cdc/u_r_fifo/gnuram_async_fifo.xpm_fifo_base_inst/gen_sdpram.xpm_memory_base_inst/gen_wr_a.gen_word_narrow.mem_reg_0_31_42_47/RAMB/CLK       u_axi_cdc/m_rdata_r_reg[44]/D
 79  CDC-15  Warning   Clock enable controlled CDC structure detected          0  Asynch Clock Groups  u_axi_cdc/u_r_fifo/gnuram_async_fifo.xpm_fifo_base_inst/gen_sdpram.xpm_memory_base_inst/gen_wr_a.gen_word_narrow.mem_reg_0_31_42_47/RAMB_D1/CLK    u_axi_cdc/m_rdata_r_reg[45]/D
 80  CDC-15  Warning   Clock enable controlled CDC structure detected          0  Asynch Clock Groups  u_axi_cdc/u_r_fifo/gnuram_async_fifo.xpm_fifo_base_inst/gen_sdpram.xpm_memory_base_inst/gen_wr_a.gen_word_narrow.mem_reg_0_31_42_47/RAMC/CLK       u_axi_cdc/m_rdata_r_reg[46]/D
 81  CDC-15  Warning   Clock enable controlled CDC structure detected          0  Asynch Clock Groups  u_axi_cdc/u_r_fifo/gnuram_async_fifo.xpm_fifo_base_inst/gen_sdpram.xpm_memory_base_inst/gen_wr_a.gen_word_narrow.mem_reg_0_31_42_47/RAMC_D1/CLK    u_axi_cdc/m_rdata_r_reg[47]/D
 82  CDC-15  Warning   Clock enable controlled CDC structure detected          0  Asynch Clock Groups  u_axi_cdc/u_r_fifo/gnuram_async_fifo.xpm_fifo_base_inst/gen_sdpram.xpm_memory_base_inst/gen_wr_a.gen_word_narrow.mem_reg_0_31_48_53/RAMA/CLK       u_axi_cdc/m_rdata_r_reg[48]/D
 83  CDC-15  Warning   Clock enable controlled CDC structure detected          0  Asynch Clock Groups  u_axi_cdc/u_r_fifo/gnuram_async_fifo.xpm_fifo_base_inst/gen_sdpram.xpm_memory_base_inst/gen_wr_a.gen_word_narrow.mem_reg_0_31_48_53/RAMA_D1/CLK    u_axi_cdc/m_rdata_r_reg[49]/D
 84  CDC-15  Warning   Clock enable controlled CDC structure detected          0  Asynch Clock Groups  u_axi_cdc/u_r_fifo/gnuram_async_fifo.xpm_fifo_base_inst/gen_sdpram.xpm_memory_base_inst/gen_wr_a.gen_word_narrow.mem_reg_0_31_48_53/RAMB/CLK       u_axi_cdc/m_rdata_r_reg[50]/D
 85  CDC-15  Warning   Clock enable controlled CDC structure detected          0  Asynch Clock Groups  u_axi_cdc/u_r_fifo/gnuram_async_fifo.xpm_fifo_base_inst/gen_sdpram.xpm_memory_base_inst/gen_wr_a.gen_word_narrow.mem_reg_0_31_48_53/RAMB_D1/CLK    u_axi_cdc/m_rdata_r_reg[51]/D
 86  CDC-15  Warning   Clock enable controlled CDC structure detected          0  Asynch Clock Groups  u_axi_cdc/u_r_fifo/gnuram_async_fifo.xpm_fifo_base_inst/gen_sdpram.xpm_memory_base_inst/gen_wr_a.gen_word_narrow.mem_reg_0_31_48_53/RAMC/CLK       u_axi_cdc/m_rdata_r_reg[52]/D
 87  CDC-15  Warning   Clock enable controlled CDC structure detected          0  Asynch Clock Groups  u_axi_cdc/u_r_fifo/gnuram_async_fifo.xpm_fifo_base_inst/gen_sdpram.xpm_memory_base_inst/gen_wr_a.gen_word_narrow.mem_reg_0_31_48_53/RAMC_D1/CLK    u_axi_cdc/m_rdata_r_reg[53]/D
 88  CDC-15  Warning   Clock enable controlled CDC structure detected          0  Asynch Clock Groups  u_axi_cdc/u_r_fifo/gnuram_async_fifo.xpm_fifo_base_inst/gen_sdpram.xpm_memory_base_inst/gen_wr_a.gen_word_narrow.mem_reg_0_31_54_59/RAMA/CLK       u_axi_cdc/m_rdata_r_reg[54]/D
 89  CDC-15  Warning   Clock enable controlled CDC structure detected          0  Asynch Clock Groups  u_axi_cdc/u_r_fifo/gnuram_async_fifo.xpm_fifo_base_inst/gen_sdpram.xpm_memory_base_inst/gen_wr_a.gen_word_narrow.mem_reg_0_31_54_59/RAMA_D1/CLK    u_axi_cdc/m_rdata_r_reg[55]/D
 90  CDC-15  Warning   Clock enable controlled CDC structure detected          0  Asynch Clock Groups  u_axi_cdc/u_r_fifo/gnuram_async_fifo.xpm_fifo_base_inst/gen_sdpram.xpm_memory_base_inst/gen_wr_a.gen_word_narrow.mem_reg_0_31_54_59/RAMB/CLK       u_axi_cdc/m_rdata_r_reg[56]/D
 91  CDC-15  Warning   Clock enable controlled CDC structure detected          0  Asynch Clock Groups  u_axi_cdc/u_r_fifo/gnuram_async_fifo.xpm_fifo_base_inst/gen_sdpram.xpm_memory_base_inst/gen_wr_a.gen_word_narrow.mem_reg_0_31_54_59/RAMB_D1/CLK    u_axi_cdc/m_rdata_r_reg[57]/D
 92  CDC-15  Warning   Clock enable controlled CDC structure detected          0  Asynch Clock Groups  u_axi_cdc/u_r_fifo/gnuram_async_fifo.xpm_fifo_base_inst/gen_sdpram.xpm_memory_base_inst/gen_wr_a.gen_word_narrow.mem_reg_0_31_54_59/RAMC/CLK       u_axi_cdc/m_rdata_r_reg[58]/D
 93  CDC-15  Warning   Clock enable controlled CDC structure detected          0  Asynch Clock Groups  u_axi_cdc/u_r_fifo/gnuram_async_fifo.xpm_fifo_base_inst/gen_sdpram.xpm_memory_base_inst/gen_wr_a.gen_word_narrow.mem_reg_0_31_54_59/RAMC_D1/CLK    u_axi_cdc/m_rdata_r_reg[59]/D
 94  CDC-15  Warning   Clock enable controlled CDC structure detected          0  Asynch Clock Groups  u_axi_cdc/u_r_fifo/gnuram_async_fifo.xpm_fifo_base_inst/gen_sdpram.xpm_memory_base_inst/gen_wr_a.gen_word_narrow.mem_reg_0_31_60_65/RAMA/CLK       u_axi_cdc/m_rdata_r_reg[60]/D
 95  CDC-15  Warning   Clock enable controlled CDC structure detected          0  Asynch Clock Groups  u_axi_cdc/u_r_fifo/gnuram_async_fifo.xpm_fifo_base_inst/gen_sdpram.xpm_memory_base_inst/gen_wr_a.gen_word_narrow.mem_reg_0_31_60_65/RAMA_D1/CLK    u_axi_cdc/m_rdata_r_reg[61]/D
 96  CDC-15  Warning   Clock enable controlled CDC structure detected          0  Asynch Clock Groups  u_axi_cdc/u_r_fifo/gnuram_async_fifo.xpm_fifo_base_inst/gen_sdpram.xpm_memory_base_inst/gen_wr_a.gen_word_narrow.mem_reg_0_31_60_65/RAMB/CLK       u_axi_cdc/m_rdata_r_reg[62]/D
 97  CDC-15  Warning   Clock enable controlled CDC structure detected          0  Asynch Clock Groups  u_axi_cdc/u_r_fifo/gnuram_async_fifo.xpm_fifo_base_inst/gen_sdpram.xpm_memory_base_inst/gen_wr_a.gen_word_narrow.mem_reg_0_31_60_65/RAMB_D1/CLK    u_axi_cdc/m_rdata_r_reg[63]/D
 98  CDC-15  Warning   Clock enable controlled CDC structure detected          0  Asynch Clock Groups  u_axi_cdc/u_r_fifo/gnuram_async_fifo.xpm_fifo_base_inst/gen_sdpram.xpm_memory_base_inst/gen_wr_a.gen_word_narrow.mem_reg_0_31_60_65/RAMC/CLK       u_axi_cdc/m_rdata_r_reg[64]/D
 99  CDC-15  Warning   Clock enable controlled CDC structure detected          0  Asynch Clock Groups  u_axi_cdc/u_r_fifo/gnuram_async_fifo.xpm_fifo_base_inst/gen_sdpram.xpm_memory_base_inst/gen_wr_a.gen_word_narrow.mem_reg_0_31_60_65/RAMC_D1/CLK    u_axi_cdc/m_rdata_r_reg[65]/D
100  CDC-15  Warning   Clock enable controlled CDC structure detected          0  Asynch Clock Groups  u_axi_cdc/u_r_fifo/gnuram_async_fifo.xpm_fifo_base_inst/gen_sdpram.xpm_memory_base_inst/gen_wr_a.gen_word_narrow.mem_reg_0_31_66_71/RAMA/CLK       u_axi_cdc/m_rdata_r_reg[66]/D
101  CDC-15  Warning   Clock enable controlled CDC structure detected          0  Asynch Clock Groups  u_axi_cdc/u_r_fifo/gnuram_async_fifo.xpm_fifo_base_inst/gen_sdpram.xpm_memory_base_inst/gen_wr_a.gen_word_narrow.mem_reg_0_31_66_71/RAMA_D1/CLK    u_axi_cdc/m_rdata_r_reg[67]/D
102  CDC-15  Warning   Clock enable controlled CDC structure detected          0  Asynch Clock Groups  u_axi_cdc/u_r_fifo/gnuram_async_fifo.xpm_fifo_base_inst/gen_sdpram.xpm_memory_base_inst/gen_wr_a.gen_word_narrow.mem_reg_0_31_66_71/RAMB/CLK       u_axi_cdc/m_rdata_r_reg[68]/D
103  CDC-15  Warning   Clock enable controlled CDC structure detected          0  Asynch Clock Groups  u_axi_cdc/u_r_fifo/gnuram_async_fifo.xpm_fifo_base_inst/gen_sdpram.xpm_memory_base_inst/gen_wr_a.gen_word_narrow.mem_reg_0_31_66_71/RAMB_D1/CLK    u_axi_cdc/m_rdata_r_reg[69]/D
104  CDC-15  Warning   Clock enable controlled CDC structure detected          0  Asynch Clock Groups  u_axi_cdc/u_r_fifo/gnuram_async_fifo.xpm_fifo_base_inst/gen_sdpram.xpm_memory_base_inst/gen_wr_a.gen_word_narrow.mem_reg_0_31_66_71/RAMC/CLK       u_axi_cdc/m_rdata_r_reg[70]/D
105  CDC-15  Warning   Clock enable controlled CDC structure detected          0  Asynch Clock Groups  u_axi_cdc/u_r_fifo/gnuram_async_fifo.xpm_fifo_base_inst/gen_sdpram.xpm_memory_base_inst/gen_wr_a.gen_word_narrow.mem_reg_0_31_66_71/RAMC_D1/CLK    u_axi_cdc/m_rdata_r_reg[71]/D
106  CDC-15  Warning   Clock enable controlled CDC structure detected          0  Asynch Clock Groups  u_axi_cdc/u_r_fifo/gnuram_async_fifo.xpm_fifo_base_inst/gen_sdpram.xpm_memory_base_inst/gen_wr_a.gen_word_narrow.mem_reg_0_31_72_77/RAMA/CLK       u_axi_cdc/m_rdata_r_reg[72]/D
107  CDC-15  Warning   Clock enable controlled CDC structure detected          0  Asynch Clock Groups  u_axi_cdc/u_r_fifo/gnuram_async_fifo.xpm_fifo_base_inst/gen_sdpram.xpm_memory_base_inst/gen_wr_a.gen_word_narrow.mem_reg_0_31_72_77/RAMA_D1/CLK    u_axi_cdc/m_rdata_r_reg[73]/D
108  CDC-15  Warning   Clock enable controlled CDC structure detected          0  Asynch Clock Groups  u_axi_cdc/u_r_fifo/gnuram_async_fifo.xpm_fifo_base_inst/gen_sdpram.xpm_memory_base_inst/gen_wr_a.gen_word_narrow.mem_reg_0_31_72_77/RAMB/CLK       u_axi_cdc/m_rdata_r_reg[74]/D
109  CDC-15  Warning   Clock enable controlled CDC structure detected          0  Asynch Clock Groups  u_axi_cdc/u_r_fifo/gnuram_async_fifo.xpm_fifo_base_inst/gen_sdpram.xpm_memory_base_inst/gen_wr_a.gen_word_narrow.mem_reg_0_31_72_77/RAMB_D1/CLK    u_axi_cdc/m_rdata_r_reg[75]/D
110  CDC-15  Warning   Clock enable controlled CDC structure detected          0  Asynch Clock Groups  u_axi_cdc/u_r_fifo/gnuram_async_fifo.xpm_fifo_base_inst/gen_sdpram.xpm_memory_base_inst/gen_wr_a.gen_word_narrow.mem_reg_0_31_72_77/RAMC/CLK       u_axi_cdc/m_rdata_r_reg[76]/D
111  CDC-15  Warning   Clock enable controlled CDC structure detected          0  Asynch Clock Groups  u_axi_cdc/u_r_fifo/gnuram_async_fifo.xpm_fifo_base_inst/gen_sdpram.xpm_memory_base_inst/gen_wr_a.gen_word_narrow.mem_reg_0_31_72_77/RAMC_D1/CLK    u_axi_cdc/m_rdata_r_reg[77]/D
112  CDC-15  Warning   Clock enable controlled CDC structure detected          0  Asynch Clock Groups  u_axi_cdc/u_r_fifo/gnuram_async_fifo.xpm_fifo_base_inst/gen_sdpram.xpm_memory_base_inst/gen_wr_a.gen_word_narrow.mem_reg_0_31_78_83/RAMA/CLK       u_axi_cdc/m_rdata_r_reg[78]/D
113  CDC-15  Warning   Clock enable controlled CDC structure detected          0  Asynch Clock Groups  u_axi_cdc/u_r_fifo/gnuram_async_fifo.xpm_fifo_base_inst/gen_sdpram.xpm_memory_base_inst/gen_wr_a.gen_word_narrow.mem_reg_0_31_78_83/RAMA_D1/CLK    u_axi_cdc/m_rdata_r_reg[79]/D
114  CDC-15  Warning   Clock enable controlled CDC structure detected          0  Asynch Clock Groups  u_axi_cdc/u_r_fifo/gnuram_async_fifo.xpm_fifo_base_inst/gen_sdpram.xpm_memory_base_inst/gen_wr_a.gen_word_narrow.mem_reg_0_31_78_83/RAMB/CLK       u_axi_cdc/m_rdata_r_reg[80]/D
115  CDC-15  Warning   Clock enable controlled CDC structure detected          0  Asynch Clock Groups  u_axi_cdc/u_r_fifo/gnuram_async_fifo.xpm_fifo_base_inst/gen_sdpram.xpm_memory_base_inst/gen_wr_a.gen_word_narrow.mem_reg_0_31_78_83/RAMB_D1/CLK    u_axi_cdc/m_rdata_r_reg[81]/D
116  CDC-15  Warning   Clock enable controlled CDC structure detected          0  Asynch Clock Groups  u_axi_cdc/u_r_fifo/gnuram_async_fifo.xpm_fifo_base_inst/gen_sdpram.xpm_memory_base_inst/gen_wr_a.gen_word_narrow.mem_reg_0_31_78_83/RAMC/CLK       u_axi_cdc/m_rdata_r_reg[82]/D
117  CDC-15  Warning   Clock enable controlled CDC structure detected          0  Asynch Clock Groups  u_axi_cdc/u_r_fifo/gnuram_async_fifo.xpm_fifo_base_inst/gen_sdpram.xpm_memory_base_inst/gen_wr_a.gen_word_narrow.mem_reg_0_31_78_83/RAMC_D1/CLK    u_axi_cdc/m_rdata_r_reg[83]/D
118  CDC-15  Warning   Clock enable controlled CDC structure detected          0  Asynch Clock Groups  u_axi_cdc/u_r_fifo/gnuram_async_fifo.xpm_fifo_base_inst/gen_sdpram.xpm_memory_base_inst/gen_wr_a.gen_word_narrow.mem_reg_0_31_84_89/RAMA/CLK       u_axi_cdc/m_rdata_r_reg[84]/D
119  CDC-15  Warning   Clock enable controlled CDC structure detected          0  Asynch Clock Groups  u_axi_cdc/u_r_fifo/gnuram_async_fifo.xpm_fifo_base_inst/gen_sdpram.xpm_memory_base_inst/gen_wr_a.gen_word_narrow.mem_reg_0_31_84_89/RAMA_D1/CLK    u_axi_cdc/m_rdata_r_reg[85]/D
120  CDC-15  Warning   Clock enable controlled CDC structure detected          0  Asynch Clock Groups  u_axi_cdc/u_r_fifo/gnuram_async_fifo.xpm_fifo_base_inst/gen_sdpram.xpm_memory_base_inst/gen_wr_a.gen_word_narrow.mem_reg_0_31_84_89/RAMB/CLK       u_axi_cdc/m_rdata_r_reg[86]/D
121  CDC-15  Warning   Clock enable controlled CDC structure detected          0  Asynch Clock Groups  u_axi_cdc/u_r_fifo/gnuram_async_fifo.xpm_fifo_base_inst/gen_sdpram.xpm_memory_base_inst/gen_wr_a.gen_word_narrow.mem_reg_0_31_84_89/RAMB_D1/CLK    u_axi_cdc/m_rdata_r_reg[87]/D
122  CDC-15  Warning   Clock enable controlled CDC structure detected          0  Asynch Clock Groups  u_axi_cdc/u_r_fifo/gnuram_async_fifo.xpm_fifo_base_inst/gen_sdpram.xpm_memory_base_inst/gen_wr_a.gen_word_narrow.mem_reg_0_31_84_89/RAMC/CLK       u_axi_cdc/m_rdata_r_reg[88]/D
123  CDC-15  Warning   Clock enable controlled CDC structure detected          0  Asynch Clock Groups  u_axi_cdc/u_r_fifo/gnuram_async_fifo.xpm_fifo_base_inst/gen_sdpram.xpm_memory_base_inst/gen_wr_a.gen_word_narrow.mem_reg_0_31_84_89/RAMC_D1/CLK    u_axi_cdc/m_rdata_r_reg[89]/D
124  CDC-15  Warning   Clock enable controlled CDC structure detected          0  Asynch Clock Groups  u_axi_cdc/u_r_fifo/gnuram_async_fifo.xpm_fifo_base_inst/gen_sdpram.xpm_memory_base_inst/gen_wr_a.gen_word_narrow.mem_reg_0_31_90_95/RAMA/CLK       u_axi_cdc/m_rdata_r_reg[90]/D
125  CDC-15  Warning   Clock enable controlled CDC structure detected          0  Asynch Clock Groups  u_axi_cdc/u_r_fifo/gnuram_async_fifo.xpm_fifo_base_inst/gen_sdpram.xpm_memory_base_inst/gen_wr_a.gen_word_narrow.mem_reg_0_31_90_95/RAMA_D1/CLK    u_axi_cdc/m_rdata_r_reg[91]/D
126  CDC-15  Warning   Clock enable controlled CDC structure detected          0  Asynch Clock Groups  u_axi_cdc/u_r_fifo/gnuram_async_fifo.xpm_fifo_base_inst/gen_sdpram.xpm_memory_base_inst/gen_wr_a.gen_word_narrow.mem_reg_0_31_90_95/RAMB/CLK       u_axi_cdc/m_rdata_r_reg[92]/D
127  CDC-15  Warning   Clock enable controlled CDC structure detected          0  Asynch Clock Groups  u_axi_cdc/u_r_fifo/gnuram_async_fifo.xpm_fifo_base_inst/gen_sdpram.xpm_memory_base_inst/gen_wr_a.gen_word_narrow.mem_reg_0_31_90_95/RAMB_D1/CLK    u_axi_cdc/m_rdata_r_reg[93]/D
128  CDC-15  Warning   Clock enable controlled CDC structure detected          0  Asynch Clock Groups  u_axi_cdc/u_r_fifo/gnuram_async_fifo.xpm_fifo_base_inst/gen_sdpram.xpm_memory_base_inst/gen_wr_a.gen_word_narrow.mem_reg_0_31_90_95/RAMC/CLK       u_axi_cdc/m_rdata_r_reg[94]/D
129  CDC-15  Warning   Clock enable controlled CDC structure detected          0  Asynch Clock Groups  u_axi_cdc/u_r_fifo/gnuram_async_fifo.xpm_fifo_base_inst/gen_sdpram.xpm_memory_base_inst/gen_wr_a.gen_word_narrow.mem_reg_0_31_90_95/RAMC_D1/CLK    u_axi_cdc/m_rdata_r_reg[95]/D
130  CDC-15  Warning   Clock enable controlled CDC structure detected          0  Asynch Clock Groups  u_axi_cdc/u_r_fifo/gnuram_async_fifo.xpm_fifo_base_inst/gen_sdpram.xpm_memory_base_inst/gen_wr_a.gen_word_narrow.mem_reg_0_31_96_101/RAMA/CLK      u_axi_cdc/m_rdata_r_reg[96]/D
131  CDC-15  Warning   Clock enable controlled CDC structure detected          0  Asynch Clock Groups  u_axi_cdc/u_r_fifo/gnuram_async_fifo.xpm_fifo_base_inst/gen_sdpram.xpm_memory_base_inst/gen_wr_a.gen_word_narrow.mem_reg_0_31_96_101/RAMA_D1/CLK   u_axi_cdc/m_rdata_r_reg[97]/D
132  CDC-15  Warning   Clock enable controlled CDC structure detected          0  Asynch Clock Groups  u_axi_cdc/u_r_fifo/gnuram_async_fifo.xpm_fifo_base_inst/gen_sdpram.xpm_memory_base_inst/gen_wr_a.gen_word_narrow.mem_reg_0_31_96_101/RAMB/CLK      u_axi_cdc/m_rdata_r_reg[98]/D
133  CDC-15  Warning   Clock enable controlled CDC structure detected          0  Asynch Clock Groups  u_axi_cdc/u_r_fifo/gnuram_async_fifo.xpm_fifo_base_inst/gen_sdpram.xpm_memory_base_inst/gen_wr_a.gen_word_narrow.mem_reg_0_31_96_101/RAMB_D1/CLK   u_axi_cdc/m_rdata_r_reg[99]/D
134  CDC-15  Warning   Clock enable controlled CDC structure detected          0  Asynch Clock Groups  u_axi_cdc/u_r_fifo/gnuram_async_fifo.xpm_fifo_base_inst/gen_sdpram.xpm_memory_base_inst/gen_wr_a.gen_word_narrow.mem_reg_0_31_96_101/RAMC/CLK      u_axi_cdc/m_rdata_r_reg[100]/D
135  CDC-15  Warning   Clock enable controlled CDC structure detected          0  Asynch Clock Groups  u_axi_cdc/u_r_fifo/gnuram_async_fifo.xpm_fifo_base_inst/gen_sdpram.xpm_memory_base_inst/gen_wr_a.gen_word_narrow.mem_reg_0_31_96_101/RAMC_D1/CLK   u_axi_cdc/m_rdata_r_reg[101]/D
136  CDC-15  Warning   Clock enable controlled CDC structure detected          0  Asynch Clock Groups  u_axi_cdc/u_r_fifo/gnuram_async_fifo.xpm_fifo_base_inst/gen_sdpram.xpm_memory_base_inst/gen_wr_a.gen_word_narrow.mem_reg_0_31_102_107/RAMA/CLK     u_axi_cdc/m_rdata_r_reg[102]/D
137  CDC-15  Warning   Clock enable controlled CDC structure detected          0  Asynch Clock Groups  u_axi_cdc/u_r_fifo/gnuram_async_fifo.xpm_fifo_base_inst/gen_sdpram.xpm_memory_base_inst/gen_wr_a.gen_word_narrow.mem_reg_0_31_102_107/RAMA_D1/CLK  u_axi_cdc/m_rdata_r_reg[103]/D
138  CDC-15  Warning   Clock enable controlled CDC structure detected          0  Asynch Clock Groups  u_axi_cdc/u_r_fifo/gnuram_async_fifo.xpm_fifo_base_inst/gen_sdpram.xpm_memory_base_inst/gen_wr_a.gen_word_narrow.mem_reg_0_31_102_107/RAMB/CLK     u_axi_cdc/m_rdata_r_reg[104]/D
139  CDC-15  Warning   Clock enable controlled CDC structure detected          0  Asynch Clock Groups  u_axi_cdc/u_r_fifo/gnuram_async_fifo.xpm_fifo_base_inst/gen_sdpram.xpm_memory_base_inst/gen_wr_a.gen_word_narrow.mem_reg_0_31_102_107/RAMB_D1/CLK  u_axi_cdc/m_rdata_r_reg[105]/D
140  CDC-15  Warning   Clock enable controlled CDC structure detected          0  Asynch Clock Groups  u_axi_cdc/u_r_fifo/gnuram_async_fifo.xpm_fifo_base_inst/gen_sdpram.xpm_memory_base_inst/gen_wr_a.gen_word_narrow.mem_reg_0_31_102_107/RAMC/CLK     u_axi_cdc/m_rdata_r_reg[106]/D
141  CDC-15  Warning   Clock enable controlled CDC structure detected          0  Asynch Clock Groups  u_axi_cdc/u_r_fifo/gnuram_async_fifo.xpm_fifo_base_inst/gen_sdpram.xpm_memory_base_inst/gen_wr_a.gen_word_narrow.mem_reg_0_31_102_107/RAMC_D1/CLK  u_axi_cdc/m_rdata_r_reg[107]/D
142  CDC-15  Warning   Clock enable controlled CDC structure detected          0  Asynch Clock Groups  u_axi_cdc/u_r_fifo/gnuram_async_fifo.xpm_fifo_base_inst/gen_sdpram.xpm_memory_base_inst/gen_wr_a.gen_word_narrow.mem_reg_0_31_108_113/RAMA/CLK     u_axi_cdc/m_rdata_r_reg[108]/D
143  CDC-15  Warning   Clock enable controlled CDC structure detected          0  Asynch Clock Groups  u_axi_cdc/u_r_fifo/gnuram_async_fifo.xpm_fifo_base_inst/gen_sdpram.xpm_memory_base_inst/gen_wr_a.gen_word_narrow.mem_reg_0_31_108_113/RAMA_D1/CLK  u_axi_cdc/m_rdata_r_reg[109]/D
144  CDC-15  Warning   Clock enable controlled CDC structure detected          0  Asynch Clock Groups  u_axi_cdc/u_r_fifo/gnuram_async_fifo.xpm_fifo_base_inst/gen_sdpram.xpm_memory_base_inst/gen_wr_a.gen_word_narrow.mem_reg_0_31_108_113/RAMB/CLK     u_axi_cdc/m_rdata_r_reg[110]/D
145  CDC-15  Warning   Clock enable controlled CDC structure detected          0  Asynch Clock Groups  u_axi_cdc/u_r_fifo/gnuram_async_fifo.xpm_fifo_base_inst/gen_sdpram.xpm_memory_base_inst/gen_wr_a.gen_word_narrow.mem_reg_0_31_108_113/RAMB_D1/CLK  u_axi_cdc/m_rdata_r_reg[111]/D
146  CDC-15  Warning   Clock enable controlled CDC structure detected          0  Asynch Clock Groups  u_axi_cdc/u_r_fifo/gnuram_async_fifo.xpm_fifo_base_inst/gen_sdpram.xpm_memory_base_inst/gen_wr_a.gen_word_narrow.mem_reg_0_31_108_113/RAMC/CLK     u_axi_cdc/m_rdata_r_reg[112]/D
147  CDC-15  Warning   Clock enable controlled CDC structure detected          0  Asynch Clock Groups  u_axi_cdc/u_r_fifo/gnuram_async_fifo.xpm_fifo_base_inst/gen_sdpram.xpm_memory_base_inst/gen_wr_a.gen_word_narrow.mem_reg_0_31_108_113/RAMC_D1/CLK  u_axi_cdc/m_rdata_r_reg[113]/D
148  CDC-15  Warning   Clock enable controlled CDC structure detected          0  Asynch Clock Groups  u_axi_cdc/u_r_fifo/gnuram_async_fifo.xpm_fifo_base_inst/gen_sdpram.xpm_memory_base_inst/gen_wr_a.gen_word_narrow.mem_reg_0_31_114_119/RAMA/CLK     u_axi_cdc/m_rdata_r_reg[114]/D
149  CDC-15  Warning   Clock enable controlled CDC structure detected          0  Asynch Clock Groups  u_axi_cdc/u_r_fifo/gnuram_async_fifo.xpm_fifo_base_inst/gen_sdpram.xpm_memory_base_inst/gen_wr_a.gen_word_narrow.mem_reg_0_31_114_119/RAMA_D1/CLK  u_axi_cdc/m_rdata_r_reg[115]/D
150  CDC-15  Warning   Clock enable controlled CDC structure detected          0  Asynch Clock Groups  u_axi_cdc/u_r_fifo/gnuram_async_fifo.xpm_fifo_base_inst/gen_sdpram.xpm_memory_base_inst/gen_wr_a.gen_word_narrow.mem_reg_0_31_114_119/RAMB/CLK     u_axi_cdc/m_rdata_r_reg[116]/D
151  CDC-15  Warning   Clock enable controlled CDC structure detected          0  Asynch Clock Groups  u_axi_cdc/u_r_fifo/gnuram_async_fifo.xpm_fifo_base_inst/gen_sdpram.xpm_memory_base_inst/gen_wr_a.gen_word_narrow.mem_reg_0_31_114_119/RAMB_D1/CLK  u_axi_cdc/m_rdata_r_reg[117]/D
152  CDC-15  Warning   Clock enable controlled CDC structure detected          0  Asynch Clock Groups  u_axi_cdc/u_r_fifo/gnuram_async_fifo.xpm_fifo_base_inst/gen_sdpram.xpm_memory_base_inst/gen_wr_a.gen_word_narrow.mem_reg_0_31_114_119/RAMC/CLK     u_axi_cdc/m_rdata_r_reg[118]/D
153  CDC-15  Warning   Clock enable controlled CDC structure detected          0  Asynch Clock Groups  u_axi_cdc/u_r_fifo/gnuram_async_fifo.xpm_fifo_base_inst/gen_sdpram.xpm_memory_base_inst/gen_wr_a.gen_word_narrow.mem_reg_0_31_114_119/RAMC_D1/CLK  u_axi_cdc/m_rdata_r_reg[119]/D
154  CDC-15  Warning   Clock enable controlled CDC structure detected          0  Asynch Clock Groups  u_axi_cdc/u_r_fifo/gnuram_async_fifo.xpm_fifo_base_inst/gen_sdpram.xpm_memory_base_inst/gen_wr_a.gen_word_narrow.mem_reg_0_31_120_125/RAMA/CLK     u_axi_cdc/m_rdata_r_reg[120]/D
155  CDC-15  Warning   Clock enable controlled CDC structure detected          0  Asynch Clock Groups  u_axi_cdc/u_r_fifo/gnuram_async_fifo.xpm_fifo_base_inst/gen_sdpram.xpm_memory_base_inst/gen_wr_a.gen_word_narrow.mem_reg_0_31_120_125/RAMA_D1/CLK  u_axi_cdc/m_rdata_r_reg[121]/D
156  CDC-15  Warning   Clock enable controlled CDC structure detected          0  Asynch Clock Groups  u_axi_cdc/u_r_fifo/gnuram_async_fifo.xpm_fifo_base_inst/gen_sdpram.xpm_memory_base_inst/gen_wr_a.gen_word_narrow.mem_reg_0_31_120_125/RAMB/CLK     u_axi_cdc/m_rdata_r_reg[122]/D
157  CDC-15  Warning   Clock enable controlled CDC structure detected          0  Asynch Clock Groups  u_axi_cdc/u_r_fifo/gnuram_async_fifo.xpm_fifo_base_inst/gen_sdpram.xpm_memory_base_inst/gen_wr_a.gen_word_narrow.mem_reg_0_31_120_125/RAMB_D1/CLK  u_axi_cdc/m_rdata_r_reg[123]/D
158  CDC-15  Warning   Clock enable controlled CDC structure detected          0  Asynch Clock Groups  u_axi_cdc/u_r_fifo/gnuram_async_fifo.xpm_fifo_base_inst/gen_sdpram.xpm_memory_base_inst/gen_wr_a.gen_word_narrow.mem_reg_0_31_120_125/RAMC/CLK     u_axi_cdc/m_rdata_r_reg[124]/D
159  CDC-15  Warning   Clock enable controlled CDC structure detected          0  Asynch Clock Groups  u_axi_cdc/u_r_fifo/gnuram_async_fifo.xpm_fifo_base_inst/gen_sdpram.xpm_memory_base_inst/gen_wr_a.gen_word_narrow.mem_reg_0_31_120_125/RAMC_D1/CLK  u_axi_cdc/m_rdata_r_reg[125]/D
160  CDC-15  Warning   Clock enable controlled CDC structure detected          0  Asynch Clock Groups  u_axi_cdc/u_r_fifo/gnuram_async_fifo.xpm_fifo_base_inst/gen_sdpram.xpm_memory_base_inst/gen_wr_a.gen_word_narrow.mem_reg_0_31_126_131/RAMA/CLK     u_axi_cdc/m_rdata_r_reg[126]/D
161  CDC-15  Warning   Clock enable controlled CDC structure detected          0  Asynch Clock Groups  u_axi_cdc/u_r_fifo/gnuram_async_fifo.xpm_fifo_base_inst/gen_sdpram.xpm_memory_base_inst/gen_wr_a.gen_word_narrow.mem_reg_0_31_126_131/RAMA_D1/CLK  u_axi_cdc/m_rdata_r_reg[127]/D
162  CDC-15  Warning   Clock enable controlled CDC structure detected          0  Asynch Clock Groups  u_axi_cdc/u_r_fifo/gnuram_async_fifo.xpm_fifo_base_inst/gen_sdpram.xpm_memory_base_inst/gen_wr_a.gen_word_narrow.mem_reg_0_31_126_131/RAMB/CLK     u_axi_cdc/m_rlast_r_reg/D
163  CDC-6   Warning   Multi-bit synchronized with ASYNC_REG property          2  Asynch Clock Groups  u_axi_cdc/u_ar_fifo/gnuram_async_fifo.xpm_fifo_base_inst/gen_cdc_pntr.rd_pntr_cdc_dc_inst/src_gray_ff_reg[4:0]/C                                   u_axi_cdc/u_ar_fifo/gnuram_async_fifo.xpm_fifo_base_inst/gen_cdc_pntr.rd_pntr_cdc_dc_inst/dest_graysync_ff_reg[0][4:0]/D
164  CDC-6   Warning   Multi-bit synchronized with ASYNC_REG property          2  Asynch Clock Groups  u_axi_cdc/u_ar_fifo/gnuram_async_fifo.xpm_fifo_base_inst/gen_cdc_pntr.rd_pntr_cdc_inst/src_gray_ff_reg[3:0]/C                                      u_axi_cdc/u_ar_fifo/gnuram_async_fifo.xpm_fifo_base_inst/gen_cdc_pntr.rd_pntr_cdc_inst/dest_graysync_ff_reg[0][3:0]/D
165  CDC-1   Critical  1-bit unknown CDC circuitry                             0  Asynch Clock Groups  u_mig/u_mig/u_mig_7series_0_mig/u_memc_ui_top_axi/mem_intfc0/ddr_phy_top0/u_ddr_calib_top/init_calib_complete_reg/C                                u_axi_cdc/u_ar_fifo/gnuram_async_fifo.xpm_fifo_base_inst/xpm_fifo_rst_inst/FSM_onehot_gen_rst_ic.curr_wrst_state_reg[0]/D
166  CDC-1   Critical  1-bit unknown CDC circuitry                             0  Asynch Clock Groups  u_mig/u_mig/u_mig_7series_0_mig/u_memc_ui_top_axi/mem_intfc0/ddr_phy_top0/u_ddr_calib_top/init_calib_complete_reg/C                                u_axi_cdc/u_ar_fifo/gnuram_async_fifo.xpm_fifo_base_inst/xpm_fifo_rst_inst/FSM_onehot_gen_rst_ic.curr_wrst_state_reg[1]/D
167  CDC-1   Critical  1-bit unknown CDC circuitry                             0  Asynch Clock Groups  u_mig/u_mig/u_mig_7series_0_mig/u_memc_ui_top_axi/mem_intfc0/ddr_phy_top0/u_ddr_calib_top/init_calib_complete_reg/C                                u_axi_cdc/u_ar_fifo/gnuram_async_fifo.xpm_fifo_base_inst/xpm_fifo_rst_inst/FSM_onehot_gen_rst_ic.curr_wrst_state_reg[2]/D
168  CDC-1   Critical  1-bit unknown CDC circuitry                             0  Asynch Clock Groups  u_mig/u_mig/u_mig_7series_0_mig/u_memc_ui_top_axi/mem_intfc0/ddr_phy_top0/u_ddr_calib_top/init_calib_complete_reg/C                                u_axi_cdc/u_ar_fifo/gnuram_async_fifo.xpm_fifo_base_inst/xpm_fifo_rst_inst/FSM_onehot_gen_rst_ic.curr_wrst_state_reg[3]/D
169  CDC-1   Critical  1-bit unknown CDC circuitry                             0  Asynch Clock Groups  u_mig/u_mig/u_mig_7series_0_mig/u_memc_ui_top_axi/mem_intfc0/ddr_phy_top0/u_ddr_calib_top/init_calib_complete_reg/C                                u_axi_cdc/u_ar_fifo/gnuram_async_fifo.xpm_fifo_base_inst/xpm_fifo_rst_inst/FSM_onehot_gen_rst_ic.curr_wrst_state_reg[4]/D
170  CDC-1   Critical  1-bit unknown CDC circuitry                             0  Asynch Clock Groups  u_mig/u_mig/u_mig_7series_0_mig/u_memc_ui_top_axi/mem_intfc0/ddr_phy_top0/u_ddr_calib_top/init_calib_complete_reg/C                                u_axi_cdc/u_ar_fifo/gnuram_async_fifo.xpm_fifo_base_inst/xpm_fifo_rst_inst/gen_rst_ic.fifo_wr_rst_ic_reg/D
171  CDC-3   Info      1-bit synchronized with ASYNC_REG property              2  Asynch Clock Groups  u_axi_cdc/u_ar_fifo/gnuram_async_fifo.xpm_fifo_base_inst/xpm_fifo_rst_inst/gen_rst_ic.fifo_rd_rst_ic_reg/C                                         u_axi_cdc/u_ar_fifo/gnuram_async_fifo.xpm_fifo_base_inst/xpm_fifo_rst_inst/gen_rst_ic.rrst_wr_inst/syncstages_ff_reg[0]/D
172  CDC-1   Critical  1-bit unknown CDC circuitry                             0  Asynch Clock Groups  u_mig/u_mig/u_mig_7series_0_mig/u_memc_ui_top_axi/mem_intfc0/ddr_phy_top0/u_ddr_calib_top/init_calib_complete_reg/C                                u_axi_cdc/u_ar_fifo/gnuram_async_fifo.xpm_fifo_base_inst/xpm_fifo_rst_inst/gen_rst_ic.rst_seq_reentered_reg/D
173  CDC-1   Critical  1-bit unknown CDC circuitry                             0  Asynch Clock Groups  u_mig/u_mig/u_mig_7series_0_mig/u_memc_ui_top_axi/mem_intfc0/ddr_phy_top0/u_ddr_calib_top/init_calib_complete_reg/C                                u_axi_cdc/u_ar_fifo/gnuram_async_fifo.xpm_fifo_base_inst/xpm_fifo_rst_inst/gen_rst_ic.wr_rst_busy_ic_reg/D
174  CDC-6   Warning   Multi-bit synchronized with ASYNC_REG property          2  Asynch Clock Groups  u_axi_cdc/u_r_fifo/gnuram_async_fifo.xpm_fifo_base_inst/gen_cdc_pntr.wr_pntr_cdc_dc_inst/src_gray_ff_reg[5:0]/C                                    u_axi_cdc/u_r_fifo/gnuram_async_fifo.xpm_fifo_base_inst/gen_cdc_pntr.wr_pntr_cdc_dc_inst/dest_graysync_ff_reg[0][5:0]/D
175  CDC-6   Warning   Multi-bit synchronized with ASYNC_REG property          2  Asynch Clock Groups  u_axi_cdc/u_r_fifo/gnuram_async_fifo.xpm_fifo_base_inst/gen_cdc_pntr.wr_pntr_cdc_inst/src_gray_ff_reg[4:0]/C                                       u_axi_cdc/u_r_fifo/gnuram_async_fifo.xpm_fifo_base_inst/gen_cdc_pntr.wr_pntr_cdc_inst/dest_graysync_ff_reg[0][4:0]/D
176  CDC-3   Info      1-bit synchronized with ASYNC_REG property              2  Asynch Clock Groups  u_axi_cdc/u_r_fifo/gnuram_async_fifo.xpm_fifo_base_inst/xpm_fifo_rst_inst/gen_rst_ic.fifo_wr_rst_ic_reg/C                                          u_axi_cdc/u_r_fifo/gnuram_async_fifo.xpm_fifo_base_inst/xpm_fifo_rst_inst/gen_rst_ic.wrst_rd_inst/syncstages_ff_reg[0]/D
177  CDC-2   Warning   1-bit synchronized with missing ASYNC_REG property      2  Asynch Clock Groups  u_mig/u_mig/u_mig_7series_0_mig/u_memc_ui_top_axi/mem_intfc0/ddr_phy_top0/u_ddr_calib_top/init_calib_complete_reg/C                                u_boot_core_sync/meta_reg[0]/D
178  CDC-10  Critical  Combinational logic detected before a synchronizer      2  Asynch Clock Groups  u_boot/FSM_sequential_st_reg[1]/C                                                                                                                  u_boot_core_sync/meta_reg[1]/D

Source Clock: c166_raw
Destination Clock: mmcm_ps_clk_bufg_in
CDC Type: User Ignored

Row  ID      Severity  Description                                         Depth  Exception   Source (From)    Destination (To)
---  ------  --------  --------------------------------------------------  -----  ----------  ---------------  ---------------------------------------------------------------------------
  1  CDC-10  Critical  Combinational logic detected before a synchronizer     13  False Path  mig_rst_n_reg/C  u_mig/u_mig/u_mig_7series_0_mig/u_ddr3_infrastructure/rst_sync_r_reg[0]/PRE

Source Clock: core_raw
Destination Clock: sys_clk_pin
CDC Type: User Ignored

Row  ID     Severity  Description                                         Depth  Exception            Source (From)                         Destination (To)
---  -----  --------  --------------------------------------------------  -----  -------------------  ------------------------------------  ---------------------------
  1  CDC-4  Critical  Multi-bit unknown CDC circuitry                         0  Asynch Clock Groups  u_boot_core_sync/sync_out_reg[1:0]/C  u_stat_sync/meta_reg[1:0]/D
  2  CDC-2  Warning   1-bit synchronized with missing ASYNC_REG property      2  Asynch Clock Groups  u_ab/u_bind/done_o_reg/C              u_stat_sync/meta_reg[2]/D
  3  CDC-2  Warning   1-bit synchronized with missing ASYNC_REG property      2  Asynch Clock Groups  u_ab/u_core/pred_reg[0]/C             u_stat_sync/meta_reg[3]/D
  4  CDC-2  Warning   1-bit synchronized with missing ASYNC_REG property      2  Asynch Clock Groups  u_ab/u_core/pred_reg[1]/C             u_stat_sync/meta_reg[4]/D
  5  CDC-2  Warning   1-bit synchronized with missing ASYNC_REG property      2  Asynch Clock Groups  u_ab/u_core/pred_reg[2]/C             u_stat_sync/meta_reg[5]/D
  6  CDC-2  Warning   1-bit synchronized with missing ASYNC_REG property      2  Asynch Clock Groups  u_ab/u_core/pred_reg[3]/C             u_stat_sync/meta_reg[6]/D
  7  CDC-2  Warning   1-bit synchronized with missing ASYNC_REG property      2  Asynch Clock Groups  u_ab/u_core/pred_reg[4]/C             u_stat_sync/meta_reg[7]/D
  8  CDC-2  Warning   1-bit synchronized with missing ASYNC_REG property      2  Asynch Clock Groups  u_ab/u_core/pred_reg[5]/C             u_stat_sync/meta_reg[8]/D
  9  CDC-2  Warning   1-bit synchronized with missing ASYNC_REG property      2  Asynch Clock Groups  u_ab/u_core/pred_reg[6]/C             u_stat_sync/meta_reg[9]/D
 10  CDC-2  Warning   1-bit synchronized with missing ASYNC_REG property      2  Asynch Clock Groups  u_ab/u_core/pred_reg[7]/C             u_stat_sync/meta_reg[10]/D
 11  CDC-2  Warning   1-bit synchronized with missing ASYNC_REG property      2  Asynch Clock Groups  u_ab/u_core/pred_reg[8]/C             u_stat_sync/meta_reg[11]/D
 12  CDC-2  Warning   1-bit synchronized with missing ASYNC_REG property      2  Asynch Clock Groups  u_ab/u_core/pred_reg[9]/C             u_stat_sync/meta_reg[12]/D
 13  CDC-1  Critical  1-bit unknown CDC circuitry                             0  Asynch Clock Groups  u_ab/u_soa/u_br/rd_b_reg[0]/C         u_stat_sync/meta_reg[13]/D
 14  CDC-1  Critical  1-bit unknown CDC circuitry                             0  Asynch Clock Groups  u_ab/u_soa/u_br/rd_b_reg[1]/C         u_stat_sync/meta_reg[14]/D
 15  CDC-1  Critical  1-bit unknown CDC circuitry                             0  Asynch Clock Groups  u_ab/u_soa/u_br/rd_b_reg[2]/C         u_stat_sync/meta_reg[15]/D
 16  CDC-1  Critical  1-bit unknown CDC circuitry                             0  Asynch Clock Groups  u_ab/u_soa/u_br/rd_b_reg[3]/C         u_stat_sync/meta_reg[16]/D
 17  CDC-1  Critical  1-bit unknown CDC circuitry                             0  Asynch Clock Groups  u_ab/u_soa/u_br/rd_b_reg[4]/C         u_stat_sync/meta_reg[17]/D
 18  CDC-1  Critical  1-bit unknown CDC circuitry                             0  Asynch Clock Groups  u_ab/u_soa/u_br/rd_b_reg[5]/C         u_stat_sync/meta_reg[18]/D
 19  CDC-1  Critical  1-bit unknown CDC circuitry                             0  Asynch Clock Groups  u_ab/u_soa/u_br/rd_b_reg[6]/C         u_stat_sync/meta_reg[19]/D
 20  CDC-1  Critical  1-bit unknown CDC circuitry                             0  Asynch Clock Groups  u_ab/u_soa/u_br/rd_b_reg[7]/C         u_stat_sync/meta_reg[20]/D
 21  CDC-1  Critical  1-bit unknown CDC circuitry                             0  Asynch Clock Groups  u_ab/u_soa/u_br/rd_b_reg[8]/C         u_stat_sync/meta_reg[21]/D
 22  CDC-1  Critical  1-bit unknown CDC circuitry                             0  Asynch Clock Groups  u_ab/u_soa/u_br/rd_b_reg[9]/C         u_stat_sync/meta_reg[22]/D
 23  CDC-1  Critical  1-bit unknown CDC circuitry                             0  Asynch Clock Groups  u_ab/u_soa/u_br/rd_b_reg[10]/C        u_stat_sync/meta_reg[23]/D
 24  CDC-1  Critical  1-bit unknown CDC circuitry                             0  Asynch Clock Groups  u_ab/u_soa/u_br/rd_b_reg[11]/C        u_stat_sync/meta_reg[24]/D
 25  CDC-1  Critical  1-bit unknown CDC circuitry                             0  Asynch Clock Groups  u_ab/u_soa/u_br/rd_b_reg[12]/C        u_stat_sync/meta_reg[25]/D
 26  CDC-1  Critical  1-bit unknown CDC circuitry                             0  Asynch Clock Groups  u_ab/u_soa/u_br/rd_b_reg[13]/C        u_stat_sync/meta_reg[26]/D
 27  CDC-1  Critical  1-bit unknown CDC circuitry                             0  Asynch Clock Groups  u_ab/u_soa/u_br/rd_b_reg[14]/C        u_stat_sync/meta_reg[27]/D
 28  CDC-1  Critical  1-bit unknown CDC circuitry                             0  Asynch Clock Groups  u_ab/u_soa/u_br/rd_b_reg[15]/C        u_stat_sync/meta_reg[28]/D
 29  CDC-1  Critical  1-bit unknown CDC circuitry                             0  Asynch Clock Groups  u_ab/u_soa/u_br/rd_b_reg[16]/C        u_stat_sync/meta_reg[29]/D
 30  CDC-1  Critical  1-bit unknown CDC circuitry                             0  Asynch Clock Groups  u_ab/u_soa/u_br/rd_b_reg[17]/C        u_stat_sync/meta_reg[30]/D
 31  CDC-1  Critical  1-bit unknown CDC circuitry                             0  Asynch Clock Groups  u_ab/u_soa/u_br/rd_b_reg[18]/C        u_stat_sync/meta_reg[31]/D

