
****** xsim v2026.1 (64-bit)
  **** SW Build 6511674 on Tue Jun 16 11:02:23 MDT 2026
  **** IP Build 6504888 on Tue Jun 09 09:05:25 MDT 2026
  **** SharedData Build 6501428 on Mon Jun 08 17:34:18 MDT 2026
  **** Start of session at: Thu Sep  3 00:51:40 2026
    ** Copyright 1986-2022 Xilinx, Inc. All Rights Reserved.
    ** Copyright 2022-2026 Advanced Micro Devices, Inc. All Rights Reserved.

source xsim.dir/g14_20/xsim_script.tcl
# xsim {g14_20} -autoloadwcfg -runall
Time resolution is 1 ps
run -all
CFRAME C1 MODE=5
CFRAME C1 MODE=8 (want 8)
EMB_POS t=23571175000 dim=0 wrd=-3 awd=-3
EMB_POS t=23571205000 dim=1 wrd=3 awd=3
EMB_TOK t=23601895000 dim=0 wrd=6 ard=-3 awd=3
EMB_TOK t=23601925000 dim=1 wrd=3 ard=3 awd=6
LNV t=23642085000 acc=2554 var=39 mu=-1
LNO t=23643355000 ly=0 ten=0 ard=3 mu=-1 sc=4 q=16
LNV t=23722705000 acc=2138 var=33 mu=0
LNO t=23723975000 ly=0 ten=0 ard=-5 mu=0 sc=4 q=-20
LNV t=23803325000 acc=2837 var=44 mu=-1
LNO t=23804595000 ly=0 ten=0 ard=-8 mu=-1 sc=4 q=-28
LNV t=23883945000 acc=2492 var=38 mu=0
LNO t=23885215000 ly=0 ten=0 ard=-7 mu=0 sc=4 q=-28
LNV t=23964565000 acc=2345 var=36 mu=0
LNO t=23965835000 ly=0 ten=0 ard=3 mu=0 sc=4 q=12
LNV t=24045185000 acc=2349 var=36 mu=-1
LNO t=24046455000 ly=0 ten=0 ard=5 mu=-1 sc=4 q=24
LNV t=24125805000 acc=2318 var=36 mu=-1
LNO t=24127075000 ly=0 ten=0 ard=-2 mu=-1 sc=4 q=-4
LNV t=24206425000 acc=2256 var=35 mu=0
LNO t=24207695000 ly=0 ten=0 ard=-3 mu=0 sc=4 q=-12
MV0 t=24277585000 ly=0 ten_o=2 acc=0 dest=32768
MV0 t=24934225000 ly=0 ten_o=2 acc=0 dest=32896
MV0 t=25590865000 ly=0 ten_o=2 acc=0 dest=33024
MV0 t=26247505000 ly=0 ten_o=2 acc=0 dest=33152
MV0 t=26904145000 ly=0 ten_o=2 acc=0 dest=33280
MV0 t=27560785000 ly=0 ten_o=2 acc=0 dest=33408
MV0 t=28217425000 ly=0 ten_o=2 acc=0 dest=33536
MV0 t=28874065000 ly=0 ten_o=2 acc=0 dest=33664
MV0 t=29530705000 ly=0 ten_o=3 acc=0 dest=49152
MV0 t=30187345000 ly=0 ten_o=3 acc=0 dest=49280
MV0 t=30843985000 ly=0 ten_o=3 acc=0 dest=49408
MV0 t=31500625000 ly=0 ten_o=3 acc=0 dest=49536
MV0 t=32157265000 ly=0 ten_o=3 acc=0 dest=49664
MV0 t=32813905000 ly=0 ten_o=3 acc=0 dest=49792
MV0 t=33470545000 ly=0 ten_o=3 acc=0 dest=49920
MV0 t=34127185000 ly=0 ten_o=3 acc=0 dest=50048
MV0 t=34783825000 ly=0 ten_o=4 acc=0 dest=65536
MV0 t=35440465000 ly=0 ten_o=4 acc=0 dest=65664
MV0 t=36097105000 ly=0 ten_o=4 acc=0 dest=65792
MV0 t=36753745000 ly=0 ten_o=4 acc=0 dest=65920
MV0 t=37410385000 ly=0 ten_o=4 acc=0 dest=66048
MV0 t=38067025000 ly=0 ten_o=4 acc=0 dest=66176
MV0 t=38723665000 ly=0 ten_o=4 acc=0 dest=66304
MV0 t=39380305000 ly=0 ten_o=4 acc=0 dest=66432
ATTQK t=40036935000 ard=140 ardb=96 qa=32768 ka=49152
ATTO t=40040065000 h=0 q=-1256 z=16 acc=-20096 dest=81920
ATTQK t=40057765000 ard=764 ardb=-1408 qa=32800 ka=49184
ATTO t=40060895000 h=1 q=-12 z=16 acc=-192 dest=81952
ATTQK t=40078595000 ard=-244 ardb=4 qa=32832 ka=49216
ATTO t=40081725000 h=2 q=168 z=16 acc=2688 dest=81984
ATTQK t=40099425000 ard=108 ardb=396 qa=32864 ka=49248
ATTO t=40102555000 h=3 q=684 z=16 acc=10944 dest=82016
ATTQK t=40120255000 ard=-584 ardb=96 qa=32896 ka=49152
ATTO t=40124735000 h=0 q=48 z=16 acc=768 dest=82048
ATTQK t=40143675000 ard=204 ardb=-1408 qa=32928 ka=49184
ATTO t=40148155000 h=1 q=504 z=16 acc=8064 dest=82080
ATTQK t=40167095000 ard=-244 ardb=4 qa=32960 ka=49216
ATTO t=40171575000 h=2 q=-184 z=16 acc=-2944 dest=82112
ATTQK t=40190515000 ard=-172 ardb=396 qa=32992 ka=49248
ATTO t=40194995000 h=3 q=684 z=16 acc=10944 dest=82144
ATTQK t=40213935000 ard=1480 ardb=96 qa=33024 ka=49152
ATTO t=40219765000 h=0 q=840 z=16 acc=13440 dest=82176
ATTQK t=40239945000 ard=220 ardb=-1408 qa=33056 ka=49184
ATTO t=40245775000 h=1 q=-1416 z=16 acc=-22656 dest=82208
ATTQK t=40265955000 ard=-652 ardb=4 qa=33088 ka=49216
ATTO t=40271785000 h=2 q=452 z=16 acc=7232 dest=82240
ATTQK t=40291965000 ard=280 ardb=396 qa=33120 ka=49248
ATTO t=40297795000 h=3 q=316 z=16 acc=5056 dest=82272
ATTQK t=40317975000 ard=-448 ardb=96 qa=33152 ka=49152
ATTO t=40325155000 h=0 q=-1256 z=16 acc=-20096 dest=82304
ATTQK t=40346575000 ard=524 ardb=-1408 qa=33184 ka=49184
ATTO t=40353755000 h=1 q=-1416 z=16 acc=-22656 dest=82336
ATTQK t=40375175000 ard=-580 ardb=4 qa=33216 ka=49216
ATTO t=40382355000 h=2 q=-184 z=16 acc=-2944 dest=82368
ATTQK t=40403775000 ard=-396 ardb=396 qa=33248 ka=49248
ATTO t=40410955000 h=3 q=604 z=16 acc=9664 dest=82400
ATTQK t=40432375000 ard=-924 ardb=96 qa=33280 ka=49152
ATTO t=40440905000 h=0 q=840 z=16 acc=13440 dest=82432
ATTQK t=40463565000 ard=-516 ardb=-1408 qa=33312 ka=49184
ATTO t=40472095000 h=1 q=116 z=16 acc=1856 dest=82464
ATTQK t=40494755000 ard=-8 ardb=4 qa=33344 ka=49216
ATTO t=40503285000 h=2 q=-120 z=16 acc=-1920 dest=82496
ATTQK t=40525945000 ard=352 ardb=396 qa=33376 ka=49248
ATTO t=40534475000 h=3 q=-120 z=16 acc=-1920 dest=82528
ATTQK t=40557135000 ard=476 ardb=96 qa=33408 ka=49152
ATTO t=40567015000 h=0 q=-184 z=16 acc=-2944 dest=82560
ATTQK t=40590915000 ard=-124 ardb=-1408 qa=33440 ka=49184
ATTO t=40600795000 h=1 q=-1416 z=16 acc=-22656 dest=82592
ATTQK t=40624695000 ard=-144 ardb=4 qa=33472 ka=49216
ATTO t=40634575000 h=2 q=168 z=16 acc=2688 dest=82624
ATTQK t=40658475000 ard=-868 ardb=396 qa=33504 ka=49248
ATTO t=40668355000 h=3 q=-120 z=16 acc=-1920 dest=82656
ATTQK t=40692255000 ard=600 ardb=96 qa=33536 ka=49152
ATTO t=40703485000 h=0 q=84 z=16 acc=1344 dest=82688
ATTQK t=40728625000 ard=88 ardb=-1408 qa=33568 ka=49184
ATTO t=40739855000 h=1 q=116 z=16 acc=1856 dest=82720
ATTQK t=40764995000 ard=12 ardb=4 qa=33600 ka=49216
ATTO t=40776225000 h=2 q=-120 z=16 acc=-1920 dest=82752
ATTQK t=40801365000 ard=-668 ardb=396 qa=33632 ka=49248
ATTO t=40812595000 h=3 q=-8 z=16 acc=-128 dest=82784
ATTQK t=40837735000 ard=-540 ardb=96 qa=33664 ka=49152
ATTO t=40850315000 h=0 q=-1256 z=16 acc=-20096 dest=82816
ATTQK t=40876695000 ard=212 ardb=-1408 qa=33696 ka=49184
ATTO t=40889275000 h=1 q=632 z=16 acc=10112 dest=82848
ATTQK t=40915655000 ard=1264 ardb=4 qa=33728 ka=49216
ATTO t=40928235000 h=2 q=696 z=16 acc=11136 dest=82880
ATTQK t=40954615000 ard=992 ardb=396 qa=33760 ka=49248
ATTO t=40967195000 h=3 q=172 z=16 acc=2752 dest=82912
MV0 t=40993585000 ly=0 ten_o=5 acc=0 dest=81920
MV0 t=41650225000 ly=0 ten_o=5 acc=0 dest=82048
MV0 t=42306865000 ly=0 ten_o=5 acc=0 dest=82176
MV0 t=42963505000 ly=0 ten_o=5 acc=0 dest=82304
MV0 t=43620145000 ly=0 ten_o=5 acc=0 dest=82432
MV0 t=44276785000 ly=0 ten_o=5 acc=0 dest=82560
MV0 t=44933425000 ly=0 ten_o=5 acc=0 dest=82688
MV0 t=45590065000 ly=0 ten_o=5 acc=0 dest=82816
ADD t=46246695000 ly=0 ten=0 ard=3 ardb=20096
ADD t=46250535000 ly=0 ten=0 ard=-5 ardb=18096
ADD t=46254375000 ly=0 ten=0 ard=-8 ardb=-10724
ADD t=46258215000 ly=0 ten=0 ard=-7 ardb=-2364
ADD t=46262055000 ly=0 ten=0 ard=3 ardb=1480
ADD t=46265895000 ly=0 ten=0 ard=5 ardb=20828
ADD t=46269735000 ly=0 ten=0 ard=-2 ardb=17120
ADD t=46273575000 ly=0 ten=0 ard=-3 ardb=-32768
LNV t=46286885000 acc=73821434242 var=1153459910 mu=1723
LNO t=46288155000 ly=0 ten=6 ard=20099 mu=1723 sc=24015 q=12
LNV t=46367505000 acc=65642080718 var=1025657511 mu=414
LNO t=46368775000 ly=0 ten=6 ard=18091 mu=414 sc=22645 q=12
LNV t=46448125000 acc=73098331385 var=1142161427 mu=3046
LNO t=46449395000 ly=0 ten=6 ard=-10732 mu=3046 sc=23897 q=-10
LNV t=46528745000 acc=70208617281 var=1097009645 mu=-772
LNO t=46530015000 ly=0 ten=6 ard=-2371 mu=-772 sc=23420 q=-2
LNV t=46609365000 acc=58176861179 var=909013455 mu=456
LNO t=46610635000 ly=0 ten=6 ard=1483 mu=456 sc=21319 q=0
LNV t=46689985000 acc=69001615771 var=1078150246 mu=3770
LNO t=46691255000 ly=0 ten=6 ard=20833 mu=3770 sc=23217 q=11
LNV t=46770605000 acc=65767414177 var=1027615846 mu=-4158
LNO t=46771875000 ly=0 ten=6 ard=17118 mu=-4158 sc=22667 q=15
LNV t=46851225000 acc=65652014738 var=1025812730 mu=-581
LNO t=46852495000 ly=0 ten=6 ard=-32768 mu=-581 sc=22647 q=-23
MV0 t=46922385000 ly=0 ten_o=0 acc=0 dest=0
MV0 t=48235665000 ly=0 ten_o=0 acc=0 dest=128
MV0 t=49548945000 ly=0 ten_o=0 acc=0 dest=256
MV0 t=50862225000 ly=0 ten_o=0 acc=0 dest=384
MV0 t=52175505000 ly=0 ten_o=0 acc=0 dest=512
MV0 t=53488785000 ly=0 ten_o=0 acc=0 dest=640
MV0 t=54802065000 ly=0 ten_o=0 acc=0 dest=768
MV0 t=56115345000 ly=0 ten_o=0 acc=0 dest=896
MV0 t=57428625000 ly=0 ten_o=6 acc=0 dest=98304
MV0 t=58740625000 ly=0 ten_o=6 acc=0 dest=98432
MV0 t=60052625000 ly=0 ten_o=6 acc=0 dest=98560
MV0 t=61364625000 ly=0 ten_o=6 acc=0 dest=98688
MV0 t=62676625000 ly=0 ten_o=6 acc=0 dest=98816
MV0 t=63988625000 ly=0 ten_o=6 acc=0 dest=98944
MV0 t=65300625000 ly=0 ten_o=6 acc=0 dest=99072
MV0 t=66612625000 ly=0 ten_o=6 acc=0 dest=99200
ADD t=67924615000 ly=0 ten=1 ard=20099 ardb=-5145
ADD t=67928455000 ly=0 ten=1 ard=18091 ardb=30356
ADD t=67932295000 ly=0 ten=1 ard=-10732 ardb=5318
ADD t=67936135000 ly=0 ten=1 ard=-2371 ardb=32767
ADD t=67939975000 ly=0 ten=1 ard=1483 ardb=32767
ADD t=67943815000 ly=0 ten=1 ard=20833 ardb=-7866
ADD t=67947655000 ly=0 ten=1 ard=17118 ardb=24301
ADD t=67951495000 ly=0 ten=1 ard=-32768 ardb=24065
LNV t=67964805000 acc=75939756812 var=1186558700 mu=1355
LNO t=67966075000 ly=1 ten=0 ard=14954 mu=1355 sc=24357 q=8
LNV t=68045425000 acc=76666657731 var=1197916527 mu=-30
LNO t=68046695000 ly=1 ten=0 ard=32767 mu=-30 sc=24473 q=21
LNV t=68126045000 acc=75109785164 var=1173590393 mu=3499
LNO t=68127315000 ly=1 ten=0 ard=-5414 mu=3499 sc=24223 q=-6
LNV t=68206665000 acc=76683848155 var=1198185127 mu=-195
LNO t=68207935000 ly=1 ten=0 ard=30396 mu=-195 sc=24476 q=19
LNV t=68287285000 acc=67268450165 var=1051069533 mu=2091
LNO t=68288555000 ly=1 ten=0 ard=32767 mu=2091 sc=22924 q=21
LNV t=68367905000 acc=71914032192 var=1123656753 mu=3258
LNO t=68369175000 ly=1 ten=0 ard=12967 mu=3258 sc=23702 q=6
LNV t=68448525000 acc=69761337525 var=1090020898 mu=-1645
LNO t=68449795000 ly=1 ten=0 ard=32767 mu=-1645 sc=23345 q=23
LNV t=68529145000 acc=74087395276 var=1157615551 mu=187
LNO t=68530415000 ly=1 ten=0 ard=-8703 mu=187 sc=24058 q=-6
MV0 t=68600305000 ly=1 ten_o=2 acc=0 dest=32768
MV0 t=69256945000 ly=1 ten_o=2 acc=0 dest=32896
MV0 t=69913585000 ly=1 ten_o=2 acc=0 dest=33024
MV0 t=70570225000 ly=1 ten_o=2 acc=0 dest=33152
MV0 t=71226865000 ly=1 ten_o=2 acc=0 dest=33280
MV0 t=71883505000 ly=1 ten_o=2 acc=0 dest=33408
MV0 t=72540145000 ly=1 ten_o=2 acc=0 dest=33536
MV0 t=73196785000 ly=1 ten_o=2 acc=0 dest=33664
MV0 t=73853425000 ly=1 ten_o=3 acc=0 dest=49152
MV0 t=74510065000 ly=1 ten_o=3 acc=0 dest=49280
MV0 t=75166705000 ly=1 ten_o=3 acc=0 dest=49408
MV0 t=75823345000 ly=1 ten_o=3 acc=0 dest=49536
MV0 t=76479985000 ly=1 ten_o=3 acc=0 dest=49664
MV0 t=77136625000 ly=1 ten_o=3 acc=0 dest=49792
MV0 t=77793265000 ly=1 ten_o=3 acc=0 dest=49920
MV0 t=78449905000 ly=1 ten_o=3 acc=0 dest=50048
MV0 t=79106545000 ly=1 ten_o=4 acc=0 dest=65536
MV0 t=79763185000 ly=1 ten_o=4 acc=0 dest=65664
MV0 t=80419825000 ly=1 ten_o=4 acc=0 dest=65792
MV0 t=81076465000 ly=1 ten_o=4 acc=0 dest=65920
MV0 t=81733105000 ly=1 ten_o=4 acc=0 dest=66048
MV0 t=82389745000 ly=1 ten_o=4 acc=0 dest=66176
MV0 t=83046385000 ly=1 ten_o=4 acc=0 dest=66304
MV0 t=83703025000 ly=1 ten_o=4 acc=0 dest=66432
ATTQK t=84359655000 ard=-269 ardb=-212 qa=32768 ka=49152
ATTO t=84362785000 h=0 q=718 z=16 acc=11488 dest=81920
ATTQK t=84380485000 ard=-773 ardb=277 qa=32800 ka=49184
ATTO t=84383615000 h=1 q=-369 z=16 acc=-5904 dest=81952
ATTQK t=84401315000 ard=-371 ardb=228 qa=32832 ka=49216
ATTO t=84404445000 h=2 q=-707 z=16 acc=-11312 dest=81984
ATTQK t=84422145000 ard=591 ardb=-340 qa=32864 ka=49248
ATTO t=84425275000 h=3 q=548 z=16 acc=8768 dest=82016
ATTQK t=84442975000 ard=-801 ardb=-212 qa=32896 ka=49152
ATTO t=84447455000 h=0 q=718 z=16 acc=11488 dest=82048
ATTQK t=84466395000 ard=21 ardb=277 qa=32928 ka=49184
ATTO t=84470875000 h=1 q=-369 z=16 acc=-5904 dest=82080
ATTQK t=84489815000 ard=194 ardb=228 qa=32960 ka=49216
ATTO t=84494295000 h=2 q=-1003 z=16 acc=-16048 dest=82112
ATTQK t=84513235000 ard=602 ardb=-340 qa=32992 ka=49248
ATTO t=84517715000 h=3 q=1024 z=16 acc=16384 dest=82144
ATTQK t=84536655000 ard=-153 ardb=-212 qa=33024 ka=49152
ATTO t=84542485000 h=0 q=400 z=16 acc=6400 dest=82176
ATTQK t=84562665000 ard=239 ardb=277 qa=33056 ka=49184
ATTO t=84568495000 h=1 q=-369 z=16 acc=-5904 dest=82208
ATTQK t=84588675000 ard=527 ardb=228 qa=33088 ka=49216
ATTO t=84594505000 h=2 q=-1003 z=16 acc=-16048 dest=82240
ATTQK t=84614685000 ard=486 ardb=-340 qa=33120 ka=49248
ATTO t=84620515000 h=3 q=1024 z=16 acc=16384 dest=82272
ATTQK t=84640695000 ard=-313 ardb=-212 qa=33152 ka=49152
ATTO t=84647875000 h=0 q=718 z=16 acc=11488 dest=82304
ATTQK t=84669295000 ard=736 ardb=277 qa=33184 ka=49184
ATTO t=84676475000 h=1 q=-382 z=16 acc=-6112 dest=82336
ATTQK t=84697895000 ard=-591 ardb=228 qa=33216 ka=49216
ATTO t=84705075000 h=2 q=-1003 z=16 acc=-16048 dest=82368
ATTQK t=84726495000 ard=-474 ardb=-340 qa=33248 ka=49248
ATTO t=84733675000 h=3 q=-106 z=16 acc=-1696 dest=82400
ATTQK t=84755095000 ard=398 ardb=-212 qa=33280 ka=49152
ATTO t=84763625000 h=0 q=400 z=16 acc=6400 dest=82432
ATTQK t=84786285000 ard=97 ardb=277 qa=33312 ka=49184
ATTO t=84794815000 h=1 q=72 z=16 acc=1152 dest=82464
ATTQK t=84817475000 ard=229 ardb=228 qa=33344 ka=49216
ATTO t=84826005000 h=2 q=-1003 z=16 acc=-16048 dest=82496
ATTQK t=84848665000 ard=-164 ardb=-340 qa=33376 ka=49248
ATTO t=84857195000 h=3 q=48 z=16 acc=768 dest=82528
ATTQK t=84879855000 ard=-510 ardb=-212 qa=33408 ka=49152
ATTO t=84889735000 h=0 q=-693 z=16 acc=-11088 dest=82560
ATTQK t=84913635000 ard=-411 ardb=277 qa=33440 ka=49184
ATTO t=84923515000 h=1 q=-382 z=16 acc=-6112 dest=82592
ATTQK t=84947415000 ard=-612 ardb=228 qa=33472 ka=49216
ATTO t=84957295000 h=2 q=-1003 z=16 acc=-16048 dest=82624
ATTQK t=84981195000 ard=120 ardb=-340 qa=33504 ka=49248
ATTO t=84991075000 h=3 q=48 z=16 acc=768 dest=82656
ATTQK t=85014975000 ard=-537 ardb=-212 qa=33536 ka=49152
ATTO t=85026205000 h=0 q=-52 z=16 acc=-832 dest=82688
ATTQK t=85051345000 ard=-280 ardb=277 qa=33568 ka=49184
ATTO t=85062575000 h=1 q=-647 z=16 acc=-10352 dest=82720
ATTQK t=85087715000 ard=299 ardb=228 qa=33600 ka=49216
ATTO t=85098945000 h=2 q=-1003 z=16 acc=-16048 dest=82752
ATTQK t=85124085000 ard=-695 ardb=-340 qa=33632 ka=49248
ATTO t=85135315000 h=3 q=-545 z=16 acc=-8720 dest=82784
ATTQK t=85160455000 ard=-233 ardb=-212 qa=33664 ka=49152
ATTO t=85173035000 h=0 q=818 z=16 acc=13088 dest=82816
ATTQK t=85199415000 ard=-682 ardb=277 qa=33696 ka=49184
ATTO t=85211995000 h=1 q=72 z=16 acc=1152 dest=82848
ATTQK t=85238375000 ard=-849 ardb=228 qa=33728 ka=49216
ATTO t=85250955000 h=2 q=-1064 z=16 acc=-17024 dest=82880
ATTQK t=85277335000 ard=2391 ardb=-340 qa=33760 ka=49248
ATTO t=85289915000 h=3 q=-106 z=16 acc=-1696 dest=82912
MV0 t=85316305000 ly=1 ten_o=5 acc=0 dest=81920
MV0 t=85972945000 ly=1 ten_o=5 acc=0 dest=82048
MV0 t=86629585000 ly=1 ten_o=5 acc=0 dest=82176
MV0 t=87286225000 ly=1 ten_o=5 acc=0 dest=82304
MV0 t=87942865000 ly=1 ten_o=5 acc=0 dest=82432
MV0 t=88599505000 ly=1 ten_o=5 acc=0 dest=82560
MV0 t=89256145000 ly=1 ten_o=5 acc=0 dest=82688
MV0 t=89912785000 ly=1 ten_o=5 acc=0 dest=82816
ADD t=90569415000 ly=1 ten=0 ard=14954 ardb=21423
ADD t=90573255000 ly=1 ten=0 ard=32767 ardb=14234
ADD t=90577095000 ly=1 ten=0 ard=-5414 ardb=1614
ADD t=90580935000 ly=1 ten=0 ard=30396 ardb=9586
ADD t=90584775000 ly=1 ten=0 ard=32767 ardb=-19740
ADD t=90588615000 ly=1 ten=0 ard=12967 ardb=19355
ADD t=90592455000 ly=1 ten=0 ard=32767 ardb=-3454
ADD t=90596295000 ly=1 ten=0 ard=-8703 ardb=-19981
LNV t=90609605000 acc=70286214699 var=1098222104 mu=1242
LNO t=90610875000 ly=1 ten=6 ard=32767 mu=1242 sc=23433 q=21
LNV t=90690225000 acc=76666578362 var=1197915286 mu=67
LNO t=90691495000 ly=1 ten=6 ard=32767 mu=67 sc=24473 q=21
LNV t=90770845000 acc=74213467165 var=1159585424 mu=1748
LNO t=90772115000 ly=1 ten=6 ard=-3800 mu=1748 sc=24078 q=-4
LNV t=90851465000 acc=75798346398 var=1184349162 mu=1251
LNO t=90852735000 ly=1 ten=6 ard=32767 mu=1251 sc=24334 q=20
LNV t=90932085000 acc=77473227153 var=1210519174 mu=2194
LNO t=90933355000 ly=1 ten=6 ard=13027 mu=2194 sc=24602 q=7
LNV t=91012705000 acc=68973530021 var=1077711406 mu=1696
LNO t=91013975000 ly=1 ten=6 ard=32322 mu=1696 sc=23213 q=21
LNV t=91093325000 acc=77204085518 var=1206313836 mu=-1550
LNO t=91094595000 ly=1 ten=6 ard=29313 mu=-1550 sc=24559 q=20
LNV t=91173945000 acc=73759374565 var=1152490227 mu=-212
LNO t=91175215000 ly=1 ten=6 ard=-28684 mu=-212 sc=24005 q=-19
MV0 t=91245105000 ly=1 ten_o=0 acc=0 dest=0
MV0 t=92558385000 ly=1 ten_o=0 acc=0 dest=128
MV0 t=93871665000 ly=1 ten_o=0 acc=0 dest=256
MV0 t=95184945000 ly=1 ten_o=0 acc=0 dest=384
MV0 t=96498225000 ly=1 ten_o=0 acc=0 dest=512
MV0 t=97811505000 ly=1 ten_o=0 acc=0 dest=640
MV0 t=99124785000 ly=1 ten_o=0 acc=0 dest=768
MV0 t=100438065000 ly=1 ten_o=0 acc=0 dest=896
MV0 t=101751345000 ly=1 ten_o=6 acc=0 dest=98304
MV0 t=103063345000 ly=1 ten_o=6 acc=0 dest=98432
MV0 t=104375345000 ly=1 ten_o=6 acc=0 dest=98560
MV0 t=105687345000 ly=1 ten_o=6 acc=0 dest=98688
MV0 t=106999345000 ly=1 ten_o=6 acc=0 dest=98816
MV0 t=108311345000 ly=1 ten_o=6 acc=0 dest=98944
MV0 t=109623345000 ly=1 ten_o=6 acc=0 dest=99072
MV0 t=110935345000 ly=1 ten_o=6 acc=0 dest=99200
ADD t=112247335000 ly=1 ten=1 ard=32767 ardb=-797
ADD t=112251175000 ly=1 ten=1 ard=32767 ardb=9412
ADD t=112255015000 ly=1 ten=1 ard=-3800 ardb=-14844
ADD t=112258855000 ly=1 ten=1 ard=32767 ardb=-9401
ADD t=112262695000 ly=1 ten=1 ard=13027 ardb=-32768
ADD t=112266535000 ly=1 ten=1 ard=32322 ardb=-23556
ADD t=112270375000 ly=1 ten=1 ard=29313 ardb=-15102
ADD t=112274215000 ly=1 ten=1 ard=-28684 ardb=-25066
LNV t=112287525000 acc=71682023949 var=1120031624 mu=1876
LNO t=112288795000 ly=2 ten=0 ard=31970 mu=1876 sc=23664 q=20
LNV t=112368145000 acc=74073404430 var=1157396944 mu=728
LNO t=112369415000 ly=2 ten=0 ard=32767 mu=728 sc=24056 q=21
LNV t=112448765000 acc=72383509596 var=1130992337 mu=896
LNO t=112450035000 ly=2 ten=0 ard=-18644 mu=896 sc=23780 q=-14
LNV t=112529385000 acc=74550537972 var=1164852155 mu=13
LNO t=112530655000 ly=2 ten=0 ard=23366 mu=13 sc=24133 q=15
LNV t=112610005000 acc=69373783625 var=1083965369 mu=2909
LNO t=112611275000 ly=2 ten=0 ard=-19741 mu=2909 sc=23280 q=-16
LNV t=112690625000 acc=77800096194 var=1215626503 mu=414
LNO t=112691895000 ly=2 ten=0 ard=8766 mu=414 sc=24653 q=5
LNV t=112771245000 acc=70285848829 var=1098216387 mu=-1118
LNO t=112772515000 ly=2 ten=0 ard=14211 mu=-1118 sc=23433 q=10
LNV t=112851865000 acc=71249194607 var=1113268665 mu=859
LNO t=112853135000 ly=2 ten=0 ard=-32768 mu=859 sc=23593 q=-23
MV0 t=112923025000 ly=2 ten_o=2 acc=0 dest=32768
MV0 t=113579665000 ly=2 ten_o=2 acc=0 dest=32896
MV0 t=114236305000 ly=2 ten_o=2 acc=0 dest=33024
MV0 t=114892945000 ly=2 ten_o=2 acc=0 dest=33152
MV0 t=115549585000 ly=2 ten_o=2 acc=0 dest=33280
MV0 t=116206225000 ly=2 ten_o=2 acc=0 dest=33408
MV0 t=116862865000 ly=2 ten_o=2 acc=0 dest=33536
MV0 t=117519505000 ly=2 ten_o=2 acc=0 dest=33664
MV0 t=118176145000 ly=2 ten_o=3 acc=0 dest=49152
MV0 t=118832785000 ly=2 ten_o=3 acc=0 dest=49280
MV0 t=119489425000 ly=2 ten_o=3 acc=0 dest=49408
MV0 t=120146065000 ly=2 ten_o=3 acc=0 dest=49536
MV0 t=120802705000 ly=2 ten_o=3 acc=0 dest=49664
MV0 t=121459345000 ly=2 ten_o=3 acc=0 dest=49792
MV0 t=122115985000 ly=2 ten_o=3 acc=0 dest=49920
MV0 t=122772625000 ly=2 ten_o=3 acc=0 dest=50048
MV0 t=123429265000 ly=2 ten_o=4 acc=0 dest=65536
MV0 t=124085905000 ly=2 ten_o=4 acc=0 dest=65664
MV0 t=124742545000 ly=2 ten_o=4 acc=0 dest=65792
MV0 t=125399185000 ly=2 ten_o=4 acc=0 dest=65920
MV0 t=126055825000 ly=2 ten_o=4 acc=0 dest=66048
MV0 t=126712465000 ly=2 ten_o=4 acc=0 dest=66176
MV0 t=127369105000 ly=2 ten_o=4 acc=0 dest=66304
MV0 t=128025745000 ly=2 ten_o=4 acc=0 dest=66432
ATTQK t=128682375000 ard=-289 ardb=1385 qa=32768 ka=49152
ATTO t=128685505000 h=0 q=-342 z=16 acc=-5472 dest=81920
ATTQK t=128703205000 ard=282 ardb=-632 qa=32800 ka=49184
ATTO t=128706335000 h=1 q=-617 z=16 acc=-9872 dest=81952
ATTQK t=128724035000 ard=399 ardb=465 qa=32832 ka=49216
ATTO t=128727165000 h=2 q=423 z=16 acc=6768 dest=81984
ATTQK t=128744865000 ard=-56 ardb=511 qa=32864 ka=49248
ATTO t=128747995000 h=3 q=-769 z=16 acc=-12304 dest=82016
ATTQK t=128765695000 ard=-1314 ardb=1385 qa=32896 ka=49152
ATTO t=128770175000 h=0 q=-420 z=16 acc=-6720 dest=82048
ATTQK t=128789115000 ard=195 ardb=-632 qa=32928 ka=49184
ATTO t=128793595000 h=1 q=-670 z=16 acc=-10720 dest=82080
ATTQK t=128812535000 ard=0 ardb=465 qa=32960 ka=49216
ATTO t=128817015000 h=2 q=423 z=16 acc=6768 dest=82112
ATTQK t=128835955000 ard=134 ardb=511 qa=32992 ka=49248
ATTO t=128840435000 h=3 q=-829 z=16 acc=-13264 dest=82144
ATTQK t=128859375000 ard=-436 ardb=1385 qa=33024 ka=49152
ATTO t=128865205000 h=0 q=202 z=16 acc=3232 dest=82176
ATTQK t=128885385000 ard=171 ardb=-632 qa=33056 ka=49184
ATTO t=128891215000 h=1 q=-670 z=16 acc=-10720 dest=82208
ATTQK t=128911395000 ard=1294 ardb=465 qa=33088 ka=49216
ATTO t=128917225000 h=2 q=423 z=16 acc=6768 dest=82240
ATTQK t=128937405000 ard=298 ardb=511 qa=33120 ka=49248
ATTO t=128943235000 h=3 q=-415 z=16 acc=-6640 dest=82272
ATTQK t=128963415000 ard=-1139 ardb=1385 qa=33152 ka=49152
ATTO t=128970595000 h=0 q=-420 z=16 acc=-6720 dest=82304
ATTQK t=128992015000 ard=634 ardb=-632 qa=33184 ka=49184
ATTO t=128999195000 h=1 q=-670 z=16 acc=-10720 dest=82336
ATTQK t=129020615000 ard=-323 ardb=465 qa=33216 ka=49216
ATTO t=129027795000 h=2 q=328 z=16 acc=5248 dest=82368
ATTQK t=129049215000 ard=181 ardb=511 qa=33248 ka=49248
ATTO t=129056395000 h=3 q=52 z=16 acc=832 dest=82400
ATTQK t=129077815000 ard=-865 ardb=1385 qa=33280 ka=49152
ATTO t=129086345000 h=0 q=202 z=16 acc=3232 dest=82432
ATTQK t=129109005000 ard=-614 ardb=-632 qa=33312 ka=49184
ATTO t=129117535000 h=1 q=-617 z=16 acc=-9872 dest=82464
ATTQK t=129140195000 ard=1359 ardb=465 qa=33344 ka=49216
ATTO t=129148725000 h=2 q=423 z=16 acc=6768 dest=82496
ATTQK t=129171385000 ard=645 ardb=511 qa=33376 ka=49248
ATTO t=129179915000 h=3 q=-463 z=16 acc=-7408 dest=82528
ATTQK t=129202575000 ard=-671 ardb=1385 qa=33408 ka=49152
ATTO t=129212455000 h=0 q=-968 z=16 acc=-15488 dest=82560
ATTQK t=129236355000 ard=-517 ardb=-632 qa=33440 ka=49184
ATTO t=129246235000 h=1 q=-124 z=16 acc=-1984 dest=82592
ATTQK t=129270135000 ard=1071 ardb=465 qa=33472 ka=49216
ATTO t=129280015000 h=2 q=-329 z=16 acc=-5264 dest=82624
ATTQK t=129303915000 ard=770 ardb=511 qa=33504 ka=49248
ATTO t=129313795000 h=3 q=103 z=16 acc=1648 dest=82656
ATTQK t=129337695000 ard=-76 ardb=1385 qa=33536 ka=49152
ATTO t=129348925000 h=0 q=-342 z=16 acc=-5472 dest=82688
ATTQK t=129374065000 ard=-417 ardb=-632 qa=33568 ka=49184
ATTO t=129385295000 h=1 q=-770 z=16 acc=-12320 dest=82720
ATTQK t=129410435000 ard=996 ardb=465 qa=33600 ka=49216
ATTO t=129421665000 h=2 q=423 z=16 acc=6768 dest=82752
ATTQK t=129446805000 ard=509 ardb=511 qa=33632 ka=49248
ATTO t=129458035000 h=3 q=-415 z=16 acc=-6640 dest=82784
ATTQK t=129483175000 ard=-1670 ardb=1385 qa=33664 ka=49152
ATTO t=129495755000 h=0 q=622 z=16 acc=9952 dest=82816
ATTQK t=129522135000 ard=466 ardb=-632 qa=33696 ka=49184
ATTO t=129534715000 h=1 q=-570 z=16 acc=-9120 dest=82848
ATTQK t=129561095000 ard=757 ardb=465 qa=33728 ka=49216
ATTO t=129573675000 h=2 q=-329 z=16 acc=-5264 dest=82880
ATTQK t=129600055000 ard=-803 ardb=511 qa=33760 ka=49248
ATTO t=129612635000 h=3 q=87 z=16 acc=1392 dest=82912
MV0 t=129639025000 ly=2 ten_o=5 acc=0 dest=81920
MV0 t=130295665000 ly=2 ten_o=5 acc=0 dest=82048
MV0 t=130952305000 ly=2 ten_o=5 acc=0 dest=82176
MV0 t=131608945000 ly=2 ten_o=5 acc=0 dest=82304
MV0 t=132265585000 ly=2 ten_o=5 acc=0 dest=82432
MV0 t=132922225000 ly=2 ten_o=5 acc=0 dest=82560
MV0 t=133578865000 ly=2 ten_o=5 acc=0 dest=82688
MV0 t=134235505000 ly=2 ten_o=5 acc=0 dest=82816
ADD t=134892135000 ly=2 ten=0 ard=31970 ardb=32767
ADD t=134895975000 ly=2 ten=0 ard=32767 ardb=632
ADD t=134899815000 ly=2 ten=0 ard=-18644 ardb=32767
ADD t=134903655000 ly=2 ten=0 ard=23366 ardb=28301
ADD t=134907495000 ly=2 ten=0 ard=-19741 ardb=32767
ADD t=134911335000 ly=2 ten=0 ard=8766 ardb=24301
ADD t=134915175000 ly=2 ten=0 ard=14211 ardb=32767
ADD t=134919015000 ly=2 ten=0 ard=-32768 ardb=27601
LNV t=134932325000 acc=75753038852 var=1183641232 mu=2222
LNO t=134933595000 ly=2 ten=6 ard=32767 mu=2222 sc=24327 q=20
LNV t=135012945000 acc=74844441718 var=1169444401 mu=923
LNO t=135014215000 ly=2 ten=6 ard=32767 mu=923 sc=24181 q=21
LNV t=135093565000 acc=82338389668 var=1286537338 mu=634
LNO t=135094835000 ly=2 ten=6 ard=14123 mu=634 sc=25362 q=8
LNV t=135174185000 acc=80354355981 var=1255536812 mu=-274
LNO t=135175455000 ly=2 ten=6 ard=32767 mu=-274 sc=25055 q=21
LNV t=135254805000 acc=79622669960 var=1244104218 mu=1902
LNO t=135256075000 ly=2 ten=6 ard=13026 mu=1902 sc=24940 q=7
LNV t=135335425000 acc=80149457744 var=1252335277 mu=-252
LNO t=135336695000 ly=2 ten=6 ard=32767 mu=-252 sc=25023 q=21
LNV t=135416045000 acc=81645571831 var=1275712059 mu=-986
LNO t=135417315000 ly=2 ten=6 ard=32767 mu=-986 sc=25255 q=21
LNV t=135496665000 acc=73098048635 var=1142157009 mu=-627
LNO t=135497935000 ly=2 ten=6 ard=-5167 mu=-627 sc=23897 q=-4
MV0 t=135567825000 ly=2 ten_o=0 acc=0 dest=0
MV0 t=136881105000 ly=2 ten_o=0 acc=0 dest=128
MV0 t=138194385000 ly=2 ten_o=0 acc=0 dest=256
MV0 t=139507665000 ly=2 ten_o=0 acc=0 dest=384
MV0 t=140820945000 ly=2 ten_o=0 acc=0 dest=512
MV0 t=142134225000 ly=2 ten_o=0 acc=0 dest=640
MV0 t=143447505000 ly=2 ten_o=0 acc=0 dest=768
MV0 t=144760785000 ly=2 ten_o=0 acc=0 dest=896
MV0 t=146074065000 ly=2 ten_o=6 acc=0 dest=98304
MV0 t=147386065000 ly=2 ten_o=6 acc=0 dest=98432
MV0 t=148698065000 ly=2 ten_o=6 acc=0 dest=98560
MV0 t=150010065000 ly=2 ten_o=6 acc=0 dest=98688
MV0 t=151322065000 ly=2 ten_o=6 acc=0 dest=98816
MV0 t=152634065000 ly=2 ten_o=6 acc=0 dest=98944
MV0 t=153946065000 ly=2 ten_o=6 acc=0 dest=99072
MV0 t=155258065000 ly=2 ten_o=6 acc=0 dest=99200
ADD t=156570055000 ly=2 ten=1 ard=32767 ardb=-32768
ADD t=156573895000 ly=2 ten=1 ard=32767 ardb=-32768
ADD t=156577735000 ly=2 ten=1 ard=14123 ardb=-32768
ADD t=156581575000 ly=2 ten=1 ard=32767 ardb=-16565
ADD t=156585415000 ly=2 ten=1 ard=13026 ardb=-32768
ADD t=156589255000 ly=2 ten=1 ard=32767 ardb=14443
ADD t=156593095000 ly=2 ten=1 ard=32767 ardb=-15896
ADD t=156596935000 ly=2 ten=1 ard=-5167 ardb=-20675
LNV t=156610245000 acc=83668050031 var=1307313281 mu=222
LNO t=156611515000 ly=3 ten=0 ard=-1 mu=222 sc=25566 q=-1
LNV t=156690865000 acc=81172182600 var=1268315353 mu=2970
LNO t=156692135000 ly=3 ten=0 ard=-1 mu=2970 sc=25182 q=-2
LNV t=156771485000 acc=73683631144 var=1151306736 mu=-435
LNO t=156772755000 ly=3 ten=0 ard=-18645 mu=-435 sc=23992 q=-13
LNV t=156852105000 acc=77708207342 var=1214190739 mu=-1263
LNO t=156853375000 ly=3 ten=0 ard=16202 mu=-1263 sc=24639 q=11
LNV t=156932725000 acc=67887767925 var=1060746373 mu=1533
LNO t=156933995000 ly=3 ten=0 ard=-19742 mu=1533 sc=23029 q=-15
LNV t=157013345000 acc=78780254635 var=1230941478 mu=-423
LNO t=157014615000 ly=3 ten=0 ard=32767 mu=-423 sc=24808 q=21
LNV t=157093965000 acc=82779552915 var=1293430514 mu=-471
LNO t=157095235000 ly=3 ten=0 ard=16871 mu=-471 sc=25430 q=10
LNV t=157174585000 acc=72172563319 var=1127696301 mu=873
LNO t=157175855000 ly=3 ten=0 ard=-25842 mu=873 sc=23745 q=-19
MV0 t=157245745000 ly=3 ten_o=2 acc=0 dest=32768
MV0 t=157902385000 ly=3 ten_o=2 acc=0 dest=32896
MV0 t=158559025000 ly=3 ten_o=2 acc=0 dest=33024
MV0 t=159215665000 ly=3 ten_o=2 acc=0 dest=33152
MV0 t=159872305000 ly=3 ten_o=2 acc=0 dest=33280
MV0 t=160528945000 ly=3 ten_o=2 acc=0 dest=33408
MV0 t=161185585000 ly=3 ten_o=2 acc=0 dest=33536
MV0 t=161842225000 ly=3 ten_o=2 acc=0 dest=33664
MV0 t=162498865000 ly=3 ten_o=3 acc=0 dest=49152
MV0 t=163155505000 ly=3 ten_o=3 acc=0 dest=49280
MV0 t=163812145000 ly=3 ten_o=3 acc=0 dest=49408
MV0 t=164468785000 ly=3 ten_o=3 acc=0 dest=49536
MV0 t=165125425000 ly=3 ten_o=3 acc=0 dest=49664
MV0 t=165782065000 ly=3 ten_o=3 acc=0 dest=49792
MV0 t=166438705000 ly=3 ten_o=3 acc=0 dest=49920
MV0 t=167095345000 ly=3 ten_o=3 acc=0 dest=50048
MV0 t=167751985000 ly=3 ten_o=4 acc=0 dest=65536
MV0 t=168408625000 ly=3 ten_o=4 acc=0 dest=65664
MV0 t=169065265000 ly=3 ten_o=4 acc=0 dest=65792
MV0 t=169721905000 ly=3 ten_o=4 acc=0 dest=65920
MV0 t=170378545000 ly=3 ten_o=4 acc=0 dest=66048
MV0 t=171035185000 ly=3 ten_o=4 acc=0 dest=66176
MV0 t=171691825000 ly=3 ten_o=4 acc=0 dest=66304
MV0 t=172348465000 ly=3 ten_o=4 acc=0 dest=66432
ATTQK t=173005095000 ard=-371 ardb=-684 qa=32768 ka=49152
ATTO t=173008225000 h=0 q=1087 z=16 acc=17392 dest=81920
ATTQK t=173025925000 ard=338 ardb=-296 qa=32800 ka=49184
ATTO t=173029055000 h=1 q=556 z=16 acc=8896 dest=81952
ATTQK t=173046755000 ard=-116 ardb=-413 qa=32832 ka=49216
ATTO t=173049885000 h=2 q=1038 z=16 acc=16608 dest=81984
ATTQK t=173067585000 ard=-239 ardb=810 qa=32864 ka=49248
ATTO t=173070715000 h=3 q=532 z=16 acc=8512 dest=82016
ATTQK t=173088415000 ard=340 ardb=-684 qa=32896 ka=49152
ATTO t=173092895000 h=0 q=1087 z=16 acc=17392 dest=82048
ATTQK t=173111835000 ard=661 ardb=-296 qa=32928 ka=49184
ATTO t=173116315000 h=1 q=556 z=16 acc=8896 dest=82080
ATTQK t=173135255000 ard=-201 ardb=-413 qa=32960 ka=49216
ATTO t=173139735000 h=2 q=-587 z=16 acc=-9392 dest=82112
ATTQK t=173158675000 ard=36 ardb=810 qa=32992 ka=49248
ATTO t=173163155000 h=3 q=-781 z=16 acc=-12496 dest=82144
ATTQK t=173182095000 ard=-462 ardb=-684 qa=33024 ka=49152
ATTO t=173187925000 h=0 q=547 z=16 acc=8752 dest=82176
ATTQK t=173208105000 ard=-460 ardb=-296 qa=33056 ka=49184
ATTO t=173213935000 h=1 q=1288 z=16 acc=20608 dest=82208
ATTQK t=173234115000 ard=-122 ardb=-413 qa=33088 ka=49216
ATTO t=173239945000 h=2 q=-587 z=16 acc=-9392 dest=82240
ATTQK t=173260125000 ard=1024 ardb=810 qa=33120 ka=49248
ATTO t=173265955000 h=3 q=-781 z=16 acc=-12496 dest=82272
ATTQK t=173286135000 ard=-876 ardb=-684 qa=33152 ka=49152
ATTO t=173293315000 h=0 q=627 z=16 acc=10032 dest=82304
ATTQK t=173314735000 ard=449 ardb=-296 qa=33184 ka=49184
ATTO t=173321915000 h=1 q=806 z=16 acc=12896 dest=82336
ATTQK t=173343335000 ard=770 ardb=-413 qa=33216 ka=49216
ATTO t=173350515000 h=2 q=-102 z=16 acc=-1632 dest=82368
ATTQK t=173371935000 ard=915 ardb=810 qa=33248 ka=49248
ATTO t=173379115000 h=3 q=-315 z=16 acc=-5040 dest=82400
ATTQK t=173400535000 ard=-30 ardb=-684 qa=33280 ka=49152
ATTO t=173409065000 h=0 q=907 z=16 acc=14512 dest=82432
ATTQK t=173431725000 ard=172 ardb=-296 qa=33312 ka=49184
ATTO t=173440255000 h=1 q=1288 z=16 acc=20608 dest=82464
ATTQK t=173462915000 ard=-99 ardb=-413 qa=33344 ka=49216
ATTO t=173471445000 h=2 q=-102 z=16 acc=-1632 dest=82496
ATTQK t=173494105000 ard=491 ardb=810 qa=33376 ka=49248
ATTO t=173502635000 h=3 q=-781 z=16 acc=-12496 dest=82528
ATTQK t=173525295000 ard=534 ardb=-684 qa=33408 ka=49152
ATTO t=173535175000 h=0 q=547 z=16 acc=8752 dest=82560
ATTQK t=173559075000 ard=-515 ardb=-296 qa=33440 ka=49184
ATTO t=173568955000 h=1 q=806 z=16 acc=12896 dest=82592
ATTQK t=173592855000 ard=823 ardb=-413 qa=33472 ka=49216
ATTO t=173602735000 h=2 q=-277 z=16 acc=-4432 dest=82624
ATTQK t=173626635000 ard=836 ardb=810 qa=33504 ka=49248
ATTO t=173636515000 h=3 q=-781 z=16 acc=-12496 dest=82656
ATTQK t=173660415000 ard=289 ardb=-684 qa=33536 ka=49152
ATTO t=173671645000 h=0 q=1038 z=16 acc=16608 dest=82688
ATTQK t=173696785000 ard=-121 ardb=-296 qa=33568 ka=49184
ATTO t=173708015000 h=1 q=971 z=16 acc=15536 dest=82720
ATTQK t=173733155000 ard=772 ardb=-413 qa=33600 ka=49216
ATTO t=173744385000 h=2 q=-864 z=16 acc=-13824 dest=82752
ATTQK t=173769525000 ard=-67 ardb=810 qa=33632 ka=49248
ATTO t=173780755000 h=3 q=-781 z=16 acc=-12496 dest=82784
ATTQK t=173805895000 ard=-124 ardb=-684 qa=33664 ka=49152
ATTO t=173818475000 h=0 q=286 z=16 acc=4576 dest=82816
ATTQK t=173844855000 ard=1101 ardb=-296 qa=33696 ka=49184
ATTO t=173857435000 h=1 q=806 z=16 acc=12896 dest=82848
ATTQK t=173883815000 ard=593 ardb=-413 qa=33728 ka=49216
ATTO t=173896395000 h=2 q=-102 z=16 acc=-1632 dest=82880
ATTQK t=173922775000 ard=-265 ardb=810 qa=33760 ka=49248
ATTO t=173935355000 h=3 q=290 z=16 acc=4640 dest=82912
MV0 t=173961745000 ly=3 ten_o=5 acc=0 dest=81920
MV0 t=174618385000 ly=3 ten_o=5 acc=0 dest=82048
MV0 t=175275025000 ly=3 ten_o=5 acc=0 dest=82176
MV0 t=175931665000 ly=3 ten_o=5 acc=0 dest=82304
MV0 t=176588305000 ly=3 ten_o=5 acc=0 dest=82432
MV0 t=177244945000 ly=3 ten_o=5 acc=0 dest=82560
MV0 t=177901585000 ly=3 ten_o=5 acc=0 dest=82688
MV0 t=178558225000 ly=3 ten_o=5 acc=0 dest=82816
ADD t=179214855000 ly=3 ten=0 ard=-1 ardb=32767
ADD t=179218695000 ly=3 ten=0 ard=-1 ardb=32767
ADD t=179222535000 ly=3 ten=0 ard=-18645 ardb=19170
ADD t=179226375000 ly=3 ten=0 ard=16202 ardb=27961
ADD t=179230215000 ly=3 ten=0 ard=-19742 ardb=13449
ADD t=179234055000 ly=3 ten=0 ard=32767 ardb=11055
ADD t=179237895000 ly=3 ten=0 ard=16871 ardb=-9204
ADD t=179241735000 ly=3 ten=0 ard=-25842 ardb=32767
LNV t=179255045000 acc=81967265461 var=1280738522 mu=-3275
LNO t=179256315000 ly=3 ten=6 ard=32766 mu=-3275 sc=25305 q=22
LNV t=179335665000 acc=77990426995 var=1218600421 mu=2158
LNO t=179336935000 ly=3 ten=6 ard=32766 mu=2158 sc=24684 q=19
LNV t=179416285000 acc=70934326104 var=1108348845 mu=-837
LNO t=179417555000 ly=3 ten=6 ard=525 mu=-837 sc=23540 q=0
LNV t=179496905000 acc=69790510188 var=1090476721 mu=2105
LNO t=179498175000 ly=3 ten=6 ard=32767 mu=2105 sc=23350 q=21
LNV t=179577525000 acc=67863886342 var=1060373224 mu=3851
LNO t=179578795000 ly=3 ten=6 ard=-6293 mu=3851 sc=23025 q=-8
LNV t=179658145000 acc=76765372815 var=1199458950 mu=-830
LNO t=179659415000 ly=3 ten=6 ard=32767 mu=-830 sc=24489 q=21
LNV t=179738765000 acc=76210271730 var=1190785495 mu=-548
LNO t=179740035000 ly=3 ten=6 ard=7667 mu=-548 sc=24400 q=5
LNV t=179819385000 acc=76524337093 var=1195692767 mu=3064
LNO t=179820655000 ly=3 ten=6 ard=6925 mu=3064 sc=24450 q=2
MV0 t=179890545000 ly=3 ten_o=0 acc=0 dest=0
MV0 t=181203825000 ly=3 ten_o=0 acc=0 dest=128
MV0 t=182517105000 ly=3 ten_o=0 acc=0 dest=256
MV0 t=183830385000 ly=3 ten_o=0 acc=0 dest=384
MV0 t=185143665000 ly=3 ten_o=0 acc=0 dest=512
MV0 t=186456945000 ly=3 ten_o=0 acc=0 dest=640
MV0 t=187770225000 ly=3 ten_o=0 acc=0 dest=768
MV0 t=189083505000 ly=3 ten_o=0 acc=0 dest=896
MV0 t=190396785000 ly=3 ten_o=6 acc=0 dest=98304
MV0 t=191708785000 ly=3 ten_o=6 acc=0 dest=98432
MV0 t=193020785000 ly=3 ten_o=6 acc=0 dest=98560
MV0 t=194332785000 ly=3 ten_o=6 acc=0 dest=98688
MV0 t=195644785000 ly=3 ten_o=6 acc=0 dest=98816
MV0 t=196956785000 ly=3 ten_o=6 acc=0 dest=98944
MV0 t=198268785000 ly=3 ten_o=6 acc=0 dest=99072
MV0 t=199580785000 ly=3 ten_o=6 acc=0 dest=99200
ADD t=200892775000 ly=3 ten=1 ard=32766 ardb=-8128
ADD t=200896615000 ly=3 ten=1 ard=32766 ardb=11043
ADD t=200900455000 ly=3 ten=1 ard=525 ardb=17004
ADD t=200904295000 ly=3 ten=1 ard=32767 ardb=20457
ADD t=200908135000 ly=3 ten=1 ard=-6293 ardb=24659
ADD t=200911975000 ly=3 ten=1 ard=32767 ardb=-5957
ADD t=200915815000 ly=3 ten=1 ard=7667 ardb=2831
ADD t=200919655000 ly=3 ten=1 ard=6925 ardb=17280
HEAD t=200923495000 col=0 wrd=6 ard=24205 waddr=671744 aaddr=896 acc=0
MV0 t=200923505000 ly=3 ten_o=7 acc=0 dest=115584
HEAD t=200923535000 col=1 wrd=6 ard=15810 waddr=671745 aaddr=897 acc=145230
SMX t=206176595000 logit0=1648634
CFRAME C10 OUT=549 LMST=1 LMDN=1 TOPK=0706050403010002
EMB_POS t=207158745000 dim=0 wrd=-3 awd=-3
EMB_POS t=207158775000 dim=1 wrd=3 awd=3
EMB_TOK t=207189465000 dim=0 wrd=6 ard=-3 awd=3
EMB_TOK t=207189495000 dim=1 wrd=1 ard=3 awd=4
LNV t=207229655000 acc=2228 var=34 mu=0
LNO t=207230925000 ly=0 ten=0 ard=3 mu=0 sc=4 q=12
LNV t=207310275000 acc=2343 var=36 mu=-1
LNO t=207311545000 ly=0 ten=0 ard=1 mu=-1 sc=4 q=8
LNV t=207390895000 acc=2107 var=32 mu=0
LNO t=207392165000 ly=0 ten=0 ard=-7 mu=0 sc=4 q=-28
LNV t=207471515000 acc=2316 var=36 mu=0
LNO t=207472785000 ly=0 ten=0 ard=0 mu=0 sc=4 q=0
LNV t=207552135000 acc=2749 var=42 mu=-1
LNO t=207553405000 ly=0 ten=0 ard=8 mu=-1 sc=4 q=36
LNV t=207632755000 acc=2562 var=40 mu=-1
LNO t=207634025000 ly=0 ten=0 ard=-5 mu=-1 sc=4 q=-16
LNV t=207713375000 acc=1955 var=30 mu=0
LNO t=207714645000 ly=0 ten=0 ard=-3 mu=0 sc=3 q=-16
LNV t=207793995000 acc=2652 var=41 mu=-1
LNO t=207795265000 ly=0 ten=0 ard=-5 mu=-1 sc=4 q=-16
MV0 t=207865155000 ly=0 ten_o=2 acc=0 dest=32768
MV0 t=208521795000 ly=0 ten_o=2 acc=0 dest=32896
MV0 t=209178435000 ly=0 ten_o=2 acc=0 dest=33024
MV0 t=209835075000 ly=0 ten_o=2 acc=0 dest=33152
MV0 t=210491715000 ly=0 ten_o=2 acc=0 dest=33280
MV0 t=211148355000 ly=0 ten_o=2 acc=0 dest=33408
MV0 t=211804995000 ly=0 ten_o=2 acc=0 dest=33536
MV0 t=212461635000 ly=0 ten_o=2 acc=0 dest=33664
MV0 t=213118275000 ly=0 ten_o=3 acc=0 dest=49152
MV0 t=213774915000 ly=0 ten_o=3 acc=0 dest=49280
MV0 t=214431555000 ly=0 ten_o=3 acc=0 dest=49408
MV0 t=215088195000 ly=0 ten_o=3 acc=0 dest=49536
MV0 t=215744835000 ly=0 ten_o=3 acc=0 dest=49664
MV0 t=216401475000 ly=0 ten_o=3 acc=0 dest=49792
MV0 t=217058115000 ly=0 ten_o=3 acc=0 dest=49920
MV0 t=217714755000 ly=0 ten_o=3 acc=0 dest=50048
MV0 t=218371395000 ly=0 ten_o=4 acc=0 dest=65536
MV0 t=219028035000 ly=0 ten_o=4 acc=0 dest=65664
MV0 t=219684675000 ly=0 ten_o=4 acc=0 dest=65792
MV0 t=220341315000 ly=0 ten_o=4 acc=0 dest=65920
MV0 t=220997955000 ly=0 ten_o=4 acc=0 dest=66048
MV0 t=221654595000 ly=0 ten_o=4 acc=0 dest=66176
MV0 t=222311235000 ly=0 ten_o=4 acc=0 dest=66304
MV0 t=222967875000 ly=0 ten_o=4 acc=0 dest=66432
ATTQK t=223624505000 ard=460 ardb=-1428 qa=32768 ka=49152
ATTO t=223627635000 h=0 q=1084 z=16 acc=17344 dest=81920
ATTQK t=223645335000 ard=-536 ardb=-488 qa=32800 ka=49184
ATTO t=223648465000 h=1 q=-392 z=16 acc=-6272 dest=81952
ATTQK t=223666165000 ard=-732 ardb=628 qa=32832 ka=49216
ATTO t=223669295000 h=2 q=-840 z=16 acc=-13440 dest=81984
ATTQK t=223686995000 ard=-896 ardb=108 qa=32864 ka=49248
ATTO t=223690125000 h=3 q=-96 z=16 acc=-1536 dest=82016
ATTQK t=223707825000 ard=-16 ardb=-1428 qa=32896 ka=49152
ATTO t=223712305000 h=0 q=-128 z=16 acc=-2048 dest=82048
ATTQK t=223731245000 ard=-1296 ardb=-488 qa=32928 ka=49184
ATTO t=223735725000 h=1 q=-392 z=16 acc=-6272 dest=82080
ATTQK t=223754665000 ard=-1156 ardb=628 qa=32960 ka=49216
ATTO t=223759145000 h=2 q=468 z=16 acc=7488 dest=82112
ATTQK t=223778085000 ard=-12 ardb=108 qa=32992 ka=49248
ATTO t=223782565000 h=3 q=-384 z=16 acc=-6144 dest=82144
ATTQK t=223801505000 ard=1180 ardb=-1428 qa=33024 ka=49152
ATTO t=223807335000 h=0 q=-128 z=16 acc=-2048 dest=82176
ATTQK t=223827515000 ard=-32 ardb=-488 qa=33056 ka=49184
ATTO t=223833345000 h=1 q=-544 z=16 acc=-8704 dest=82208
ATTQK t=223853525000 ard=404 ardb=628 qa=33088 ka=49216
ATTO t=223859355000 h=2 q=-840 z=16 acc=-13440 dest=82240
ATTQK t=223879535000 ard=588 ardb=108 qa=33120 ka=49248
ATTO t=223885365000 h=3 q=-452 z=16 acc=-7232 dest=82272
ATTQK t=223905545000 ard=588 ardb=-1428 qa=33152 ka=49152
ATTO t=223912725000 h=0 q=764 z=16 acc=12224 dest=82304
ATTQK t=223934145000 ard=-348 ardb=-488 qa=33184 ka=49184
ATTO t=223941325000 h=1 q=452 z=16 acc=7232 dest=82336
ATTQK t=223962745000 ard=-292 ardb=628 qa=33216 ka=49216
ATTO t=223969925000 h=2 q=468 z=16 acc=7488 dest=82368
ATTQK t=223991345000 ard=-564 ardb=108 qa=33248 ka=49248
ATTO t=223998525000 h=3 q=-452 z=16 acc=-7232 dest=82400
ATTQK t=224019945000 ard=640 ardb=-1428 qa=33280 ka=49152
ATTO t=224028475000 h=0 q=-128 z=16 acc=-2048 dest=82432
ATTQK t=224051135000 ard=-104 ardb=-488 qa=33312 ka=49184
ATTO t=224059665000 h=1 q=452 z=16 acc=7232 dest=82464
ATTQK t=224082325000 ard=-940 ardb=628 qa=33344 ka=49216
ATTO t=224090855000 h=2 q=468 z=16 acc=7488 dest=82496
ATTQK t=224113515000 ard=1348 ardb=108 qa=33376 ka=49248
ATTO t=224122045000 h=3 q=-452 z=16 acc=-7232 dest=82528
ATTQK t=224144705000 ard=776 ardb=-1428 qa=33408 ka=49152
ATTO t=224154585000 h=0 q=1068 z=16 acc=17088 dest=82560
ATTQK t=224178485000 ard=-244 ardb=-488 qa=33440 ka=49184
ATTO t=224188365000 h=1 q=-392 z=16 acc=-6272 dest=82592
ATTQK t=224212265000 ard=1032 ardb=628 qa=33472 ka=49216
ATTO t=224222145000 h=2 q=468 z=16 acc=7488 dest=82624
ATTQK t=224246045000 ard=-124 ardb=108 qa=33504 ka=49248
ATTO t=224255925000 h=3 q=-452 z=16 acc=-7232 dest=82656
ATTQK t=224279825000 ard=815 ardb=-1428 qa=33536 ka=49152
ATTO t=224291055000 h=0 q=-128 z=16 acc=-2048 dest=82688
ATTQK t=224316195000 ard=-1871 ardb=-488 qa=33568 ka=49184
ATTO t=224327425000 h=1 q=-121 z=16 acc=-1936 dest=82720
ATTQK t=224352565000 ard=-1568 ardb=628 qa=33600 ka=49216
ATTO t=224363795000 h=2 q=8 z=16 acc=128 dest=82752
ATTQK t=224388935000 ard=-540 ardb=108 qa=33632 ka=49248
ATTO t=224400165000 h=3 q=568 z=16 acc=9088 dest=82784
ATTQK t=224425305000 ard=-1992 ardb=-1428 qa=33664 ka=49152
ATTO t=224437885000 h=0 q=1084 z=16 acc=17344 dest=82816
ATTQK t=224464265000 ard=-240 ardb=-488 qa=33696 ka=49184
ATTO t=224476845000 h=1 q=-560 z=16 acc=-8960 dest=82848
ATTQK t=224503225000 ard=-332 ardb=628 qa=33728 ka=49216
ATTO t=224515805000 h=2 q=102 z=16 acc=1632 dest=82880
ATTQK t=224542185000 ard=-108 ardb=108 qa=33760 ka=49248
ATTO t=224554765000 h=3 q=-96 z=16 acc=-1536 dest=82912
MV0 t=224581155000 ly=0 ten_o=5 acc=0 dest=81920
MV0 t=225237795000 ly=0 ten_o=5 acc=0 dest=82048
MV0 t=225894435000 ly=0 ten_o=5 acc=0 dest=82176
MV0 t=226551075000 ly=0 ten_o=5 acc=0 dest=82304
MV0 t=227207715000 ly=0 ten_o=5 acc=0 dest=82432
MV0 t=227864355000 ly=0 ten_o=5 acc=0 dest=82560
MV0 t=228520995000 ly=0 ten_o=5 acc=0 dest=82688
MV0 t=229177635000 ly=0 ten_o=5 acc=0 dest=82816
ADD t=229834265000 ly=0 ten=0 ard=3 ardb=28868
ADD t=229838105000 ly=0 ten=0 ard=1 ardb=32767
ADD t=229841945000 ly=0 ten=0 ard=-7 ardb=10984
ADD t=229845785000 ly=0 ten=0 ard=0 ardb=-21828
ADD t=229849625000 ly=0 ten=0 ard=8 ardb=-12576
ADD t=229853465000 ly=0 ten=0 ard=-5 ardb=32767
ADD t=229857305000 ly=0 ten=0 ard=-3 ardb=32767
ADD t=229861145000 ly=0 ten=0 ard=-5 ardb=24048
LNV t=229874455000 acc=71362508625 var=1115039197 mu=969
LNO t=229875725000 ly=0 ten=6 ard=28871 mu=969 sc=23611 q=18
LNV t=229955075000 acc=66541304965 var=1039707890 mu=422
LNO t=229956345000 ly=0 ten=6 ard=32767 mu=422 sc=22800 q=22
LNV t=230035695000 acc=64725678436 var=1011338725 mu=-1086
LNO t=230036965000 ly=0 ten=6 ard=10977 mu=-1086 sc=22487 q=8
LNV t=230116315000 acc=52482141478 var=820033460 mu=583
LNO t=230117585000 ly=0 ten=6 ard=-21828 mu=583 sc=20248 q=-18
LNV t=230196935000 acc=65214461592 var=1018975962 mu=21
LNO t=230198205000 ly=0 ten=6 ard=-12568 mu=21 sc=22571 q=-9
LNV t=230277555000 acc=63890038196 var=998281846 mu=791
LNO t=230278825000 ly=0 ten=6 ard=32762 mu=791 sc=22341 q=22
LNV t=230358175000 acc=73698523260 var=1151539425 mu=6366
LNO t=230359445000 ly=0 ten=6 ard=32764 mu=6366 sc=23995 q=17
LNV t=230438795000 acc=70587440504 var=1102928757 mu=-2288
LNO t=230440065000 ly=0 ten=6 ard=24043 mu=-2288 sc=23483 q=17
MV0 t=230509955000 ly=0 ten_o=0 acc=0 dest=0
MV0 t=231823235000 ly=0 ten_o=0 acc=0 dest=128
MV0 t=233136515000 ly=0 ten_o=0 acc=0 dest=256
MV0 t=234449795000 ly=0 ten_o=0 acc=0 dest=384
MV0 t=235763075000 ly=0 ten_o=0 acc=0 dest=512
MV0 t=237076355000 ly=0 ten_o=0 acc=0 dest=640
MV0 t=238389635000 ly=0 ten_o=0 acc=0 dest=768
MV0 t=239702915000 ly=0 ten_o=0 acc=0 dest=896
MV0 t=241016195000 ly=0 ten_o=6 acc=0 dest=98304
MV0 t=242328195000 ly=0 ten_o=6 acc=0 dest=98432
MV0 t=243640195000 ly=0 ten_o=6 acc=0 dest=98560
MV0 t=244952195000 ly=0 ten_o=6 acc=0 dest=98688
MV0 t=246264195000 ly=0 ten_o=6 acc=0 dest=98816
MV0 t=247576195000 ly=0 ten_o=6 acc=0 dest=98944
MV0 t=248888195000 ly=0 ten_o=6 acc=0 dest=99072
MV0 t=250200195000 ly=0 ten_o=6 acc=0 dest=99200
ADD t=251512185000 ly=0 ten=1 ard=28871 ardb=23364
ADD t=251516025000 ly=0 ten=1 ard=32767 ardb=-13345
ADD t=251519865000 ly=0 ten=1 ard=10977 ardb=-6231
ADD t=251523705000 ly=0 ten=1 ard=-21828 ardb=-2863
ADD t=251527545000 ly=0 ten=1 ard=-12568 ardb=22588
ADD t=251531385000 ly=0 ten=1 ard=32762 ardb=-8463
ADD t=251535225000 ly=0 ten=1 ard=32764 ardb=-22425
ADD t=251539065000 ly=0 ten=1 ard=24043 ardb=-15042
LNV t=251552375000 acc=64590381410 var=1009224709 mu=1785
LNO t=251553645000 ly=1 ten=0 ard=32767 mu=1785 sc=22463 q=22
LNV t=251632995000 acc=63254289844 var=988348278 mu=336
LNO t=251634265000 ly=1 ten=0 ard=19422 mu=336 sc=22230 q=13
LNV t=251713615000 acc=78168255346 var=1221378989 mu=-902
LNO t=251714885000 ly=1 ten=0 ard=4746 mu=-902 sc=24712 q=3
LNV t=251794235000 acc=69008430649 var=1078256728 mu=743
LNO t=251795505000 ly=1 ten=0 ard=-24691 mu=743 sc=23219 q=-18
LNV t=251874855000 acc=66893345758 var=1045208527 mu=-5
LNO t=251876125000 ly=1 ten=0 ard=10020 mu=-5 sc=22860 q=7
LNV t=251955475000 acc=70385749447 var=1099777335 mu=1067
LNO t=251956745000 ly=1 ten=0 ard=24299 mu=1067 sc=23449 q=15
LNV t=252036095000 acc=69367164335 var=1083861942 mu=4351
LNO t=252037365000 ly=1 ten=0 ard=10339 mu=4351 sc=23279 q=4
LNV t=252116715000 acc=71128748715 var=1111386698 mu=402
LNO t=252117985000 ly=1 ten=0 ard=9001 mu=402 sc=23573 q=5
MV0 t=252187875000 ly=1 ten_o=2 acc=0 dest=32768
MV0 t=252844515000 ly=1 ten_o=2 acc=0 dest=32896
MV0 t=253501155000 ly=1 ten_o=2 acc=0 dest=33024
MV0 t=254157795000 ly=1 ten_o=2 acc=0 dest=33152
MV0 t=254814435000 ly=1 ten_o=2 acc=0 dest=33280
MV0 t=255471075000 ly=1 ten_o=2 acc=0 dest=33408
MV0 t=256127715000 ly=1 ten_o=2 acc=0 dest=33536
MV0 t=256784355000 ly=1 ten_o=2 acc=0 dest=33664
MV0 t=257440995000 ly=1 ten_o=3 acc=0 dest=49152
MV0 t=258097635000 ly=1 ten_o=3 acc=0 dest=49280
MV0 t=258754275000 ly=1 ten_o=3 acc=0 dest=49408
MV0 t=259410915000 ly=1 ten_o=3 acc=0 dest=49536
MV0 t=260067555000 ly=1 ten_o=3 acc=0 dest=49664
MV0 t=260724195000 ly=1 ten_o=3 acc=0 dest=49792
MV0 t=261380835000 ly=1 ten_o=3 acc=0 dest=49920
MV0 t=262037475000 ly=1 ten_o=3 acc=0 dest=50048
MV0 t=262694115000 ly=1 ten_o=4 acc=0 dest=65536
MV0 t=263350755000 ly=1 ten_o=4 acc=0 dest=65664
MV0 t=264007395000 ly=1 ten_o=4 acc=0 dest=65792
MV0 t=264664035000 ly=1 ten_o=4 acc=0 dest=65920
MV0 t=265320675000 ly=1 ten_o=4 acc=0 dest=66048
MV0 t=265977315000 ly=1 ten_o=4 acc=0 dest=66176
MV0 t=266633955000 ly=1 ten_o=4 acc=0 dest=66304
MV0 t=267290595000 ly=1 ten_o=4 acc=0 dest=66432
ATTQK t=267947225000 ard=229 ardb=-173 qa=32768 ka=49152
ATTO t=267950355000 h=0 q=-1276 z=16 acc=-20416 dest=81920
ATTQK t=267968055000 ard=1083 ardb=-138 qa=32800 ka=49184
ATTO t=267971185000 h=1 q=22 z=16 acc=352 dest=81952
ATTQK t=267988885000 ard=349 ardb=870 qa=32832 ka=49216
ATTO t=267992015000 h=2 q=-45 z=16 acc=-720 dest=81984
ATTQK t=268009715000 ard=-611 ardb=602 qa=32864 ka=49248
ATTO t=268012845000 h=3 q=402 z=16 acc=6432 dest=82016
ATTQK t=268030545000 ard=692 ardb=-173 qa=32896 ka=49152
ATTO t=268035025000 h=0 q=-504 z=16 acc=-8064 dest=82048
ATTQK t=268053965000 ard=587 ardb=-138 qa=32928 ka=49184
ATTO t=268058445000 h=1 q=184 z=16 acc=2944 dest=82080
ATTQK t=268077385000 ard=-146 ardb=870 qa=32960 ka=49216
ATTO t=268081865000 h=2 q=-45 z=16 acc=-720 dest=82112
ATTQK t=268100805000 ard=547 ardb=602 qa=32992 ka=49248
ATTO t=268105285000 h=3 q=709 z=16 acc=11344 dest=82144
ATTQK t=268124225000 ard=-102 ardb=-173 qa=33024 ka=49152
ATTO t=268130055000 h=0 q=-1276 z=16 acc=-20416 dest=82176
ATTQK t=268150235000 ard=954 ardb=-138 qa=33056 ka=49184
ATTO t=268156065000 h=1 q=184 z=16 acc=2944 dest=82208
ATTQK t=268176245000 ard=-233 ardb=870 qa=33088 ka=49216
ATTO t=268182075000 h=2 q=-45 z=16 acc=-720 dest=82240
ATTQK t=268202255000 ard=101 ardb=602 qa=33120 ka=49248
ATTO t=268208085000 h=3 q=709 z=16 acc=11344 dest=82272
ATTQK t=268228265000 ard=-397 ardb=-173 qa=33152 ka=49152
ATTO t=268235445000 h=0 q=-784 z=16 acc=-12544 dest=82304
ATTQK t=268256865000 ard=473 ardb=-138 qa=33184 ka=49184
ATTO t=268264045000 h=1 q=676 z=16 acc=10816 dest=82336
ATTQK t=268285465000 ard=352 ardb=870 qa=33216 ka=49216
ATTO t=268292645000 h=2 q=-2062 z=16 acc=-32992 dest=82368
ATTQK t=268314065000 ard=666 ardb=602 qa=33248 ka=49248
ATTO t=268321245000 h=3 q=402 z=16 acc=6432 dest=82400
ATTQK t=268342665000 ard=-66 ardb=-173 qa=33280 ka=49152
ATTO t=268351195000 h=0 q=-1276 z=16 acc=-20416 dest=82432
ATTQK t=268373855000 ard=751 ardb=-138 qa=33312 ka=49184
ATTO t=268382385000 h=1 q=676 z=16 acc=10816 dest=82464
ATTQK t=268405045000 ard=-639 ardb=870 qa=33344 ka=49216
ATTO t=268413575000 h=2 q=-45 z=16 acc=-720 dest=82496
ATTQK t=268436235000 ard=612 ardb=602 qa=33376 ka=49248
ATTO t=268444765000 h=3 q=402 z=16 acc=6432 dest=82528
ATTQK t=268467425000 ard=1351 ardb=-173 qa=33408 ka=49152
ATTO t=268477305000 h=0 q=-463 z=16 acc=-7408 dest=82560
ATTQK t=268501205000 ard=416 ardb=-138 qa=33440 ka=49184
ATTO t=268511085000 h=1 q=123 z=16 acc=1968 dest=82592
ATTQK t=268534985000 ard=-145 ardb=870 qa=33472 ka=49216
ATTO t=268544865000 h=2 q=-2062 z=16 acc=-32992 dest=82624
ATTQK t=268568765000 ard=657 ardb=602 qa=33504 ka=49248
ATTO t=268578645000 h=3 q=402 z=16 acc=6432 dest=82656
ATTQK t=268602545000 ard=461 ardb=-173 qa=33536 ka=49152
ATTO t=268613775000 h=0 q=-1276 z=16 acc=-20416 dest=82688
ATTQK t=268638915000 ard=290 ardb=-138 qa=33568 ka=49184
ATTO t=268650145000 h=1 q=22 z=16 acc=352 dest=82720
ATTQK t=268675285000 ard=-852 ardb=870 qa=33600 ka=49216
ATTO t=268686515000 h=2 q=-2073 z=16 acc=-33168 dest=82752
ATTQK t=268711655000 ard=-340 ardb=602 qa=33632 ka=49248
ATTO t=268722885000 h=3 q=709 z=16 acc=11344 dest=82784
ATTQK t=268748025000 ard=321 ardb=-173 qa=33664 ka=49152
ATTO t=268760605000 h=0 q=-463 z=16 acc=-7408 dest=82816
ATTQK t=268786985000 ard=-1502 ardb=-138 qa=33696 ka=49184
ATTO t=268799565000 h=1 q=184 z=16 acc=2944 dest=82848
ATTQK t=268825945000 ard=589 ardb=870 qa=33728 ka=49216
ATTO t=268838525000 h=2 q=-602 z=16 acc=-9632 dest=82880
ATTQK t=268864905000 ard=-1013 ardb=602 qa=33760 ka=49248
ATTO t=268877485000 h=3 q=663 z=16 acc=10608 dest=82912
MV0 t=268903875000 ly=1 ten_o=5 acc=0 dest=81920
MV0 t=269560515000 ly=1 ten_o=5 acc=0 dest=82048
MV0 t=270217155000 ly=1 ten_o=5 acc=0 dest=82176
MV0 t=270873795000 ly=1 ten_o=5 acc=0 dest=82304
MV0 t=271530435000 ly=1 ten_o=5 acc=0 dest=82432
MV0 t=272187075000 ly=1 ten_o=5 acc=0 dest=82560
MV0 t=272843715000 ly=1 ten_o=5 acc=0 dest=82688
MV0 t=273500355000 ly=1 ten_o=5 acc=0 dest=82816
ADD t=274156985000 ly=1 ten=0 ard=32767 ardb=32767
ADD t=274160825000 ly=1 ten=0 ard=19422 ardb=14683
ADD t=274164665000 ly=1 ten=0 ard=4746 ardb=32767
ADD t=274168505000 ly=1 ten=0 ard=-24691 ardb=16275
ADD t=274172345000 ly=1 ten=0 ard=10020 ardb=32767
ADD t=274176185000 ly=1 ten=0 ard=24299 ardb=32767
ADD t=274180025000 ly=1 ten=0 ard=10339 ardb=32767
ADD t=274183865000 ly=1 ten=0 ard=9001 ardb=25900
LNV t=274197175000 acc=69300548030 var=1082821062 mu=-346
LNO t=274198445000 ly=1 ten=6 ard=32767 mu=-346 sc=23268 q=22
LNV t=274277795000 acc=66221631402 var=1034712990 mu=-2200
LNO t=274279065000 ly=1 ten=6 ard=32767 mu=-2200 sc=22745 q=24
LNV t=274358415000 acc=74707688680 var=1167307635 mu=-2872
LNO t=274359685000 ly=1 ten=6 ard=32767 mu=-2872 sc=24158 q=23
LNV t=274439035000 acc=73842291090 var=1153785798 mu=217
LNO t=274440305000 ly=1 ten=6 ard=-8416 mu=217 sc=24018 q=-6
LNV t=274519655000 acc=65568861443 var=1024513460 mu=-1251
LNO t=274520925000 ly=1 ten=6 ard=32767 mu=-1251 sc=22633 q=24
LNV t=274600275000 acc=69194691603 var=1081167056 mu=937
LNO t=274601545000 ly=1 ten=6 ard=32767 mu=937 sc=23250 q=21
LNV t=274680895000 acc=75919587294 var=1186243551 mu=2103
LNO t=274682165000 ly=1 ten=6 ard=32767 mu=2103 sc=24354 q=20
LNV t=274761515000 acc=80003712396 var=1250058006 mu=2311
LNO t=274762785000 ly=1 ten=6 ard=32767 mu=2311 sc=25000 q=19
MV0 t=274832675000 ly=1 ten_o=0 acc=0 dest=0
MV0 t=276145955000 ly=1 ten_o=0 acc=0 dest=128
MV0 t=277459235000 ly=1 ten_o=0 acc=0 dest=256
MV0 t=278772515000 ly=1 ten_o=0 acc=0 dest=384
MV0 t=280085795000 ly=1 ten_o=0 acc=0 dest=512
MV0 t=281399075000 ly=1 ten_o=0 acc=0 dest=640
MV0 t=282712355000 ly=1 ten_o=0 acc=0 dest=768
MV0 t=284025635000 ly=1 ten_o=0 acc=0 dest=896
MV0 t=285338915000 ly=1 ten_o=6 acc=0 dest=98304
MV0 t=286650915000 ly=1 ten_o=6 acc=0 dest=98432
MV0 t=287962915000 ly=1 ten_o=6 acc=0 dest=98560
MV0 t=289274915000 ly=1 ten_o=6 acc=0 dest=98688
MV0 t=290586915000 ly=1 ten_o=6 acc=0 dest=98816
MV0 t=291898915000 ly=1 ten_o=6 acc=0 dest=98944
MV0 t=293210915000 ly=1 ten_o=6 acc=0 dest=99072
MV0 t=294522915000 ly=1 ten_o=6 acc=0 dest=99200
ADD t=295834905000 ly=1 ten=1 ard=32767 ardb=12908
ADD t=295838745000 ly=1 ten=1 ard=32767 ardb=-614
ADD t=295842585000 ly=1 ten=1 ard=32767 ardb=13549
ADD t=295846425000 ly=1 ten=1 ard=-8416 ardb=-19152
ADD t=295850265000 ly=1 ten=1 ard=32767 ardb=-15256
ADD t=295854105000 ly=1 ten=1 ard=32767 ardb=-8786
ADD t=295857945000 ly=1 ten=1 ard=32767 ardb=-32768
ADD t=295861785000 ly=1 ten=1 ard=32767 ardb=-16395
LNV t=295875095000 acc=88454014337 var=1382093974 mu=1710
LNO t=295876365000 ly=2 ten=0 ard=32767 mu=1710 sc=26287 q=18
LNV t=295955715000 acc=76121353639 var=1189396150 mu=-240
LNO t=295956985000 ly=2 ten=0 ard=32153 mu=-240 sc=24386 q=21
LNV t=296036335000 acc=75403047537 var=1178172617 mu=-2080
LNO t=296037605000 ly=2 ten=0 ard=32767 mu=-2080 sc=24271 q=22
LNV t=296116955000 acc=77410715142 var=1209542424 mu=747
LNO t=296118225000 ly=2 ten=0 ard=-27568 mu=747 sc=24592 q=-19
LNV t=296197575000 acc=68122089147 var=1064407642 mu=-2189
LNO t=296198845000 ly=2 ten=0 ard=17511 mu=-2189 sc=23069 q=13
LNV t=296278195000 acc=73547433913 var=1149178654 mu=826
LNO t=296279465000 ly=2 ten=0 ard=23981 mu=826 sc=23970 q=15
LNV t=296358815000 acc=79553518009 var=1243023718 mu=3701
LNO t=296360085000 ly=2 ten=0 ard=-1 mu=3701 sc=24930 q=-3
LNV t=296439435000 acc=80160672488 var=1252510507 mu=2747
LNO t=296440705000 ly=2 ten=0 ard=16372 mu=2747 sc=25025 q=8
MV0 t=296510595000 ly=2 ten_o=2 acc=0 dest=32768
MV0 t=297167235000 ly=2 ten_o=2 acc=0 dest=32896
MV0 t=297823875000 ly=2 ten_o=2 acc=0 dest=33024
MV0 t=298480515000 ly=2 ten_o=2 acc=0 dest=33152
MV0 t=299137155000 ly=2 ten_o=2 acc=0 dest=33280
MV0 t=299793795000 ly=2 ten_o=2 acc=0 dest=33408
MV0 t=300450435000 ly=2 ten_o=2 acc=0 dest=33536
MV0 t=301107075000 ly=2 ten_o=2 acc=0 dest=33664
MV0 t=301763715000 ly=2 ten_o=3 acc=0 dest=49152
MV0 t=302420355000 ly=2 ten_o=3 acc=0 dest=49280
MV0 t=303076995000 ly=2 ten_o=3 acc=0 dest=49408
MV0 t=303733635000 ly=2 ten_o=3 acc=0 dest=49536
MV0 t=304390275000 ly=2 ten_o=3 acc=0 dest=49664
MV0 t=305046915000 ly=2 ten_o=3 acc=0 dest=49792
MV0 t=305703555000 ly=2 ten_o=3 acc=0 dest=49920
MV0 t=306360195000 ly=2 ten_o=3 acc=0 dest=50048
MV0 t=307016835000 ly=2 ten_o=4 acc=0 dest=65536
MV0 t=307673475000 ly=2 ten_o=4 acc=0 dest=65664
MV0 t=308330115000 ly=2 ten_o=4 acc=0 dest=65792
MV0 t=308986755000 ly=2 ten_o=4 acc=0 dest=65920
MV0 t=309643395000 ly=2 ten_o=4 acc=0 dest=66048
MV0 t=310300035000 ly=2 ten_o=4 acc=0 dest=66176
MV0 t=310956675000 ly=2 ten_o=4 acc=0 dest=66304
MV0 t=311613315000 ly=2 ten_o=4 acc=0 dest=66432
ATTQK t=312269945000 ard=-634 ardb=-704 qa=32768 ka=49152
ATTO t=312273075000 h=0 q=-261 z=16 acc=-4176 dest=81920
ATTQK t=312290775000 ard=103 ardb=37 qa=32800 ka=49184
ATTO t=312293905000 h=1 q=-100 z=16 acc=-1600 dest=81952
ATTQK t=312311605000 ard=587 ardb=-1026 qa=32832 ka=49216
ATTO t=312314735000 h=2 q=440 z=16 acc=7040 dest=81984
ATTQK t=312332435000 ard=506 ardb=35 qa=32864 ka=49248
ATTO t=312335565000 h=3 q=250 z=16 acc=4000 dest=82016
ATTQK t=312353265000 ard=-1230 ardb=-704 qa=32896 ka=49152
ATTO t=312357745000 h=0 q=-261 z=16 acc=-4176 dest=82048
ATTQK t=312376685000 ard=224 ardb=37 qa=32928 ka=49184
ATTO t=312381165000 h=1 q=-960 z=16 acc=-15360 dest=82080
ATTQK t=312400105000 ard=343 ardb=-1026 qa=32960 ka=49216
ATTO t=312404585000 h=2 q=440 z=16 acc=7040 dest=82112
ATTQK t=312423525000 ard=530 ardb=35 qa=32992 ka=49248
ATTO t=312428005000 h=3 q=250 z=16 acc=4000 dest=82144
ATTQK t=312446945000 ard=380 ardb=-704 qa=33024 ka=49152
ATTO t=312452775000 h=0 q=-705 z=16 acc=-11280 dest=82176
ATTQK t=312472955000 ard=-9 ardb=37 qa=33056 ka=49184
ATTO t=312478785000 h=1 q=-1012 z=16 acc=-16192 dest=82208
ATTQK t=312498965000 ard=600 ardb=-1026 qa=33088 ka=49216
ATTO t=312504795000 h=2 q=695 z=16 acc=11120 dest=82240
ATTQK t=312524975000 ard=371 ardb=35 qa=33120 ka=49248
ATTO t=312530805000 h=3 q=-300 z=16 acc=-4800 dest=82272
ATTQK t=312550985000 ard=40 ardb=-704 qa=33152 ka=49152
ATTO t=312558165000 h=0 q=-673 z=16 acc=-10768 dest=82304
ATTQK t=312579585000 ard=103 ardb=37 qa=33184 ka=49184
ATTO t=312586765000 h=1 q=-1012 z=16 acc=-16192 dest=82336
ATTQK t=312608185000 ard=777 ardb=-1026 qa=33216 ka=49216
ATTO t=312615365000 h=2 q=159 z=16 acc=2544 dest=82368
ATTQK t=312636785000 ard=-388 ardb=35 qa=33248 ka=49248
ATTO t=312643965000 h=3 q=250 z=16 acc=4000 dest=82400
ATTQK t=312665385000 ard=-346 ardb=-704 qa=33280 ka=49152
ATTO t=312673915000 h=0 q=286 z=16 acc=4576 dest=82432
ATTQK t=312696575000 ard=499 ardb=37 qa=33312 ka=49184
ATTO t=312705105000 h=1 q=-1012 z=16 acc=-16192 dest=82464
ATTQK t=312727765000 ard=532 ardb=-1026 qa=33344 ka=49216
ATTO t=312736295000 h=2 q=-302 z=16 acc=-4832 dest=82496
ATTQK t=312758955000 ard=-203 ardb=35 qa=33376 ka=49248
ATTO t=312767485000 h=3 q=776 z=16 acc=12416 dest=82528
ATTQK t=312790145000 ard=-1487 ardb=-704 qa=33408 ka=49152
ATTO t=312800025000 h=0 q=-673 z=16 acc=-10768 dest=82560
ATTQK t=312823925000 ard=403 ardb=37 qa=33440 ka=49184
ATTO t=312833805000 h=1 q=-1012 z=16 acc=-16192 dest=82592
ATTQK t=312857705000 ard=308 ardb=-1026 qa=33472 ka=49216
ATTO t=312867585000 h=2 q=-15 z=16 acc=-240 dest=82624
ATTQK t=312891485000 ard=-163 ardb=35 qa=33504 ka=49248
ATTO t=312901365000 h=3 q=250 z=16 acc=4000 dest=82656
ATTQK t=312925265000 ard=62 ardb=-704 qa=33536 ka=49152
ATTO t=312936495000 h=0 q=859 z=16 acc=13744 dest=82688
ATTQK t=312961635000 ard=-64 ardb=37 qa=33568 ka=49184
ATTO t=312972865000 h=1 q=-1012 z=16 acc=-16192 dest=82720
ATTQK t=312998005000 ard=480 ardb=-1026 qa=33600 ka=49216
ATTO t=313009235000 h=2 q=-15 z=16 acc=-240 dest=82752
ATTQK t=313034375000 ard=512 ardb=35 qa=33632 ka=49248
ATTO t=313045605000 h=3 q=776 z=16 acc=12416 dest=82784
ATTQK t=313070745000 ard=934 ardb=-704 qa=33664 ka=49152
ATTO t=313083325000 h=0 q=-1035 z=16 acc=-16560 dest=82816
ATTQK t=313109705000 ard=-1185 ardb=37 qa=33696 ka=49184
ATTO t=313122285000 h=1 q=-912 z=16 acc=-14592 dest=82848
ATTQK t=313148665000 ard=652 ardb=-1026 qa=33728 ka=49216
ATTO t=313161245000 h=2 q=188 z=16 acc=3008 dest=82880
ATTQK t=313187625000 ard=327 ardb=35 qa=33760 ka=49248
ATTO t=313200205000 h=3 q=360 z=16 acc=5760 dest=82912
MV0 t=313226595000 ly=2 ten_o=5 acc=0 dest=81920
MV0 t=313883235000 ly=2 ten_o=5 acc=0 dest=82048
MV0 t=314539875000 ly=2 ten_o=5 acc=0 dest=82176
MV0 t=315196515000 ly=2 ten_o=5 acc=0 dest=82304
MV0 t=315853155000 ly=2 ten_o=5 acc=0 dest=82432
MV0 t=316509795000 ly=2 ten_o=5 acc=0 dest=82560
MV0 t=317166435000 ly=2 ten_o=5 acc=0 dest=82688
MV0 t=317823075000 ly=2 ten_o=5 acc=0 dest=82816
ADD t=318479705000 ly=2 ten=0 ard=32767 ardb=3957
ADD t=318483545000 ly=2 ten=0 ard=32153 ardb=30828
ADD t=318487385000 ly=2 ten=0 ard=32767 ardb=9894
ADD t=318491225000 ly=2 ten=0 ard=-27568 ardb=32767
ADD t=318495065000 ly=2 ten=0 ard=17511 ardb=-12297
ADD t=318498905000 ly=2 ten=0 ard=23981 ardb=32767
ADD t=318502745000 ly=2 ten=0 ard=-1 ardb=-11384
ADD t=318506585000 ly=2 ten=0 ard=16372 ardb=32767
LNV t=318519895000 acc=76572183283 var=1196440363 mu=1118
LNO t=318521165000 ly=2 ten=6 ard=32767 mu=1118 sc=24458 q=20
LNV t=318600515000 acc=79676349225 var=1244942956 mu=-501
LNO t=318601785000 ly=2 ten=6 ard=32767 mu=-501 sc=24949 q=21
LNV t=318681135000 acc=67590909195 var=1056107956 mu=-3995
LNO t=318682405000 ly=2 ten=6 ard=32767 mu=-3995 sc=22979 q=25
LNV t=318761755000 acc=69687958689 var=1088874354 mu=-2029
LNO t=318763025000 ly=2 ten=6 ard=5199 mu=-2029 sc=23333 q=4
LNV t=318842375000 acc=59926241080 var=936347516 mu=-3652
LNO t=318843645000 ly=2 ten=6 ard=5214 mu=-3652 sc=21637 q=6
LNV t=318922995000 acc=78248369094 var=1222630767 mu=-2365
LNO t=318924265000 ly=2 ten=6 ard=32767 mu=-2365 sc=24724 q=22
LNV t=319003615000 acc=78514307453 var=1226786053 mu=609
LNO t=319004885000 ly=2 ten=6 ard=-11385 mu=609 sc=24766 q=-8
LNV t=319084235000 acc=68793326848 var=1074895732 mu=1421
LNO t=319085505000 ly=2 ten=6 ard=32767 mu=1421 sc=23182 q=21
MV0 t=319155395000 ly=2 ten_o=0 acc=0 dest=0
MV0 t=320468675000 ly=2 ten_o=0 acc=0 dest=128
MV0 t=321781955000 ly=2 ten_o=0 acc=0 dest=256
MV0 t=323095235000 ly=2 ten_o=0 acc=0 dest=384
MV0 t=324408515000 ly=2 ten_o=0 acc=0 dest=512
MV0 t=325721795000 ly=2 ten_o=0 acc=0 dest=640
MV0 t=327035075000 ly=2 ten_o=0 acc=0 dest=768
MV0 t=328348355000 ly=2 ten_o=0 acc=0 dest=896
MV0 t=329661635000 ly=2 ten_o=6 acc=0 dest=98304
MV0 t=330973635000 ly=2 ten_o=6 acc=0 dest=98432
MV0 t=332285635000 ly=2 ten_o=6 acc=0 dest=98560
MV0 t=333597635000 ly=2 ten_o=6 acc=0 dest=98688
MV0 t=334909635000 ly=2 ten_o=6 acc=0 dest=98816
MV0 t=336221635000 ly=2 ten_o=6 acc=0 dest=98944
MV0 t=337533635000 ly=2 ten_o=6 acc=0 dest=99072
MV0 t=338845635000 ly=2 ten_o=6 acc=0 dest=99200
ADD t=340157625000 ly=2 ten=1 ard=32767 ardb=-1344
ADD t=340161465000 ly=2 ten=1 ard=32767 ardb=-9946
ADD t=340165305000 ly=2 ten=1 ard=32767 ardb=-28974
ADD t=340169145000 ly=2 ten=1 ard=5199 ardb=-24426
ADD t=340172985000 ly=2 ten=1 ard=5214 ardb=16036
ADD t=340176825000 ly=2 ten=1 ard=32767 ardb=6670
ADD t=340180665000 ly=2 ten=1 ard=-11385 ardb=1703
ADD t=340184505000 ly=2 ten=1 ard=32767 ardb=-32768
LNV t=340197815000 acc=77562812133 var=1211918939 mu=1037
LNO t=340199085000 ly=3 ten=0 ard=31423 mu=1037 sc=24616 q=19
LNV t=340278435000 acc=70433426489 var=1100522288 mu=311
LNO t=340279705000 ly=3 ten=0 ard=22821 mu=311 sc=23457 q=15
LNV t=340359055000 acc=73036580402 var=1141196568 mu=-3991
LNO t=340360325000 ly=3 ten=0 ard=3793 mu=-3991 sc=23887 q=5
LNV t=340439675000 acc=70548265267 var=1102316644 mu=-1266
LNO t=340440945000 ly=3 ten=0 ard=-19227 mu=-1266 sc=23476 q=-13
LNV t=340520295000 acc=69061039086 var=1079078735 mu=-2779
LNO t=340521565000 ly=3 ten=0 ard=21250 mu=-2779 sc=23227 q=16
LNV t=340600915000 acc=73014404354 var=1140850068 mu=-3152
LNO t=340602185000 ly=3 ten=0 ard=32767 mu=-3152 sc=23883 q=24
LNV t=340681535000 acc=75205194770 var=1175081168 mu=-917
LNO t=340682805000 ly=3 ten=0 ard=-9682 mu=-917 sc=24239 q=-6
LNV t=340762155000 acc=71387670340 var=1115432349 mu=-1299
LNO t=340763425000 ly=3 ten=0 ard=-1 mu=-1299 sc=23616 q=0
MV0 t=340833315000 ly=3 ten_o=2 acc=0 dest=32768
MV0 t=341489955000 ly=3 ten_o=2 acc=0 dest=32896
MV0 t=342146595000 ly=3 ten_o=2 acc=0 dest=33024
MV0 t=342803235000 ly=3 ten_o=2 acc=0 dest=33152
MV0 t=343459875000 ly=3 ten_o=2 acc=0 dest=33280
MV0 t=344116515000 ly=3 ten_o=2 acc=0 dest=33408
MV0 t=344773155000 ly=3 ten_o=2 acc=0 dest=33536
MV0 t=345429795000 ly=3 ten_o=2 acc=0 dest=33664
MV0 t=346086435000 ly=3 ten_o=3 acc=0 dest=49152
MV0 t=346743075000 ly=3 ten_o=3 acc=0 dest=49280
MV0 t=347399715000 ly=3 ten_o=3 acc=0 dest=49408
MV0 t=348056355000 ly=3 ten_o=3 acc=0 dest=49536
MV0 t=348712995000 ly=3 ten_o=3 acc=0 dest=49664
MV0 t=349369635000 ly=3 ten_o=3 acc=0 dest=49792
MV0 t=350026275000 ly=3 ten_o=3 acc=0 dest=49920
MV0 t=350682915000 ly=3 ten_o=3 acc=0 dest=50048
MV0 t=351339555000 ly=3 ten_o=4 acc=0 dest=65536
MV0 t=351996195000 ly=3 ten_o=4 acc=0 dest=65664
MV0 t=352652835000 ly=3 ten_o=4 acc=0 dest=65792
MV0 t=353309475000 ly=3 ten_o=4 acc=0 dest=65920
MV0 t=353966115000 ly=3 ten_o=4 acc=0 dest=66048
MV0 t=354622755000 ly=3 ten_o=4 acc=0 dest=66176
MV0 t=355279395000 ly=3 ten_o=4 acc=0 dest=66304
MV0 t=355936035000 ly=3 ten_o=4 acc=0 dest=66432
ATTQK t=356592665000 ard=504 ardb=-852 qa=32768 ka=49152
ATTO t=356595795000 h=0 q=24 z=16 acc=384 dest=81920
ATTQK t=356613495000 ard=477 ardb=-330 qa=32800 ka=49184
ATTO t=356616625000 h=1 q=756 z=16 acc=12096 dest=81952
ATTQK t=356634325000 ard=723 ardb=-310 qa=32832 ka=49216
ATTO t=356637455000 h=2 q=-90 z=16 acc=-1440 dest=81984
ATTQK t=356655155000 ard=103 ardb=-268 qa=32864 ka=49248
ATTO t=356658285000 h=3 q=301 z=16 acc=4816 dest=82016
ATTQK t=356675985000 ard=-263 ardb=-852 qa=32896 ka=49152
ATTO t=356680465000 h=0 q=24 z=16 acc=384 dest=82048
ATTQK t=356699405000 ard=1008 ardb=-330 qa=32928 ka=49184
ATTO t=356703885000 h=1 q=1268 z=16 acc=20288 dest=82080
ATTQK t=356722825000 ard=148 ardb=-310 qa=32960 ka=49216
ATTO t=356727305000 h=2 q=122 z=16 acc=1952 dest=82112
ATTQK t=356746245000 ard=380 ardb=-268 qa=32992 ka=49248
ATTO t=356750725000 h=3 q=622 z=16 acc=9952 dest=82144
ATTQK t=356769665000 ard=-303 ardb=-852 qa=33024 ka=49152
ATTO t=356775495000 h=0 q=196 z=16 acc=3136 dest=82176
ATTQK t=356795675000 ard=1558 ardb=-330 qa=33056 ka=49184
ATTO t=356801505000 h=1 q=1268 z=16 acc=20288 dest=82208
ATTQK t=356821685000 ard=-486 ardb=-310 qa=33088 ka=49216
ATTO t=356827515000 h=2 q=-90 z=16 acc=-1440 dest=82240
ATTQK t=356847695000 ard=810 ardb=-268 qa=33120 ka=49248
ATTO t=356853525000 h=3 q=622 z=16 acc=9952 dest=82272
ATTQK t=356873705000 ard=-735 ardb=-852 qa=33152 ka=49152
ATTO t=356880885000 h=0 q=24 z=16 acc=384 dest=82304
ATTQK t=356902305000 ard=710 ardb=-330 qa=33184 ka=49184
ATTO t=356909485000 h=1 q=1268 z=16 acc=20288 dest=82336
ATTQK t=356930905000 ard=832 ardb=-310 qa=33216 ka=49216
ATTO t=356938085000 h=2 q=639 z=16 acc=10224 dest=82368
ATTQK t=356959505000 ard=439 ardb=-268 qa=33248 ka=49248
ATTO t=356966685000 h=3 q=622 z=16 acc=9952 dest=82400
ATTQK t=356988105000 ard=-240 ardb=-852 qa=33280 ka=49152
ATTO t=356996635000 h=0 q=196 z=16 acc=3136 dest=82432
ATTQK t=357019295000 ard=-226 ardb=-330 qa=33312 ka=49184
ATTO t=357027825000 h=1 q=75 z=16 acc=1200 dest=82464
ATTQK t=357050485000 ard=511 ardb=-310 qa=33344 ka=49216
ATTO t=357059015000 h=2 q=122 z=16 acc=1952 dest=82496
ATTQK t=357081675000 ard=406 ardb=-268 qa=33376 ka=49248
ATTO t=357090205000 h=3 q=14 z=16 acc=224 dest=82528
ATTQK t=357112865000 ard=430 ardb=-852 qa=33408 ka=49152
ATTO t=357122745000 h=0 q=24 z=16 acc=384 dest=82560
ATTQK t=357146645000 ard=574 ardb=-330 qa=33440 ka=49184
ATTO t=357156525000 h=1 q=756 z=16 acc=12096 dest=82592
ATTQK t=357180425000 ard=352 ardb=-310 qa=33472 ka=49216
ATTO t=357190305000 h=2 q=122 z=16 acc=1952 dest=82624
ATTQK t=357214205000 ard=-178 ardb=-268 qa=33504 ka=49248
ATTO t=357224085000 h=3 q=301 z=16 acc=4816 dest=82656
ATTQK t=357247985000 ard=533 ardb=-852 qa=33536 ka=49152
ATTO t=357259215000 h=0 q=926 z=16 acc=14816 dest=82688
ATTQK t=357284355000 ard=984 ardb=-330 qa=33568 ka=49184
ATTO t=357295585000 h=1 q=756 z=16 acc=12096 dest=82720
ATTQK t=357320725000 ard=703 ardb=-310 qa=33600 ka=49216
ATTO t=357331955000 h=2 q=639 z=16 acc=10224 dest=82752
ATTQK t=357357095000 ard=-546 ardb=-268 qa=33632 ka=49248
ATTO t=357368325000 h=3 q=1023 z=16 acc=16368 dest=82784
ATTQK t=357393465000 ard=-346 ardb=-852 qa=33664 ka=49152
ATTO t=357406045000 h=0 q=435 z=16 acc=6960 dest=82816
ATTQK t=357432425000 ard=277 ardb=-330 qa=33696 ka=49184
ATTO t=357445005000 h=1 q=742 z=16 acc=11872 dest=82848
ATTQK t=357471385000 ard=743 ardb=-310 qa=33728 ka=49216
ATTO t=357483965000 h=2 q=-117 z=16 acc=-1872 dest=82880
ATTQK t=357510345000 ard=173 ardb=-268 qa=33760 ka=49248
ATTO t=357522925000 h=3 q=1023 z=16 acc=16368 dest=82912
MV0 t=357549315000 ly=3 ten_o=5 acc=0 dest=81920
MV0 t=358205955000 ly=3 ten_o=5 acc=0 dest=82048
MV0 t=358862595000 ly=3 ten_o=5 acc=0 dest=82176
MV0 t=359519235000 ly=3 ten_o=5 acc=0 dest=82304
MV0 t=360175875000 ly=3 ten_o=5 acc=0 dest=82432
MV0 t=360832515000 ly=3 ten_o=5 acc=0 dest=82560
MV0 t=361489155000 ly=3 ten_o=5 acc=0 dest=82688
MV0 t=362145795000 ly=3 ten_o=5 acc=0 dest=82816
ADD t=362802425000 ly=3 ten=0 ard=31423 ardb=32767
ADD t=362806265000 ly=3 ten=0 ard=22821 ardb=32767
ADD t=362810105000 ly=3 ten=0 ard=3793 ardb=11710
ADD t=362813945000 ly=3 ten=0 ard=-19227 ardb=32767
ADD t=362817785000 ly=3 ten=0 ard=21250 ardb=4647
ADD t=362821625000 ly=3 ten=0 ard=32767 ardb=32767
ADD t=362825465000 ly=3 ten=0 ard=-9682 ardb=-3710
ADD t=362829305000 ly=3 ten=0 ard=-1 ardb=-32768
LNV t=362842615000 acc=71138245583 var=1111535087 mu=1505
LNO t=362843885000 ly=3 ten=6 ard=32767 mu=1505 sc=23574 q=21
LNV t=362923235000 acc=76441461252 var=1194397832 mu=2458
LNO t=362924505000 ly=3 ten=6 ard=32767 mu=2458 sc=24437 q=19
LNV t=363003855000 acc=71237179326 var=1113080926 mu=-2648
LNO t=363005125000 ly=3 ten=6 ard=15503 mu=-2648 sc=23591 q=12
LNV t=363084475000 acc=75920689391 var=1186260771 mu=-786
LNO t=363085745000 ly=3 ten=6 ard=13540 mu=-786 sc=24354 q=9
LNV t=363165095000 acc=67277326777 var=1051208230 mu=-647
LNO t=363166365000 ly=3 ten=6 ard=25897 mu=-647 sc=22926 q=18
LNV t=363245715000 acc=73322986856 var=1145671669 mu=-387
LNO t=363246985000 ly=3 ten=6 ard=32767 mu=-387 sc=23933 q=22
LNV t=363326335000 acc=71772162539 var=1121440039 mu=500
LNO t=363327605000 ly=3 ten=6 ard=-13392 mu=500 sc=23679 q=-10
LNV t=363406955000 acc=88816049092 var=1387750767 mu=-2146
LNO t=363408225000 ly=3 ten=6 ard=-32768 mu=-2146 sc=26341 q=-19
MV0 t=363478115000 ly=3 ten_o=0 acc=0 dest=0
MV0 t=364791395000 ly=3 ten_o=0 acc=0 dest=128
MV0 t=366104675000 ly=3 ten_o=0 acc=0 dest=256
MV0 t=367417955000 ly=3 ten_o=0 acc=0 dest=384
MV0 t=368731235000 ly=3 ten_o=0 acc=0 dest=512
MV0 t=370044515000 ly=3 ten_o=0 acc=0 dest=640
MV0 t=371357795000 ly=3 ten_o=0 acc=0 dest=768
MV0 t=372671075000 ly=3 ten_o=0 acc=0 dest=896
MV0 t=373984355000 ly=3 ten_o=6 acc=0 dest=98304
MV0 t=375296355000 ly=3 ten_o=6 acc=0 dest=98432
MV0 t=376608355000 ly=3 ten_o=6 acc=0 dest=98560
MV0 t=377920355000 ly=3 ten_o=6 acc=0 dest=98688
MV0 t=379232355000 ly=3 ten_o=6 acc=0 dest=98816
MV0 t=380544355000 ly=3 ten_o=6 acc=0 dest=98944
MV0 t=381856355000 ly=3 ten_o=6 acc=0 dest=99072
MV0 t=383168355000 ly=3 ten_o=6 acc=0 dest=99200
ADD t=384480345000 ly=3 ten=1 ard=32767 ardb=-5487
ADD t=384484185000 ly=3 ten=1 ard=32767 ardb=18349
ADD t=384488025000 ly=3 ten=1 ard=15503 ardb=1441
ADD t=384491865000 ly=3 ten=1 ard=13540 ardb=-26638
ADD t=384495705000 ly=3 ten=1 ard=25897 ardb=-17869
ADD t=384499545000 ly=3 ten=1 ard=32767 ardb=-21336
ADD t=384503385000 ly=3 ten=1 ard=-13392 ardb=18687
ADD t=384507225000 ly=3 ten=1 ard=-32768 ardb=12221
HEAD t=384511065000 col=0 wrd=6 ard=-20547 waddr=671744 aaddr=896 acc=0
MV0 t=384511075000 ly=3 ten_o=7 acc=0 dest=115584
HEAD t=384511105000 col=1 wrd=6 ard=-32768 waddr=671745 aaddr=897 acc=-123282
SMX t=389764165000 logit0=132806
CFRAME C10 UNREL OUT=861 TOPK=0f0e0d0c0b0a0908
EMB_POS t=390746315000 dim=0 wrd=-3 awd=-3
EMB_POS t=390746345000 dim=1 wrd=3 awd=3
EMB_TOK t=390777035000 dim=0 wrd=6 ard=-3 awd=3
EMB_TOK t=390777065000 dim=1 wrd=3 ard=3 awd=6
LNV t=390817225000 acc=2554 var=39 mu=-1
LNO t=390818495000 ly=0 ten=0 ard=3 mu=-1 sc=4 q=16
LNV t=390897845000 acc=2138 var=33 mu=0
LNO t=390899115000 ly=0 ten=0 ard=-5 mu=0 sc=4 q=-20
LNV t=390978465000 acc=2837 var=44 mu=-1
LNO t=390979735000 ly=0 ten=0 ard=-8 mu=-1 sc=4 q=-28
LNV t=391059085000 acc=2492 var=38 mu=0
LNO t=391060355000 ly=0 ten=0 ard=-7 mu=0 sc=4 q=-28
LNV t=391139705000 acc=2345 var=36 mu=0
LNO t=391140975000 ly=0 ten=0 ard=3 mu=0 sc=4 q=12
LNV t=391220325000 acc=2349 var=36 mu=-1
LNO t=391221595000 ly=0 ten=0 ard=5 mu=-1 sc=4 q=24
LNV t=391300945000 acc=2318 var=36 mu=-1
LNO t=391302215000 ly=0 ten=0 ard=-2 mu=-1 sc=4 q=-4
LNV t=391381565000 acc=2256 var=35 mu=0
LNO t=391382835000 ly=0 ten=0 ard=-3 mu=0 sc=4 q=-12
MV0 t=391452725000 ly=0 ten_o=2 acc=0 dest=32768
MV0 t=392109365000 ly=0 ten_o=2 acc=0 dest=32896
MV0 t=392766005000 ly=0 ten_o=2 acc=0 dest=33024
MV0 t=393422645000 ly=0 ten_o=2 acc=0 dest=33152
MV0 t=394079285000 ly=0 ten_o=2 acc=0 dest=33280
MV0 t=394735925000 ly=0 ten_o=2 acc=0 dest=33408
MV0 t=395392565000 ly=0 ten_o=2 acc=0 dest=33536
MV0 t=396049205000 ly=0 ten_o=2 acc=0 dest=33664
MV0 t=396705845000 ly=0 ten_o=3 acc=0 dest=49152
MV0 t=397362485000 ly=0 ten_o=3 acc=0 dest=49280
MV0 t=398019125000 ly=0 ten_o=3 acc=0 dest=49408
MV0 t=398675765000 ly=0 ten_o=3 acc=0 dest=49536
MV0 t=399332405000 ly=0 ten_o=3 acc=0 dest=49664
MV0 t=399989045000 ly=0 ten_o=3 acc=0 dest=49792
MV0 t=400645685000 ly=0 ten_o=3 acc=0 dest=49920
MV0 t=401302325000 ly=0 ten_o=3 acc=0 dest=50048
MV0 t=401958965000 ly=0 ten_o=4 acc=0 dest=65536
MV0 t=402615605000 ly=0 ten_o=4 acc=0 dest=65664
MV0 t=403272245000 ly=0 ten_o=4 acc=0 dest=65792
MV0 t=403928885000 ly=0 ten_o=4 acc=0 dest=65920
MV0 t=404585525000 ly=0 ten_o=4 acc=0 dest=66048
MV0 t=405242165000 ly=0 ten_o=4 acc=0 dest=66176
MV0 t=405898805000 ly=0 ten_o=4 acc=0 dest=66304
MV0 t=406555445000 ly=0 ten_o=4 acc=0 dest=66432
ATTQK t=407212075000 ard=140 ardb=96 qa=32768 ka=49152
ATTO t=407215205000 h=0 q=-1256 z=16 acc=-20096 dest=81920
ATTQK t=407232905000 ard=764 ardb=-1408 qa=32800 ka=49184
ATTO t=407236035000 h=1 q=-12 z=16 acc=-192 dest=81952
ATTQK t=407253735000 ard=-244 ardb=4 qa=32832 ka=49216
ATTO t=407256865000 h=2 q=168 z=16 acc=2688 dest=81984
ATTQK t=407274565000 ard=108 ardb=396 qa=32864 ka=49248
ATTO t=407277695000 h=3 q=684 z=16 acc=10944 dest=82016
ATTQK t=407295395000 ard=-584 ardb=96 qa=32896 ka=49152
ATTO t=407299875000 h=0 q=48 z=16 acc=768 dest=82048
ATTQK t=407318815000 ard=204 ardb=-1408 qa=32928 ka=49184
ATTO t=407323295000 h=1 q=504 z=16 acc=8064 dest=82080
ATTQK t=407342235000 ard=-244 ardb=4 qa=32960 ka=49216
ATTO t=407346715000 h=2 q=-184 z=16 acc=-2944 dest=82112
ATTQK t=407365655000 ard=-172 ardb=396 qa=32992 ka=49248
ATTO t=407370135000 h=3 q=684 z=16 acc=10944 dest=82144
ATTQK t=407389075000 ard=1480 ardb=96 qa=33024 ka=49152
ATTO t=407394905000 h=0 q=840 z=16 acc=13440 dest=82176
ATTQK t=407415085000 ard=220 ardb=-1408 qa=33056 ka=49184
ATTO t=407420915000 h=1 q=-1416 z=16 acc=-22656 dest=82208
ATTQK t=407441095000 ard=-652 ardb=4 qa=33088 ka=49216
ATTO t=407446925000 h=2 q=452 z=16 acc=7232 dest=82240
ATTQK t=407467105000 ard=280 ardb=396 qa=33120 ka=49248
ATTO t=407472935000 h=3 q=316 z=16 acc=5056 dest=82272
ATTQK t=407493115000 ard=-448 ardb=96 qa=33152 ka=49152
ATTO t=407500295000 h=0 q=-1256 z=16 acc=-20096 dest=82304
ATTQK t=407521715000 ard=524 ardb=-1408 qa=33184 ka=49184
ATTO t=407528895000 h=1 q=-1416 z=16 acc=-22656 dest=82336
ATTQK t=407550315000 ard=-580 ardb=4 qa=33216 ka=49216
ATTO t=407557495000 h=2 q=-184 z=16 acc=-2944 dest=82368
ATTQK t=407578915000 ard=-396 ardb=396 qa=33248 ka=49248
ATTO t=407586095000 h=3 q=604 z=16 acc=9664 dest=82400
ATTQK t=407607515000 ard=-924 ardb=96 qa=33280 ka=49152
ATTO t=407616045000 h=0 q=840 z=16 acc=13440 dest=82432
ATTQK t=407638705000 ard=-516 ardb=-1408 qa=33312 ka=49184
ATTO t=407647235000 h=1 q=116 z=16 acc=1856 dest=82464
ATTQK t=407669895000 ard=-8 ardb=4 qa=33344 ka=49216
ATTO t=407678425000 h=2 q=-120 z=16 acc=-1920 dest=82496
ATTQK t=407701085000 ard=352 ardb=396 qa=33376 ka=49248
ATTO t=407709615000 h=3 q=-120 z=16 acc=-1920 dest=82528
ATTQK t=407732275000 ard=476 ardb=96 qa=33408 ka=49152
ATTO t=407742155000 h=0 q=-184 z=16 acc=-2944 dest=82560
ATTQK t=407766055000 ard=-124 ardb=-1408 qa=33440 ka=49184
ATTO t=407775935000 h=1 q=-1416 z=16 acc=-22656 dest=82592
ATTQK t=407799835000 ard=-144 ardb=4 qa=33472 ka=49216
ATTO t=407809715000 h=2 q=168 z=16 acc=2688 dest=82624
ATTQK t=407833615000 ard=-868 ardb=396 qa=33504 ka=49248
ATTO t=407843495000 h=3 q=-120 z=16 acc=-1920 dest=82656
ATTQK t=407867395000 ard=600 ardb=96 qa=33536 ka=49152
ATTO t=407878625000 h=0 q=84 z=16 acc=1344 dest=82688
ATTQK t=407903765000 ard=88 ardb=-1408 qa=33568 ka=49184
ATTO t=407914995000 h=1 q=116 z=16 acc=1856 dest=82720
ATTQK t=407940135000 ard=12 ardb=4 qa=33600 ka=49216
ATTO t=407951365000 h=2 q=-120 z=16 acc=-1920 dest=82752
ATTQK t=407976505000 ard=-668 ardb=396 qa=33632 ka=49248
ATTO t=407987735000 h=3 q=-8 z=16 acc=-128 dest=82784
ATTQK t=408012875000 ard=-540 ardb=96 qa=33664 ka=49152
ATTO t=408025455000 h=0 q=-1256 z=16 acc=-20096 dest=82816
ATTQK t=408051835000 ard=212 ardb=-1408 qa=33696 ka=49184
ATTO t=408064415000 h=1 q=632 z=16 acc=10112 dest=82848
ATTQK t=408090795000 ard=1264 ardb=4 qa=33728 ka=49216
ATTO t=408103375000 h=2 q=696 z=16 acc=11136 dest=82880
ATTQK t=408129755000 ard=992 ardb=396 qa=33760 ka=49248
ATTO t=408142335000 h=3 q=172 z=16 acc=2752 dest=82912
MV0 t=408168725000 ly=0 ten_o=5 acc=0 dest=81920
MV0 t=408825365000 ly=0 ten_o=5 acc=0 dest=82048
MV0 t=409482005000 ly=0 ten_o=5 acc=0 dest=82176
MV0 t=410138645000 ly=0 ten_o=5 acc=0 dest=82304
MV0 t=410795285000 ly=0 ten_o=5 acc=0 dest=82432
MV0 t=411451925000 ly=0 ten_o=5 acc=0 dest=82560
MV0 t=412108565000 ly=0 ten_o=5 acc=0 dest=82688
MV0 t=412765205000 ly=0 ten_o=5 acc=0 dest=82816
ADD t=413421835000 ly=0 ten=0 ard=3 ardb=20096
ADD t=413425675000 ly=0 ten=0 ard=-5 ardb=18096
ADD t=413429515000 ly=0 ten=0 ard=-8 ardb=-10724
ADD t=413433355000 ly=0 ten=0 ard=-7 ardb=-2364
ADD t=413437195000 ly=0 ten=0 ard=3 ardb=1480
ADD t=413441035000 ly=0 ten=0 ard=5 ardb=20828
ADD t=413444875000 ly=0 ten=0 ard=-2 ardb=17120
ADD t=413448715000 ly=0 ten=0 ard=-3 ardb=-32768
LNV t=413462025000 acc=73821434242 var=1153459910 mu=1723
LNO t=413463295000 ly=0 ten=6 ard=20099 mu=1723 sc=24015 q=12
LNV t=413542645000 acc=65642080718 var=1025657511 mu=414
LNO t=413543915000 ly=0 ten=6 ard=18091 mu=414 sc=22645 q=12
LNV t=413623265000 acc=73098331385 var=1142161427 mu=3046
LNO t=413624535000 ly=0 ten=6 ard=-10732 mu=3046 sc=23897 q=-10
LNV t=413703885000 acc=70208617281 var=1097009645 mu=-772
LNO t=413705155000 ly=0 ten=6 ard=-2371 mu=-772 sc=23420 q=-2
LNV t=413784505000 acc=58176861179 var=909013455 mu=456
LNO t=413785775000 ly=0 ten=6 ard=1483 mu=456 sc=21319 q=0
LNV t=413865125000 acc=69001615771 var=1078150246 mu=3770
LNO t=413866395000 ly=0 ten=6 ard=20833 mu=3770 sc=23217 q=11
LNV t=413945745000 acc=65767414177 var=1027615846 mu=-4158
LNO t=413947015000 ly=0 ten=6 ard=17118 mu=-4158 sc=22667 q=15
LNV t=414026365000 acc=65652014738 var=1025812730 mu=-581
LNO t=414027635000 ly=0 ten=6 ard=-32768 mu=-581 sc=22647 q=-23
MV0 t=414097525000 ly=0 ten_o=0 acc=0 dest=0
MV0 t=415410805000 ly=0 ten_o=0 acc=0 dest=128
MV0 t=416724085000 ly=0 ten_o=0 acc=0 dest=256
MV0 t=418037365000 ly=0 ten_o=0 acc=0 dest=384
MV0 t=419350645000 ly=0 ten_o=0 acc=0 dest=512
MV0 t=420663925000 ly=0 ten_o=0 acc=0 dest=640
MV0 t=421977205000 ly=0 ten_o=0 acc=0 dest=768
MV0 t=423290485000 ly=0 ten_o=0 acc=0 dest=896
MV0 t=424603765000 ly=0 ten_o=6 acc=0 dest=98304
MV0 t=425915765000 ly=0 ten_o=6 acc=0 dest=98432
MV0 t=427227765000 ly=0 ten_o=6 acc=0 dest=98560
MV0 t=428539765000 ly=0 ten_o=6 acc=0 dest=98688
MV0 t=429851765000 ly=0 ten_o=6 acc=0 dest=98816
MV0 t=431163765000 ly=0 ten_o=6 acc=0 dest=98944
MV0 t=432475765000 ly=0 ten_o=6 acc=0 dest=99072
MV0 t=433787765000 ly=0 ten_o=6 acc=0 dest=99200
ADD t=435099755000 ly=0 ten=1 ard=20099 ardb=-5145
ADD t=435103595000 ly=0 ten=1 ard=18091 ardb=30356
ADD t=435107435000 ly=0 ten=1 ard=-10732 ardb=5318
ADD t=435111275000 ly=0 ten=1 ard=-2371 ardb=32767
ADD t=435115115000 ly=0 ten=1 ard=1483 ardb=32767
ADD t=435118955000 ly=0 ten=1 ard=20833 ardb=-7866
ADD t=435122795000 ly=0 ten=1 ard=17118 ardb=24301
ADD t=435126635000 ly=0 ten=1 ard=-32768 ardb=24065
LNV t=435139945000 acc=75939756812 var=1186558700 mu=1355
LNO t=435141215000 ly=1 ten=0 ard=14954 mu=1355 sc=24357 q=8
LNV t=435220565000 acc=76666657731 var=1197916527 mu=-30
LNO t=435221835000 ly=1 ten=0 ard=32767 mu=-30 sc=24473 q=21
LNV t=435301185000 acc=75109785164 var=1173590393 mu=3499
LNO t=435302455000 ly=1 ten=0 ard=-5414 mu=3499 sc=24223 q=-6
LNV t=435381805000 acc=76683848155 var=1198185127 mu=-195
LNO t=435383075000 ly=1 ten=0 ard=30396 mu=-195 sc=24476 q=19
LNV t=435462425000 acc=67268450165 var=1051069533 mu=2091
LNO t=435463695000 ly=1 ten=0 ard=32767 mu=2091 sc=22924 q=21
LNV t=435543045000 acc=71914032192 var=1123656753 mu=3258
LNO t=435544315000 ly=1 ten=0 ard=12967 mu=3258 sc=23702 q=6
LNV t=435623665000 acc=69761337525 var=1090020898 mu=-1645
LNO t=435624935000 ly=1 ten=0 ard=32767 mu=-1645 sc=23345 q=23
LNV t=435704285000 acc=74087395276 var=1157615551 mu=187
LNO t=435705555000 ly=1 ten=0 ard=-8703 mu=187 sc=24058 q=-6
MV0 t=435775445000 ly=1 ten_o=2 acc=0 dest=32768
MV0 t=436432085000 ly=1 ten_o=2 acc=0 dest=32896
MV0 t=437088725000 ly=1 ten_o=2 acc=0 dest=33024
MV0 t=437745365000 ly=1 ten_o=2 acc=0 dest=33152
MV0 t=438402005000 ly=1 ten_o=2 acc=0 dest=33280
MV0 t=439058645000 ly=1 ten_o=2 acc=0 dest=33408
MV0 t=439715285000 ly=1 ten_o=2 acc=0 dest=33536
MV0 t=440371925000 ly=1 ten_o=2 acc=0 dest=33664
MV0 t=441028565000 ly=1 ten_o=3 acc=0 dest=49152
MV0 t=441685205000 ly=1 ten_o=3 acc=0 dest=49280
MV0 t=442341845000 ly=1 ten_o=3 acc=0 dest=49408
MV0 t=442998485000 ly=1 ten_o=3 acc=0 dest=49536
MV0 t=443655125000 ly=1 ten_o=3 acc=0 dest=49664
MV0 t=444311765000 ly=1 ten_o=3 acc=0 dest=49792
MV0 t=444968405000 ly=1 ten_o=3 acc=0 dest=49920
MV0 t=445625045000 ly=1 ten_o=3 acc=0 dest=50048
MV0 t=446281685000 ly=1 ten_o=4 acc=0 dest=65536
MV0 t=446938325000 ly=1 ten_o=4 acc=0 dest=65664
MV0 t=447594965000 ly=1 ten_o=4 acc=0 dest=65792
MV0 t=448251605000 ly=1 ten_o=4 acc=0 dest=65920
MV0 t=448908245000 ly=1 ten_o=4 acc=0 dest=66048
MV0 t=449564885000 ly=1 ten_o=4 acc=0 dest=66176
MV0 t=450221525000 ly=1 ten_o=4 acc=0 dest=66304
MV0 t=450878165000 ly=1 ten_o=4 acc=0 dest=66432
ATTQK t=451534795000 ard=-269 ardb=-212 qa=32768 ka=49152
ATTO t=451537925000 h=0 q=718 z=16 acc=11488 dest=81920
ATTQK t=451555625000 ard=-773 ardb=277 qa=32800 ka=49184
ATTO t=451558755000 h=1 q=-369 z=16 acc=-5904 dest=81952
ATTQK t=451576455000 ard=-371 ardb=228 qa=32832 ka=49216
ATTO t=451579585000 h=2 q=-707 z=16 acc=-11312 dest=81984
ATTQK t=451597285000 ard=591 ardb=-340 qa=32864 ka=49248
ATTO t=451600415000 h=3 q=548 z=16 acc=8768 dest=82016
ATTQK t=451618115000 ard=-801 ardb=-212 qa=32896 ka=49152
ATTO t=451622595000 h=0 q=718 z=16 acc=11488 dest=82048
ATTQK t=451641535000 ard=21 ardb=277 qa=32928 ka=49184
ATTO t=451646015000 h=1 q=-369 z=16 acc=-5904 dest=82080
ATTQK t=451664955000 ard=194 ardb=228 qa=32960 ka=49216
ATTO t=451669435000 h=2 q=-1003 z=16 acc=-16048 dest=82112
ATTQK t=451688375000 ard=602 ardb=-340 qa=32992 ka=49248
ATTO t=451692855000 h=3 q=1024 z=16 acc=16384 dest=82144
ATTQK t=451711795000 ard=-153 ardb=-212 qa=33024 ka=49152
ATTO t=451717625000 h=0 q=400 z=16 acc=6400 dest=82176
ATTQK t=451737805000 ard=239 ardb=277 qa=33056 ka=49184
ATTO t=451743635000 h=1 q=-369 z=16 acc=-5904 dest=82208
ATTQK t=451763815000 ard=527 ardb=228 qa=33088 ka=49216
ATTO t=451769645000 h=2 q=-1003 z=16 acc=-16048 dest=82240
ATTQK t=451789825000 ard=486 ardb=-340 qa=33120 ka=49248
ATTO t=451795655000 h=3 q=1024 z=16 acc=16384 dest=82272
ATTQK t=451815835000 ard=-313 ardb=-212 qa=33152 ka=49152
ATTO t=451823015000 h=0 q=718 z=16 acc=11488 dest=82304
ATTQK t=451844435000 ard=736 ardb=277 qa=33184 ka=49184
ATTO t=451851615000 h=1 q=-382 z=16 acc=-6112 dest=82336
ATTQK t=451873035000 ard=-591 ardb=228 qa=33216 ka=49216
ATTO t=451880215000 h=2 q=-1003 z=16 acc=-16048 dest=82368
ATTQK t=451901635000 ard=-474 ardb=-340 qa=33248 ka=49248
ATTO t=451908815000 h=3 q=-106 z=16 acc=-1696 dest=82400
ATTQK t=451930235000 ard=398 ardb=-212 qa=33280 ka=49152
ATTO t=451938765000 h=0 q=400 z=16 acc=6400 dest=82432
ATTQK t=451961425000 ard=97 ardb=277 qa=33312 ka=49184
ATTO t=451969955000 h=1 q=72 z=16 acc=1152 dest=82464
ATTQK t=451992615000 ard=229 ardb=228 qa=33344 ka=49216
ATTO t=452001145000 h=2 q=-1003 z=16 acc=-16048 dest=82496
ATTQK t=452023805000 ard=-164 ardb=-340 qa=33376 ka=49248
ATTO t=452032335000 h=3 q=48 z=16 acc=768 dest=82528
ATTQK t=452054995000 ard=-510 ardb=-212 qa=33408 ka=49152
ATTO t=452064875000 h=0 q=-693 z=16 acc=-11088 dest=82560
ATTQK t=452088775000 ard=-411 ardb=277 qa=33440 ka=49184
ATTO t=452098655000 h=1 q=-382 z=16 acc=-6112 dest=82592
ATTQK t=452122555000 ard=-612 ardb=228 qa=33472 ka=49216
ATTO t=452132435000 h=2 q=-1003 z=16 acc=-16048 dest=82624
ATTQK t=452156335000 ard=120 ardb=-340 qa=33504 ka=49248
ATTO t=452166215000 h=3 q=48 z=16 acc=768 dest=82656
ATTQK t=452190115000 ard=-537 ardb=-212 qa=33536 ka=49152
ATTO t=452201345000 h=0 q=-52 z=16 acc=-832 dest=82688
ATTQK t=452226485000 ard=-280 ardb=277 qa=33568 ka=49184
ATTO t=452237715000 h=1 q=-647 z=16 acc=-10352 dest=82720
ATTQK t=452262855000 ard=299 ardb=228 qa=33600 ka=49216
ATTO t=452274085000 h=2 q=-1003 z=16 acc=-16048 dest=82752
ATTQK t=452299225000 ard=-695 ardb=-340 qa=33632 ka=49248
ATTO t=452310455000 h=3 q=-545 z=16 acc=-8720 dest=82784
ATTQK t=452335595000 ard=-233 ardb=-212 qa=33664 ka=49152
ATTO t=452348175000 h=0 q=818 z=16 acc=13088 dest=82816
ATTQK t=452374555000 ard=-682 ardb=277 qa=33696 ka=49184
ATTO t=452387135000 h=1 q=72 z=16 acc=1152 dest=82848
ATTQK t=452413515000 ard=-849 ardb=228 qa=33728 ka=49216
ATTO t=452426095000 h=2 q=-1064 z=16 acc=-17024 dest=82880
ATTQK t=452452475000 ard=2391 ardb=-340 qa=33760 ka=49248
ATTO t=452465055000 h=3 q=-106 z=16 acc=-1696 dest=82912
MV0 t=452491445000 ly=1 ten_o=5 acc=0 dest=81920
MV0 t=453148085000 ly=1 ten_o=5 acc=0 dest=82048
MV0 t=453804725000 ly=1 ten_o=5 acc=0 dest=82176
MV0 t=454461365000 ly=1 ten_o=5 acc=0 dest=82304
MV0 t=455118005000 ly=1 ten_o=5 acc=0 dest=82432
MV0 t=455774645000 ly=1 ten_o=5 acc=0 dest=82560
MV0 t=456431285000 ly=1 ten_o=5 acc=0 dest=82688
MV0 t=457087925000 ly=1 ten_o=5 acc=0 dest=82816
ADD t=457744555000 ly=1 ten=0 ard=14954 ardb=21423
ADD t=457748395000 ly=1 ten=0 ard=32767 ardb=14234
ADD t=457752235000 ly=1 ten=0 ard=-5414 ardb=1614
ADD t=457756075000 ly=1 ten=0 ard=30396 ardb=9586
ADD t=457759915000 ly=1 ten=0 ard=32767 ardb=-19740
ADD t=457763755000 ly=1 ten=0 ard=12967 ardb=19355
ADD t=457767595000 ly=1 ten=0 ard=32767 ardb=-3454
ADD t=457771435000 ly=1 ten=0 ard=-8703 ardb=-19981
LNV t=457784745000 acc=70286214699 var=1098222104 mu=1242
LNO t=457786015000 ly=1 ten=6 ard=32767 mu=1242 sc=23433 q=21
LNV t=457865365000 acc=76666578362 var=1197915286 mu=67
LNO t=457866635000 ly=1 ten=6 ard=32767 mu=67 sc=24473 q=21
LNV t=457945985000 acc=74213467165 var=1159585424 mu=1748
LNO t=457947255000 ly=1 ten=6 ard=-3800 mu=1748 sc=24078 q=-4
LNV t=458026605000 acc=75798346398 var=1184349162 mu=1251
LNO t=458027875000 ly=1 ten=6 ard=32767 mu=1251 sc=24334 q=20
LNV t=458107225000 acc=77473227153 var=1210519174 mu=2194
LNO t=458108495000 ly=1 ten=6 ard=13027 mu=2194 sc=24602 q=7
LNV t=458187845000 acc=68973530021 var=1077711406 mu=1696
LNO t=458189115000 ly=1 ten=6 ard=32322 mu=1696 sc=23213 q=21
LNV t=458268465000 acc=77204085518 var=1206313836 mu=-1550
LNO t=458269735000 ly=1 ten=6 ard=29313 mu=-1550 sc=24559 q=20
LNV t=458349085000 acc=73759374565 var=1152490227 mu=-212
LNO t=458350355000 ly=1 ten=6 ard=-28684 mu=-212 sc=24005 q=-19
MV0 t=458420245000 ly=1 ten_o=0 acc=0 dest=0
MV0 t=459733525000 ly=1 ten_o=0 acc=0 dest=128
MV0 t=461046805000 ly=1 ten_o=0 acc=0 dest=256
MV0 t=462360085000 ly=1 ten_o=0 acc=0 dest=384
MV0 t=463673365000 ly=1 ten_o=0 acc=0 dest=512
MV0 t=464986645000 ly=1 ten_o=0 acc=0 dest=640
MV0 t=466299925000 ly=1 ten_o=0 acc=0 dest=768
MV0 t=467613205000 ly=1 ten_o=0 acc=0 dest=896
MV0 t=468926485000 ly=1 ten_o=6 acc=0 dest=98304
MV0 t=470238485000 ly=1 ten_o=6 acc=0 dest=98432
MV0 t=471550485000 ly=1 ten_o=6 acc=0 dest=98560
MV0 t=472862485000 ly=1 ten_o=6 acc=0 dest=98688
MV0 t=474174485000 ly=1 ten_o=6 acc=0 dest=98816
MV0 t=475486485000 ly=1 ten_o=6 acc=0 dest=98944
MV0 t=476798485000 ly=1 ten_o=6 acc=0 dest=99072
MV0 t=478110485000 ly=1 ten_o=6 acc=0 dest=99200
ADD t=479422475000 ly=1 ten=1 ard=32767 ardb=-797
ADD t=479426315000 ly=1 ten=1 ard=32767 ardb=9412
ADD t=479430155000 ly=1 ten=1 ard=-3800 ardb=-14844
ADD t=479433995000 ly=1 ten=1 ard=32767 ardb=-9401
ADD t=479437835000 ly=1 ten=1 ard=13027 ardb=-32768
ADD t=479441675000 ly=1 ten=1 ard=32322 ardb=-23556
ADD t=479445515000 ly=1 ten=1 ard=29313 ardb=-15102
ADD t=479449355000 ly=1 ten=1 ard=-28684 ardb=-25066
LNV t=479462665000 acc=71682023949 var=1120031624 mu=1876
LNO t=479463935000 ly=2 ten=0 ard=31970 mu=1876 sc=23664 q=20
LNV t=479543285000 acc=74073404430 var=1157396944 mu=728
LNO t=479544555000 ly=2 ten=0 ard=32767 mu=728 sc=24056 q=21
LNV t=479623905000 acc=72383509596 var=1130992337 mu=896
LNO t=479625175000 ly=2 ten=0 ard=-18644 mu=896 sc=23780 q=-14
LNV t=479704525000 acc=74550537972 var=1164852155 mu=13
LNO t=479705795000 ly=2 ten=0 ard=23366 mu=13 sc=24133 q=15
LNV t=479785145000 acc=69373783625 var=1083965369 mu=2909
LNO t=479786415000 ly=2 ten=0 ard=-19741 mu=2909 sc=23280 q=-16
LNV t=479865765000 acc=77800096194 var=1215626503 mu=414
LNO t=479867035000 ly=2 ten=0 ard=8766 mu=414 sc=24653 q=5
LNV t=479946385000 acc=70285848829 var=1098216387 mu=-1118
LNO t=479947655000 ly=2 ten=0 ard=14211 mu=-1118 sc=23433 q=10
LNV t=480027005000 acc=71249194607 var=1113268665 mu=859
LNO t=480028275000 ly=2 ten=0 ard=-32768 mu=859 sc=23593 q=-23
MV0 t=480098165000 ly=2 ten_o=2 acc=0 dest=32768
MV0 t=480754805000 ly=2 ten_o=2 acc=0 dest=32896
MV0 t=481411445000 ly=2 ten_o=2 acc=0 dest=33024
MV0 t=482068085000 ly=2 ten_o=2 acc=0 dest=33152
MV0 t=482724725000 ly=2 ten_o=2 acc=0 dest=33280
MV0 t=483381365000 ly=2 ten_o=2 acc=0 dest=33408
MV0 t=484038005000 ly=2 ten_o=2 acc=0 dest=33536
MV0 t=484694645000 ly=2 ten_o=2 acc=0 dest=33664
MV0 t=485351285000 ly=2 ten_o=3 acc=0 dest=49152
MV0 t=486007925000 ly=2 ten_o=3 acc=0 dest=49280
MV0 t=486664565000 ly=2 ten_o=3 acc=0 dest=49408
MV0 t=487321205000 ly=2 ten_o=3 acc=0 dest=49536
MV0 t=487977845000 ly=2 ten_o=3 acc=0 dest=49664
MV0 t=488634485000 ly=2 ten_o=3 acc=0 dest=49792
MV0 t=489291125000 ly=2 ten_o=3 acc=0 dest=49920
MV0 t=489947765000 ly=2 ten_o=3 acc=0 dest=50048
MV0 t=490604405000 ly=2 ten_o=4 acc=0 dest=65536
MV0 t=491261045000 ly=2 ten_o=4 acc=0 dest=65664
MV0 t=491917685000 ly=2 ten_o=4 acc=0 dest=65792
MV0 t=492574325000 ly=2 ten_o=4 acc=0 dest=65920
MV0 t=493230965000 ly=2 ten_o=4 acc=0 dest=66048
MV0 t=493887605000 ly=2 ten_o=4 acc=0 dest=66176
MV0 t=494544245000 ly=2 ten_o=4 acc=0 dest=66304
MV0 t=495200885000 ly=2 ten_o=4 acc=0 dest=66432
ATTQK t=495857515000 ard=-289 ardb=1385 qa=32768 ka=49152
ATTO t=495860645000 h=0 q=-342 z=16 acc=-5472 dest=81920
ATTQK t=495878345000 ard=282 ardb=-632 qa=32800 ka=49184
ATTO t=495881475000 h=1 q=-617 z=16 acc=-9872 dest=81952
ATTQK t=495899175000 ard=399 ardb=465 qa=32832 ka=49216
ATTO t=495902305000 h=2 q=423 z=16 acc=6768 dest=81984
ATTQK t=495920005000 ard=-56 ardb=511 qa=32864 ka=49248
ATTO t=495923135000 h=3 q=-769 z=16 acc=-12304 dest=82016
ATTQK t=495940835000 ard=-1314 ardb=1385 qa=32896 ka=49152
ATTO t=495945315000 h=0 q=-420 z=16 acc=-6720 dest=82048
ATTQK t=495964255000 ard=195 ardb=-632 qa=32928 ka=49184
ATTO t=495968735000 h=1 q=-670 z=16 acc=-10720 dest=82080
ATTQK t=495987675000 ard=0 ardb=465 qa=32960 ka=49216
ATTO t=495992155000 h=2 q=423 z=16 acc=6768 dest=82112
ATTQK t=496011095000 ard=134 ardb=511 qa=32992 ka=49248
ATTO t=496015575000 h=3 q=-829 z=16 acc=-13264 dest=82144
ATTQK t=496034515000 ard=-436 ardb=1385 qa=33024 ka=49152
ATTO t=496040345000 h=0 q=202 z=16 acc=3232 dest=82176
ATTQK t=496060525000 ard=171 ardb=-632 qa=33056 ka=49184
ATTO t=496066355000 h=1 q=-670 z=16 acc=-10720 dest=82208
ATTQK t=496086535000 ard=1294 ardb=465 qa=33088 ka=49216
ATTO t=496092365000 h=2 q=423 z=16 acc=6768 dest=82240
ATTQK t=496112545000 ard=298 ardb=511 qa=33120 ka=49248
ATTO t=496118375000 h=3 q=-415 z=16 acc=-6640 dest=82272
ATTQK t=496138555000 ard=-1139 ardb=1385 qa=33152 ka=49152
ATTO t=496145735000 h=0 q=-420 z=16 acc=-6720 dest=82304
ATTQK t=496167155000 ard=634 ardb=-632 qa=33184 ka=49184
ATTO t=496174335000 h=1 q=-670 z=16 acc=-10720 dest=82336
ATTQK t=496195755000 ard=-323 ardb=465 qa=33216 ka=49216
ATTO t=496202935000 h=2 q=328 z=16 acc=5248 dest=82368
ATTQK t=496224355000 ard=181 ardb=511 qa=33248 ka=49248
ATTO t=496231535000 h=3 q=52 z=16 acc=832 dest=82400
ATTQK t=496252955000 ard=-865 ardb=1385 qa=33280 ka=49152
ATTO t=496261485000 h=0 q=202 z=16 acc=3232 dest=82432
ATTQK t=496284145000 ard=-614 ardb=-632 qa=33312 ka=49184
ATTO t=496292675000 h=1 q=-617 z=16 acc=-9872 dest=82464
ATTQK t=496315335000 ard=1359 ardb=465 qa=33344 ka=49216
ATTO t=496323865000 h=2 q=423 z=16 acc=6768 dest=82496
ATTQK t=496346525000 ard=645 ardb=511 qa=33376 ka=49248
ATTO t=496355055000 h=3 q=-463 z=16 acc=-7408 dest=82528
ATTQK t=496377715000 ard=-671 ardb=1385 qa=33408 ka=49152
ATTO t=496387595000 h=0 q=-968 z=16 acc=-15488 dest=82560
ATTQK t=496411495000 ard=-517 ardb=-632 qa=33440 ka=49184
ATTO t=496421375000 h=1 q=-124 z=16 acc=-1984 dest=82592
ATTQK t=496445275000 ard=1071 ardb=465 qa=33472 ka=49216
ATTO t=496455155000 h=2 q=-329 z=16 acc=-5264 dest=82624
ATTQK t=496479055000 ard=770 ardb=511 qa=33504 ka=49248
ATTO t=496488935000 h=3 q=103 z=16 acc=1648 dest=82656
ATTQK t=496512835000 ard=-76 ardb=1385 qa=33536 ka=49152
ATTO t=496524065000 h=0 q=-342 z=16 acc=-5472 dest=82688
ATTQK t=496549205000 ard=-417 ardb=-632 qa=33568 ka=49184
ATTO t=496560435000 h=1 q=-770 z=16 acc=-12320 dest=82720
ATTQK t=496585575000 ard=996 ardb=465 qa=33600 ka=49216
ATTO t=496596805000 h=2 q=423 z=16 acc=6768 dest=82752
ATTQK t=496621945000 ard=509 ardb=511 qa=33632 ka=49248
ATTO t=496633175000 h=3 q=-415 z=16 acc=-6640 dest=82784
ATTQK t=496658315000 ard=-1670 ardb=1385 qa=33664 ka=49152
ATTO t=496670895000 h=0 q=622 z=16 acc=9952 dest=82816
ATTQK t=496697275000 ard=466 ardb=-632 qa=33696 ka=49184
ATTO t=496709855000 h=1 q=-570 z=16 acc=-9120 dest=82848
ATTQK t=496736235000 ard=757 ardb=465 qa=33728 ka=49216
ATTO t=496748815000 h=2 q=-329 z=16 acc=-5264 dest=82880
ATTQK t=496775195000 ard=-803 ardb=511 qa=33760 ka=49248
ATTO t=496787775000 h=3 q=87 z=16 acc=1392 dest=82912
MV0 t=496814165000 ly=2 ten_o=5 acc=0 dest=81920
MV0 t=497470805000 ly=2 ten_o=5 acc=0 dest=82048
MV0 t=498127445000 ly=2 ten_o=5 acc=0 dest=82176
MV0 t=498784085000 ly=2 ten_o=5 acc=0 dest=82304
MV0 t=499440725000 ly=2 ten_o=5 acc=0 dest=82432
MV0 t=500097365000 ly=2 ten_o=5 acc=0 dest=82560
MV0 t=500754005000 ly=2 ten_o=5 acc=0 dest=82688
MV0 t=501410645000 ly=2 ten_o=5 acc=0 dest=82816
ADD t=502067275000 ly=2 ten=0 ard=31970 ardb=32767
ADD t=502071115000 ly=2 ten=0 ard=32767 ardb=632
ADD t=502074955000 ly=2 ten=0 ard=-18644 ardb=32767
ADD t=502078795000 ly=2 ten=0 ard=23366 ardb=28301
ADD t=502082635000 ly=2 ten=0 ard=-19741 ardb=32767
ADD t=502086475000 ly=2 ten=0 ard=8766 ardb=24301
ADD t=502090315000 ly=2 ten=0 ard=14211 ardb=32767
ADD t=502094155000 ly=2 ten=0 ard=-32768 ardb=27601
LNV t=502107465000 acc=75753038852 var=1183641232 mu=2222
LNO t=502108735000 ly=2 ten=6 ard=32767 mu=2222 sc=24327 q=20
LNV t=502188085000 acc=74844441718 var=1169444401 mu=923
LNO t=502189355000 ly=2 ten=6 ard=32767 mu=923 sc=24181 q=21
LNV t=502268705000 acc=82338389668 var=1286537338 mu=634
LNO t=502269975000 ly=2 ten=6 ard=14123 mu=634 sc=25362 q=8
LNV t=502349325000 acc=80354355981 var=1255536812 mu=-274
LNO t=502350595000 ly=2 ten=6 ard=32767 mu=-274 sc=25055 q=21
LNV t=502429945000 acc=79622669960 var=1244104218 mu=1902
LNO t=502431215000 ly=2 ten=6 ard=13026 mu=1902 sc=24940 q=7
LNV t=502510565000 acc=80149457744 var=1252335277 mu=-252
LNO t=502511835000 ly=2 ten=6 ard=32767 mu=-252 sc=25023 q=21
LNV t=502591185000 acc=81645571831 var=1275712059 mu=-986
LNO t=502592455000 ly=2 ten=6 ard=32767 mu=-986 sc=25255 q=21
LNV t=502671805000 acc=73098048635 var=1142157009 mu=-627
LNO t=502673075000 ly=2 ten=6 ard=-5167 mu=-627 sc=23897 q=-4
MV0 t=502742965000 ly=2 ten_o=0 acc=0 dest=0
MV0 t=504056245000 ly=2 ten_o=0 acc=0 dest=128
MV0 t=505369525000 ly=2 ten_o=0 acc=0 dest=256
MV0 t=506682805000 ly=2 ten_o=0 acc=0 dest=384
MV0 t=507996085000 ly=2 ten_o=0 acc=0 dest=512
MV0 t=509309365000 ly=2 ten_o=0 acc=0 dest=640
MV0 t=510622645000 ly=2 ten_o=0 acc=0 dest=768
MV0 t=511935925000 ly=2 ten_o=0 acc=0 dest=896
MV0 t=513249205000 ly=2 ten_o=6 acc=0 dest=98304
MV0 t=514561205000 ly=2 ten_o=6 acc=0 dest=98432
MV0 t=515873205000 ly=2 ten_o=6 acc=0 dest=98560
MV0 t=517185205000 ly=2 ten_o=6 acc=0 dest=98688
MV0 t=518497205000 ly=2 ten_o=6 acc=0 dest=98816
MV0 t=519809205000 ly=2 ten_o=6 acc=0 dest=98944
MV0 t=521121205000 ly=2 ten_o=6 acc=0 dest=99072
MV0 t=522433205000 ly=2 ten_o=6 acc=0 dest=99200
ADD t=523745195000 ly=2 ten=1 ard=32767 ardb=-32768
ADD t=523749035000 ly=2 ten=1 ard=32767 ardb=-32768
ADD t=523752875000 ly=2 ten=1 ard=14123 ardb=-32768
ADD t=523756715000 ly=2 ten=1 ard=32767 ardb=-16565
ADD t=523760555000 ly=2 ten=1 ard=13026 ardb=-32768
ADD t=523764395000 ly=2 ten=1 ard=32767 ardb=14443
ADD t=523768235000 ly=2 ten=1 ard=32767 ardb=-15896
ADD t=523772075000 ly=2 ten=1 ard=-5167 ardb=-20675
LNV t=523785385000 acc=83668050031 var=1307313281 mu=222
LNO t=523786655000 ly=3 ten=0 ard=-1 mu=222 sc=25566 q=-1
LNV t=523866005000 acc=81172182600 var=1268315353 mu=2970
LNO t=523867275000 ly=3 ten=0 ard=-1 mu=2970 sc=25182 q=-2
LNV t=523946625000 acc=73683631144 var=1151306736 mu=-435
LNO t=523947895000 ly=3 ten=0 ard=-18645 mu=-435 sc=23992 q=-13
LNV t=524027245000 acc=77708207342 var=1214190739 mu=-1263
LNO t=524028515000 ly=3 ten=0 ard=16202 mu=-1263 sc=24639 q=11
LNV t=524107865000 acc=67887767925 var=1060746373 mu=1533
LNO t=524109135000 ly=3 ten=0 ard=-19742 mu=1533 sc=23029 q=-15
LNV t=524188485000 acc=78780254635 var=1230941478 mu=-423
LNO t=524189755000 ly=3 ten=0 ard=32767 mu=-423 sc=24808 q=21
LNV t=524269105000 acc=82779552915 var=1293430514 mu=-471
LNO t=524270375000 ly=3 ten=0 ard=16871 mu=-471 sc=25430 q=10
LNV t=524349725000 acc=72172563319 var=1127696301 mu=873
LNO t=524350995000 ly=3 ten=0 ard=-25842 mu=873 sc=23745 q=-19
MV0 t=524420885000 ly=3 ten_o=2 acc=0 dest=32768
MV0 t=525077525000 ly=3 ten_o=2 acc=0 dest=32896
MV0 t=525734165000 ly=3 ten_o=2 acc=0 dest=33024
MV0 t=526390805000 ly=3 ten_o=2 acc=0 dest=33152
MV0 t=527047445000 ly=3 ten_o=2 acc=0 dest=33280
MV0 t=527704085000 ly=3 ten_o=2 acc=0 dest=33408
MV0 t=528360725000 ly=3 ten_o=2 acc=0 dest=33536
MV0 t=529017365000 ly=3 ten_o=2 acc=0 dest=33664
MV0 t=529674005000 ly=3 ten_o=3 acc=0 dest=49152
MV0 t=530330645000 ly=3 ten_o=3 acc=0 dest=49280
MV0 t=530987285000 ly=3 ten_o=3 acc=0 dest=49408
MV0 t=531643925000 ly=3 ten_o=3 acc=0 dest=49536
MV0 t=532300565000 ly=3 ten_o=3 acc=0 dest=49664
MV0 t=532957205000 ly=3 ten_o=3 acc=0 dest=49792
MV0 t=533613845000 ly=3 ten_o=3 acc=0 dest=49920
MV0 t=534270485000 ly=3 ten_o=3 acc=0 dest=50048
MV0 t=534927125000 ly=3 ten_o=4 acc=0 dest=65536
MV0 t=535583765000 ly=3 ten_o=4 acc=0 dest=65664
MV0 t=536240405000 ly=3 ten_o=4 acc=0 dest=65792
MV0 t=536897045000 ly=3 ten_o=4 acc=0 dest=65920
MV0 t=537553685000 ly=3 ten_o=4 acc=0 dest=66048
MV0 t=538210325000 ly=3 ten_o=4 acc=0 dest=66176
MV0 t=538866965000 ly=3 ten_o=4 acc=0 dest=66304
MV0 t=539523605000 ly=3 ten_o=4 acc=0 dest=66432
ATTQK t=540180235000 ard=-371 ardb=-684 qa=32768 ka=49152
ATTO t=540183365000 h=0 q=1087 z=16 acc=17392 dest=81920
ATTQK t=540201065000 ard=338 ardb=-296 qa=32800 ka=49184
ATTO t=540204195000 h=1 q=556 z=16 acc=8896 dest=81952
ATTQK t=540221895000 ard=-116 ardb=-413 qa=32832 ka=49216
ATTO t=540225025000 h=2 q=1038 z=16 acc=16608 dest=81984
ATTQK t=540242725000 ard=-239 ardb=810 qa=32864 ka=49248
ATTO t=540245855000 h=3 q=532 z=16 acc=8512 dest=82016
ATTQK t=540263555000 ard=340 ardb=-684 qa=32896 ka=49152
ATTO t=540268035000 h=0 q=1087 z=16 acc=17392 dest=82048
ATTQK t=540286975000 ard=661 ardb=-296 qa=32928 ka=49184
ATTO t=540291455000 h=1 q=556 z=16 acc=8896 dest=82080
ATTQK t=540310395000 ard=-201 ardb=-413 qa=32960 ka=49216
ATTO t=540314875000 h=2 q=-587 z=16 acc=-9392 dest=82112
ATTQK t=540333815000 ard=36 ardb=810 qa=32992 ka=49248
ATTO t=540338295000 h=3 q=-781 z=16 acc=-12496 dest=82144
ATTQK t=540357235000 ard=-462 ardb=-684 qa=33024 ka=49152
ATTO t=540363065000 h=0 q=547 z=16 acc=8752 dest=82176
ATTQK t=540383245000 ard=-460 ardb=-296 qa=33056 ka=49184
ATTO t=540389075000 h=1 q=1288 z=16 acc=20608 dest=82208
ATTQK t=540409255000 ard=-122 ardb=-413 qa=33088 ka=49216
ATTO t=540415085000 h=2 q=-587 z=16 acc=-9392 dest=82240
ATTQK t=540435265000 ard=1024 ardb=810 qa=33120 ka=49248
ATTO t=540441095000 h=3 q=-781 z=16 acc=-12496 dest=82272
ATTQK t=540461275000 ard=-876 ardb=-684 qa=33152 ka=49152
ATTO t=540468455000 h=0 q=627 z=16 acc=10032 dest=82304
ATTQK t=540489875000 ard=449 ardb=-296 qa=33184 ka=49184
ATTO t=540497055000 h=1 q=806 z=16 acc=12896 dest=82336
ATTQK t=540518475000 ard=770 ardb=-413 qa=33216 ka=49216
ATTO t=540525655000 h=2 q=-102 z=16 acc=-1632 dest=82368
ATTQK t=540547075000 ard=915 ardb=810 qa=33248 ka=49248
ATTO t=540554255000 h=3 q=-315 z=16 acc=-5040 dest=82400
ATTQK t=540575675000 ard=-30 ardb=-684 qa=33280 ka=49152
ATTO t=540584205000 h=0 q=907 z=16 acc=14512 dest=82432
ATTQK t=540606865000 ard=172 ardb=-296 qa=33312 ka=49184
ATTO t=540615395000 h=1 q=1288 z=16 acc=20608 dest=82464
ATTQK t=540638055000 ard=-99 ardb=-413 qa=33344 ka=49216
ATTO t=540646585000 h=2 q=-102 z=16 acc=-1632 dest=82496
ATTQK t=540669245000 ard=491 ardb=810 qa=33376 ka=49248
ATTO t=540677775000 h=3 q=-781 z=16 acc=-12496 dest=82528
ATTQK t=540700435000 ard=534 ardb=-684 qa=33408 ka=49152
ATTO t=540710315000 h=0 q=547 z=16 acc=8752 dest=82560
ATTQK t=540734215000 ard=-515 ardb=-296 qa=33440 ka=49184
ATTO t=540744095000 h=1 q=806 z=16 acc=12896 dest=82592
ATTQK t=540767995000 ard=823 ardb=-413 qa=33472 ka=49216
ATTO t=540777875000 h=2 q=-277 z=16 acc=-4432 dest=82624
ATTQK t=540801775000 ard=836 ardb=810 qa=33504 ka=49248
ATTO t=540811655000 h=3 q=-781 z=16 acc=-12496 dest=82656
ATTQK t=540835555000 ard=289 ardb=-684 qa=33536 ka=49152
ATTO t=540846785000 h=0 q=1038 z=16 acc=16608 dest=82688
ATTQK t=540871925000 ard=-121 ardb=-296 qa=33568 ka=49184
ATTO t=540883155000 h=1 q=971 z=16 acc=15536 dest=82720
ATTQK t=540908295000 ard=772 ardb=-413 qa=33600 ka=49216
ATTO t=540919525000 h=2 q=-864 z=16 acc=-13824 dest=82752
ATTQK t=540944665000 ard=-67 ardb=810 qa=33632 ka=49248
ATTO t=540955895000 h=3 q=-781 z=16 acc=-12496 dest=82784
ATTQK t=540981035000 ard=-124 ardb=-684 qa=33664 ka=49152
ATTO t=540993615000 h=0 q=286 z=16 acc=4576 dest=82816
ATTQK t=541019995000 ard=1101 ardb=-296 qa=33696 ka=49184
ATTO t=541032575000 h=1 q=806 z=16 acc=12896 dest=82848
ATTQK t=541058955000 ard=593 ardb=-413 qa=33728 ka=49216
ATTO t=541071535000 h=2 q=-102 z=16 acc=-1632 dest=82880
ATTQK t=541097915000 ard=-265 ardb=810 qa=33760 ka=49248
ATTO t=541110495000 h=3 q=290 z=16 acc=4640 dest=82912
MV0 t=541136885000 ly=3 ten_o=5 acc=0 dest=81920
MV0 t=541793525000 ly=3 ten_o=5 acc=0 dest=82048
MV0 t=542450165000 ly=3 ten_o=5 acc=0 dest=82176
MV0 t=543106805000 ly=3 ten_o=5 acc=0 dest=82304
MV0 t=543763445000 ly=3 ten_o=5 acc=0 dest=82432
MV0 t=544420085000 ly=3 ten_o=5 acc=0 dest=82560
MV0 t=545076725000 ly=3 ten_o=5 acc=0 dest=82688
MV0 t=545733365000 ly=3 ten_o=5 acc=0 dest=82816
ADD t=546389995000 ly=3 ten=0 ard=-1 ardb=32767
ADD t=546393835000 ly=3 ten=0 ard=-1 ardb=32767
ADD t=546397675000 ly=3 ten=0 ard=-18645 ardb=19170
ADD t=546401515000 ly=3 ten=0 ard=16202 ardb=27961
ADD t=546405355000 ly=3 ten=0 ard=-19742 ardb=13449
ADD t=546409195000 ly=3 ten=0 ard=32767 ardb=11055
ADD t=546413035000 ly=3 ten=0 ard=16871 ardb=-9204
ADD t=546416875000 ly=3 ten=0 ard=-25842 ardb=32767
LNV t=546430185000 acc=81967265461 var=1280738522 mu=-3275
LNO t=546431455000 ly=3 ten=6 ard=32766 mu=-3275 sc=25305 q=22
LNV t=546510805000 acc=77990426995 var=1218600421 mu=2158
LNO t=546512075000 ly=3 ten=6 ard=32766 mu=2158 sc=24684 q=19
LNV t=546591425000 acc=70934326104 var=1108348845 mu=-837
LNO t=546592695000 ly=3 ten=6 ard=525 mu=-837 sc=23540 q=0
LNV t=546672045000 acc=69790510188 var=1090476721 mu=2105
LNO t=546673315000 ly=3 ten=6 ard=32767 mu=2105 sc=23350 q=21
LNV t=546752665000 acc=67863886342 var=1060373224 mu=3851
LNO t=546753935000 ly=3 ten=6 ard=-6293 mu=3851 sc=23025 q=-8
LNV t=546833285000 acc=76765372815 var=1199458950 mu=-830
LNO t=546834555000 ly=3 ten=6 ard=32767 mu=-830 sc=24489 q=21
LNV t=546913905000 acc=76210271730 var=1190785495 mu=-548
LNO t=546915175000 ly=3 ten=6 ard=7667 mu=-548 sc=24400 q=5
LNV t=546994525000 acc=76524337093 var=1195692767 mu=3064
LNO t=546995795000 ly=3 ten=6 ard=6925 mu=3064 sc=24450 q=2
MV0 t=547065685000 ly=3 ten_o=0 acc=0 dest=0
MV0 t=548378965000 ly=3 ten_o=0 acc=0 dest=128
MV0 t=549692245000 ly=3 ten_o=0 acc=0 dest=256
MV0 t=551005525000 ly=3 ten_o=0 acc=0 dest=384
MV0 t=552318805000 ly=3 ten_o=0 acc=0 dest=512
MV0 t=553632085000 ly=3 ten_o=0 acc=0 dest=640
MV0 t=554945365000 ly=3 ten_o=0 acc=0 dest=768
MV0 t=556258645000 ly=3 ten_o=0 acc=0 dest=896
MV0 t=557571925000 ly=3 ten_o=6 acc=0 dest=98304
MV0 t=558883925000 ly=3 ten_o=6 acc=0 dest=98432
MV0 t=560195925000 ly=3 ten_o=6 acc=0 dest=98560
MV0 t=561507925000 ly=3 ten_o=6 acc=0 dest=98688
MV0 t=562819925000 ly=3 ten_o=6 acc=0 dest=98816
MV0 t=564131925000 ly=3 ten_o=6 acc=0 dest=98944
MV0 t=565443925000 ly=3 ten_o=6 acc=0 dest=99072
MV0 t=566755925000 ly=3 ten_o=6 acc=0 dest=99200
ADD t=568067915000 ly=3 ten=1 ard=32766 ardb=-8128
ADD t=568071755000 ly=3 ten=1 ard=32766 ardb=11043
ADD t=568075595000 ly=3 ten=1 ard=525 ardb=17004
ADD t=568079435000 ly=3 ten=1 ard=32767 ardb=20457
ADD t=568083275000 ly=3 ten=1 ard=-6293 ardb=24659
ADD t=568087115000 ly=3 ten=1 ard=32767 ardb=-5957
ADD t=568090955000 ly=3 ten=1 ard=7667 ardb=2831
ADD t=568094795000 ly=3 ten=1 ard=6925 ardb=17280
HEAD t=568098635000 col=0 wrd=6 ard=24205 waddr=671744 aaddr=896 acc=0
MV0 t=568098645000 ly=3 ten_o=7 acc=0 dest=115584
HEAD t=568098675000 col=1 wrd=6 ard=15810 waddr=671745 aaddr=897 acc=145230
SMX t=573351735000 logit0=1648634
EMB_POS t=584320285000 dim=0 wrd=-3 awd=-3
EMB_POS t=584320315000 dim=1 wrd=3 awd=3
EMB_TOK t=584351005000 dim=0 wrd=-5 ard=-3 awd=-8
EMB_TOK t=584351035000 dim=1 wrd=-6 ard=3 awd=-3
LNV t=584391195000 acc=2191 var=34 mu=0
LNO t=584392465000 ly=0 ten=0 ard=-8 mu=0 sc=4 q=-32
LNV t=584471815000 acc=1950 var=30 mu=0
LNO t=584473085000 ly=0 ten=0 ard=7 mu=0 sc=3 q=37
LNV t=584552435000 acc=2311 var=36 mu=0
LNO t=584553705000 ly=0 ten=0 ard=-1 mu=0 sc=4 q=-4
LNV t=584633055000 acc=2556 var=39 mu=-1
LNO t=584634325000 ly=0 ten=0 ard=-1 mu=-1 sc=4 q=0
LNV t=584713675000 acc=2749 var=42 mu=-1
LNO t=584714945000 ly=0 ten=0 ard=8 mu=-1 sc=4 q=36
LNV t=584794295000 acc=2562 var=40 mu=-1
LNO t=584795565000 ly=0 ten=0 ard=-5 mu=-1 sc=4 q=-16
LNV t=584874915000 acc=1955 var=30 mu=0
LNO t=584876185000 ly=0 ten=0 ard=-3 mu=0 sc=3 q=-16
LNV t=584955535000 acc=2652 var=41 mu=-1
LNO t=584956805000 ly=0 ten=0 ard=-5 mu=-1 sc=4 q=-16
MV0 t=585026695000 ly=0 ten_o=2 acc=0 dest=32768
MV0 t=585683335000 ly=0 ten_o=2 acc=0 dest=32896
MV0 t=586339975000 ly=0 ten_o=2 acc=0 dest=33024
MV0 t=586996615000 ly=0 ten_o=2 acc=0 dest=33152
MV0 t=587653255000 ly=0 ten_o=2 acc=0 dest=33280
MV0 t=588309895000 ly=0 ten_o=2 acc=0 dest=33408
MV0 t=588966535000 ly=0 ten_o=2 acc=0 dest=33536
MV0 t=589623175000 ly=0 ten_o=2 acc=0 dest=33664
MV0 t=590279815000 ly=0 ten_o=3 acc=0 dest=49152
MV0 t=590936455000 ly=0 ten_o=3 acc=0 dest=49280
MV0 t=591593095000 ly=0 ten_o=3 acc=0 dest=49408
MV0 t=592249735000 ly=0 ten_o=3 acc=0 dest=49536
MV0 t=592906375000 ly=0 ten_o=3 acc=0 dest=49664
MV0 t=593563015000 ly=0 ten_o=3 acc=0 dest=49792
MV0 t=594219655000 ly=0 ten_o=3 acc=0 dest=49920
MV0 t=594876295000 ly=0 ten_o=3 acc=0 dest=50048
MV0 t=595532935000 ly=0 ten_o=4 acc=0 dest=65536
MV0 t=596189575000 ly=0 ten_o=4 acc=0 dest=65664
MV0 t=596846215000 ly=0 ten_o=4 acc=0 dest=65792
MV0 t=597502855000 ly=0 ten_o=4 acc=0 dest=65920
MV0 t=598159495000 ly=0 ten_o=4 acc=0 dest=66048
MV0 t=598816135000 ly=0 ten_o=4 acc=0 dest=66176
MV0 t=599472775000 ly=0 ten_o=4 acc=0 dest=66304
MV0 t=600129415000 ly=0 ten_o=4 acc=0 dest=66432
ATTQK t=600786045000 ard=-152 ardb=100 qa=32768 ka=49152
ATTO t=600789175000 h=0 q=632 z=16 acc=10112 dest=81920
ATTQK t=600806875000 ard=-164 ardb=648 qa=32800 ka=49184
ATTO t=600810005000 h=1 q=-36 z=16 acc=-576 dest=81952
ATTQK t=600827705000 ard=636 ardb=1384 qa=32832 ka=49216
ATTO t=600830835000 h=2 q=-1132 z=16 acc=-18112 dest=81984
ATTQK t=600848535000 ard=564 ardb=-196 qa=32864 ka=49248
ATTO t=600851665000 h=3 q=140 z=16 acc=2240 dest=82016
ATTQK t=600869365000 ard=968 ardb=100 qa=32896 ka=49152
ATTO t=600873845000 h=0 q=632 z=16 acc=10112 dest=82048
ATTQK t=600892785000 ard=-1765 ardb=648 qa=32928 ka=49184
ATTO t=600897265000 h=1 q=-459 z=16 acc=-7344 dest=82080
ATTQK t=600916205000 ard=-1878 ardb=1384 qa=32960 ka=49216
ATTO t=600920685000 h=2 q=-1132 z=16 acc=-18112 dest=82112
ATTQK t=600939625000 ard=-1446 ardb=-196 qa=32992 ka=49248
ATTO t=600944105000 h=3 q=140 z=16 acc=2240 dest=82144
ATTQK t=600963045000 ard=1496 ardb=100 qa=33024 ka=49152
ATTO t=600968875000 h=0 q=1540 z=16 acc=24640 dest=82176
ATTQK t=600989055000 ard=-300 ardb=648 qa=33056 ka=49184
ATTO t=600994885000 h=1 q=52 z=16 acc=832 dest=82208
ATTQK t=601015065000 ard=-304 ardb=1384 qa=33088 ka=49216
ATTO t=601020895000 h=2 q=480 z=16 acc=7680 dest=82240
ATTQK t=601041075000 ard=-536 ardb=-196 qa=33120 ka=49248
ATTO t=601046905000 h=3 q=-664 z=16 acc=-10624 dest=82272
ATTQK t=601067085000 ard=124 ardb=100 qa=33152 ka=49152
ATTO t=601074265000 h=0 q=632 z=16 acc=10112 dest=82304
ATTQK t=601095685000 ard=-400 ardb=648 qa=33184 ka=49184
ATTO t=601102865000 h=1 q=52 z=16 acc=832 dest=82336
ATTQK t=601124285000 ard=-704 ardb=1384 qa=33216 ka=49216
ATTO t=601131465000 h=2 q=-228 z=16 acc=-3648 dest=82368
ATTQK t=601152885000 ard=176 ardb=-196 qa=33248 ka=49248
ATTO t=601160065000 h=3 q=-144 z=16 acc=-2304 dest=82400
ATTQK t=601181485000 ard=640 ardb=100 qa=33280 ka=49152
ATTO t=601190015000 h=0 q=816 z=16 acc=13056 dest=82432
ATTQK t=601212675000 ard=-104 ardb=648 qa=33312 ka=49184
ATTO t=601221205000 h=1 q=-459 z=16 acc=-7344 dest=82464
ATTQK t=601243865000 ard=-940 ardb=1384 qa=33344 ka=49216
ATTO t=601252395000 h=2 q=-228 z=16 acc=-3648 dest=82496
ATTQK t=601275055000 ard=1348 ardb=-196 qa=33376 ka=49248
ATTO t=601283585000 h=3 q=-144 z=16 acc=-2304 dest=82528
ATTQK t=601306245000 ard=776 ardb=100 qa=33408 ka=49152
ATTO t=601316125000 h=0 q=632 z=16 acc=10112 dest=82560
ATTQK t=601340025000 ard=-244 ardb=648 qa=33440 ka=49184
ATTO t=601349905000 h=1 q=-459 z=16 acc=-7344 dest=82592
ATTQK t=601373805000 ard=1032 ardb=1384 qa=33472 ka=49216
ATTO t=601383685000 h=2 q=-1132 z=16 acc=-18112 dest=82624
ATTQK t=601407585000 ard=-124 ardb=-196 qa=33504 ka=49248
ATTO t=601417465000 h=3 q=-664 z=16 acc=-10624 dest=82656
ATTQK t=601441365000 ard=815 ardb=100 qa=33536 ka=49152
ATTO t=601452595000 h=0 q=632 z=16 acc=10112 dest=82688
ATTQK t=601477735000 ard=-1871 ardb=648 qa=33568 ka=49184
ATTO t=601488965000 h=1 q=-459 z=16 acc=-7344 dest=82720
ATTQK t=601514105000 ard=-1568 ardb=1384 qa=33600 ka=49216
ATTO t=601525335000 h=2 q=480 z=16 acc=7680 dest=82752
ATTQK t=601550475000 ard=-540 ardb=-196 qa=33632 ka=49248
ATTO t=601561705000 h=3 q=568 z=16 acc=9088 dest=82784
ATTQK t=601586845000 ard=-1992 ardb=100 qa=33664 ka=49152
ATTO t=601599425000 h=0 q=632 z=16 acc=10112 dest=82816
ATTQK t=601625805000 ard=-240 ardb=648 qa=33696 ka=49184
ATTO t=601638385000 h=1 q=-36 z=16 acc=-576 dest=82848
ATTQK t=601664765000 ard=-332 ardb=1384 qa=33728 ka=49216
ATTO t=601677345000 h=2 q=480 z=16 acc=7680 dest=82880
ATTQK t=601703725000 ard=-108 ardb=-196 qa=33760 ka=49248
ATTO t=601716305000 h=3 q=140 z=16 acc=2240 dest=82912
MV0 t=601742695000 ly=0 ten_o=5 acc=0 dest=81920
MV0 t=602399335000 ly=0 ten_o=5 acc=0 dest=82048
MV0 t=603055975000 ly=0 ten_o=5 acc=0 dest=82176
MV0 t=603712615000 ly=0 ten_o=5 acc=0 dest=82304
MV0 t=604369255000 ly=0 ten_o=5 acc=0 dest=82432
MV0 t=605025895000 ly=0 ten_o=5 acc=0 dest=82560
MV0 t=605682535000 ly=0 ten_o=5 acc=0 dest=82688
MV0 t=606339175000 ly=0 ten_o=5 acc=0 dest=82816
ADD t=606995805000 ly=0 ten=0 ard=-8 ardb=29720
ADD t=606999645000 ly=0 ten=0 ard=7 ardb=32767
ADD t=607003485000 ly=0 ten=0 ard=-1 ardb=-13636
ADD t=607007325000 ly=0 ten=0 ard=-1 ardb=10216
ADD t=607011165000 ly=0 ten=0 ard=8 ardb=32767
ADD t=607015005000 ly=0 ten=0 ard=-5 ardb=32767
ADD t=607018845000 ly=0 ten=0 ard=-3 ardb=32767
ADD t=607022685000 ly=0 ten=0 ard=-5 ardb=-12220
LNV t=607035995000 acc=51678330375 var=807473912 mu=-129
LNO t=607037265000 ly=0 ten=6 ard=29712 mu=-129 sc=20093 q=23
LNV t=607116615000 acc=67000242379 var=1046878787 mu=2161
LNO t=607117885000 ly=0 ten=6 ard=32767 mu=2161 sc=22878 q=21
LNV t=607197235000 acc=56188947213 var=877952300 mu=-813
LNO t=607198505000 ly=0 ten=6 ard=-13637 mu=-813 sc=20951 q=-10
LNV t=607277855000 acc=66183866542 var=1034122914 mu=651
LNO t=607279125000 ly=0 ten=6 ard=10215 mu=651 sc=22738 q=6
LNV t=607358475000 acc=72770142828 var=1137033481 mu=3236
LNO t=607359745000 ly=0 ten=6 ard=32767 mu=3236 sc=23843 q=19
LNV t=607439095000 acc=79492092130 var=1242063939 mu=342
LNO t=607440365000 ly=0 ten=6 ard=32762 mu=342 sc=24920 q=20
LNV t=607519715000 acc=73920485118 var=1155007579 mu=4913
LNO t=607520985000 ly=0 ten=6 ard=32764 mu=4913 sc=24031 q=18
LNV t=607600335000 acc=58882065062 var=920032266 mu=-1038
LNO t=607601605000 ly=0 ten=6 ard=-12225 mu=-1038 sc=21447 q=-9
MV0 t=607671495000 ly=0 ten_o=0 acc=0 dest=0
MV0 t=608984775000 ly=0 ten_o=0 acc=0 dest=128
MV0 t=610298055000 ly=0 ten_o=0 acc=0 dest=256
MV0 t=611611335000 ly=0 ten_o=0 acc=0 dest=384
MV0 t=612924615000 ly=0 ten_o=0 acc=0 dest=512
MV0 t=614237895000 ly=0 ten_o=0 acc=0 dest=640
MV0 t=615551175000 ly=0 ten_o=0 acc=0 dest=768
MV0 t=616864455000 ly=0 ten_o=0 acc=0 dest=896
MV0 t=618177735000 ly=0 ten_o=6 acc=0 dest=98304
MV0 t=619489735000 ly=0 ten_o=6 acc=0 dest=98432
MV0 t=620801735000 ly=0 ten_o=6 acc=0 dest=98560
MV0 t=622113735000 ly=0 ten_o=6 acc=0 dest=98688
MV0 t=623425735000 ly=0 ten_o=6 acc=0 dest=98816
MV0 t=624737735000 ly=0 ten_o=6 acc=0 dest=98944
MV0 t=626049735000 ly=0 ten_o=6 acc=0 dest=99072
MV0 t=627361735000 ly=0 ten_o=6 acc=0 dest=99200
ADD t=628673725000 ly=0 ten=1 ard=29712 ardb=-4547
ADD t=628677565000 ly=0 ten=1 ard=32767 ardb=11277
ADD t=628681405000 ly=0 ten=1 ard=-13637 ardb=19727
ADD t=628685245000 ly=0 ten=1 ard=10215 ardb=-5113
ADD t=628689085000 ly=0 ten=1 ard=32767 ardb=7265
ADD t=628692925000 ly=0 ten=1 ard=32762 ardb=7262
ADD t=628696765000 ly=0 ten=1 ard=32764 ardb=7985
ADD t=628700605000 ly=0 ten=1 ard=-12225 ardb=12085
LNV t=628713915000 acc=64022008944 var=1000343889 mu=27
LNO t=628715185000 ly=1 ten=0 ard=25165 mu=27 sc=22364 q=17
LNV t=628794535000 acc=67112008373 var=1048625130 mu=2189
LNO t=628795805000 ly=1 ten=0 ard=32767 mu=2189 sc=22897 q=21
LNV t=628875155000 acc=75766119977 var=1183845624 mu=-517
LNO t=628876425000 ly=1 ten=0 ard=6090 mu=-517 sc=24329 q=4
LNV t=628955775000 acc=67944593607 var=1061634275 mu=2839
LNO t=628957045000 ly=1 ten=0 ard=5102 mu=2839 sc=23039 q=1
LNV t=629036395000 acc=69627437489 var=1087928710 mu=3889
LNO t=629037665000 ly=1 ten=0 ard=32767 mu=3889 sc=23323 q=19
LNV t=629117015000 acc=80950273006 var=1264848015 mu=1256
LNO t=629118285000 ly=1 ten=0 ard=32767 mu=1256 sc=25148 q=20
LNV t=629197635000 acc=63328365541 var=989505711 mu=4113
LNO t=629198905000 ly=1 ten=0 ard=32767 mu=4113 sc=22243 q=20
LNV t=629278255000 acc=68276571511 var=1066821429 mu=-671
LNO t=629279525000 ly=1 ten=0 ard=-140 mu=-671 sc=23095 q=0
MV0 t=629349415000 ly=1 ten_o=2 acc=0 dest=32768
MV0 t=630006055000 ly=1 ten_o=2 acc=0 dest=32896
MV0 t=630662695000 ly=1 ten_o=2 acc=0 dest=33024
MV0 t=631319335000 ly=1 ten_o=2 acc=0 dest=33152
MV0 t=631975975000 ly=1 ten_o=2 acc=0 dest=33280
MV0 t=632632615000 ly=1 ten_o=2 acc=0 dest=33408
MV0 t=633289255000 ly=1 ten_o=2 acc=0 dest=33536
MV0 t=633945895000 ly=1 ten_o=2 acc=0 dest=33664
MV0 t=634602535000 ly=1 ten_o=3 acc=0 dest=49152
MV0 t=635259175000 ly=1 ten_o=3 acc=0 dest=49280
MV0 t=635915815000 ly=1 ten_o=3 acc=0 dest=49408
MV0 t=636572455000 ly=1 ten_o=3 acc=0 dest=49536
MV0 t=637229095000 ly=1 ten_o=3 acc=0 dest=49664
MV0 t=637885735000 ly=1 ten_o=3 acc=0 dest=49792
MV0 t=638542375000 ly=1 ten_o=3 acc=0 dest=49920
MV0 t=639199015000 ly=1 ten_o=3 acc=0 dest=50048
MV0 t=639855655000 ly=1 ten_o=4 acc=0 dest=65536
MV0 t=640512295000 ly=1 ten_o=4 acc=0 dest=65664
MV0 t=641168935000 ly=1 ten_o=4 acc=0 dest=65792
MV0 t=641825575000 ly=1 ten_o=4 acc=0 dest=65920
MV0 t=642482215000 ly=1 ten_o=4 acc=0 dest=66048
MV0 t=643138855000 ly=1 ten_o=4 acc=0 dest=66176
MV0 t=643795495000 ly=1 ten_o=4 acc=0 dest=66304
MV0 t=644452135000 ly=1 ten_o=4 acc=0 dest=66432
ATTQK t=645108765000 ard=696 ardb=-841 qa=32768 ka=49152
ATTO t=645111895000 h=0 q=-792 z=16 acc=-12672 dest=81920
ATTQK t=645129595000 ard=144 ardb=25 qa=32800 ka=49184
ATTO t=645132725000 h=1 q=-737 z=16 acc=-11792 dest=81952
ATTQK t=645150425000 ard=-869 ardb=-104 qa=32832 ka=49216
ATTO t=645153555000 h=2 q=101 z=16 acc=1616 dest=81984
ATTQK t=645171255000 ard=-1187 ardb=1091 qa=32864 ka=49248
ATTO t=645174385000 h=3 q=597 z=16 acc=9552 dest=82016
ATTQK t=645192085000 ard=839 ardb=-841 qa=32896 ka=49152
ATTO t=645196565000 h=0 q=-1278 z=16 acc=-20448 dest=82048
ATTQK t=645215505000 ard=302 ardb=25 qa=32928 ka=49184
ATTO t=645219985000 h=1 q=-186 z=16 acc=-2976 dest=82080
ATTQK t=645238925000 ard=-90 ardb=-104 qa=32960 ka=49216
ATTO t=645243405000 h=2 q=101 z=16 acc=1616 dest=82112
ATTQK t=645262345000 ard=35 ardb=1091 qa=32992 ka=49248
ATTO t=645266825000 h=3 q=522 z=16 acc=8352 dest=82144
ATTQK t=645285765000 ard=-216 ardb=-841 qa=33024 ka=49152
ATTO t=645291595000 h=0 q=-1225 z=16 acc=-19600 dest=82176
ATTQK t=645311775000 ard=170 ardb=25 qa=33056 ka=49184
ATTO t=645317605000 h=1 q=-737 z=16 acc=-11792 dest=82208
ATTQK t=645337785000 ard=978 ardb=-104 qa=33088 ka=49216
ATTO t=645343615000 h=2 q=101 z=16 acc=1616 dest=82240
ATTQK t=645363795000 ard=-1217 ardb=1091 qa=33120 ka=49248
ATTO t=645369625000 h=3 q=507 z=16 acc=8112 dest=82272
ATTQK t=645389805000 ard=431 ardb=-841 qa=33152 ka=49152
ATTO t=645396985000 h=0 q=-206 z=16 acc=-3296 dest=82304
ATTQK t=645418405000 ard=181 ardb=25 qa=33184 ka=49184
ATTO t=645425585000 h=1 q=794 z=16 acc=12704 dest=82336
ATTQK t=645447005000 ard=963 ardb=-104 qa=33216 ka=49216
ATTO t=645454185000 h=2 q=101 z=16 acc=1616 dest=82368
ATTQK t=645475605000 ard=-204 ardb=1091 qa=33248 ka=49248
ATTO t=645482785000 h=3 q=507 z=16 acc=8112 dest=82400
ATTQK t=645504205000 ard=181 ardb=-841 qa=33280 ka=49152
ATTO t=645512735000 h=0 q=-206 z=16 acc=-3296 dest=82432
ATTQK t=645535395000 ard=361 ardb=25 qa=33312 ka=49184
ATTO t=645543925000 h=1 q=-186 z=16 acc=-2976 dest=82464
ATTQK t=645566585000 ard=338 ardb=-104 qa=33344 ka=49216
ATTO t=645575115000 h=2 q=101 z=16 acc=1616 dest=82496
ATTQK t=645597775000 ard=551 ardb=1091 qa=33376 ka=49248
ATTO t=645606305000 h=3 q=507 z=16 acc=8112 dest=82528
ATTQK t=645628965000 ard=1008 ardb=-841 qa=33408 ka=49152
ATTO t=645638845000 h=0 q=-206 z=16 acc=-3296 dest=82560
ATTQK t=645662745000 ard=414 ardb=25 qa=33440 ka=49184
ATTO t=645672625000 h=1 q=-65 z=16 acc=-1040 dest=82592
ATTQK t=645696525000 ard=-22 ardb=-104 qa=33472 ka=49216
ATTO t=645706405000 h=2 q=101 z=16 acc=1616 dest=82624
ATTQK t=645730305000 ard=-517 ardb=1091 qa=33504 ka=49248
ATTO t=645740185000 h=3 q=1131 z=16 acc=18096 dest=82656
ATTQK t=645764085000 ard=-474 ardb=-841 qa=33536 ka=49152
ATTO t=645775315000 h=0 q=-206 z=16 acc=-3296 dest=82688
ATTQK t=645800455000 ard=622 ardb=25 qa=33568 ka=49184
ATTO t=645811685000 h=1 q=713 z=16 acc=11408 dest=82720
ATTQK t=645836825000 ard=113 ardb=-104 qa=33600 ka=49216
ATTO t=645848055000 h=2 q=101 z=16 acc=1616 dest=82752
ATTQK t=645873195000 ard=-304 ardb=1091 qa=33632 ka=49248
ATTO t=645884425000 h=3 q=883 z=16 acc=14128 dest=82784
ATTQK t=645909565000 ard=-355 ardb=-841 qa=33664 ka=49152
ATTO t=645922145000 h=0 q=-1403 z=16 acc=-22448 dest=82816
ATTQK t=645948525000 ard=-393 ardb=25 qa=33696 ka=49184
ATTO t=645961105000 h=1 q=794 z=16 acc=12704 dest=82848
ATTQK t=645987485000 ard=-218 ardb=-104 qa=33728 ka=49216
ATTO t=646000065000 h=2 q=101 z=16 acc=1616 dest=82880
ATTQK t=646026445000 ard=-1760 ardb=1091 qa=33760 ka=49248
ATTO t=646039025000 h=3 q=426 z=16 acc=6816 dest=82912
MV0 t=646065415000 ly=1 ten_o=5 acc=0 dest=81920
MV0 t=646722055000 ly=1 ten_o=5 acc=0 dest=82048
MV0 t=647378695000 ly=1 ten_o=5 acc=0 dest=82176
MV0 t=648035335000 ly=1 ten_o=5 acc=0 dest=82304
MV0 t=648691975000 ly=1 ten_o=5 acc=0 dest=82432
MV0 t=649348615000 ly=1 ten_o=5 acc=0 dest=82560
MV0 t=650005255000 ly=1 ten_o=5 acc=0 dest=82688
MV0 t=650661895000 ly=1 ten_o=5 acc=0 dest=82816
ADD t=651318525000 ly=1 ten=0 ard=25165 ardb=-32768
ADD t=651322365000 ly=1 ten=0 ard=32767 ardb=2649
ADD t=651326205000 ly=1 ten=0 ard=6090 ardb=-6637
ADD t=651330045000 ly=1 ten=0 ard=5102 ardb=913
ADD t=651333885000 ly=1 ten=0 ard=32767 ardb=7513
ADD t=651337725000 ly=1 ten=0 ard=32767 ardb=-32768
ADD t=651341565000 ly=1 ten=0 ard=32767 ardb=6594
ADD t=651345405000 ly=1 ten=0 ard=-140 ardb=-5705
LNV t=651358715000 acc=60045989292 var=938218582 mu=3
LNO t=651359985000 ly=1 ten=6 ard=-7603 mu=3 sc=21658 q=-6
LNV t=651439335000 acc=69497275726 var=1085894933 mu=844
LNO t=651440605000 ly=1 ten=6 ard=32767 mu=844 sc=23301 q=21
LNV t=651519955000 acc=66560065238 var=1040001019 mu=-2394
LNO t=651521225000 ly=1 ten=6 ard=-547 mu=-2394 sc=22803 q=1
LNV t=651600575000 acc=70491131868 var=1101423935 mu=2087
LNO t=651601845000 ly=1 ten=6 ard=6015 mu=2087 sc=23467 q=2
LNV t=651681195000 acc=72322068407 var=1130032318 mu=2503
LNO t=651682465000 ly=1 ten=6 ard=32767 mu=2503 sc=23770 q=20
LNV t=651761815000 acc=73315462409 var=1145554100 mu=940
LNO t=651763085000 ly=1 ten=6 ard=-1 mu=940 sc=23932 q=-1
LNV t=651842435000 acc=72699760422 var=1135933756 mu=1169
LNO t=651843705000 ly=1 ten=6 ard=32767 mu=1169 sc=23832 q=21
LNV t=651923055000 acc=66782478499 var=1043476226 mu=-1603
LNO t=651924325000 ly=1 ten=6 ard=-5845 mu=-1603 sc=22841 q=-3
MV0 t=651994215000 ly=1 ten_o=0 acc=0 dest=0
MV0 t=653307495000 ly=1 ten_o=0 acc=0 dest=128
MV0 t=654620775000 ly=1 ten_o=0 acc=0 dest=256
MV0 t=655934055000 ly=1 ten_o=0 acc=0 dest=384
MV0 t=657247335000 ly=1 ten_o=0 acc=0 dest=512
MV0 t=658560615000 ly=1 ten_o=0 acc=0 dest=640
MV0 t=659873895000 ly=1 ten_o=0 acc=0 dest=768
MV0 t=661187175000 ly=1 ten_o=0 acc=0 dest=896
MV0 t=662500455000 ly=1 ten_o=6 acc=0 dest=98304
MV0 t=663812455000 ly=1 ten_o=6 acc=0 dest=98432
MV0 t=665124455000 ly=1 ten_o=6 acc=0 dest=98560
MV0 t=666436455000 ly=1 ten_o=6 acc=0 dest=98688
MV0 t=667748455000 ly=1 ten_o=6 acc=0 dest=98816
MV0 t=669060455000 ly=1 ten_o=6 acc=0 dest=98944
MV0 t=670372455000 ly=1 ten_o=6 acc=0 dest=99072
MV0 t=671684455000 ly=1 ten_o=6 acc=0 dest=99200
ADD t=672996445000 ly=1 ten=1 ard=-7603 ardb=2613
ADD t=673000285000 ly=1 ten=1 ard=32767 ardb=-15224
ADD t=673004125000 ly=1 ten=1 ard=-547 ardb=-32768
ADD t=673007965000 ly=1 ten=1 ard=6015 ardb=-32768
ADD t=673011805000 ly=1 ten=1 ard=32767 ardb=7052
ADD t=673015645000 ly=1 ten=1 ard=-1 ardb=-6612
ADD t=673019485000 ly=1 ten=1 ard=32767 ardb=5990
ADD t=673023325000 ly=1 ten=1 ard=-5845 ardb=-7659
LNV t=673036635000 acc=66120200936 var=1033128139 mu=2241
LNO t=673037905000 ly=2 ten=0 ard=-4990 mu=2241 sc=22728 q=-6
LNV t=673117255000 acc=75428153502 var=1178564898 mu=1495
LNO t=673118525000 ly=2 ten=0 ard=17543 mu=1495 sc=24275 q=10
LNV t=673197875000 acc=66691194373 var=1042049912 mu=-2220
LNO t=673199145000 ly=2 ten=0 ard=-32768 mu=-2220 sc=22825 q=-22
LNV t=673278495000 acc=74095060347 var=1157735317 mu=2767
LNO t=673279765000 ly=2 ten=0 ard=-26753 mu=2767 sc=24059 q=-20
LNV t=673359115000 acc=76677077827 var=1198079341 mu=1701
LNO t=673360385000 ly=2 ten=0 ard=32767 mu=1701 sc=24475 q=20
LNV t=673439735000 acc=76484792144 var=1195074877 mu=2758
LNO t=673441005000 ly=2 ten=0 ard=-6613 mu=2758 sc=24444 q=-7
LNV t=673520355000 acc=77948111055 var=1217939235 mu=1542
LNO t=673521625000 ly=2 ten=0 ard=32767 mu=1542 sc=24677 q=20
LNV t=673600975000 acc=65459920886 var=1022811263 mu=371
LNO t=673602245000 ly=2 ten=0 ard=-13504 mu=371 sc=22614 q=-10
MV0 t=673672135000 ly=2 ten_o=2 acc=0 dest=32768
MV0 t=674328775000 ly=2 ten_o=2 acc=0 dest=32896
MV0 t=674985415000 ly=2 ten_o=2 acc=0 dest=33024
MV0 t=675642055000 ly=2 ten_o=2 acc=0 dest=33152
MV0 t=676298695000 ly=2 ten_o=2 acc=0 dest=33280
MV0 t=676955335000 ly=2 ten_o=2 acc=0 dest=33408
MV0 t=677611975000 ly=2 ten_o=2 acc=0 dest=33536
MV0 t=678268615000 ly=2 ten_o=2 acc=0 dest=33664
MV0 t=678925255000 ly=2 ten_o=3 acc=0 dest=49152
MV0 t=679581895000 ly=2 ten_o=3 acc=0 dest=49280
MV0 t=680238535000 ly=2 ten_o=3 acc=0 dest=49408
MV0 t=680895175000 ly=2 ten_o=3 acc=0 dest=49536
MV0 t=681551815000 ly=2 ten_o=3 acc=0 dest=49664
MV0 t=682208455000 ly=2 ten_o=3 acc=0 dest=49792
MV0 t=682865095000 ly=2 ten_o=3 acc=0 dest=49920
MV0 t=683521735000 ly=2 ten_o=3 acc=0 dest=50048
MV0 t=684178375000 ly=2 ten_o=4 acc=0 dest=65536
MV0 t=684835015000 ly=2 ten_o=4 acc=0 dest=65664
MV0 t=685491655000 ly=2 ten_o=4 acc=0 dest=65792
MV0 t=686148295000 ly=2 ten_o=4 acc=0 dest=65920
MV0 t=686804935000 ly=2 ten_o=4 acc=0 dest=66048
MV0 t=687461575000 ly=2 ten_o=4 acc=0 dest=66176
MV0 t=688118215000 ly=2 ten_o=4 acc=0 dest=66304
MV0 t=688774855000 ly=2 ten_o=4 acc=0 dest=66432
ATTQK t=689431485000 ard=64 ardb=193 qa=32768 ka=49152
ATTO t=689434615000 h=0 q=-550 z=16 acc=-8800 dest=81920
ATTQK t=689452315000 ard=43 ardb=417 qa=32800 ka=49184
ATTO t=689455445000 h=1 q=752 z=16 acc=12032 dest=81952
ATTQK t=689473145000 ard=-152 ardb=-416 qa=32832 ka=49216
ATTO t=689476275000 h=2 q=845 z=16 acc=13520 dest=81984
ATTQK t=689493975000 ard=453 ardb=-107 qa=32864 ka=49248
ATTO t=689497105000 h=3 q=461 z=16 acc=7376 dest=82016
ATTQK t=689514805000 ard=-717 ardb=193 qa=32896 ka=49152
ATTO t=689519285000 h=0 q=-550 z=16 acc=-8800 dest=82048
ATTQK t=689538225000 ard=-775 ardb=417 qa=32928 ka=49184
ATTO t=689542705000 h=1 q=559 z=16 acc=8944 dest=82080
ATTQK t=689561645000 ard=722 ardb=-416 qa=32960 ka=49216
ATTO t=689566125000 h=2 q=769 z=16 acc=12304 dest=82112
ATTQK t=689585065000 ard=259 ardb=-107 qa=32992 ka=49248
ATTO t=689589545000 h=3 q=-384 z=16 acc=-6144 dest=82144
ATTQK t=689608485000 ard=-86 ardb=193 qa=33024 ka=49152
ATTO t=689614315000 h=0 q=-550 z=16 acc=-8800 dest=82176
ATTQK t=689634495000 ard=-767 ardb=417 qa=33056 ka=49184
ATTO t=689640325000 h=1 q=752 z=16 acc=12032 dest=82208
ATTQK t=689660505000 ard=1944 ardb=-416 qa=33088 ka=49216
ATTO t=689666335000 h=2 q=-1961 z=16 acc=-31376 dest=82240
ATTQK t=689686515000 ard=1218 ardb=-107 qa=33120 ka=49248
ATTO t=689692345000 h=3 q=461 z=16 acc=7376 dest=82272
ATTQK t=689712525000 ard=-143 ardb=193 qa=33152 ka=49152
ATTO t=689719705000 h=0 q=-550 z=16 acc=-8800 dest=82304
ATTQK t=689741125000 ard=-601 ardb=417 qa=33184 ka=49184
ATTO t=689748305000 h=1 q=752 z=16 acc=12032 dest=82336
ATTQK t=689769725000 ard=1561 ardb=-416 qa=33216 ka=49216
ATTO t=689776905000 h=2 q=-1961 z=16 acc=-31376 dest=82368
ATTQK t=689798325000 ard=418 ardb=-107 qa=33248 ka=49248
ATTO t=689805505000 h=3 q=-384 z=16 acc=-6144 dest=82400
ATTQK t=689826925000 ard=26 ardb=193 qa=33280 ka=49152
ATTO t=689835455000 h=0 q=-550 z=16 acc=-8800 dest=82432
ATTQK t=689858115000 ard=-570 ardb=417 qa=33312 ka=49184
ATTO t=689866645000 h=1 q=-23 z=16 acc=-368 dest=82464
ATTQK t=689889305000 ard=1334 ardb=-416 qa=33344 ka=49216
ATTO t=689897835000 h=2 q=769 z=16 acc=12304 dest=82496
ATTQK t=689920495000 ard=736 ardb=-107 qa=33376 ka=49248
ATTO t=689929025000 h=3 q=-210 z=16 acc=-3360 dest=82528
ATTQK t=689951685000 ard=-698 ardb=193 qa=33408 ka=49152
ATTO t=689961565000 h=0 q=-550 z=16 acc=-8800 dest=82560
ATTQK t=689985465000 ard=4 ardb=417 qa=33440 ka=49184
ATTO t=689995345000 h=1 q=745 z=16 acc=11920 dest=82592
ATTQK t=690019245000 ard=1320 ardb=-416 qa=33472 ka=49216
ATTO t=690029125000 h=2 q=-1961 z=16 acc=-31376 dest=82624
ATTQK t=690053025000 ard=144 ardb=-107 qa=33504 ka=49248
ATTO t=690062905000 h=3 q=461 z=16 acc=7376 dest=82656
ATTQK t=690086805000 ard=-244 ardb=193 qa=33536 ka=49152
ATTO t=690098035000 h=0 q=-550 z=16 acc=-8800 dest=82688
ATTQK t=690123175000 ard=60 ardb=417 qa=33568 ka=49184
ATTO t=690134405000 h=1 q=-444 z=16 acc=-7104 dest=82720
ATTQK t=690159545000 ard=316 ardb=-416 qa=33600 ka=49216
ATTO t=690170775000 h=2 q=512 z=16 acc=8192 dest=82752
ATTQK t=690195915000 ard=81 ardb=-107 qa=33632 ka=49248
ATTO t=690207145000 h=3 q=-210 z=16 acc=-3360 dest=82784
ATTQK t=690232285000 ard=-587 ardb=193 qa=33664 ka=49152
ATTO t=690244865000 h=0 q=87 z=16 acc=1392 dest=82816
ATTQK t=690271245000 ard=115 ardb=417 qa=33696 ka=49184
ATTO t=690283825000 h=1 q=230 z=16 acc=3680 dest=82848
ATTQK t=690310205000 ard=1034 ardb=-416 qa=33728 ka=49216
ATTO t=690322785000 h=2 q=-1961 z=16 acc=-31376 dest=82880
ATTQK t=690349165000 ard=-152 ardb=-107 qa=33760 ka=49248
ATTO t=690361745000 h=3 q=-120 z=16 acc=-1920 dest=82912
MV0 t=690388135000 ly=2 ten_o=5 acc=0 dest=81920
MV0 t=691044775000 ly=2 ten_o=5 acc=0 dest=82048
MV0 t=691701415000 ly=2 ten_o=5 acc=0 dest=82176
MV0 t=692358055000 ly=2 ten_o=5 acc=0 dest=82304
MV0 t=693014695000 ly=2 ten_o=5 acc=0 dest=82432
MV0 t=693671335000 ly=2 ten_o=5 acc=0 dest=82560
MV0 t=694327975000 ly=2 ten_o=5 acc=0 dest=82688
MV0 t=694984615000 ly=2 ten_o=5 acc=0 dest=82816
ADD t=695641245000 ly=2 ten=0 ard=-4990 ardb=5540
ADD t=695645085000 ly=2 ten=0 ard=17543 ardb=14538
ADD t=695648925000 ly=2 ten=0 ard=-32768 ardb=-17853
ADD t=695652765000 ly=2 ten=0 ard=-26753 ardb=1689
ADD t=695656605000 ly=2 ten=0 ard=32767 ardb=-28203
ADD t=695660445000 ly=2 ten=0 ard=-6613 ardb=-23308
ADD t=695664285000 ly=2 ten=0 ard=32767 ardb=5533
ADD t=695668125000 ly=2 ten=0 ard=-13504 ardb=-16867
LNV t=695681435000 acc=70848102711 var=1107001604 mu=1992
LNO t=695682705000 ly=2 ten=6 ard=550 mu=1992 sc=23526 q=-1
LNV t=695762055000 acc=79268083828 var=1238563809 mu=2817
LNO t=695763325000 ly=2 ten=6 ard=32081 mu=2817 sc=24885 q=18
LNV t=695842675000 acc=74329464418 var=1161397881 mu=-2754
LNO t=695843945000 ly=2 ten=6 ard=-32768 mu=-2754 sc=24097 q=-20
LNV t=695923295000 acc=78709555016 var=1229836797 mu=2996
LNO t=695924565000 ly=2 ten=6 ard=-25064 mu=2996 sc=24797 q=-19
LNV t=696003915000 acc=68031609322 var=1062993895 mu=805
LNO t=696005185000 ly=2 ten=6 ard=4564 mu=805 sc=23054 q=2
LNV t=696084535000 acc=77314003741 var=1208031308 mu=466
LNO t=696085805000 ly=2 ten=6 ard=-29921 mu=466 sc=24576 q=-20
LNV t=696165155000 acc=82783040512 var=1293485008 mu=476
LNO t=696166425000 ly=2 ten=6 ard=32767 mu=476 sc=25431 q=20
LNV t=696245775000 acc=81374280600 var=1271473134 mu=699
LNO t=696247045000 ly=2 ten=6 ard=-30371 mu=699 sc=25213 q=-20
MV0 t=696316935000 ly=2 ten_o=0 acc=0 dest=0
MV0 t=697630215000 ly=2 ten_o=0 acc=0 dest=128
MV0 t=698943495000 ly=2 ten_o=0 acc=0 dest=256
MV0 t=700256775000 ly=2 ten_o=0 acc=0 dest=384
MV0 t=701570055000 ly=2 ten_o=0 acc=0 dest=512
MV0 t=702883335000 ly=2 ten_o=0 acc=0 dest=640
MV0 t=704196615000 ly=2 ten_o=0 acc=0 dest=768
MV0 t=705509895000 ly=2 ten_o=0 acc=0 dest=896
MV0 t=706823175000 ly=2 ten_o=6 acc=0 dest=98304
MV0 t=708135175000 ly=2 ten_o=6 acc=0 dest=98432
MV0 t=709447175000 ly=2 ten_o=6 acc=0 dest=98560
MV0 t=710759175000 ly=2 ten_o=6 acc=0 dest=98688
MV0 t=712071175000 ly=2 ten_o=6 acc=0 dest=98816
MV0 t=713383175000 ly=2 ten_o=6 acc=0 dest=98944
MV0 t=714695175000 ly=2 ten_o=6 acc=0 dest=99072
MV0 t=716007175000 ly=2 ten_o=6 acc=0 dest=99200
ADD t=717319165000 ly=2 ten=1 ard=550 ardb=19381
ADD t=717323005000 ly=2 ten=1 ard=32081 ardb=-7780
ADD t=717326845000 ly=2 ten=1 ard=-32768 ardb=-32768
ADD t=717330685000 ly=2 ten=1 ard=-25064 ardb=-21237
ADD t=717334525000 ly=2 ten=1 ard=4564 ardb=4758
ADD t=717338365000 ly=2 ten=1 ard=-29921 ardb=3631
ADD t=717342205000 ly=2 ten=1 ard=32767 ardb=-16686
ADD t=717346045000 ly=2 ten=1 ard=-30371 ardb=14569
LNV t=717359355000 acc=85352424811 var=1333631637 mu=1996
LNO t=717360625000 ly=3 ten=0 ard=19931 mu=1996 sc=25822 q=11
LNV t=717439975000 acc=73063600155 var=1141618752 mu=2364
LNO t=717441245000 ly=3 ten=0 ard=24301 mu=2364 sc=23891 q=14
LNV t=717520595000 acc=64122519823 var=1001914372 mu=-3991
LNO t=717521865000 ly=3 ten=0 ard=-32768 mu=-3991 sc=22382 q=-21
LNV t=717601215000 acc=72296496837 var=1129632763 mu=1056
LNO t=717602485000 ly=3 ten=0 ard=-32768 mu=1056 sc=23765 q=-23
LNV t=717681835000 acc=81261576411 var=1269712131 mu=1218
LNO t=717683105000 ly=3 ten=0 ard=9322 mu=1218 sc=25196 q=5
LNV t=717762455000 acc=77240097528 var=1206876523 mu=-1304
LNO t=717763725000 ly=3 ten=0 ard=-26290 mu=-1304 sc=24564 q=-17
LNV t=717843075000 acc=68130425149 var=1064537892 mu=638
LNO t=717844345000 ly=3 ten=0 ard=16081 mu=638 sc=23070 q=10
LNV t=717923695000 acc=70760206019 var=1105628219 mu=808
LNO t=717924965000 ly=3 ten=0 ard=-15802 mu=808 sc=23511 q=-12
MV0 t=717994855000 ly=3 ten_o=2 acc=0 dest=32768
MV0 t=718651495000 ly=3 ten_o=2 acc=0 dest=32896
MV0 t=719308135000 ly=3 ten_o=2 acc=0 dest=33024
MV0 t=719964775000 ly=3 ten_o=2 acc=0 dest=33152
MV0 t=720621415000 ly=3 ten_o=2 acc=0 dest=33280
MV0 t=721278055000 ly=3 ten_o=2 acc=0 dest=33408
MV0 t=721934695000 ly=3 ten_o=2 acc=0 dest=33536
MV0 t=722591335000 ly=3 ten_o=2 acc=0 dest=33664
MV0 t=723247975000 ly=3 ten_o=3 acc=0 dest=49152
MV0 t=723904615000 ly=3 ten_o=3 acc=0 dest=49280
MV0 t=724561255000 ly=3 ten_o=3 acc=0 dest=49408
MV0 t=725217895000 ly=3 ten_o=3 acc=0 dest=49536
MV0 t=725874535000 ly=3 ten_o=3 acc=0 dest=49664
MV0 t=726531175000 ly=3 ten_o=3 acc=0 dest=49792
MV0 t=727187815000 ly=3 ten_o=3 acc=0 dest=49920
MV0 t=727844455000 ly=3 ten_o=3 acc=0 dest=50048
MV0 t=728501095000 ly=3 ten_o=4 acc=0 dest=65536
MV0 t=729157735000 ly=3 ten_o=4 acc=0 dest=65664
MV0 t=729814375000 ly=3 ten_o=4 acc=0 dest=65792
MV0 t=730471015000 ly=3 ten_o=4 acc=0 dest=65920
MV0 t=731127655000 ly=3 ten_o=4 acc=0 dest=66048
MV0 t=731784295000 ly=3 ten_o=4 acc=0 dest=66176
MV0 t=732440935000 ly=3 ten_o=4 acc=0 dest=66304
MV0 t=733097575000 ly=3 ten_o=4 acc=0 dest=66432
ATTQK t=733754205000 ard=-167 ardb=-828 qa=32768 ka=49152
ATTO t=733757335000 h=0 q=749 z=16 acc=11984 dest=81920
ATTQK t=733775035000 ard=1422 ardb=355 qa=32800 ka=49184
ATTO t=733778165000 h=1 q=1190 z=16 acc=19040 dest=81952
ATTQK t=733795865000 ard=229 ardb=-39 qa=32832 ka=49216
ATTO t=733798995000 h=2 q=106 z=16 acc=1696 dest=81984
ATTQK t=733816695000 ard=-589 ardb=119 qa=32864 ka=49248
ATTO t=733819825000 h=3 q=757 z=16 acc=12112 dest=82016
ATTQK t=733837525000 ard=-271 ardb=-828 qa=32896 ka=49152
ATTO t=733842005000 h=0 q=749 z=16 acc=11984 dest=82048
ATTQK t=733860945000 ard=1448 ardb=355 qa=32928 ka=49184
ATTO t=733865425000 h=1 q=958 z=16 acc=15328 dest=82080
ATTQK t=733884365000 ard=1561 ardb=-39 qa=32960 ka=49216
ATTO t=733888845000 h=2 q=106 z=16 acc=1696 dest=82112
ATTQK t=733907785000 ard=644 ardb=119 qa=32992 ka=49248
ATTO t=733912265000 h=3 q=757 z=16 acc=12112 dest=82144
ATTQK t=733931205000 ard=-515 ardb=-828 qa=33024 ka=49152
ATTO t=733937035000 h=0 q=749 z=16 acc=11984 dest=82176
ATTQK t=733957215000 ard=-573 ardb=355 qa=33056 ka=49184
ATTO t=733963045000 h=1 q=958 z=16 acc=15328 dest=82208
ATTQK t=733983225000 ard=1040 ardb=-39 qa=33088 ka=49216
ATTO t=733989055000 h=2 q=106 z=16 acc=1696 dest=82240
ATTQK t=734009235000 ard=581 ardb=119 qa=33120 ka=49248
ATTO t=734015065000 h=3 q=163 z=16 acc=2608 dest=82272
ATTQK t=734035245000 ard=-1256 ardb=-828 qa=33152 ka=49152
ATTO t=734042425000 h=0 q=749 z=16 acc=11984 dest=82304
ATTQK t=734063845000 ard=533 ardb=355 qa=33184 ka=49184
ATTO t=734071025000 h=1 q=791 z=16 acc=12656 dest=82336
ATTQK t=734092445000 ard=715 ardb=-39 qa=33216 ka=49216
ATTO t=734099625000 h=2 q=862 z=16 acc=13792 dest=82368
ATTQK t=734121045000 ard=888 ardb=119 qa=33248 ka=49248
ATTO t=734128225000 h=3 q=757 z=16 acc=12112 dest=82400
ATTQK t=734149645000 ard=-1672 ardb=-828 qa=33280 ka=49152
ATTO t=734158175000 h=0 q=749 z=16 acc=11984 dest=82432
ATTQK t=734180835000 ard=1039 ardb=355 qa=33312 ka=49184
ATTO t=734189365000 h=1 q=958 z=16 acc=15328 dest=82464
ATTQK t=734212025000 ard=1297 ardb=-39 qa=33344 ka=49216
ATTO t=734220555000 h=2 q=9 z=16 acc=144 dest=82496
ATTQK t=734243215000 ard=-14 ardb=119 qa=33376 ka=49248
ATTO t=734251745000 h=3 q=-37 z=16 acc=-592 dest=82528
ATTQK t=734274405000 ard=-721 ardb=-828 qa=33408 ka=49152
ATTO t=734284285000 h=0 q=72 z=16 acc=1152 dest=82560
ATTQK t=734308185000 ard=585 ardb=355 qa=33440 ka=49184
ATTO t=734318065000 h=1 q=1122 z=16 acc=17952 dest=82592
ATTQK t=734341965000 ard=757 ardb=-39 qa=33472 ka=49216
ATTO t=734351845000 h=2 q=862 z=16 acc=13792 dest=82624
ATTQK t=734375745000 ard=542 ardb=119 qa=33504 ka=49248
ATTO t=734385625000 h=3 q=-37 z=16 acc=-592 dest=82656
ATTQK t=734409525000 ard=-603 ardb=-828 qa=33536 ka=49152
ATTO t=734420755000 h=0 q=-132 z=16 acc=-2112 dest=82688
ATTQK t=734445895000 ard=1375 ardb=355 qa=33568 ka=49184
ATTO t=734457125000 h=1 q=1122 z=16 acc=17952 dest=82720
ATTQK t=734482265000 ard=632 ardb=-39 qa=33600 ka=49216
ATTO t=734493495000 h=2 q=9 z=16 acc=144 dest=82752
ATTQK t=734518635000 ard=847 ardb=119 qa=33632 ka=49248
ATTO t=734529865000 h=3 q=-219 z=16 acc=-3504 dest=82784
ATTQK t=734555005000 ard=363 ardb=-828 qa=33664 ka=49152
ATTO t=734567585000 h=0 q=72 z=16 acc=1152 dest=82816
ATTQK t=734593965000 ard=516 ardb=355 qa=33696 ka=49184
ATTO t=734606545000 h=1 q=1122 z=16 acc=17952 dest=82848
ATTQK t=734632925000 ard=165 ardb=-39 qa=33728 ka=49216
ATTO t=734645505000 h=2 q=-1010 z=16 acc=-16160 dest=82880
ATTQK t=734671885000 ard=1176 ardb=119 qa=33760 ka=49248
ATTO t=734684465000 h=3 q=400 z=16 acc=6400 dest=82912
MV0 t=734710855000 ly=3 ten_o=5 acc=0 dest=81920
MV0 t=735367495000 ly=3 ten_o=5 acc=0 dest=82048
MV0 t=736024135000 ly=3 ten_o=5 acc=0 dest=82176
MV0 t=736680775000 ly=3 ten_o=5 acc=0 dest=82304
MV0 t=737337415000 ly=3 ten_o=5 acc=0 dest=82432
MV0 t=737994055000 ly=3 ten_o=5 acc=0 dest=82560
MV0 t=738650695000 ly=3 ten_o=5 acc=0 dest=82688
MV0 t=739307335000 ly=3 ten_o=5 acc=0 dest=82816
ADD t=739963965000 ly=3 ten=0 ard=19931 ardb=15295
ADD t=739967805000 ly=3 ten=0 ard=24301 ardb=17671
ADD t=739971645000 ly=3 ten=0 ard=-32768 ardb=32767
ADD t=739975485000 ly=3 ten=0 ard=-32768 ardb=-9029
ADD t=739979325000 ly=3 ten=0 ard=9322 ardb=1627
ADD t=739983165000 ly=3 ten=0 ard=-26290 ardb=-1519
ADD t=739987005000 ly=3 ten=0 ard=16081 ardb=-12954
ADD t=739990845000 ly=3 ten=0 ard=-15802 ardb=-3591
LNV t=740004155000 acc=76719462887 var=1198741607 mu=3812
LNO t=740005425000 ly=3 ten=6 ard=32767 mu=3812 sc=24482 q=18
LNV t=740084775000 acc=75131285469 var=1173926335 mu=3798
LNO t=740086045000 ly=3 ten=6 ard=32767 mu=3798 sc=24227 q=19
LNV t=740165395000 acc=78214043392 var=1222094428 mu=101
LNO t=740166665000 ly=3 ten=6 ard=-1 mu=101 sc=24719 q=-1
LNV t=740246015000 acc=70746152193 var=1105408628 mu=835
LNO t=740247285000 ly=3 ten=6 ard=-32768 mu=835 sc=23509 q=-23
LNV t=740326635000 acc=71192448237 var=1112382003 mu=2802
LNO t=740327905000 ly=3 ten=6 ard=10949 mu=2802 sc=23583 q=5
LNV t=740407255000 acc=73425217915 var=1147269029 mu=-1617
LNO t=740408525000 ly=3 ten=6 ard=-27809 mu=-1617 sc=23950 q=-18
LNV t=740487875000 acc=70550366596 var=1102349478 mu=470
LNO t=740489145000 ly=3 ten=6 ard=3127 mu=470 sc=23477 q=1
LNV t=740568495000 acc=75678129730 var=1182470777 mu=1318
LNO t=740569765000 ly=3 ten=6 ard=-19393 mu=1318 sc=24315 q=-14
MV0 t=740639655000 ly=3 ten_o=0 acc=0 dest=0
MV0 t=741952935000 ly=3 ten_o=0 acc=0 dest=128
MV0 t=743266215000 ly=3 ten_o=0 acc=0 dest=256
MV0 t=744579495000 ly=3 ten_o=0 acc=0 dest=384
MV0 t=745892775000 ly=3 ten_o=0 acc=0 dest=512
MV0 t=747206055000 ly=3 ten_o=0 acc=0 dest=640
MV0 t=748519335000 ly=3 ten_o=0 acc=0 dest=768
MV0 t=749832615000 ly=3 ten_o=0 acc=0 dest=896
MV0 t=751145895000 ly=3 ten_o=6 acc=0 dest=98304
MV0 t=752457895000 ly=3 ten_o=6 acc=0 dest=98432
MV0 t=753769895000 ly=3 ten_o=6 acc=0 dest=98560
MV0 t=755081895000 ly=3 ten_o=6 acc=0 dest=98688
MV0 t=756393895000 ly=3 ten_o=6 acc=0 dest=98816
MV0 t=757705895000 ly=3 ten_o=6 acc=0 dest=98944
MV0 t=759017895000 ly=3 ten_o=6 acc=0 dest=99072
MV0 t=760329895000 ly=3 ten_o=6 acc=0 dest=99200
ADD t=761641885000 ly=3 ten=1 ard=32767 ardb=8784
ADD t=761645725000 ly=3 ten=1 ard=32767 ardb=-20769
ADD t=761649565000 ly=3 ten=1 ard=-1 ardb=-24669
ADD t=761653405000 ly=3 ten=1 ard=-32768 ardb=-29661
ADD t=761657245000 ly=3 ten=1 ard=10949 ardb=13749
ADD t=761661085000 ly=3 ten=1 ard=-27809 ardb=-15239
ADD t=761664925000 ly=3 ten=1 ard=3127 ardb=572
ADD t=761668765000 ly=3 ten=1 ard=-19393 ardb=-2694
HEAD t=761672605000 col=0 wrd=6 ard=-22087 waddr=671744 aaddr=896 acc=0
MV0 t=761672615000 ly=3 ten_o=7 acc=0 dest=115584
HEAD t=761672645000 col=1 wrd=6 ard=-1 waddr=671745 aaddr=897 acc=-132522
SMX t=766925705000 logit0=741526
CFRAME C10 HOLDB OUT=237 TOPK=0f0e0d0c090b080a
GATE14_20_UART_XSIM_PASS MODE8=1 OUTA=549 OUTB=237 ckpt=fff
$finish called at time : 766956455 ns : File "D:/Jetking_sem4/SEM_4/arty-a7-online-lm-grok-orch-00/tests/xsim/tb_a7ng_gate14_20_uart.sv" Line 198
run: Time (s): cpu = 00:00:00 ; elapsed = 00:04:44 . Memory (MB): peak = 227.750 ; gain = 0.000
exit
INFO: xsimkernel Simulation Memory Usage: 21268 KB (Peak: 21268 KB), Simulation CPU Usage: 234733 ms
INFO: [Common 17-206] Exiting xsim at Thu Sep  3 00:56:26 2026...
