Copyright 1986-2022 Xilinx, Inc. All Rights Reserved. Copyright 2022-2026 Advanced Micro Devices, Inc. All Rights Reserved.
---------------------------------------------------------------------------------------------------------------------------------------------------------------
| Tool Version : Vivado v.2026.1 (win64) Build 6511674 Tue Jun 16 11:02:23 MDT 2026
| Date         : Thu Aug 20 11:15:47 2026
| Host         : laptop-Quan running 64-bit major release  (build 9200)
| Command      : report_timing_summary -delay_type min_max -max_paths 10 -file D:/Jetking_sem4/SEM_4/arty-a7-online-lm/build/out/a7eam03e_a03_timing_route.rpt
| Design       : arty_a7_eam03e_a03_top
| Device       : 7a100t-csg324
| Speed File   : -1  PRODUCTION 1.23 2018-06-13
| Design State : Routed
---------------------------------------------------------------------------------------------------------------------------------------------------------------

Timing Summary Report

------------------------------------------------------------------------------------------------
| Timer Settings
| --------------
------------------------------------------------------------------------------------------------

  Enable Multi Corner Analysis               :  Yes
  Enable Pessimism Removal                   :  Yes
  Pessimism Removal Resolution               :  Nearest Common Node
  Enable Input Delay Default Clock           :  No
  Enable Preset / Clear Arcs                 :  No
  Disable Flight Delays                      :  No
  Ignore I/O Paths                           :  No
  Timing Early Launch at Borrowing Latches   :  No
  Borrow Time for Max Delay Exceptions       :  Yes
  Merge Timing Exceptions                    :  Yes
  Inter-SLR Compensation                     :  Conservative

  Corner  Analyze    Analyze    
  Name    Max Paths  Min Paths  
  ------  ---------  ---------  
  Slow    Yes        Yes        
  Fast    Yes        Yes        


------------------------------------------------------------------------------------------------
| Report Methodology
| ------------------
------------------------------------------------------------------------------------------------

No report available as report_methodology has not been run prior. Run report_methodology on the current design for the summary of methodology violations.



check_timing report

Table of Contents
-----------------
1. checking no_clock (0)
2. checking constant_clock (0)
3. checking pulse_width_clock (0)
4. checking unconstrained_internal_endpoints (0)
5. checking no_input_delay (2)
6. checking no_output_delay (5)
7. checking multiple_clock (0)
8. checking generated_clocks (0)
9. checking loops (0)
10. checking partial_input_delay (0)
11. checking partial_output_delay (0)
12. checking latch_loops (0)

1. checking no_clock (0)
------------------------
 There are 0 register/latch pins with no clock.


2. checking constant_clock (0)
------------------------------
 There are 0 register/latch pins with constant_clock.


3. checking pulse_width_clock (0)
---------------------------------
 There are 0 register/latch pins which need pulse_width check


4. checking unconstrained_internal_endpoints (0)
------------------------------------------------
 There are 0 pins that are not constrained for maximum delay.

 There are 0 pins that are not constrained for maximum delay due to constant clock.


5. checking no_input_delay (2)
------------------------------
 There is 1 input port with no input delay specified. (HIGH)

 There is 1 input port with no input delay but user has a false path constraint. (MEDIUM)


6. checking no_output_delay (5)
-------------------------------
 There are 5 ports with no output delay specified. (HIGH)

 There are 0 ports with no output delay but user has a false path constraint

 There are 0 ports with no output delay but with a timing clock defined on it or propagating through it


7. checking multiple_clock (0)
------------------------------
 There are 0 register/latch pins with multiple clocks.


8. checking generated_clocks (0)
--------------------------------
 There are 0 generated clocks that are not connected to a clock source.


9. checking loops (0)
---------------------
 There are 0 combinational loops in the design.


10. checking partial_input_delay (0)
------------------------------------
 There are 0 input ports with partial input delay specified.


11. checking partial_output_delay (0)
-------------------------------------
 There are 0 ports with partial output delay specified.


12. checking latch_loops (0)
----------------------------
 There are 0 combinational latch loops in the design through latch input



------------------------------------------------------------------------------------------------
| Design Timing Summary
| ---------------------
------------------------------------------------------------------------------------------------

    WNS(ns)      TNS(ns)  TNS Failing Endpoints  TNS Total Endpoints      WHS(ns)      THS(ns)  THS Failing Endpoints  THS Total Endpoints     WPWS(ns)     TPWS(ns)  TPWS Failing Endpoints  TPWS Total Endpoints  
    -------      -------  ---------------------  -------------------      -------      -------  ---------------------  -------------------     --------     --------  ----------------------  --------------------  
      0.596        0.000                      0                18009        0.062        0.000                      0                18009        3.750        0.000                       0                  7169  


All user specified timing constraints are met.


------------------------------------------------------------------------------------------------
| Clock Summary
| -------------
------------------------------------------------------------------------------------------------

Clock        Waveform(ns)       Period(ns)      Frequency(MHz)
-----        ------------       ----------      --------------
sys_clk_pin  {0.000 5.000}      10.000          100.000         


------------------------------------------------------------------------------------------------
| Intra Clock Table
| -----------------
------------------------------------------------------------------------------------------------

Clock             WNS(ns)      TNS(ns)  TNS Failing Endpoints  TNS Total Endpoints      WHS(ns)      THS(ns)  THS Failing Endpoints  THS Total Endpoints     WPWS(ns)     TPWS(ns)  TPWS Failing Endpoints  TPWS Total Endpoints  
-----             -------      -------  ---------------------  -------------------      -------      -------  ---------------------  -------------------     --------     --------  ----------------------  --------------------  
sys_clk_pin         0.596        0.000                      0                18009        0.062        0.000                      0                18009        3.750        0.000                       0                  7169  


------------------------------------------------------------------------------------------------
| Inter Clock Table
| -----------------
------------------------------------------------------------------------------------------------

From Clock    To Clock          WNS(ns)      TNS(ns)  TNS Failing Endpoints  TNS Total Endpoints      WHS(ns)      THS(ns)  THS Failing Endpoints  THS Total Endpoints  
----------    --------          -------      -------  ---------------------  -------------------      -------      -------  ---------------------  -------------------  


------------------------------------------------------------------------------------------------
| Other Path Groups Table
| -----------------------
------------------------------------------------------------------------------------------------

Path Group    From Clock    To Clock          WNS(ns)      TNS(ns)  TNS Failing Endpoints  TNS Total Endpoints      WHS(ns)      THS(ns)  THS Failing Endpoints  THS Total Endpoints  
----------    ----------    --------          -------      -------  ---------------------  -------------------      -------      -------  ---------------------  -------------------  


------------------------------------------------------------------------------------------------
| Timing Details
| --------------
------------------------------------------------------------------------------------------------


---------------------------------------------------------------------------------------------------
From Clock:  sys_clk_pin
  To Clock:  sys_clk_pin

Setup :            0  Failing Endpoints,  Worst Slack        0.596ns,  Total Violation        0.000ns
Hold  :            0  Failing Endpoints,  Worst Slack        0.062ns,  Total Violation        0.000ns
PW    :            0  Failing Endpoints,  Worst Slack        3.750ns,  Total Violation        0.000ns
---------------------------------------------------------------------------------------------------


Max Delay Paths
--------------------------------------------------------------------------------------
Slack (MET) :             0.596ns  (required time - arrival time)
  Source:                 u_link/u_core/E_reg_1/CLKBWRCLK
                            (rising edge-triggered cell RAMB36E1 clocked by sys_clk_pin  {rise@0.000ns fall@5.000ns period=10.000ns})
  Destination:            u_link/u_core/e_lat_reg[17][4]/D
                            (rising edge-triggered cell FDRE clocked by sys_clk_pin  {rise@0.000ns fall@5.000ns period=10.000ns})
  Path Group:             sys_clk_pin
  Path Type:              Setup (Max at Slow Process Corner)
  Requirement:            10.000ns  (sys_clk_pin rise@10.000ns - sys_clk_pin rise@0.000ns)
  Data Path Delay:        8.973ns  (logic 2.454ns (27.349%)  route 6.519ns (72.651%))
  Logic Levels:           0  
  Clock Path Skew:        -0.337ns (DCD - SCD + CPR)
    Destination Clock Delay (DCD):    4.916ns = ( 14.916 - 10.000 ) 
    Source Clock Delay      (SCD):    5.441ns
    Clock Pessimism Removal (CPR):    0.188ns
  Clock Uncertainty:      0.035ns  ((TSJ^2 + TIJ^2)^1/2 + DJ) / 2 + PE
    Total System Jitter     (TSJ):    0.071ns
    Total Input Jitter      (TIJ):    0.000ns
    Discrete Jitter          (DJ):    0.000ns
    Phase Error              (PE):    0.000ns

    Location             Delay type                Incr(ns)  Path(ns)    Netlist Resource(s)
  -------------------------------------------------------------------    -------------------
                         (clock sys_clk_pin rise edge)
                                                      0.000     0.000 r  <hidden>
    E3                                                0.000     0.000 r  CLK100MHZ
                         net (fo=0)                   0.000     0.000    CLK100MHZ
    E3                   IBUF (Prop_ibuf_I_O)         1.482     1.482 r  CLK100MHZ_IBUF_inst/O
                         net (fo=1, routed)           2.025     3.506    CLK100MHZ_IBUF
    BUFGCTRL_X0Y16       BUFG (Prop_bufg_I_O)         0.096     3.602 r  CLK100MHZ_IBUF_BUFG_inst/O
                         net (fo=7168, routed)        1.839     5.441    u_link/u_core/CLK100MHZ_IBUF_BUFG
    RAMB36_X0Y35         RAMB36E1                                     r  u_link/u_core/E_reg_1/CLKBWRCLK
  -------------------------------------------------------------------    -------------------
    RAMB36_X0Y35         RAMB36E1 (Prop_ramb36e1_CLKBWRCLK_DOBDO[0])
                                                      2.454     7.895 r  u_link/u_core/E_reg_1/DOBDO[0]
                         net (fo=35, routed)          6.519    14.414    u_link/u_core/e_q[4]
    SLICE_X60Y147        FDRE                                         r  u_link/u_core/e_lat_reg[17][4]/D
  -------------------------------------------------------------------    -------------------

                         (clock sys_clk_pin rise edge)
                                                     10.000    10.000 r  <hidden>
    E3                                                0.000    10.000 r  CLK100MHZ
                         net (fo=0)                   0.000    10.000    CLK100MHZ
    E3                   IBUF (Prop_ibuf_I_O)         1.411    11.411 r  CLK100MHZ_IBUF_inst/O
                         net (fo=1, routed)           1.920    13.331    CLK100MHZ_IBUF
    BUFGCTRL_X0Y16       BUFG (Prop_bufg_I_O)         0.091    13.422 r  CLK100MHZ_IBUF_BUFG_inst/O
                         net (fo=7168, routed)        1.494    14.916    u_link/u_core/CLK100MHZ_IBUF_BUFG
    SLICE_X60Y147        FDRE                                         r  u_link/u_core/e_lat_reg[17][4]/C
                         clock pessimism              0.188    15.104    <hidden>
                         clock uncertainty           -0.035    15.069    <hidden>
    SLICE_X60Y147        FDRE (Setup_fdre_C_D)       -0.059    15.010    u_link/u_core/e_lat_reg[17][4]
  -------------------------------------------------------------------
                         required time                         15.010    <hidden>
                         arrival time                         -14.414    <hidden>
  -------------------------------------------------------------------
                         slack                                  0.596    <hidden>

Slack (MET) :             0.734ns  (required time - arrival time)
  Source:                 u_link/u_core/j_reg[1]/C
                            (rising edge-triggered cell FDRE clocked by sys_clk_pin  {rise@0.000ns fall@5.000ns period=10.000ns})
  Destination:            u_link/u_core/prod_r_reg[21]/D
                            (rising edge-triggered cell FDRE clocked by sys_clk_pin  {rise@0.000ns fall@5.000ns period=10.000ns})
  Path Group:             sys_clk_pin
  Path Type:              Setup (Max at Slow Process Corner)
  Requirement:            10.000ns  (sys_clk_pin rise@10.000ns - sys_clk_pin rise@0.000ns)
  Data Path Delay:        9.291ns  (logic 3.432ns (36.939%)  route 5.859ns (63.061%))
  Logic Levels:           11  (CARRY4=4 LUT2=1 LUT3=1 LUT4=1 LUT6=3 MUXF7=1)
  Clock Path Skew:        -0.049ns (DCD - SCD + CPR)
    Destination Clock Delay (DCD):    5.094ns = ( 15.094 - 10.000 ) 
    Source Clock Delay      (SCD):    5.412ns
    Clock Pessimism Removal (CPR):    0.268ns
  Clock Uncertainty:      0.035ns  ((TSJ^2 + TIJ^2)^1/2 + DJ) / 2 + PE
    Total System Jitter     (TSJ):    0.071ns
    Total Input Jitter      (TIJ):    0.000ns
    Discrete Jitter          (DJ):    0.000ns
    Phase Error              (PE):    0.000ns

    Location             Delay type                Incr(ns)  Path(ns)    Netlist Resource(s)
  -------------------------------------------------------------------    -------------------
                         (clock sys_clk_pin rise edge)
                                                      0.000     0.000 r  <hidden>
    E3                                                0.000     0.000 r  CLK100MHZ
                         net (fo=0)                   0.000     0.000    CLK100MHZ
    E3                   IBUF (Prop_ibuf_I_O)         1.482     1.482 r  CLK100MHZ_IBUF_inst/O
                         net (fo=1, routed)           2.025     3.506    CLK100MHZ_IBUF
    BUFGCTRL_X0Y16       BUFG (Prop_bufg_I_O)         0.096     3.602 r  CLK100MHZ_IBUF_BUFG_inst/O
                         net (fo=7168, routed)        1.809     5.412    u_link/u_core/CLK100MHZ_IBUF_BUFG
    SLICE_X29Y154        FDRE                                         r  u_link/u_core/j_reg[1]/C
  -------------------------------------------------------------------    -------------------
    SLICE_X29Y154        FDRE (Prop_fdre_C_Q)         0.456     5.868 r  u_link/u_core/j_reg[1]/Q
                         net (fo=180, routed)         2.187     8.054    u_link/u_core/j_reg_n_0_[1]
    SLICE_X62Y157        LUT6 (Prop_lut6_I2_O)        0.124     8.178 f  u_link/u_core/prod_r[23]_i_75/O
                         net (fo=1, routed)           0.000     8.178    u_link/u_core/prod_r[23]_i_75_n_0
    SLICE_X62Y157        MUXF7 (Prop_muxf7_I0_O)      0.209     8.387 f  u_link/u_core/prod_r_reg[23]_i_46/O
                         net (fo=1, routed)           1.252     9.640    u_link/u_core/prod_r_reg[23]_i_46_n_0
    SLICE_X33Y159        LUT6 (Prop_lut6_I1_O)        0.297     9.937 f  u_link/u_core/prod_r[23]_i_30/O
                         net (fo=20, routed)          0.840    10.777    u_link/u_core/h[13]
    SLICE_X33Y165        LUT2 (Prop_lut2_I0_O)        0.118    10.895 r  u_link/u_core/prod_r[19]_i_37/O
                         net (fo=1, routed)           0.578    11.473    u_link/u_core/prod_r[19]_i_37_n_0
    SLICE_X33Y163        LUT6 (Prop_lut6_I3_O)        0.326    11.799 r  u_link/u_core/prod_r[19]_i_29/O
                         net (fo=1, routed)           0.000    11.799    u_link/u_core/prod_r[19]_i_29_n_0
    SLICE_X33Y163        CARRY4 (Prop_carry4_S[3]_CO[3])
                                                      0.401    12.200 r  u_link/u_core/prod_r_reg[19]_i_12/CO[3]
                         net (fo=1, routed)           0.000    12.200    u_link/u_core/prod_r_reg[19]_i_12_n_0
    SLICE_X33Y164        CARRY4 (Prop_carry4_CI_O[0])
                                                      0.222    12.422 r  u_link/u_core/prod_r_reg[19]_i_11/O[0]
                         net (fo=2, routed)           0.472    12.894    u_link/u_core/prod_r_reg[19]_i_11_n_7
    SLICE_X35Y164        LUT3 (Prop_lut3_I2_O)        0.299    13.193 r  u_link/u_core/prod_r[19]_i_4/O
                         net (fo=2, routed)           0.530    13.723    u_link/u_core/prod_r[19]_i_4_n_0
    SLICE_X34Y164        LUT4 (Prop_lut4_I3_O)        0.124    13.847 r  u_link/u_core/prod_r[19]_i_8/O
                         net (fo=1, routed)           0.000    13.847    u_link/u_core/prod_r[19]_i_8_n_0
    SLICE_X34Y164        CARRY4 (Prop_carry4_S[1]_CO[3])
                                                      0.533    14.380 r  u_link/u_core/prod_r_reg[19]_i_1/CO[3]
                         net (fo=1, routed)           0.000    14.380    u_link/u_core/prod_r_reg[19]_i_1_n_0
    SLICE_X34Y165        CARRY4 (Prop_carry4_CI_O[1])
                                                      0.323    14.703 r  u_link/u_core/prod_r_reg[23]_i_2/O[1]
                         net (fo=1, routed)           0.000    14.703    u_link/u_core/prod_r_reg[23]_i_2_n_6
    SLICE_X34Y165        FDRE                                         r  u_link/u_core/prod_r_reg[21]/D
  -------------------------------------------------------------------    -------------------

                         (clock sys_clk_pin rise edge)
                                                     10.000    10.000 r  <hidden>
    E3                                                0.000    10.000 r  CLK100MHZ
                         net (fo=0)                   0.000    10.000    CLK100MHZ
    E3                   IBUF (Prop_ibuf_I_O)         1.411    11.411 r  CLK100MHZ_IBUF_inst/O
                         net (fo=1, routed)           1.920    13.331    CLK100MHZ_IBUF
    BUFGCTRL_X0Y16       BUFG (Prop_bufg_I_O)         0.091    13.422 r  CLK100MHZ_IBUF_BUFG_inst/O
                         net (fo=7168, routed)        1.672    15.094    u_link/u_core/CLK100MHZ_IBUF_BUFG
    SLICE_X34Y165        FDRE                                         r  u_link/u_core/prod_r_reg[21]/C
                         clock pessimism              0.268    15.363    <hidden>
                         clock uncertainty           -0.035    15.327    <hidden>
    SLICE_X34Y165        FDRE (Setup_fdre_C_D)        0.109    15.436    u_link/u_core/prod_r_reg[21]
  -------------------------------------------------------------------
                         required time                         15.436    <hidden>
                         arrival time                         -14.703    <hidden>
  -------------------------------------------------------------------
                         slack                                  0.734    <hidden>

Slack (MET) :             0.742ns  (required time - arrival time)
  Source:                 u_link/u_core/j_reg[1]/C
                            (rising edge-triggered cell FDRE clocked by sys_clk_pin  {rise@0.000ns fall@5.000ns period=10.000ns})
  Destination:            u_link/u_core/prod_r_reg[23]/D
                            (rising edge-triggered cell FDRE clocked by sys_clk_pin  {rise@0.000ns fall@5.000ns period=10.000ns})
  Path Group:             sys_clk_pin
  Path Type:              Setup (Max at Slow Process Corner)
  Requirement:            10.000ns  (sys_clk_pin rise@10.000ns - sys_clk_pin rise@0.000ns)
  Data Path Delay:        9.283ns  (logic 3.424ns (36.885%)  route 5.859ns (63.115%))
  Logic Levels:           11  (CARRY4=4 LUT2=1 LUT3=1 LUT4=1 LUT6=3 MUXF7=1)
  Clock Path Skew:        -0.049ns (DCD - SCD + CPR)
    Destination Clock Delay (DCD):    5.094ns = ( 15.094 - 10.000 ) 
    Source Clock Delay      (SCD):    5.412ns
    Clock Pessimism Removal (CPR):    0.268ns
  Clock Uncertainty:      0.035ns  ((TSJ^2 + TIJ^2)^1/2 + DJ) / 2 + PE
    Total System Jitter     (TSJ):    0.071ns
    Total Input Jitter      (TIJ):    0.000ns
    Discrete Jitter          (DJ):    0.000ns
    Phase Error              (PE):    0.000ns

    Location             Delay type                Incr(ns)  Path(ns)    Netlist Resource(s)
  -------------------------------------------------------------------    -------------------
                         (clock sys_clk_pin rise edge)
                                                      0.000     0.000 r  <hidden>
    E3                                                0.000     0.000 r  CLK100MHZ
                         net (fo=0)                   0.000     0.000    CLK100MHZ
    E3                   IBUF (Prop_ibuf_I_O)         1.482     1.482 r  CLK100MHZ_IBUF_inst/O
                         net (fo=1, routed)           2.025     3.506    CLK100MHZ_IBUF
    BUFGCTRL_X0Y16       BUFG (Prop_bufg_I_O)         0.096     3.602 r  CLK100MHZ_IBUF_BUFG_inst/O
                         net (fo=7168, routed)        1.809     5.412    u_link/u_core/CLK100MHZ_IBUF_BUFG
    SLICE_X29Y154        FDRE                                         r  u_link/u_core/j_reg[1]/C
  -------------------------------------------------------------------    -------------------
    SLICE_X29Y154        FDRE (Prop_fdre_C_Q)         0.456     5.868 r  u_link/u_core/j_reg[1]/Q
                         net (fo=180, routed)         2.187     8.054    u_link/u_core/j_reg_n_0_[1]
    SLICE_X62Y157        LUT6 (Prop_lut6_I2_O)        0.124     8.178 f  u_link/u_core/prod_r[23]_i_75/O
                         net (fo=1, routed)           0.000     8.178    u_link/u_core/prod_r[23]_i_75_n_0
    SLICE_X62Y157        MUXF7 (Prop_muxf7_I0_O)      0.209     8.387 f  u_link/u_core/prod_r_reg[23]_i_46/O
                         net (fo=1, routed)           1.252     9.640    u_link/u_core/prod_r_reg[23]_i_46_n_0
    SLICE_X33Y159        LUT6 (Prop_lut6_I1_O)        0.297     9.937 f  u_link/u_core/prod_r[23]_i_30/O
                         net (fo=20, routed)          0.840    10.777    u_link/u_core/h[13]
    SLICE_X33Y165        LUT2 (Prop_lut2_I0_O)        0.118    10.895 r  u_link/u_core/prod_r[19]_i_37/O
                         net (fo=1, routed)           0.578    11.473    u_link/u_core/prod_r[19]_i_37_n_0
    SLICE_X33Y163        LUT6 (Prop_lut6_I3_O)        0.326    11.799 r  u_link/u_core/prod_r[19]_i_29/O
                         net (fo=1, routed)           0.000    11.799    u_link/u_core/prod_r[19]_i_29_n_0
    SLICE_X33Y163        CARRY4 (Prop_carry4_S[3]_CO[3])
                                                      0.401    12.200 r  u_link/u_core/prod_r_reg[19]_i_12/CO[3]
                         net (fo=1, routed)           0.000    12.200    u_link/u_core/prod_r_reg[19]_i_12_n_0
    SLICE_X33Y164        CARRY4 (Prop_carry4_CI_O[0])
                                                      0.222    12.422 r  u_link/u_core/prod_r_reg[19]_i_11/O[0]
                         net (fo=2, routed)           0.472    12.894    u_link/u_core/prod_r_reg[19]_i_11_n_7
    SLICE_X35Y164        LUT3 (Prop_lut3_I2_O)        0.299    13.193 r  u_link/u_core/prod_r[19]_i_4/O
                         net (fo=2, routed)           0.530    13.723    u_link/u_core/prod_r[19]_i_4_n_0
    SLICE_X34Y164        LUT4 (Prop_lut4_I3_O)        0.124    13.847 r  u_link/u_core/prod_r[19]_i_8/O
                         net (fo=1, routed)           0.000    13.847    u_link/u_core/prod_r[19]_i_8_n_0
    SLICE_X34Y164        CARRY4 (Prop_carry4_S[1]_CO[3])
                                                      0.533    14.380 r  u_link/u_core/prod_r_reg[19]_i_1/CO[3]
                         net (fo=1, routed)           0.000    14.380    u_link/u_core/prod_r_reg[19]_i_1_n_0
    SLICE_X34Y165        CARRY4 (Prop_carry4_CI_O[3])
                                                      0.315    14.695 r  u_link/u_core/prod_r_reg[23]_i_2/O[3]
                         net (fo=1, routed)           0.000    14.695    u_link/u_core/prod_r_reg[23]_i_2_n_4
    SLICE_X34Y165        FDRE                                         r  u_link/u_core/prod_r_reg[23]/D
  -------------------------------------------------------------------    -------------------

                         (clock sys_clk_pin rise edge)
                                                     10.000    10.000 r  <hidden>
    E3                                                0.000    10.000 r  CLK100MHZ
                         net (fo=0)                   0.000    10.000    CLK100MHZ
    E3                   IBUF (Prop_ibuf_I_O)         1.411    11.411 r  CLK100MHZ_IBUF_inst/O
                         net (fo=1, routed)           1.920    13.331    CLK100MHZ_IBUF
    BUFGCTRL_X0Y16       BUFG (Prop_bufg_I_O)         0.091    13.422 r  CLK100MHZ_IBUF_BUFG_inst/O
                         net (fo=7168, routed)        1.672    15.094    u_link/u_core/CLK100MHZ_IBUF_BUFG
    SLICE_X34Y165        FDRE                                         r  u_link/u_core/prod_r_reg[23]/C
                         clock pessimism              0.268    15.363    <hidden>
                         clock uncertainty           -0.035    15.327    <hidden>
    SLICE_X34Y165        FDRE (Setup_fdre_C_D)        0.109    15.436    u_link/u_core/prod_r_reg[23]
  -------------------------------------------------------------------
                         required time                         15.436    <hidden>
                         arrival time                         -14.695    <hidden>
  -------------------------------------------------------------------
                         slack                                  0.742    <hidden>

Slack (MET) :             0.743ns  (required time - arrival time)
  Source:                 u_link/u_core/i_reg[1]/C
                            (rising edge-triggered cell FDRE clocked by sys_clk_pin  {rise@0.000ns fall@5.000ns period=10.000ns})
  Destination:            u_link/u_core/acc_reg[9][31]/D
                            (rising edge-triggered cell FDRE clocked by sys_clk_pin  {rise@0.000ns fall@5.000ns period=10.000ns})
  Path Group:             sys_clk_pin
  Path Type:              Setup (Max at Slow Process Corner)
  Requirement:            10.000ns  (sys_clk_pin rise@10.000ns - sys_clk_pin rise@0.000ns)
  Data Path Delay:        9.030ns  (logic 2.905ns (32.172%)  route 6.125ns (67.828%))
  Logic Levels:           11  (CARRY4=7 LUT2=1 LUT6=2 MUXF7=1)
  Clock Path Skew:        0.081ns (DCD - SCD + CPR)
    Destination Clock Delay (DCD):    5.102ns = ( 15.102 - 10.000 ) 
    Source Clock Delay      (SCD):    5.209ns
    Clock Pessimism Removal (CPR):    0.188ns
  Clock Uncertainty:      0.035ns  ((TSJ^2 + TIJ^2)^1/2 + DJ) / 2 + PE
    Total System Jitter     (TSJ):    0.071ns
    Total Input Jitter      (TIJ):    0.000ns
    Discrete Jitter          (DJ):    0.000ns
    Phase Error              (PE):    0.000ns

    Location             Delay type                Incr(ns)  Path(ns)    Netlist Resource(s)
  -------------------------------------------------------------------    -------------------
                         (clock sys_clk_pin rise edge)
                                                      0.000     0.000 r  <hidden>
    E3                                                0.000     0.000 r  CLK100MHZ
                         net (fo=0)                   0.000     0.000    CLK100MHZ
    E3                   IBUF (Prop_ibuf_I_O)         1.482     1.482 r  CLK100MHZ_IBUF_inst/O
                         net (fo=1, routed)           2.025     3.506    CLK100MHZ_IBUF
    BUFGCTRL_X0Y16       BUFG (Prop_bufg_I_O)         0.096     3.602 r  CLK100MHZ_IBUF_BUFG_inst/O
                         net (fo=7168, routed)        1.607     5.209    u_link/u_core/CLK100MHZ_IBUF_BUFG
    SLICE_X50Y132        FDRE                                         r  u_link/u_core/i_reg[1]/C
  -------------------------------------------------------------------    -------------------
    SLICE_X50Y132        FDRE (Prop_fdre_C_Q)         0.518     5.727 r  u_link/u_core/i_reg[1]/Q
                         net (fo=817, routed)         1.270     6.997    u_link/u_core/i_reg_n_0_[1]
    SLICE_X46Y126        LUT6 (Prop_lut6_I2_O)        0.124     7.121 r  u_link/u_core/acc[26][7]_i_52/O
                         net (fo=1, routed)           0.000     7.121    u_link/u_core/acc[26][7]_i_52_n_0
    SLICE_X46Y126        MUXF7 (Prop_muxf7_I0_O)      0.209     7.330 r  u_link/u_core/acc_reg[26][7]_i_23/O
                         net (fo=1, routed)           1.001     8.331    u_link/u_core/acc_reg[26][7]_i_23_n_0
    SLICE_X45Y121        LUT6 (Prop_lut6_I1_O)        0.297     8.628 r  u_link/u_core/acc[26][7]_i_5/O
                         net (fo=2, routed)           1.662    10.290    u_link/u_core/acc[4]
    SLICE_X44Y149        CARRY4 (Prop_carry4_DI[0]_CO[3])
                                                      0.526    10.816 r  u_link/u_core/acc_reg[26][7]_i_1/CO[3]
                         net (fo=1, routed)           0.001    10.817    u_link/u_core/acc_reg[26][7]_i_1_n_0
    SLICE_X44Y150        CARRY4 (Prop_carry4_CI_CO[3])
                                                      0.114    10.931 r  u_link/u_core/acc_reg[26][11]_i_1/CO[3]
                         net (fo=1, routed)           0.000    10.931    u_link/u_core/acc_reg[26][11]_i_1_n_0
    SLICE_X44Y151        CARRY4 (Prop_carry4_CI_CO[3])
                                                      0.114    11.045 r  u_link/u_core/acc_reg[26][15]_i_1/CO[3]
                         net (fo=1, routed)           0.000    11.045    u_link/u_core/acc_reg[26][15]_i_1_n_0
    SLICE_X44Y152        CARRY4 (Prop_carry4_CI_CO[3])
                                                      0.114    11.159 r  u_link/u_core/acc_reg[26][19]_i_1/CO[3]
                         net (fo=1, routed)           0.000    11.159    u_link/u_core/acc_reg[26][19]_i_1_n_0
    SLICE_X44Y153        CARRY4 (Prop_carry4_CI_CO[3])
                                                      0.114    11.273 r  u_link/u_core/acc_reg[26][23]_i_1/CO[3]
                         net (fo=1, routed)           0.000    11.273    u_link/u_core/acc_reg[26][23]_i_1_n_0
    SLICE_X44Y154        CARRY4 (Prop_carry4_CI_CO[3])
                                                      0.114    11.387 r  u_link/u_core/acc_reg[26][27]_i_1/CO[3]
                         net (fo=1, routed)           0.000    11.387    u_link/u_core/acc_reg[26][27]_i_1_n_0
    SLICE_X44Y155        CARRY4 (Prop_carry4_CI_O[3])
                                                      0.329    11.716 r  u_link/u_core/acc_reg[26][31]_i_3/O[3]
                         net (fo=7, routed)           0.775    12.491    u_link/u_core/acc_reg[26][31]_i_3_n_4
    SLICE_X43Y158        LUT2 (Prop_lut2_I1_O)        0.332    12.823 r  u_link/u_core/acc[15][31]_i_2/O
                         net (fo=26, routed)          1.416    14.239    u_link/u_core/acc[15][31]_i_2_n_0
    SLICE_X19Y160        FDRE                                         r  u_link/u_core/acc_reg[9][31]/D
  -------------------------------------------------------------------    -------------------

                         (clock sys_clk_pin rise edge)
                                                     10.000    10.000 r  <hidden>
    E3                                                0.000    10.000 r  CLK100MHZ
                         net (fo=0)                   0.000    10.000    CLK100MHZ
    E3                   IBUF (Prop_ibuf_I_O)         1.411    11.411 r  CLK100MHZ_IBUF_inst/O
                         net (fo=1, routed)           1.920    13.331    CLK100MHZ_IBUF
    BUFGCTRL_X0Y16       BUFG (Prop_bufg_I_O)         0.091    13.422 r  CLK100MHZ_IBUF_BUFG_inst/O
                         net (fo=7168, routed)        1.680    15.102    u_link/u_core/CLK100MHZ_IBUF_BUFG
    SLICE_X19Y160        FDRE                                         r  u_link/u_core/acc_reg[9][31]/C
                         clock pessimism              0.188    15.290    <hidden>
                         clock uncertainty           -0.035    15.255    <hidden>
    SLICE_X19Y160        FDRE (Setup_fdre_C_D)       -0.273    14.982    u_link/u_core/acc_reg[9][31]
  -------------------------------------------------------------------
                         required time                         14.982    <hidden>
                         arrival time                         -14.239    <hidden>
  -------------------------------------------------------------------
                         slack                                  0.743    <hidden>

Slack (MET) :             0.818ns  (required time - arrival time)
  Source:                 u_link/u_core/j_reg[1]/C
                            (rising edge-triggered cell FDRE clocked by sys_clk_pin  {rise@0.000ns fall@5.000ns period=10.000ns})
  Destination:            u_link/u_core/prod_r_reg[22]/D
                            (rising edge-triggered cell FDRE clocked by sys_clk_pin  {rise@0.000ns fall@5.000ns period=10.000ns})
  Path Group:             sys_clk_pin
  Path Type:              Setup (Max at Slow Process Corner)
  Requirement:            10.000ns  (sys_clk_pin rise@10.000ns - sys_clk_pin rise@0.000ns)
  Data Path Delay:        9.207ns  (logic 3.348ns (36.364%)  route 5.859ns (63.636%))
  Logic Levels:           11  (CARRY4=4 LUT2=1 LUT3=1 LUT4=1 LUT6=3 MUXF7=1)
  Clock Path Skew:        -0.049ns (DCD - SCD + CPR)
    Destination Clock Delay (DCD):    5.094ns = ( 15.094 - 10.000 ) 
    Source Clock Delay      (SCD):    5.412ns
    Clock Pessimism Removal (CPR):    0.268ns
  Clock Uncertainty:      0.035ns  ((TSJ^2 + TIJ^2)^1/2 + DJ) / 2 + PE
    Total System Jitter     (TSJ):    0.071ns
    Total Input Jitter      (TIJ):    0.000ns
    Discrete Jitter          (DJ):    0.000ns
    Phase Error              (PE):    0.000ns

    Location             Delay type                Incr(ns)  Path(ns)    Netlist Resource(s)
  -------------------------------------------------------------------    -------------------
                         (clock sys_clk_pin rise edge)
                                                      0.000     0.000 r  <hidden>
    E3                                                0.000     0.000 r  CLK100MHZ
                         net (fo=0)                   0.000     0.000    CLK100MHZ
    E3                   IBUF (Prop_ibuf_I_O)         1.482     1.482 r  CLK100MHZ_IBUF_inst/O
                         net (fo=1, routed)           2.025     3.506    CLK100MHZ_IBUF
    BUFGCTRL_X0Y16       BUFG (Prop_bufg_I_O)         0.096     3.602 r  CLK100MHZ_IBUF_BUFG_inst/O
                         net (fo=7168, routed)        1.809     5.412    u_link/u_core/CLK100MHZ_IBUF_BUFG
    SLICE_X29Y154        FDRE                                         r  u_link/u_core/j_reg[1]/C
  -------------------------------------------------------------------    -------------------
    SLICE_X29Y154        FDRE (Prop_fdre_C_Q)         0.456     5.868 r  u_link/u_core/j_reg[1]/Q
                         net (fo=180, routed)         2.187     8.054    u_link/u_core/j_reg_n_0_[1]
    SLICE_X62Y157        LUT6 (Prop_lut6_I2_O)        0.124     8.178 f  u_link/u_core/prod_r[23]_i_75/O
                         net (fo=1, routed)           0.000     8.178    u_link/u_core/prod_r[23]_i_75_n_0
    SLICE_X62Y157        MUXF7 (Prop_muxf7_I0_O)      0.209     8.387 f  u_link/u_core/prod_r_reg[23]_i_46/O
                         net (fo=1, routed)           1.252     9.640    u_link/u_core/prod_r_reg[23]_i_46_n_0
    SLICE_X33Y159        LUT6 (Prop_lut6_I1_O)        0.297     9.937 f  u_link/u_core/prod_r[23]_i_30/O
                         net (fo=20, routed)          0.840    10.777    u_link/u_core/h[13]
    SLICE_X33Y165        LUT2 (Prop_lut2_I0_O)        0.118    10.895 r  u_link/u_core/prod_r[19]_i_37/O
                         net (fo=1, routed)           0.578    11.473    u_link/u_core/prod_r[19]_i_37_n_0
    SLICE_X33Y163        LUT6 (Prop_lut6_I3_O)        0.326    11.799 r  u_link/u_core/prod_r[19]_i_29/O
                         net (fo=1, routed)           0.000    11.799    u_link/u_core/prod_r[19]_i_29_n_0
    SLICE_X33Y163        CARRY4 (Prop_carry4_S[3]_CO[3])
                                                      0.401    12.200 r  u_link/u_core/prod_r_reg[19]_i_12/CO[3]
                         net (fo=1, routed)           0.000    12.200    u_link/u_core/prod_r_reg[19]_i_12_n_0
    SLICE_X33Y164        CARRY4 (Prop_carry4_CI_O[0])
                                                      0.222    12.422 r  u_link/u_core/prod_r_reg[19]_i_11/O[0]
                         net (fo=2, routed)           0.472    12.894    u_link/u_core/prod_r_reg[19]_i_11_n_7
    SLICE_X35Y164        LUT3 (Prop_lut3_I2_O)        0.299    13.193 r  u_link/u_core/prod_r[19]_i_4/O
                         net (fo=2, routed)           0.530    13.723    u_link/u_core/prod_r[19]_i_4_n_0
    SLICE_X34Y164        LUT4 (Prop_lut4_I3_O)        0.124    13.847 r  u_link/u_core/prod_r[19]_i_8/O
                         net (fo=1, routed)           0.000    13.847    u_link/u_core/prod_r[19]_i_8_n_0
    SLICE_X34Y164        CARRY4 (Prop_carry4_S[1]_CO[3])
                                                      0.533    14.380 r  u_link/u_core/prod_r_reg[19]_i_1/CO[3]
                         net (fo=1, routed)           0.000    14.380    u_link/u_core/prod_r_reg[19]_i_1_n_0
    SLICE_X34Y165        CARRY4 (Prop_carry4_CI_O[2])
                                                      0.239    14.619 r  u_link/u_core/prod_r_reg[23]_i_2/O[2]
                         net (fo=1, routed)           0.000    14.619    u_link/u_core/prod_r_reg[23]_i_2_n_5
    SLICE_X34Y165        FDRE                                         r  u_link/u_core/prod_r_reg[22]/D
  -------------------------------------------------------------------    -------------------

                         (clock sys_clk_pin rise edge)
                                                     10.000    10.000 r  <hidden>
    E3                                                0.000    10.000 r  CLK100MHZ
                         net (fo=0)                   0.000    10.000    CLK100MHZ
    E3                   IBUF (Prop_ibuf_I_O)         1.411    11.411 r  CLK100MHZ_IBUF_inst/O
                         net (fo=1, routed)           1.920    13.331    CLK100MHZ_IBUF
    BUFGCTRL_X0Y16       BUFG (Prop_bufg_I_O)         0.091    13.422 r  CLK100MHZ_IBUF_BUFG_inst/O
                         net (fo=7168, routed)        1.672    15.094    u_link/u_core/CLK100MHZ_IBUF_BUFG
    SLICE_X34Y165        FDRE                                         r  u_link/u_core/prod_r_reg[22]/C
                         clock pessimism              0.268    15.363    <hidden>
                         clock uncertainty           -0.035    15.327    <hidden>
    SLICE_X34Y165        FDRE (Setup_fdre_C_D)        0.109    15.436    u_link/u_core/prod_r_reg[22]
  -------------------------------------------------------------------
                         required time                         15.436    <hidden>
                         arrival time                         -14.619    <hidden>
  -------------------------------------------------------------------
                         slack                                  0.818    <hidden>

Slack (MET) :             0.822ns  (required time - arrival time)
  Source:                 u_link/u_core/i_reg[1]/C
                            (rising edge-triggered cell FDRE clocked by sys_clk_pin  {rise@0.000ns fall@5.000ns period=10.000ns})
  Destination:            u_link/u_core/acc_reg[11][27]/D
                            (rising edge-triggered cell FDRE clocked by sys_clk_pin  {rise@0.000ns fall@5.000ns period=10.000ns})
  Path Group:             sys_clk_pin
  Path Type:              Setup (Max at Slow Process Corner)
  Requirement:            10.000ns  (sys_clk_pin rise@10.000ns - sys_clk_pin rise@0.000ns)
  Data Path Delay:        8.964ns  (logic 2.794ns (31.171%)  route 6.170ns (68.829%))
  Logic Levels:           10  (CARRY4=6 LUT2=1 LUT6=2 MUXF7=1)
  Clock Path Skew:        0.082ns (DCD - SCD + CPR)
    Destination Clock Delay (DCD):    5.103ns = ( 15.103 - 10.000 ) 
    Source Clock Delay      (SCD):    5.209ns
    Clock Pessimism Removal (CPR):    0.188ns
  Clock Uncertainty:      0.035ns  ((TSJ^2 + TIJ^2)^1/2 + DJ) / 2 + PE
    Total System Jitter     (TSJ):    0.071ns
    Total Input Jitter      (TIJ):    0.000ns
    Discrete Jitter          (DJ):    0.000ns
    Phase Error              (PE):    0.000ns

    Location             Delay type                Incr(ns)  Path(ns)    Netlist Resource(s)
  -------------------------------------------------------------------    -------------------
                         (clock sys_clk_pin rise edge)
                                                      0.000     0.000 r  <hidden>
    E3                                                0.000     0.000 r  CLK100MHZ
                         net (fo=0)                   0.000     0.000    CLK100MHZ
    E3                   IBUF (Prop_ibuf_I_O)         1.482     1.482 r  CLK100MHZ_IBUF_inst/O
                         net (fo=1, routed)           2.025     3.506    CLK100MHZ_IBUF
    BUFGCTRL_X0Y16       BUFG (Prop_bufg_I_O)         0.096     3.602 r  CLK100MHZ_IBUF_BUFG_inst/O
                         net (fo=7168, routed)        1.607     5.209    u_link/u_core/CLK100MHZ_IBUF_BUFG
    SLICE_X50Y132        FDRE                                         r  u_link/u_core/i_reg[1]/C
  -------------------------------------------------------------------    -------------------
    SLICE_X50Y132        FDRE (Prop_fdre_C_Q)         0.518     5.727 r  u_link/u_core/i_reg[1]/Q
                         net (fo=817, routed)         1.270     6.997    u_link/u_core/i_reg_n_0_[1]
    SLICE_X46Y126        LUT6 (Prop_lut6_I2_O)        0.124     7.121 r  u_link/u_core/acc[26][7]_i_52/O
                         net (fo=1, routed)           0.000     7.121    u_link/u_core/acc[26][7]_i_52_n_0
    SLICE_X46Y126        MUXF7 (Prop_muxf7_I0_O)      0.209     7.330 r  u_link/u_core/acc_reg[26][7]_i_23/O
                         net (fo=1, routed)           1.001     8.331    u_link/u_core/acc_reg[26][7]_i_23_n_0
    SLICE_X45Y121        LUT6 (Prop_lut6_I1_O)        0.297     8.628 r  u_link/u_core/acc[26][7]_i_5/O
                         net (fo=2, routed)           1.662    10.290    u_link/u_core/acc[4]
    SLICE_X44Y149        CARRY4 (Prop_carry4_DI[0]_CO[3])
                                                      0.526    10.816 r  u_link/u_core/acc_reg[26][7]_i_1/CO[3]
                         net (fo=1, routed)           0.001    10.817    u_link/u_core/acc_reg[26][7]_i_1_n_0
    SLICE_X44Y150        CARRY4 (Prop_carry4_CI_CO[3])
                                                      0.114    10.931 r  u_link/u_core/acc_reg[26][11]_i_1/CO[3]
                         net (fo=1, routed)           0.000    10.931    u_link/u_core/acc_reg[26][11]_i_1_n_0
    SLICE_X44Y151        CARRY4 (Prop_carry4_CI_CO[3])
                                                      0.114    11.045 r  u_link/u_core/acc_reg[26][15]_i_1/CO[3]
                         net (fo=1, routed)           0.000    11.045    u_link/u_core/acc_reg[26][15]_i_1_n_0
    SLICE_X44Y152        CARRY4 (Prop_carry4_CI_CO[3])
                                                      0.114    11.159 r  u_link/u_core/acc_reg[26][19]_i_1/CO[3]
                         net (fo=1, routed)           0.000    11.159    u_link/u_core/acc_reg[26][19]_i_1_n_0
    SLICE_X44Y153        CARRY4 (Prop_carry4_CI_CO[3])
                                                      0.114    11.273 r  u_link/u_core/acc_reg[26][23]_i_1/CO[3]
                         net (fo=1, routed)           0.000    11.273    u_link/u_core/acc_reg[26][23]_i_1_n_0
    SLICE_X44Y154        CARRY4 (Prop_carry4_CI_O[3])
                                                      0.329    11.602 r  u_link/u_core/acc_reg[26][27]_i_1/O[3]
                         net (fo=7, routed)           0.884    12.486    u_link/u_core/acc_reg[26][27]_i_1_n_4
    SLICE_X44Y157        LUT2 (Prop_lut2_I1_O)        0.335    12.821 r  u_link/u_core/acc[15][27]_i_1/O
                         net (fo=26, routed)          1.352    14.173    u_link/u_core/acc[15][27]_i_1_n_0
    SLICE_X18Y158        FDRE                                         r  u_link/u_core/acc_reg[11][27]/D
  -------------------------------------------------------------------    -------------------

                         (clock sys_clk_pin rise edge)
                                                     10.000    10.000 r  <hidden>
    E3                                                0.000    10.000 r  CLK100MHZ
                         net (fo=0)                   0.000    10.000    CLK100MHZ
    E3                   IBUF (Prop_ibuf_I_O)         1.411    11.411 r  CLK100MHZ_IBUF_inst/O
                         net (fo=1, routed)           1.920    13.331    CLK100MHZ_IBUF
    BUFGCTRL_X0Y16       BUFG (Prop_bufg_I_O)         0.091    13.422 r  CLK100MHZ_IBUF_BUFG_inst/O
                         net (fo=7168, routed)        1.681    15.103    u_link/u_core/CLK100MHZ_IBUF_BUFG
    SLICE_X18Y158        FDRE                                         r  u_link/u_core/acc_reg[11][27]/C
                         clock pessimism              0.188    15.291    <hidden>
                         clock uncertainty           -0.035    15.256    <hidden>
    SLICE_X18Y158        FDRE (Setup_fdre_C_D)       -0.261    14.995    u_link/u_core/acc_reg[11][27]
  -------------------------------------------------------------------
                         required time                         14.995    <hidden>
                         arrival time                         -14.173    <hidden>
  -------------------------------------------------------------------
                         slack                                  0.822    <hidden>

Slack (MET) :             0.828ns  (required time - arrival time)
  Source:                 u_link/u_core/i_reg[1]/C
                            (rising edge-triggered cell FDRE clocked by sys_clk_pin  {rise@0.000ns fall@5.000ns period=10.000ns})
  Destination:            u_link/u_core/acc_reg[17][29]/D
                            (rising edge-triggered cell FDRE clocked by sys_clk_pin  {rise@0.000ns fall@5.000ns period=10.000ns})
  Path Group:             sys_clk_pin
  Path Type:              Setup (Max at Slow Process Corner)
  Requirement:            10.000ns  (sys_clk_pin rise@10.000ns - sys_clk_pin rise@0.000ns)
  Data Path Delay:        9.117ns  (logic 2.895ns (31.754%)  route 6.222ns (68.246%))
  Logic Levels:           11  (CARRY4=7 LUT2=1 LUT6=2 MUXF7=1)
  Clock Path Skew:        0.061ns (DCD - SCD + CPR)
    Destination Clock Delay (DCD):    5.082ns = ( 15.082 - 10.000 ) 
    Source Clock Delay      (SCD):    5.209ns
    Clock Pessimism Removal (CPR):    0.188ns
  Clock Uncertainty:      0.035ns  ((TSJ^2 + TIJ^2)^1/2 + DJ) / 2 + PE
    Total System Jitter     (TSJ):    0.071ns
    Total Input Jitter      (TIJ):    0.000ns
    Discrete Jitter          (DJ):    0.000ns
    Phase Error              (PE):    0.000ns

    Location             Delay type                Incr(ns)  Path(ns)    Netlist Resource(s)
  -------------------------------------------------------------------    -------------------
                         (clock sys_clk_pin rise edge)
                                                      0.000     0.000 r  <hidden>
    E3                                                0.000     0.000 r  CLK100MHZ
                         net (fo=0)                   0.000     0.000    CLK100MHZ
    E3                   IBUF (Prop_ibuf_I_O)         1.482     1.482 r  CLK100MHZ_IBUF_inst/O
                         net (fo=1, routed)           2.025     3.506    CLK100MHZ_IBUF
    BUFGCTRL_X0Y16       BUFG (Prop_bufg_I_O)         0.096     3.602 r  CLK100MHZ_IBUF_BUFG_inst/O
                         net (fo=7168, routed)        1.607     5.209    u_link/u_core/CLK100MHZ_IBUF_BUFG
    SLICE_X50Y132        FDRE                                         r  u_link/u_core/i_reg[1]/C
  -------------------------------------------------------------------    -------------------
    SLICE_X50Y132        FDRE (Prop_fdre_C_Q)         0.518     5.727 r  u_link/u_core/i_reg[1]/Q
                         net (fo=817, routed)         1.270     6.997    u_link/u_core/i_reg_n_0_[1]
    SLICE_X46Y126        LUT6 (Prop_lut6_I2_O)        0.124     7.121 r  u_link/u_core/acc[26][7]_i_52/O
                         net (fo=1, routed)           0.000     7.121    u_link/u_core/acc[26][7]_i_52_n_0
    SLICE_X46Y126        MUXF7 (Prop_muxf7_I0_O)      0.209     7.330 r  u_link/u_core/acc_reg[26][7]_i_23/O
                         net (fo=1, routed)           1.001     8.331    u_link/u_core/acc_reg[26][7]_i_23_n_0
    SLICE_X45Y121        LUT6 (Prop_lut6_I1_O)        0.297     8.628 r  u_link/u_core/acc[26][7]_i_5/O
                         net (fo=2, routed)           1.662    10.290    u_link/u_core/acc[4]
    SLICE_X44Y149        CARRY4 (Prop_carry4_DI[0]_CO[3])
                                                      0.526    10.816 r  u_link/u_core/acc_reg[26][7]_i_1/CO[3]
                         net (fo=1, routed)           0.001    10.817    u_link/u_core/acc_reg[26][7]_i_1_n_0
    SLICE_X44Y150        CARRY4 (Prop_carry4_CI_CO[3])
                                                      0.114    10.931 r  u_link/u_core/acc_reg[26][11]_i_1/CO[3]
                         net (fo=1, routed)           0.000    10.931    u_link/u_core/acc_reg[26][11]_i_1_n_0
    SLICE_X44Y151        CARRY4 (Prop_carry4_CI_CO[3])
                                                      0.114    11.045 r  u_link/u_core/acc_reg[26][15]_i_1/CO[3]
                         net (fo=1, routed)           0.000    11.045    u_link/u_core/acc_reg[26][15]_i_1_n_0
    SLICE_X44Y152        CARRY4 (Prop_carry4_CI_CO[3])
                                                      0.114    11.159 r  u_link/u_core/acc_reg[26][19]_i_1/CO[3]
                         net (fo=1, routed)           0.000    11.159    u_link/u_core/acc_reg[26][19]_i_1_n_0
    SLICE_X44Y153        CARRY4 (Prop_carry4_CI_CO[3])
                                                      0.114    11.273 r  u_link/u_core/acc_reg[26][23]_i_1/CO[3]
                         net (fo=1, routed)           0.000    11.273    u_link/u_core/acc_reg[26][23]_i_1_n_0
    SLICE_X44Y154        CARRY4 (Prop_carry4_CI_CO[3])
                                                      0.114    11.387 r  u_link/u_core/acc_reg[26][27]_i_1/CO[3]
                         net (fo=1, routed)           0.000    11.387    u_link/u_core/acc_reg[26][27]_i_1_n_0
    SLICE_X44Y155        CARRY4 (Prop_carry4_CI_O[1])
                                                      0.348    11.735 r  u_link/u_core/acc_reg[26][31]_i_3/O[1]
                         net (fo=7, routed)           1.117    12.852    u_link/u_core/acc_reg[26][31]_i_3_n_6
    SLICE_X36Y166        LUT2 (Prop_lut2_I1_O)        0.303    13.155 r  u_link/u_core/acc[15][29]_i_1/O
                         net (fo=26, routed)          1.171    14.326    u_link/u_core/acc[15][29]_i_1_n_0
    SLICE_X52Y159        FDRE                                         r  u_link/u_core/acc_reg[17][29]/D
  -------------------------------------------------------------------    -------------------

                         (clock sys_clk_pin rise edge)
                                                     10.000    10.000 r  <hidden>
    E3                                                0.000    10.000 r  CLK100MHZ
                         net (fo=0)                   0.000    10.000    CLK100MHZ
    E3                   IBUF (Prop_ibuf_I_O)         1.411    11.411 r  CLK100MHZ_IBUF_inst/O
                         net (fo=1, routed)           1.920    13.331    CLK100MHZ_IBUF
    BUFGCTRL_X0Y16       BUFG (Prop_bufg_I_O)         0.091    13.422 r  CLK100MHZ_IBUF_BUFG_inst/O
                         net (fo=7168, routed)        1.660    15.082    u_link/u_core/CLK100MHZ_IBUF_BUFG
    SLICE_X52Y159        FDRE                                         r  u_link/u_core/acc_reg[17][29]/C
                         clock pessimism              0.188    15.270    <hidden>
                         clock uncertainty           -0.035    15.235    <hidden>
    SLICE_X52Y159        FDRE (Setup_fdre_C_D)       -0.081    15.154    u_link/u_core/acc_reg[17][29]
  -------------------------------------------------------------------
                         required time                         15.154    <hidden>
                         arrival time                         -14.326    <hidden>
  -------------------------------------------------------------------
                         slack                                  0.828    <hidden>

Slack (MET) :             0.838ns  (required time - arrival time)
  Source:                 u_link/u_core/j_reg[1]/C
                            (rising edge-triggered cell FDRE clocked by sys_clk_pin  {rise@0.000ns fall@5.000ns period=10.000ns})
  Destination:            u_link/u_core/prod_r_reg[20]/D
                            (rising edge-triggered cell FDRE clocked by sys_clk_pin  {rise@0.000ns fall@5.000ns period=10.000ns})
  Path Group:             sys_clk_pin
  Path Type:              Setup (Max at Slow Process Corner)
  Requirement:            10.000ns  (sys_clk_pin rise@10.000ns - sys_clk_pin rise@0.000ns)
  Data Path Delay:        9.187ns  (logic 3.328ns (36.225%)  route 5.859ns (63.775%))
  Logic Levels:           11  (CARRY4=4 LUT2=1 LUT3=1 LUT4=1 LUT6=3 MUXF7=1)
  Clock Path Skew:        -0.049ns (DCD - SCD + CPR)
    Destination Clock Delay (DCD):    5.094ns = ( 15.094 - 10.000 ) 
    Source Clock Delay      (SCD):    5.412ns
    Clock Pessimism Removal (CPR):    0.268ns
  Clock Uncertainty:      0.035ns  ((TSJ^2 + TIJ^2)^1/2 + DJ) / 2 + PE
    Total System Jitter     (TSJ):    0.071ns
    Total Input Jitter      (TIJ):    0.000ns
    Discrete Jitter          (DJ):    0.000ns
    Phase Error              (PE):    0.000ns

    Location             Delay type                Incr(ns)  Path(ns)    Netlist Resource(s)
  -------------------------------------------------------------------    -------------------
                         (clock sys_clk_pin rise edge)
                                                      0.000     0.000 r  <hidden>
    E3                                                0.000     0.000 r  CLK100MHZ
                         net (fo=0)                   0.000     0.000    CLK100MHZ
    E3                   IBUF (Prop_ibuf_I_O)         1.482     1.482 r  CLK100MHZ_IBUF_inst/O
                         net (fo=1, routed)           2.025     3.506    CLK100MHZ_IBUF
    BUFGCTRL_X0Y16       BUFG (Prop_bufg_I_O)         0.096     3.602 r  CLK100MHZ_IBUF_BUFG_inst/O
                         net (fo=7168, routed)        1.809     5.412    u_link/u_core/CLK100MHZ_IBUF_BUFG
    SLICE_X29Y154        FDRE                                         r  u_link/u_core/j_reg[1]/C
  -------------------------------------------------------------------    -------------------
    SLICE_X29Y154        FDRE (Prop_fdre_C_Q)         0.456     5.868 r  u_link/u_core/j_reg[1]/Q
                         net (fo=180, routed)         2.187     8.054    u_link/u_core/j_reg_n_0_[1]
    SLICE_X62Y157        LUT6 (Prop_lut6_I2_O)        0.124     8.178 f  u_link/u_core/prod_r[23]_i_75/O
                         net (fo=1, routed)           0.000     8.178    u_link/u_core/prod_r[23]_i_75_n_0
    SLICE_X62Y157        MUXF7 (Prop_muxf7_I0_O)      0.209     8.387 f  u_link/u_core/prod_r_reg[23]_i_46/O
                         net (fo=1, routed)           1.252     9.640    u_link/u_core/prod_r_reg[23]_i_46_n_0
    SLICE_X33Y159        LUT6 (Prop_lut6_I1_O)        0.297     9.937 f  u_link/u_core/prod_r[23]_i_30/O
                         net (fo=20, routed)          0.840    10.777    u_link/u_core/h[13]
    SLICE_X33Y165        LUT2 (Prop_lut2_I0_O)        0.118    10.895 r  u_link/u_core/prod_r[19]_i_37/O
                         net (fo=1, routed)           0.578    11.473    u_link/u_core/prod_r[19]_i_37_n_0
    SLICE_X33Y163        LUT6 (Prop_lut6_I3_O)        0.326    11.799 r  u_link/u_core/prod_r[19]_i_29/O
                         net (fo=1, routed)           0.000    11.799    u_link/u_core/prod_r[19]_i_29_n_0
    SLICE_X33Y163        CARRY4 (Prop_carry4_S[3]_CO[3])
                                                      0.401    12.200 r  u_link/u_core/prod_r_reg[19]_i_12/CO[3]
                         net (fo=1, routed)           0.000    12.200    u_link/u_core/prod_r_reg[19]_i_12_n_0
    SLICE_X33Y164        CARRY4 (Prop_carry4_CI_O[0])
                                                      0.222    12.422 r  u_link/u_core/prod_r_reg[19]_i_11/O[0]
                         net (fo=2, routed)           0.472    12.894    u_link/u_core/prod_r_reg[19]_i_11_n_7
    SLICE_X35Y164        LUT3 (Prop_lut3_I2_O)        0.299    13.193 r  u_link/u_core/prod_r[19]_i_4/O
                         net (fo=2, routed)           0.530    13.723    u_link/u_core/prod_r[19]_i_4_n_0
    SLICE_X34Y164        LUT4 (Prop_lut4_I3_O)        0.124    13.847 r  u_link/u_core/prod_r[19]_i_8/O
                         net (fo=1, routed)           0.000    13.847    u_link/u_core/prod_r[19]_i_8_n_0
    SLICE_X34Y164        CARRY4 (Prop_carry4_S[1]_CO[3])
                                                      0.533    14.380 r  u_link/u_core/prod_r_reg[19]_i_1/CO[3]
                         net (fo=1, routed)           0.000    14.380    u_link/u_core/prod_r_reg[19]_i_1_n_0
    SLICE_X34Y165        CARRY4 (Prop_carry4_CI_O[0])
                                                      0.219    14.599 r  u_link/u_core/prod_r_reg[23]_i_2/O[0]
                         net (fo=1, routed)           0.000    14.599    u_link/u_core/prod_r_reg[23]_i_2_n_7
    SLICE_X34Y165        FDRE                                         r  u_link/u_core/prod_r_reg[20]/D
  -------------------------------------------------------------------    -------------------

                         (clock sys_clk_pin rise edge)
                                                     10.000    10.000 r  <hidden>
    E3                                                0.000    10.000 r  CLK100MHZ
                         net (fo=0)                   0.000    10.000    CLK100MHZ
    E3                   IBUF (Prop_ibuf_I_O)         1.411    11.411 r  CLK100MHZ_IBUF_inst/O
                         net (fo=1, routed)           1.920    13.331    CLK100MHZ_IBUF
    BUFGCTRL_X0Y16       BUFG (Prop_bufg_I_O)         0.091    13.422 r  CLK100MHZ_IBUF_BUFG_inst/O
                         net (fo=7168, routed)        1.672    15.094    u_link/u_core/CLK100MHZ_IBUF_BUFG
    SLICE_X34Y165        FDRE                                         r  u_link/u_core/prod_r_reg[20]/C
                         clock pessimism              0.268    15.363    <hidden>
                         clock uncertainty           -0.035    15.327    <hidden>
    SLICE_X34Y165        FDRE (Setup_fdre_C_D)        0.109    15.436    u_link/u_core/prod_r_reg[20]
  -------------------------------------------------------------------
                         required time                         15.436    <hidden>
                         arrival time                         -14.599    <hidden>
  -------------------------------------------------------------------
                         slack                                  0.838    <hidden>

Slack (MET) :             0.860ns  (required time - arrival time)
  Source:                 u_link/u_core/st_reg[3]_rep__6/C
                            (rising edge-triggered cell FDRE clocked by sys_clk_pin  {rise@0.000ns fall@5.000ns period=10.000ns})
  Destination:            u_link/u_core/hB_reg[19][1]/D
                            (rising edge-triggered cell FDRE clocked by sys_clk_pin  {rise@0.000ns fall@5.000ns period=10.000ns})
  Path Group:             sys_clk_pin
  Path Type:              Setup (Max at Slow Process Corner)
  Requirement:            10.000ns  (sys_clk_pin rise@10.000ns - sys_clk_pin rise@0.000ns)
  Data Path Delay:        8.603ns  (logic 0.606ns (7.044%)  route 7.997ns (92.956%))
  Logic Levels:           1  (LUT2=1)
  Clock Path Skew:        -0.242ns (DCD - SCD + CPR)
    Destination Clock Delay (DCD):    4.986ns = ( 14.986 - 10.000 ) 
    Source Clock Delay      (SCD):    5.416ns
    Clock Pessimism Removal (CPR):    0.188ns
  Clock Uncertainty:      0.035ns  ((TSJ^2 + TIJ^2)^1/2 + DJ) / 2 + PE
    Total System Jitter     (TSJ):    0.071ns
    Total Input Jitter      (TIJ):    0.000ns
    Discrete Jitter          (DJ):    0.000ns
    Phase Error              (PE):    0.000ns

    Location             Delay type                Incr(ns)  Path(ns)    Netlist Resource(s)
  -------------------------------------------------------------------    -------------------
                         (clock sys_clk_pin rise edge)
                                                      0.000     0.000 r  <hidden>
    E3                                                0.000     0.000 r  CLK100MHZ
                         net (fo=0)                   0.000     0.000    CLK100MHZ
    E3                   IBUF (Prop_ibuf_I_O)         1.482     1.482 r  CLK100MHZ_IBUF_inst/O
                         net (fo=1, routed)           2.025     3.506    CLK100MHZ_IBUF
    BUFGCTRL_X0Y16       BUFG (Prop_bufg_I_O)         0.096     3.602 r  CLK100MHZ_IBUF_BUFG_inst/O
                         net (fo=7168, routed)        1.813     5.416    u_link/u_core/CLK100MHZ_IBUF_BUFG
    SLICE_X13Y157        FDRE                                         r  u_link/u_core/st_reg[3]_rep__6/C
  -------------------------------------------------------------------    -------------------
    SLICE_X13Y157        FDRE (Prop_fdre_C_Q)         0.456     5.872 r  u_link/u_core/st_reg[3]_rep__6/Q
                         net (fo=103, routed)         6.479    12.350    u_link/u_core/st_reg[3]_rep__6_n_0
    SLICE_X72Y122        LUT2 (Prop_lut2_I0_O)        0.150    12.500 r  u_link/u_core/hB[19][1]_i_1/O
                         net (fo=2, routed)           1.518    14.018    u_link/u_core/hB[19][1]_i_1_n_0
    SLICE_X76Y125        FDRE                                         r  u_link/u_core/hB_reg[19][1]/D
  -------------------------------------------------------------------    -------------------

                         (clock sys_clk_pin rise edge)
                                                     10.000    10.000 r  <hidden>
    E3                                                0.000    10.000 r  CLK100MHZ
                         net (fo=0)                   0.000    10.000    CLK100MHZ
    E3                   IBUF (Prop_ibuf_I_O)         1.411    11.411 r  CLK100MHZ_IBUF_inst/O
                         net (fo=1, routed)           1.920    13.331    CLK100MHZ_IBUF
    BUFGCTRL_X0Y16       BUFG (Prop_bufg_I_O)         0.091    13.422 r  CLK100MHZ_IBUF_BUFG_inst/O
                         net (fo=7168, routed)        1.564    14.986    u_link/u_core/CLK100MHZ_IBUF_BUFG
    SLICE_X76Y125        FDRE                                         r  u_link/u_core/hB_reg[19][1]/C
                         clock pessimism              0.188    15.174    <hidden>
                         clock uncertainty           -0.035    15.139    <hidden>
    SLICE_X76Y125        FDRE (Setup_fdre_C_D)       -0.260    14.879    u_link/u_core/hB_reg[19][1]
  -------------------------------------------------------------------
                         required time                         14.879    <hidden>
                         arrival time                         -14.018    <hidden>
  -------------------------------------------------------------------
                         slack                                  0.860    <hidden>

Slack (MET) :             0.873ns  (required time - arrival time)
  Source:                 u_link/u_core/i_reg[1]/C
                            (rising edge-triggered cell FDRE clocked by sys_clk_pin  {rise@0.000ns fall@5.000ns period=10.000ns})
  Destination:            u_link/u_core/acc_reg[14][27]/D
                            (rising edge-triggered cell FDRE clocked by sys_clk_pin  {rise@0.000ns fall@5.000ns period=10.000ns})
  Path Group:             sys_clk_pin
  Path Type:              Setup (Max at Slow Process Corner)
  Requirement:            10.000ns  (sys_clk_pin rise@10.000ns - sys_clk_pin rise@0.000ns)
  Data Path Delay:        8.899ns  (logic 2.794ns (31.397%)  route 6.105ns (68.603%))
  Logic Levels:           10  (CARRY4=6 LUT2=1 LUT6=2 MUXF7=1)
  Clock Path Skew:        0.081ns (DCD - SCD + CPR)
    Destination Clock Delay (DCD):    5.102ns = ( 15.102 - 10.000 ) 
    Source Clock Delay      (SCD):    5.209ns
    Clock Pessimism Removal (CPR):    0.188ns
  Clock Uncertainty:      0.035ns  ((TSJ^2 + TIJ^2)^1/2 + DJ) / 2 + PE
    Total System Jitter     (TSJ):    0.071ns
    Total Input Jitter      (TIJ):    0.000ns
    Discrete Jitter          (DJ):    0.000ns
    Phase Error              (PE):    0.000ns

    Location             Delay type                Incr(ns)  Path(ns)    Netlist Resource(s)
  -------------------------------------------------------------------    -------------------
                         (clock sys_clk_pin rise edge)
                                                      0.000     0.000 r  <hidden>
    E3                                                0.000     0.000 r  CLK100MHZ
                         net (fo=0)                   0.000     0.000    CLK100MHZ
    E3                   IBUF (Prop_ibuf_I_O)         1.482     1.482 r  CLK100MHZ_IBUF_inst/O
                         net (fo=1, routed)           2.025     3.506    CLK100MHZ_IBUF
    BUFGCTRL_X0Y16       BUFG (Prop_bufg_I_O)         0.096     3.602 r  CLK100MHZ_IBUF_BUFG_inst/O
                         net (fo=7168, routed)        1.607     5.209    u_link/u_core/CLK100MHZ_IBUF_BUFG
    SLICE_X50Y132        FDRE                                         r  u_link/u_core/i_reg[1]/C
  -------------------------------------------------------------------    -------------------
    SLICE_X50Y132        FDRE (Prop_fdre_C_Q)         0.518     5.727 r  u_link/u_core/i_reg[1]/Q
                         net (fo=817, routed)         1.270     6.997    u_link/u_core/i_reg_n_0_[1]
    SLICE_X46Y126        LUT6 (Prop_lut6_I2_O)        0.124     7.121 r  u_link/u_core/acc[26][7]_i_52/O
                         net (fo=1, routed)           0.000     7.121    u_link/u_core/acc[26][7]_i_52_n_0
    SLICE_X46Y126        MUXF7 (Prop_muxf7_I0_O)      0.209     7.330 r  u_link/u_core/acc_reg[26][7]_i_23/O
                         net (fo=1, routed)           1.001     8.331    u_link/u_core/acc_reg[26][7]_i_23_n_0
    SLICE_X45Y121        LUT6 (Prop_lut6_I1_O)        0.297     8.628 r  u_link/u_core/acc[26][7]_i_5/O
                         net (fo=2, routed)           1.662    10.290    u_link/u_core/acc[4]
    SLICE_X44Y149        CARRY4 (Prop_carry4_DI[0]_CO[3])
                                                      0.526    10.816 r  u_link/u_core/acc_reg[26][7]_i_1/CO[3]
                         net (fo=1, routed)           0.001    10.817    u_link/u_core/acc_reg[26][7]_i_1_n_0
    SLICE_X44Y150        CARRY4 (Prop_carry4_CI_CO[3])
                                                      0.114    10.931 r  u_link/u_core/acc_reg[26][11]_i_1/CO[3]
                         net (fo=1, routed)           0.000    10.931    u_link/u_core/acc_reg[26][11]_i_1_n_0
    SLICE_X44Y151        CARRY4 (Prop_carry4_CI_CO[3])
                                                      0.114    11.045 r  u_link/u_core/acc_reg[26][15]_i_1/CO[3]
                         net (fo=1, routed)           0.000    11.045    u_link/u_core/acc_reg[26][15]_i_1_n_0
    SLICE_X44Y152        CARRY4 (Prop_carry4_CI_CO[3])
                                                      0.114    11.159 r  u_link/u_core/acc_reg[26][19]_i_1/CO[3]
                         net (fo=1, routed)           0.000    11.159    u_link/u_core/acc_reg[26][19]_i_1_n_0
    SLICE_X44Y153        CARRY4 (Prop_carry4_CI_CO[3])
                                                      0.114    11.273 r  u_link/u_core/acc_reg[26][23]_i_1/CO[3]
                         net (fo=1, routed)           0.000    11.273    u_link/u_core/acc_reg[26][23]_i_1_n_0
    SLICE_X44Y154        CARRY4 (Prop_carry4_CI_O[3])
                                                      0.329    11.602 r  u_link/u_core/acc_reg[26][27]_i_1/O[3]
                         net (fo=7, routed)           0.884    12.486    u_link/u_core/acc_reg[26][27]_i_1_n_4
    SLICE_X44Y157        LUT2 (Prop_lut2_I1_O)        0.335    12.821 r  u_link/u_core/acc[15][27]_i_1/O
                         net (fo=26, routed)          1.287    14.108    u_link/u_core/acc[15][27]_i_1_n_0
    SLICE_X21Y160        FDRE                                         r  u_link/u_core/acc_reg[14][27]/D
  -------------------------------------------------------------------    -------------------

                         (clock sys_clk_pin rise edge)
                                                     10.000    10.000 r  <hidden>
    E3                                                0.000    10.000 r  CLK100MHZ
                         net (fo=0)                   0.000    10.000    CLK100MHZ
    E3                   IBUF (Prop_ibuf_I_O)         1.411    11.411 r  CLK100MHZ_IBUF_inst/O
                         net (fo=1, routed)           1.920    13.331    CLK100MHZ_IBUF
    BUFGCTRL_X0Y16       BUFG (Prop_bufg_I_O)         0.091    13.422 r  CLK100MHZ_IBUF_BUFG_inst/O
                         net (fo=7168, routed)        1.680    15.102    u_link/u_core/CLK100MHZ_IBUF_BUFG
    SLICE_X21Y160        FDRE                                         r  u_link/u_core/acc_reg[14][27]/C
                         clock pessimism              0.188    15.290    <hidden>
                         clock uncertainty           -0.035    15.255    <hidden>
    SLICE_X21Y160        FDRE (Setup_fdre_C_D)       -0.274    14.981    u_link/u_core/acc_reg[14][27]
  -------------------------------------------------------------------
                         required time                         14.981    <hidden>
                         arrival time                         -14.108    <hidden>
  -------------------------------------------------------------------
                         slack                                  0.873    <hidden>





Min Delay Paths
--------------------------------------------------------------------------------------
Slack (MET) :             0.062ns  (arrival time - required time)
  Source:                 u_link/u_core/wh_wd_reg[3]/C
                            (rising edge-triggered cell FDRE clocked by sys_clk_pin  {rise@0.000ns fall@5.000ns period=10.000ns})
  Destination:            u_link/u_core/Wh_reg/DIADI[3]
                            (rising edge-triggered cell RAMB18E1 clocked by sys_clk_pin  {rise@0.000ns fall@5.000ns period=10.000ns})
  Path Group:             sys_clk_pin
  Path Type:              Hold (Min at Fast Process Corner)
  Requirement:            0.000ns  (sys_clk_pin rise@0.000ns - sys_clk_pin rise@0.000ns)
  Data Path Delay:        0.272ns  (logic 0.164ns (60.282%)  route 0.108ns (39.718%))
  Logic Levels:           0  
  Clock Path Skew:        0.055ns (DCD - SCD - CPR)
    Destination Clock Delay (DCD):    2.125ns
    Source Clock Delay      (SCD):    1.565ns
    Clock Pessimism Removal (CPR):    0.504ns

    Location             Delay type                Incr(ns)  Path(ns)    Netlist Resource(s)
  -------------------------------------------------------------------    -------------------
                         (clock sys_clk_pin rise edge)
                                                      0.000     0.000 r  <hidden>
    E3                                                0.000     0.000 r  CLK100MHZ
                         net (fo=0)                   0.000     0.000    CLK100MHZ
    E3                   IBUF (Prop_ibuf_I_O)         0.250     0.250 r  CLK100MHZ_IBUF_inst/O
                         net (fo=1, routed)           0.644     0.894    CLK100MHZ_IBUF
    BUFGCTRL_X0Y16       BUFG (Prop_bufg_I_O)         0.026     0.920 r  CLK100MHZ_IBUF_BUFG_inst/O
                         net (fo=7168, routed)        0.645     1.565    u_link/u_core/CLK100MHZ_IBUF_BUFG
    SLICE_X8Y167         FDRE                                         r  u_link/u_core/wh_wd_reg[3]/C
  -------------------------------------------------------------------    -------------------
    SLICE_X8Y167         FDRE (Prop_fdre_C_Q)         0.164     1.729 r  u_link/u_core/wh_wd_reg[3]/Q
                         net (fo=1, routed)           0.108     1.837    u_link/u_core/wh_wd[3]
    RAMB18_X0Y67         RAMB18E1                                     r  u_link/u_core/Wh_reg/DIADI[3]
  -------------------------------------------------------------------    -------------------

                         (clock sys_clk_pin rise edge)
                                                      0.000     0.000 r  <hidden>
    E3                                                0.000     0.000 r  CLK100MHZ
                         net (fo=0)                   0.000     0.000    CLK100MHZ
    E3                   IBUF (Prop_ibuf_I_O)         0.438     0.438 r  CLK100MHZ_IBUF_inst/O
                         net (fo=1, routed)           0.699     1.136    CLK100MHZ_IBUF
    BUFGCTRL_X0Y16       BUFG (Prop_bufg_I_O)         0.029     1.165 r  CLK100MHZ_IBUF_BUFG_inst/O
                         net (fo=7168, routed)        0.960     2.125    u_link/u_core/CLK100MHZ_IBUF_BUFG
    RAMB18_X0Y67         RAMB18E1                                     r  u_link/u_core/Wh_reg/CLKARDCLK
                         clock pessimism             -0.504     1.620    <hidden>
    RAMB18_X0Y67         RAMB18E1 (Hold_ramb18e1_CLKARDCLK_DIADI[3])
                                                      0.155     1.775    u_link/u_core/Wh_reg
  -------------------------------------------------------------------
                         required time                         -1.775    <hidden>
                         arrival time                           1.837    <hidden>
  -------------------------------------------------------------------
                         slack                                  0.062    <hidden>

Slack (MET) :             0.064ns  (arrival time - required time)
  Source:                 u_link/u_core/e_wa_reg[6]/C
                            (rising edge-triggered cell FDRE clocked by sys_clk_pin  {rise@0.000ns fall@5.000ns period=10.000ns})
  Destination:            u_link/u_core/E_reg_0/ADDRARDADDR[8]
                            (rising edge-triggered cell RAMB36E1 clocked by sys_clk_pin  {rise@0.000ns fall@5.000ns period=10.000ns})
  Path Group:             sys_clk_pin
  Path Type:              Hold (Min at Fast Process Corner)
  Requirement:            0.000ns  (sys_clk_pin rise@0.000ns - sys_clk_pin rise@0.000ns)
  Data Path Delay:        0.299ns  (logic 0.141ns (47.136%)  route 0.158ns (52.864%))
  Logic Levels:           0  
  Clock Path Skew:        0.052ns (DCD - SCD - CPR)
    Destination Clock Delay (DCD):    2.119ns
    Source Clock Delay      (SCD):    1.562ns
    Clock Pessimism Removal (CPR):    0.504ns

    Location             Delay type                Incr(ns)  Path(ns)    Netlist Resource(s)
  -------------------------------------------------------------------    -------------------
                         (clock sys_clk_pin rise edge)
                                                      0.000     0.000 r  <hidden>
    E3                                                0.000     0.000 r  CLK100MHZ
                         net (fo=0)                   0.000     0.000    CLK100MHZ
    E3                   IBUF (Prop_ibuf_I_O)         0.250     0.250 r  CLK100MHZ_IBUF_inst/O
                         net (fo=1, routed)           0.644     0.894    CLK100MHZ_IBUF
    BUFGCTRL_X0Y16       BUFG (Prop_bufg_I_O)         0.026     0.920 r  CLK100MHZ_IBUF_BUFG_inst/O
                         net (fo=7168, routed)        0.642     1.562    u_link/u_core/CLK100MHZ_IBUF_BUFG
    SLICE_X9Y170         FDRE                                         r  u_link/u_core/e_wa_reg[6]/C
  -------------------------------------------------------------------    -------------------
    SLICE_X9Y170         FDRE (Prop_fdre_C_Q)         0.141     1.703 r  u_link/u_core/e_wa_reg[6]/Q
                         net (fo=2, routed)           0.158     1.861    u_link/u_core/e_wa[6]
    RAMB36_X0Y34         RAMB36E1                                     r  u_link/u_core/E_reg_0/ADDRARDADDR[8]
  -------------------------------------------------------------------    -------------------

                         (clock sys_clk_pin rise edge)
                                                      0.000     0.000 r  <hidden>
    E3                                                0.000     0.000 r  CLK100MHZ
                         net (fo=0)                   0.000     0.000    CLK100MHZ
    E3                   IBUF (Prop_ibuf_I_O)         0.438     0.438 r  CLK100MHZ_IBUF_inst/O
                         net (fo=1, routed)           0.699     1.136    CLK100MHZ_IBUF
    BUFGCTRL_X0Y16       BUFG (Prop_bufg_I_O)         0.029     1.165 r  CLK100MHZ_IBUF_BUFG_inst/O
                         net (fo=7168, routed)        0.954     2.119    u_link/u_core/CLK100MHZ_IBUF_BUFG
    RAMB36_X0Y34         RAMB36E1                                     r  u_link/u_core/E_reg_0/CLKARDCLK
                         clock pessimism             -0.504     1.614    <hidden>
    RAMB36_X0Y34         RAMB36E1 (Hold_ramb36e1_CLKARDCLK_ADDRARDADDR[8])
                                                      0.183     1.797    u_link/u_core/E_reg_0
  -------------------------------------------------------------------
                         required time                         -1.797    <hidden>
                         arrival time                           1.861    <hidden>
  -------------------------------------------------------------------
                         slack                                  0.064    <hidden>

Slack (MET) :             0.084ns  (arrival time - required time)
  Source:                 u_link/u_core/e_ra_reg[2]/C
                            (rising edge-triggered cell FDRE clocked by sys_clk_pin  {rise@0.000ns fall@5.000ns period=10.000ns})
  Destination:            u_link/u_core/E_reg_0/ADDRBWRADDR[4]
                            (rising edge-triggered cell RAMB36E1 clocked by sys_clk_pin  {rise@0.000ns fall@5.000ns period=10.000ns})
  Path Group:             sys_clk_pin
  Path Type:              Hold (Min at Fast Process Corner)
  Requirement:            0.000ns  (sys_clk_pin rise@0.000ns - sys_clk_pin rise@0.000ns)
  Data Path Delay:        0.322ns  (logic 0.164ns (50.911%)  route 0.158ns (49.089%))
  Logic Levels:           0  
  Clock Path Skew:        0.055ns (DCD - SCD - CPR)
    Destination Clock Delay (DCD):    2.122ns
    Source Clock Delay      (SCD):    1.562ns
    Clock Pessimism Removal (CPR):    0.504ns

    Location             Delay type                Incr(ns)  Path(ns)    Netlist Resource(s)
  -------------------------------------------------------------------    -------------------
                         (clock sys_clk_pin rise edge)
                                                      0.000     0.000 r  <hidden>
    E3                                                0.000     0.000 r  CLK100MHZ
                         net (fo=0)                   0.000     0.000    CLK100MHZ
    E3                   IBUF (Prop_ibuf_I_O)         0.250     0.250 r  CLK100MHZ_IBUF_inst/O
                         net (fo=1, routed)           0.644     0.894    CLK100MHZ_IBUF
    BUFGCTRL_X0Y16       BUFG (Prop_bufg_I_O)         0.026     0.920 r  CLK100MHZ_IBUF_BUFG_inst/O
                         net (fo=7168, routed)        0.642     1.562    u_link/u_core/CLK100MHZ_IBUF_BUFG
    SLICE_X8Y170         FDRE                                         r  u_link/u_core/e_ra_reg[2]/C
  -------------------------------------------------------------------    -------------------
    SLICE_X8Y170         FDRE (Prop_fdre_C_Q)         0.164     1.726 r  u_link/u_core/e_ra_reg[2]/Q
                         net (fo=2, routed)           0.158     1.884    u_link/u_core/e_ra[2]
    RAMB36_X0Y34         RAMB36E1                                     r  u_link/u_core/E_reg_0/ADDRBWRADDR[4]
  -------------------------------------------------------------------    -------------------

                         (clock sys_clk_pin rise edge)
                                                      0.000     0.000 r  <hidden>
    E3                                                0.000     0.000 r  CLK100MHZ
                         net (fo=0)                   0.000     0.000    CLK100MHZ
    E3                   IBUF (Prop_ibuf_I_O)         0.438     0.438 r  CLK100MHZ_IBUF_inst/O
                         net (fo=1, routed)           0.699     1.136    CLK100MHZ_IBUF
    BUFGCTRL_X0Y16       BUFG (Prop_bufg_I_O)         0.029     1.165 r  CLK100MHZ_IBUF_BUFG_inst/O
                         net (fo=7168, routed)        0.957     2.122    u_link/u_core/CLK100MHZ_IBUF_BUFG
    RAMB36_X0Y34         RAMB36E1                                     r  u_link/u_core/E_reg_0/CLKBWRCLK
                         clock pessimism             -0.504     1.617    <hidden>
    RAMB36_X0Y34         RAMB36E1 (Hold_ramb36e1_CLKBWRCLK_ADDRBWRADDR[4])
                                                      0.183     1.800    u_link/u_core/E_reg_0
  -------------------------------------------------------------------
                         required time                         -1.800    <hidden>
                         arrival time                           1.884    <hidden>
  -------------------------------------------------------------------
                         slack                                  0.084    <hidden>

Slack (MET) :             0.090ns  (arrival time - required time)
  Source:                 u_link/u_core/wh_wd_reg[4]/C
                            (rising edge-triggered cell FDRE clocked by sys_clk_pin  {rise@0.000ns fall@5.000ns period=10.000ns})
  Destination:            u_link/u_core/Wh_reg/DIADI[4]
                            (rising edge-triggered cell RAMB18E1 clocked by sys_clk_pin  {rise@0.000ns fall@5.000ns period=10.000ns})
  Path Group:             sys_clk_pin
  Path Type:              Hold (Min at Fast Process Corner)
  Requirement:            0.000ns  (sys_clk_pin rise@0.000ns - sys_clk_pin rise@0.000ns)
  Data Path Delay:        0.302ns  (logic 0.141ns (46.737%)  route 0.161ns (53.263%))
  Logic Levels:           0  
  Clock Path Skew:        0.056ns (DCD - SCD - CPR)
    Destination Clock Delay (DCD):    2.125ns
    Source Clock Delay      (SCD):    1.564ns
    Clock Pessimism Removal (CPR):    0.504ns

    Location             Delay type                Incr(ns)  Path(ns)    Netlist Resource(s)
  -------------------------------------------------------------------    -------------------
                         (clock sys_clk_pin rise edge)
                                                      0.000     0.000 r  <hidden>
    E3                                                0.000     0.000 r  CLK100MHZ
                         net (fo=0)                   0.000     0.000    CLK100MHZ
    E3                   IBUF (Prop_ibuf_I_O)         0.250     0.250 r  CLK100MHZ_IBUF_inst/O
                         net (fo=1, routed)           0.644     0.894    CLK100MHZ_IBUF
    BUFGCTRL_X0Y16       BUFG (Prop_bufg_I_O)         0.026     0.920 r  CLK100MHZ_IBUF_BUFG_inst/O
                         net (fo=7168, routed)        0.644     1.564    u_link/u_core/CLK100MHZ_IBUF_BUFG
    SLICE_X9Y168         FDRE                                         r  u_link/u_core/wh_wd_reg[4]/C
  -------------------------------------------------------------------    -------------------
    SLICE_X9Y168         FDRE (Prop_fdre_C_Q)         0.141     1.705 r  u_link/u_core/wh_wd_reg[4]/Q
                         net (fo=1, routed)           0.161     1.866    u_link/u_core/wh_wd[4]
    RAMB18_X0Y67         RAMB18E1                                     r  u_link/u_core/Wh_reg/DIADI[4]
  -------------------------------------------------------------------    -------------------

                         (clock sys_clk_pin rise edge)
                                                      0.000     0.000 r  <hidden>
    E3                                                0.000     0.000 r  CLK100MHZ
                         net (fo=0)                   0.000     0.000    CLK100MHZ
    E3                   IBUF (Prop_ibuf_I_O)         0.438     0.438 r  CLK100MHZ_IBUF_inst/O
                         net (fo=1, routed)           0.699     1.136    CLK100MHZ_IBUF
    BUFGCTRL_X0Y16       BUFG (Prop_bufg_I_O)         0.029     1.165 r  CLK100MHZ_IBUF_BUFG_inst/O
                         net (fo=7168, routed)        0.960     2.125    u_link/u_core/CLK100MHZ_IBUF_BUFG
    RAMB18_X0Y67         RAMB18E1                                     r  u_link/u_core/Wh_reg/CLKARDCLK
                         clock pessimism             -0.504     1.620    <hidden>
    RAMB18_X0Y67         RAMB18E1 (Hold_ramb18e1_CLKARDCLK_DIADI[4])
                                                      0.155     1.775    u_link/u_core/Wh_reg
  -------------------------------------------------------------------
                         required time                         -1.775    <hidden>
                         arrival time                           1.866    <hidden>
  -------------------------------------------------------------------
                         slack                                  0.090    <hidden>

Slack (MET) :             0.091ns  (arrival time - required time)
  Source:                 u_link/u_core/wh_wd_reg[2]/C
                            (rising edge-triggered cell FDRE clocked by sys_clk_pin  {rise@0.000ns fall@5.000ns period=10.000ns})
  Destination:            u_link/u_core/Wh_reg/DIADI[2]
                            (rising edge-triggered cell RAMB18E1 clocked by sys_clk_pin  {rise@0.000ns fall@5.000ns period=10.000ns})
  Path Group:             sys_clk_pin
  Path Type:              Hold (Min at Fast Process Corner)
  Requirement:            0.000ns  (sys_clk_pin rise@0.000ns - sys_clk_pin rise@0.000ns)
  Data Path Delay:        0.303ns  (logic 0.141ns (46.543%)  route 0.162ns (53.457%))
  Logic Levels:           0  
  Clock Path Skew:        0.056ns (DCD - SCD - CPR)
    Destination Clock Delay (DCD):    2.125ns
    Source Clock Delay      (SCD):    1.564ns
    Clock Pessimism Removal (CPR):    0.504ns

    Location             Delay type                Incr(ns)  Path(ns)    Netlist Resource(s)
  -------------------------------------------------------------------    -------------------
                         (clock sys_clk_pin rise edge)
                                                      0.000     0.000 r  <hidden>
    E3                                                0.000     0.000 r  CLK100MHZ
                         net (fo=0)                   0.000     0.000    CLK100MHZ
    E3                   IBUF (Prop_ibuf_I_O)         0.250     0.250 r  CLK100MHZ_IBUF_inst/O
                         net (fo=1, routed)           0.644     0.894    CLK100MHZ_IBUF
    BUFGCTRL_X0Y16       BUFG (Prop_bufg_I_O)         0.026     0.920 r  CLK100MHZ_IBUF_BUFG_inst/O
                         net (fo=7168, routed)        0.644     1.564    u_link/u_core/CLK100MHZ_IBUF_BUFG
    SLICE_X9Y168         FDRE                                         r  u_link/u_core/wh_wd_reg[2]/C
  -------------------------------------------------------------------    -------------------
    SLICE_X9Y168         FDRE (Prop_fdre_C_Q)         0.141     1.705 r  u_link/u_core/wh_wd_reg[2]/Q
                         net (fo=1, routed)           0.162     1.867    u_link/u_core/wh_wd[2]
    RAMB18_X0Y67         RAMB18E1                                     r  u_link/u_core/Wh_reg/DIADI[2]
  -------------------------------------------------------------------    -------------------

                         (clock sys_clk_pin rise edge)
                                                      0.000     0.000 r  <hidden>
    E3                                                0.000     0.000 r  CLK100MHZ
                         net (fo=0)                   0.000     0.000    CLK100MHZ
    E3                   IBUF (Prop_ibuf_I_O)         0.438     0.438 r  CLK100MHZ_IBUF_inst/O
                         net (fo=1, routed)           0.699     1.136    CLK100MHZ_IBUF
    BUFGCTRL_X0Y16       BUFG (Prop_bufg_I_O)         0.029     1.165 r  CLK100MHZ_IBUF_BUFG_inst/O
                         net (fo=7168, routed)        0.960     2.125    u_link/u_core/CLK100MHZ_IBUF_BUFG
    RAMB18_X0Y67         RAMB18E1                                     r  u_link/u_core/Wh_reg/CLKARDCLK
                         clock pessimism             -0.504     1.620    <hidden>
    RAMB18_X0Y67         RAMB18E1 (Hold_ramb18e1_CLKARDCLK_DIADI[2])
                                                      0.155     1.775    u_link/u_core/Wh_reg
  -------------------------------------------------------------------
                         required time                         -1.775    <hidden>
                         arrival time                           1.867    <hidden>
  -------------------------------------------------------------------
                         slack                                  0.091    <hidden>

Slack (MET) :             0.094ns  (arrival time - required time)
  Source:                 u_link/u_core/bcur_reg[6]/C
                            (rising edge-triggered cell FDRE clocked by sys_clk_pin  {rise@0.000ns fall@5.000ns period=10.000ns})
  Destination:            u_link/u_core/btape_reg[0][32][6]/D
                            (rising edge-triggered cell FDRE clocked by sys_clk_pin  {rise@0.000ns fall@5.000ns period=10.000ns})
  Path Group:             sys_clk_pin
  Path Type:              Hold (Min at Fast Process Corner)
  Requirement:            0.000ns  (sys_clk_pin rise@0.000ns - sys_clk_pin rise@0.000ns)
  Data Path Delay:        0.428ns  (logic 0.164ns (38.279%)  route 0.264ns (61.721%))
  Logic Levels:           0  
  Clock Path Skew:        0.259ns (DCD - SCD - CPR)
    Destination Clock Delay (DCD):    2.067ns
    Source Clock Delay      (SCD):    1.554ns
    Clock Pessimism Removal (CPR):    0.255ns

    Location             Delay type                Incr(ns)  Path(ns)    Netlist Resource(s)
  -------------------------------------------------------------------    -------------------
                         (clock sys_clk_pin rise edge)
                                                      0.000     0.000 r  <hidden>
    E3                                                0.000     0.000 r  CLK100MHZ
                         net (fo=0)                   0.000     0.000    CLK100MHZ
    E3                   IBUF (Prop_ibuf_I_O)         0.250     0.250 r  CLK100MHZ_IBUF_inst/O
                         net (fo=1, routed)           0.644     0.894    CLK100MHZ_IBUF
    BUFGCTRL_X0Y16       BUFG (Prop_bufg_I_O)         0.026     0.920 r  CLK100MHZ_IBUF_BUFG_inst/O
                         net (fo=7168, routed)        0.634     1.554    u_link/u_core/CLK100MHZ_IBUF_BUFG
    SLICE_X42Y178        FDRE                                         r  u_link/u_core/bcur_reg[6]/C
  -------------------------------------------------------------------    -------------------
    SLICE_X42Y178        FDRE (Prop_fdre_C_Q)         0.164     1.718 r  u_link/u_core/bcur_reg[6]/Q
                         net (fo=94, routed)          0.264     1.982    u_link/u_core/bcur_reg_n_0_[6]
    SLICE_X53Y178        FDRE                                         r  u_link/u_core/btape_reg[0][32][6]/D
  -------------------------------------------------------------------    -------------------

                         (clock sys_clk_pin rise edge)
                                                      0.000     0.000 r  <hidden>
    E3                                                0.000     0.000 r  CLK100MHZ
                         net (fo=0)                   0.000     0.000    CLK100MHZ
    E3                   IBUF (Prop_ibuf_I_O)         0.438     0.438 r  CLK100MHZ_IBUF_inst/O
                         net (fo=1, routed)           0.699     1.136    CLK100MHZ_IBUF
    BUFGCTRL_X0Y16       BUFG (Prop_bufg_I_O)         0.029     1.165 r  CLK100MHZ_IBUF_BUFG_inst/O
                         net (fo=7168, routed)        0.902     2.067    u_link/u_core/CLK100MHZ_IBUF_BUFG
    SLICE_X53Y178        FDRE                                         r  u_link/u_core/btape_reg[0][32][6]/C
                         clock pessimism             -0.255     1.813    <hidden>
    SLICE_X53Y178        FDRE (Hold_fdre_C_D)         0.076     1.889    u_link/u_core/btape_reg[0][32][6]
  -------------------------------------------------------------------
                         required time                         -1.889    <hidden>
                         arrival time                           1.982    <hidden>
  -------------------------------------------------------------------
                         slack                                  0.094    <hidden>

Slack (MET) :             0.098ns  (arrival time - required time)
  Source:                 u_link/u_core/wh_wd_reg[6]/C
                            (rising edge-triggered cell FDRE clocked by sys_clk_pin  {rise@0.000ns fall@5.000ns period=10.000ns})
  Destination:            u_link/u_core/Wh_reg/DIADI[6]
                            (rising edge-triggered cell RAMB18E1 clocked by sys_clk_pin  {rise@0.000ns fall@5.000ns period=10.000ns})
  Path Group:             sys_clk_pin
  Path Type:              Hold (Min at Fast Process Corner)
  Requirement:            0.000ns  (sys_clk_pin rise@0.000ns - sys_clk_pin rise@0.000ns)
  Data Path Delay:        0.309ns  (logic 0.141ns (45.639%)  route 0.168ns (54.361%))
  Logic Levels:           0  
  Clock Path Skew:        0.055ns (DCD - SCD - CPR)
    Destination Clock Delay (DCD):    2.125ns
    Source Clock Delay      (SCD):    1.565ns
    Clock Pessimism Removal (CPR):    0.504ns

    Location             Delay type                Incr(ns)  Path(ns)    Netlist Resource(s)
  -------------------------------------------------------------------    -------------------
                         (clock sys_clk_pin rise edge)
                                                      0.000     0.000 r  <hidden>
    E3                                                0.000     0.000 r  CLK100MHZ
                         net (fo=0)                   0.000     0.000    CLK100MHZ
    E3                   IBUF (Prop_ibuf_I_O)         0.250     0.250 r  CLK100MHZ_IBUF_inst/O
                         net (fo=1, routed)           0.644     0.894    CLK100MHZ_IBUF
    BUFGCTRL_X0Y16       BUFG (Prop_bufg_I_O)         0.026     0.920 r  CLK100MHZ_IBUF_BUFG_inst/O
                         net (fo=7168, routed)        0.645     1.565    u_link/u_core/CLK100MHZ_IBUF_BUFG
    SLICE_X9Y167         FDRE                                         r  u_link/u_core/wh_wd_reg[6]/C
  -------------------------------------------------------------------    -------------------
    SLICE_X9Y167         FDRE (Prop_fdre_C_Q)         0.141     1.706 r  u_link/u_core/wh_wd_reg[6]/Q
                         net (fo=1, routed)           0.168     1.874    u_link/u_core/wh_wd[6]
    RAMB18_X0Y67         RAMB18E1                                     r  u_link/u_core/Wh_reg/DIADI[6]
  -------------------------------------------------------------------    -------------------

                         (clock sys_clk_pin rise edge)
                                                      0.000     0.000 r  <hidden>
    E3                                                0.000     0.000 r  CLK100MHZ
                         net (fo=0)                   0.000     0.000    CLK100MHZ
    E3                   IBUF (Prop_ibuf_I_O)         0.438     0.438 r  CLK100MHZ_IBUF_inst/O
                         net (fo=1, routed)           0.699     1.136    CLK100MHZ_IBUF
    BUFGCTRL_X0Y16       BUFG (Prop_bufg_I_O)         0.029     1.165 r  CLK100MHZ_IBUF_BUFG_inst/O
                         net (fo=7168, routed)        0.960     2.125    u_link/u_core/CLK100MHZ_IBUF_BUFG
    RAMB18_X0Y67         RAMB18E1                                     r  u_link/u_core/Wh_reg/CLKARDCLK
                         clock pessimism             -0.504     1.620    <hidden>
    RAMB18_X0Y67         RAMB18E1 (Hold_ramb18e1_CLKARDCLK_DIADI[6])
                                                      0.155     1.775    u_link/u_core/Wh_reg
  -------------------------------------------------------------------
                         required time                         -1.775    <hidden>
                         arrival time                           1.874    <hidden>
  -------------------------------------------------------------------
                         slack                                  0.098    <hidden>

Slack (MET) :             0.100ns  (arrival time - required time)
  Source:                 u_link/u_core/wh_wa_reg[3]/C
                            (rising edge-triggered cell FDRE clocked by sys_clk_pin  {rise@0.000ns fall@5.000ns period=10.000ns})
  Destination:            u_link/u_core/Wh_reg/ADDRARDADDR[7]
                            (rising edge-triggered cell RAMB18E1 clocked by sys_clk_pin  {rise@0.000ns fall@5.000ns period=10.000ns})
  Path Group:             sys_clk_pin
  Path Type:              Hold (Min at Fast Process Corner)
  Requirement:            0.000ns  (sys_clk_pin rise@0.000ns - sys_clk_pin rise@0.000ns)
  Data Path Delay:        0.282ns  (logic 0.128ns (45.373%)  route 0.154ns (54.627%))
  Logic Levels:           0  
  Clock Path Skew:        0.053ns (DCD - SCD - CPR)
    Destination Clock Delay (DCD):    2.125ns
    Source Clock Delay      (SCD):    1.567ns
    Clock Pessimism Removal (CPR):    0.504ns

    Location             Delay type                Incr(ns)  Path(ns)    Netlist Resource(s)
  -------------------------------------------------------------------    -------------------
                         (clock sys_clk_pin rise edge)
                                                      0.000     0.000 r  <hidden>
    E3                                                0.000     0.000 r  CLK100MHZ
                         net (fo=0)                   0.000     0.000    CLK100MHZ
    E3                   IBUF (Prop_ibuf_I_O)         0.250     0.250 r  CLK100MHZ_IBUF_inst/O
                         net (fo=1, routed)           0.644     0.894    CLK100MHZ_IBUF
    BUFGCTRL_X0Y16       BUFG (Prop_bufg_I_O)         0.026     0.920 r  CLK100MHZ_IBUF_BUFG_inst/O
                         net (fo=7168, routed)        0.647     1.567    u_link/u_core/CLK100MHZ_IBUF_BUFG
    SLICE_X9Y165         FDRE                                         r  u_link/u_core/wh_wa_reg[3]/C
  -------------------------------------------------------------------    -------------------
    SLICE_X9Y165         FDRE (Prop_fdre_C_Q)         0.128     1.695 r  u_link/u_core/wh_wa_reg[3]/Q
                         net (fo=1, routed)           0.154     1.849    u_link/u_core/wh_wa[3]
    RAMB18_X0Y67         RAMB18E1                                     r  u_link/u_core/Wh_reg/ADDRARDADDR[7]
  -------------------------------------------------------------------    -------------------

                         (clock sys_clk_pin rise edge)
                                                      0.000     0.000 r  <hidden>
    E3                                                0.000     0.000 r  CLK100MHZ
                         net (fo=0)                   0.000     0.000    CLK100MHZ
    E3                   IBUF (Prop_ibuf_I_O)         0.438     0.438 r  CLK100MHZ_IBUF_inst/O
                         net (fo=1, routed)           0.699     1.136    CLK100MHZ_IBUF
    BUFGCTRL_X0Y16       BUFG (Prop_bufg_I_O)         0.029     1.165 r  CLK100MHZ_IBUF_BUFG_inst/O
                         net (fo=7168, routed)        0.960     2.125    u_link/u_core/CLK100MHZ_IBUF_BUFG
    RAMB18_X0Y67         RAMB18E1                                     r  u_link/u_core/Wh_reg/CLKARDCLK
                         clock pessimism             -0.504     1.620    <hidden>
    RAMB18_X0Y67         RAMB18E1 (Hold_ramb18e1_CLKARDCLK_ADDRARDADDR[7])
                                                      0.129     1.749    u_link/u_core/Wh_reg
  -------------------------------------------------------------------
                         required time                         -1.749    <hidden>
                         arrival time                           1.849    <hidden>
  -------------------------------------------------------------------
                         slack                                  0.100    <hidden>

Slack (MET) :             0.105ns  (arrival time - required time)
  Source:                 u_link/u_core/e_wa_reg[9]/C
                            (rising edge-triggered cell FDRE clocked by sys_clk_pin  {rise@0.000ns fall@5.000ns period=10.000ns})
  Destination:            u_link/u_core/E_reg_0/ADDRARDADDR[11]
                            (rising edge-triggered cell RAMB36E1 clocked by sys_clk_pin  {rise@0.000ns fall@5.000ns period=10.000ns})
  Path Group:             sys_clk_pin
  Path Type:              Hold (Min at Fast Process Corner)
  Requirement:            0.000ns  (sys_clk_pin rise@0.000ns - sys_clk_pin rise@0.000ns)
  Data Path Delay:        0.288ns  (logic 0.128ns (44.373%)  route 0.160ns (55.627%))
  Logic Levels:           0  
  Clock Path Skew:        0.053ns (DCD - SCD - CPR)
    Destination Clock Delay (DCD):    2.119ns
    Source Clock Delay      (SCD):    1.561ns
    Clock Pessimism Removal (CPR):    0.504ns

    Location             Delay type                Incr(ns)  Path(ns)    Netlist Resource(s)
  -------------------------------------------------------------------    -------------------
                         (clock sys_clk_pin rise edge)
                                                      0.000     0.000 r  <hidden>
    E3                                                0.000     0.000 r  CLK100MHZ
                         net (fo=0)                   0.000     0.000    CLK100MHZ
    E3                   IBUF (Prop_ibuf_I_O)         0.250     0.250 r  CLK100MHZ_IBUF_inst/O
                         net (fo=1, routed)           0.644     0.894    CLK100MHZ_IBUF
    BUFGCTRL_X0Y16       BUFG (Prop_bufg_I_O)         0.026     0.920 r  CLK100MHZ_IBUF_BUFG_inst/O
                         net (fo=7168, routed)        0.641     1.561    u_link/u_core/CLK100MHZ_IBUF_BUFG
    SLICE_X9Y171         FDRE                                         r  u_link/u_core/e_wa_reg[9]/C
  -------------------------------------------------------------------    -------------------
    SLICE_X9Y171         FDRE (Prop_fdre_C_Q)         0.128     1.689 r  u_link/u_core/e_wa_reg[9]/Q
                         net (fo=2, routed)           0.160     1.849    u_link/u_core/e_wa[9]
    RAMB36_X0Y34         RAMB36E1                                     r  u_link/u_core/E_reg_0/ADDRARDADDR[11]
  -------------------------------------------------------------------    -------------------

                         (clock sys_clk_pin rise edge)
                                                      0.000     0.000 r  <hidden>
    E3                                                0.000     0.000 r  CLK100MHZ
                         net (fo=0)                   0.000     0.000    CLK100MHZ
    E3                   IBUF (Prop_ibuf_I_O)         0.438     0.438 r  CLK100MHZ_IBUF_inst/O
                         net (fo=1, routed)           0.699     1.136    CLK100MHZ_IBUF
    BUFGCTRL_X0Y16       BUFG (Prop_bufg_I_O)         0.029     1.165 r  CLK100MHZ_IBUF_BUFG_inst/O
                         net (fo=7168, routed)        0.954     2.119    u_link/u_core/CLK100MHZ_IBUF_BUFG
    RAMB36_X0Y34         RAMB36E1                                     r  u_link/u_core/E_reg_0/CLKARDCLK
                         clock pessimism             -0.504     1.614    <hidden>
    RAMB36_X0Y34         RAMB36E1 (Hold_ramb36e1_CLKARDCLK_ADDRARDADDR[11])
                                                      0.130     1.744    u_link/u_core/E_reg_0
  -------------------------------------------------------------------
                         required time                         -1.744    <hidden>
                         arrival time                           1.849    <hidden>
  -------------------------------------------------------------------
                         slack                                  0.105    <hidden>

Slack (MET) :             0.107ns  (arrival time - required time)
  Source:                 u_link/u_core/bcur_reg[6]/C
                            (rising edge-triggered cell FDRE clocked by sys_clk_pin  {rise@0.000ns fall@5.000ns period=10.000ns})
  Destination:            u_link/u_core/btape_reg[0][34][6]/D
                            (rising edge-triggered cell FDRE clocked by sys_clk_pin  {rise@0.000ns fall@5.000ns period=10.000ns})
  Path Group:             sys_clk_pin
  Path Type:              Hold (Min at Fast Process Corner)
  Requirement:            0.000ns  (sys_clk_pin rise@0.000ns - sys_clk_pin rise@0.000ns)
  Data Path Delay:        0.436ns  (logic 0.164ns (37.581%)  route 0.272ns (62.419%))
  Logic Levels:           0  
  Clock Path Skew:        0.258ns (DCD - SCD - CPR)
    Destination Clock Delay (DCD):    2.066ns
    Source Clock Delay      (SCD):    1.554ns
    Clock Pessimism Removal (CPR):    0.255ns

    Location             Delay type                Incr(ns)  Path(ns)    Netlist Resource(s)
  -------------------------------------------------------------------    -------------------
                         (clock sys_clk_pin rise edge)
                                                      0.000     0.000 r  <hidden>
    E3                                                0.000     0.000 r  CLK100MHZ
                         net (fo=0)                   0.000     0.000    CLK100MHZ
    E3                   IBUF (Prop_ibuf_I_O)         0.250     0.250 r  CLK100MHZ_IBUF_inst/O
                         net (fo=1, routed)           0.644     0.894    CLK100MHZ_IBUF
    BUFGCTRL_X0Y16       BUFG (Prop_bufg_I_O)         0.026     0.920 r  CLK100MHZ_IBUF_BUFG_inst/O
                         net (fo=7168, routed)        0.634     1.554    u_link/u_core/CLK100MHZ_IBUF_BUFG
    SLICE_X42Y178        FDRE                                         r  u_link/u_core/bcur_reg[6]/C
  -------------------------------------------------------------------    -------------------
    SLICE_X42Y178        FDRE (Prop_fdre_C_Q)         0.164     1.718 r  u_link/u_core/bcur_reg[6]/Q
                         net (fo=94, routed)          0.272     1.990    u_link/u_core/bcur_reg_n_0_[6]
    SLICE_X53Y177        FDRE                                         r  u_link/u_core/btape_reg[0][34][6]/D
  -------------------------------------------------------------------    -------------------

                         (clock sys_clk_pin rise edge)
                                                      0.000     0.000 r  <hidden>
    E3                                                0.000     0.000 r  CLK100MHZ
                         net (fo=0)                   0.000     0.000    CLK100MHZ
    E3                   IBUF (Prop_ibuf_I_O)         0.438     0.438 r  CLK100MHZ_IBUF_inst/O
                         net (fo=1, routed)           0.699     1.136    CLK100MHZ_IBUF
    BUFGCTRL_X0Y16       BUFG (Prop_bufg_I_O)         0.029     1.165 r  CLK100MHZ_IBUF_BUFG_inst/O
                         net (fo=7168, routed)        0.901     2.066    u_link/u_core/CLK100MHZ_IBUF_BUFG
    SLICE_X53Y177        FDRE                                         r  u_link/u_core/btape_reg[0][34][6]/C
                         clock pessimism             -0.255     1.812    <hidden>
    SLICE_X53Y177        FDRE (Hold_fdre_C_D)         0.072     1.884    u_link/u_core/btape_reg[0][34][6]
  -------------------------------------------------------------------
                         required time                         -1.884    <hidden>
                         arrival time                           1.990    <hidden>
  -------------------------------------------------------------------
                         slack                                  0.107    <hidden>





Pulse Width Checks
--------------------------------------------------------------------------------------
Clock Name:         sys_clk_pin
Waveform(ns):       { 0.000 5.000 }
Period(ns):         10.000
Sources:            { CLK100MHZ }

Check Type        Corner  Lib Pin             Reference Pin  Required(ns)  Actual(ns)  Slack(ns)  Location        Pin
Min Period        n/a     RAMB36E1/CLKARDCLK  n/a            2.944         10.000      7.056      RAMB36_X0Y34    u_link/u_core/E_reg_0/CLKARDCLK
Min Period        n/a     RAMB36E1/CLKARDCLK  n/a            2.944         10.000      7.056      RAMB36_X0Y35    u_link/u_core/E_reg_1/CLKARDCLK
Min Period        n/a     RAMB18E1/CLKARDCLK  n/a            2.944         10.000      7.056      RAMB18_X0Y66    u_link/u_core/Prow_reg/CLKARDCLK
Min Period        n/a     RAMB18E1/CLKBWRCLK  n/a            2.944         10.000      7.056      RAMB18_X0Y66    u_link/u_core/Prow_reg/CLKBWRCLK
Min Period        n/a     RAMB18E1/CLKARDCLK  n/a            2.944         10.000      7.056      RAMB18_X0Y67    u_link/u_core/Wh_reg/CLKARDCLK
Min Period        n/a     RAMB36E1/CLKBWRCLK  n/a            2.576         10.000      7.424      RAMB36_X0Y34    u_link/u_core/E_reg_0/CLKBWRCLK
Min Period        n/a     RAMB36E1/CLKBWRCLK  n/a            2.576         10.000      7.424      RAMB36_X0Y35    u_link/u_core/E_reg_1/CLKBWRCLK
Min Period        n/a     RAMB18E1/CLKBWRCLK  n/a            2.576         10.000      7.424      RAMB18_X0Y67    u_link/u_core/Wh_reg/CLKBWRCLK
Min Period        n/a     BUFG/I              n/a            2.155         10.000      7.845      BUFGCTRL_X0Y16  CLK100MHZ_IBUF_BUFG_inst/I
Min Period        n/a     FDRE/C              n/a            1.000         10.000      9.000      SLICE_X0Y46     hb_reg[0]/C
Low Pulse Width   Slow    RAMS32/CLK          n/a            1.250         5.000       3.750      SLICE_X42Y174   u_link/u_core/ntp_reg_0_1_0_0/SP/CLK
Low Pulse Width   Fast    RAMS32/CLK          n/a            1.250         5.000       3.750      SLICE_X42Y174   u_link/u_core/ntp_reg_0_1_0_0/SP/CLK
Low Pulse Width   Slow    RAMS32/CLK          n/a            1.250         5.000       3.750      SLICE_X42Y174   u_link/u_core/ntp_reg_0_1_1_1/SP/CLK
Low Pulse Width   Fast    RAMS32/CLK          n/a            1.250         5.000       3.750      SLICE_X42Y174   u_link/u_core/ntp_reg_0_1_1_1/SP/CLK
Low Pulse Width   Slow    RAMS32/CLK          n/a            1.250         5.000       3.750      SLICE_X42Y174   u_link/u_core/ntp_reg_0_1_2_2/SP/CLK
Low Pulse Width   Fast    RAMS32/CLK          n/a            1.250         5.000       3.750      SLICE_X42Y174   u_link/u_core/ntp_reg_0_1_2_2/SP/CLK
Low Pulse Width   Slow    RAMS32/CLK          n/a            1.250         5.000       3.750      SLICE_X42Y174   u_link/u_core/ntp_reg_0_1_3_3/SP/CLK
Low Pulse Width   Fast    RAMS32/CLK          n/a            1.250         5.000       3.750      SLICE_X42Y174   u_link/u_core/ntp_reg_0_1_3_3/SP/CLK
Low Pulse Width   Slow    RAMS32/CLK          n/a            1.250         5.000       3.750      SLICE_X42Y173   u_link/u_core/ntp_reg_0_1_4_4/SP/CLK
Low Pulse Width   Fast    RAMS32/CLK          n/a            1.250         5.000       3.750      SLICE_X42Y173   u_link/u_core/ntp_reg_0_1_4_4/SP/CLK
High Pulse Width  Slow    RAMS32/CLK          n/a            1.250         5.000       3.750      SLICE_X42Y174   u_link/u_core/ntp_reg_0_1_0_0/SP/CLK
High Pulse Width  Fast    RAMS32/CLK          n/a            1.250         5.000       3.750      SLICE_X42Y174   u_link/u_core/ntp_reg_0_1_0_0/SP/CLK
High Pulse Width  Slow    RAMS32/CLK          n/a            1.250         5.000       3.750      SLICE_X42Y174   u_link/u_core/ntp_reg_0_1_1_1/SP/CLK
High Pulse Width  Fast    RAMS32/CLK          n/a            1.250         5.000       3.750      SLICE_X42Y174   u_link/u_core/ntp_reg_0_1_1_1/SP/CLK
High Pulse Width  Slow    RAMS32/CLK          n/a            1.250         5.000       3.750      SLICE_X42Y174   u_link/u_core/ntp_reg_0_1_2_2/SP/CLK
High Pulse Width  Fast    RAMS32/CLK          n/a            1.250         5.000       3.750      SLICE_X42Y174   u_link/u_core/ntp_reg_0_1_2_2/SP/CLK
High Pulse Width  Slow    RAMS32/CLK          n/a            1.250         5.000       3.750      SLICE_X42Y174   u_link/u_core/ntp_reg_0_1_3_3/SP/CLK
High Pulse Width  Fast    RAMS32/CLK          n/a            1.250         5.000       3.750      SLICE_X42Y174   u_link/u_core/ntp_reg_0_1_3_3/SP/CLK
High Pulse Width  Slow    RAMS32/CLK          n/a            1.250         5.000       3.750      SLICE_X42Y173   u_link/u_core/ntp_reg_0_1_4_4/SP/CLK
High Pulse Width  Fast    RAMS32/CLK          n/a            1.250         5.000       3.750      SLICE_X42Y173   u_link/u_core/ntp_reg_0_1_4_4/SP/CLK



